gene_id,EcMH1_S1,EcMH2_S2,EcMH3_S3,Ectob1_S7,Ectob2_S8,Ectob3_S9,NCMMH1_S73,NCMMH2_S74,NCMMH3_S75,NCMtob1_S76,NCMtob2_S77,NCMtob3_S78
gene-b0001,318.183391493173,440.839335309867,404.629346710122,366.318353884322,491.399391903522,273.739154582687,160.894484312357,133.825957696127,182.023276751011,173.152546351918,207.650536215673,285.698950945814
gene-b0002,4775.87031741223,4283.37921323468,4923.16646388817,3669.45304612242,3546.85443437117,5755.72590819914,1520.62776206081,1346.13169211986,1515.54163033994,1524.76095228718,2249.54747566979,1893.42099788313
gene-b0003,1597.15584749514,1623.86787991754,1671.34106134573,1114.18100790244,1158.37503712333,1609.61824522159,557.009709277019,558.045496798228,560.908684335995,467.511875150178,875.435783363804,435.646537001226
gene-b0004,3138.16168472678,3509.60748439229,3974.4532697741,2460.33378513505,2744.98483843274,3457.75774209711,1199.71321998127,1135.33394176191,1289.00179134004,891.226341517224,1544.79414063478,1184.49720345547
gene-b0005,64.4685303025383,34.2143961733031,43.315413094295,46.5734826454395,59.9528669860506,45.6231924304479,27.9816494456273,21.8669865516547,29.6777081659257,22.4079765867188,25.1697619655361,31.9414976212711
gene-b0006,660.282528098577,756.664530755742,783.90332965773,700.393527475648,796.516661386101,696.353989727889,891.915076079371,665.631070632369,789.427037213623,748.630126874468,877.795448548073,818.94450845648
gene-b0007,126.857430595317,135.541646378855,120.437977871942,115.538062716571,132.752776897683,120.061032711705,104.931185421102,97.0894202893468,102.882721641876,118.151149275426,158.884122407447,116.231560788514
gene-b0008,24438.7720596864,24107.9899190351,22477.5299754688,20581.8967536962,23124.6772660481,21863.1140568015,22043.4187773381,25596.6197779049,29164.2838146552,22939.6567584582,28920.056498401,26197.3516323792
gene-b0009,659.242713093698,665.864787065053,619.093465201388,657.402620418319,704.446187086094,594.702315365312,1023.95348440092,983.139715362395,1035.75201499081,956.413182496769,1131.06617832628,975.990205094396
gene-b0010,70.7074203318162,78.9562988614688,80.2919852479615,85.0861702176299,111.34103868838,136.069170406599,369.882428609386,150.444867475384,112.775291030518,217.968499525355,121.916034520566,267.953674489552
gene-b0011,10.3981500487965,7.89562988614688,8.45178792083806,10.7477267643322,16.0588036569778,9.6048826169364,21.8606636293963,16.6189097792576,15.828111021827,11.2039882933594,16.5176562898831,10.647165873757
gene-b0012,2.0796300097593,1.31593831435781,3.16942047031427,7.16515117622146,10.7058691046519,7.2036619627023,3.49770618070341,1.74935892413237,0.989256938864189,1.0185443903054,4.71933036853803,8.87263822813087
gene-b0013,7.27870503415754,5.26375325743125,7.3953144307333,9.85208286730451,7.49410837325632,11.2056963864258,8.74426545175853,13.1201919309928,8.9033124497777,7.12981073213779,13.3714360441911,6.21084675969161
gene-b0014,26855.3021310267,15516.228664593,26091.7257851172,19565.3409305697,22247.8665863771,71063.3248551735,39241.6400678568,66435.4038617752,77956.4145533147,18406.1156772089,22821.1085521271,21568.4962687633
gene-b0015,5628.51862141354,3408.28023418674,5172.49420755289,5200.10846614273,6028.47489282948,12192.598075316,9405.33191991148,11537.8967841151,13459.8299101862,4467.33569587948,4033.45435497717,5646.54696838249
gene-b0016,1333.04283625571,1265.93265841222,1525.54771971127,1062.23366187483,1229.03377321404,1687.25771304183,1720.87144090608,1637.3999529879,1791.54431628305,851.503110295313,980.834161594487,935.176069244994
gene-b0018,0.0,0.0,0.0,0.0,0.0,1.6008137694894,0.0,0.0,0.0,0.0,0.0,0.887263822813087
gene-b4412,0.0,0.0,0.0,0.0,0.0,0.0,0.0,0.0,0.0,0.0,0.0,0.0
gene-b4413,1.03981500487965,1.31593831435781,0.0,0.0,3.21176073139557,1.6008137694894,2.62327963552756,3.49871784826475,2.96777081659257,0.0,0.0,0.0
gene-b0019,380.572291785952,332.932393532527,328.563255422579,626.05508402235,529.940520680269,753.182878544763,767.746506664399,711.989082121876,569.811996785773,1146.88098348388,971.395500857411,936.95059689062
gene-b0020,630.127892957067,638.230082463539,638.109988023273,825.783673059524,685.175622697721,804.408919168424,782.611757932389,677.001903639229,736.007162514956,883.077986394781,968.249280611719,982.201051854088
gene-b0021,39.5129701854267,52.6375325743125,53.8801479953426,29.5562486019135,23.5529120302342,38.4195304677456,14.8652512679895,15.7442303171914,6.92479857204932,21.3894321964134,10.2252157984991,19.5198041018879
gene-b0022,160.131510751466,217.129821869039,194.391122179275,138.824804039291,135.964537629079,108.855336325279,65.581990888189,35.8618579447137,22.7529095938763,56.0199414667969,67.6437352823784,76.3046887619255
gene-b0023,9268.91095349719,9065.49904761097,9304.3620273526,9680.1192390752,8240.30744985056,8661.2028998224,18604.2991751615,15908.6700560598,14865.5640203122,25010.3575039491,10926.036358227,16338.0760332802
gene-b0024,18.7166700878337,13.1593831435781,16.9035758416761,14.3303023524429,12.8470429255823,9.6048826169364,8.74426545175853,6.9974356965295,4.94628469432094,15.278165854581,13.3714360441911,9.75990205094396
gene-b0025,2283.43375071571,2358.1614593292,2179.50481008611,1999.97282206282,2544.78508617575,1989.81151547532,2569.06518972666,2208.56564171712,2486.99194430457,2211.25987135302,2067.85325648108,2213.72323791865
gene-b0026,11431.7261636469,10407.7561282559,10209.7598083724,8781.78841035643,10761.5396239961,9122.23726543535,11765.4091653411,11606.1217821562,11958.1378769903,9825.89773327618,9484.28093063859,10025.1939339651
gene-b0027,881.763124137943,784.299235357257,812.428113890558,717.410761519174,882.163614223316,750.781657890529,1102.65187346675,1004.13202245198,1114.89257009994,899.374696639667,775.543290563083,889.925614281527
gene-b0028,1391.27247652897,1386.99898333313,1133.5960548824,1145.52854429841,1384.26887523149,995.706164622407,1232.94142869795,1165.07304347216,1265.2596248073,1167.25187128999,1029.60057540271,1321.13583216869
gene-b0029,1884.14478884192,1662.03009103392,1583.65376166703,1720.53192619018,1869.24474567222,1430.32710303878,2045.28368916632,1918.17206031115,2039.84780793796,1764.11888400895,1397.70834414868,2052.24122216667
gene-b0030,1056.45204495772,1231.71826223891,1008.93218305004,346.614188149713,596.31690912911,469.838841345139,990.725275684242,1865.69129258718,1757.90958036166,522.513272226669,1927.05990048636,551.87809778974
gene-b0031,1431.82526171928,1663.34602934828,1632.25154221185,1252.1101680447,1314.68072605125,1126.97289372054,1111.39613891851,994.510548369255,1156.44136153224,1005.30331323143,1259.27465333823,1033.66235357725
gene-b0032,12591.1198940877,19119.2677693047,23995.6823807493,32241.3890052025,33413.0174756186,13513.2694351448,15516.6990441455,9311.83755315663,10046.8934711047,8910.22632639163,3564.66753836906,12368.4576900144
gene-b0033,19963.4082786844,26113.4799101164,31424.803963166,36949.7889718771,42954.0880216843,15132.4925629833,23611.2655728384,16122.091844804,14973.3930266484,10761.9400279668,7741.27491452521,13201.5984196359
gene-b0034,99.8222404684463,127.646016492708,167.979284926656,171.067984332287,186.282122420943,83.2423160134488,80.4472421561785,70.8490364273612,63.3124440873081,47.8715863443537,72.3630656509164,43.4759273178413
gene-b0035,6.2388900292779,1.31593831435781,6.33884094062854,7.16515117622146,4.28234764186076,2.4012206542341,7.86983890658268,10.4961535447942,17.8066248995554,5.09272195152699,8.65210567565305,7.98537440531779
gene-b0036,17.676855082954,22.3709513440828,31.6942047031427,33.1388241900243,27.8352596720949,28.0142409660645,26.2327963552756,25.3657043999194,25.7206804104689,24.4450653673296,17.3042113513061,41.7013996722151
gene-b0037,118.53891055628,121.066324920919,157.414550025609,135.24222845118,141.317472181405,120.86143959645,120.670863234268,88.3426256686849,93.9794091920979,119.169693665732,82.5882814494155,146.398530764159
gene-b0038,136.215765639234,164.492289294727,161.640443986028,144.198667421457,158.446862748848,161.682190718429,123.294142869795,102.337497061744,92.0008953143696,156.855836107031,136.860580687603,148.173058409786
gene-b0039,94.6231654440481,122.382263235277,105.647349010476,175.546203817426,153.093928196522,136.069170406599,100.559052695223,82.2198694342216,68.258728781629,167.041280010085,110.117708599221,181.00181985387
gene-b0040,11.4379650536761,21.055013029725,12.6776818812571,17.017234043526,13.9176298360475,19.2097652338728,10.4931185421102,6.9974356965295,6.92479857204932,4.07417756122159,17.3042113513061,21.2943317475141
gene-b0041,16.6370400780744,17.1071980866516,21.1294698020951,13.4346584554152,10.7058691046519,16.008137694894,12.2419716324619,14.8695508551252,33.6347359213824,13.2410770739702,30.6756473954972,15.0834849878225
gene-b0042,12.4777800585558,9.21156820050469,16.9035758416761,8.95643897027683,11.7764560151171,13.6069170406599,13.1163981776378,11.3708330068604,26.7099373493331,12.2225326836648,14.9445461670371,1.77452764562617
gene-b0043,31.1944501463895,23.6868896584406,31.6942047031427,19.704165734609,13.9176298360475,12.0061032711705,16.6141043583412,18.3682687033899,14.8388540829628,10.185443903054,19.6638765355751,13.3089573421963
gene-b0044,1.03981500487965,2.63187662871563,4.22589396041903,4.47821948513841,0.0,1.6008137694894,0.874426545175853,0.874679462066187,1.97851387772838,4.07417756122159,3.14622024569202,1.77452764562617
gene-b0045,22.8759301073523,9.21156820050469,7.3953144307333,17.017234043526,7.49410837325632,15.2077308101493,6.12098581623097,4.37339731033094,6.92479857204932,11.2039882933594,11.0117708599221,11.5344296965701
gene-b0046,91.5037204294091,92.1156820050469,103.534402030266,67.1732922770762,64.2352146279113,71.2362127422783,51.5911661653754,59.4782034205007,64.3017010261723,64.1682965892401,49.5529688696493,51.4613017231591
gene-b0047,256.834306205273,271.08329275771,289.473736288703,200.624232934201,243.023228675598,255.329796233559,183.629574486929,216.045827130348,204.776186344887,185.375079035583,214.72953176848,165.031071043234
gene-b0048,650.92419305466,676.392293579916,761.71738636553,625.159440125323,653.058015383765,659.535273029633,1333.50048139318,1414.35669016102,1307.79767317846,1344.47859520313,663.852471841016,1095.77082117416
gene-b0049,593.73436778628,464.526224968308,472.243650076826,582.168533067994,656.269776115161,454.63111053499,537.77232528315,530.930433474176,541.123545558711,587.700113206215,524.632225969144,485.333311078759
gene-b0050,665.481603122975,617.175069433814,568.382737676359,667.254703285624,828.634268700056,469.038434460394,613.847434713449,533.554471860374,576.736795357822,594.829923938353,538.003662013335,571.397901891628
gene-b0051,2131.62076000328,2116.02880948736,1943.91122179275,2298.22223977303,2554.42036836994,1727.27805727906,3006.27846231458,2518.20217128855,2476.11011797706,2363.02298550852,2288.87522874094,2590.81036261422
gene-b0052,1969.40961924206,1959.43215007878,1695.63995161814,1950.71240772629,2458.06754642807,1413.51855845914,1685.89437909905,1504.44867475384,1637.22023382023,1526.79804106779,1559.73868680182,1919.15164874471
gene-b0053,6537.31693567835,6008.57434335777,5093.25869579503,5753.61639450584,6692.2387773179,4728.80387507169,6529.3430128281,6252.20879484911,6514.25694242068,6285.43743257461,6074.56473936986,7097.22331868189
gene-b0054,13480.1617232598,15053.018377939,13019.979292051,12065.2189368599,13704.5830408649,10361.2671230201,12450.0851502138,10470.7878403943,11195.420777126,10890.2766211453,10370.7284848623,12457.1840722957
gene-b0055,372.253771746914,323.720825332022,376.104562477294,532.908118731471,453.92885003724,426.616869568925,654.071055791538,562.418894108558,548.048344130761,533.717260520029,541.149882259027,605.113927158526
gene-b0056,232.918561093041,272.399231072067,212.351171511056,317.0579395478,236.599707212807,315.360312589412,314.793556263307,278.148068937048,246.324977777183,388.065412706357,290.238817665089,431.21021788716
gene-b0057,252.675046185755,259.239847928489,239.81948225378,352.883695428907,214.117382093038,282.543630314879,216.857783203612,219.544544978613,233.464637571949,416.584655634908,280.01360186659,431.21021788716
gene-b0058,285.949126341904,336.8802084756,277.852527897551,248.989003373696,206.623273719781,312.158685050433,611.224155077922,378.736207074659,357.121754929972,710.943984433168,297.317813217896,409.915886139646
gene-b0059,1882.06515883217,1627.81569486061,1469.55462473572,1495.72530803623,1497.7510877408,1834.53257983485,4373.88157896962,2614.41691211583,2386.08773654042,4039.54705195121,1552.65969124901,2806.4154715578
gene-b0060,238.11763611744,193.442932210599,225.028853392313,318.849227341855,304.046682572114,315.360312589412,260.579110462404,260.654479695724,265.120859615603,311.674583433452,431.81872872123,324.73855914959
gene-b0061,27.0351901268709,22.3709513440828,25.3553637625142,15.2259462494706,10.7058691046519,24.8126134270857,7.86983890658268,11.3708330068604,25.7206804104689,9.16689951274859,23.5966518426901,8.87263822813087
gene-b0062,72.7870503415755,43.4259643738078,45.4283600745046,25.9736730138028,27.8352596720949,44.8227855457032,27.9816494456273,42.8592936412432,44.5165622488885,25.463609757635,63.7109599752634,30.166969975645
gene-b0063,36.3935251707877,57.9012858317438,40.1459926239808,18.8085218375813,19.2705643883734,32.016275389788,25.3583698100998,45.4833320274417,39.5702775545676,14.2596214642756,46.4067486239573,21.2943317475141
gene-b0064,184.047255863698,344.775838361747,414.137608121065,180.920067199592,89.9293004790759,240.922472308155,435.464419497575,495.943254991528,405.595344934317,195.560522938636,497.889353880762,243.997551273599
gene-b0065,315.063946478534,359.251159819683,395.121085299179,349.301119840796,309.39961712444,380.193270253733,426.720154045817,363.866656219534,361.078782685429,313.711672214063,397.99686108004,326.513086795216
gene-b0066,172.609290810022,147.385091208075,158.471023515714,137.033516245235,195.91740461513,146.47445990828,350.645044615517,365.616015143666,318.540734314269,307.60040587223,136.860580687603,181.889083676683
gene-b0067,906.718684255054,771.139852213678,816.654007850977,988.790862318562,1036.3281293303,884.449607642894,1803.06753615261,1424.85284370582,1551.15488013905,1483.00063228466,717.33821601778,1220.87502019081
gene-b0068,1696.97808796359,1481.7465419669,1751.63304659369,1842.33949618594,1833.91537762687,1559.19261148268,2694.98261223198,2213.81371848952,2304.96866755356,2577.93585186296,1085.44598476375,1869.46487466718
gene-b4762,31.1944501463895,48.6897176312391,30.637731213038,34.9301119840796,31.0470204034905,41.6211580067244,45.4701803491444,30.6137811723166,39.5702775545676,48.8901307346591,50.3395239310723,48.7995102547198
gene-b0069,424.244521990897,367.14678970583,390.89519133876,440.65679733762,469.987653694218,479.443723962075,475.688040575664,463.580114895079,506.499552698465,571.403402961329,580.477635330177,467.588034622497
gene-b4577,3.11944501463895,0.0,0.0,0.0,0.0,0.0,3.49770618070341,0.874679462066187,0.989256938864189,2.0370887806108,1.57311012284601,1.77452764562617
gene-b4662,0.0,0.0,0.0,0.0,0.0,0.0,0.0,0.0,0.0,0.0,0.0,0.0
gene-b0070,220.440781034486,152.648844465506,146.849815124561,154.050750288761,152.023341286057,181.692362837047,210.736797387381,208.173711971753,219.61504042785,230.19103220902,206.077426092827,173.016445448552
gene-b0071,193.405590907615,167.124165923442,141.567447674037,203.311164625284,186.282122420943,187.29521103026,69.0796970688924,55.979485572236,58.3661593929871,87.5948175662643,103.038713046414,86.9518546356826
gene-b0072,422.164891981138,407.940877450922,286.304315818389,416.474412117873,449.646502395379,441.824600379075,130.289555231202,117.207047916869,125.635631235752,177.226723913139,187.200104618675,249.321134210478
gene-b0073,203.803740956411,267.135477814636,159.527497005818,248.989003373696,230.176185750016,262.533458196262,90.9403606982888,67.3503185790964,72.2157565370858,115.09551610451,96.7462725550296,134.864101067589
gene-b0074,382.651921795711,440.839335309867,293.699630249122,486.334636086032,565.26988872562,489.849013463757,92.6892137886405,84.8439078204202,105.850492458468,198.616156109553,192.705990048636,283.924423300188
gene-b0075,13.5175950634354,14.4753214579359,4.22589396041903,7.16515117622146,10.7058691046519,14.4073239254046,6.99541236140683,12.2455124689266,8.9033124497777,15.278165854581,14.1579911056141,11.5344296965701
gene-b0076,56.1500102635011,48.6897176312391,65.5013563864949,60.0081411008548,64.2352146279113,77.6394678202359,20.9862370842205,22.7416660137209,48.4735900043453,47.8715863443537,46.4067486239573,70.0938420022339
gene-b4726,0.0,0.0,0.0,0.0,1.07058691046519,0.0,0.0,0.0,0.0,0.0,0.0,0.0
gene-b0077,474.15564222512,461.894348339592,427.871763492427,348.405475943769,402.540678334911,318.561940128391,169.638749764116,190.680122730429,212.690241855801,210.838688793218,253.270729778207,199.634360132945
gene-b0078,144.534285678271,136.857584693213,108.81676948079,92.2513213938513,144.529232912801,100.851267477832,51.5911661653754,55.979485572236,72.2157565370858,59.0755746377131,81.0151713265695,69.2065781794208
gene-b0080,1415.1882216412,1872.58022133117,1568.86313280556,696.810951887537,778.316683908192,697.154396612634,1506.636937338,2013.51212167636,1979.50313466724,716.036706384695,2054.48182043689,680.531352097638
gene-b0081,897.360349211137,906.681498592533,980.407398817215,858.02685335252,862.893049834942,906.861000415745,1319.50965667036,1213.1804138858,1060.48343846241,1216.14200202465,1187.69814274874,1086.89818294603
gene-b0082,1687.61975291967,1664.66196766263,1749.52009961348,1417.80428899482,1642.2803206536,1628.82801045546,2284.87656254451,1905.05186838016,2139.76275876324,1932.17870840934,2021.44650785712,1857.93044497061
gene-b0083,380.572291785952,338.196146789958,375.048088987189,345.718544252686,414.317134350028,395.401001063882,627.838259436263,586.909919046412,646.97403801718,570.384858571023,575.758304961639,487.995102547198
gene-b0084,970.147399552713,1011.95656374116,941.317879683339,840.113975411967,935.692959746575,908.461814185235,1376.34738210679,1319.89130825788,1241.51745827456,1231.42016787923,1247.47632741689,1128.59958261825
gene-b0085,1533.72713219748,1410.68587299158,1539.28187508263,1257.48403142687,1376.77476685823,1248.63474020173,1908.87314811889,2000.39192974537,1871.67412833105,1512.53841960352,1325.34527849776,1490.60322232599
gene-b0086,2386.37543619879,2401.58742370301,2584.13415679624,2052.81581198745,2384.19704960598,1865.7484483399,2625.90291516309,2407.99255906821,2451.37869450546,1803.84211523086,1824.80774250137,2015.86340543133
gene-b0087,1097.00483014803,950.107462966341,852.574106514539,814.140302398164,875.740092760525,781.997526395572,1146.37320072554,1197.43618356861,1078.29006336197,875.948175662643,841.613915722615,787.003010835209
gene-b0088,988.864069640546,846.148336132074,953.995561564596,729.054132180534,794.37548756517,728.370265117677,1267.91849050499,1334.760859113,1197.99015296453,901.411785420278,980.047606533064,706.262002959218
gene-b0089,1076.20853005044,877.730855676661,984.633292777634,807.87079511897,1006.35169583728,788.40078147353,1470.78544898579,1389.86566522317,1249.43151378547,997.154958108985,1027.24091021844,818.057244633667
gene-b0090,683.158458205929,667.180725379411,681.425401117568,644.863605859932,681.963861966325,568.288888168737,920.771152070174,966.520805583137,917.041182327103,695.665818578587,726.776876754856,630.844578020105
gene-b0091,1587.79751245122,1462.00746725153,1638.59038315248,1455.42133266998,1989.15047964432,1339.08071817788,2274.3834440024,2232.18198719291,2039.84780793796,1785.50831620536,1701.31859785796,1667.16872306579
gene-b0092,1019.01870478206,1015.90437868423,1014.21455050057,1005.80809636209,980.657609986113,905.260186646256,1378.09623519715,1412.60733123689,1294.93733297322,1070.49015421097,1125.56029289632,1193.3698416836
gene-b0093,855.767749015951,786.931111985972,845.178792083806,808.766439015998,895.010657148898,721.96701003972,1157.74074581283,1179.06791486522,1035.75201499081,978.821159083488,913.190426312108,863.307699597134
gene-b0094,1419.34748166072,1565.9665940858,1565.69371233525,1480.49936178676,1434.58646002335,1389.5063519168,1715.62488163502,2095.73199111058,1787.58728852759,1563.46563911879,1549.51347100332,1504.799443491
gene-b0095,5856.23810748218,6046.73655447415,6334.61504666812,5489.40144488267,6970.59137403885,5462.77698838258,6813.53164001025,6935.3334547228,6555.80573385298,5688.57041985565,6091.08239565975,6331.51463959419
gene-b0096,10826.5538308069,12758.021957699,12320.5938416017,17067.3901017595,17155.0846532942,15182.1177898375,14077.3929507861,11382.2038398673,12755.4789697149,18541.5820811195,13415.4831276308,22679.3505749253
gene-b0097,2461.24211655013,2508.17842716599,2257.68384835387,2210.44913786432,2468.77341553273,1730.47968481804,2478.99925557354,1975.02622534545,2144.70904345756,2172.55518452141,2188.1961808788,2487.00049534508
gene-b0098,10665.3825050506,8960.22398246235,6994.9109779836,7732.09376303999,8916.91837726456,5513.2026221215,9415.82503845359,9016.19589497826,9391.01612063775,9713.85785034259,10270.0494370002,9358.85880303245
gene-b0099,67.5879753171772,51.3215942599547,34.863625173457,89.5643897027683,68.5175622697721,49.6252268541714,94.4380668789922,79.595831048023,81.1190689868635,124.262415617259,64.4975150366864,98.4862843322527
gene-b0101,20.796300097593,28.9506429158719,13.7341553713618,27.7649608078582,28.9058465825601,18.4093583491281,41.0980476232651,58.6035239584346,28.6884512270615,55.0013970764915,30.6756473954972,28.3924423300188
gene-b0102,880.723309133063,1054.06658980061,930.753144782291,914.452418865264,995.645826732626,985.300875120726,1345.74245302564,1077.60509726554,1182.16204194271,1009.37749079265,842.400470784038,1116.17788909886
gene-b0103,312.984316468774,315.825195445875,349.692725224675,302.727637195357,327.599594602348,304.154616202986,435.464419497575,399.728514164248,421.423455956144,358.5276253875,304.396808770703,325.625822972403
gene-b4727,2.0796300097593,0.0,5.28236745052379,1.79128779405537,1.07058691046519,2.4012206542341,1.74885309035171,0.874679462066187,1.97851387772838,1.0185443903054,0.0,2.66179146843926
gene-b0104,3811.96180788879,3849.1195694966,4911.54525549702,3832.46023538146,3692.45425419444,3929.99780409648,3433.87304290558,2862.82587934263,3088.460163134,3328.60306751804,2205.5003922301,3477.18692160449
gene-b0106,45.7518602147046,40.7940877450922,42.2589396041903,52.8429899246333,40.6823025976772,44.0223786609585,27.9816494456273,50.7314087998389,44.5165622488885,58.0570302474077,40.9008631939962,46.1377187862805
gene-b0107,63.4287152976586,56.585347517386,68.6707768568092,72.5471556592423,81.3646051953544,88.044757321917,55.9632988912546,44.6086525653756,61.3339302095797,63.1497521989347,72.3630656509164,103.809867269131
gene-b0108,3.11944501463895,2.63187662871563,6.33884094062854,5.3738633821661,6.42352146279113,8.004068847447,6.12098581623097,1.74935892413237,4.94628469432094,6.11126634183239,3.14622024569202,10.647165873757
gene-b0109,685.238088215689,557.957845287713,553.592108814893,562.464367333385,608.093365144227,513.861220006098,456.450656581796,516.060882619051,505.510295759601,630.478977599042,730.709652061971,484.446047255946
gene-b0110,162.211140761225,184.231364010094,131.00271277299,119.120638304682,109.199864867449,118.460218942216,119.796436689092,150.444867475384,128.603402052345,170.096913181002,335.0724561662,181.00181985387
gene-b0111,272.431531278468,348.72365330482,294.756103739227,289.292978739942,365.070136468629,301.753395548752,242.216153013711,265.027877006055,270.067144309924,302.507683920703,568.679309408832,338.047516491786
gene-b0112,662.362158108337,581.644734946153,586.34278700814,557.986147848246,479.622935888405,476.242096423097,509.790675837523,534.42915132244,474.843330654811,486.86421856598,414.514517369923,440.970119938104
gene-b0113,3303.49227050265,1879.15991290296,2175.2789161257,2578.5587795427,3210.6901444851,2520.48128006106,6240.78225292007,7689.30715102385,7013.8316965471,4653.72931930537,4162.44938505054,3576.56046975956
gene-b0114,82842.0614387617,76807.3715941225,72488.8720500478,85755.2162087096,94119.5776466366,66240.8733745866,130549.259915119,116075.212692955,122533.321475474,99673.735490896,119137.92204362,95552.9901340326
gene-b0115,24844.2999115895,21049.7492764676,21518.2520464537,23444.3746485966,26000.2737075576,18314.9103367282,43660.9918271755,48603.3136686318,41427.1128288156,35414.7884509187,41523.8148026433,26617.0274205698
gene-b0116,43412.2764537254,36512.0244701719,32219.2720277248,34407.9515921125,40508.8675181818,26948.8994024693,45281.3042153864,53405.3039153752,49533.0841858688,51374.360502614,40917.3808502861,38016.5930160724
gene-b0117,35.3537101659081,27.6347046015141,26.4118372526189,31.3475363959689,33.1881942244209,32.016275389788,10.4931185421102,22.7416660137209,8.9033124497777,13.2410770739702,27.5294271498052,14.1962211650094
gene-b0118,56304.9426992281,54660.1297634805,40975.324313713,39687.7723650907,47900.1995480335,33147.2503179323,27958.9143554527,35694.794167459,39362.5335974061,39126.3642091916,28519.6999721367,33126.8820885494
gene-b0119,178.8481808393,171.071980866516,184.882860768333,195.250369552035,149.882167465126,171.287073335366,216.857783203612,264.153197543989,214.668755733529,296.396417578871,437.324614151191,235.124913045468
gene-b0120,3900.34608330356,4999.24965624533,4950.63477463089,5267.2817584198,4591.7472589852,3687.47451801883,9005.71898876612,5697.66201589914,6496.45031752113,5471.6204647206,4549.43447527066,5107.97782793494
gene-b0121,3793.24513780096,4668.94913934152,4802.72848601623,5295.94236312469,5054.24080430616,3582.62121611728,8014.1192865367,4980.42485700487,5375.622205788,5187.44657982539,4212.00235392019,4606.67376804555
gene-b0122,789.219588703654,817.197693216202,788.129223618149,706.663034754842,742.987315862841,584.297025863631,462.571642398027,433.841013184829,465.940018205033,525.568905397586,910.830761127839,512.838489585964
gene-b0123,301.546351415098,202.654500411103,282.07842185797,289.292978739942,298.693748019788,262.533458196262,221.229915929491,294.766978716305,276.002685943109,325.934204897728,288.665707542243,284.811687123001
gene-b0124,1607.55399754394,1639.65913968984,1522.37829924096,2115.51088477939,2489.11456683156,1147.7834727239,560.507415457722,341.999669667879,345.250671663602,2082.92327817454,313.048914446356,1892.53373406032
gene-b0125,344.178766615164,255.292032985416,310.603206090799,344.822900355658,392.905396140724,311.358278165688,791.356023384147,918.413435169497,641.038496383994,805.66861273157,608.793617541406,452.504549634675
gene-b0126,7433.63746988461,6227.02010354117,7106.8971679347,6891.97978762802,6530.58015383765,6238.37125970019,5947.84936028616,5303.18157850729,5878.16473073101,5726.25656229695,3192.62699431598,4947.38307600578
gene-b0127,1258.17615590438,1310.67456110038,1056.47349010476,1252.1101680447,1362.85713702219,910.062627954724,746.760269580179,638.516007308317,628.17815617876,1069.47160982067,897.459325083648,1254.59104545771
gene-b0128,586.455662752122,551.378153715924,533.519112502902,571.420806303662,512.811130112826,441.02419349433,449.455244220389,453.958640812351,394.713518606811,613.16372296385,523.059115846298,557.201680726619
gene-b0129,106.061130497724,168.4401042378,152.132182575085,85.0861702176299,93.1410612104714,60.8309232405972,76.0751094302993,96.2147408272806,72.2157565370858,63.1497521989347,371.253988991658,80.7410078759909
gene-b0130,133.096320624595,127.646016492708,107.760295990685,120.911926098737,120.976320882566,144.873646138791,169.638749764116,120.705765765134,132.560429807801,117.132604885121,221.808527321287,137.525892536029
gene-b0131,1915.33923898831,1689.66479563543,1993.56547582768,1699.93211655854,1634.78621228034,1927.37977846524,2129.2286375032,2232.18198719291,2021.05192609954,1952.54959621545,1902.67669358225,1922.70070403596
gene-b0132,25.9953751219912,17.1071980866516,28.5247842328284,34.9301119840796,16.0588036569778,36.8187166982562,23.609516719748,36.7365374067799,42.5380483711601,41.7603200025213,38.5411980097272,36.3778167353366
gene-b0133,2388.45506620855,1909.42649413319,2090.76103691731,1942.65161265304,1785.73896665594,1811.32078017726,2072.39091206677,2261.92108890316,2226.81736938329,2610.52927235274,2447.75935114839,1898.74458082001
gene-b0134,1611.71325756346,1381.7352300757,1354.3990143143,1209.11926098737,1407.82178726172,1327.87502179146,1673.65240746658,1701.25155371873,1728.23187219574,1995.32846060828,1969.5338738032,1774.52764562617
gene-b0135,36.3935251707877,36.8462728020188,44.3718865843998,120.911926098737,82.4351921058196,144.073239254046,53.3400192557271,45.4833320274417,56.3876455152588,77.4093736632103,70.7899555280704,163.256543397608
gene-b0136,8.31852003903719,9.21156820050469,19.0165228218856,16.1215901464983,12.8470429255823,25.6130203118304,3.49770618070341,8.74679462066187,9.89256938864189,7.12981073213779,13.3714360441911,11.5344296965701
gene-b0137,21.8361151024726,21.055013029725,26.4118372526189,34.9301119840796,26.7646727616297,53.6272612778949,15.7396778131654,13.994871393059,8.9033124497777,20.370887806108,21.2369866584211,42.5886634950282
gene-b0138,13.5175950634354,25.0028279727984,27.4683107427237,43.8865509543565,35.3293680453512,50.4256337389161,20.9862370842205,13.1201919309928,17.8066248995554,26.4821541479404,24.3832069041131,39.0396082037758
gene-b0139,32.2342651512691,34.2143961733031,21.1294698020951,24.1823852197474,31.0470204034905,49.6252268541714,24.4839432649239,35.8618579447137,33.6347359213824,24.4450653673296,42.4739733168422,46.1377187862805
gene-b0140,5.19907502439825,13.1593831435781,6.33884094062854,5.3738633821661,8.56469528372151,9.6048826169364,8.74426545175853,5.24807677239712,6.92479857204932,9.16689951274859,7.86555061423005,14.1962211650094
gene-b0141,5.19907502439825,5.26375325743125,5.28236745052379,9.85208286730451,13.9176298360475,14.4073239254046,13.1163981776378,13.994871393059,8.9033124497777,23.4265209770242,11.0117708599221,15.9707488106356
gene-b0142,881.763124137943,1064.59409631547,1042.7393347334,945.799955261233,1040.61047697216,841.22763586668,879.673104446909,700.618249115016,736.007162514956,663.072398088814,465.640596362419,596.241288930395
gene-b0143,5505.82045083774,6015.15403492956,6093.73909092424,6126.20425566935,6630.14473651092,5277.88299800655,6824.02475855236,5176.3530565077,5553.68845478356,5287.26393007532,2882.72430011531,5296.07775837132
gene-b0144,457.518602147046,667.180725379411,613.811097750864,301.831993298329,262.293793063971,380.993677138477,963.618052783791,849.313757666268,942.761862737572,335.101104410476,406.648966755693,326.513086795216
gene-b0145,4061.51740905991,3620.14630279834,4131.86781979971,2668.12316924547,3381.98405015953,3429.74350113104,6803.03852146814,10661.4679631248,8748.98836731489,5077.44378567241,6236.595082023,4001.55984088702
gene-b0146,250.595416175995,338.196146789958,346.52330475436,235.554344918281,287.987878915136,247.325727386112,374.254561335265,416.347423943505,342.282900847009,261.765908308487,580.477635330177,285.698950945814
gene-b0147,75.9064953562144,72.3766072896797,82.4049322281711,85.0861702176299,67.4469753593069,87.2443504371723,106.680038511454,156.567623709848,105.850492458468,97.7802614693182,121.129479459143,63.8829952425423
gene-b0148,426.324152000656,389.517741049913,473.300123566931,452.30016799898,472.128827515148,501.855116734927,647.075643430132,676.127224177163,630.156670056488,645.757143453623,552.161653118949,638.829952425423
gene-b0149,1327.84376123131,1259.35296684043,1320.59186263095,1716.05370670504,1583.39804057801,1496.76087447259,2270.01131127652,2110.60154196571,2219.89257081124,2149.12866354439,1725.70180476207,2083.29545596513
gene-b0150,5764.73438705278,4962.40338344331,3551.86387373219,7237.69833188071,6024.19254518762,4992.93814703744,18098.8806320498,16522.6950384303,18196.3921334679,2366.07861867944,18765.63065543,4365.33800824039
gene-b0151,569.818622674048,497.424682827253,399.346979259598,725.471556592423,527.799346859338,438.622972840096,1378.97066174232,1267.41054053391,1303.840645423,232.228120989631,1438.60920734268,442.744647583731
gene-b0152,419.045446966499,375.042419591977,251.440690644932,592.916259832326,420.740655812819,398.602628602861,1223.32273670102,1155.45156938943,1136.65622275495,209.820144402912,1164.88804596747,432.097481709974
gene-b0153,302.586166419978,177.651672438305,161.640443986028,352.883695428907,269.787901437228,192.097652338728,908.529180437712,935.032344948754,764.695613742018,233.246665379936,782.62228611589,398.381456443076
gene-b0154,2789.8236580921,2616.08536894333,3107.08853439809,3589.74073928695,3808.07764052468,3404.93088770395,3505.57601961,2961.66465855611,2939.08236536551,4034.45432999968,2551.58461925623,3376.0388458038
gene-b4765,19.7564850927133,25.0028279727984,12.6776818812571,16.1215901464983,9.6352821941867,13.6069170406599,10.4931185421102,6.12275623446331,7.91405551091351,10.185443903054,16.5176562898831,15.9707488106356
gene-b0155,307.785241444376,242.132649841838,241.932429233989,214.954535286644,239.811467944202,271.337933928453,265.825669733459,335.00223397135,280.94897063743,287.229518066122,368.107768745966,250.208398033291
gene-b4728,2.0796300097593,6.57969157178906,4.22589396041903,3.58257558811073,6.42352146279113,4.0020344237235,0.0,6.9974356965295,3.95702775545676,10.185443903054,4.71933036853803,4.43631911406544
gene-b0156,1793.68088341739,1529.12032128378,1737.89889122233,2335.8392834482,1506.31578302452,2550.89674168136,2027.7951582628,1905.05186838016,1783.63026077213,2647.19687040373,1029.60057540271,2705.2673957571
gene-b0157,88.3842754147702,69.7447306609641,81.3484587380663,94.0426091879067,89.9293004790759,102.452081247322,160.894484312357,197.677558426958,135.528200624394,184.356534645277,109.331153537798,128.653254307898
gene-b0158,571.898252683807,639.546020777897,651.844143394635,765.775531958669,958.175284866344,585.897839633121,796.602582655203,615.774341294596,754.803044353376,650.84986540515,666.998692086708,778.130372607078
gene-b0159,2445.64489147693,2575.29128119824,2951.78693135269,2897.40800688455,3752.40712118049,2679.76225012526,3153.18212190413,2514.70345344029,2739.25246371494,3604.62859729081,2911.04028232654,3706.10098789027
gene-b0160,701.875128293763,585.592549889227,581.060419557616,483.647704394949,512.811130112826,513.060813121353,371.631281699738,423.344859640035,443.187108611157,483.808585395064,734.642427369086,488.882366370011
gene-b0161,4365.14339048477,3882.01802735555,3468.40246801392,4356.41191514265,6592.67419464463,5502.79733261981,3429.5009101797,3751.50021280188,3869.97314483671,3147.30216604368,4036.60057522286,5344.87726862604
gene-b0162,171.569475805142,185.547302324452,144.736868144352,94.0426091879067,112.411625598845,110.456150094769,162.643337402709,266.777235930187,266.110116554467,103.891527811151,248.551399409669,121.555143725393
gene-b0163,354.57691666396,334.248331846884,323.280887972056,273.171388593443,239.811467944202,339.372519131753,287.686333362856,377.861527612593,371.960609012935,474.641685882316,669.358357270977,360.229112062113
gene-b0164,189.246330888096,230.289205012617,192.278175199066,171.067984332287,188.423296241873,126.464287789663,104.931185421102,107.585573834141,144.431513074172,81.4835512244319,234.393408304055,134.864101067589
gene-b0166,5600.44361628179,4871.60363975262,5197.84957131541,3470.62010098227,3498.67802340024,3729.8960829103,3626.24688284426,4067.25949860777,3990.66249137814,2863.12828114848,4722.47658878372,2903.12722824442
gene-b0167,3694.46271233739,3843.85581623917,3305.70555053779,2022.36391948851,2397.04409253156,1472.74866793025,1391.21263337478,1095.97336596893,1233.60340276364,1109.19484104258,1469.28485473817,1339.76837244776
gene-b0168,2886.52645354591,2713.46480420581,2539.76227021184,2516.75935064779,2576.90269348971,2151.49370619375,3520.44127087799,3226.69253556216,3159.68666273222,2950.72309871474,3316.90269402081,3039.76585695764
gene-b4414,678.999198186411,744.821085926522,664.521825275892,618.889932846129,440.011220201193,619.514928792398,1203.21092616197,1718.74514296006,796.351835785672,1339.3858732516,1120.05440746636,997.28453684191
gene-b0169,33323.991276383,35243.4599351309,34006.825172982,39470.130898113,40899.6317405016,33512.2358573759,66406.5751202898,62614.8039714701,59830.2596625061,72329.8927887573,51520.1430782682,65843.8482909592
gene-b0170,23736.8969313926,29770.4724857168,27955.345021662,27464.9201023539,26334.2968236227,21843.9042915676,43252.6346305784,36237.0954339401,34522.0993955436,39479.7991126276,34465.2696814332,34103.7595574666
gene-b0171,3687.18400730324,4963.71932175767,5643.68138413961,5874.52832060457,5989.93376405273,3806.73514384579,6684.11651132422,4301.67359444151,4367.56938508539,4981.7006129837,2970.81846699469,4849.78405549634
gene-b0172,8322.67929905671,9332.63452542561,9944.58496235608,8903.5959803522,11199.4096703763,7543.8348887188,12576.8769992643,10048.3176602164,10297.1754766373,11014.5390367626,7909.59769766973,10717.2597157593
gene-b0173,1007.58073972838,955.371216223772,852.574106514539,1057.75544238969,1113.4103868838,800.4068847447,1353.61229193222,1177.31855594109,1163.36616010429,1523.74240789688,1271.859534321,1404.53863151312
gene-b0174,2576.66158209177,2348.9498911287,2220.7072762002,2424.50802925394,2233.24429523038,1820.92566279419,3797.63448569873,3758.49764849841,3515.81916072333,4020.19470853541,2441.46691065701,3741.59154080279
gene-b0175,766.343658596301,544.798462144135,533.519112502902,697.706595784565,589.893387666319,525.066916392523,1155.99189272248,1440.59707402301,1227.66786113046,1285.40302056541,810.151713265695,941.386916004686
gene-b0176,3101.76815955599,2773.99796666627,2461.58323194408,2947.5640651181,3027.61978279555,2436.43855716287,4201.61954956998,4211.58160984869,3926.36079035197,3643.33328412241,2951.15459045911,3792.16557870314
gene-b0177,19024.4553292781,20507.5826909522,17377.9324387332,17629.8544690929,22454.4898600969,13851.8415473918,19038.8891681139,17111.3543164008,18492.1799581883,16395.509050746,16807.1085524868,19844.5426610375
gene-b0178,7367.08930957231,8129.86690610257,7645.69864788813,6159.34307985938,8170.71930067032,5233.06021246085,6860.75067344975,6655.43602686162,7323.46911841159,7712.41812339248,7467.55375315001,7734.27874346168
gene-b0179,11401.5715285054,13939.7345639923,12578.3733731872,11308.3998438715,13142.5249128707,9756.15951815315,16220.6124130121,13200.6624415029,13905.9847896139,11011.4834035917,11770.0099391338,13827.1194147192
gene-b0180,3172.47557988781,3876.75427409812,3588.84044588586,3887.99015699717,3460.13689462349,3371.31379854468,6039.66414752962,4285.92936412432,5085.7699227008,6009.41190280185,4223.80067984153,5918.93696198611
gene-b0181,4774.83050240735,5184.79695856978,5118.61405955755,6077.83948522986,4827.27637928754,5313.10090093532,8265.95413154734,6580.21359312393,6926.77708592705,8778.83410004223,6276.70939015558,8253.32807980734
gene-b0182,1454.70119182663,1408.05399636286,1347.00369988357,1386.45675259885,1551.28043326406,1339.08071817788,2031.29286444351,1744.98552682204,1857.82453118695,1761.06325083803,1215.22756989854,1632.56543397608
gene-b0183,358.736176683479,297.402059044866,270.457213466818,336.762105282409,374.705418662816,302.553802433497,613.847434713449,565.917611956823,566.84422596918,535.75434930064,355.522887763198,379.748916164001
gene-b0184,3621.67566199582,3712.26198480339,3371.20690692428,3640.79244141753,3993.28917603516,3015.93314171803,5882.26736939797,5207.84151714208,4982.88720105892,4809.56661102209,3780.97018026038,4565.85963219615
gene-b0185,4685.4064119877,4636.05068148257,4330.4848359394,4530.16683116602,4682.74714637474,3709.08550390694,7467.60269580179,6420.14725156582,6656.70994161713,5763.94270473825,4477.85796468116,5653.64507896499
gene-b0186,805.856628781728,848.780212760789,874.760049806739,660.089552109402,736.56379440005,623.516963216121,384.747679877376,332.378195585151,345.250671663602,412.510478073686,359.455663070313,457.828132571553
gene-b0187,220.440781034486,272.399231072067,242.988902724094,240.032564403419,252.658510869785,194.498872992962,132.91283486673,146.071470165053,175.098478178961,160.930013668253,153.378236977486,208.506998361076
gene-b0188,517.827872430065,465.842163282666,425.758816512217,430.804714470316,480.69352279887,436.221752185862,564.005121638426,597.406072591206,620.264100667846,469.548963930789,416.087627492769,427.661162595908
gene-b0189,331.700986556608,265.819539500278,262.00542554598,259.736730138028,319.034899318626,393.800187294393,310.421423537428,318.383324192092,339.315130030417,449.178076124681,586.770075821561,466.700770799684
gene-b4406,69.6676053269365,78.9562988614688,76.0660912875425,67.1732922770762,57.8116931651202,78.4398747049806,59.461005071958,106.710894372075,81.1190689868635,101.85443903054,118.769814274874,101.148075800692
gene-b0190,247.475971161357,214.497945240324,200.729963119904,230.180481536115,263.364379974437,178.490735298068,268.448949368987,259.779800233658,236.432408388541,318.80439416559,300.464033463588,305.218755047702
gene-b0191,268.27227125895,309.245503874086,259.89247856577,281.232183666692,252.658510869785,222.513113959027,250.96041846547,202.925635199355,209.722471039208,298.433506359482,303.61025370928,294.571589173945
gene-b0192,306.745426439496,242.132649841838,262.00542554598,240.032564403419,248.376163227924,210.507010687856,184.504001032105,205.549673585554,180.044762873282,258.710275137571,236.753073488324,220.041428057646
gene-b0193,38.473155180547,39.4781494307344,30.637731213038,60.0081411008548,50.3175847918639,26.4134271965751,18.3629574486929,32.3631400964489,32.6454789825182,55.0013970764915,40.1143081325732,39.9268720265889
gene-b0194,8302.922813964,9252.36228824978,9532.56030121522,9895.07377436184,10408.2459435426,8446.69385471082,12328.5398604344,10200.5118866159,10073.603408454,11302.787099219,7786.89510808775,10523.836202386
gene-b0195,719.551983376717,573.749105060007,608.52873030034,734.4279955627,974.234088523322,741.977182158337,828.081938281533,679.625942025428,831.965085584783,869.83690932081,568.679309408832,925.41616719405
gene-b0196,670.680678147374,579.012858317438,557.818002775312,702.184815269703,683.034448876791,657.934459260144,708.285501592441,708.490364273612,720.179051493129,836.224944440732,664.639026902439,864.194963419947
gene-b0197,2455.00322652085,2926.64681113178,3016.23181424908,2561.54154549917,2979.44337182462,2757.40171794549,2453.64088576345,1723.11854027039,2037.86929406023,2493.39666746762,1980.54564466313,1986.5836992785
gene-b0198,336.900061581006,286.874552530003,256.723058095456,293.77119822508,270.858488347693,387.396932216435,515.911661653754,402.352552550446,359.100268807701,466.493330759872,247.764844348246,246.659342742038
gene-b0199,370.174141737155,334.248331846884,476.469544037245,458.569675278174,432.517111827936,572.290922592461,928.640990976756,707.615684811546,772.609669252932,1040.95236689212,284.732932235128,651.251645944806
gene-b0200,578.137142713085,676.392293579916,627.545253122226,567.838230715551,511.74054320236,461.034365612947,456.450656581796,494.193896067396,428.348254528194,529.643082958807,744.867643167585,533.245557510666
gene-b0201,20105.8629343529,27979.4804398758,16952.1736222209,26726.0138873061,38626.775729584,26110.0729872569,25561.2367685806,67167.5105715246,43139.5165899896,23963.2938707151,28838.254772013,30643.4306484956
gene-b0202,74.8666803513348,61.8491007748172,78.179038267752,43.8865509543565,40.6823025976772,44.8227855457032,83.9449483368819,143.447431778855,60.3446732707155,88.6133619565697,66.8571802209554,69.2065781794208
gene-b0203,284.909311337024,202.654500411103,234.537114803256,266.006237417222,235.529120302342,234.519217230197,571.000533999832,540.551907556904,489.682184737773,782.242091754546,267.428720883822,463.151715508432
gene-b0204,64639.0599633385,99492.8321953368,67530.8419609862,101743.355414551,135253.66792053,92298.1195074504,74959.3411586549,178929.678837032,112158.983957605,68369.7921992499,91871.2042843298,67774.5343694005
gene-b0205,1.03981500487965,0.0,2.11294698020951,1.79128779405537,3.21176073139557,2.4012206542341,0.874426545175853,13.994871393059,2.96777081659257,1.0185443903054,0.0,8.87263822813087
gene-b0206,140.375025658753,132.909769750139,121.494451362047,87.7731019087129,100.635169583728,103.252488132066,210.736797387381,376.986848150527,156.302596340542,216.94995513505,113.263928844913,180.114556031057
gene-b0207,224.600041054004,180.28354906702,241.932429233989,207.789384110422,186.282122420943,228.11596215224,187.127280667633,205.549673585554,184.001790628739,193.523434158026,147.872351547525,179.227292208244
gene-b0208,257.874121210153,234.237019955691,270.457213466818,202.415520728256,205.552686809316,307.356243741965,220.355489384315,241.411531530268,266.110116554467,245.469198063601,386.198535158695,267.066410666739
gene-b0209,817.294593835404,829.041138045422,929.696671292186,654.715688727236,654.128602294231,874.044318141213,379.50112060632,471.452230053675,463.961504327305,323.897116117117,845.54669102973,393.057873506198
gene-b0210,211.082445990569,193.442932210599,203.899383590218,197.937301243118,228.035011929085,232.117996575963,118.922010143916,151.31954693745,128.603402052345,99.817350249929,196.638765355751,132.20230959915
gene-b0211,2291.75227075475,2214.7241830642,2513.35043295922,3681.9920606808,3229.96070887348,3104.77830592469,5024.45492858045,3622.92233187815,3596.93822971019,5746.62745010306,2134.71043670203,5416.7456382739
gene-b0212,664.441788118096,802.722371758266,811.371640400454,582.168533067994,420.740655812819,589.899874056844,371.631281699738,394.48043739185,435.273053100243,443.066809782848,536.430551890489,480.896991964693
gene-b0213,137.255580644114,123.698201549634,155.301603045399,137.033516245235,117.764560151171,124.863474020173,132.91283486673,142.572752316789,146.4100269519,148.707480984588,219.448862137018,99.3735481550658
gene-b0214,278.670421307746,265.819539500278,195.44759566938,248.989003373696,261.223206153506,196.900093647196,291.184039543559,281.646786785312,283.916741454022,442.048265392543,305.183363832126,327.400350618029
gene-b0215,741.38809847919,725.082011211155,900.115413569253,816.827234089247,710.869708548886,911.663441724214,1002.9672473167,855.436513900731,864.610564567301,961.505904448296,879.368558670919,988.411898613779
gene-b0216,73.8268653464551,67.1128540322485,66.5578298765997,68.9645800711316,74.9410837325632,70.4358058575336,131.163981776378,191.554802192495,111.786034091653,150.744569765199,88.0941668793765,136.638628713215
gene-b0217,63.4287152976586,77.640360547111,79.2355117578568,140.616091833346,112.411625598845,148.875680562514,159.145631222005,76.9717926618245,117.721575724838,186.393623425888,101.465602923568,236.012176868281
gene-b4586,2.0796300097593,3.94781494307344,9.50826141094281,19.704165734609,22.482325119769,15.2077308101493,0.874426545175853,2.62403838619856,1.97851387772838,6.11126634183239,3.93277530711502,10.647165873757
gene-b0219,210.042630985689,177.651672438305,190.165228218856,176.441847714454,172.364492584895,180.891955952302,112.801024327685,127.703201461663,122.667860419159,168.059824400391,291.025372726512,142.849475472907
gene-b0220,891.121459181859,1006.69281048373,1287.8411844377,961.921545407732,807.222530490753,933.27442761232,402.236210780893,425.968898026233,395.702775545676,362.601802948722,439.68427933546,394.832401151824
gene-b0221,1243.61874583606,1677.82135080621,1031.11812634224,919.82628224743,703.375600175629,950.883379076704,403.110637326068,890.423692383379,923.965980899152,353.434903435973,449.909495133959,375.312597049936
gene-b0222,1523.32898214869,1385.68304501878,1416.73095023048,1171.50221731221,1238.66905540822,1257.43921593392,1471.65987553096,1872.68872828371,1725.26410137915,1623.55975814681,1813.00941658003,1410.74947827281
gene-b0223,1440.14378175831,1404.10618141979,1344.89075290336,1136.57210532813,1009.56345656867,1084.55132882907,1203.21092616197,1144.08073638257,1144.57027826587,1134.65845080021,1424.45121623706,1164.97739935358
gene-b0224,1234.26041079214,1213.2951258379,1056.47349010476,1257.48403142687,1172.29266695938,1187.80381696114,1200.58764652645,1046.11663663116,1105.98925765016,1249.75396690472,969.822390734565,1526.98103906132
gene-b0225,185.087070868578,263.187662871563,191.221701708961,320.640515135911,331.881942244209,228.916369036984,131.163981776378,136.449996082325,149.377797768493,230.19103220902,237.539628549747,238.673968336721
gene-b0226,148.69354569779,93.4316203194047,109.873242970895,211.371959698533,174.505666405826,219.311486420048,114.549877418037,167.938456716708,103.87197858074,319.822938555895,203.717760908558,260.855563907048
gene-b0227,22.8759301073523,25.0028279727984,14.7906288614666,23.2867413227198,16.0588036569778,25.6130203118304,14.8652512679895,15.7442303171914,11.8710832663703,16.2967102448864,24.3832069041131,16.8580126334487
gene-b0228,122.698170575799,146.069152893717,138.398027203723,73.44279955627,69.5881491802373,104.052895016811,86.5682279724095,115.457688992737,114.753804908246,60.0941190280185,249.337954471092,60.3339399512899
gene-b0231,121.658355570919,138.17352300757,146.849815124561,308.101500577523,226.96442501862,284.144444084369,186.252854122457,186.306725420098,181.034019812147,275.006985382458,255.630394962477,333.611197377721
gene-b0232,29.1148201366302,27.6347046015141,54.9366214854474,47.4691265424672,43.8940633290728,61.6313301253419,51.5911661653754,42.8592936412432,53.4198746986662,72.3166517116833,68.4302903438014,39.9268720265889
gene-b0233,30.1546351415098,23.6868896584406,34.863625173457,44.7821948513841,35.3293680453512,47.2240061999373,36.7259148973858,43.7339731033094,33.6347359213824,52.9643082958807,51.9126340539183,41.7013996722151
gene-b0234,42.6324152000656,51.3215942599547,63.3884094062854,80.6079507324915,71.7293230011677,93.6476055151299,72.5774032495958,66.4756391170302,68.258728781629,70.2795629310725,77.0823960194544,89.6136461041218
gene-b0237,11106.2640671195,10988.0849248877,10618.6150490429,7046.03053791678,8930.83600710061,6809.86177540791,6379.81607360303,6580.21359312393,6429.18084567836,6238.58439062057,9421.35652572475,7090.12520809938
gene-b0238,1026.29740981621,743.505147612164,968.786190426062,1424.07379627402,1084.50454030124,1178.99934122894,2086.38173678959,1770.35123122196,1440.35810298626,2904.888601151,734.642427369086,2011.42708631727
gene-b0239,422.164891981138,450.050903510372,429.984710472636,607.246562184769,508.528782470965,520.264475084055,582.368079087118,603.528828825669,569.811996785773,798.538801999432,940.719853461914,650.364382121993
gene-b4710,35.3537101659081,65.7969157178907,42.2589396041903,23.2867413227198,22.482325119769,32.8166822745327,13.1163981776378,15.7442303171914,10.8818263275061,20.370887806108,11.0117708599221,15.9707488106356
gene-b4709,171.569475805142,269.767354443352,200.729963119904,123.59885778982,118.835147061636,119.26062582696,49.8423130750237,34.1124990205813,38.5810206157034,41.7603200025213,58.2050745453023,58.5594123056638
gene-b0241,20.796300097593,19.7390747153672,32.7506781932475,19.704165734609,14.9882167465126,29.6150547355539,27.1072229004515,29.7391017102504,28.6884512270615,20.370887806108,18.8773214741521,18.6325402790748
gene-b0242,1963.17072921278,2029.17688073975,2034.76794194176,1635.44575597255,1748.26842478965,2069.05179706505,2210.55030620456,2113.22558035191,2137.78424488551,1618.46703619528,1790.98587486018,1869.46487466718
gene-b0243,1190.5881805872,1038.27533002831,1185.36325589754,939.530447982039,1091.99864867449,1201.41073400179,1343.99359993529,1573.54835225707,1398.80931155396,1070.49015421097,1149.15694473901,1060.28026826164
gene-b0244,87.3444604098905,127.646016492708,108.81676948079,100.3121164671,100.635169583728,103.252488132066,99.6846261500473,116.332368454803,73.20501347595,126.299504397869,112.47737378349,126.878726662271
gene-b0245,4.1592600195186,1.31593831435781,3.16942047031427,7.16515117622146,3.21176073139557,7.2036619627023,0.0,4.37339731033094,2.96777081659257,2.0370887806108,2.35966518426901,4.43631911406544
gene-b0246,0.0,1.31593831435781,0.0,0.0,0.0,1.6008137694894,0.0,0.0,0.0,0.0,1.57311012284601,0.0
gene-b4504,0.0,0.0,2.11294698020951,0.0,2.14117382093038,0.0,3.49770618070341,0.874679462066187,1.97851387772838,2.0370887806108,0.786555061423005,0.0
gene-b0247,2.0796300097593,2.63187662871563,2.11294698020951,0.0,0.0,3.2016275389788,0.0,2.62403838619856,1.97851387772838,1.0185443903054,0.0,0.887263822813087
gene-b0248,1.03981500487965,0.0,0.0,1.79128779405537,1.07058691046519,2.4012206542341,2.62327963552756,0.0,0.0,2.0370887806108,0.0,0.887263822813087
gene-b0249,10.3981500487965,3.94781494307344,6.33884094062854,7.16515117622146,4.28234764186076,4.0020344237235,6.12098581623097,4.37339731033094,3.95702775545676,10.185443903054,5.50588542996103,2.66179146843926
gene-b0250,1193.70762560184,1114.59975226107,1080.77238037717,514.09959689389,512.811130112826,462.635179382437,107.55446505663,127.703201461663,159.270367157134,171.115457571307,262.709390515284,206.732470715449
gene-b0251,67.5879753171772,55.2694092030281,53.8801479953426,46.5734826454395,53.5293455232595,42.4215648914691,38.4747679877376,32.3631400964489,43.5273053100243,30.556331709162,45.6201935625343,50.574037900346
gene-b0252,6.2388900292779,2.63187662871563,4.22589396041903,5.3738633821661,8.56469528372151,8.004068847447,6.12098581623097,0.874679462066187,6.92479857204932,9.16689951274859,10.2252157984991,6.21084675969161
gene-b0253,86.3046454050109,109.222880091698,104.590875520371,68.9645800711316,76.0116706430284,76.8390609354912,91.8147872434646,81.3451899721554,81.1190689868635,83.5206400050427,103.825268107837,84.2900631672433
gene-b0254,74.8666803513348,64.4809774035328,88.7437731687996,81.5035946295191,61.0234538965158,89.6455710914064,41.972474168441,59.4782034205007,64.3017010261723,57.0384858571023,45.6201935625343,85.1773269900564
gene-b0256,489.752867298315,590.856303146658,525.067324582064,471.108689836561,479.622935888405,457.032331189224,303.426011176021,307.012491185232,349.207699419059,302.507683920703,571.825529654524,384.185235278067
gene-b4690,38.473155180547,26.3187662871563,29.5812577229332,46.5734826454395,40.6823025976772,49.6252268541714,31.4793556263307,27.989742786118,25.7206804104689,33.6119648800781,20.4504315969981,27.5051785072057
gene-b0258,328.581541541969,264.50360118592,296.869050719437,337.657749179436,307.258443303509,332.969264053795,197.620399209743,135.575316620259,189.937332261924,178.245268303445,132.141250319065,243.997551273599
gene-b0259,2055.71426464707,2288.41672866824,2294.66042050753,2140.58891389616,1689.38614471407,2042.63836986847,2266.51360509581,2826.08934193585,2642.30528370625,1109.19484104258,1903.46324864367,1007.93170271567
gene-b0260,37.4333401756674,26.3187662871563,30.637731213038,29.5562486019135,38.5411287767468,30.4154616202986,32.3537821715066,31.4884606343827,24.7314234716047,27.5006985382458,18.0907664127291,39.0396082037758
gene-b0261,72.7870503415755,64.4809774035328,101.421455050057,27.7649608078582,37.4705418662816,60.0305163558525,47.2190334394961,116.332368454803,85.0760967423202,61.1126634183239,176.974888820176,38.1523443809628
gene-b0262,11.4379650536761,26.3187662871563,14.7906288614666,21.4954535286644,20.3411512988386,31.2158685050433,14.8652512679895,13.994871393059,9.89256938864189,56.0199414667969,22.0235417198441,27.5051785072057
gene-b0264,45.7518602147046,64.4809774035328,48.5977805448188,42.0952631603011,36.3999549558164,33.6170891592774,33.2282087166824,37.6112168688461,22.7529095938763,50.9272195152699,42.4739733168422,52.3485655459722
gene-b0265,81.1055703806126,114.48663334913,108.81676948079,91.3556774968237,72.7999099116329,86.4439435524276,57.7121519816063,20.9923070895885,31.656222043654,51.9457639055753,70.0034004666474,42.5886634950282
gene-b0266,82.1453853854923,76.3244222327532,69.727250346914,67.1732922770762,48.1764109709335,73.6374333965124,54.2144458009029,62.1022418066993,67.2694718427648,57.0384858571023,77.0823960194544,44.3631911406544
gene-b0267,12.4777800585558,7.89562988614688,11.6212083911523,12.5390145583876,6.42352146279113,10.4052895016811,5.24655927105512,4.37339731033094,3.95702775545676,8.14835512244319,6.29244049138404,7.0981105825047
gene-b0268,159.091695746586,197.390747153672,169.035758416761,70.755867865187,78.1528444639588,88.8451642066617,193.248266483864,408.475308784909,386.799463095898,92.6875395177913,335.859011227623,113.569769320075
gene-b0269,256.834306205273,284.242675901288,259.89247856577,128.077077274959,208.764447540712,132.067135982876,274.569935185218,583.411201198147,591.575649440785,172.134001961612,519.912895600606,218.26690041202
gene-b0270,29.1148201366302,23.6868896584406,25.3553637625142,23.2867413227198,23.5529120302342,24.012206542341,34.1026352618583,52.4807677239712,60.3446732707155,17.3152546351918,33.0353125797662,28.3924423300188
gene-b0271,65.5083453074179,65.7969157178907,62.3319359161807,68.9645800711316,83.5057790162847,69.6353989727889,48.0934599846719,83.0945488962878,75.1835273536784,37.6861424412997,88.0941668793765,62.9957314197292
gene-b0272,121.658355570919,122.382263235277,100.364981559952,120.01628220171,117.764560151171,161.682190718429,187.127280667633,242.286210992334,175.098478178961,167.041280010085,153.378236977486,164.143807220421
gene-b0273,69.6676053269365,85.5359904332578,83.4614057182758,68.9645800711316,66.3763884488417,94.4480123998746,96.1869199693439,69.974356965295,67.2694718427648,95.7431726887075,81.0151713265695,75.4174249391124
gene-b4766,4.1592600195186,0.0,0.0,0.895643897027683,2.14117382093038,1.6008137694894,0.0,0.0,0.989256938864189,2.0370887806108,0.786555061423005,0.0
gene-b4688,33.2740801561488,30.2665812302297,15.8471023515714,34.034468087052,20.3411512988386,21.6109858881069,31.4793556263307,29.7391017102504,31.656222043654,31.5748760994674,47.1933036853803,29.2797061528319
gene-b0274,38.473155180547,51.3215942599547,45.4283600745046,37.6170436751627,20.3411512988386,32.016275389788,38.4747679877376,35.8618579447137,21.7636526550122,28.5192429285512,51.1260789924953,35.4905529125235
gene-b0275,89.4240904196498,148.701029522433,95.0826141094281,96.7295408789898,67.4469753593069,75.2382471660018,47.2190334394961,34.1124990205813,32.6454789825182,49.9086751249645,55.0588542996103,47.0249826090936
gene-b0276,82.1453853854923,60.5331624604594,77.1225647776473,84.1905263206022,83.5057790162847,82.4419091287041,42.8469007136168,67.3503185790964,66.2802149039007,73.3351961019887,162.816897714562,67.4320505337946
gene-b0277,43.6722302049453,23.6868896584406,47.5413070547141,67.1732922770762,59.9528669860506,107.25452255579,54.2144458009029,44.6086525653756,40.5595344934317,92.6875395177913,73.1496207123394,75.4174249391124
gene-b0278,27.0351901268709,19.7390747153672,36.9765721536665,65.3820044830209,46.0352371500031,68.0345852032995,30.6049290811549,31.4884606343827,31.656222043654,58.0570302474077,45.6201935625343,56.7848846600376
gene-b0279,22.8759301073523,14.4753214579359,21.1294698020951,37.6170436751627,19.2705643883734,34.4174960440221,13.1163981776378,14.8695508551252,20.774395716148,25.463609757635,22.0235417198441,29.2797061528319
gene-b4729,48.8713052293435,71.0606689753219,51.7672010151331,100.3121164671,74.9410837325632,93.6476055151299,45.4701803491444,39.3605757929784,55.3983885763946,49.9086751249645,100.679047862145,73.6428972934863
gene-b0280,1102.20390517243,1493.58998679612,1380.81085156692,953.860750334482,914.281221537271,1036.52691574439,711.783207773145,801.206387252628,767.663384558611,573.440491741939,1407.93355994718,631.731841842918
gene-b0281,452.319527122647,601.383809661521,690.933662528511,659.193908212375,385.411287767468,1084.55132882907,738.890430673596,616.649020756662,792.394808030215,458.344975637429,546.655767688988,686.74219885733
gene-b0282,14.5574100683151,6.57969157178906,9.50826141094281,10.7477267643322,9.6352821941867,9.6048826169364,6.99541236140683,7.87211515859569,8.9033124497777,4.07417756122159,15.7311012284601,6.21084675969161
gene-b0283,19.7564850927133,30.2665812302297,23.2424167823047,18.8085218375813,22.482325119769,28.8146478508092,8.74426545175853,6.9974356965295,12.8603402052345,8.14835512244319,14.1579911056141,10.647165873757
gene-b0284,63.4287152976586,48.6897176312391,68.6707768568092,49.2604143365226,65.3058015383765,61.6313301253419,26.2327963552756,26.2403838619856,32.6454789825182,36.6675980509943,33.8218676411892,32.8287614440842
gene-b0285,16.6370400780744,9.21156820050469,28.5247842328284,21.4954535286644,25.6940858511645,20.8105790033622,4.37213272587927,7.87211515859569,7.91405551091351,9.16689951274859,5.50588542996103,10.647165873757
gene-b0286,21.8361151024726,18.4231364010094,21.1294698020951,15.2259462494706,18.1999774779082,16.8085445796387,6.12098581623097,9.62147408272806,3.95702775545676,13.2410770739702,7.86555061423005,13.3089573421963
gene-b0287,539.663987532538,723.766072896797,1143.10431629335,463.94353866034,467.846479873288,649.930390412697,305.174864266373,251.033005612996,292.8200539038,365.657436119638,483.731362775148,263.517355375487
gene-b0288,24.9555601171116,30.2665812302297,45.4283600745046,53.738633821661,38.5411287767468,112.857370749003,49.8423130750237,44.6086525653756,50.4521038820736,44.8159531734375,39.3277530711502,74.5301611162993
gene-b0289,51.9907502439825,60.5331624604594,49.6542540349236,45.6778387484118,44.9646502395379,60.8309232405972,25.3583698100998,29.7391017102504,28.6884512270615,37.6861424412997,52.6991891153413,33.7160252668973
gene-b0290,87.3444604098905,105.275065148625,96.1390875995329,93.146965290879,79.223431374424,98.4500468235981,71.70297670442,61.2275623446331,79.1405551091351,55.0013970764915,96.7462725550296,77.1919525847386
gene-b0291,33.2740801561488,35.530334487661,30.637731213038,38.5126875721904,24.6234989406993,48.024413084682,34.1026352618583,35.8618579447137,33.6347359213824,34.6305092703835,29.1025372726512,50.574037900346
gene-b0292,17.676855082954,17.1071980866516,13.7341553713618,24.1823852197474,27.8352596720949,36.8187166982562,22.7350901745722,18.3682687033899,22.7529095938763,18.3337990254972,11.0117708599221,23.0688593931403
gene-b0293,97.742610458687,86.8519287476157,110.929716461,129.868365069014,127.399842345357,152.877714986238,75.2006828851234,86.5932667445525,89.033124497777,117.132604885121,115.623594029182,116.231560788514
gene-b0294,13.5175950634354,6.57969157178906,10.5647349010476,8.95643897027683,12.8470429255823,16.8085445796387,5.24655927105512,12.2455124689266,14.8388540829628,20.370887806108,7.07899555280704,24.8433870387664
gene-b0295,0.0,6.57969157178906,9.50826141094281,6.26950727919378,7.49410837325632,7.2036619627023,6.99541236140683,11.3708330068604,5.93554163318513,6.11126634183239,9.43866073707606,12.4216935193832
gene-b4506,9.35833504391684,7.89562988614688,13.7341553713618,7.16515117622146,5.35293455232595,9.6048826169364,32.3537821715066,26.2403838619856,13.8495971440986,19.3523434158026,21.2369866584211,15.0834849878225
gene-b0296,3.11944501463895,2.63187662871563,2.11294698020951,3.58257558811073,0.0,3.2016275389788,4.37213272587927,4.37339731033094,8.9033124497777,0.0,6.29244049138404,2.66179146843926
gene-b4671,27.0351901268709,34.2143961733031,32.7506781932475,8.06079507324915,6.42352146279113,16.8085445796387,8.74426545175853,6.9974356965295,19.7851387772838,9.16689951274859,83.3748365108385,1.77452764562617
gene-b0298,53.0305652488621,61.8491007748172,53.8801479953426,69.8602239681593,53.5293455232595,64.8329576643207,51.5911661653754,51.6060882619051,45.5058191877527,78.4279180535157,81.0151713265695,100.260811977879
gene-b0299,39.5129701854267,47.3737793168813,39.089519133876,51.0517021305779,52.4587586127943,44.8227855457032,27.1072229004515,47.2326909515741,45.5058191877527,39.7232312219105,61.3512947909944,47.0249826090936
gene-b0301,7.27870503415754,7.89562988614688,10.5647349010476,29.5562486019135,21.4117382093038,28.0142409660645,13.1163981776378,14.8695508551252,14.8388540829628,19.3523434158026,33.0353125797662,29.2797061528319
gene-b0303,7.27870503415754,5.26375325743125,7.3953144307333,13.4346584554152,17.129390567443,24.012206542341,4.37213272587927,6.9974356965295,7.91405551091351,6.11126634183239,5.50588542996103,22.1815955703272
gene-b0304,42.6324152000656,61.8491007748172,67.6143033667045,39.408331469218,37.4705418662816,56.028481932129,16.6141043583412,29.7391017102504,18.7958818384196,17.3152546351918,22.8100967812671,31.0542337984581
gene-b0305,35.3537101659081,36.8462728020188,50.7107275250283,34.9301119840796,19.2705643883734,47.2240061999373,47.2190334394961,39.3605757929784,38.5810206157034,46.8530419540483,40.9008631939962,36.3778167353366
gene-b0306,37.4333401756674,64.4809774035328,65.5013563864949,25.9736730138028,39.611715687212,55.2280750473843,82.1960952465302,144.322111240921,196.862130833974,91.6689951274859,1658.05806947969,115.344296965701
gene-b0307,155.972250731947,168.4401042378,186.995807748542,116.433706613599,118.835147061636,164.083411372664,181.880721396578,319.258003654158,370.971352074071,159.911469277948,2156.73397842188,266.179146843926
gene-b0308,55.1101952586214,34.2143961733031,42.2589396041903,37.6170436751627,48.1764109709335,51.2260406236608,44.5957538039685,98.8387792134792,100.904207764147,43.7974087831321,283.159822112282,82.5155355216171
gene-b0310,13.5175950634354,19.7390747153672,20.0729963119904,37.6170436751627,28.9058465825601,41.6211580067244,37.6003414425617,29.7391017102504,31.656222043654,39.7232312219105,21.2369866584211,31.0542337984581
gene-b0311,489.752867298315,436.891520366794,454.283600745046,555.299216157163,642.352146279113,566.688074399248,508.916249292347,575.539086039551,484.735900043453,512.327828323615,501.035574126454,474.686145205002
gene-b0312,610.371407864354,590.856303146658,614.867571240969,850.861702176299,764.399054072145,830.021939480254,795.728156110027,809.953181873289,791.405551091351,873.911086882032,489.237248205109,735.541709112049
gene-b0313,465.837122186083,481.63342305496,550.422688344578,783.688409899223,760.116706430284,693.15236218891,512.41395547305,480.199024674337,484.735900043453,581.588846864383,271.361496190937,644.153535362301
gene-b0314,439.841747064092,419.784322280142,381.386929927817,456.778387484118,398.25833069305,520.264475084055,531.651339466919,617.523700218728,538.155774742119,538.809982471556,303.61025370928,488.882366370011
gene-b4730,3.11944501463895,0.0,0.0,3.58257558811073,4.28234764186076,4.0020344237235,4.37213272587927,0.874679462066187,3.95702775545676,3.0556331709162,2.35966518426901,0.887263822813087
gene-b0315,67.5879753171772,76.3244222327532,96.1390875995329,233.763057124225,97.4234088523322,304.955023087731,280.690921001449,216.920506592414,232.475380633084,346.305092703835,157.311012284601,279.488104186123
gene-b0316,119.57872556116,234.237019955691,190.165228218856,123.59885778982,118.835147061636,103.252488132066,128.54070214085,143.447431778855,148.388540829628,66.2053853698509,317.768244814894,102.922603446318
gene-b0317,1.03981500487965,1.31593831435781,3.16942047031427,3.58257558811073,3.21176073139557,5.6028481932129,8.74426545175853,5.24807677239712,3.95702775545676,12.2225326836648,5.50588542996103,11.5344296965701
gene-b0318,89.4240904196498,92.1156820050469,86.6308261885901,55.5299216157163,36.3999549558164,60.8309232405972,20.1118105390446,24.4910249378532,29.6777081659257,45.8344975637429,67.6437352823784,58.5594123056638
gene-b0319,7.27870503415754,5.26375325743125,6.33884094062854,13.4346584554152,9.6352821941867,12.8065101559152,1.74885309035171,4.37339731033094,2.96777081659257,7.12981073213779,8.65210567565305,8.87263822813087
gene-b0320,16.6370400780744,18.4231364010094,14.7906288614666,20.5998096316367,19.2705643883734,25.6130203118304,13.9908247228137,16.6189097792576,6.92479857204932,11.2039882933594,14.1579911056141,26.6179146843926
gene-b0321,14.5574100683151,22.3709513440828,26.4118372526189,26.8693169108305,13.9176298360475,26.4134271965751,18.3629574486929,13.994871393059,15.828111021827,25.463609757635,12.5848809827681,15.9707488106356
gene-b0322,4.1592600195186,2.63187662871563,2.11294698020951,0.895643897027683,2.14117382093038,0.8004068847447,0.0,0.874679462066187,1.97851387772838,2.0370887806108,0.786555061423005,2.66179146843926
gene-b0323,13.5175950634354,3.94781494307344,10.5647349010476,12.5390145583876,5.35293455232595,8.8044757321917,5.24655927105512,8.74679462066187,8.9033124497777,10.185443903054,10.2252157984991,7.0981105825047
gene-b0324,274.511161288227,248.712341413627,327.506781932475,264.214949623166,263.364379974437,237.720844769176,263.202390097932,229.166019061341,225.550582061035,232.228120989631,257.990060146746,208.506998361076
gene-b0325,589.575107766761,606.647562918952,762.773859855635,398.561534177319,514.952303933756,615.512894368674,111.926597782509,145.196790702987,165.20590879032,174.171090742223,132.141250319065,212.056053652328
gene-b0326,5.19907502439825,6.57969157178906,5.28236745052379,19.704165734609,6.42352146279113,10.4052895016811,6.12098581623097,3.49871784826475,5.93554163318513,12.2225326836648,4.71933036853803,15.0834849878225
gene-b0327,51.9907502439825,60.5331624604594,55.9930949755521,100.3121164671,65.3058015383765,124.063067135429,77.823962520651,69.0996775032288,85.0760967423202,140.559125862145,150.232016731794,162.369279574795
gene-b0328,40.5527851903063,51.3215942599547,59.1625154458664,13.4346584554152,10.7058691046519,23.2117996575963,34.1026352618583,56.8541650343022,49.4628469432094,19.3523434158026,265.069055699553,17.7452764562617
gene-b0329,684.198273210809,686.919800094778,769.112700796263,531.116830937416,626.293342622136,659.535273029633,56.8377254364305,90.9666640548835,95.9579230698263,144.633303423367,121.129479459143,196.085304841692
gene-b0330,177.80836583442,305.297688931013,303.207891660065,59.1124972038271,69.5881491802373,65.6333645490654,41.972474168441,74.3477542756259,72.2157565370858,27.5006985382458,22.0235417198441,17.7452764562617
gene-b0331,82.1453853854923,63.165039089175,46.4848335646093,13.4346584554152,8.56469528372151,6.4032550779576,3.49770618070341,0.874679462066187,4.94628469432094,5.09272195152699,0.786555061423005,6.21084675969161
gene-b0333,65.5083453074179,44.7419026881656,25.3553637625142,17.017234043526,21.4117382093038,8.8044757321917,6.12098581623097,3.49871784826475,0.989256938864189,4.07417756122159,3.93277530711502,7.98537440531779
gene-b0334,85.2648304001312,65.7969157178907,30.637731213038,14.3303023524429,11.7764560151171,17.6089514643834,6.99541236140683,5.24807677239712,7.91405551091351,7.12981073213779,7.86555061423005,6.21084675969161
gene-b0335,54.0703802537418,31.5825195445875,35.9200986635617,22.3910974256921,33.1881942244209,34.4174960440221,8.74426545175853,22.7416660137209,22.7529095938763,15.278165854581,21.2369866584211,21.2943317475141
gene-b0336,4424.41284576291,5340.077679664,7713.31295125483,8038.40397582345,7808.86092493309,4440.6573965636,3708.44297809079,1863.06725420098,1820.23276751011,2805.07125090107,843.187025845461,2431.99013833067
gene-b0337,5612.92139634035,7403.46895657706,9281.11961057029,8334.86210573962,8203.90749489474,4399.83664544162,4600.35805417017,2802.47299646006,2294.08684122605,2683.86446845472,1356.80748095468,2424.89202774817
gene-b0338,46.7916752195842,40.7940877450922,47.5413070547141,89.5643897027683,77.0822575534936,143.272832369301,146.903659589543,134.700637158193,155.313339401678,96.7617170790129,118.769814274874,110.907977851636
gene-b0339,14.5574100683151,7.89562988614688,16.9035758416761,20.5998096316367,17.129390567443,13.6069170406599,10.4931185421102,20.1176276275223,16.8173679606912,16.2967102448864,7.07899555280704,16.8580126334487
gene-b0340,39.5129701854267,43.4259643738078,43.315413094295,37.6170436751627,51.3881717023291,37.6191235830009,21.8606636293963,26.2403838619856,38.5810206157034,39.7232312219105,26.7428720883822,28.3924423300188
gene-b0341,32.2342651512691,36.8462728020188,36.9765721536665,42.9909070573288,40.6823025976772,37.6191235830009,31.4793556263307,30.6137811723166,31.656222043654,30.556331709162,34.6084227026122,33.7160252668973
gene-b0342,48.8713052293435,44.7419026881656,34.863625173457,44.7821948513841,33.1881942244209,52.0264475084055,28.8560759908032,38.4858963309122,72.2157565370858,35.6490536606889,55.0588542996103,63.8829952425423
gene-b0343,27.0351901268709,27.6347046015141,36.9765721536665,29.5562486019135,17.129390567443,35.2179029287668,28.8560759908032,51.6060882619051,58.3661593929871,29.5377873188566,45.6201935625343,21.2943317475141
gene-b0344,230.838931083282,215.813883554681,203.899383590218,85.0861702176299,120.976320882566,134.46835663711,206.364664661501,327.130118812754,484.735900043453,106.947160982067,301.250588525011,138.413156358842
gene-b0345,1130.27891030418,1455.42777567974,1076.54648641675,489.021567777115,550.281671979107,551.480343589098,612.098581623098,847.564398742135,912.094897632782,574.459036132245,504.968349433569,506.627642826273
gene-b0346,642.605673015623,990.901550711433,766.999753816054,148.676886906595,158.446862748848,185.69439726077,218.606636293963,576.413765501617,489.682184737773,119.169693665732,173.828668574484,124.216935193832
gene-b0347,37.4333401756674,27.6347046015141,27.4683107427237,12.5390145583876,23.5529120302342,16.008137694894,25.3583698100998,30.6137811723166,28.6884512270615,19.3523434158026,10.2252157984991,15.9707488106356
gene-b0348,12.4777800585558,10.5275065148625,4.22589396041903,3.58257558811073,7.49410837325632,5.6028481932129,6.12098581623097,10.4961535447942,11.8710832663703,6.11126634183239,4.71933036853803,7.0981105825047
gene-b0349,34.3138951610284,38.1622111163766,24.2988902724094,14.3303023524429,12.8470429255823,21.6109858881069,19.2373839938688,20.1176276275223,20.774395716148,18.3337990254972,9.43866073707606,11.5344296965701
gene-b0350,18.7166700878337,18.4231364010094,16.9035758416761,18.8085218375813,13.9176298360475,18.4093583491281,21.8606636293963,20.1176276275223,17.8066248995554,21.3894321964134,18.0907664127291,7.98537440531779
gene-b0351,64.4685303025383,86.8519287476157,77.1225647776473,59.1124972038271,46.0352371500031,52.8268543931502,41.972474168441,34.1124990205813,66.2802149039007,41.7603200025213,42.4739733168422,39.9268720265889
gene-b0352,56.1500102635011,50.0056559455969,35.9200986635617,26.8693169108305,26.7646727616297,44.0223786609585,36.7259148973858,34.9871784826475,28.6884512270615,32.5934204897728,33.0353125797662,15.0834849878225
gene-b0353,35.3537101659081,31.5825195445875,33.8071516833522,34.034468087052,38.5411287767468,41.6211580067244,27.9816494456273,27.1150633240518,35.6132497991108,25.463609757635,41.6874182554192,31.9414976212711
gene-b0354,253.714861190634,188.179178953167,217.63353896158,197.04165734609,226.96442501862,182.492769721792,215.10893011326,282.521466247378,266.110116554467,339.175281971698,301.250588525011,274.164521249244
gene-b0355,520.947317444704,497.424682827253,522.954377601855,575.8990257888,556.705193441898,542.675867856907,748.509122670531,516.935562081117,531.230976170069,800.575890780043,401.929636387155,608.662982449778
gene-b0356,1716.7345730563,1780.46453932612,2065.4056731548,2663.64494976033,2465.56165480133,3240.04706944655,2274.3834440024,1553.43072462955,1760.87735117826,2624.78889381701,1396.92178908726,2436.42645744474
gene-b0357,151.812990712429,119.750386606561,173.26165237718,235.554344918281,220.540903555829,232.918403460708,217.732209748788,207.299032509686,152.345568585085,279.081162943679,96.7462725550296,210.281526006702
gene-b0358,27.0351901268709,30.2665812302297,31.6942047031427,31.3475363959689,28.9058465825601,60.8309232405972,11.3675450872861,17.4935892413237,14.8388540829628,25.463609757635,26.7428720883822,36.3778167353366
gene-b0360,84.2250153952516,81.5881754901844,71.8401973271235,89.5643897027683,67.4469753593069,84.0427228981935,58.5865785267822,72.5983953514936,69.2479857204932,69.2610185407671,96.7462725550296,90.5009099269349
gene-b0361,99.8222404684463,106.591003462983,90.8567201490091,88.6687458057406,122.046907793032,120.86143959645,67.3308439785407,80.4705105100892,71.2264995982216,85.5577287856535,119.556369336297,85.1773269900564
gene-b0363,11.4379650536761,10.5275065148625,14.7906288614666,19.704165734609,14.9882167465126,33.6170891592774,17.4885309035171,16.6189097792576,16.8173679606912,18.3337990254972,8.65210567565305,23.9561232159534
gene-b4731,0.0,0.0,0.0,0.0,0.0,1.6008137694894,0.0,0.874679462066187,0.989256938864189,3.0556331709162,0.786555061423005,0.0
gene-b0364,5.19907502439825,1.31593831435781,10.5647349010476,1.79128779405537,10.7058691046519,9.6048826169364,8.74426545175853,8.74679462066187,9.89256938864189,11.2039882933594,3.14622024569202,8.87263822813087
gene-b0365,10.3981500487965,6.57969157178906,5.28236745052379,3.58257558811073,0.0,12.8065101559152,3.49770618070341,2.62403838619856,5.93554163318513,5.09272195152699,2.35966518426901,2.66179146843926
gene-b0366,0.0,6.57969157178906,4.22589396041903,4.47821948513841,2.14117382093038,8.004068847447,1.74885309035171,2.62403838619856,0.0,4.07417756122159,1.57311012284601,1.77452764562617
gene-b0367,3.11944501463895,1.31593831435781,1.05647349010476,0.0,5.35293455232595,6.4032550779576,0.0,4.37339731033094,4.94628469432094,0.0,1.57311012284601,2.66179146843926
gene-b0368,28.0750051317505,30.2665812302297,28.5247842328284,18.8085218375813,8.56469528372151,35.2179029287668,14.8652512679895,16.6189097792576,14.8388540829628,24.4450653673296,19.6638765355751,20.407067924701
gene-b0369,1894.54293889072,2013.38562096745,2224.93317016062,2411.96901469555,3005.13745767579,2089.86237606841,2252.522780373,1740.61212951171,1893.43778098606,2897.75879041886,2022.23306291854,2645.82071962863
gene-b4767,91.5037204294091,118.434448292203,126.776818812571,120.911926098737,103.846930315123,108.855336325279,79.5728156110027,81.3451899721554,80.1298120479993,103.891527811151,77.0823960194544,104.697131091944
gene-b0372,44.7120452098249,42.11002605945,53.8801479953426,69.8602239681593,64.2352146279113,83.2423160134488,50.7167396201995,46.3580114895079,48.4735900043453,56.0199414667969,70.0034004666474,62.9957314197292
gene-b0373,53.0305652488621,55.2694092030281,51.7672010151331,73.44279955627,51.3881717023291,83.2423160134488,59.461005071958,49.8567293377727,71.2264995982216,72.3166517116833,95.9597174936066,96.7117566866265
gene-b0375,1.03981500487965,1.31593831435781,4.22589396041903,6.26950727919378,0.0,4.8024413084682,1.74885309035171,1.74935892413237,3.95702775545676,3.0556331709162,1.57311012284601,1.77452764562617
gene-b0376,929.594614362406,1040.90720665703,1063.86880453549,518.577816379028,580.258105472132,557.883598667056,940.882962609218,984.014394824461,867.578335383894,488.901307346591,792.847501914389,436.533800824039
gene-b0377,371.213956742035,276.347046015141,219.74648594179,270.48445690236,338.305463707,264.934678850496,240.46729992336,225.667301213076,210.711727978072,232.228120989631,241.472403856862,273.277257426431
gene-b0378,360.815806693238,269.767354443352,290.530209778808,254.362866755862,335.093702975604,304.154616202986,292.932892633911,289.518901943908,306.669651047899,282.136796114595,291.025372726512,268.840938312365
gene-b0379,7.27870503415754,15.7912597722938,9.50826141094281,19.704165734609,17.129390567443,20.0101721186175,7.86983890658268,13.994871393059,12.8603402052345,10.185443903054,11.0117708599221,18.6325402790748
gene-b0380,51.9907502439825,63.165039089175,71.8401973271235,37.6170436751627,28.9058465825601,44.0223786609585,98.8101996048714,125.953842537531,103.87197858074,62.1312078086293,125.062254766258,50.574037900346
gene-b0381,3178.71446991709,3472.76121159027,3709.2784237578,2976.22466982299,2916.27874410718,3177.61533243646,3470.59895780296,2812.09447054279,3027.12623292442,2864.14682553878,2781.25869719174,3229.64031503964
gene-b0382,189.246330888096,176.335734123947,193.334648689171,119.120638304682,95.2822350314018,157.680156294706,70.8285501592441,96.2147408272806,91.0116383755054,152.78165854581,166.749673021677,132.20230959915
gene-b0383,564.61954764965,568.485351802575,564.15684371594,437.074221749509,467.846479873288,497.052675426459,260.579110462404,317.508644730026,340.304386969281,490.938396127202,431.032173659807,403.705039379955
gene-b0384,157.012065736827,114.48663334913,174.318125867285,94.9382530849344,127.399842345357,119.26062582696,23.609516719748,34.9871784826475,36.602506737975,56.0199414667969,46.4067486239573,47.9122464319067
gene-b0385,18.7166700878337,14.4753214579359,16.9035758416761,21.4954535286644,20.3411512988386,30.4154616202986,15.7396778131654,13.994871393059,9.89256938864189,10.185443903054,10.2252157984991,18.6325402790748
gene-b0386,587.495477757002,589.5403648323,644.448828963902,557.986147848246,580.258105472132,514.661626890842,529.028059831391,525.682356701779,490.671441676638,586.681568815909,576.544860023062,522.598391636908
gene-b0387,181.967625853939,135.541646378855,169.035758416761,138.824804039291,131.682189987218,133.667949752365,160.020057767181,161.815700482245,142.452999196443,183.337990254972,222.59508238271,156.158432815103
gene-b0388,590.614922771641,456.630595082161,440.549445373684,437.969865646537,469.987653694218,325.765602091093,399.612931145365,427.718256950366,388.777976973626,483.808585395064,486.091027959417,541.230931915983
gene-b0389,396.169516859146,388.201802735555,340.184463813732,364.527066090267,314.752551676766,288.146478508092,272.821082094866,237.912813682003,239.400179205134,333.064015629865,313.835469507779,356.680056770861
gene-b0390,414.88618694698,585.592549889227,625.432306142016,352.883695428907,405.752439066307,430.618903992649,498.423130750237,334.127554509284,307.658907986763,281.11825172429,254.843839901053,391.283345860572
gene-b0391,513.668612410547,472.421854854455,475.413070547141,474.691265424672,538.50521596399,360.98350501986,273.695508640042,309.63652957143,316.56222043654,451.215164905292,648.121370612556,423.224843481843
gene-b4732,7.27870503415754,3.94781494307344,2.11294698020951,8.06079507324915,9.6352821941867,8.8044757321917,3.49770618070341,6.9974356965295,4.94628469432094,9.16689951274859,7.07899555280704,1.77452764562617
gene-b0393,710.1936483328,668.496663693769,691.990136018616,828.470604750607,997.787000553556,691.551548419421,1299.39784613132,1256.91438698911,1196.0116390868,1633.74520204986,711.832330587819,1106.41798704792
gene-b0394,222.520411044245,209.234191982892,238.763008763675,140.616091833346,170.223318763965,181.692362837047,160.894484312357,170.562495102907,149.377797768493,161.948558058558,235.179963365478,134.864101067589
gene-b0396,217.321336019847,244.764526470553,271.513686956923,256.154154549917,231.246772660481,236.920437884431,229.974181381249,173.186533489105,181.034019812147,203.70887806108,210.010201399942,213.830581297954
gene-b0397,708.114018323041,725.082011211155,818.766954831187,852.652989970354,1009.56345656867,749.981251005784,1037.06988257856,887.79965399718,937.815578043251,1109.19484104258,718.911326140626,958.244928638134
gene-b0398,458.558417151925,577.69692000308,556.761529285207,660.089552109402,665.905058309348,559.484412436545,651.447776156011,425.968898026233,487.703670860045,588.71865759652,395.637195895771,651.251645944806
gene-b0399,119.57872556116,122.382263235277,167.979284926656,155.842038082817,130.611603076753,260.132237542028,132.91283486673,131.201919309928,142.452999196443,263.802997089098,106.971488353529,206.732470715449
gene-b0400,114.379650536761,89.4838053763313,132.059186263095,126.285789480903,133.823363808149,208.105790033622,132.91283486673,125.079163075465,142.452999196443,169.078368790696,88.0941668793765,133.976837244776
gene-b0401,998.222404684463,1096.17661586006,1083.94180084748,1142.84161260732,1024.55167331519,1170.9952723815,2244.65294146642,1580.5457879536,1599.62847014339,1684.67242156513,1499.17394707225,1723.06634390302
gene-b0402,505.35009237151,431.627767109363,496.542540349236,538.281982113637,472.128827515148,494.651454772225,1048.43742766585,937.656383334953,785.470009458166,801.594435170349,637.109599752634,757.723304682377
gene-b0403,1738.57068815877,397.413370936059,284.19136883818,1988.32945140146,2500.89102284668,1296.65915328641,209.862370842205,855.436513900731,1008.05282070261,2339.5964645315,1275.79230962811,2634.28628993206
gene-b0404,153.892620722188,130.277893121423,161.640443986028,157.633325876872,139.176298360475,167.285038911642,156.522351586478,146.071470165053,142.452999196443,135.466403910618,112.47737378349,143.73673929572
gene-b0405,831.852003903719,759.296407384458,726.853761192073,746.967010121088,699.093252533768,645.928355988973,1364.10541047433,997.134586755453,923.965980899152,1109.19484104258,722.844101447741,1106.41798704792
gene-b0406,3965.85442861098,4303.11828795005,3825.49050766933,4836.47704394949,4903.28804993057,3933.9998385202,5871.77425085586,4672.53768635757,4412.08594733428,6047.09804524315,3862.77190664838,6209.07223204599
gene-b0407,3415.79229102965,3158.25195445875,3170.47694380438,3250.29170231346,3000.85511003393,2907.8782122775,3595.64195376311,3799.60758321552,3389.19427254871,4025.28743048693,3417.58174188296,3343.21008435971
gene-b0408,6955.32256763997,7671.92037270605,6813.19753768558,6006.18797346764,6548.78013131556,5526.80953916216,9986.82557245342,9670.45613260377,9317.8111071618,7682.88033607362,7446.31676649158,8538.13976693034
gene-b0409,3582.16269181039,3649.09694571422,3144.06510655176,2960.99872357352,3122.90201782696,2632.53824392532,5427.56556590652,5442.25561297582,5181.72784577062,4415.3899319739,4300.88307586099,4398.16676968447
gene-b0410,699.795498284004,726.397949525513,681.425401117568,630.533303507489,639.140385547718,593.901908480568,394.36637187431,380.485565998791,447.144136366613,498.06820685934,535.643996829066,651.251645944806
gene-b0411,7048.90591807914,9065.49904761097,10336.5366271849,5415.06300142937,4522.15910980496,5670.8827784162,20767.6304479265,17564.4382777511,16183.2542628793,9896.17729620725,17283.7609197091,7799.04900252704
gene-b0412,49.9111202342232,36.8462728020188,48.5977805448188,82.3992385265468,40.6823025976772,48.8248199694267,35.85148835221,41.984614179177,48.4735900043453,51.9457639055753,63.7109599752634,39.0396082037758
gene-b0413,393.050071844507,355.30334487661,342.297410793941,463.047894763312,460.352371500031,458.633144958713,606.852022352042,622.771776991125,608.393017401476,840.299122001954,639.469264936903,681.418615920451
gene-b0414,1585.71788244147,1562.01877914272,1502.30530292896,2008.92926103309,1873.52709331408,1750.48985693666,2079.38632442818,2031.88039037975,1989.39570405588,2713.40225577358,2089.87679820092,2496.76039739603
gene-b0415,1842.55218864674,1769.93703281126,1715.71294793013,1929.21695419763,1708.65670910244,1940.9866955059,2102.12141460275,2524.32492752302,2035.8907801825,2605.43655040121,2118.19278041215,2448.84815096412
gene-b0416,3164.15705984877,3068.76814908242,3247.59950858202,3441.95949627739,3667.83075525374,3546.60290630377,4227.85234592525,3737.50534140882,3860.08057544806,4650.67368613445,3173.74967284182,4495.76579019391
gene-b0417,831.852003903719,686.919800094778,793.411591068673,765.775531958669,736.56379440005,884.449607642894,1417.44542973006,1316.39259040961,1300.87287460641,1359.75676105771,877.00889348665,1167.63919082202
gene-b0418,232.918561093041,140.805399636286,172.205178887075,196.146013449063,194.846817704664,216.109858881069,247.462712284767,337.626272357548,287.873769209479,317.785849775284,357.095997886044,242.223023627973
gene-b0419,833.931633913479,898.785868706386,762.773859855635,449.613236307897,589.893387666319,486.647385924778,390.868665693607,460.956076508881,438.240823916836,345.28654831353,725.20376663201,386.847026746506
gene-b0420,3064.33481938033,3099.03473031265,3101.80616694757,2403.01257572527,2783.52596720949,2063.44894887184,3711.9406842715,3835.46944116023,3789.84333278871,2644.14123723281,2865.42008876401,2645.82071962863
gene-b0421,1939.25498410055,2693.72572949044,2292.54747352732,1861.14801802353,2049.10334663037,1551.18854263523,2280.50442981863,2013.51212167636,2135.80573100778,1500.31588691985,1721.76902945496,1583.76592372136
gene-b0422,999.262219689343,1077.75347945905,1057.52996359486,787.270985487333,1147.66916801868,562.686039975524,760.751094302993,739.104145445928,666.759176794463,606.033912231712,773.970180440237,524.372919282535
gene-b0423,2136.81983502768,2308.1558033836,2173.16596914549,2394.056136755,2856.32587712112,1896.16390996019,3354.30022729457,2438.60634024053,2535.46553430892,3520.08941289546,1661.99084478681,3386.68601167755
gene-b0424,380.572291785952,492.160929569822,521.89790411175,422.743919397066,528.869933769803,425.816462684181,455.57623003662,348.997105364409,425.380483711601,435.936999050711,470.359926730957,510.176698117525
gene-b0425,640.526043005864,588.224426517942,749.039704484273,561.568723436357,508.528782470965,534.67179900946,705.662221956914,602.654149363603,634.113697811945,600.941190280185,875.435783363804,671.658713869507
gene-b0426,696.676053269365,573.749105060007,787.072750128044,840.113975411967,692.669731070977,909.262221069979,1546.86055841608,1868.31533097338,1521.47717197312,1707.08039815185,1297.81585134796,1026.56424299474
gene-b0427,280.750051317505,280.294860958214,317.998520521532,407.517973147596,382.199527036072,346.576181094455,572.749387090184,554.546778949963,525.295434536884,465.474786369567,312.262359384933,321.189503858338
gene-b0428,17650.859707832,16026.8127305638,16117.5595650382,16329.3795306087,16838.1909277965,11848.4231148758,23460.8642070681,23311.957022988,21859.610578082,22240.9353067087,21443.8506395754,16714.2758941529
gene-b0429,4404.65636067019,4796.59515583423,4514.31122321763,4409.25490506728,4689.17066783753,3216.03486290421,5835.92276250365,5271.69311787291,5489.38675375738,5011.23840030256,5104.7423486353,4234.91022628687
gene-b0430,12429.9485683313,13931.8389341062,12199.0993902396,12007.8977274501,14759.1111476731,8747.64684337483,15277.9805973125,13847.9252434319,14463.9257031333,13855.2593413243,12868.0408048804,11512.2481009998
gene-b0431,50553.7259072388,53990.3171614724,48571.3687075662,48033.3821975946,54825.8262718328,36151.1773563791,63068.0145708084,59912.9191131476,58576.8711209652,59013.4434299045,45585.5851398317,50306.9714896792
gene-b0432,24861.9767666724,21655.0809010722,21060.7990252383,22049.8571009245,21046.6680728352,16545.2107145577,31350.8149241899,36541.4838867391,30904.3867701173,33979.6594049784,19629.2681128725,22808.0038292332
gene-b0433,1887.26423385656,1810.73112055635,1710.4305804796,1831.59176942161,2000.92693565944,1476.75070235397,2200.93161420762,1987.27173781438,2116.0205922305,1869.02895621041,1505.46638756363,2093.05535801607
gene-b0434,3938.81923848411,4183.36790134349,3800.13514390681,3807.38220626468,4288.77116332355,3423.34024605308,4115.05132159757,3608.05278102302,4036.16831056589,4050.75104024457,3322.40857945077,5217.11127814095
gene-b0435,698.755683279124,663.232910436338,781.79038267752,652.028757036153,531.011107590734,764.388574931189,454.701803491444,471.452230053675,544.091316375304,651.868409795455,698.460894543628,590.030442170703
gene-b0436,29060.7497563764,27637.3364781428,28485.6947136946,26170.7146711489,32931.2533659092,20057.3961248174,40370.5247376788,41056.5792699248,36995.2417427041,43766.852451423,28696.6748609569,33401.9338736215
gene-b0437,4983.83331838816,5136.10724093854,5318.28754918735,5298.62929481577,5395.75802874455,6071.08622078855,4111.55361541686,4450.36910299276,4615.87287674031,4696.50818369819,5052.82971458138,5547.17342022742
gene-b0438,10627.9491648749,10428.8111412857,11332.7911283537,11277.9479513726,13959.3827255556,13379.6014853924,10347.9637356111,11616.617935701,12566.5308943918,10855.6461118749,11033.7944016419,12658.5929600743
gene-b0439,8843.62661650142,5894.08771000864,8075.68335836076,7480.41782797521,9967.16413643091,17945.9227628609,13049.9417602044,20003.9192974537,20816.9337645191,8401.97267562923,8036.23306255884,8966.68819334906
gene-b0440,6752.55864168844,7196.86664122288,6475.12602085206,4153.99639441439,4225.6065356061,4575.12575320071,6172.57698239635,10313.3455372224,7980.33572581741,5366.71039251914,7271.70154285568,4405.26488026698
gene-b0441,5180.35835431041,5269.01701068868,4578.75610611402,4793.48613689216,4761.97057774916,4491.88343718726,7086.35272210512,7205.60940850125,6677.48433733328,7618.71203948438,6601.55663052328,7224.10204534416
gene-b0442,49.9111202342232,65.7969157178907,42.2589396041903,55.5299216157163,48.1764109709335,72.8370265117677,75.2006828851234,62.1022418066993,65.2909579650365,104.910072201456,66.0706251595324,96.7117566866265
gene-b0443,66.5481603122976,78.9562988614688,46.4848335646093,70.755867865187,51.3881717023291,68.8349920880442,36.7259148973858,36.7365374067799,41.5487914322959,51.9457639055753,42.4739733168422,55.8976208372245
gene-b0444,572.938067688687,560.589721916428,491.260172898712,411.996192632734,406.823025976772,426.616869568925,585.865785267822,591.283316356743,549.037601069625,634.553155160263,705.539890096435,440.082856115291
gene-b0445,317.143576488293,914.57712847868,732.136128642597,103.894692055211,100.635169583728,152.077308101493,194.122693029039,283.396145709445,309.637421864491,60.0941190280185,1248.26288247831,78.0792164075517
gene-b0446,190.286145892976,225.025451755186,204.955857080323,185.39828668473,185.211535510478,189.696431684494,105.805611966278,107.585573834141,132.560429807801,153.800202936115,202.144650785712,153.496641346664
gene-b0447,194.445405912494,173.703857495231,188.052281238647,308.997144474551,266.576140705832,238.521251653921,170.513176309291,182.808007571833,164.216651851455,278.062618553374,237.539628549747,352.243737656796
gene-b0448,311.944501463895,280.294860958214,246.158323194408,394.083314692181,342.58781134886,306.55583685722,354.142750796221,293.017619792173,249.292748593776,434.918454660405,317.768244814894,428.548426418721
gene-b0449,207.96300097593,175.019795809589,213.407645001161,276.753964181554,248.376163227924,202.502941840409,263.202390097932,239.662172606135,233.464637571949,328.989838068644,221.021972259864,280.375368008936
gene-b0450,7733.10419128995,6183.59413916736,5212.64020017687,1493.03837634515,1910.99763518036,414.610766297755,74.3262563399475,19.2429481654561,11.8710832663703,32.5934204897728,73.9361757737624,305.218755047702
gene-b0451,13991.7507056606,9824.79545499543,8534.19285306623,2667.22752534844,3334.87822609906,882.04838698866,138.159394137785,70.8490364273612,49.4628469432094,128.33659317848,152.591681916063,513.725753408778
gene-b0452,480.394532254398,489.529052941106,606.415783320131,706.663034754842,679.822688145395,688.349920880442,484.432306027423,460.956076508881,485.725156982317,580.570302474077,602.501177050022,633.506369488544
gene-b0453,2335.42450095969,2770.0501517232,2938.05277598133,1811.887603687,2906.64346191299,1734.48171924177,365.510295883507,322.756721502423,357.121754929972,603.996823451101,322.487575183432,718.683696478601
gene-b0454,68.6277903220569,61.8491007748172,61.2754624260759,65.3820044830209,50.3175847918639,95.2484192846193,45.4701803491444,47.2326909515741,58.3661593929871,66.2053853698509,136.07402562618,51.4613017231591
gene-b0455,23.9157451122319,7.89562988614688,14.7906288614666,15.2259462494706,21.4117382093038,22.4113927728516,13.9908247228137,37.6112168688461,14.8388540829628,40.7417756122159,28.3159822112282,17.7452764562617
gene-b0456,22.8759301073523,18.4231364010094,11.6212083911523,34.9301119840796,18.1999774779082,46.4235993151926,9.61869199693439,9.62147408272806,11.8710832663703,50.9272195152699,27.5294271498052,80.7410078759909
gene-b0457,203.803740956411,211.866068611608,226.085326882418,240.032564403419,185.211535510478,275.339968352177,204.61581157115,215.171147668282,217.636526550122,243.43210928299,304.396808770703,203.183415424197
gene-b0458,841.210338947636,856.675842646936,836.727004162968,962.817189304759,853.257767640756,934.074834497065,847.319322275402,771.467285542377,776.566697008388,812.798423463708,417.660737615615,704.487475313591
gene-b0459,953.510359474638,1347.5208339024,1305.80123376948,943.11302357015,791.163726833775,981.298840697002,1408.7011642783,1263.91182268564,1294.93733297322,618.256444915377,919.482866803492,816.28271698804
gene-b0460,1171.87151049936,1259.35296684043,1015.27102399067,1332.71811877719,1224.75142557218,1192.6062582696,821.086525920127,708.490364273612,875.492390894807,910.578684933026,1294.66963110227,1162.31560788514
gene-b0461,571.898252683807,469.789978225739,377.161035967398,545.447133289859,496.752326455848,502.655523619672,252.709271555822,290.393581405974,287.873769209479,460.38206441804,665.425581963862,473.798881382189
gene-b0462,8688.69418077435,9207.62038556162,8905.015048093,9969.41221781514,11607.3032832636,8941.34530948305,13176.7336092549,10834.6544966139,10376.3160317465,9918.58527279397,10328.2545115455,10440.4334030416
gene-b0463,2204.40781034486,1943.64089030649,1968.21011206516,2236.42281087812,2471.98517626412,2102.66888622433,3102.46538228393,3181.20920353472,2564.15398553598,2851.92429285512,2333.70886724205,2353.91092192312
gene-b0464,214.201891005208,272.399231072067,250.384217154827,260.632374035056,172.364492584895,323.364381436859,441.585405313806,411.974026633174,421.423455956144,265.840085869709,356.309442824621,284.811687123001
gene-b0465,1342.40117129963,1217.24294078098,1210.71861966005,1514.53382987381,1517.02165212917,1570.3983078691,2445.77104685686,2142.96468206216,2028.96598161045,2736.82877675061,1724.91524970065,2287.36613521214
gene-b0466,30.1546351415098,22.3709513440828,21.1294698020951,23.2867413227198,28.9058465825601,18.4093583491281,34.1026352618583,35.8618579447137,30.6669651047899,45.8344975637429,29.1025372726512,40.814135849402
gene-b0467,236.03800610768,211.866068611608,238.763008763675,211.371959698533,238.740881033737,239.321658538665,271.94665554969,260.654479695724,244.346463899455,303.526228311009,226.527857689825,275.051785072057
gene-b0468,176.76855082954,176.335734123947,146.849815124561,257.049798446945,225.893838108155,164.083411372664,346.272911889638,324.506080426556,284.905998392886,183.337990254972,337.432121350469,150.834849878225
gene-b0469,3247.34226023914,3177.99102917412,3213.79235689867,3479.57653995255,3264.21949000836,3697.07940063577,5455.54721535215,4155.60212427646,3626.61593787612,5882.09385401368,3223.30264171147,5429.16733179328
gene-b0470,1920.53831401271,1850.20926998709,1548.79013649357,1816.36582317214,2081.22095394433,1513.56941905223,2565.56748354595,2289.03615222721,2218.90331387238,2751.08839821488,2188.1961808788,2698.1692851746
gene-b0471,1692.81882794407,1633.07944811805,1582.59728817693,1761.73154545345,1830.70361689547,1675.25160977066,2655.63341769907,2469.22012141285,2497.87377063208,3136.09817775032,2364.38451463755,2639.60987286893
gene-b0472,1493.17434700718,1186.97635955075,1273.05055557623,1558.42038082817,1667.97440650476,1263.04206412714,2348.70970034234,2321.39929232366,2070.51477304275,2719.51352211541,1838.17917854556,1904.9554275797
gene-b0473,7224.6346539038,4446.55556421505,7530.54303746671,6686.87733520868,8376.27198747964,25775.5029094336,15073.3647857414,24195.3832796749,28037.5201612888,6162.19356134766,8862.11587705299,8395.29029145743
gene-b0474,6769.19568176652,6823.14015994526,7562.23724216985,7484.00040356332,7343.15561888073,5485.18838115543,6636.02305133955,5224.46042692134,5084.78066576193,7863.16269315768,3945.36018809779,6799.10267421669
gene-b0475,254.754676195514,231.605143326975,225.028853392313,286.606047048859,283.705531273275,324.965195206348,331.407660621648,349.871784826475,291.830796964936,373.805791242081,291.811927787935,385.07249910088
gene-b0476,49.9111202342232,71.0606689753219,44.3718865843998,33.1388241900243,28.9058465825601,48.024413084682,55.9632988912546,57.7288444963684,55.3983885763946,42.7788643928267,107.758043414952,35.4905529125235
gene-b0477,800.65755375733,719.818257953724,739.53144307333,751.445229606226,722.646164564003,665.938528107591,1510.1346435187,1198.31086303068,1153.47359071564,1413.73961374389,703.966779973589,1141.02127613763
gene-b0478,993.023329660065,822.461446473633,918.075462901034,1025.5122620967,1062.02221518147,864.439435524276,947.878374970625,837.068245197341,749.856759659055,1198.82674738945,827.455924617001,1086.01091912322
gene-b0479,293.227831376061,252.6601563567,229.254747352732,210.476315801505,264.434966884902,231.317589691218,177.508588670698,163.565059406377,186.969561445332,202.690333670774,246.978289286823,182.776347499496
gene-b0480,997.182589679584,921.156820050469,1045.90875520371,789.062273281389,794.37548756517,930.072800073342,700.415662685859,795.083631018164,657.855864344686,725.203605897444,930.494637663414,699.163892376713
gene-b0481,274.511161288227,280.294860958214,327.506781932475,276.753964181554,323.317246960487,303.354209318241,278.067641365921,258.030441309525,265.120859615603,323.897116117117,283.159822112282,342.483835605852
gene-b4585,9.35833504391684,15.7912597722938,6.33884094062854,8.06079507324915,12.8470429255823,8.004068847447,6.99541236140683,10.4961535447942,4.94628469432094,9.16689951274859,9.43866073707606,6.21084675969161
gene-b0482,561.500102635011,618.491007748172,610.64167728055,635.011522992627,681.963861966325,557.883598667056,396.115224964662,315.759285805894,330.411817580639,335.101104410476,716.551660956357,395.719664974637
gene-b0483,564.61954764965,710.606689753219,790.242170598358,599.18576711152,559.916954173294,617.113708138164,480.934599846719,450.459922964086,465.940018205033,382.97269075483,820.376929064194,583.819595411012
gene-b0484,1007.58073972838,1042.22314497139,1045.90875520371,1060.44237408078,1188.35147061636,1090.15417702228,639.205804523549,682.249980411626,731.060877820636,1117.34319616502,1112.97541191355,1431.15654619751
gene-b0485,150.773175707549,205.286377039819,161.640443986028,60.0081411008548,78.1528444639588,56.8288888168737,51.5911661653754,42.8592936412432,39.5702775545676,38.7046868316051,45.6201935625343,33.7160252668973
gene-b0486,75.9064953562144,96.0634969481203,82.4049322281711,53.738633821661,54.5999324337246,53.6272612778949,33.2282087166824,39.3605757929784,43.5273053100243,29.5377873188566,40.1143081325732,34.6032890897104
gene-b0487,155.972250731947,168.4401042378,174.318125867285,162.111545362011,169.1527318535,181.692362837047,104.931185421102,163.565059406377,114.753804908246,187.412167816193,233.606853242632,206.732470715449
gene-b0488,53.0305652488621,36.8462728020188,57.0495684656569,90.460033599796,97.4234088523322,84.8431297829382,81.3216687013544,87.4679462066187,76.1727842925425,206.764511231996,106.971488353529,125.104199016645
gene-b0489,346.258396624923,319.773010388949,288.417262798599,495.291075056309,431.446524917471,493.85104788748,271.94665554969,328.879477736886,325.465532886318,675.294930772479,493.170023512224,704.487475313591
gene-b0490,257.874121210153,239.500773213122,254.610111115246,243.61513999153,210.905621361642,242.523286077644,237.844020287832,202.925635199355,227.529095938763,322.878571726811,438.111169212614,259.968300084235
gene-b0491,84.2250153952516,102.643188519909,101.421455050057,75.2340873503254,99.5645826732626,88.8451642066617,90.9403606982888,100.588138137612,99.9149508252831,125.280960007564,184.840439434406,125.104199016645
gene-b0492,2180.49206523262,1484.37841859561,2013.63847213967,1652.46299001608,1858.53887656757,3869.96728774063,1894.0078968509,3119.98164119009,3163.64369048768,1733.56255229979,1832.6732931156,1991.02001839257
gene-b0493,593.73436778628,497.424682827253,569.439211166464,501.560582335502,664.834471398882,505.857151158651,461.697215852851,471.452230053675,450.111907183206,417.603200025213,538.003662013335,596.241288930395
gene-b0494,326.50191153221,285.558614215645,253.553637625142,190.772150066896,278.352596720949,247.325727386112,198.494825754919,211.672429820017,200.81915858943,189.449256596804,329.566570736239,240.448495982347
gene-b0495,204.843555961291,157.912597722938,133.115659753199,154.946394185789,186.282122420943,172.887887104855,93.5636403338163,123.329804151332,123.657117358024,163.985646839169,147.872351547525,184.550875145122
gene-b0496,303.625981424858,236.868896584406,245.101849704304,226.597905948004,279.423183631414,251.327761809836,146.029233044368,167.063777254642,175.098478178961,208.801600012607,192.705990048636,254.644717147356
gene-b0497,102.941685483085,102.643188519909,123.607398342257,156.737681979845,112.411625598845,177.690328413323,93.5636403338163,103.21217652381,99.9149508252831,105.928616591761,132.141250319065,133.976837244776
gene-b0498,18.7166700878337,15.7912597722938,9.50826141094281,21.4954535286644,27.8352596720949,21.6109858881069,12.2419716324619,7.87211515859569,18.7958818384196,30.556331709162,26.7428720883822,14.1962211650094
gene-b0502,53.0305652488621,64.4809774035328,44.3718865843998,68.0689361741039,73.870496822098,51.2260406236608,68.2052705237166,60.3528828825669,54.4091316375304,80.4650068341265,65.2840700981094,48.7995102547198
gene-b0503,232.918561093041,211.866068611608,249.327743664723,278.545251975609,307.258443303509,264.934678850496,296.430598814614,264.153197543989,263.142345737874,299.452050749787,271.361496190937,309.655074161768
gene-b0504,15.5972250731947,26.3187662871563,25.3553637625142,10.7477267643322,14.9882167465126,11.2056963864258,9.61869199693439,3.49871784826475,10.8818263275061,5.09272195152699,22.8100967812671,15.9707488106356
gene-b0505,37.4333401756674,32.8984578589453,31.6942047031427,27.7649608078582,36.3999549558164,34.4174960440221,41.0980476232651,41.1099347171108,37.5917636768392,17.3152546351918,34.6084227026122,21.2943317475141
gene-b0506,678.999198186411,563.221598545144,660.295931315473,792.644848869499,740.846142041911,1037.32732262913,799.22586229073,886.924974535114,775.577440069524,737.426138581108,956.450954690374,852.660533723377
gene-b0507,18.7166700878337,30.2665812302297,33.8071516833522,32.2431802929966,21.4117382093038,29.6150547355539,21.8606636293963,40.2352552550446,23.7421665327405,23.4265209770242,43.2605283782653,25.7306508615795
gene-b0508,9.35833504391684,10.5275065148625,6.33884094062854,14.3303023524429,7.49410837325632,10.4052895016811,11.3675450872861,5.24807677239712,4.94628469432094,7.12981073213779,7.07899555280704,12.4216935193832
gene-b0509,11.4379650536761,15.7912597722938,6.33884094062854,17.017234043526,11.7764560151171,22.4113927728516,6.12098581623097,12.2455124689266,9.89256938864189,20.370887806108,15.7311012284601,16.8580126334487
gene-b0511,3.11944501463895,9.21156820050469,7.3953144307333,8.06079507324915,2.14117382093038,8.004068847447,3.49770618070341,0.874679462066187,3.95702775545676,3.0556331709162,6.29244049138404,3.54905529125235
gene-b0512,25.9953751219912,26.3187662871563,25.3553637625142,41.1996192632734,28.9058465825601,48.024413084682,22.7350901745722,27.989742786118,25.7206804104689,42.7788643928267,38.5411980097272,38.1523443809628
gene-b0513,23.9157451122319,26.3187662871563,29.5812577229332,32.2431802929966,35.3293680453512,19.2097652338728,8.74426545175853,13.994871393059,8.9033124497777,13.2410770739702,16.5176562898831,10.647165873757
gene-b0514,24.9555601171116,42.11002605945,35.9200986635617,28.6606047048859,41.7528895081424,32.016275389788,22.7350901745722,36.7365374067799,17.8066248995554,29.5377873188566,18.8773214741521,34.6032890897104
gene-b0515,195.485220917374,196.074808839314,212.351171511056,234.658701021253,198.05857843606,257.731016887793,125.042995960147,104.086855985876,159.270367157134,253.617553186044,162.816897714562,239.561232159534
gene-b0516,84.2250153952516,73.6925456040375,62.3319359161807,77.0253751443807,88.8587135686107,92.0467917456405,48.0934599846719,61.2275623446331,50.4521038820736,79.4464624438211,66.0706251595324,86.9518546356826
gene-b0517,14.5574100683151,23.6868896584406,21.1294698020951,12.5390145583876,7.49410837325632,18.4093583491281,6.99541236140683,6.12275623446331,12.8603402052345,11.2039882933594,15.7311012284601,9.75990205094396
gene-b0518,9.35833504391684,9.21156820050469,2.11294698020951,4.47821948513841,6.42352146279113,11.2056963864258,6.12098581623097,2.62403838619856,7.91405551091351,4.07417756122159,7.07899555280704,1.77452764562617
gene-b4572,10.3981500487965,21.055013029725,20.0729963119904,15.2259462494706,14.9882167465126,14.4073239254046,17.4885309035171,21.8669865516547,5.93554163318513,15.278165854581,9.43866073707606,13.3089573421963
gene-b0520,7.27870503415754,10.5275065148625,21.1294698020951,11.6433706613599,16.0588036569778,28.0142409660645,10.4931185421102,11.3708330068604,14.8388540829628,18.3337990254972,11.0117708599221,14.1962211650094
gene-b0521,4.1592600195186,5.26375325743125,5.28236745052379,8.95643897027683,7.49410837325632,7.2036619627023,9.61869199693439,12.2455124689266,10.8818263275061,14.2596214642756,7.86555061423005,13.3089573421963
gene-b0522,3300.37282548801,3068.76814908242,3289.85844818621,4219.37839889741,5148.45245242709,3234.44422125333,5725.74501781149,5012.78799710132,4558.49597428618,6024.69006865643,2270.78446232821,5057.4037900346
gene-b0523,1704.25679299775,1709.4038703508,1666.0586938952,2016.99005610634,2266.43248945481,1552.78935640472,2611.91209044027,2177.07718108274,1917.1799475188,2549.41660893441,1064.99555316675,2624.52638788111
gene-b0524,1053.33259994308,1092.22880091698,1071.26411896622,1252.1101680447,1341.44539881288,878.046352564936,1176.9781298067,954.27529311421,990.246195803053,1013.45166835387,833.748365108385,1108.19251469355
gene-b0525,5952.94090293599,6211.22884376888,6655.78298765997,6127.99554346341,5502.81671979107,5964.63210511751,6726.96341203784,6588.08570828252,6247.15756892735,6877.21172334205,6920.89798546102,6892.26537561206
gene-b0526,2116.02353493009,2267.36171563851,2459.47028496387,2821.2782756372,2841.33766037461,2514.0780249831,3463.60354544156,2597.79800233658,2735.29543595948,3487.49599240568,1933.35234097775,3169.30637508835
gene-b0527,49.9111202342232,22.3709513440828,38.0330456437713,55.5299216157163,63.1646277174462,48.8248199694267,43.7213272587927,32.3631400964489,35.6132497991108,63.1497521989347,56.6319644224563,52.3485655459722
gene-b0528,87.3444604098905,57.9012858317438,47.5413070547141,101.207760364128,117.764560151171,78.4398747049806,119.796436689092,165.314418330509,109.807520213925,168.059824400391,106.971488353529,102.922603446318
gene-b0529,3049.77740931201,2893.74835327283,2873.60789308494,3124.90155672959,3299.54885805371,2376.40804080701,3467.97567816744,2771.85921528775,2762.00537330882,4055.8437621961,2697.09730561948,3961.63296886044
gene-b0530,6.2388900292779,2.63187662871563,7.3953144307333,11.6433706613599,12.8470429255823,10.4052895016811,0.874426545175853,1.74935892413237,4.94628469432094,7.12981073213779,5.50588542996103,7.0981105825047
gene-b0531,0.0,0.0,2.11294698020951,2.68693169108305,0.0,2.4012206542341,0.874426545175853,0.0,1.97851387772838,2.0370887806108,0.0,3.54905529125235
gene-b0532,46.7916752195842,30.2665812302297,29.5812577229332,140.616091833346,67.4469753593069,144.873646138791,51.5911661653754,34.9871784826475,28.6884512270615,100.835894640234,52.6991891153413,153.496641346664
gene-b0533,3.11944501463895,1.31593831435781,3.16942047031427,10.7477267643322,0.0,13.6069170406599,2.62327963552756,3.49871784826475,3.95702775545676,5.09272195152699,4.71933036853803,16.8580126334487
gene-b0534,6.2388900292779,10.5275065148625,2.11294698020951,8.95643897027683,7.49410837325632,13.6069170406599,7.86983890658268,6.12275623446331,4.94628469432094,11.2039882933594,8.65210567565305,16.8580126334487
gene-b0535,11.4379650536761,9.21156820050469,9.50826141094281,10.7477267643322,16.0588036569778,20.8105790033622,6.12098581623097,9.62147408272806,7.91405551091351,11.2039882933594,7.07899555280704,9.75990205094396
gene-b0536,32.2342651512691,40.7940877450922,25.3553637625142,42.9909070573288,39.611715687212,47.2240061999373,28.8560759908032,34.1124990205813,15.828111021827,23.4265209770242,32.2487575183432,34.6032890897104
gene-b0537,466.876937190963,484.265299683675,468.017756116407,442.448085131675,393.97598305119,396.201407948627,318.291262444011,346.37306697821,365.035810440886,371.76870246147,649.694480735402,383.297971455254
gene-b0540,49.9111202342232,69.7447306609641,52.8236745052379,60.9037849978824,63.1646277174462,78.4398747049806,59.461005071958,45.4833320274417,65.2909579650365,79.4464624438211,79.4420612037235,92.2754375725611
gene-b0541,48.8713052293435,60.5331624604594,41.2024661140855,58.2168533067994,48.1764109709335,53.6272612778949,48.0934599846719,42.8592936412432,63.3124440873081,49.9086751249645,67.6437352823784,56.7848846600376
gene-b0543,144.534285678271,188.179178953167,207.068804060532,334.075173591326,243.023228675598,368.987573867307,328.784380986121,293.017619792173,284.905998392886,437.974087831321,287.87915248082,520.823863991282
gene-b4733,0.0,1.31593831435781,2.11294698020951,2.68693169108305,1.07058691046519,2.4012206542341,3.49770618070341,0.874679462066187,0.0,2.0370887806108,3.93277530711502,0.887263822813087
gene-b0544,17.676855082954,21.055013029725,26.4118372526189,43.8865509543565,31.0470204034905,48.8248199694267,39.3491945329134,34.9871784826475,48.4735900043453,55.0013970764915,30.6756473954972,47.0249826090936
gene-b0545,16.6370400780744,11.8434448292203,4.22589396041903,15.2259462494706,19.2705643883734,25.6130203118304,10.4931185421102,6.12275623446331,11.8710832663703,18.3337990254972,14.1579911056141,15.9707488106356
gene-b0546,103.981500487965,125.014139863992,116.212083911523,232.867413227198,109.199864867449,284.144444084369,82.1960952465302,87.4679462066187,110.796777152789,187.412167816193,148.658906608948,201.408887778571
gene-b4588,7.27870503415754,6.57969157178906,5.28236745052379,14.3303023524429,17.129390567443,15.2077308101493,4.37213272587927,3.49871784826475,8.9033124497777,6.11126634183239,3.14622024569202,18.6325402790748
gene-b0547,3.11944501463895,0.0,0.0,9.85208286730451,6.42352146279113,8.004068847447,0.874426545175853,0.874679462066187,0.989256938864189,3.0556331709162,1.57311012284601,4.43631911406544
gene-b0548,0.0,0.0,0.0,0.895643897027683,2.14117382093038,1.6008137694894,0.0,0.0,1.97851387772838,0.0,1.57311012284601,0.887263822813087
gene-b0549,0.0,1.31593831435781,0.0,6.26950727919378,2.14117382093038,5.6028481932129,0.874426545175853,0.874679462066187,0.0,3.0556331709162,1.57311012284601,5.32358293687852
gene-b0550,0.0,2.63187662871563,0.0,0.0,0.0,1.6008137694894,0.0,0.0,0.0,1.0185443903054,0.786555061423005,0.0
gene-b4509,0.0,0.0,0.0,0.0,0.0,0.0,0.0,0.0,0.0,0.0,0.0,0.0
gene-b0551,6.2388900292779,7.89562988614688,8.45178792083806,11.6433706613599,5.35293455232595,15.2077308101493,1.74885309035171,15.7442303171914,10.8818263275061,14.2596214642756,14.9445461670371,10.647165873757
gene-b0552,2179.45225022774,2284.46891372516,2339.03230709193,2098.49365073586,1706.51553528151,2131.48353407514,2263.01589891511,2791.97684291527,2701.6607000381,1108.17629665227,1947.51033208336,1020.35339623505
gene-b0554,4.1592600195186,7.89562988614688,9.50826141094281,2.68693169108305,2.14117382093038,7.2036619627023,9.61869199693439,12.2455124689266,8.9033124497777,3.0556331709162,11.0117708599221,6.21084675969161
gene-b0555,30.1546351415098,36.8462728020188,38.0330456437713,30.4518924989412,34.258781134886,27.2138340813198,60.3354316171339,35.8618579447137,53.4198746986662,32.5934204897728,61.3512947909944,47.9122464319067
gene-b0556,4.1592600195186,1.31593831435781,3.16942047031427,1.79128779405537,3.21176073139557,3.2016275389788,5.24655927105512,4.37339731033094,3.95702775545676,0.0,7.07899555280704,0.887263822813087
gene-b4510,0.0,0.0,0.0,0.0,0.0,0.0,0.0,0.0,0.0,0.0,0.0,0.0
gene-b0557,1031.49648484061,1211.97918752355,1906.93464963909,1902.3476372868,1450.64526368033,3510.58459649026,5819.30865814531,4759.13095310213,5477.51567049101,3114.70874555391,2422.58958918285,2783.34661216466
gene-b0558,2.0796300097593,1.31593831435781,1.05647349010476,8.95643897027683,3.21176073139557,8.004068847447,11.3675450872861,2.62403838619856,5.93554163318513,3.0556331709162,24.3832069041131,6.21084675969161
gene-b0559,2.0796300097593,17.1071980866516,16.9035758416761,19.704165734609,13.9176298360475,38.4195304677456,57.7121519816063,45.4833320274417,43.5273053100243,36.6675980509943,162.816897714562,53.2358293687852
gene-b4589,3.11944501463895,0.0,2.11294698020951,2.68693169108305,2.14117382093038,2.4012206542341,0.874426545175853,0.874679462066187,0.0,2.0370887806108,1.57311012284601,3.54905529125235
gene-b0560,0.0,5.26375325743125,7.3953144307333,10.7477267643322,7.49410837325632,4.8024413084682,6.12098581623097,15.7442303171914,4.94628469432094,2.0370887806108,14.1579911056141,7.0981105825047
gene-b0561,4.1592600195186,6.57969157178906,4.22589396041903,9.85208286730451,5.35293455232595,2.4012206542341,5.24655927105512,1.74935892413237,3.95702775545676,2.0370887806108,3.14622024569202,5.32358293687852
gene-b0563,3.11944501463895,6.57969157178906,4.22589396041903,6.26950727919378,2.14117382093038,5.6028481932129,0.874426545175853,2.62403838619856,3.95702775545676,2.0370887806108,2.35966518426901,7.98537440531779
gene-b0564,45.7518602147046,61.8491007748172,100.364981559952,78.8166629384361,71.7293230011677,180.891955952302,139.033820682961,118.956406841001,129.592658991209,75.3722848825995,344.511116903276,50.574037900346
gene-b0565,19949.8906836209,24897.5529076498,33445.8377497364,29058.2705951661,26938.1078411251,40871.9771626034,24139.4192061246,22584.223710549,24437.6141607621,13450.8972183731,19117.2207678861,17387.7091356681
gene-b0566,18.7166700878337,18.4231364010094,23.2424167823047,17.017234043526,13.9176298360475,28.0142409660645,13.9908247228137,7.87211515859569,13.8495971440986,12.2225326836648,18.8773214741521,13.3089573421963
gene-b0567,33.2740801561488,42.11002605945,58.1060419557616,40.3039753662457,31.0470204034905,76.0386540507465,80.4472421561785,63.8516007308317,66.2802149039007,58.0570302474077,36.9680878868812,61.221203774103
gene-b0568,229.799116078402,253.976094671058,270.457213466818,259.736730138028,232.317359570946,372.189201406286,311.295850082604,256.281082385393,279.959713698565,294.35932879826,195.065655232905,255.531980970169
gene-b0569,86.3046454050109,71.0606689753219,82.4049322281711,86.8774580116852,89.9293004790759,122.462253365939,104.931185421102,69.0996775032288,69.2479857204932,108.984249762678,61.3512947909944,88.7263822813087
gene-b0570,195.485220917374,207.918253668534,216.577065471475,237.345632712336,255.87027160118,200.101721186175,260.579110462404,254.53172346126,273.034915126516,245.469198063601,168.322783144523,225.365010994524
gene-b0571,232.918561093041,193.442932210599,208.125277550637,217.641466977727,239.811467944202,238.521251653921,275.444361730394,251.907685075062,242.367950021726,256.67318635696,194.279100171482,290.13527005988
gene-b0572,3.11944501463895,3.94781494307344,6.33884094062854,6.26950727919378,8.56469528372151,14.4073239254046,9.61869199693439,4.37339731033094,6.92479857204932,14.2596214642756,4.71933036853803,10.647165873757
gene-b0573,7.27870503415754,6.57969157178906,11.6212083911523,11.6433706613599,8.56469528372151,10.4052895016811,6.12098581623097,9.62147408272806,13.8495971440986,9.16689951274859,12.5848809827681,9.75990205094396
gene-b0574,10.3981500487965,15.7912597722938,16.9035758416761,22.3910974256921,20.3411512988386,32.8166822745327,15.7396778131654,13.1201919309928,15.828111021827,31.5748760994674,22.0235417198441,26.6179146843926
gene-b0575,33.2740801561488,43.4259643738078,54.9366214854474,44.7821948513841,52.4587586127943,64.032550779576,32.3537821715066,40.2352552550446,37.5917636768392,47.8715863443537,38.5411980097272,42.5886634950282
gene-b0576,651.96400805954,551.378153715924,555.705055795102,636.802810786683,540.646389784921,665.938528107591,1222.44831015584,1063.61022587248,1074.33303560651,1110.21338543288,588.343185944407,939.61238835906
gene-b0577,534.46491250814,547.43033877285,578.947472577407,857.131209455493,776.175510087262,824.419091287041,880.547530992084,767.093888232046,774.58818313066,994.099324938069,867.570232749574,1035.43688122287
gene-b0578,1692.81882794407,1521.22469139763,1671.34106134573,1538.71621509356,1649.77442902686,1545.58569444202,1374.59852901644,1527.19034076756,1357.26052012167,1755.97052888651,1673.00261564673,1520.77019230163
gene-b0579,220.440781034486,250.028279727984,213.407645001161,237.345632712336,202.340926077921,248.126134270857,167.015470128588,168.813136178774,133.549686746665,226.116854647798,223.381637444133,225.365010994524
gene-b0580,99.8222404684463,126.33007817835,82.4049322281711,78.8166629384361,103.846930315123,96.048826169364,126.791849050499,111.084291682406,74.1942704148142,128.33659317848,73.9361757737624,140.187684004468
gene-b0581,149.73336070267,122.382263235277,154.245129555295,144.198667421457,148.811580554661,150.476494332004,20.9862370842205,30.6137811723166,28.6884512270615,37.6861424412997,71.5765105894934,62.9957314197292
gene-b4700,0.0,0.0,1.05647349010476,1.79128779405537,0.0,0.0,0.0,1.74935892413237,2.96777081659257,0.0,0.0,2.66179146843926
gene-b4415,0.0,0.0,0.0,0.895643897027683,0.0,2.4012206542341,0.874426545175853,0.0,0.0,2.0370887806108,0.786555061423005,0.0
gene-b0582,1383.99377149481,1272.51234998401,1514.98298481022,1078.35525202133,1165.86914549659,1624.025569147,1722.62029399643,1484.33104712632,1756.9203234228,848.447477124397,914.763536434954,925.41616719405
gene-b0583,103.981500487965,89.4838053763313,47.5413070547141,230.180481536115,147.740993644196,72.8370265117677,164.39219049306,167.063777254642,158.28111021827,38.7046868316051,534.857441767643,95.8244928638134
gene-b0584,1011.7399997479,717.186381325008,423.645869532008,1824.42661824539,1072.72808428612,445.826634802798,1939.47807720004,2659.02556468121,2223.8495985667,740.481771752025,5128.33900047799,959.132192460947
gene-b0585,371.213956742035,261.871724557205,143.680394654247,711.14125423998,660.552123757022,231.317589691218,1056.30726657243,1257.78906645118,1422.5514780867,84.5391843953481,1669.06984033962,220.928691880459
gene-b4511,55.1101952586214,25.0028279727984,24.2988902724094,93.146965290879,49.2469978813987,30.4154616202986,140.782673773312,210.797750357951,160.259624095999,28.5192429285512,431.032173659807,62.9957314197292
gene-b0586,1310.16690614836,977.742167567855,587.399260498245,2119.0934603675,1393.90415742568,648.329576643207,2107.36797387381,2681.76723069493,2227.80662632215,487.882762956286,7169.44938487069,1644.09986367265
gene-b0587,5.19907502439825,3.94781494307344,4.22589396041903,10.7477267643322,7.49410837325632,5.6028481932129,27.1072229004515,27.1150633240518,16.8173679606912,14.2596214642756,42.4739733168422,26.6179146843926
gene-b0588,236.03800610768,147.385091208075,83.4614057182758,327.805666312132,282.63494436281,115.258591403237,376.003414425617,439.089089957226,377.89615064612,83.5206400050427,646.54826048971,135.751364890402
gene-b0589,113.339835531882,73.6925456040375,35.9200986635617,203.311164625284,159.517449659313,76.8390609354912,233.471887561953,286.894863557709,238.41092226627,46.8530419540483,307.543029016395,82.5155355216171
gene-b0590,160.131510751466,103.959126834267,86.6308261885901,302.727637195357,301.905508751183,168.885852681132,578.870372906415,611.400943984265,549.037601069625,110.002794152983,568.679309408832,191.648985727627
gene-b0591,175.728735824661,105.275065148625,79.2355117578568,363.631422193239,280.49377054188,148.875680562514,477.436893666016,544.925304867235,514.413608209378,137.503492691229,456.201935625343,174.790973094178
gene-b0592,398.249146868906,384.253987792481,278.909001387656,680.689361741039,568.481649457015,330.568043399561,626.089406345911,602.654149363603,698.415398838117,170.096913181002,755.092858966084,271.502729780805
gene-b0593,640.526043005864,398.729309250417,214.464118491266,1707.99291163179,1302.90427003614,500.254302965438,2096.00042878652,2582.92845148145,2635.3804851342,248.524831234517,1887.73214741521,609.550246272591
gene-b0594,678.999198186411,511.900004285189,292.643156759018,1867.41752530272,1128.39860363031,433.020124646883,1832.79803868859,2362.50922704077,2098.21396733094,377.879968803303,3063.6319642426,828.704410507424
gene-b0595,638.446412996105,460.578410025235,242.988902724094,1275.39690936742,636.999211726788,272.138340813198,1048.43742766585,1291.02688600969,1105.98925765016,351.397814655362,3305.89092316089,826.042619038984
gene-b0596,401.368591883545,367.14678970583,171.148705396971,858.02685335252,401.470091424446,175.289107759089,590.237917993701,688.372736646089,551.016114947353,215.931410744744,1838.96573360698,472.911617559376
gene-b0597,161.171325756346,128.961954807066,67.6143033667045,317.953583444827,149.882167465126,67.2341783185548,241.341726468536,311.385888495563,238.41092226627,88.6133619565697,823.523149309886,176.565500739804
gene-b0598,3791.1655077912,4428.13242781404,2815.50185112918,950.278174746372,820.069573416335,778.795898856593,1205.8342057975,2926.67748007346,2308.92569530902,672.239297601563,2378.54250574317,880.165712230583
gene-b4512,434.642672039693,602.699747975878,472.243650076826,109.268555437377,133.823363808149,128.865508443897,127.666275595675,299.140376026636,249.292748593776,91.6689951274859,335.0724561662,102.035339623505
gene-b0599,106.061130497724,88.1678670619735,137.341553713618,214.954535286644,198.05857843606,229.716775921729,110.177744692158,110.20961222034,133.549686746665,190.46780098711,156.524457223178,280.375368008936
gene-b0600,71.7472353366958,86.8519287476157,85.5743526984853,96.7295408789898,90.9998873895411,88.8451642066617,60.3354316171339,48.9820498757065,61.3339302095797,91.6689951274859,62.9244049138404,70.981105825047
gene-b0601,44.7120452098249,28.9506429158719,39.089519133876,39.408331469218,46.0352371500031,60.8309232405972,26.2327963552756,37.6112168688461,32.6454789825182,44.8159531734375,40.9008631939962,33.7160252668973
gene-b0602,20.796300097593,35.530334487661,23.2424167823047,34.9301119840796,32.1176073139557,49.6252268541714,19.2373839938688,29.7391017102504,21.7636526550122,33.6119648800781,21.2369866584211,28.3924423300188
gene-b0603,32.2342651512691,40.7940877450922,49.6542540349236,52.8429899246333,48.1764109709335,34.4174960440221,28.8560759908032,33.2378195585151,37.5917636768392,39.7232312219105,34.6084227026122,31.0542337984581
gene-b0604,457.518602147046,388.201802735555,348.63625173457,302.727637195357,267.646727616297,334.570077823285,264.951243188284,290.393581405974,282.927484515158,218.987043915661,297.317813217896,248.433870387664
gene-b0605,31306.7501669165,28133.4452226557,31648.7763430682,27584.0407406586,29165.9992018031,29398.9448766728,20520.1677356418,21300.1942602358,20732.8469247157,21103.2212227376,20149.1810084731,18801.1204054093
gene-b0606,4647.97307181203,4430.76430444276,5183.05894245394,3519.88051531879,3669.97192907467,4390.23176282468,3617.50261739251,3885.326170498,3757.19785380619,3306.19509093132,3050.26052819841,3268.67992324341
gene-b0607,649.884378049781,763.244222327531,903.284834039567,1124.03309076974,870.387158208199,1267.84450543561,686.424837963045,711.11440265981,855.707252117523,1726.43274156765,1637.6076378827,1924.47523168159
gene-b0608,118.53891055628,142.121337950644,142.623921164142,132.555296760097,119.905733972101,129.665915328641,69.0796970688924,69.0996775032288,70.2372426593574,77.4093736632103,63.7109599752634,114.457033142888
gene-b4734,0.0,6.57969157178906,3.16942047031427,11.6433706613599,6.42352146279113,6.4032550779576,8.74426545175853,7.87211515859569,1.97851387772838,6.11126634183239,15.7311012284601,6.21084675969161
gene-b0610,1108.44279520171,1134.33882697643,995.198027678681,849.070414382243,893.940070238433,810.011767361637,1246.05782687559,1427.47688209202,1329.56132583347,1421.88796886634,1603.78577024151,1254.59104545771
gene-b0611,892.161274186739,817.197693216202,865.251788395796,728.158488283506,962.457632508205,653.132017951675,796.602582655203,663.00703224617,655.877350466957,735.389049800498,1029.60057540271,802.086495823031
gene-b0612,16.6370400780744,17.1071980866516,10.5647349010476,15.2259462494706,8.56469528372151,28.8146478508092,16.6141043583412,21.8669865516547,17.8066248995554,41.7603200025213,19.6638765355751,15.9707488106356
gene-b0613,1.03981500487965,0.0,2.11294698020951,0.895643897027683,0.0,1.6008137694894,0.874426545175853,0.874679462066187,1.97851387772838,0.0,0.786555061423005,0.0
gene-b0614,2.0796300097593,0.0,1.05647349010476,3.58257558811073,2.14117382093038,0.8004068847447,0.0,0.0,0.989256938864189,1.0185443903054,0.0,0.887263822813087
gene-b0615,4.1592600195186,2.63187662871563,7.3953144307333,0.895643897027683,6.42352146279113,6.4032550779576,5.24655927105512,4.37339731033094,1.97851387772838,0.0,2.35966518426901,5.32358293687852
gene-b0616,1.03981500487965,5.26375325743125,3.16942047031427,2.68693169108305,1.07058691046519,1.6008137694894,1.74885309035171,0.0,0.0,2.0370887806108,1.57311012284601,0.0
gene-b0617,1.03981500487965,0.0,1.05647349010476,0.0,0.0,0.8004068847447,1.74885309035171,0.874679462066187,0.0,1.0185443903054,0.0,4.43631911406544
gene-b0618,0.0,0.0,0.0,1.79128779405537,0.0,0.0,0.0,0.0,0.0,0.0,0.0,0.887263822813087
gene-b0619,94.6231654440481,56.585347517386,66.5578298765997,91.3556774968237,77.0822575534936,97.6496399388534,88.3170810627612,101.462817599678,92.0008953143696,98.7988058596237,81.8017263879925,89.6136461041218
gene-b0620,74.8666803513348,63.165039089175,57.0495684656569,81.5035946295191,57.8116931651202,101.651674362577,87.4426545175854,68.2249980411626,53.4198746986662,69.2610185407671,70.0034004666474,87.8391184584956
gene-b0621,21.8361151024726,21.055013029725,25.3553637625142,31.3475363959689,21.4117382093038,42.4215648914691,21.8606636293963,18.3682687033899,13.8495971440986,33.6119648800781,36.9680878868812,41.7013996722151
gene-b0622,27.0351901268709,40.7940877450922,31.6942047031427,46.5734826454395,44.9646502395379,41.6211580067244,29.730502535979,29.7391017102504,26.7099373493331,32.5934204897728,58.2050745453023,43.4759273178413
gene-b0623,23413.5144648751,30820.5912605743,22279.9694328192,22281.8288702547,17312.4609291326,11670.7327864625,34690.2499002165,38813.026449725,35394.6240156218,50986.2950899076,44341.2550326605,36567.6911934186
gene-b0624,219.400966029606,238.184834898764,246.158323194408,394.978958589208,270.858488347693,305.755429972475,198.494825754919,176.68525133737,125.635631235752,397.232312219105,250.911064593938,354.018265302422
gene-b0627,121.658355570919,103.959126834267,90.8567201490091,116.433706613599,90.9998873895411,101.651674362577,156.522351586478,195.05352004076,130.581915930073,270.932807821236,102.252157984991,140.187684004468
gene-b0628,6453.0919202831,5775.65326171644,6219.45943624671,8296.34941816743,7967.30778768194,6851.48293341463,8236.22362901137,7637.70106276195,7584.63295027174,10555.1755167348,7169.44938487069,9415.64368769248
gene-b0629,50.9509352391028,65.7969157178907,58.1060419557616,88.6687458057406,70.6587360907025,55.2280750473843,86.5682279724095,62.9769212687655,75.1835273536784,87.5948175662643,76.2958409580314,82.5155355216171
gene-b0630,183.007440858818,164.492289294727,167.979284926656,309.892788371578,264.434966884902,344.975367324966,328.784380986121,453.083961350285,379.874664523849,460.38206441804,217.089196952749,310.542337984581
gene-b0631,864.086269054989,732.977641097302,872.647102826529,1190.31073914979,962.457632508205,2518.88046629157,989.850849139066,1150.20349261704,1318.67949950596,1324.10770739702,831.388699924116,1394.77872946217
gene-b0632,3379.39876585886,3466.18152001848,3716.67373818854,4118.17063853329,4503.95913232705,3558.60900957494,5159.11661653754,4174.84507244191,4468.47359284954,4975.58934664187,3046.3277528913,4821.39161316632
gene-b0633,2852.21255838488,2917.43524293127,3194.77583407679,2781.86994416798,3248.16068635138,2479.66052893908,3259.86216041558,2734.2479984189,2563.16472859711,2659.4194030874,2474.50222323677,2455.05899772381
gene-b0634,650.92419305466,596.120056404089,621.206412181597,694.124020196454,594.17573530818,561.88563309078,1211.95519161373,1036.49516254843,926.933751715745,1017.52584591509,591.489406190099,791.439329949274
gene-b0635,1377.75488146554,1134.33882697643,1295.23649886843,1653.3586339131,1642.2803206536,1411.91774468965,2563.8186304556,1940.91372632487,1844.96419098171,2055.42257963629,1205.00235410004,1825.98894734933
gene-b0636,563.57973264477,413.204630708353,512.389642700807,705.767390857814,763.32846716168,597.103536019546,1195.34108725539,921.912153017761,993.213966619646,1214.10491324404,601.714621988599,977.764732740022
gene-b0637,837.051078928118,951.423401280699,993.085080698472,1073.87703253619,861.822462924477,1021.31918493424,1653.54059692754,1115.21631413439,1085.21486193402,1408.64689179237,679.583573069476,1317.58677687743
gene-b0638,220.440781034486,180.28354906702,185.939334258437,243.61513999153,256.940858511645,235.319624114942,289.435186453208,249.283646688863,289.852283087207,227.135399038104,207.650536215673,223.590483348898
gene-b0639,664.441788118096,675.076355265558,652.90061688474,722.78462490134,674.469753593069,652.331611066931,737.141577583244,665.631070632369,715.232766798809,620.293533695988,655.986921226786,678.756824452012
gene-b0640,1362.15765639234,1381.7352300757,1301.57533980906,1390.93497208399,1520.23341286057,1216.61846481194,1392.96148646513,1229.79932366506,1249.43151378547,1102.06503031044,1004.43081343718,1271.44905809115
gene-b0641,1701.13734798311,1748.88201978153,1601.61381099881,1934.5908175798,2468.77341553273,1563.99505279114,2394.17988069149,1993.39449404884,1927.07251690744,2309.04013282234,1724.91524970065,2170.24731060081
gene-b0642,8342.43578414943,7875.89081143151,7460.8157871198,8303.51456934365,8914.77720344363,7128.4237155363,9702.63694527127,9184.13435169497,7946.70098989603,10207.8518796407,7664.19251850576,9027.02213330035
gene-b0643,495.991757327593,543.482523829777,585.286313518036,360.048846605129,384.340700857003,455.431517419734,130.289555231202,201.176276275223,178.066248995554,187.412167816193,661.492806656747,226.252274817337
gene-b0644,23.9157451122319,25.0028279727984,13.7341553713618,26.8693169108305,24.6234989406993,48.024413084682,14.8652512679895,27.1150633240518,8.9033124497777,18.3337990254972,25.1697619655361,38.1523443809628
gene-b0645,3.11944501463895,1.31593831435781,4.22589396041903,5.3738633821661,1.07058691046519,6.4032550779576,1.74885309035171,3.49871784826475,0.989256938864189,5.09272195152699,1.57311012284601,6.21084675969161
gene-b0646,8.31852003903719,11.8434448292203,16.9035758416761,8.06079507324915,8.56469528372151,14.4073239254046,9.61869199693439,13.1201919309928,7.91405551091351,13.2410770739702,14.9445461670371,9.75990205094396
gene-b0647,2.0796300097593,2.63187662871563,4.22589396041903,3.58257558811073,0.0,3.2016275389788,1.74885309035171,3.49871784826475,5.93554163318513,4.07417756122159,3.14622024569202,7.98537440531779
gene-b0648,9.35833504391684,13.1593831435781,6.33884094062854,5.3738633821661,14.9882167465126,24.012206542341,7.86983890658268,9.62147408272806,2.96777081659257,11.2039882933594,7.07899555280704,18.6325402790748
gene-b0649,34.3138951610284,47.3737793168813,48.5977805448188,35.8257558811073,38.5411287767468,55.2280750473843,27.9816494456273,38.4858963309122,49.4628469432094,46.8530419540483,33.0353125797662,34.6032890897104
gene-b0650,139.335210653873,209.234191982892,201.786436610009,82.3992385265468,62.094040806981,88.8451642066617,206.364664661501,310.511209033496,308.648164925627,87.5948175662643,357.095997886044,85.1773269900564
gene-b0651,2791.90328810186,3772.79514726385,3047.92601895222,754.132161297309,1056.66928062914,779.596305741338,2049.6558218922,3487.34701525789,3290.26857866229,848.447477124397,5081.93225185403,1038.09867269131
gene-b0652,1050.21315492845,1052.75065148625,723.684340721759,574.107737994745,611.305125875623,289.747292277581,382.998826787024,396.229796315983,380.863921462713,465.474786369567,451.482605256805,470.249826090936
gene-b0653,1036.69555986501,1094.8606775457,783.90332965773,519.473460276056,617.728647338414,275.339968352177,308.672570447076,315.759285805894,268.088630432195,313.711672214063,394.064085772925,439.195592292478
gene-b0654,608.291777854595,594.804118089731,434.210604433055,365.422709987295,385.411287767468,158.480563179451,216.857783203612,230.040698523407,215.658012672393,237.320842941158,235.966518426901,304.331491224889
gene-b4763,252.675046185755,253.976094671058,176.431072847494,127.181433377931,116.693973240706,75.2382471660018,104.056758875927,98.8387792134792,82.1083259257277,122.225326836648,134.500915503334,115.344296965701
gene-b0655,6164.02334892656,6999.47589406921,5102.76695720598,3494.80248620202,3894.79518027236,1942.58750927539,1599.32615112664,1612.90892805005,1642.16651851455,1937.27143036087,2010.4347369972,2337.05290928967
gene-b0656,2123.30223996424,2319.99924821282,2351.70998897319,2162.98001132185,1730.06844731175,2113.07417572601,2331.22116943883,2790.22748399114,2660.1119086058,1116.32465177472,1860.98927532683,1096.65808499698
gene-b0657,1803.03921846131,1748.88201978153,2013.63847213967,2443.31655109152,2709.65547038739,3293.67433072444,2549.82780573279,2377.3787778959,2701.6607000381,1457.53702252703,1467.71174461533,2222.59587614678
gene-b0658,4890.24996794899,4740.00980831684,5814.83008953658,6235.47281110673,7667.54345275168,9135.84418247601,5157.36776344718,5157.11010834224,5808.91674501052,3364.25212117873,3629.95160846717,4414.13751849511
gene-b0659,556.301027610612,479.001546426244,562.043896735731,573.212094097717,742.987315862841,1006.11145412409,668.061880514352,968.270164507269,1039.70904274626,554.088148326137,574.185194838793,537.681876624731
gene-b0660,3615.43677196654,3404.33241924366,3920.57312177875,3677.51384119567,4381.91222453402,6321.61357571364,3186.41033062081,3703.39284238824,4502.10832877092,2575.89876308235,3011.71933018868,2972.33380642384
gene-b0661,2532.98935188683,2479.22778425012,2759.50875615363,3232.37882437291,3575.76028095373,2999.92500402314,4409.73306732183,3340.40086563077,3300.16114805093,4850.30838663431,1792.55898498303,4147.07110782837
gene-b0662,618.689927903391,589.5403648323,666.634772256102,697.706595784565,730.140272937259,697.154396612634,633.084818707318,670.879147404766,615.317815973526,902.430329810583,955.664399628951,792.326593772087
gene-b0664,561.500102635011,402.677124193491,503.937854779969,502.45622623253,425.02300345468,532.270578355226,1613.31697584945,1326.88874395441,1387.92748522646,1388.27600398626,664.639026902439,1511.8975540735
gene-b0665,703.954758303523,563.221598545144,726.853761192073,800.705643942749,597.387496039575,720.36619627023,2011.18105390446,1692.50475909807,1938.94360017381,1816.06464791453,799.926497467196,1764.76774357523
gene-b0666,789.219588703654,564.537536859502,671.917139706626,597.394479317465,589.893387666319,593.101501595823,1480.40414098272,1576.17239064327,1453.21844319149,1460.59265569794,592.275961251523,1083.34912765478
gene-b0668,1250.89745087022,1110.65193731799,1302.63181329917,1459.0039082581,1218.32790410939,1319.87095294401,2708.09901040962,2307.4044209306,2352.45300061904,2718.49497772511,1193.2040281787,2641.38440051456
gene-b0670,1753.12809822709,1529.12032128378,1625.91270127122,1747.40124310101,1536.29221651755,1592.80970064195,3600.88851303417,3140.09926881761,3032.07251761874,3645.37037290302,1486.58906608948,3218.99314916588
gene-b0672,3024.8218491949,1939.69307536342,2517.57632691964,2946.66842122108,2596.17325787808,2317.17793133591,4226.1034928349,4070.75821645604,3407.00089744827,5093.7404959173,1964.02798837324,3469.20154719917
gene-b0673,205.883370966171,172.387919180873,186.995807748542,158.5289697739,109.199864867449,148.875680562514,308.672570447076,306.137811723166,276.002685943109,319.822938555895,152.591681916063,232.463121577029
gene-b0674,7760.13938141682,7644.28566810454,6984.34624308255,2450.48170226774,3061.87856393044,1865.7484483399,2199.18276111727,1945.2871236352,1905.30886425243,1337.34878447099,2731.7057283221,2207.51239115896
gene-b0675,1369.4363614265,1423.84525613515,1275.16350255644,1180.45865628249,1322.17483442451,1103.76109406294,1460.29233044368,1461.5893811126,1317.6902425671,1244.6612449532,1585.69500382878,1376.1461891831
gene-b0676,1440.14378175831,1537.01595116993,1577.3149207264,1444.67360590565,1461.35113278498,1352.68763521854,1520.62776206081,1400.36181876797,1508.61683176789,1257.90232202717,2119.765890535,1227.97313077331
gene-b0677,1825.91514856866,2347.63395281434,2307.33810238879,1477.81243009568,1447.43350294894,1411.11733780491,1500.51595152176,1513.1954693745,1599.62847014339,1158.08497177724,3231.95474738713,1434.70560148876
gene-b0678,1838.39292862722,2513.44218042342,2270.36153023512,1277.18819716148,1024.55167331519,1222.22131300516,1466.41331625991,1663.64033684989,1842.98567710398,934.00520591005,3710.96677979374,1189.82078639235
gene-b0679,6148.42612385337,6388.88051620718,4993.95018772519,2067.14611433989,2576.90269348971,2354.79705491891,4094.93951105852,6145.49790047703,6260.01790913259,2527.00863234769,9410.34475486483,2841.90602447032
gene-b0680,7742.46252633387,8165.39724059023,7772.4754667007,7935.40492766527,8591.45995648314,6949.13257335349,11193.5342047961,9965.22311132007,9739.23456311794,10831.2010465076,8140.05833066667,9782.9709103371
gene-b0681,312.984316468774,726.397949525513,656.070037355054,86.8774580116852,83.5057790162847,100.050860593088,646.201216884956,564.168253032691,559.919427397131,76.3908292729049,847.119801152576,110.907977851636
gene-b0682,12.4777800585558,25.0028279727984,14.7906288614666,18.8085218375813,9.6352821941867,13.6069170406599,26.2327963552756,31.4884606343827,44.5165622488885,10.185443903054,37.7546429483042,20.407067924701
gene-b0683,3874.35070818157,3947.81494307344,4076.93119831426,4320.58615926154,4346.58285648867,3621.84115346977,4034.60407944139,3899.32104189106,3667.17547236955,5421.71178959564,3719.61888546939,5556.93332227837
gene-b4637,332.740801561488,377.674296220692,383.499876908027,533.803762628499,193.776230794199,344.975367324966,376.003414425617,313.135247419695,359.100268807701,507.235106372088,311.47580432351,418.788524367777
gene-b0684,3403.31451097109,3776.74296220692,3755.76325732241,4041.14526338891,4394.7592674596,3536.99802368683,4270.69924663887,3093.7412573281,3175.51477375405,4112.8822480532,3205.21187529874,4558.76152161364
gene-b0685,301.546351415098,231.605143326975,281.021948367865,334.075173591326,353.293680453512,339.372519131753,531.651339466919,443.462487267557,411.530886567503,577.514669303161,349.230447271814,617.535620677909
gene-b0686,469.996382205601,425.048075537574,449.001233294522,413.78748042679,369.35248411049,425.016055799436,403.110637326068,412.84870609524,411.530886567503,416.584655634908,397.99686108004,400.155984088702
gene-b0687,2375.97728615,2820.05580766879,2494.33391013733,2095.80671904478,2491.2557406525,1936.18425419743,3037.75781794092,2826.08934193585,2863.89883801183,2156.25847427653,2737.99816881348,2649.36977491988
gene-b0688,6352.22986480978,6727.07666299714,6713.88902961573,5409.68913804721,7012.34426354699,5646.07016498912,7931.92319129017,7464.51452927284,7739.94628967341,6649.05777991364,7244.17211570587,7185.9497009632
gene-b0689,128.937060605077,148.701029522433,165.866337946447,163.007189259038,148.811580554661,117.659812057471,122.41971632462,121.5804452272,124.646374296888,114.076971714205,111.690818722067,132.20230959915
gene-b0692,53.0305652488621,52.6375325743125,38.0330456437713,62.6950727919378,42.8234764186076,80.8410953592147,39.3491945329134,42.8592936412432,54.4091316375304,46.8530419540483,33.8218676411892,75.4174249391124
gene-b0693,20.796300097593,11.8434448292203,24.2988902724094,32.2431802929966,17.129390567443,25.6130203118304,18.3629574486929,9.62147408272806,22.7529095938763,13.2410770739702,22.0235417198441,8.87263822813087
gene-b4803,1.03981500487965,1.31593831435781,1.05647349010476,0.0,2.14117382093038,2.4012206542341,3.49770618070341,0.0,0.989256938864189,1.0185443903054,2.35966518426901,4.43631911406544
gene-b0694,112.300020527002,121.066324920919,141.567447674037,283.023471460748,352.223093543047,200.90212807092,369.882428609386,352.495823212673,264.131602676738,183.337990254972,177.761443881599,206.732470715449
gene-b0695,632.207522966827,692.18355335221,806.08927294993,1904.13892508085,2536.22039089203,1383.90350372359,3062.24176120584,2358.13582973044,1951.80394037904,1259.93941080778,1422.87810611422,1761.21868828398
gene-b0696,189.246330888096,189.495117267525,235.593588293361,571.420806303662,553.493432710503,394.600594179137,851.691455001281,665.631070632369,551.016114947353,435.936999050711,434.178393905499,551.87809778974
gene-b0697,1045.01407990405,1239.61389212506,1501.24882943886,3922.02462508422,4159.23014715726,2760.60334548447,6010.80807153882,4119.74026633174,3669.15398624728,3134.06108896971,2746.65027448913,3545.5062359611
gene-b0698,1027.33722482109,863.255534218725,1224.45277503141,3250.29170231346,3322.03118317348,2462.85198435944,4444.71012912886,3080.62106539711,2735.29543595948,3062.76298164833,1568.39079247747,2308.66046695965
gene-b4513,1.03981500487965,0.0,2.11294698020951,0.895643897027683,3.21176073139557,4.0020344237235,3.49770618070341,4.37339731033094,0.989256938864189,4.07417756122159,0.786555061423005,1.77452764562617
gene-b0699,61.3490852878993,60.5331624604594,67.6143033667045,274.067032490471,140.24688527094,311.358278165688,70.8285501592441,75.2224337376921,72.2157565370858,339.175281971698,311.47580432351,241.33575980516
gene-b0700,176.76855082954,147.385091208075,196.504069159485,365.422709987295,366.140723379095,259.331830657283,111.052171237333,112.833650606538,103.87197858074,172.134001961612,147.085796486102,228.914066285777
gene-b0702,6.2388900292779,6.57969157178906,15.8471023515714,30.4518924989412,20.3411512988386,15.2077308101493,6.12098581623097,4.37339731033094,5.93554163318513,5.09272195152699,6.29244049138404,8.87263822813087
gene-b0704,20.796300097593,36.8462728020188,28.5247842328284,35.8257558811073,20.3411512988386,48.8248199694267,11.3675450872861,16.6189097792576,13.8495971440986,30.556331709162,18.0907664127291,42.5886634950282
gene-b4514,8.31852003903719,7.89562988614688,15.8471023515714,17.9128779405537,6.42352146279113,8.004068847447,0.874426545175853,3.49871784826475,2.96777081659257,5.09272195152699,4.71933036853803,0.887263822813087
gene-b0706,21.8361151024726,17.1071980866516,16.9035758416761,24.1823852197474,18.1999774779082,16.008137694894,6.99541236140683,4.37339731033094,7.91405551091351,10.185443903054,5.50588542996103,5.32358293687852
gene-b0707,209.002815980809,253.976094671058,271.513686956923,253.467222858834,302.976095661649,203.303348725154,25.3583698100998,30.6137811723166,37.5917636768392,51.9457639055753,125.848809827681,93.1627013953742
gene-b0708,167.410215785624,143.437276265002,171.148705396971,170.17234043526,237.670294123272,139.270797945578,69.0796970688924,86.5932667445525,60.3446732707155,105.928616591761,92.8134972479145,96.7117566866265
gene-b0709,81.1055703806126,84.2200521189,102.477928540161,86.8774580116852,105.988104136054,75.2382471660018,183.629574486929,96.2147408272806,105.850492458468,140.559125862145,92.8134972479145,132.20230959915
gene-b0710,1187.46873557256,1050.11877485753,1033.23107332245,754.132161297309,816.857812684939,953.284599730938,637.456951433197,802.95574617676,843.836168851153,566.310681009802,1123.98718277347,606.888454804152
gene-b0711,586.455662752122,460.578410025235,477.52601752735,377.066080648655,446.434741663984,461.034365612947,272.821082094866,400.603193626314,342.282900847009,218.987043915661,470.359926730957,282.149895654562
gene-b0712,1115.72150023586,986.95373576836,983.576819287529,724.575912695395,791.163726833775,879.647166334425,632.210392162142,746.976260604524,751.835273536784,496.031118078729,937.573633216222,622.859203614787
gene-b0713,480.394532254398,407.940877450922,510.276695720598,350.196763737824,410.034786708167,402.604663026584,307.7981439019,320.132683116225,354.15398411338,198.616156109553,366.53465862312,327.400350618029
gene-b0714,290.108386361422,272.399231072067,340.184463813732,262.423661829111,292.270226556997,312.158685050433,208.987944297029,218.669865516547,248.303491654911,128.33659317848,232.820298181209,180.114556031057
gene-b0715,29.1148201366302,36.8462728020188,58.1060419557616,37.6170436751627,29.9764334930253,36.0183098135115,30.6049290811549,55.1048061101698,34.6239928602466,39.7232312219105,65.2840700981094,28.3924423300188
gene-b0716,9.35833504391684,13.1593831435781,7.3953144307333,20.5998096316367,7.49410837325632,23.2117996575963,10.4931185421102,9.62147408272806,11.8710832663703,9.16689951274859,14.9445461670371,15.9707488106356
gene-b0717,12.4777800585558,14.4753214579359,12.6776818812571,13.4346584554152,26.7646727616297,12.0061032711705,9.61869199693439,8.74679462066187,11.8710832663703,19.3523434158026,8.65210567565305,15.9707488106356
gene-b0718,20.796300097593,15.7912597722938,10.5647349010476,24.1823852197474,17.129390567443,33.6170891592774,14.8652512679895,17.4935892413237,15.828111021827,24.4450653673296,21.2369866584211,48.7995102547198
gene-b0719,11.4379650536761,1.31593831435781,8.45178792083806,22.3910974256921,10.7058691046519,19.2097652338728,9.61869199693439,18.3682687033899,12.8603402052345,15.278165854581,14.1579911056141,15.9707488106356
gene-b0720,39331.0025595727,33305.0827980819,22347.5837361859,13706.9342001117,19270.5643883734,14857.9530015159,11554.6723679537,21510.1173311317,22531.3160395708,13903.1309276687,14456.8820289548,10268.3042214159
gene-b4768,379.532476781072,273.715169386425,237.70653527357,154.050750288761,219.470316645364,193.698466108217,230.848607926425,488.945819294999,340.304386969281,224.079765867188,95.9597174936066,162.369279574795
gene-b4735,9.35833504391684,11.8434448292203,4.22589396041903,1.79128779405537,0.0,0.0,0.874426545175853,5.24807677239712,2.96777081659257,0.0,0.786555061423005,0.0
gene-b0721,8878.98032666732,9060.23529435354,7165.00320989046,4821.25109770002,5146.31127860616,3891.57827362873,6099.99957914675,7529.24080946574,7581.66517945514,6336.36465208988,3370.38843819757,4628.85536361588
gene-b0722,8276.92743884201,8574.65405635551,6794.18101486369,4411.94183675837,4642.06484377706,3523.39110664617,5096.15790528487,5985.43155891892,6137.35004871343,5059.10998664691,2861.48731345689,3960.74570503762
gene-b0723,22145.9799739268,17923.0798415534,15108.6273819881,9673.849731796,15161.651826008,8053.69407430117,12797.2324886486,18750.5036283129,16360.331254936,14323.7897608648,8722.89563118112,8353.58889178522
gene-b0724,13275.3181672985,11853.9723357352,9066.65549207903,5930.95388611732,8731.70684175408,5486.78919492492,7541.05452559656,9764.92151450692,10588.0170166634,9859.50969815626,6923.25765064529,5107.09056411213
gene-b0726,63429.7551126635,66099.5815301929,43173.845646621,34492.1421184331,45915.331416031,26867.2579002254,26171.5864971133,43918.5304698053,49957.4754126415,40979.0964551571,39696.6473949576,27624.9591232855
gene-b0727,29819.8147099386,24175.1027730674,15645.3159149613,15277.8935954982,19532.8581814374,12101.3516904551,9285.53548322239,17536.448534965,19245.9937456028,20850.6222139418,16003.2492797125,14797.7860368767
gene-b0728,38052.0301035708,30402.1228766086,18395.316409704,17422.0650849825,20085.2810272374,13831.0309683884,8301.80561989955,16574.3011266922,19942.4306305632,20990.1627954137,16479.1150918734,15577.6909371294
gene-b0729,31587.500218234,25172.5840153506,15640.0335475108,14759.3157791192,17075.8612219198,12009.3048987095,5689.89352945928,10827.6570609173,12901.8889966668,15328.0745297059,11327.1794395527,13037.4546124155
gene-b4764,101.901870478206,65.7969157178907,32.7506781932475,31.3475363959689,52.4587586127943,32.8166822745327,16.6141043583412,30.6137811723166,47.4843330654811,58.0570302474077,42.4739733168422,48.7995102547198
gene-b0730,178.8481808393,143.437276265002,143.680394654247,229.284837639087,206.623273719781,263.333865081006,216.857783203612,182.808007571833,200.81915858943,207.783055622301,229.674077935517,264.4046191983
gene-b0731,8.31852003903719,6.57969157178906,8.45178792083806,11.6433706613599,10.7058691046519,15.2077308101493,11.3675450872861,12.2455124689266,21.7636526550122,17.3152546351918,19.6638765355751,32.8287614440842
gene-b0732,171.569475805142,167.124165923442,199.673489629799,235.554344918281,213.046795182573,265.73508573524,159.145631222005,141.698072854722,180.044762873282,181.300901474361,218.662307075595,204.07067924701
gene-b0733,4145.74242445516,4367.59926535358,5246.44735186022,4709.29561057156,6349.65096596904,5767.73201147031,4771.74565702463,3473.35214386483,3452.50671663602,5637.64320034038,22428.617576477,15066.626975189
gene-b0734,2802.30143815065,2863.4817720426,3251.82540254244,3238.6483316521,3975.08919855725,3509.78418960551,3189.90803680151,2445.60377593706,2250.55953591603,3387.67864215576,8013.42296577757,9182.29330229264
gene-b4515,174.688920819781,160.544474351653,185.939334258437,163.007189259038,207.693860630247,197.700500531941,194.122693029039,170.562495102907,154.324082462813,213.894321964134,426.312843291269,536.794612801918
gene-b0735,501.190832351991,481.63342305496,524.01085109196,556.194860054191,630.575690263996,591.500687826333,580.619225996767,413.723385557307,359.100268807701,729.277783458665,800.713052528619,1381.46977211998
gene-b0736,584.376032742363,551.378153715924,488.090752428398,615.307357258018,616.658060427949,547.478309165375,809.71898083284,831.820168424944,705.340197410167,802.612979560654,462.494376116727,744.41434734018
gene-b0737,1398.55118156313,1367.25990861777,1371.30259015597,1878.16525206705,1901.36235298618,1576.00115606231,1988.44596372989,1598.03937719492,1680.74753913026,1790.60103815689,1148.37038967759,2305.99867549121
gene-b0738,428.403782010415,364.514913077114,422.589396041903,569.629518509606,474.270001336079,464.235993151926,647.950069975307,649.886840315177,573.76902454123,691.591641017366,397.210306018617,770.14499820176
gene-b0739,833.931633913479,718.502319639366,712.063132330606,1252.1101680447,1094.13982249542,950.082972191959,1522.37661515116,1558.67880140195,1536.31602605609,1749.85926254467,1057.13000255252,1669.83051453423
gene-b0740,4983.83331838816,5005.82934781712,5096.42811626535,6427.14060507065,6192.27469013065,5802.94991439908,6810.90836037472,6162.11681025629,5927.62757767422,7388.52100727536,4745.28668556499,6457.50610243365
gene-b0741,10223.4611279767,11918.4533131387,12002.5953210801,11452.598511293,12442.3610734264,10085.1267477832,14069.5231118795,12144.0496513269,13192.7305366928,13463.1197510568,10816.7052046892,12360.4723156091
gene-b0742,5815.68532229188,7661.39286619119,7291.78002870303,8189.76779442113,7275.70864352143,5806.9519488228,6930.70479706382,5121.24825039753,6689.35542059965,6207.0095145211,5460.2652363985,6684.6456410738
gene-b0743,797.538108742691,735.609517726017,816.654007850977,982.521355039368,1113.4103868838,838.026008327701,1721.74586745126,1561.30283978814,1251.4100276632,2022.82915914652,666.998692086708,1832.19979410903
gene-b0744,1240.49930082142,846.148336132074,1067.0382250058,1211.80619267846,865.034223655873,1138.17859010696,2696.73146532233,2230.43262826878,2285.18352877628,3253.23078263544,1096.45775562367,2342.37649222655
gene-b0745,1681.38086289039,1348.83677221676,1630.13859523164,1758.14896986534,1913.13880900129,1725.67724350957,3159.30310772036,2552.31467030913,2640.32676982852,3501.75561386996,1060.27622279821,3108.97243513706
gene-b0746,569.818622674048,347.407714990463,420.476449061693,532.908118731471,408.964199797702,470.639248229884,1094.78203456017,999.758625141652,896.266786610955,1280.31029861389,445.976719826844,1084.23639147759
gene-b0747,1318.4854261874,1131.70695034772,1263.54229416529,1355.10921620288,1359.64537629079,1250.23555397122,2347.83527379717,1703.87559210493,1780.66248995554,2459.78470258754,700.820559727897,2164.03646384112
gene-b0748,488.713052293435,355.30334487661,444.775339334103,454.091455793035,479.622935888405,453.0302967655,789.607170293796,704.116966963281,649.941808833772,939.097927861577,265.069055699553,882.827503699022
gene-b0749,396.169516859146,284.242675901288,345.466831264256,420.056987705983,416.458308170959,385.796118446946,655.81990888189,587.784598508478,572.779767602365,789.371902486684,223.381637444133,662.786075641376
gene-b0750,8619.02657544741,8861.52860888551,8890.22441923153,4436.12422197811,5445.00502662595,4960.92187164765,4649.32594070001,5560.33734035475,5957.30528584015,4149.54984610419,5604.99136770033,3387.57327550037
gene-b0751,3157.91816981949,3364.85426981293,3178.92873172521,1801.13987692267,2551.20860763855,2060.24732133286,1785.57900524909,2198.94416763439,2244.62399428284,1519.66823033565,2300.67355466229,1361.06270419528
gene-b0752,122.698170575799,159.228536037295,134.172133243304,120.911926098737,168.082144943035,144.073239254046,73.4518297947717,76.0971131997583,84.0868398034561,99.817350249929,187.986659680098,88.7263822813087
gene-b0753,251.635231180875,303.981750616655,402.516399729913,240.032564403419,280.49377054188,320.963160782625,20.1118105390446,39.3605757929784,36.602506737975,93.7060839080967,55.8454093610333,91.388173749748
gene-b0754,3570.72472675672,3725.42136794697,3023.62712867982,2527.50707741212,2855.25529021066,2013.02331513292,1325.63064248659,1316.39259040961,1404.74485318715,1492.16753179741,2303.81977490798,1880.11204054093
gene-b0755,5347.76857009604,4416.28898298482,4661.16103834219,3436.58563289522,4229.88888324796,3657.05905639854,4738.51744830795,5584.82836529261,5151.06088066583,4106.77098171137,5404.41982703746,3405.31855195663
gene-b0756,3426.19044107844,3485.92059473385,3734.63378752032,2407.49079521041,3070.44325921416,3174.41370489748,2359.20281888445,3105.98676979703,3631.56222257044,1668.37571132024,3008.57310994299,3290.86151881374
gene-b0757,1568.04102735851,1405.42211973414,1308.97065423979,831.15753644169,1288.98664020009,880.44757321917,755.504535031938,1711.74770726353,1638.2094907591,817.891145415235,2046.61626982266,1672.49230600267
gene-b0758,1117.80113024562,1210.66324920919,987.802713247948,874.148443499019,1591.96273586174,669.140155646569,924.268858250877,1472.96021411946,1564.01522034428,890.207797126918,2357.30551908474,1781.62575620868
gene-b0759,1943.41424412006,2112.08099454429,1697.75289859834,1604.99386347361,2285.70305384318,1331.07664933044,1681.52224637317,2278.53999868242,2336.62488959721,1833.37990254972,4079.0745485397,2990.96634670292
gene-b0760,929.594614362406,951.423401280699,809.258693420244,652.028757036153,826.493094879126,696.353989727889,548.26544382526,560.669535184426,589.597135563057,477.697319053232,781.835731054467,557.201680726619
gene-b0761,390.970441834748,473.737793168813,384.556350398132,414.683124323817,396.11715687212,333.76967093854,368.133575519034,335.00223397135,338.325873091553,371.76870246147,445.976719826844,403.705039379955
gene-b0762,35.3537101659081,43.4259643738078,29.5812577229332,81.5035946295191,52.4587586127943,54.4276681626396,34.1026352618583,58.6035239584346,45.5058191877527,85.5577287856535,76.2958409580314,53.2358293687852
gene-b0763,2772.14680300915,3424.07149395903,3172.58989078459,1469.75163502243,1658.33912431058,1246.2335195475,512.41395547305,470.577550591609,504.521038820736,544.921248813388,728.349986877702,665.447867109816
gene-b0764,434.642672039693,327.668640275095,382.443403417922,208.68502800745,224.82325119769,182.492769721792,127.666275595675,172.311854027039,123.657117358024,146.670392203977,139.220245871872,97.5990205094396
gene-b0765,722.671428391356,600.067871347163,640.222935003483,366.318353884322,367.21131028956,309.757464396199,181.006294851402,244.910249378532,209.722471039208,151.763114155504,214.72953176848,141.962211650094
gene-b0766,360.815806693238,438.207458681152,477.52601752735,562.464367333385,446.434741663984,586.698246517865,745.885843035003,649.886840315177,680.608773938562,781.223547364241,431.81872872123,679.644088274825
gene-b0767,3138.16168472678,3166.1475843449,3472.62836197434,2287.4745130087,2926.98461321183,2771.00863498615,1699.01077727668,1720.49450188419,1921.13697527425,1679.5796996136,2587.76615208169,2116.12421740921
gene-b0768,14.5574100683151,10.5275065148625,14.7906288614666,12.5390145583876,10.7058691046519,12.8065101559152,3.49770618070341,10.4961535447942,11.8710832663703,6.11126634183239,12.5848809827681,13.3089573421963
gene-b0769,3.11944501463895,6.57969157178906,3.16942047031427,2.68693169108305,3.21176073139557,12.8065101559152,1.74885309035171,1.74935892413237,6.92479857204932,5.09272195152699,2.35966518426901,4.43631911406544
gene-b0770,7.27870503415754,11.8434448292203,2.11294698020951,10.7477267643322,4.28234764186076,10.4052895016811,0.874426545175853,2.62403838619856,2.96777081659257,7.12981073213779,3.14622024569202,2.66179146843926
gene-b0771,20.796300097593,23.6868896584406,39.089519133876,26.8693169108305,41.7528895081424,56.8288888168737,41.972474168441,36.7365374067799,32.6454789825182,50.9272195152699,47.1933036853803,43.4759273178413
gene-b0772,2724.31531278468,2818.73986935444,2981.36818907562,2426.29931704799,2598.31443169901,3030.34046564343,3948.03585146898,3909.81719543586,3811.60698544372,2571.82458552113,2057.62804068258,2606.78111142485
gene-b0773,654.043638069299,639.546020777897,719.45844676134,846.38348269116,798.657835207031,897.256117798809,1383.3427944682,1211.43105496167,1191.06535439248,1070.49015421097,1035.8930158941,1020.35339623505
gene-b0774,675.879753171772,617.175069433814,558.874476265417,886.687458057406,639.140385547718,712.362127422783,2124.85650477732,2013.51212167636,1672.83348361934,1330.21897373885,1414.22600043856,1170.30098229046
gene-b0775,1392.31229153385,1204.0835576374,1158.95141864492,984.312642833424,785.810792281449,1060.53912228673,2375.81692324279,2734.2479984189,2357.39928531336,1040.95236689212,2084.37091277096,988.411898613779
gene-b0776,891.121459181859,757.9804690701,715.232552800921,611.724781669907,498.893500276778,668.339748761825,1488.2739798893,1637.3999529879,1522.46642891199,538.809982471556,1299.3889614708,625.520995083227
gene-b0777,899.439979220897,856.675842646936,701.498397429559,664.567771594541,554.564019620968,685.148293341463,1442.80379954016,1408.23393392656,1433.43330441421,572.421947351634,1213.6544597757,764.821415264881
gene-b0778,773.622363630459,618.491007748172,625.432306142016,528.429899246333,447.505328574449,549.079122934864,1094.78203456017,1243.79419505812,1171.2802156152,469.548963930789,1000.49803813006,519.049336345656
gene-b0779,1132.35854031394,958.003092852488,1090.28064178811,1560.21166862222,1370.35124539544,1500.76290889631,1358.85885120328,1322.51534664408,1195.02238214794,1612.35576985345,1744.57912623622,1568.68243873354
gene-b0780,371.213956742035,428.995890480647,419.419975571589,383.335587927848,340.44663752793,422.614835145202,362.887016247979,328.879477736886,327.444046764047,363.620347339027,343.724561841853,352.243737656796
gene-b0781,2745.11161288227,2817.42393104008,2598.9247856577,2294.63966418492,2766.39657664205,2625.33458196262,2873.36562744785,2419.36339207507,2721.44583881538,2120.60942061584,1437.03609721983,2290.91519050339
gene-b0782,761.144583571903,644.809774035328,760.660912875425,826.679316956551,831.846029431452,1140.5798107612,786.983890658268,664.756391170302,840.868398034561,658.998220527593,357.095997886044,629.957314197292
gene-b0783,269.312086263829,155.280721094222,185.939334258437,213.163247492589,239.811467944202,340.973332901242,357.640456976924,416.347423943505,359.100268807701,294.35932879826,132.141250319065,214.717845120767
gene-b0784,133.096320624595,113.170695034772,156.358076535504,163.007189259038,217.329142824433,229.716775921729,175.759735580347,177.559930799436,182.023276751011,122.225326836648,86.5210567565305,135.751364890402
gene-b0785,472.076012215361,350.039591619178,463.791862155988,511.412665202807,524.587586127943,711.561720538038,582.368079087118,606.152867211868,595.532677196242,468.530419540483,287.87915248082,420.563052013403
gene-b0786,1314.32616616788,1318.57019098653,1503.36177641907,1394.5175476721,1271.85724963264,1551.98894951997,978.48330405178,884.300936148915,922.976723960288,1329.20042934854,1639.18074800554,1266.12547515428
gene-b0787,28.0750051317505,57.9012858317438,49.6542540349236,83.2948824235745,87.7881266581455,101.651674362577,42.8469007136168,36.7365374067799,53.4198746986662,76.3908292729049,46.4067486239573,69.2065781794208
gene-b0788,19.7564850927133,22.3709513440828,31.6942047031427,17.017234043526,22.482325119769,17.6089514643834,6.12098581623097,11.3708330068604,2.96777081659257,4.07417756122159,10.2252157984991,3.54905529125235
gene-b0789,107.100945502604,121.066324920919,111.986189951104,71.6515117622146,135.964537629079,105.6537087863,17.4885309035171,15.7442303171914,15.828111021827,12.2225326836648,19.6638765355751,30.166969975645
gene-b0790,132.056505619715,156.59665940858,152.132182575085,68.9645800711316,137.035124539544,105.6537087863,18.3629574486929,20.1176276275223,14.8388540829628,34.6305092703835,29.1025372726512,45.2504549634675
gene-b0791,598.933442810678,959.319031166846,780.733909187416,480.065128806838,514.952303933756,485.046572155288,640.080231068725,675.252544715097,719.189794554265,445.103898563459,1406.36044982433,650.364382121993
gene-b0792,189.246330888096,261.871724557205,267.287792996504,231.97176933017,220.540903555829,260.132237542028,116.298730508389,160.941021020178,181.034019812147,95.7431726887075,151.80512685464,142.849475472907
gene-b0793,151.812990712429,190.811055581883,221.859432921999,187.189574478786,224.82325119769,239.321658538665,115.424303963213,174.061212951171,140.474485318715,107.965705372372,184.053884372983,148.173058409786
gene-b0794,497.031572332472,460.578410025235,615.924044731073,487.23027998306,594.17573530818,603.506791097504,292.932892633911,394.48043739185,445.165622488885,325.934204897728,646.54826048971,349.581946188356
gene-b0795,412.806556937221,427.679952166289,538.801479953426,494.395431159281,555.634606531433,570.690108822971,233.471887561953,314.009926881761,270.067144309924,303.526228311009,827.455924617001,264.4046191983
gene-b0796,354.57691666396,423.732137223216,532.462639012798,406.622329250568,519.234651575617,457.032331189224,239.592873378184,272.025312702584,258.196061043553,207.783055622301,582.050745453023,230.688593931403
gene-b0797,662.362158108337,494.792806198538,364.483354086141,1155.38062716571,1288.98664020009,601.905977328015,587.614638358174,332.378195585151,317.551477375405,1910.78927621293,440.470834396883,1957.30399312567
gene-b0798,69.6676053269365,107.906941777341,92.9696671292186,75.2340873503254,61.0234538965158,72.8370265117677,73.4518297947717,73.4730748135597,57.376902454123,59.0755746377131,246.1917342254,76.3046887619255
gene-b0799,453.359342127527,453.998718453445,380.330456437713,480.065128806838,555.634606531433,335.370484708029,496.674277659885,478.449665750204,413.509400445231,537.79143808125,755.879414027507,599.790344221647
gene-b0800,495.991757327593,439.52339699551,535.632059483112,369.005285575405,450.717089305845,415.411173182499,341.900779163759,438.21441049516,402.627574117725,543.902704423083,628.457494076981,401.930511734329
gene-b0801,557.340842615492,592.172241461016,656.070037355054,472.899977630617,507.4581955605,553.881564243333,236.969593742656,275.524030550849,242.367950021726,257.691730747266,257.203505085322,259.081036261422
gene-b4769,15.5972250731947,11.8434448292203,5.28236745052379,7.16515117622146,7.49410837325632,8.004068847447,8.74426545175853,13.1201919309928,10.8818263275061,9.16689951274859,11.0117708599221,3.54905529125235
gene-b0802,111.260205522122,67.1128540322485,132.059186263095,222.119686462865,158.446862748848,227.315555267495,69.0796970688924,55.979485572236,53.4198746986662,152.78165854581,146.299241424679,217.379636589206
gene-b0803,43.6722302049453,36.8462728020188,19.0165228218856,71.6515117622146,36.3999549558164,23.2117996575963,41.972474168441,62.9769212687655,46.4950761266169,18.3337990254972,128.995030073373,16.8580126334487
gene-b0804,250.595416175995,218.445760183397,96.1390875995329,487.23027998306,327.599594602348,115.258591403237,284.188627182152,319.258003654158,363.057296563157,53.9828526861861,853.41224164396,146.398530764159
gene-b0805,2748.23105789691,2350.26582944305,1265.6552411455,4218.48275500039,2715.00840493972,826.019905056531,3387.52843601126,3943.92969445644,3970.87735260085,1677.54261083299,7835.66152189597,1904.06816375689
gene-b0806,37.4333401756674,34.2143961733031,32.7506781932475,39.408331469218,28.9058465825601,21.6109858881069,8.74426545175853,9.62147408272806,11.8710832663703,15.278165854581,18.0907664127291,15.0834849878225
gene-b0807,279.710236312626,228.973266698259,271.513686956923,400.352821971374,286.917292004671,370.588387636796,555.260856186667,411.974026633174,357.121754929972,599.92264588988,294.958148033627,480.00972814188
gene-b0808,97.742610458687,119.750386606561,126.776818812571,90.460033599796,102.776343404658,104.052895016811,31.4793556263307,30.6137811723166,26.7099373493331,41.7603200025213,62.1378498524174,70.0938420022339
gene-b0809,3849.39514806446,3730.6851212044,3718.78668516875,3195.65742459477,3790.94824995723,1824.12729033317,2611.91209044027,1744.98552682204,1678.76902525253,2598.30673966907,2296.74077935517,5186.0570443425
gene-b0810,2915.64127368254,2627.92881377255,2399.2512960279,2334.04799565414,2255.72662035015,1326.27420802197,1522.37661515116,1123.96310875505,1077.3008064231,1904.6780098711,1649.40596380404,3774.42030224687
gene-b0811,11166.5733374026,10070.8759197803,10758.0695497367,8179.0200676568,10270.1402320926,5096.99104205425,4775.24336320534,3606.30342209889,3700.81020829093,5887.1865759652,4982.82631411473,9467.99225323846
gene-b0812,4705.16289708041,5066.36251027758,5716.57805495684,3314.77806289945,3553.27795583396,3686.67411113409,994.222981864945,1019.87625276917,1207.88272235317,1627.63393570803,1801.9976457201,2141.85486827079
gene-b0813,151.812990712429,155.280721094222,131.00271277299,190.772150066896,230.176185750016,151.276901216748,236.09516719748,169.68781564084,174.109221240097,332.04547123956,154.164792038909,336.27298884616
gene-b4736,2349.98191102801,4479.454022074,5217.9225676274,5765.25976516719,3664.61899452234,3846.75548808303,6204.93076456786,2464.84672410252,2021.05192609954,4760.67648028743,3209.14465060586,5328.9065198154
gene-b0814,23236.7459140455,35340.8393703934,42283.2384944627,44022.6888267047,27761.3891752728,29472.5823100694,54288.7720572429,25743.565927532,24190.299926046,44642.8006270856,31436.2461398932,41070.555094195
gene-b0815,273.471346283348,259.239847928489,313.772626561113,324.223090724021,246.234989406993,277.741189006411,613.847434713449,397.979155240115,360.089525746565,328.989838068644,305.183363832126,441.857383760918
gene-b4416,58.2296402732604,42.11002605945,43.315413094295,54.6342777186887,63.1646277174462,37.6191235830009,49.8423130750237,47.2326909515741,58.3661593929871,38.7046868316051,40.9008631939962,35.4905529125235
gene-b4705,0.0,0.0,0.0,0.0,0.0,0.0,0.0,0.0,0.0,0.0,0.0,0.0
gene-b0817,154.932435727068,81.5881754901844,110.929716461,205.102452419339,169.1527318535,122.462253365939,183.629574486929,242.286210992334,192.905103078517,242.413564892685,151.018571793217,181.889083676683
gene-b0818,483.513977269037,515.847819228263,493.373119878922,774.731970928946,658.410949936091,618.714521907653,555.260856186667,449.58524350202,490.671441676638,713.999617604084,416.087627492769,728.443598529545
gene-b0819,2119.14297994473,1773.88484775433,1643.872750603,2935.02505055972,2144.38558166177,2486.06378401704,2410.79398504983,1704.750271567,1711.41450423505,4020.19470853541,1370.9654720603,3746.02785991686
gene-b0820,1860.22904372969,1917.32212401933,1783.32725129683,2222.09250852568,2772.82009810484,1727.27805727906,2520.09730319681,2100.98006788298,1734.16741382892,2998.59468505909,1553.44624631043,2652.03156638832
gene-b0821,380.572291785952,350.039591619178,410.968187650751,433.491646161399,514.952303933756,409.007918104542,341.026352618583,362.991976757468,290.841540026072,444.085354173154,261.922835453861,483.558783433133
gene-b0822,471.036197210481,459.262471710877,420.476449061693,777.418902620029,813.646051953544,783.598340165061,478.311320211192,321.007362578291,354.15398411338,727.240694678055,280.800156928013,862.420435774321
gene-b0823,29.1148201366302,34.2143961733031,25.3553637625142,42.9909070573288,31.0470204034905,40.8207511219797,20.1118105390446,24.4910249378532,32.6454789825182,30.556331709162,17.3042113513061,38.1523443809628
gene-b0824,0.0,0.0,2.11294698020951,5.3738633821661,2.14117382093038,3.2016275389788,0.874426545175853,0.0,3.95702775545676,2.0370887806108,6.29244049138404,0.887263822813087
gene-b0825,32.2342651512691,42.11002605945,46.4848335646093,38.5126875721904,29.9764334930253,54.4276681626396,20.9862370842205,34.9871784826475,29.6777081659257,10.185443903054,41.6874182554192,27.5051785072057
gene-b0826,397.209331864026,363.198974762756,345.466831264256,463.047894763312,447.505328574449,364.185132558839,467.818201669082,419.84614179177,406.584601873182,601.959734670491,657.560031349632,505.74037900346
gene-b0827,580.216772722844,635.598205834824,640.222935003483,657.402620418319,774.034336266332,597.103536019546,674.182866330583,786.336836397502,586.629364746464,915.671406884553,902.965210513609,735.541709112049
gene-b0828,559.420472625251,504.004374399042,501.82490779976,228.389193742059,240.882054854668,262.533458196262,174.885309035171,250.15832615093,205.765443283751,127.318048788175,373.613654175927,133.089573421963
gene-b0829,1329.92339124107,1227.77044729584,1185.36325589754,579.481601376911,811.504878132613,679.54544514825,431.092286771696,462.705435433013,537.166517803255,317.785849775284,667.785247148131,403.705039379955
gene-b0830,907.758499259934,801.406433443908,712.063132330606,454.987099690063,513.881717023291,479.443723962075,271.072229004515,317.508644730026,407.573858812046,268.895719040625,441.257389458306,392.170609683385
gene-b0831,166.370400780744,125.014139863992,125.720345322466,98.5208286730451,96.352821941867,115.258591403237,89.1915076079371,95.3400613652144,92.0008953143696,73.3351961019887,86.5210567565305,87.8391184584956
gene-b0832,230.838931083282,209.234191982892,231.367694332942,149.572530803623,128.470429255823,132.067135982876,77.823962520651,87.4679462066187,99.9149508252831,53.9828526861861,88.0941668793765,120.66787990258
gene-b0833,165.330585775864,234.237019955691,281.021948367865,187.189574478786,152.023341286057,380.193270253733,991.599702229418,776.715362314774,810.201432929771,165.004191229475,290.238817665089,190.761721904814
gene-b0834,89.4240904196498,139.489461321928,201.786436610009,128.972721171986,79.223431374424,288.146478508092,860.43572045304,585.160560122279,635.102954750809,111.021338543288,182.480774250137,119.780616079767
gene-b0835,1147.95576538713,1073.80566451598,1040.62638775319,1172.39786120924,1188.35147061636,1044.53098459183,2073.26533861195,1298.89900116829,1243.49597215229,2094.1272664679,767.677739948852,1795.82197737369
gene-b0836,8.31852003903719,11.8434448292203,10.5647349010476,8.95643897027683,5.35293455232595,13.6069170406599,4.37213272587927,4.37339731033094,1.97851387772838,10.185443903054,6.29244049138404,8.87263822813087
gene-b0837,96.7027954538074,86.8519287476157,83.4614057182758,64.4863605859932,112.411625598845,66.4337714338101,17.4885309035171,28.8644222481842,19.7851387772838,17.3152546351918,14.1579911056141,31.9414976212711
gene-b0838,1241.5391158263,1198.81980437997,1250.86461228403,1186.72816356168,1322.17483442451,1102.9606871782,703.913368866562,657.758955473773,697.426141899253,1110.21338543288,906.897985820724,1061.16753208445
gene-b0839,1099.08446015779,948.791524651983,1209.66214616995,870.565867910908,889.657722596572,1033.32528820541,618.219567439328,739.104145445928,707.318711287895,852.521654685619,877.00889348665,706.262002959218
gene-b0840,687.317718225448,723.766072896797,792.355117578568,1001.32987687695,880.022440402385,987.70209577496,784.360611022741,620.147738604927,713.25425292108,1118.36174055533,620.591943462751,1023.01518770349
gene-b0841,902.559424235536,752.716715812669,957.16498203491,1484.9775812719,1327.52776897683,1455.94012335061,1048.43742766585,855.436513900731,770.631155375203,1823.19445864666,547.442322750411,1436.48012913439
gene-b0842,212.122260995448,188.179178953167,206.012330570428,373.483505060544,281.564357452345,308.957057511454,515.911661653754,392.731078467718,338.325873091553,600.941190280185,234.393408304055,545.667251030049
gene-b0843,75.9064953562144,39.4781494307344,68.6707768568092,83.2948824235745,87.7881266581455,73.6374333965124,58.5865785267822,73.4730748135597,60.3446732707155,61.1126634183239,66.8571802209554,67.4320505337946
gene-b0844,328.581541541969,352.671468247894,348.63625173457,394.978958589208,332.952529154674,369.787980752052,427.594580590992,429.467615874498,440.219337794564,311.674583433452,517.553230416337,401.930511734329
gene-b0845,214.201891005208,234.237019955691,226.085326882418,271.380100799388,255.87027160118,324.164788321604,391.743092238782,346.37306697821,288.863026148343,263.802997089098,300.464033463588,320.302240035525
gene-b0846,67.5879753171772,113.170695034772,123.607398342257,117.329350510626,67.4469753593069,120.061032711705,156.522351586478,151.31954693745,123.657117358024,92.6875395177913,140.006800933295,128.653254307898
gene-b4417,67.5879753171772,52.6375325743125,59.1625154458664,68.9645800711316,67.4469753593069,84.8431297829382,64.7075643430132,65.600959654964,69.2479857204932,82.5020956147373,77.0823960194544,130.427781953524
gene-b0847,625.968632937549,642.177897406613,627.545253122226,971.773628275036,868.245984387268,834.824380788722,1079.042356747,768.843247156179,841.857654973425,1231.42016787923,804.645827835734,1222.64954783643
gene-b0848,31.1944501463895,23.6868896584406,44.3718865843998,37.6170436751627,35.3293680453512,38.4195304677456,36.7259148973858,27.1150633240518,31.656222043654,32.5934204897728,151.80512685464,21.2943317475141
gene-b0849,61.3490852878993,43.4259643738078,53.8801479953426,44.7821948513841,34.258781134886,61.6313301253419,21.8606636293963,30.6137811723166,20.774395716148,53.9828526861861,20.4504315969981,45.2504549634675
gene-b0850,74.8666803513348,61.8491007748172,78.179038267752,86.8774580116852,117.764560151171,84.8431297829382,101.433479240399,97.964099751413,92.9901522532338,144.633303423367,110.904263660644,106.47165873757
gene-b0851,557.340842615492,689.551676723494,708.893711860292,898.330828718766,636.999211726788,814.01380178536,851.691455001281,685.748698259891,759.749329047697,953.357549325853,921.842531987761,915.656265143106
gene-b0852,289.068571356542,269.767354443352,300.038471189751,398.561534177319,380.058353215142,376.991642714754,487.05558566295,495.943254991528,429.337511467058,596.867012718964,412.154852185654,468.47529844531
gene-b0853,1179.15021553352,1214.61106415226,1313.19654820021,1211.80619267846,1521.30399977103,1307.0644427881,1326.50506903177,1450.21854810574,1513.56311646221,1283.3659317848,1101.96364105363,1254.59104545771
gene-b0854,1605.47436753418,1452.79589905103,1049.07817567402,579.481601376911,891.798896417503,358.582284365626,149.526939225071,107.585573834141,125.635631235752,288.248062456428,83.3748365108385,192.53624955044
gene-b0855,266.19264124919,248.712341413627,158.471023515714,92.2513213938513,206.623273719781,75.2382471660018,28.8560759908032,47.2326909515741,29.6777081659257,67.2239297601563,19.6638765355751,35.4905529125235
gene-b0856,170.529660800262,106.591003462983,94.0261406193234,66.2776483800485,99.5645826732626,46.4235993151926,29.730502535979,21.8669865516547,27.6991942881973,47.8715863443537,17.3042113513061,32.8287614440842
gene-b0857,112.300020527002,90.7997436906891,59.1625154458664,42.0952631603011,72.7999099116329,34.4174960440221,27.9816494456273,24.4910249378532,25.7206804104689,46.8530419540483,19.6638765355751,15.0834849878225
gene-b0858,84.2250153952516,84.2200521189,84.5178792083806,102.999048158184,88.8587135686107,115.258591403237,125.042995960147,115.457688992737,109.807520213925,103.891527811151,77.8689510808775,77.1919525847386
gene-b0859,342.099136605405,346.091776676105,343.353884284046,437.074221749509,363.999549558164,484.246165270544,719.653046679727,485.447101446734,512.43509433165,615.200811744461,267.428720883822,547.441778675675
gene-b0860,228.759301073523,180.28354906702,190.165228218856,172.859272126343,229.10559883955,202.502941840409,175.759735580347,102.337497061744,100.904207764147,226.116854647798,120.34292439772,193.423513373253
gene-b0861,492.872312312954,550.062215401566,564.15684371594,579.481601376911,723.716751474468,604.307197982249,928.640990976756,532.679792398308,498.585497187551,765.94538150966,468.786816608111,513.725753408778
gene-b0862,326.50191153221,336.8802084756,319.054994011637,354.674983222962,454.999436947705,396.201407948627,480.934599846719,269.401274316386,271.056401248788,490.938396127202,237.539628549747,284.811687123001
gene-b0863,1450.54193180711,1518.59281476892,1734.72947075201,1472.43856671351,1933.47996030013,1697.66300254351,1692.88979146045,1076.73041780348,1012.00984845807,1849.6766127946,1101.96364105363,1225.31133930487
gene-b0864,826.652928879321,1010.6406254268,1084.99827433759,950.278174746372,1194.77499207915,999.708199046131,1080.79120983735,624.521135915258,615.317815973526,1034.84110055028,630.030604199827,856.209589014629
gene-b0865,1390.23266152409,1684.401042378,2276.70037117575,1294.205431205,1545.92749871173,1763.29636709257,551.763150005964,505.564729074256,563.876455152588,431.862821489489,770.037405133122,678.756824452012
gene-b0866,146.613915688031,159.228536037295,145.793341634456,121.807569995765,127.399842345357,140.871611715067,90.0659341531129,96.2147408272806,79.1405551091351,115.09551610451,175.40177869733,118.893352256954
gene-b0867,495.991757327593,500.056559455969,517.672010151331,453.195811896008,526.728759948873,461.034365612947,344.524058799286,348.122425902343,393.724261667947,433.8999102701,632.390269384096,488.882366370011
gene-b0868,516.788057425186,472.421854854455,540.914426933636,598.290123214492,622.010994980275,624.317370100866,759.876667757817,758.347093611384,667.748433733327,552.051059545526,365.748103561697,549.216306321301
gene-b0869,633.247337971706,617.175069433814,627.545253122226,498.873650644419,570.622823277946,666.738934992335,525.530353650688,612.275623446331,622.242614545575,424.733010757351,606.433952357137,519.049336345656
gene-b0870,765.303843591422,660.601033807622,760.660912875425,635.907166889655,706.587360907025,687.549513995697,472.190334394961,606.152867211868,606.414503523748,547.976881984304,692.955009113667,582.932331588198
gene-b0871,1306.00764612884,1396.21055153364,1508.64414386959,878.626662984157,1359.64537629079,886.850828297128,125.917422505323,117.207047916869,147.399283890764,205.74596684169,222.59508238271,266.179146843926
gene-b0872,31.1944501463895,15.7912597722938,11.6212083911523,10.7477267643322,18.1999774779082,31.2158685050433,14.8652512679895,20.1176276275223,18.7958818384196,22.4079765867188,25.1697619655361,19.5198041018879
gene-b0873,15.5972250731947,25.0028279727984,34.863625173457,42.9909070573288,50.3175847918639,36.8187166982562,40.2236210780893,15.7442303171914,15.828111021827,24.4450653673296,15.7311012284601,23.9561232159534
gene-b0874,351.457471649321,319.773010388949,289.473736288703,445.135016822758,492.469978813987,422.614835145202,445.957538039685,312.260567957629,315.572963497676,457.326431247124,224.954747566979,480.896991964693
gene-b0875,42.6324152000656,38.1622111163766,42.2589396041903,47.4691265424672,28.9058465825601,44.8227855457032,43.7213272587927,41.984614179177,27.6991942881973,82.5020956147373,28.3159822112282,49.6867740775329
gene-b0876,445.04082208849,506.636251027758,485.977805448188,480.960772703866,408.964199797702,517.863254429821,414.478182413355,391.856399005652,440.219337794564,479.734407833843,589.916296067253,420.563052013403
gene-b0877,4802.9055075391,4035.98281013541,5077.41159344346,6563.27847741886,5958.88674364924,6617.76412306918,3207.39656770503,2399.24576444755,2300.02238285924,6273.21489989095,2251.12058579264,5060.06558150304
gene-b0878,348.338026634682,394.781494307344,312.716153071008,317.0579395478,358.646615005838,360.98350501986,280.690921001449,307.012491185232,311.61593574222,276.025529772763,405.86241169427,361.116375884927
gene-b0879,328.581541541969,282.92673758693,279.965474877761,274.067032490471,317.964312408161,336.170891592774,270.197802459339,269.401274316386,279.959713698565,200.653244890164,287.092597419397,267.066410666739
gene-b0880,2616.1745522772,3481.97277979077,3491.64488479622,1841.44385228892,1337.16305117102,2967.90872863335,2236.78310255983,4466.11333330995,4195.43867772302,1769.21160596048,4573.81768217477,1811.79272618432
gene-b4770,36.3935251707877,23.6868896584406,27.4683107427237,30.4518924989412,53.5293455232595,40.8207511219797,23.609516719748,23.6163454757871,27.6991942881973,34.6305092703835,17.3042113513061,25.7306508615795
gene-b0881,161.171325756346,136.857584693213,117.268557401628,143.303023524429,127.399842345357,159.280970064195,86.5682279724095,107.585573834141,101.893464703011,131.392226349396,157.311012284601,144.624003118533
gene-b0882,13171.3366668105,14554.2777567974,13116.1183796506,10277.5137183927,11085.927457867,10722.25062804,4719.28006431408,5351.28894892093,5710.98030806296,6104.13653110025,6850.10802993295,6779.5828701148
gene-b0883,31.1944501463895,18.4231364010094,16.9035758416761,33.1388241900243,17.129390567443,28.0142409660645,43.7213272587927,49.8567293377727,25.7206804104689,55.0013970764915,26.7428720883822,55.8976208372245
gene-b0884,3832.75810798639,3962.29026453137,3976.56621675431,6154.86486037424,4659.1942343445,4377.42525266877,5620.81383239039,4362.02647732408,3979.78066505063,6459.60852331684,3188.69421900886,6010.32513573585
gene-b0885,297.38709139558,300.033935673581,328.563255422579,363.631422193239,331.881942244209,392.199373524903,355.017177341397,279.022748399114,321.508505130861,343.249459532919,310.689249262087,314.091393275833
gene-b0886,743.467728488949,639.546020777897,736.362022603016,879.522306881185,824.351921058196,839.62682209719,992.474128774594,787.211515859569,829.986571707055,947.246282984021,1049.26445193829,995.510009196284
gene-b0887,751.786248527986,757.9804690701,711.006658840502,915.348062762292,828.634268700056,911.663441724214,959.245920057911,837.068245197341,844.825425790017,1016.50730152479,1156.23594029182,968.004830689078
gene-b0888,3846.27570304982,3772.79514726385,4518.53711717805,4861.55507306626,4385.12398526541,4878.47996251895,7669.59522773741,6390.40814985556,6069.0913199318,5770.05397108008,4234.81245070146,5061.84010914866
gene-b0889,6603.86509599065,6237.54761005603,5767.28878248187,3883.51193751203,4446.14743916193,3526.59273418515,2499.11106611259,2570.68293901252,2768.93017188086,2603.3994616206,3714.89955510085,2682.19853636396
gene-b0890,4978.63424336376,5326.91829652043,4568.19137121297,5107.85714474888,5352.93455232595,4544.71029158041,5943.47722756028,5318.92580882449,5175.79230413744,5375.87729203189,6743.92309664084,5854.16670292075
gene-b0891,1580.51880741707,1414.63368793465,1312.14007471011,1408.84785002455,1461.35113278498,1090.95458390703,1126.2613901865,1135.33394176191,1136.65622275495,1323.08916300671,1409.50667007002,1443.57823971689
gene-b0892,1048.13352491869,990.901550711433,847.291739064015,1008.49502805317,1032.04578168844,742.777589043082,1029.20004367198,908.791961086769,948.697404370757,1039.93382250181,937.573633216222,1086.01091912322
gene-b0893,5997.65294814582,4840.02112020804,5193.62367735499,4184.44828691333,5129.18188803872,4311.7918881197,5846.41588104576,7290.45331632167,6501.39660221545,4605.85773296101,5837.81166588154,4099.15886139646
gene-b0894,141.414840663632,147.385091208075,169.035758416761,144.198667421457,159.517449659313,157.680156294706,95.312493424168,111.958971144472,88.0438675589128,105.928616591761,103.038713046414,129.540518130711
gene-b0895,24.9555601171116,22.3709513440828,23.2424167823047,31.3475363959689,13.9176298360475,33.6170891592774,26.2327963552756,24.4910249378532,18.7958818384196,20.370887806108,22.8100967812671,29.2797061528319
gene-b0896,20.796300097593,23.6868896584406,31.6942047031427,27.7649608078582,37.4705418662816,34.4174960440221,25.3583698100998,25.3657043999194,25.7206804104689,36.6675980509943,22.8100967812671,30.166969975645
gene-b0897,778.821438654857,955.371216223772,1156.83847166471,793.540492766527,756.904945698889,1054.93627409351,68.2052705237166,69.0996775032288,86.0653536811844,152.78165854581,91.2403871250685,225.365010994524
gene-b0898,300.506536410219,169.756042552158,219.74648594179,420.056987705983,323.317246960487,487.447792809522,278.942067911097,240.536852068202,216.647269611257,530.661627349113,130.568140196219,424.999371127469
gene-b0899,269.312086263829,515.847819228263,367.652774556455,86.8774580116852,84.5763659267499,128.865508443897,404.85949041642,537.053189708639,545.080573314168,180.282357084056,582.050745453023,165.918334866047
gene-b0900,89.4240904196498,130.277893121423,118.325030891733,161.215901464983,102.776343404658,188.095617915005,70.8285501592441,87.4679462066187,101.893464703011,133.429315130007,168.322783144523,114.457033142888
gene-b0901,21.8361151024726,26.3187662871563,28.5247842328284,36.721399778135,32.1176073139557,34.4174960440221,48.9678865298478,36.7365374067799,60.3446732707155,69.2610185407671,36.1815328254582,50.574037900346
gene-b0902,732.029763435273,823.777384787991,875.816523296844,1123.13744687271,862.893049834942,933.27442761232,803.597995016609,679.625942025428,766.674127619746,1376.05347130259,1340.2898246648,1672.49230600267
gene-b0903,23498.7792952752,29966.5472945561,25848.7368823931,24462.7217595171,27580.4599874042,23437.5143990943,19268.8633494951,19333.0401500489,22708.3930316275,18323.6135815941,37146.6358858242,25378.4071239227
gene-b0904,715.392723357199,782.983297042899,757.491492405111,646.654893653987,629.505103353531,749.180844121039,983.729863322835,956.899331500409,915.062668449375,657.979676137287,4142.78550851496,709.81105825047
gene-b0905,2189.85040027654,2193.66917003447,1824.52971741092,2207.76220617324,2414.173483099,1604.81580391312,4868.80700353915,3816.22649299478,3671.132500125,4955.21845883576,3275.21527576539,4186.11071603215
gene-b0906,115.419465541641,142.121337950644,128.88976579278,98.5208286730451,98.4939957627974,108.054929440535,54.2144458009029,46.3580114895079,41.5487914322959,50.9272195152699,48.7664138082263,50.574037900346
gene-b0907,4308.99338022127,3159.56789277311,3503.26609318737,3837.83409876362,3881.94813734678,3615.43789839181,1527.62317442222,1451.96790702987,1510.59534564562,2479.13704600334,1953.01621751332,2243.00294407148
gene-b0908,2918.76071869718,2666.09102488893,2496.44685711754,2575.87184785162,2919.49050483857,2427.63408143068,1475.15758171166,1027.74836792777,1270.20590950162,1644.94919034322,1252.19565778542,2093.94262183889
gene-b0909,98.7824254635667,86.8519287476157,105.647349010476,88.6687458057406,101.705756494193,96.8492330541087,68.2052705237166,59.4782034205007,71.2264995982216,47.8715863443537,61.3512947909944,84.2900631672433
gene-b0910,7094.65777829385,9012.86151503666,8055.61036204877,7962.2742445761,9300.1884912111,6433.6705395779,9097.53377600958,6447.26231488987,6090.85497258681,7694.08432436698,4888.43970674397,10528.2725215001
gene-b0911,114241.355141112,126886.720085323,123374.974174434,131086.440768972,147924.064005886,108307.057609229,233494.622652127,187654.606471142,188019.163057467,194402.437966859,161479.754110143,182874.833783828
gene-b0912,3824.43958794735,3263.52701960738,3630.04291199995,4379.69865646537,3703.16012329909,4477.47611326185,4010.12013617646,3331.65407101011,3597.92748664906,6165.24919451858,3842.32147505138,5580.00218167151
gene-b0913,89.4240904196498,111.854756720414,117.268557401628,149.572530803623,135.964537629079,180.091549067558,83.0705217917061,94.4653819031482,101.893464703011,175.189635132529,132.927805380488,171.241917802926
gene-b0914,2328.14579592553,2250.25451755186,2019.9773130803,3109.67561048012,3104.70204034905,2510.87639744412,4139.53526486249,3339.5261861687,3257.62309967977,4958.27409200668,2676.64687402248,4343.15641267006
gene-b0915,315.063946478534,251.344218042342,260.948952055875,394.978958589208,454.999436947705,292.94891981656,592.861197629229,495.068575529462,421.423455956144,629.460433208736,357.882552947467,472.911617559376
gene-b0916,172.609290810022,136.857584693213,140.510974183933,216.745823080699,244.093815586063,175.289107759089,129.415128686026,126.828521999597,134.53894368553,227.135399038104,144.726131301833,216.492372766393
gene-b0917,30.1546351415098,17.1071980866516,12.6776818812571,25.9736730138028,16.0588036569778,17.6089514643834,32.3537821715066,76.9717926618245,29.6777081659257,51.9457639055753,44.0470834396883,12.4216935193832
gene-b0918,1832.15403859794,1901.53086424704,1912.21701708961,2111.92830919128,2226.82077376759,1756.89311201462,2558.57207118455,2133.34320797943,2179.33303631781,2687.93864601595,2270.78446232821,2300.67509255434
gene-b0919,89.4240904196498,119.750386606561,122.550924852152,122.703213892793,128.470429255823,123.262660250684,55.0888723460788,63.8516007308317,68.258728781629,97.7802614693182,202.931205847135,114.457033142888
gene-b0920,77.9861253659737,78.9562988614688,67.6143033667045,90.460033599796,87.7881266581455,100.851267477832,116.298730508389,122.455124689266,97.9364369475547,146.670392203977,88.8807219407995,112.682505497262
gene-b0921,892.161274186739,986.95373576836,921.244883371348,792.644848869499,770.822575534936,834.023973903978,1427.93854827217,1125.71246767918,1082.24709111742,1088.82395323647,1116.90818722067,1014.14254947536
gene-b0922,1402.71044158265,1437.00463927873,1400.88384787891,1183.14558797357,1268.64548890125,1080.54929440535,1899.25445612195,1837.70154980106,1732.18889995119,1394.38727032809,1383.55035304307,1286.53254307898
gene-b0923,1209.30485067503,1384.36710670442,1314.25302169032,1009.3906719502,1114.48097379426,951.683785961449,1390.33820682961,1263.91182268564,1401.77708237056,992.062236157458,1029.60057540271,1070.04017031258
gene-b0924,6514.441005571,6604.69439976186,6411.73761144577,5170.55221754081,6040.2513488446,4792.03601896652,8603.48277798522,8342.69270918729,8783.61236017513,5726.25656229695,6168.1647916792,5468.20693999706
gene-b0925,1306.00764612884,1417.26556456336,1452.65104889404,956.547682025565,1165.86914549659,918.066696802171,612.098581623098,626.27049483939,701.38316965471,682.424741504617,1067.35521835102,684.08040738889
gene-b0926,2764.86809797499,3379.32959127086,2648.57903969263,2559.75025770512,2565.12623747459,2309.97426937321,1962.21316737462,2212.93903902745,2261.44136224354,1751.89635132529,2563.38294517757,2131.20770239704
gene-b0927,1415.1882216412,1323.83394424396,1175.85499448659,1235.09293400117,1311.46896531986,1197.40869957807,1283.65816831815,1386.36694737491,1348.35720767189,1286.42156495572,1437.82265228125,1182.72267580985
gene-b0928,11518.0308090519,10169.5712933572,8389.45598492188,8415.47005647211,9700.58799572508,7275.69858232933,4876.67684244574,5731.77451491973,6101.73679891432,7291.75929019635,6529.98011993378,7068.83087635187
gene-b0929,166714.579547359,163215.8291298,154603.27406844,26899.7688033294,42879.1469379518,29073.9796814665,30381.950312135,55472.1714842376,60453.4915339906,15657.0643677746,31868.0648686145,14687.7653228478
gene-b0930,10534.3658144357,11322.3332567346,11464.8503146168,11131.9579961571,12598.6667623543,10751.0652758908,16788.1152408312,13097.4502649791,12879.1360870729,11411.7713489817,7459.68820253578,10607.2390017305
gene-b0931,6046.52425337516,5680.90570308268,5498.94451599526,7476.8352523871,7473.76722195749,5919.8093195718,6090.38088714982,4838.72678415015,5379.57923354346,7322.31562190551,4351.22259979206,6826.60785272389
gene-b0932,12204.3087122724,14539.8024353395,11225.030832363,7159.7773128393,8913.70661653316,6480.89454577784,5405.70490227713,6418.39789264168,6726.94718427648,4653.72931930537,7332.26628258525,5492.16306321301
gene-b0933,14.5574100683151,17.1071980866516,11.6212083911523,25.0780291167751,26.7646727616297,23.2117996575963,21.8606636293963,22.7416660137209,17.8066248995554,21.3894321964134,15.7311012284601,11.5344296965701
gene-b0934,10.3981500487965,7.89562988614688,5.28236745052379,6.26950727919378,4.28234764186076,6.4032550779576,8.74426545175853,8.74679462066187,10.8818263275061,9.16689951274859,7.07899555280704,6.21084675969161
gene-b0935,13.5175950634354,11.8434448292203,15.8471023515714,18.8085218375813,20.3411512988386,12.8065101559152,11.3675450872861,17.4935892413237,13.8495971440986,14.2596214642756,7.07899555280704,16.8580126334487
gene-b0936,7.27870503415754,11.8434448292203,12.6776818812571,8.95643897027683,10.7058691046519,7.2036619627023,3.49770618070341,2.62403838619856,0.989256938864189,9.16689951274859,4.71933036853803,11.5344296965701
gene-b0937,12.4777800585558,2.63187662871563,5.28236745052379,8.95643897027683,7.49410837325632,14.4073239254046,2.62327963552756,5.24807677239712,5.93554163318513,3.0556331709162,4.71933036853803,11.5344296965701
gene-b0938,18.7166700878337,26.3187662871563,35.9200986635617,26.8693169108305,24.6234989406993,40.020344237235,41.0980476232651,20.1176276275223,38.5810206157034,38.7046868316051,35.3949777640352,49.6867740775329
gene-b0939,9.35833504391684,2.63187662871563,4.22589396041903,8.95643897027683,4.28234764186076,13.6069170406599,3.49770618070341,4.37339731033094,6.92479857204932,12.2225326836648,8.65210567565305,8.87263822813087
gene-b0940,63.4287152976586,65.7969157178907,71.8401973271235,68.0689361741039,44.9646502395379,64.032550779576,36.7259148973858,50.7314087998389,24.7314234716047,38.7046868316051,49.5529688696493,44.3631911406544
gene-b0941,95.6629804489277,84.2200521189,85.5743526984853,87.7731019087129,87.7881266581455,88.8451642066617,52.4655927105512,47.2326909515741,34.6239928602466,44.8159531734375,86.5210567565305,87.8391184584956
gene-b0942,4.1592600195186,7.89562988614688,9.50826141094281,5.3738633821661,3.21176073139557,8.8044757321917,7.86983890658268,6.9974356965295,7.91405551091351,5.09272195152699,10.2252157984991,12.4216935193832
gene-b0943,16.6370400780744,13.1593831435781,15.8471023515714,17.9128779405537,18.1999774779082,19.2097652338728,6.12098581623097,17.4935892413237,11.8710832663703,10.185443903054,17.3042113513061,17.7452764562617
gene-b0944,44.7120452098249,36.8462728020188,49.6542540349236,53.738633821661,39.611715687212,51.2260406236608,28.8560759908032,20.9923070895885,16.8173679606912,26.4821541479404,33.8218676411892,24.8433870387664
gene-b0945,1664.74382281232,2079.18253668534,2777.46880548541,3498.38506179013,3032.97271734788,2011.42250136343,2365.32380470068,1221.92720850646,1299.88361766754,2038.1073250011,683.516348376591,1971.50021429068
gene-b0946,589.575107766761,593.488179775374,675.08656017694,766.671175855697,749.410837325632,720.36619627023,466.06934857873,462.705435433013,434.283796161379,666.128031259731,503.395239310723,662.786075641376
gene-b0947,889.0418291721,832.988952988496,776.508015226997,635.011522992627,636.999211726788,635.523066487292,549.139870370436,601.779469901537,618.285586790118,532.698716129723,723.630656509164,566.07431895475
gene-b0948,1763.52624827589,1672.55759754878,1726.27768283117,1954.2949833144,2086.57388849665,1811.32078017726,3201.2755818888,2542.69319622641,2481.05640267139,2689.97573479656,1385.12346316591,2478.12785711695
gene-b0949,2124.34205496912,2237.09513440828,2316.84636379973,2560.64590160215,2797.44359704554,2012.22290824818,3946.28699837863,2854.95376418404,3040.97583006852,3118.78292311513,2171.67852458892,2855.21498181252
gene-b0950,396.169516859146,417.152445651427,403.572873220017,475.5869093217,551.352258889572,383.394897792711,766.872080119224,527.431715625911,549.037601069625,625.386255647515,486.87758302084,558.976208372245
gene-b0951,530.305652488621,490.844991255464,538.801479953426,661.880839903458,836.128377073313,541.875460972162,924.268858250877,771.467285542377,795.362578846808,868.818364930505,591.489406190099,692.953045617021
gene-b0952,116.459280546521,152.648844465506,141.567447674037,178.233135508509,169.1527318535,133.667949752365,225.60204865537,205.549673585554,160.259624095999,195.560522938636,132.141250319065,161.482015751982
gene-b0953,276.590791297987,235.552958270049,199.673489629799,208.68502800745,112.411625598845,287.346071623347,19.2373839938688,40.2352552550446,29.6777081659257,79.4464624438211,133.714360441911,62.9957314197292
gene-b0954,1738.57068815877,1284.35579481323,1341.72133243304,1351.52664061477,1731.13903422221,1613.62027964532,2807.78363655967,4214.20564823489,3384.24798785439,3709.53866949226,2676.64687402248,2621.86459641267
gene-b0955,2090.0281598081,2118.66068611608,1847.77213419322,2256.12697661273,2417.3852438304,1670.44916846219,2889.9797318062,2696.63678155006,2665.05819330012,3278.69439239308,2528.77452247496,3295.29783792781
gene-b0956,168.450030790503,139.489461321928,159.527497005818,159.424613670928,141.317472181405,191.297245453983,226.476475200546,296.516337640437,249.292748593776,262.784452698793,343.724561841853,177.452764562617
gene-b0957,204960.015241837,222465.95173376,255049.60408713,232434.817224933,243406.498789544,189666.016222874,309066.936818951,238036.143486154,247617.936596279,244606.490965012,190318.008882156,226411.982305444
gene-b0958,331.700986556608,334.248331846884,314.829100051218,468.421758145478,338.305463707,425.016055799436,281.565347546625,348.122425902343,263.142345737874,535.75434930064,504.968349433569,685.854935034517
gene-b0959,268.27227125895,288.190490844361,277.852527897551,211.371959698533,184.140948600013,205.704569379388,137.284967592609,184.557366495966,173.119964301233,123.243871226953,329.566570736239,188.987194259188
gene-b0960,655.083453074179,647.441650664044,612.754624260759,830.261892544662,873.598918939594,835.624787673467,1385.09164755855,931.533627100489,1044.65532744058,1399.47999227962,622.165053585597,1106.41798704792
gene-b0961,211.082445990569,147.385091208075,176.431072847494,269.588813005333,230.176185750016,241.722879192899,371.631281699738,276.398710012915,292.8200539038,497.049662469034,198.99843054002,339.822044137412
gene-b0962,810.015888801247,734.29357941166,751.152651464482,720.097693210257,718.363816922142,768.390609354912,762.499947393344,653.385558163442,609.38227434034,805.66861273157,797.566832282927,722.232751769853
gene-b0963,2206.48744035462,2710.83292757709,2345.37114803256,974.460559966119,1009.56345656867,1138.17859010696,1814.4350812399,2460.47332679218,2499.85228450981,880.022353223864,3381.4002090575,999.059064487536
gene-b0964,37.4333401756674,57.9012858317438,61.2754624260759,28.6606047048859,35.3293680453512,34.4174960440221,6.99541236140683,6.9974356965295,5.93554163318513,10.185443903054,27.5294271498052,17.7452764562617
gene-b0965,390.970441834748,367.14678970583,346.52330475436,328.70131020916,306.187856393044,313.759498819922,240.46729992336,320.132683116225,218.625783488986,349.360725874752,338.218676411892,326.513086795216
gene-b0966,1035.65574486013,956.68715453813,1150.49963072408,1623.80238531119,1474.19817571057,2072.25342460403,1714.75045508985,1690.75540017394,1831.11459383761,2108.38688793217,1292.309965918,2232.35577819773
gene-b0967,553.181582595973,430.311828795005,612.754624260759,675.315498358873,646.634493920974,535.472205894204,1199.71321998127,1117.84035252059,996.181737436238,1237.53143422106,516.766675354914,847.336950786499
gene-b0968,60.3092702830197,52.6375325743125,76.0660912875425,68.9645800711316,47.1058240604683,60.8309232405972,21.8606636293963,47.2326909515741,28.6884512270615,53.9828526861861,46.4067486239573,35.4905529125235
gene-b0969,281.789866322385,257.923909614131,240.875955743885,376.170436751627,349.011332811652,351.378622402923,365.510295883507,296.516337640437,317.551477375405,505.198017591478,309.902694200664,444.519175229357
gene-b0970,8665.818250667,7658.76098956247,6331.44562619781,8949.27381910061,8525.0835680343,7446.98565566469,5948.72378683133,5780.75656479543,6176.92032626799,8609.75573125153,7937.12712481954,8989.7570527422
gene-b0971,4.1592600195186,1.31593831435781,2.11294698020951,2.68693169108305,1.07058691046519,1.6008137694894,9.61869199693439,11.3708330068604,4.94628469432094,11.2039882933594,11.7983259213451,7.98537440531779
gene-b0972,12.4777800585558,22.3709513440828,29.5812577229332,13.4346584554152,14.9882167465126,19.2097652338728,3.49770618070341,13.994871393059,3.95702775545676,12.2225326836648,16.5176562898831,8.87263822813087
gene-b0973,30.1546351415098,23.6868896584406,23.2424167823047,22.3910974256921,25.6940858511645,28.0142409660645,15.7396778131654,12.2455124689266,17.8066248995554,16.2967102448864,19.6638765355751,7.98537440531779
gene-b0974,11.4379650536761,7.89562988614688,9.50826141094281,4.47821948513841,5.35293455232595,10.4052895016811,4.37213272587927,4.37339731033094,6.92479857204932,4.07417756122159,3.93277530711502,3.54905529125235
gene-b0975,13.5175950634354,6.57969157178906,13.7341553713618,8.95643897027683,4.28234764186076,16.008137694894,11.3675450872861,11.3708330068604,13.8495971440986,9.16689951274859,6.29244049138404,9.75990205094396
gene-b0976,13.5175950634354,23.6868896584406,10.5647349010476,8.06079507324915,5.35293455232595,8.8044757321917,7.86983890658268,6.12275623446331,7.91405551091351,10.185443903054,7.07899555280704,4.43631911406544
gene-b0977,19.7564850927133,19.7390747153672,24.2988902724094,25.0780291167751,11.7764560151171,28.8146478508092,17.4885309035171,5.24807677239712,12.8603402052345,9.16689951274859,7.07899555280704,15.0834849878225
gene-b0978,76.946310361094,50.0056559455969,65.5013563864949,59.1124972038271,77.0822575534936,59.2301094711078,32.3537821715066,41.1099347171108,28.6884512270615,47.8715863443537,51.9126340539183,46.1377187862805
gene-b0979,18.7166700878337,31.5825195445875,20.0729963119904,40.3039753662457,32.1176073139557,29.6150547355539,20.9862370842205,25.3657043999194,20.774395716148,22.4079765867188,26.7428720883822,16.8580126334487
gene-b4592,0.0,0.0,1.05647349010476,0.0,2.14117382093038,0.8004068847447,0.0,0.0,0.989256938864189,0.0,2.35966518426901,0.0
gene-b0980,83.1852003903719,81.5881754901844,92.9696671292186,71.6515117622146,65.3058015383765,76.8390609354912,35.85148835221,69.974356965295,52.430617759802,65.1868409795455,71.5765105894934,48.7995102547198
gene-b0981,187.166700878337,136.857584693213,171.148705396971,200.624232934201,159.517449659313,250.527354925091,200.24367884527,165.314418330509,183.012533689875,163.985646839169,161.243787591716,188.987194259188
gene-b0982,15.5972250731947,15.7912597722938,5.28236745052379,32.2431802929966,9.6352821941867,28.0142409660645,22.7350901745722,9.62147408272806,16.8173679606912,15.278165854581,11.7983259213451,6.21084675969161
gene-b0983,24.9555601171116,32.8984578589453,45.4283600745046,54.6342777186887,43.8940633290728,76.8390609354912,41.0980476232651,31.4884606343827,57.376902454123,49.9086751249645,25.1697619655361,45.2504549634675
gene-b0984,43.6722302049453,42.11002605945,61.2754624260759,89.5643897027683,65.3058015383765,83.2423160134488,51.5911661653754,55.979485572236,44.5165622488885,77.4093736632103,47.9798587468033,66.5447867109816
gene-b0985,19.7564850927133,22.3709513440828,22.1859432921999,41.1996192632734,21.4117382093038,36.0183098135115,13.9908247228137,25.3657043999194,24.7314234716047,23.4265209770242,17.3042113513061,30.166969975645
gene-b0986,8.31852003903719,13.1593831435781,2.11294698020951,22.3910974256921,23.5529120302342,36.0183098135115,14.8652512679895,6.9974356965295,4.94628469432094,24.4450653673296,13.3714360441911,38.1523443809628
gene-b0987,45.7518602147046,57.9012858317438,70.7837238370187,240.032564403419,122.046907793032,172.087480220111,37.6003414425617,34.1124990205813,31.656222043654,141.57767025245,58.2050745453023,251.095661856104
gene-b4516,83.1852003903719,136.857584693213,107.760295990685,69.8602239681593,63.1646277174462,64.8329576643207,38.4747679877376,33.2378195585151,33.6347359213824,47.8715863443537,61.3512947909944,46.1377187862805
gene-b0988,43.6722302049453,56.585347517386,44.3718865843998,34.9301119840796,24.6234989406993,26.4134271965751,15.7396778131654,19.2429481654561,19.7851387772838,23.4265209770242,22.8100967812671,24.8433870387664
gene-b0989,5.19907502439825,0.0,5.28236745052379,11.6433706613599,7.49410837325632,6.4032550779576,5.24655927105512,9.62147408272806,5.93554163318513,17.3152546351918,14.9445461670371,6.21084675969161
gene-b0990,75.9064953562144,60.5331624604594,51.7672010151331,108.37291154035,130.611603076753,58.4297025863631,39.3491945329134,17.4935892413237,28.6884512270615,137.503492691229,147.872351547525,147.285794586973
gene-b4723,37.4333401756674,32.8984578589453,20.0729963119904,44.7821948513841,62.094040806981,31.2158685050433,14.8652512679895,11.3708330068604,19.7851387772838,83.5206400050427,77.8689510808775,109.13345020601
gene-b0991,0.0,1.31593831435781,1.05647349010476,3.58257558811073,4.28234764186076,3.2016275389788,0.874426545175853,0.0,0.989256938864189,8.14835512244319,2.35966518426901,5.32358293687852
gene-b4517,190.286145892976,186.863240638809,211.294698020951,148.676886906595,142.38805909187,290.547699162326,333.156513712,345.498387516144,306.669651047899,206.764511231996,400.356526264309,204.07067924701
gene-b0992,19.7564850927133,23.6868896584406,28.5247842328284,20.5998096316367,21.4117382093038,29.6150547355539,20.9862370842205,21.8669865516547,14.8388540829628,19.3523434158026,19.6638765355751,20.407067924701
gene-b0993,88.3842754147702,71.0606689753219,76.0660912875425,66.2776483800485,78.1528444639588,75.2382471660018,73.4518297947717,63.8516007308317,53.4198746986662,64.1682965892401,69.2168454052244,55.8976208372245
gene-b0994,23.9157451122319,22.3709513440828,26.4118372526189,17.017234043526,24.6234989406993,16.008137694894,16.6141043583412,16.6189097792576,17.8066248995554,31.5748760994674,48.7664138082263,17.7452764562617
gene-b0995,103.981500487965,92.1156820050469,135.228606733409,141.511735730374,86.7175397476803,173.6882939896,155.647925041302,183.682687033899,177.07699205669,130.373681959091,148.658906608948,125.104199016645
gene-b0996,5.19907502439825,6.57969157178906,6.33884094062854,6.26950727919378,6.42352146279113,8.8044757321917,1.74885309035171,2.62403838619856,0.989256938864189,5.09272195152699,1.57311012284601,5.32358293687852
gene-b0997,51.9907502439825,43.4259643738078,34.863625173457,29.5562486019135,38.5411287767468,40.8207511219797,20.1118105390446,32.3631400964489,30.6669651047899,34.6305092703835,29.1025372726512,32.8287614440842
gene-b0998,23.9157451122319,21.055013029725,25.3553637625142,29.5562486019135,35.3293680453512,41.6211580067244,18.3629574486929,20.9923070895885,26.7099373493331,32.5934204897728,22.0235417198441,42.5886634950282
gene-b0999,28.0750051317505,17.1071980866516,41.2024661140855,27.7649608078582,35.3293680453512,31.2158685050433,38.4747679877376,41.984614179177,37.5917636768392,29.5377873188566,33.0353125797662,21.2943317475141
gene-b1000,704.994573308402,636.914144149181,795.524538048882,488.125923880087,540.646389784921,685.948700226208,411.854902777827,431.21697479863,451.10116412207,389.083957096662,655.986921226786,439.195592292478
gene-b1001,21.8361151024726,28.9506429158719,21.1294698020951,36.721399778135,19.2705643883734,31.2158685050433,20.1118105390446,29.7391017102504,27.6991942881973,27.5006985382458,25.1697619655361,21.2943317475141
gene-b1002,1515.01046210965,1476.48278870947,1184.30678240743,450.508880204925,684.105035787256,593.101501595823,310.421423537428,718.11183835634,668.737690672192,402.325034170632,1523.55715397636,432.097481709974
gene-b1003,179.887995844179,186.863240638809,217.63353896158,130.764008966042,96.352821941867,184.093583491281,20.1118105390446,36.7365374067799,58.3661593929871,58.0570302474077,48.7664138082263,52.3485655459722
gene-b1004,965.988139533194,993.533427340149,1435.74747305236,753.236517400281,761.187293340749,1098.15824586973,108.428891601806,149.570188013318,150.367054707357,126.299504397869,158.097567346024,196.972568664505
gene-b4518,12.4777800585558,6.57969157178906,6.33884094062854,14.3303023524429,13.9176298360475,13.6069170406599,14.8652512679895,24.4910249378532,9.89256938864189,19.3523434158026,10.2252157984991,18.6325402790748
gene-b1006,533.42509750326,348.72365330482,329.619728912684,99.4164725700728,97.4234088523322,62.4317370100866,37.6003414425617,48.1073704136403,45.5058191877527,39.7232312219105,56.6319644224563,51.4613017231591
gene-b1007,219.400966029606,165.808227609084,90.8567201490091,21.4954535286644,32.1176073139557,16.008137694894,7.86983890658268,6.12275623446331,14.8388540829628,5.09272195152699,2.35966518426901,4.43631911406544
gene-b1008,266.19264124919,160.544474351653,121.494451362047,20.5998096316367,35.3293680453512,9.6048826169364,2.62327963552756,4.37339731033094,2.96777081659257,1.0185443903054,3.93277530711502,1.77452764562617
gene-b1009,260.993566224792,192.126993896241,133.115659753199,24.1823852197474,51.3881717023291,14.4073239254046,7.86983890658268,3.49871784826475,2.96777081659257,3.0556331709162,2.35966518426901,3.54905529125235
gene-b1010,215.241706010087,202.654500411103,111.986189951104,27.7649608078582,51.3881717023291,8.004068847447,0.874426545175853,2.62403838619856,0.989256938864189,1.0185443903054,0.0,3.54905529125235
gene-b1011,336.900061581006,155.280721094222,123.607398342257,20.5998096316367,42.8234764186076,8.004068847447,0.0,1.74935892413237,0.989256938864189,3.0556331709162,2.35966518426901,3.54905529125235
gene-b1012,1318.4854261874,1077.75347945905,719.45844676134,109.268555437377,219.470316645364,45.6231924304479,5.24655927105512,8.74679462066187,5.93554163318513,5.09272195152699,3.14622024569202,11.5344296965701
gene-b1013,63.4287152976586,56.585347517386,57.0495684656569,68.0689361741039,76.0116706430284,105.6537087863,108.428891601806,119.831086303068,110.796777152789,131.392226349396,76.2958409580314,97.5990205094396
gene-b1014,9208.60168321417,18757.3847328563,12336.4409439533,3157.14473702258,2751.40835989554,3095.17342330776,4456.07767421615,6505.8658388483,6444.01969976133,4215.75523147404,5724.54773703663,3208.34598329212
gene-b4737,2.0796300097593,5.26375325743125,2.11294698020951,3.58257558811073,1.07058691046519,0.8004068847447,0.0,1.74935892413237,1.97851387772838,0.0,0.786555061423005,3.54905529125235
gene-b1015,2992.58758404363,6004.6265284147,4274.49174096385,1369.43951855533,1199.05733972101,1227.02375431363,3808.12760424084,5345.16619268647,4848.34825737339,2014.68080402408,2919.69238800219,1741.69888418209
gene-b1018,943.112209425842,969.846537681708,944.487300153653,1863.83494971461,1328.5983558873,1206.21317531026,1872.1472332215,1447.59450971954,1531.36974136176,647.794232234233,945.439183830451,734.654445289236
gene-b1019,430.483412020175,431.627767109363,410.968187650751,816.827234089247,596.31690912911,499.453896080693,888.417369898667,708.490364273612,620.264100667846,198.616156109553,485.304472897994,209.394262183889
gene-b1020,1247.77800585558,1401.47430479107,1150.49963072408,801.601287839776,836.128377073313,661.936493683867,211.611223932557,332.378195585151,271.056401248788,318.80439416559,160.457232530293,263.517355375487
gene-b1021,27.0351901268709,35.530334487661,29.5812577229332,52.8429899246333,53.5293455232595,52.0264475084055,20.1118105390446,27.989742786118,31.656222043654,63.1497521989347,47.9798587468033,61.221203774103
gene-b1022,83.1852003903719,78.9562988614688,69.727250346914,87.7731019087129,86.7175397476803,76.8390609354912,55.0888723460788,46.3580114895079,69.2479857204932,106.947160982067,103.038713046414,117.118824611328
gene-b1023,138.295395648993,122.382263235277,113.042663441209,147.781243009568,135.964537629079,108.855336325279,97.0613465145197,111.958971144472,127.61414511348,159.911469277948,158.097567346024,234.237649222655
gene-b1024,560.460287630131,560.589721916428,425.758816512217,453.195811896008,446.434741663984,446.627041687543,267.574522823811,363.866656219534,407.573858812046,430.844277099184,712.618885649242,618.422884500722
gene-b1025,279.710236312626,328.984578589453,239.81948225378,267.797525211277,209.835034451177,288.146478508092,181.006294851402,184.557366495966,234.453894510813,181.300901474361,431.032173659807,227.13953864015
gene-b1026,51.9907502439825,60.5331624604594,47.5413070547141,57.3212094097717,40.6823025976772,56.8288888168737,55.0888723460788,42.8592936412432,38.5810206157034,61.1126634183239,67.6437352823784,45.2504549634675
gene-b1027,60.3092702830197,52.6375325743125,51.7672010151331,75.2340873503254,63.1646277174462,81.6415022439594,68.2052705237166,54.2301266481036,52.430617759802,80.4650068341265,84.1613915722615,101.148075800692
gene-b1029,7.27870503415754,5.26375325743125,7.3953144307333,25.0780291167751,10.7058691046519,19.2097652338728,7.86983890658268,6.9974356965295,4.94628469432094,12.2225326836648,7.86555061423005,23.9561232159534
gene-b1032,7.27870503415754,11.8434448292203,9.50826141094281,8.06079507324915,5.35293455232595,11.2056963864258,33.2282087166824,39.3605757929784,15.828111021827,26.4821541479404,23.5966518426901,27.5051785072057
gene-b1033,900.479794225776,750.084839183953,789.185697108254,766.671175855697,799.728422117496,860.437401100553,358.5148835221,388.357681157387,352.175470235651,499.086751249645,509.687679802107,544.779987207236
gene-b1034,882.802939142822,748.768900869596,800.806905499406,1005.80809636209,784.740205370984,883.649200758149,602.479889626163,671.753826866832,561.897941274859,758.815570777522,685.87601356086,766.595942910507
gene-b1035,889.0418291721,929.052449936616,966.673243445853,1113.28536400541,1073.79867119658,943.679717114002,694.294676869628,660.382993859971,672.694718427648,921.782673226386,719.697881202049,931.627013953742
gene-b1036,892.161274186739,1164.60540820666,1195.92799079859,1260.17096311795,1394.97474433614,1072.5452255579,845.57046918505,571.16568872922,598.500448012834,794.464624438211,1046.90478675402,912.107209851854
gene-b1037,88.3842754147702,75.0084839183953,73.953144307333,62.6950727919378,49.2469978813987,134.46835663711,24.4839432649239,55.1048061101698,44.5165622488885,48.8901307346591,46.4067486239573,81.628271698804
gene-b1038,49.9111202342232,47.3737793168813,60.2189889359712,51.9473460276056,34.258781134886,61.6313301253419,11.3675450872861,14.8695508551252,19.7851387772838,19.3523434158026,24.3832069041131,31.0542337984581
gene-b1039,33.2740801561488,31.5825195445875,27.4683107427237,25.9736730138028,28.9058465825601,46.4235993151926,15.7396778131654,13.1201919309928,18.7958818384196,16.2967102448864,29.8890923340742,6.21084675969161
gene-b1040,134.136135629475,171.071980866516,154.245129555295,97.6251847760174,107.058691046519,160.881783833685,40.2236210780893,34.9871784826475,46.4950761266169,70.2795629310725,103.038713046414,64.7702590653554
gene-b1041,3.11944501463895,1.31593831435781,1.05647349010476,7.16515117622146,1.07058691046519,12.0061032711705,4.37213272587927,1.74935892413237,3.95702775545676,4.07417756122159,3.14622024569202,4.43631911406544
gene-b1042,50.9509352391028,63.165039089175,60.2189889359712,51.9473460276056,53.5293455232595,114.458184518492,26.2327963552756,23.6163454757871,34.6239928602466,37.6861424412997,43.2605283782653,48.7995102547198
gene-b1043,49.9111202342232,39.4781494307344,29.5812577229332,51.9473460276056,34.258781134886,29.6150547355539,6.99541236140683,0.874679462066187,8.9033124497777,4.07417756122159,3.93277530711502,14.1962211650094
gene-b1044,1994.36517935917,1823.89050369993,1592.10554958787,1739.34044802776,1659.40971122104,1242.23148512377,41.972474168441,34.1124990205813,32.6454789825182,26.4821541479404,11.7983259213451,31.9414976212711
gene-b1045,750.746433523107,717.186381325008,627.545253122226,620.681220640184,596.31690912911,528.268543931502,65.581990888189,76.9717926618245,80.1298120479993,146.670392203977,169.109338205946,162.369279574795
gene-b1046,495.991757327593,489.529052941106,503.937854779969,566.046942921496,572.763997098876,455.431517419734,154.773498496126,150.444867475384,170.15219348464,200.653244890164,250.911064593938,210.281526006702
gene-b1047,460.638047161685,417.152445651427,444.775339334103,662.776483800485,593.105148397715,443.425414148564,967.99018550967,580.787162811948,678.630260060834,613.16372296385,348.443892210391,697.389364731087
gene-b1048,5348.80838510092,5596.68565096378,5308.7792877764,7484.89604746035,7618.29645487029,6028.66465589708,5250.05697723582,4090.00116462149,4503.09758570979,6804.89507163037,4499.88150640101,6530.26173590432
gene-b1049,3234.86448018059,3060.87251919627,3015.17534075898,4284.76040338044,5243.7346874585,3456.15692832762,4790.10861447333,3761.12168688461,3418.87198071464,4990.86751249645,3093.52105657668,4182.56166074089
gene-b1050,19.7564850927133,15.7912597722938,14.7906288614666,14.3303023524429,11.7764560151171,15.2077308101493,22.7350901745722,17.4935892413237,20.774395716148,23.4265209770242,8.65210567565305,6.21084675969161
gene-b1051,439.841747064092,456.630595082161,630.71467359254,476.482553218727,447.505328574449,690.751141534676,148.652512679895,163.565059406377,189.937332261924,266.858630260014,159.67067746887,248.433870387664
gene-b1053,123.737985580678,105.275065148625,131.00271277299,176.441847714454,186.282122420943,148.875680562514,89.1915076079371,70.8490364273612,69.2479857204932,177.226723913139,169.109338205946,149.947586055412
gene-b1054,790.259403708533,800.09049512955,717.34549978113,1224.34520723684,1164.79855858613,1150.18469337813,1303.7699788572,1010.25477868645,1010.03133458034,1629.67102448864,1223.8796755742,1708.87012273801
gene-b1055,1001.3418496991,767.192037270605,917.018989410929,1363.17001127613,1173.36325386985,1183.00137565267,1889.63576412502,1556.05476301575,1223.710833375,2127.73923134798,461.707821055304,1369.93534242341
gene-b1056,512.628797405667,581.644734946153,529.293218542483,530.221187040388,475.340588246544,476.242096423097,310.421423537428,305.263132261099,298.755595536985,427.788643928267,324.060685306278,392.170609683385
gene-b1057,98.7824254635667,65.7969157178907,55.9930949755521,92.2513213938513,72.7999099116329,81.6415022439594,41.0980476232651,54.2301266481036,68.258728781629,82.5020956147373,59.7781846681483,102.035339623505
gene-b1058,3.11944501463895,5.26375325743125,17.9600493317809,12.5390145583876,7.49410837325632,11.2056963864258,5.24655927105512,5.24807677239712,8.9033124497777,6.11126634183239,12.5848809827681,8.87263822813087
gene-b1059,728.910318420634,626.386637634319,641.279408493588,763.984244164614,705.51677399656,790.802002127764,640.954657613901,655.134917087574,675.662489244241,741.50031614233,688.235678745129,643.266271539488
gene-b1060,740.34828347431,790.878926929046,778.620962207206,1485.87322516893,1087.71630103263,1893.76268930596,603.354316171339,711.11440265981,812.179946807499,2382.37532892433,1750.08501166619,3436.37278575509
gene-b1061,477.275087239759,477.685608111886,570.495684656569,821.305453574385,617.728647338414,467.437620690905,584.991358722646,409.349988246976,381.853178401577,597.885557109269,311.47580432351,499.529532243768
gene-b1062,8242.61354368098,9865.58954274052,10593.2596852804,11560.0757789363,10538.8575466193,6196.75010169347,5809.68996614837,3850.33899201536,4055.95344934317,4969.47808030004,2468.99633780681,5564.91869668368
gene-b1063,538.624172527658,589.5403648323,567.326264186255,894.748253130655,814.716638864009,685.148293341463,511.539528927874,349.871784826475,392.735004729083,773.075192241797,681.943238253745,784.341219366769
gene-b1064,1124.0400202749,1376.47147681827,1628.02564825143,1425.86508406807,1318.96307369311,1344.6835663711,654.071055791538,559.79485572236,644.995524139451,940.116472251883,1218.37379014423,983.088315676901
gene-b1065,71.7472353366958,51.3215942599547,41.2024661140855,65.3820044830209,52.4587586127943,49.6252268541714,25.3583698100998,33.2378195585151,27.6991942881973,51.9457639055753,60.5647397295714,37.2650805581497
gene-b1066,866.165899064748,1055.38252811497,979.35092532711,800.705643942749,721.575577653537,811.612581131126,600.731036535811,634.142609997986,770.631155375203,618.256444915377,1067.35521835102,723.120015592666
gene-b1067,791.299218713413,956.68715453813,1058.58643708497,740.697502841894,876.81067967099,837.225601442956,754.630108486762,772.341965004443,899.234557427548,747.611582484162,1139.71828400193,774.581317315825
gene-b1068,665.481603122975,636.914144149181,609.585203790445,616.203001155046,660.552123757022,562.686039975524,518.534941289281,629.769212687655,568.822739846909,558.162325887358,917.123201619223,524.372919282535
gene-b1069,589.575107766761,559.27378360207,517.672010151331,606.350918287741,678.75210123493,653.93242483642,1264.42078432428,991.01183052099,961.557744575992,1219.19763519556,571.825529654524,1219.10049254518
gene-b1070,4550.23046135335,4462.34682398734,4502.69001482647,2911.738309237,2510.52630504087,2017.02534955664,83.0705217917061,76.9717926618245,91.0116383755054,56.0199414667969,95.9597174936066,66.5447867109816
gene-b1071,2824.13755325313,2934.54244101792,2644.35314573221,2055.50274367853,1921.70350428501,1426.32506861506,52.4655927105512,42.8592936412432,60.3446732707155,48.8901307346591,74.7227308351854,49.6867740775329
gene-b1072,4246.60447992849,4207.05479100193,4030.44636474965,4014.27594647808,3532.93680453512,3007.12866598584,93.5636403338163,107.585573834141,87.0546106200486,47.8715863443537,63.7109599752634,41.7013996722151
gene-b1073,7270.38651411851,7086.32782281682,6163.46634127115,5504.62739113214,5794.0163594376,3945.20553490663,85.6938014272337,92.7160229790158,83.0975828645919,18.3337990254972,53.4857441767643,19.5198041018879
gene-b1074,3748.53309259114,2509.49436548035,2655.97435412336,2306.28303484628,2354.22061611295,1629.62841734021,40.2236210780893,64.7262801928979,54.4091316375304,9.16689951274859,32.2487575183432,10.647165873757
gene-b1075,12361.3207780093,10732.7928919023,9606.51344552256,9445.46053805395,10019.6228950437,6149.52609549353,108.428891601806,179.309289723568,150.367054707357,50.9272195152699,82.5882814494155,31.9414976212711
gene-b1076,28398.3875982681,28366.366304297,24014.6989035712,23213.2985231635,22667.5366552794,13671.7499983242,279.816494456273,336.751592895482,325.465532886318,114.076971714205,160.457232530293,106.47165873757
gene-b1077,7989.93849749522,7285.03450828485,6398.00345607441,6332.20235198572,5881.80448609575,3801.13229565258,98.8101996048714,116.332368454803,111.786034091653,40.7417756122159,45.6201935625343,32.8287614440842
gene-b1078,14760.1739942666,14067.380580485,11679.3144331081,12643.8048943398,12739.9842345358,6977.9472212043,160.894484312357,182.808007571833,155.313339401678,60.0941190280185,77.0823960194544,73.6428972934863
gene-b1079,2253.2791155742,1914.69024739062,1625.91270127122,1794.87036964348,1853.18594201524,1015.71633674102,33.2282087166824,42.8592936412432,34.6239928602466,8.14835512244319,11.0117708599221,7.98537440531779
gene-b1080,3611.27751194702,3187.20259737462,2536.59284974152,2756.79191505121,2720.36133949205,1580.00319048604,48.9678865298478,48.1073704136403,66.2802149039007,23.4265209770242,23.5966518426901,29.2797061528319
gene-b1081,1665.7836378172,1405.42211973414,1196.98446428869,1325.55296760097,1338.23363808149,732.372299541401,27.1072229004515,49.8567293377727,15.828111021827,10.185443903054,12.5848809827681,14.1962211650094
gene-b1082,12388.3559681361,12836.9782565605,11281.0239273386,6840.03244160042,6601.23888992836,3952.40919686933,59.461005071958,82.2198694342216,70.2372426593574,42.7788643928267,42.4739733168422,45.2504549634675
gene-b1083,10363.8361536355,11281.5391689895,10744.3353943654,6281.15064985514,6159.08649590623,3825.94490907967,48.0934599846719,67.3503185790964,86.0653536811844,59.0755746377131,73.1496207123394,78.9664802303648
gene-b1084,10145.4750026107,11582.8890429775,10169.6138157484,10158.393080088,11226.174343138,7583.85523295603,12880.3030104403,11615.743256239,12056.0743139379,9838.12026595984,12186.884121688,11577.905623888
gene-b1085,0.0,1.31593831435781,0.0,0.895643897027683,0.0,0.8004068847447,0.874426545175853,0.874679462066187,0.989256938864189,1.0185443903054,1.57311012284601,0.887263822813087
gene-b1086,1120.92057526026,1042.22314497139,1161.06436562513,1562.00295641628,1369.28065848498,1299.06037394065,3301.83463458402,2657.27620575708,2711.55326942674,2452.6548918554,1603.78577024151,2464.81889977476
gene-b1087,333.780616566367,321.088948703306,308.490259110589,289.292978739942,314.752551676766,363.384725674094,198.494825754919,215.171147668282,222.582811244442,245.469198063601,265.069055699553,220.928691880459
gene-b4418,253.714861190634,264.50360118592,218.690012451685,257.945442343973,174.505666405826,232.117996575963,380.375547151496,396.229796315983,184.991047567603,476.678774662927,350.80355739466,338.934780314599
gene-b1088,10669.5417650701,10580.1440474368,10052.3452583468,12312.4166524396,12140.4555646752,10605.3912228673,19491.842118515,15390.8598145166,14602.4216745743,24174.1325595083,12200.2555577322,17654.7755463348
gene-b1089,15410.0583723164,14926.6882997607,15014.6012413688,19915.5376943076,17301.7550600279,15098.875473824,28299.0662815261,21486.5009856559,22056.472708916,37300.114117374,22617.3907912185,31396.7176340639
gene-b1090,3349.24413071735,3068.76814908242,2983.48113605583,4040.24961949188,4113.19491000726,3107.17952657893,6016.92905735505,4803.7396056675,4874.06893778386,7353.89049800498,4536.06303922647,5588.87481989964
gene-b1091,2815.81903321409,2788.47328812421,2507.01159201859,3093.55402033362,3184.99605863394,2491.66663221025,6624.65550625227,6115.75879876678,5483.4512121242,5467.54628715938,3614.22050723871,4736.21428617626
gene-b1092,5848.95940244803,7217.9216542526,6875.52947360176,7919.28333751877,7661.11993128889,6092.69720667666,13000.0994471294,9760.54811719658,11010.4297295584,11458.6243909357,8892.79152444849,10365.0159781025
gene-b1093,10668.5019500652,11422.3445686258,11118.3270098625,10445.8947710339,9920.05831237044,8112.12377688754,18947.9488074156,15555.2995533851,15320.6222121897,18215.6478762217,14769.1443883398,13871.4826058598
gene-b1094,13948.0784754556,9457.6486652896,11795.5265170196,15267.1458687339,15433.5809012662,12205.4045854719,20700.299603948,21600.2093157245,16323.728748198,23367.4454023865,15598.1734230796,18098.4074577414
gene-b1095,14963.977735223,15387.2667097859,15784.7704156552,23525.8782432261,18962.2353581594,18392.5498045485,29356.2479746438,24358.0736596192,25538.6571337179,32864.353297594,20844.495682771,29127.9840391308
gene-b1096,426.324152000656,423.732137223216,428.928236982531,715.619473725119,535.293455232595,563.486446860269,557.884135822195,387.483001695321,459.015219632984,672.239297601563,410.581742062808,677.869560629199
gene-b1097,159.091695746586,125.014139863992,144.736868144352,223.910974256921,169.1527318535,218.511079535303,285.063053727328,275.524030550849,210.711727978072,293.340784407955,190.346324864367,237.786704513907
gene-b1098,433.602857034814,460.578410025235,407.798767180436,529.325543143361,502.105261008174,555.482378012822,693.420250324452,569.416329805088,574.758281480094,617.237900525071,438.897724274037,558.976208372245
gene-b1099,601.013072820437,547.43033877285,535.632059483112,783.688409899223,646.634493920974,656.333645490654,923.394431705701,718.986517818406,802.287377418857,818.90968980554,563.959979040294,699.163892376713
gene-b1100,902.559424235536,886.942423877166,963.503822975539,1218.07569995765,1075.93984501751,971.693958080066,1452.42249153709,982.265035900328,1159.40913234883,1151.97370543541,790.48783673012,1118.8396805673
gene-b1101,15472.4472726092,29221.7262086296,29562.2412001113,3319.25628238459,5085.28782470965,5106.59592467119,31742.5580164287,26982.9867252798,22345.3357350643,6136.72995159003,28531.4982980581,5136.37027026496
gene-b1102,408.647296917702,256.607971299774,179.600493317809,702.184815269703,490.328804993057,288.946885392837,440.71097876863,520.434279929381,627.188899239896,119.169693665732,942.292963584759,251.982925678917
gene-b1103,965.988139533194,842.200521189,1077.60295990685,867.878936219825,982.798783807044,996.506571507152,669.810733604704,702.367608039148,671.705461488784,825.020956147373,835.321475231231,842.900631672433
gene-b1104,934.793689386805,846.148336132074,922.301356861453,889.374389748489,896.081244059363,1021.31918493424,647.950069975307,646.388122466912,694.458371082661,832.150766879511,833.748365108385,676.982296806386
gene-b1105,1090.76594011875,1067.22597294419,1177.9679414668,1032.67741327292,1184.0691229745,1071.74481867315,743.262563399476,627.145174301456,710.286482104488,793.446080047905,862.064347319613,859.758644305882
gene-b1106,233.958376097921,197.390747153672,257.779531585561,254.362866755862,294.411400377927,184.893990376026,185.378427577281,251.907685075062,181.034019812147,188.430712206499,210.010201399942,191.648985727627
gene-b1107,838.090893932997,859.307719275652,857.856473965063,934.156584599873,973.163501612857,792.402815897253,981.106583687308,858.06055228693,957.600716820535,938.079383471272,908.47109594357,977.764732740022
gene-b1108,908.798314264813,780.351420414183,895.889519608834,655.611332624264,813.646051953544,712.362127422783,736.267151038069,865.932667445525,795.362578846808,785.297724925462,848.692911275422,655.687965058872
gene-b1109,2874.04867348735,1359.36427873162,1637.53390966237,4500.61058256411,4480.40622029682,4851.26612843763,4575.87411090524,4243.94474994514,4628.73321694554,6520.72118673516,10634.224430439,6404.27027306486
gene-b1110,48.8713052293435,22.3709513440828,34.863625173457,171.067984332287,99.5645826732626,160.881783833685,41.972474168441,38.4858963309122,30.6669651047899,88.6133619565697,79.4420612037235,158.820224283543
gene-b1111,422.164891981138,368.462728020188,354.975092675198,563.360011230413,438.940633290728,615.512894368674,336.654219892704,253.657043999194,294.798567781528,512.327828323615,371.253988991658,536.794612801918
gene-b1112,34.3138951610284,27.6347046015141,51.7672010151331,127.181433377931,88.8587135686107,160.08137694894,19.2373839938688,11.3708330068604,15.828111021827,116.114060494815,26.7428720883822,170.354653980113
gene-b1113,601.013072820437,614.543192805099,342.297410793941,555.299216157163,593.105148397715,371.388794521541,501.92083693094,489.820498757065,608.393017401476,510.290739543005,390.917865527233,696.502100908274
gene-b1114,3202.63021502932,3051.66095099577,3076.45080318505,2959.20743577946,3347.72526902465,4186.92841409953,3044.75323030232,3460.23195193384,3897.6723391249,2387.46805087585,2333.70886724205,2454.171733901
gene-b1115,8.31852003903719,9.21156820050469,14.7906288614666,9.85208286730451,2.14117382093038,14.4073239254046,3.49770618070341,10.4961535447942,4.94628469432094,5.09272195152699,4.71933036853803,5.32358293687852
gene-b1116,894.240904196498,859.307719275652,726.853761192073,968.191052686925,1045.96341152449,788.40078147353,1118.39155127992,1012.87881707264,991.235452741917,1228.36453470831,1204.21579903862,1049.63310238788
gene-b1117,282.829681327265,185.547302324452,197.56054264959,240.928208300447,294.411400377927,192.097652338728,397.864078055013,406.725949860777,335.35810227496,374.824335632387,377.546429483042,316.753184744272
gene-b1118,1330.96320624595,1419.89744119208,1256.14697973456,1592.45484891522,1488.11580554661,1081.34970129009,1702.50848345739,1500.07527744351,1594.68218544907,1565.5027278994,1591.20088925874,1726.61539919427
gene-b1119,968.067769542953,825.093323102349,732.136128642597,885.791814160378,833.987203252382,629.119811409334,790.481596838972,800.331707790561,836.911370279104,865.762731759589,892.73999471511,795.875649063339
gene-b1120,331.700986556608,265.819539500278,225.028853392313,274.067032490471,261.223206153506,252.128168694581,258.830257372053,428.592936412432,324.476275947454,458.344975637429,310.689249262087,283.037159477375
gene-b1121,37.4333401756674,56.585347517386,40.1459926239808,41.1996192632734,33.1881942244209,42.4215648914691,83.9449483368819,96.2147408272806,70.2372426593574,80.4650068341265,54.2722992381873,95.8244928638134
gene-b1122,77.9861253659737,61.8491007748172,57.0495684656569,89.5643897027683,54.5999324337246,69.6353989727889,153.89907195095,121.5804452272,114.753804908246,152.78165854581,88.8807219407995,99.3735481550658
gene-b1123,2614.09492226744,2420.01056010402,3064.8295947939,3253.87427790157,2977.30219800369,3789.12619238141,6802.16409492296,4954.18447314288,5055.102957596,6216.17641403385,3861.19879652553,3789.5037872347
gene-b1124,761.144583571903,721.134196268081,637.053514533169,772.94068313489,793.304900654705,722.767416924464,1806.56524233331,1095.97336596893,1094.11817438379,1445.31448984336,650.481035796825,1049.63310238788
gene-b1125,1367.35673141674,1347.5208339024,1173.74204750639,1355.10921620288,1611.23330025011,1335.07868375416,3241.49920296689,2039.75250553835,2197.13966121736,2537.19407625075,1131.06617832628,2023.84877983665
gene-b1126,2403.01247627687,2487.12341413627,2298.88631446795,2640.35820843761,2778.17303265717,2491.66663221025,5653.16761456189,3531.95566782326,3677.06804175819,4582.43121198399,1968.74731874178,4068.10462759801
gene-b1127,728.910318420634,690.867615037852,742.700863543644,514.09959689389,599.528669860506,621.916149446632,240.46729992336,293.892299254239,315.572963497676,339.175281971698,556.094428426064,347.80741854273
gene-b1128,1281.05208601173,1360.68021704598,1308.97065423979,1675.74973133879,1728.99786040128,1391.90757257103,1392.08705991996,1267.41054053391,1175.23724337066,1737.63672986101,1278.15197481238,1453.33814176784
gene-b1129,1628.35029764153,1462.00746725153,1322.70480961116,1840.54820839189,1786.8095535664,1614.42068653006,1316.01195048966,1122.21374983092,1165.34467398201,1553.28019521573,1504.67983250221,1378.80798065154
gene-b1130,2476.83934162332,2447.64526470553,2255.57090137366,2608.11502814461,2258.93838108155,2365.20234442059,1499.64152497659,1276.15733515457,1307.79767317846,2184.77771720508,1999.42296613728,2313.09678607372
gene-b1131,8081.44221792463,9631.35252278483,9944.58496235608,12416.3113444948,13292.4070803358,8917.33310294071,13715.3803610833,9965.22311132007,10744.319613004,12037.1576046292,6126.47737342378,10918.6686035379
gene-b1132,1135.47798532858,1072.48972620162,1108.24069111989,1335.40505046828,1457.06878514312,993.304943968173,1680.64781982799,1297.14964224416,1213.81826398636,1621.52266936619,825.882814494155,1471.0834182241
gene-b1133,2220.00503541805,2030.49281905411,2181.61775706632,2780.07865637393,2646.49084266995,2189.9132366615,3131.32145827473,2459.59864733012,2536.45479124778,3207.3962850717,1638.39419294412,2766.48859953121
gene-b1134,120.618540566039,118.434448292203,124.663871832361,191.667793963924,173.435079495361,119.26062582696,175.759735580347,190.680122730429,153.334825523949,193.523434158026,161.243787591716,141.962211650094
gene-b1135,271.391716273588,248.712341413627,264.118372526189,422.743919397066,352.223093543047,318.561940128391,338.403072983055,313.135247419695,307.658907986763,365.657436119638,329.566570736239,366.439958821805
gene-b1136,47889.7198647371,44674.7898341334,38241.1709213219,39384.1490839983,34257.7105479756,32930.3400521665,25171.2425294321,28175.174832076,31071.5711927853,40594.0866756217,25640.1218922671,27523.8110474848
gene-b1137,196.525035922254,327.668640275095,295.812577229332,203.311164625284,164.870384211639,192.898059223473,310.421423537428,372.613450840196,435.273053100243,168.059824400391,313.835469507779,136.638628713215
gene-b1138,168.450030790503,286.874552530003,321.167940991846,131.659652863069,142.38805909187,125.663880904918,288.560759908032,272.89999216465,369.982095135207,128.33659317848,281.586711989436,88.7263822813087
gene-b1139,256.834306205273,439.52339699551,351.805672204884,237.345632712336,249.446750138389,254.529389348815,208.987944297029,184.557366495966,270.067144309924,232.228120989631,203.717760908558,203.183415424197
gene-b1140,67.5879753171772,97.3794352624782,95.0826141094281,72.5471556592423,79.223431374424,99.2504537083428,57.7121519816063,51.6060882619051,58.3661593929871,62.1312078086293,74.7227308351854,62.1084675969161
gene-b1141,9.35833504391684,14.4753214579359,5.28236745052379,6.26950727919378,7.49410837325632,13.6069170406599,5.24655927105512,8.74679462066187,2.96777081659257,4.07417756122159,1.57311012284601,8.87263822813087
gene-b1142,3.11944501463895,1.31593831435781,4.22589396041903,0.895643897027683,2.14117382093038,1.6008137694894,0.0,1.74935892413237,2.96777081659257,1.0185443903054,0.786555061423005,0.887263822813087
gene-b1143,509.509352391028,482.949361369317,529.293218542483,460.360963072229,422.88182963375,425.816462684181,201.118105390446,194.178840578694,248.303491654911,273.988440992152,331.139680859085,324.73855914959
gene-b1144,65.5083453074179,56.585347517386,58.1060419557616,48.3647704394949,66.3763884488417,44.8227855457032,22.7350901745722,31.4884606343827,30.6669651047899,29.5377873188566,20.4504315969981,31.9414976212711
gene-b1145,509.509352391028,457.946533396519,498.655487329445,579.481601376911,513.881717023291,786.79996770404,757.253388122289,716.362479432207,755.79230129224,729.277783458665,560.027203733179,733.767181466423
gene-b1146,21.8361151024726,21.055013029725,21.1294698020951,9.85208286730451,12.8470429255823,12.0061032711705,6.99541236140683,9.62147408272806,4.94628469432094,8.14835512244319,1.57311012284601,7.0981105825047
gene-b1147,12.4777800585558,23.6868896584406,12.6776818812571,6.26950727919378,4.28234764186076,4.0020344237235,6.99541236140683,8.74679462066187,3.95702775545676,10.185443903054,4.71933036853803,6.21084675969161
gene-b1148,3.11944501463895,3.94781494307344,4.22589396041903,2.68693169108305,1.07058691046519,0.8004068847447,0.874426545175853,1.74935892413237,0.989256938864189,2.0370887806108,1.57311012284601,2.66179146843926
gene-b1149,28.0750051317505,25.0028279727984,21.1294698020951,15.2259462494706,24.6234989406993,20.0101721186175,11.3675450872861,13.994871393059,20.774395716148,10.185443903054,13.3714360441911,20.407067924701
gene-b1150,0.0,0.0,0.0,0.0,0.0,0.8004068847447,2.62327963552756,0.0,0.0,1.0185443903054,0.786555061423005,0.0
gene-b1151,4.1592600195186,3.94781494307344,9.50826141094281,1.79128779405537,5.35293455232595,6.4032550779576,4.37213272587927,6.9974356965295,1.97851387772838,2.0370887806108,3.93277530711502,6.21084675969161
gene-b1153,2.0796300097593,2.63187662871563,1.05647349010476,4.47821948513841,6.42352146279113,3.2016275389788,2.62327963552756,2.62403838619856,1.97851387772838,3.0556331709162,1.57311012284601,1.77452764562617
gene-b1154,2.0796300097593,0.0,1.05647349010476,3.58257558811073,3.21176073139557,1.6008137694894,1.74885309035171,0.0,0.0,0.0,1.57311012284601,2.66179146843926
gene-b1155,1.03981500487965,1.31593831435781,8.45178792083806,5.3738633821661,5.35293455232595,17.6089514643834,7.86983890658268,2.62403838619856,9.89256938864189,8.14835512244319,4.71933036853803,12.4216935193832
gene-b1156,12.4777800585558,9.21156820050469,11.6212083911523,8.06079507324915,12.8470429255823,16.8085445796387,3.49770618070341,7.87211515859569,16.8173679606912,9.16689951274859,14.1579911056141,17.7452764562617
gene-b1158,1.03981500487965,2.63187662871563,2.11294698020951,7.16515117622146,2.14117382093038,4.0020344237235,3.49770618070341,6.12275623446331,6.92479857204932,3.0556331709162,4.71933036853803,1.77452764562617
gene-b1159,108.140760507484,136.857584693213,104.590875520371,124.494501686848,98.4939957627974,122.462253365939,156.522351586478,138.199355006458,183.012533689875,98.7988058596237,173.828668574484,122.442407548206
gene-b1160,40.5527851903063,67.1128540322485,76.0660912875425,87.7731019087129,86.7175397476803,98.4500468235981,69.0796970688924,37.6112168688461,69.2479857204932,69.2610185407671,61.3512947909944,111.795241674449
gene-b4738,1.03981500487965,0.0,1.05647349010476,2.68693169108305,1.07058691046519,2.4012206542341,0.874426545175853,0.0,0.0,0.0,0.786555061423005,0.0
gene-b4739,8.31852003903719,14.4753214579359,21.1294698020951,22.3910974256921,17.129390567443,22.4113927728516,26.2327963552756,12.2455124689266,18.7958818384196,28.5192429285512,18.0907664127291,29.2797061528319
gene-b1161,38.473155180547,55.2694092030281,46.4848335646093,100.3121164671,74.9410837325632,85.6435366676829,118.922010143916,77.8464721238907,130.581915930073,111.021338543288,71.5765105894934,117.118824611328
gene-b1162,837.051078928118,882.994608934093,808.202219930139,1150.00676378355,1464.56289351638,870.842690602234,420.599168229586,362.991976757468,467.918532082761,724.185061507138,530.138111399105,794.988385240526
gene-b1163,1546.20491225604,1572.54628565759,816.654007850977,1494.8296641392,1916.35056973269,552.280750473843,194.997119574215,153.943585323649,238.41092226627,841.317666392259,381.479204790157,960.019456283761
gene-b1164,15.5972250731947,21.055013029725,16.9035758416761,20.5998096316367,79.223431374424,49.6252268541714,27.9816494456273,37.6112168688461,42.5380483711601,46.8530419540483,14.9445461670371,37.2650805581497
gene-b1165,28.0750051317505,28.9506429158719,39.089519133876,80.6079507324915,92.0704743000063,136.869577291344,66.4564174333649,42.8592936412432,60.3446732707155,59.0755746377131,12.5848809827681,44.3631911406544
gene-b1166,11.4379650536761,9.21156820050469,16.9035758416761,45.6778387484118,32.1176073139557,78.4398747049806,39.3491945329134,15.7442303171914,41.5487914322959,37.6861424412997,14.1579911056141,19.5198041018879
gene-b1167,17.676855082954,14.4753214579359,11.6212083911523,38.5126875721904,54.5999324337246,80.8410953592147,16.6141043583412,11.3708330068604,12.8603402052345,27.5006985382458,13.3714360441911,26.6179146843926
gene-b1168,15.5972250731947,21.055013029725,15.8471023515714,26.8693169108305,21.4117382093038,41.6211580067244,13.1163981776378,7.87211515859569,9.89256938864189,14.2596214642756,12.5848809827681,20.407067924701
gene-b4520,12.4777800585558,3.94781494307344,12.6776818812571,19.704165734609,18.1999774779082,17.6089514643834,32.3537821715066,24.4910249378532,26.7099373493331,33.6119648800781,20.4504315969981,27.5051785072057
gene-b1171,145.574100683151,157.912597722938,207.068804060532,302.727637195357,237.670294123272,284.144444084369,375.128987880441,344.623708054078,337.336616152688,185.375079035583,210.796756461365,194.310777196066
gene-b1172,40.5527851903063,22.3709513440828,49.6542540349236,62.6950727919378,46.0352371500031,71.2362127422783,114.549877418037,126.828521999597,105.850492458468,68.2424741504617,57.4185194838793,66.5447867109816
gene-b4593,1.03981500487965,1.31593831435781,6.33884094062854,7.16515117622146,7.49410837325632,8.004068847447,3.49770618070341,6.9974356965295,8.9033124497777,2.0370887806108,8.65210567565305,0.0
gene-b4594,1.03981500487965,1.31593831435781,4.22589396041903,2.68693169108305,1.07058691046519,3.2016275389788,1.74885309035171,0.0,1.97851387772838,1.0185443903054,9.43866073707606,4.43631911406544
gene-b1174,938.952949406323,1129.075073719,998.367448148996,734.4279955627,683.034448876791,771.592236893891,1331.75162830282,1701.25155371873,1822.21128138784,1151.97370543541,1462.99241424679,1001.72085595598
gene-b1175,4034.48221893304,4920.29335738386,4680.17756116407,3161.62295650772,3595.0308453421,3427.34228047681,4735.89416867242,4951.56043475669,5514.11817722899,3275.63875922216,5015.8616266945,3623.58545236865
gene-b1176,3282.69597040505,3812.27329669458,3615.25228313848,2678.8708960098,2784.59655411996,2686.96591208796,3318.44873894236,3385.88419765821,3220.03133600293,2459.78470258754,3969.7433950019,2646.70798345144
gene-b1177,311.944501463895,327.668640275095,442.662392353893,475.5869093217,324.387833870952,475.441689538352,275.444361730394,257.155761847459,267.099373493331,355.471992216584,287.87915248082,290.13527005988
gene-b1178,38.473155180547,51.3215942599547,67.6143033667045,66.2776483800485,50.3175847918639,109.655743210024,52.4655927105512,61.2275623446331,55.3983885763946,63.1497521989347,81.8017263879925,45.2504549634675
gene-b1179,712.27327834256,922.472758364827,822.992848791606,843.696551000077,642.352146279113,794.003629666743,694.294676869628,616.649020756662,760.738585986561,702.795629310725,768.464295010275,787.003010835209
gene-b1180,394.089886849387,460.578410025235,416.250555101274,450.508880204925,461.422958410497,503.455930504416,369.882428609386,427.718256950366,421.423455956144,468.530419540483,514.407010170645,426.773898773095
gene-b1181,189.246330888096,177.651672438305,179.600493317809,223.910974256921,186.282122420943,276.140375236922,292.058466088735,266.777235930187,242.367950021726,357.509080997195,244.618624102554,251.095661856104
gene-b1182,13.5175950634354,11.8434448292203,17.9600493317809,29.5562486019135,11.7764560151171,31.2158685050433,10.4931185421102,7.87211515859569,5.93554163318513,15.278165854581,9.43866073707606,15.9707488106356
gene-b1183,21.8361151024726,26.3187662871563,26.4118372526189,33.1388241900243,22.482325119769,36.8187166982562,22.7350901745722,33.2378195585151,25.7206804104689,50.9272195152699,44.8336385011113,31.0542337984581
gene-b1184,51.9907502439825,68.4287923466063,63.3884094062854,70.755867865187,81.3646051953544,90.4459779761511,89.1915076079371,93.590702441082,57.376902454123,87.5948175662643,101.465602923568,81.628271698804
gene-b1185,401.368591883545,321.088948703306,368.70924804656,421.848275500039,457.140610768636,401.003849257095,569.251680909481,484.572421984668,490.671441676638,698.721451749503,414.514517369923,635.280897134171
gene-b1186,1764.56606328076,1526.48844465506,1617.46091335038,1499.30788362434,1379.98652758963,1535.98081182508,1968.33415319085,1724.86789919452,1666.89794198616,1787.54540498597,1786.26654449164,1598.84940870918
gene-b1187,641.565858010744,642.177897406613,628.60172661233,576.794669685828,628.434516443066,418.612800721478,772.118639390279,978.766318052064,847.79319660661,836.224944440732,1083.8728746409,682.305879743264
gene-b1188,616.610297893632,726.397949525513,652.90061688474,306.310212783468,383.270113946538,368.187166982562,64.7075643430132,79.595831048023,87.0546106200486,116.114060494815,216.302641891326,148.173058409786
gene-b1189,9335.45911380949,11377.6026659377,9369.86338373909,3463.45494980605,4371.20635542937,4362.21752185862,3722.43380281361,6263.57962785597,5759.45389806731,1850.69515718491,2472.92911311393,1451.56361412221
gene-b1190,5541.17416100365,6261.23449971447,5324.62639012798,1940.86032485899,2679.67903689437,2554.89877610508,2193.93620184622,4192.33866168324,4215.22381650031,1290.49574251694,1950.65655232905,977.764732740022
gene-b4740,184.047255863698,296.086120730508,198.617016139694,144.198667421457,140.24688527094,137.669984176088,60.3354316171339,91.8413435169497,104.861235519604,38.7046868316051,95.9597174936066,53.2358293687852
gene-b1191,497.031572332472,456.630595082161,525.067324582064,503.351870129558,491.399391903522,392.999780409648,271.94665554969,228.291339599275,225.550582061035,215.931410744744,375.186764298773,235.124913045468
gene-b1192,438.801932059212,411.888692393995,403.572873220017,439.761153440592,378.987766304677,408.207511219797,372.505708244914,360.367938371269,324.476275947454,426.770099537962,463.28093117815,427.661162595908
gene-b1193,169.489845795383,138.17352300757,136.285080223514,278.545251975609,225.893838108155,275.339968352177,550.014296915612,573.789727115419,447.144136366613,564.273592229191,280.01360186659,369.101750290244
gene-b1194,4872.57311286604,5440.0889915552,6764.59975714076,3021.00686467437,2401.32644017342,2674.15940193204,13.9908247228137,17.4935892413237,20.774395716148,11.2039882933594,7.86555061423005,12.4216935193832
gene-b1195,4.1592600195186,9.21156820050469,3.16942047031427,11.6433706613599,8.56469528372151,6.4032550779576,2.62327963552756,3.49871784826475,2.96777081659257,3.0556331709162,1.57311012284601,3.54905529125235
gene-b1196,17.676855082954,13.1593831435781,23.2424167823047,17.017234043526,16.0588036569778,24.012206542341,6.99541236140683,6.9974356965295,3.95702775545676,10.185443903054,5.50588542996103,21.2943317475141
gene-b1197,683.158458205929,761.928284013174,704.667817899873,478.273841012783,542.787563605851,502.655523619672,210.736797387381,288.644222481842,340.304386969281,213.894321964134,401.143081325732,275.051785072057
gene-b1198,8628.38491049133,8152.23785744665,6931.52256857731,4510.46266543141,4865.81750806428,3830.74735038814,2928.45449979393,4361.15179786201,4564.43151591937,3836.85671828044,7621.71854518891,3482.51050454137
gene-b1199,3270.2181903465,2685.8300996043,2360.16177689403,1518.11640546192,1893.86824461292,1342.28234571686,1155.1174661773,1751.10828305651,1793.52283016077,1712.17312010337,3189.48077407028,1307.82687482649
gene-b1200,5325.93245499356,4711.05916540097,4173.07028591379,2631.40176946733,3099.34910579672,2341.99054476299,2005.06006808823,2987.03036295603,2682.86481819968,2433.3025484396,5324.97776583374,1978.59832487318
gene-b1201,201.724110946652,180.28354906702,167.979284926656,302.727637195357,284.77611818374,377.792049599499,188.001707212808,215.171147668282,238.41092226627,270.932807821236,380.692649728734,259.081036261422
gene-b1202,101.901870478206,103.959126834267,95.0826141094281,136.137872348208,112.411625598845,143.272832369301,69.9541236140683,76.9717926618245,57.376902454123,142.596214642756,122.702589581989,160.594751929169
gene-b1203,2130.5809449984,2104.18536465814,2281.98273862628,3280.7435948124,2877.73761533043,2807.82735168441,5245.68484450994,4719.77037730915,4273.5899758933,5088.64777396577,2465.0635624997,3871.1320589335
gene-b1204,504.31027736663,581.644734946153,667.691245746207,801.601287839776,662.693297577952,707.559686114315,1219.82503052032,964.771446659005,1006.07430682488,881.04089761417,470.359926730957,818.057244633667
gene-b1205,93.5833504391684,130.277893121423,123.607398342257,85.0861702176299,36.3999549558164,88.044757321917,24.4839432649239,62.1022418066993,42.5380483711601,104.910072201456,254.05728483963,62.9957314197292
gene-b1206,322.342651512691,243.448588156195,235.593588293361,467.52611424845,429.305351096541,422.614835145202,549.139870370436,507.314087998389,517.381379025971,1034.84110055028,412.941407247077,856.209589014629
gene-b1207,19029.6544043025,26696.440583377,26972.8246758646,32810.1228798151,31626.2079220522,22886.0340555052,36317.5577007887,23172.0083090574,26747.5291130099,28508.0389402578,15573.0036611141,28680.803072433
gene-b1208,1485.89564197302,1240.92983043942,1415.67447674037,1662.31507288338,2321.03242188853,1219.82009235092,1652.66617038236,1723.99321973246,1428.48701971989,1941.34560792209,1245.90321729404,1563.35885579666
gene-b1209,870.325159084266,884.31054724845,799.750432009301,806.975151221942,837.198963983778,669.940562531314,656.694335427066,646.388122466912,684.565801694019,710.943984433168,693.74156417509,709.81105825047
gene-b1210,1047.09370991381,1188.29229786511,1152.61257770429,1286.14463613175,1314.68072605125,1088.55336325279,1355.36114502257,967.395485045203,1100.05371601698,1427.99923520817,1461.41930412394,1296.29244512992
gene-b1211,939.992764411203,1005.37687216937,893.776572628625,1082.83347150647,1333.95129043963,761.18694739221,1309.89096467343,983.139715362395,960.568487637127,1327.16334056793,1163.31493584462,1400.10231239905
gene-b1212,218.361151024726,200.022623782388,177.487546337599,265.110593520194,275.140835989554,168.885852681132,340.151926073407,313.135247419695,266.110116554467,330.008382458949,273.721161375206,315.865920921459
gene-b1213,212.122260995448,236.868896584406,188.052281238647,228.389193742059,199.129165346525,146.47445990828,234.346314107129,181.933328109767,177.07699205669,221.024132696271,174.615223635907,234.237649222655
gene-b1214,1369.4363614265,1454.11183736538,1386.09321901744,1503.78610310948,1588.75097513034,1234.22741627633,1479.52971443754,1175.56919701696,1296.91584685095,1569.57690546062,1281.29819505807,1576.66781313886
gene-b1215,3110.08667959503,2935.85837933228,3141.95215957155,3827.08637199929,4144.24193041075,3475.36669356149,3701.44756572939,3343.02490401697,3648.37959053113,4597.70937783857,3062.84540918118,3905.73534802321
gene-b4419,1.03981500487965,3.94781494307344,1.05647349010476,3.58257558811073,6.42352146279113,4.0020344237235,1.74885309035171,6.9974356965295,2.96777081659257,9.16689951274859,1.57311012284601,2.66179146843926
gene-b4420,65.5083453074179,56.585347517386,60.2189889359712,101.207760364128,103.846930315123,80.04068847447,94.4380668789922,62.9769212687655,77.1620412314067,117.132604885121,75.5092858966084,85.1773269900564
gene-b4421,0.0,0.0,2.11294698020951,1.79128779405537,3.21176073139557,2.4012206542341,3.49770618070341,6.12275623446331,0.989256938864189,6.11126634183239,3.14622024569202,3.54905529125235
gene-b4422,3.11944501463895,2.63187662871563,3.16942047031427,6.26950727919378,9.6352821941867,9.6048826169364,7.86983890658268,3.49871784826475,4.94628469432094,10.185443903054,6.29244049138404,12.4216935193832
gene-b4423,2.0796300097593,2.63187662871563,1.05647349010476,3.58257558811073,3.21176073139557,4.0020344237235,6.12098581623097,6.9974356965295,2.96777081659257,9.16689951274859,0.786555061423005,4.43631911406544
gene-b4424,0.0,1.31593831435781,1.05647349010476,1.79128779405537,1.07058691046519,1.6008137694894,0.0,0.874679462066187,0.0,1.0185443903054,0.786555061423005,2.66179146843926
gene-b1216,1172.91132550424,1147.49821012001,941.317879683339,1357.79614789397,1280.42194491637,1182.20096876792,1188.34567489399,1017.25221438298,1108.95702846676,1381.14619325412,842.400470784038,1570.45696637916
gene-b1217,21.8361151024726,28.9506429158719,23.2424167823047,24.1823852197474,23.5529120302342,40.8207511219797,12.2419716324619,16.6189097792576,7.91405551091351,21.3894321964134,24.3832069041131,25.7306508615795
gene-b1218,616.610297893632,501.372497770327,382.443403417922,248.989003373696,307.258443303509,236.120030999687,69.0796970688924,125.079163075465,89.033124497777,117.132604885121,158.884122407447,126.878726662271
gene-b1219,33.2740801561488,31.5825195445875,32.7506781932475,34.9301119840796,19.2705643883734,27.2138340813198,28.8560759908032,51.6060882619051,34.6239928602466,44.8159531734375,65.2840700981094,30.166969975645
gene-b1220,154.932435727068,135.541646378855,175.37459935739,150.468174700651,147.740993644196,171.287073335366,80.4472421561785,91.8413435169497,99.9149508252831,105.928616591761,198.211875478597,126.878726662271
gene-b1221,665.481603122975,822.461446473633,934.97903874271,955.652038128538,698.022665623303,1034.12569509015,752.006828851234,526.557036163845,572.779767602365,850.484565905008,607.22050741856,850.886006077751
gene-b1222,342.099136605405,348.72365330482,345.466831264256,447.821948513841,368.281897200025,471.439655114628,428.469007136168,345.498387516144,334.368845336096,451.215164905292,356.309442824621,460.489924039992
gene-b1223,13.5175950634354,9.21156820050469,24.2988902724094,15.2259462494706,12.8470429255823,15.2077308101493,4.37213272587927,4.37339731033094,6.92479857204932,6.11126634183239,7.07899555280704,3.54905529125235
gene-b1224,106.061130497724,115.802571663488,117.268557401628,84.1905263206022,83.5057790162847,101.651674362577,41.0980476232651,44.6086525653756,57.376902454123,53.9828526861861,66.0706251595324,60.3339399512899
gene-b1225,56.1500102635011,47.3737793168813,67.6143033667045,45.6778387484118,71.7293230011677,69.6353989727889,24.4839432649239,18.3682687033899,27.6991942881973,38.7046868316051,33.8218676411892,44.3631911406544
gene-b1226,20.796300097593,9.21156820050469,11.6212083911523,13.4346584554152,17.129390567443,14.4073239254046,11.3675450872861,10.4961535447942,4.94628469432094,11.2039882933594,3.93277530711502,15.0834849878225
gene-b1227,11.4379650536761,5.26375325743125,11.6212083911523,11.6433706613599,14.9882167465126,16.8085445796387,15.7396778131654,6.12275623446331,6.92479857204932,18.3337990254972,10.2252157984991,9.75990205094396
gene-b1228,0.0,0.0,1.05647349010476,0.0,0.0,0.0,0.0,0.874679462066187,0.989256938864189,0.0,0.786555061423005,0.887263822813087
gene-b4425,13.5175950634354,10.5275065148625,8.45178792083806,115.538062716571,96.352821941867,112.857370749003,25.3583698100998,13.994871393059,10.8818263275061,83.5206400050427,30.6756473954972,145.511266941346
gene-b1229,0.0,0.0,0.0,0.0,0.0,0.0,0.0,0.0,0.0,0.0,0.0,0.0
gene-b1230,444.00100708361,343.459900047389,429.984710472636,497.082362850364,428.234764186076,441.824600379075,403.985063871244,405.851270398711,372.949865951799,599.92264588988,206.077426092827,417.013996722151
gene-b1231,489.752867298315,417.152445651427,460.622441685674,566.046942921496,474.270001336079,505.857151158651,499.297557295412,552.79742002583,432.305282283651,634.553155160263,269.001831006668,707.149266782031
gene-b1232,1716.7345730563,1843.6295784153,1736.84241773222,1821.73968655431,1544.85691180127,1391.90757257103,1459.4179038985,1321.64066718201,1384.95971440986,1446.33303423367,1377.25791255168,1291.85612601586
gene-b1233,655.083453074179,718.502319639366,581.060419557616,745.175722327032,677.681514324465,509.859185582374,688.173691053397,580.787162811948,569.811996785773,689.554552236755,663.065916779593,699.163892376713
gene-b1234,884.882569152581,1133.02288866208,977.2379783469,849.070414382243,943.187068119832,773.19305066338,647.075643430132,628.019853763523,649.941808833772,563.255047838885,749.586973536123,734.654445289236
gene-b1235,542.783432547177,571.117228431291,580.003946067512,578.585957479883,572.763997098876,451.429482996011,461.697215852851,436.465051571027,431.316025344786,405.380667341549,448.336385011113,399.268720265889
gene-b1236,3043.53851928273,2821.37174598315,3169.42047031427,3071.16292290792,2830.63179126996,2995.12256271467,4234.84775828666,3993.78642379421,3935.26410280174,4350.20309099436,3093.52105657668,3260.6945488381
gene-b1237,27517.664289135,29881.0113041229,29754.5193753104,25970.0904382147,32247.148330122,24626.1186229402,24849.4535608074,22151.2573768262,24418.8182789236,35005.3336060159,25032.1148297871,31292.9077667948
gene-b1238,326.50191153221,301.349873987939,367.652774556455,351.092407634852,316.893725497696,397.001814833371,460.822789307675,459.206717584748,379.874664523849,539.828526861861,254.843839901053,342.483835605852
gene-b1241,34869.1563736342,47384.3068233961,39761.4362735826,29180.9738090589,32946.2415826557,29821.559711818,20796.4865239173,21336.0561181805,25519.8612518795,20864.8818354061,69193.2487533817,24600.2767513157
gene-b4771,0.0,0.0,1.05647349010476,0.0,1.07058691046519,0.0,0.0,0.0,0.0,1.0185443903054,0.0,0.0
gene-b1242,240.197266127199,307.929565559728,268.344266486608,442.448085131675,300.834921840718,446.627041687543,333.156513712,275.524030550849,343.272157785874,456.307886856819,284.732932235128,450.730021989048
gene-b4711,2396.77358624759,2688.46197623301,2744.71812729216,2345.6913663155,1837.12713835826,2274.75636644444,2560.3209242749,3265.17843189308,2978.65264292007,1161.14060494815,2244.04159023983,1173.85003758171
gene-b1243,20562.3417214951,24102.7261657777,20620.2495798646,13917.4105159132,10645.9162376658,12574.3921593392,22965.9387824986,18948.1811867398,21405.5416431433,30966.805098455,23816.1007048272,27960.3448483088
gene-b1244,3043.53851928273,3858.33113769711,3136.66979212102,2130.73683102886,1766.46840226756,1902.56716503815,4452.57996803545,3444.48772161665,4119.26589343048,5277.07848617227,4033.45435497717,4984.64815656393
gene-b1245,2369.73839612072,2106.81724128686,1974.54895300579,1407.05656223049,1169.08090622799,1255.83840216443,4047.72047761903,3260.80503458275,3482.18442480194,4739.28704809102,3377.46743375038,3840.96508895786
gene-b1246,3335.72653565391,3324.06018206784,3082.78964412568,2083.26770448639,1891.72707079199,1762.49596020783,5689.0191029141,4627.9290337922,4954.19874983186,6901.65678870938,4797.19931961891,5367.94612801918
gene-b1247,2922.91997871669,2500.28279727984,2360.16177689403,1639.92397545769,1724.71551275942,1416.72018599812,4269.82482009369,4038.39507635959,3777.97224952234,5930.98398474834,3858.83913134126,3830.3179230841
gene-b1248,341.059321600525,292.138305787434,282.07842185797,334.970817488353,306.187856393044,312.959091935178,226.476475200546,206.42435304762,254.239033288097,270.932807821236,361.028773193159,275.051785072057
gene-b1249,952.470544469759,847.464274446432,834.614057182758,887.583101954434,867.175397476803,938.877275805533,656.694335427066,677.876583101295,707.318711287895,738.444682971414,975.328276164526,713.360113541722
gene-b4595,14.5574100683151,17.1071980866516,14.7906288614666,35.8257558811073,25.6940858511645,39.2199373524903,26.2327963552756,31.4884606343827,10.8818263275061,51.9457639055753,50.3395239310723,39.0396082037758
gene-b1250,255.794491200394,288.190490844361,251.440690644932,289.292978739942,246.234989406993,304.955023087731,220.355489384315,184.557366495966,205.765443283751,216.94995513505,263.495945576707,231.575857754216
gene-b1251,435.682487044573,392.149617678628,316.942047031427,326.014378518077,221.611490466294,288.946885392837,190.624986848336,328.879477736886,314.583706558812,295.377873188566,509.687679802107,299.895172110824
gene-b1252,482.474162264157,321.088948703306,301.094944679856,745.175722327032,516.022890844221,570.690108822971,1022.20463131057,1277.9066940787,1120.82811173313,383.991235145135,879.368558670919,383.297971455254
gene-b1253,418.005631961619,438.207458681152,459.565968195569,435.282933955454,382.199527036072,408.207511219797,800.100288835906,596.53139312914,611.360788218069,775.112281022408,377.546429483042,593.579497461955
gene-b1254,220.440781034486,203.970438725461,172.205178887075,323.327446826994,236.599707212807,248.126134270857,332.282087166824,342.874349129945,340.304386969281,503.160928810867,282.373267050859,355.792792948048
gene-b1255,709.153833327921,602.699747975878,574.721578616988,944.904311364205,853.257767640756,757.184912968486,987.227569503539,715.487799970141,804.265891296586,1143.82535031296,685.089458499437,1035.43688122287
gene-b1256,237.07782111256,227.657328383902,307.433785620484,108.37291154035,146.670406733731,149.676087447259,95.312493424168,149.570188013318,133.549686746665,74.3537404922941,106.184933292106,70.0938420022339
gene-b1257,25.9953751219912,18.4231364010094,26.4118372526189,46.5734826454395,28.9058465825601,48.024413084682,13.9908247228137,11.3708330068604,15.828111021827,16.2967102448864,10.2252157984991,18.6325402790748
gene-b1258,14.5574100683151,19.7390747153672,23.2424167823047,17.9128779405537,14.9882167465126,23.2117996575963,2.62327963552756,4.37339731033094,0.989256938864189,4.07417756122159,4.71933036853803,8.87263822813087
gene-b1259,8.31852003903719,15.7912597722938,9.50826141094281,8.06079507324915,4.28234764186076,12.0061032711705,1.74885309035171,0.874679462066187,1.97851387772838,4.07417756122159,0.786555061423005,0.887263822813087
gene-b1260,1703.21697799287,1919.95400064805,1321.64833612105,1197.47589032601,1560.91571545825,843.628856520914,593.735624174405,527.431715625911,684.565801694019,772.056647851492,770.037405133122,872.180337825265
gene-b1261,1066.85019500652,898.785868706386,678.255980647254,613.516069463963,816.857812684939,468.23802757565,346.272911889638,393.605757929784,423.401969833873,505.198017591478,456.988490686766,471.137089913749
gene-b1262,800.65755375733,751.400777498311,601.133415869607,545.447133289859,698.022665623303,349.777808633434,257.955830826877,265.902556468121,305.680394109034,305.56331709162,287.87915248082,330.949405909282
gene-b1263,128.937060605077,101.327250205552,114.099136931314,66.2776483800485,108.129277956984,74.4378402812571,123.294142869795,139.074034468524,130.581915930073,80.4650068341265,117.196704152028,81.628271698804
gene-b1264,108.140760507484,143.437276265002,95.0826141094281,77.0253751443807,88.8587135686107,73.6374333965124,132.038408321554,153.943585323649,148.388540829628,73.3351961019887,110.904263660644,97.5990205094396
gene-b1265,3.11944501463895,1.31593831435781,6.33884094062854,3.58257558811073,5.35293455232595,5.6028481932129,0.874426545175853,0.874679462066187,1.97851387772838,7.12981073213779,3.14622024569202,2.66179146843926
gene-b1266,386.81118181523,405.309000822206,343.353884284046,450.508880204925,438.940633290728,339.372519131753,422.348021319937,389.232360619453,352.175470235651,469.548963930789,368.107768745966,559.863472195058
gene-b1267,379.532476781072,431.627767109363,400.403452749703,554.403572260136,495.681739545383,419.413207606223,433.715566407223,361.242617833335,382.842435340441,579.551758083772,451.482605256805,608.662982449778
gene-b1268,152.852805717308,138.17352300757,155.301603045399,252.571578961807,225.893838108155,164.883818257408,144.280379954016,141.698072854722,160.259624095999,209.820144402912,181.694219188714,203.183415424197
gene-b1269,1873.74663879313,1583.07379217245,1432.57805258205,1592.45484891522,1862.82122420943,1276.6489811678,2520.09730319681,1730.11597596692,1694.59713627436,4107.78952610167,1439.3957624041,2854.3277179897
gene-b1270,238.11763611744,231.605143326975,212.351171511056,205.102452419339,222.682077376759,184.893990376026,185.378427577281,267.651915392253,249.292748593776,193.523434158026,225.741302628402,141.074947827281
gene-b1271,691.476978244967,813.249878273128,674.030086686835,678.898073946984,633.787450995392,612.311266829696,510.665102382698,564.168253032691,563.876455152588,431.862821489489,665.425581963862,502.191323712207
gene-b1272,638.446412996105,515.847819228263,560.987423245626,863.400716734686,733.352033668654,708.36009299906,693.420250324452,669.129788480633,586.629364746464,1267.06922153992,784.981951300159,849.111478432125
gene-b1273,439.841747064092,359.251159819683,381.386929927817,598.290123214492,453.92885003724,545.877495395886,523.781500560336,493.31921660533,527.273948414613,908.541596152415,938.360188277645,722.232751769853
gene-b1274,10522.927849382,10586.7237390086,9925.56843953419,9333.50505092548,10373.9871624077,10590.1834920571,12406.363822955,11393.5746728742,13108.6436968894,11060.3735343263,8012.63641071615,11169.764265394
gene-b1275,1260.25578591413,1348.83677221676,1246.63871832361,1523.49026884409,1226.89259939311,1215.01765104245,1258.29979850805,987.513112672725,1037.73052886853,1365.86802739954,1718.62280920927,1539.40273258071
gene-b4522,6.2388900292779,6.57969157178906,6.33884094062854,8.95643897027683,4.28234764186076,12.8065101559152,5.24655927105512,18.3682687033899,13.8495971440986,17.3152546351918,17.3042113513061,23.0688593931403
gene-b4523,254.754676195514,373.726481277619,482.808384977874,377.066080648655,358.646615005838,488.248199694267,434.589992952399,330.628836661019,412.520143506367,469.548963930789,289.452262603666,504.853115180647
gene-b4741,98.7824254635667,92.1156820050469,124.663871832361,120.01628220171,88.8587135686107,155.278935640472,120.670863234268,122.455124689266,124.646374296888,153.800202936115,99.1059377392986,158.820224283543
gene-b1276,4303.79430519687,4261.0082618906,3580.38865796502,2906.36444585483,3272.78418529208,2638.94149900328,1208.45748543303,1478.20829089186,1670.85496974161,1863.93623425888,1297.81585134796,1570.45696637916
gene-b1277,1041.89463488941,1113.28381394671,1137.82194884282,1307.64008966042,1168.01031931752,996.506571507152,1366.72869010986,1122.21374983092,1112.91405622221,1662.26444497841,1433.10332191271,1625.46732339358
gene-b1278,201.724110946652,147.385091208075,219.74648594179,267.797525211277,241.952641765133,213.708638226835,222.104342474667,188.930763806296,197.851387772838,230.19103220902,257.990060146746,240.448495982347
gene-b1279,477.275087239759,467.158101597024,459.565968195569,544.551489392831,354.364267363978,608.309232405972,503.669690021292,464.454794357145,474.843330654811,545.939793203694,537.217106951912,518.162072522843
gene-b1280,860.96682404035,911.945251849964,829.331689732234,1001.32987687695,1003.13993510588,1110.96475602564,762.499947393344,773.21664446651,867.578335383894,976.784070302877,763.744964641738,868.631282534013
gene-b1281,1024.21777980645,1005.37687216937,1198.04093777879,1721.42757008721,1575.90393220476,1227.82416119837,1621.18681475603,1096.848045431,1143.581021327,2265.24272403921,555.307873364641,1466.64709911003
gene-b1282,433.602857034814,364.514913077114,507.107275250283,696.810951887537,641.281559368648,494.651454772225,675.057292875759,412.84870609524,391.745747790219,743.537404922941,195.065655232905,563.412527486311
gene-b1283,153.892620722188,168.4401042378,162.696917476133,253.467222858834,109.199864867449,196.099686762452,117.173157053564,86.5932667445525,81.1190689868635,126.299504397869,85.7345016951075,117.118824611328
gene-b1284,847.449228976914,905.365560278175,784.959803147835,582.168533067994,586.681626934924,586.698246517865,543.893311099381,548.424022715499,557.940913519403,409.45484490277,618.232278278482,403.705039379955
gene-b4596,84.2250153952516,121.066324920919,111.986189951104,87.7731019087129,84.5763659267499,82.4419091287041,48.9678865298478,65.600959654964,38.5810206157034,60.0941190280185,54.2722992381873,60.3339399512899
gene-b4772,16.6370400780744,13.1593831435781,11.6212083911523,18.8085218375813,8.56469528372151,21.6109858881069,11.3675450872861,6.9974356965295,4.94628469432094,20.370887806108,12.5848809827681,18.6325402790748
gene-b1285,599.973257815558,655.337280550191,776.508015226997,643.967961962904,707.65794781749,861.237807985297,505.418543111643,418.096782867638,487.703670860045,599.92264588988,389.344755404387,598.903080398834
gene-b4672,2.0796300097593,3.94781494307344,4.22589396041903,4.47821948513841,2.14117382093038,6.4032550779576,4.37213272587927,10.4961535447942,2.96777081659257,6.11126634183239,4.71933036853803,2.66179146843926
gene-b1286,6499.88359550269,7399.52114163398,7125.91369075659,7432.05305753571,7165.43819174351,6223.96393577479,9307.39614685178,7161.00075593588,7818.09758784368,6205.99097013079,4678.42950534403,6973.00638348805
gene-b1287,97.742610458687,103.959126834267,107.760295990685,205.998096316367,146.670406733731,160.881783833685,147.778086134719,112.833650606538,115.74306184711,128.33659317848,125.062254766258,188.099930436375
gene-b1288,6875.25681226424,6244.12730162782,7049.84759946904,8111.84677537972,7085.14417345862,7748.73905121344,13985.5781635426,12974.9951402898,12266.7860419159,14523.4244613647,11607.9795964807,10926.6539779432
gene-b1289,39.5129701854267,35.530334487661,27.4683107427237,51.0517021305779,66.3763884488417,38.4195304677456,37.6003414425617,46.3580114895079,28.6884512270615,43.7974087831321,39.3277530711502,44.3631911406544
gene-b1290,291.148201366302,305.297688931013,330.676202402789,274.067032490471,253.72909778025,271.337933928453,398.738504600189,334.127554509284,424.391226772737,315.748760994674,322.487575183432,309.655074161768
gene-b1291,682.11864320105,710.606689753219,758.547965895216,704.871746960786,666.975645219813,588.299060287355,884.045237172788,687.498057184023,693.469114143796,582.607391254688,620.591943462751,633.506369488544
gene-b1292,195.485220917374,151.332906151149,135.228606733409,113.746774922516,147.740993644196,136.869577291344,214.234503568084,205.549673585554,204.776186344887,185.375079035583,136.07402562618,188.987194259188
gene-b1293,315.063946478534,244.764526470553,236.650061783466,223.910974256921,224.82325119769,241.722879192899,475.688040575664,419.84614179177,379.874664523849,408.436300512465,283.159822112282,299.00790828801
gene-b1294,873.444604098905,821.145508159275,807.145746440034,799.810000045721,918.563569179132,809.211360476892,953.999360786856,776.715362314774,869.556849261622,848.447477124397,696.887784420782,851.773269900564
gene-b1295,157.012065736827,151.332906151149,85.5743526984853,139.720447936319,110.270451777914,112.056963864258,142.531526863664,140.823393392656,156.302596340542,241.395020502379,136.07402562618,155.27116899229
gene-b1296,318.183391493173,292.138305787434,146.849815124561,103.894692055211,110.270451777914,68.0345852032995,77.823962520651,132.95127823406,109.807520213925,78.4279180535157,52.6991891153413,81.628271698804
gene-b4742,142.454655668512,143.437276265002,85.5743526984853,50.1560582335502,54.5999324337246,43.2219717762138,37.6003414425617,71.7237158894274,88.0438675589128,35.6490536606889,24.3832069041131,34.6032890897104
gene-b1297,2642.16992739919,2767.41827509448,1505.47472339928,647.550537551015,926.057677552389,633.922252717803,575.372666725712,970.019523431402,1014.97761927466,469.548963930789,317.768244814894,519.936600168469
gene-b1298,1055.41222995284,1309.35862278602,778.620962207206,552.61228446608,594.17573530818,546.67790228063,348.896191525166,648.137481391045,585.6401078076,349.360725874752,213.942976707057,477.347936673441
gene-b1299,630.127892957067,721.134196268081,396.177558789284,364.527066090267,367.21131028956,356.181063711392,316.542409353659,481.073704136403,466.929275143897,308.618950262536,238.32618361117,375.312597049936
gene-b1300,1022.1381497967,943.527771394552,461.678915175779,268.693169108305,343.658398259326,268.136306389475,90.9403606982888,148.695508551252,184.991047567603,225.098310257493,162.030342653139,258.193772438608
gene-b1301,713.313093347439,739.557332669091,319.054994011637,160.320257567955,168.082144943035,133.667949752365,52.4655927105512,97.964099751413,155.313339401678,139.54058147184,107.758043414952,109.13345020601
gene-b1302,550.062137581334,548.746277087208,286.304315818389,102.999048158184,122.046907793032,78.4398747049806,46.3446068943202,55.1048061101698,82.1083259257277,84.5391843953481,81.8017263879925,68.3193143566077
gene-b1303,234.998191102801,202.654500411103,195.44759566938,215.850179183672,234.458533391876,201.702534955664,154.773498496126,154.818264785715,173.119964301233,174.171090742223,318.554799876317,208.506998361076
gene-b1304,318.183391493173,271.08329275771,335.958569853313,1375.70902583452,731.210859847724,1788.9093874044,412.729329323003,476.700306826072,385.810206157034,1924.0303532869,432.605283782653,2556.2070735245
gene-b1305,32.2342651512691,36.8462728020188,38.0330456437713,232.867413227198,88.8587135686107,305.755429972475,41.972474168441,56.8541650343022,37.5917636768392,299.452050749787,44.0470834396883,390.396082037758
gene-b1306,70.7074203318162,72.3766072896797,84.5178792083806,494.395431159281,208.764447540712,639.525100911015,90.0659341531129,63.8516007308317,56.3876455152588,486.86421856598,96.7462725550296,826.042619038984
gene-b1307,23.9157451122319,21.055013029725,25.3553637625142,155.842038082817,73.870496822098,188.896024799749,37.6003414425617,33.2378195585151,25.7206804104689,212.875777573828,50.3395239310723,341.596571783039
gene-b1308,258.913936215033,205.286377039819,212.351171511056,277.649608078582,160.588036569778,268.136306389475,100.559052695223,290.393581405974,210.711727978072,306.581861481925,320.127909999163,309.655074161768
gene-b1309,48.8713052293435,102.643188519909,72.8966708172282,48.3647704394949,42.8234764186076,80.04068847447,80.4472421561785,102.337497061744,81.1190689868635,64.1682965892401,86.5210567565305,60.3339399512899
gene-b1310,14.5574100683151,14.4753214579359,21.1294698020951,10.7477267643322,5.35293455232595,13.6069170406599,14.8652512679895,36.7365374067799,17.8066248995554,9.16689951274859,13.3714360441911,16.8580126334487
gene-b1311,7.27870503415754,19.7390747153672,20.0729963119904,4.47821948513841,7.49410837325632,12.0061032711705,13.1163981776378,12.2455124689266,9.89256938864189,4.07417756122159,13.3714360441911,6.21084675969161
gene-b1312,18.7166700878337,11.8434448292203,10.5647349010476,11.6433706613599,9.6352821941867,19.2097652338728,13.9908247228137,15.7442303171914,30.6669651047899,13.2410770739702,18.0907664127291,12.4216935193832
gene-b1313,41.592600195186,40.7940877450922,40.1459926239808,28.6606047048859,31.0470204034905,40.020344237235,25.3583698100998,22.7416660137209,46.4950761266169,26.4821541479404,29.8890923340742,19.5198041018879
gene-b1314,27.0351901268709,21.055013029725,17.9600493317809,10.7477267643322,22.482325119769,26.4134271965751,11.3675450872861,37.6112168688461,28.6884512270615,17.3152546351918,27.5294271498052,23.9561232159534
gene-b1315,57.1898252683807,71.0606689753219,41.2024661140855,70.755867865187,54.5999324337246,52.8268543931502,19.2373839938688,28.8644222481842,41.5487914322959,16.2967102448864,39.3277530711502,23.0688593931403
gene-b1316,38.473155180547,38.1622111163766,47.5413070547141,27.7649608078582,38.5411287767468,52.8268543931502,21.8606636293963,47.2326909515741,42.5380483711601,14.2596214642756,28.3159822112282,21.2943317475141
gene-b1317,6.2388900292779,1.31593831435781,7.3953144307333,8.06079507324915,5.35293455232595,2.4012206542341,1.74885309035171,5.24807677239712,0.989256938864189,6.11126634183239,3.93277530711502,0.887263822813087
gene-b1319,5.19907502439825,1.31593831435781,3.16942047031427,7.16515117622146,7.49410837325632,10.4052895016811,1.74885309035171,3.49871784826475,0.989256938864189,10.185443903054,3.93277530711502,0.887263822813087
gene-b1320,186.126885873457,221.077636812113,214.464118491266,242.719496094502,213.046795182573,306.55583685722,258.830257372053,231.79005744754,311.61593574222,228.153943428409,231.247188058363,243.110287450786
gene-b1321,437.762117054332,300.033935673581,413.08113463096,453.195811896008,433.587698738402,1475.14988858448,453.827376946268,729.4826713632,968.482543148041,320.841482946201,324.060685306278,409.915886139646
gene-b1322,271.391716273588,160.544474351653,251.440690644932,288.397334842914,260.152619243041,958.887447924151,326.161101350593,610.526264522199,851.750224362067,238.339387331463,241.472403856862,279.488104186123
gene-b1323,973.266844567352,889.574300505882,959.27792901512,962.817189304759,964.598806329135,1090.15417702228,1166.48501126459,1231.54868258919,1152.48433377678,1164.19623811907,1240.39733186408,1038.98593651413
gene-b1324,14482.5433879638,16222.8875394031,16424.9933506587,11590.5276714352,13163.93665108,11907.6532243469,12316.2978888019,11121.5493601716,11967.0411894401,12403.8335851391,10580.7386862623,11483.8556586698
gene-b1325,275.550976293107,282.92673758693,276.796054407446,300.936349401301,263.364379974437,260.132237542028,188.876133757984,198.552237889025,205.765443283751,230.19103220902,255.630394962477,232.463121577029
gene-b1326,544.863062556936,551.378153715924,495.486066859131,393.187670795153,462.493545320962,366.586353213073,220.355489384315,212.547109282084,186.969561445332,253.617553186044,454.628825502497,225.365010994524
gene-b4525,33.2740801561488,47.3737793168813,41.2024661140855,59.1124972038271,46.0352371500031,33.6170891592774,25.3583698100998,12.2455124689266,9.89256938864189,11.2039882933594,36.1815328254582,16.8580126334487
gene-b4673,0.0,0.0,0.0,0.0,0.0,0.0,0.0,0.0,0.0,0.0,0.0,0.0
gene-b1327,25.9953751219912,59.2172241461016,51.7672010151331,35.8257558811073,52.4587586127943,65.6333645490654,10.4931185421102,30.6137811723166,21.7636526550122,21.3894321964134,29.1025372726512,31.0542337984581
gene-b1328,206.92318597105,144.753214579359,200.729963119904,215.850179183672,180.929187868617,261.733051311517,210.736797387381,190.680122730429,196.862130833974,197.597611719247,197.425320417174,149.060322232599
gene-b1329,1366.31691641186,2069.97096848484,1872.07102446563,954.75639423151,946.398828851227,1022.11959181898,2082.00960406371,2080.86244025546,2047.76186344887,1119.38028494563,2048.1893799455,1160.54108023952
gene-b1330,187.166700878337,205.286377039819,265.174846016294,487.23027998306,323.317246960487,587.49865340261,346.272911889638,280.772107323246,385.810206157034,477.697319053232,253.270729778207,442.744647583731
gene-b1331,2393.65414123295,2584.50284939874,2574.62589538529,2378.83019050553,1864.96239803036,2241.13927728516,2548.95337918761,3210.07362578291,3156.71889191563,1191.69693665732,2173.25163471176,1230.63492224175
gene-b1332,714.352908352319,604.015686290236,641.279408493588,636.802810786683,446.434741663984,526.667730162013,0.874426545175853,2.62403838619856,0.0,3.0556331709162,0.786555061423005,0.887263822813087
gene-b1333,2518.43194181851,2974.02059044866,2808.10653669844,2462.1250729291,2126.18560418387,2314.77671068167,0.0,0.0,0.0,0.0,0.0,0.887263822813087
gene-b1334,6379.26505493665,5729.59542071392,5830.67719188815,7254.71556592423,7320.67329376096,6128.71551649017,0.0,0.0,0.0,0.0,0.0,0.0
gene-b1335,94.6231654440481,64.4809774035328,79.2355117578568,84.1905263206022,104.917517225589,86.4439435524276,0.0,0.0,0.0,0.0,0.0,0.0
gene-b1336,34.3138951610284,44.7419026881656,35.9200986635617,26.8693169108305,35.3293680453512,25.6130203118304,0.0,0.0,0.0,0.0,0.0,0.0
gene-b1337,97.742610458687,78.9562988614688,76.0660912875425,51.0517021305779,55.6705193441898,68.0345852032995,0.0,0.0,0.0,0.0,0.0,0.0
gene-b1338,67.5879753171772,56.585347517386,71.8401973271235,26.8693169108305,33.1881942244209,39.2199373524903,0.0,0.0,0.0,0.0,0.0,0.0
gene-b1339,345.218581620044,392.149617678628,345.466831264256,162.111545362011,180.929187868617,124.863474020173,0.0,0.0,0.0,0.0,0.0,0.0
gene-b4426,2.0796300097593,0.0,1.05647349010476,3.58257558811073,3.21176073139557,1.6008137694894,0.0,0.0,0.0,0.0,0.0,0.0
gene-b1340,279.710236312626,288.190490844361,300.038471189751,326.910022415104,385.411287767468,392.999780409648,0.0,0.0,0.0,0.0,0.0,0.0
gene-b1341,376.413031766433,394.781494307344,370.82219502677,259.736730138028,408.964199797702,313.759498819922,0.0,0.0,0.0,0.0,0.0,0.0
gene-b4773,0.0,1.31593831435781,2.11294698020951,2.68693169108305,2.14117382093038,0.0,0.0,0.0,0.0,0.0,0.0,0.0
gene-b1342,636.366782986345,654.021342235833,738.474969583225,578.585957479883,604.881604412832,725.969044463443,0.0,0.0,0.0,0.0,0.0,0.0
gene-b4699,28.0750051317505,31.5825195445875,45.4283600745046,40.3039753662457,37.4705418662816,60.0305163558525,0.0,0.0,0.0,0.0,0.0,0.0
gene-b4743,17.676855082954,7.89562988614688,8.45178792083806,7.16515117622146,10.7058691046519,11.2056963864258,0.0,0.0,0.0,0.0,0.0,0.0
gene-b1343,319.223206498052,336.8802084756,283.134895348075,358.257558811073,437.870046380262,252.928575579325,0.0,0.0,0.0,0.0,0.0,0.0
gene-b1344,1109.48261020659,1242.24576875378,1323.76128310126,1399.89141105427,1312.53955223032,1141.38021764594,465.194922033554,341.999669667879,364.046553502021,518.439094665448,220.235417198441,401.043247911515
gene-b1345,112.300020527002,181.599487381378,151.07570908498,121.807569995765,108.129277956984,124.063067135429,82.1960952465302,69.0996775032288,38.5810206157034,95.7431726887075,40.1143081325732,80.7410078759909
gene-b1346,0.0,0.0,0.0,0.895643897027683,1.07058691046519,0.8004068847447,1.74885309035171,0.874679462066187,0.0,1.0185443903054,0.786555061423005,0.887263822813087
gene-b1347,2.0796300097593,1.31593831435781,5.28236745052379,6.26950727919378,0.0,12.0061032711705,0.874426545175853,3.49871784826475,1.97851387772838,12.2225326836648,2.35966518426901,2.66179146843926
gene-b4714,0.0,0.0,0.0,0.0,0.0,1.6008137694894,0.874426545175853,0.874679462066187,0.0,1.0185443903054,1.57311012284601,2.66179146843926
gene-b1348,1.03981500487965,0.0,1.05647349010476,2.68693169108305,0.0,1.6008137694894,0.874426545175853,0.0,0.989256938864189,0.0,0.786555061423005,0.0
gene-b1349,25.9953751219912,22.3709513440828,38.0330456437713,53.738633821661,35.3293680453512,54.4276681626396,25.3583698100998,22.7416660137209,33.6347359213824,25.463609757635,22.8100967812671,32.8287614440842
gene-b1350,39.5129701854267,52.6375325743125,51.7672010151331,62.6950727919378,63.1646277174462,72.8370265117677,35.85148835221,30.6137811723166,33.6347359213824,61.1126634183239,39.3277530711502,44.3631911406544
gene-b1351,2.0796300097593,5.26375325743125,3.16942047031427,3.58257558811073,2.14117382093038,8.8044757321917,0.874426545175853,0.874679462066187,1.97851387772838,1.0185443903054,0.786555061423005,3.54905529125235
gene-b4526,3.11944501463895,0.0,1.05647349010476,4.47821948513841,5.35293455232595,2.4012206542341,0.874426545175853,0.874679462066187,2.96777081659257,2.0370887806108,0.786555061423005,4.43631911406544
gene-b1352,2.0796300097593,1.31593831435781,2.11294698020951,1.79128779405537,1.07058691046519,4.8024413084682,0.874426545175853,0.874679462066187,0.0,2.0370887806108,0.786555061423005,4.43631911406544
gene-b1353,8.31852003903719,10.5275065148625,19.0165228218856,21.4954535286644,8.56469528372151,36.0183098135115,18.3629574486929,22.7416660137209,12.8603402052345,17.3152546351918,18.8773214741521,24.8433870387664
gene-b4527,6.2388900292779,2.63187662871563,8.45178792083806,13.4346584554152,10.7058691046519,9.6048826169364,5.24655927105512,5.24807677239712,0.989256938864189,9.16689951274859,6.29244049138404,10.647165873757
gene-b1355,4.1592600195186,0.0,1.05647349010476,1.79128779405537,1.07058691046519,5.6028481932129,1.74885309035171,5.24807677239712,1.97851387772838,4.07417756122159,1.57311012284601,5.32358293687852
gene-b1356,995.102959669824,1096.17661586006,1113.52305857041,1150.00676378355,1102.70451777914,1017.31715051051,942.63181569957,745.226901680392,914.07341151051,925.856850787607,1207.36201928431,933.401541599368
gene-b1357,5.19907502439825,2.63187662871563,2.11294698020951,1.79128779405537,4.28234764186076,10.4052895016811,6.99541236140683,2.62403838619856,4.94628469432094,5.09272195152699,0.786555061423005,1.77452764562617
gene-b1358,8.31852003903719,15.7912597722938,19.0165228218856,13.4346584554152,12.8470429255823,13.6069170406599,9.61869199693439,8.74679462066187,14.8388540829628,10.185443903054,12.5848809827681,10.647165873757
gene-b1359,21.8361151024726,21.055013029725,27.4683107427237,24.1823852197474,33.1881942244209,24.012206542341,19.2373839938688,19.2429481654561,19.7851387772838,14.2596214642756,15.7311012284601,15.0834849878225
gene-b1360,7.27870503415754,7.89562988614688,12.6776818812571,10.7477267643322,9.6352821941867,10.4052895016811,6.12098581623097,6.9974356965295,6.92479857204932,9.16689951274859,7.86555061423005,9.75990205094396
gene-b1361,18.7166700878337,15.7912597722938,24.2988902724094,25.9736730138028,16.0588036569778,16.008137694894,8.74426545175853,13.1201919309928,8.9033124497777,12.2225326836648,12.5848809827681,15.0834849878225
gene-b4528,5.19907502439825,1.31593831435781,3.16942047031427,5.3738633821661,2.14117382093038,9.6048826169364,0.874426545175853,2.62403838619856,0.989256938864189,8.14835512244319,5.50588542996103,2.66179146843926
gene-b1363,123.737985580678,185.547302324452,175.37459935739,294.666842122108,216.258555913968,302.553802433497,240.46729992336,181.058648647701,232.475380633084,277.044074163068,180.121109065868,260.855563907048
gene-b1365,4.1592600195186,13.1593831435781,15.8471023515714,26.8693169108305,9.6352821941867,26.4134271965751,12.2419716324619,13.994871393059,19.7851387772838,25.463609757635,20.4504315969981,34.6032890897104
gene-b1366,4.1592600195186,1.31593831435781,4.22589396041903,10.7477267643322,8.56469528372151,13.6069170406599,8.74426545175853,7.87211515859569,11.8710832663703,25.463609757635,6.29244049138404,9.75990205094396
gene-b1368,16.6370400780744,22.3709513440828,14.7906288614666,34.9301119840796,18.1999774779082,32.016275389788,17.4885309035171,19.2429481654561,21.7636526550122,27.5006985382458,18.0907664127291,30.166969975645
gene-b1370,281.789866322385,317.141133760233,301.094944679856,375.274792854599,248.376163227924,330.568043399561,355.017177341397,489.820498757065,437.251566977971,253.617553186044,355.522887763198,221.815955703272
gene-b1372,40.5527851903063,32.8984578589453,31.6942047031427,40.3039753662457,38.5411287767468,63.2321438948313,32.3537821715066,21.8669865516547,34.6239928602466,29.5377873188566,30.6756473954972,31.0542337984581
gene-b1373,9.35833504391684,10.5275065148625,4.22589396041903,18.8085218375813,10.7058691046519,16.8085445796387,7.86983890658268,6.9974356965295,4.94628469432094,14.2596214642756,7.86555061423005,20.407067924701
gene-b1374,36.3935251707877,35.530334487661,31.6942047031427,88.6687458057406,95.2822350314018,52.8268543931502,24.4839432649239,27.989742786118,16.8173679606912,80.4650068341265,55.0588542996103,92.2754375725611
gene-b1375,37.4333401756674,38.1622111163766,22.1859432921999,122.703213892793,103.846930315123,56.028481932129,10.4931185421102,10.4961535447942,11.8710832663703,57.0384858571023,55.8454093610333,97.5990205094396
gene-b4744,25.9953751219912,17.1071980866516,23.2424167823047,97.6251847760174,68.5175622697721,52.0264475084055,18.3629574486929,15.7442303171914,7.91405551091351,42.7788643928267,65.2840700981094,47.0249826090936
gene-b1376,488.713052293435,654.021342235833,711.006658840502,383.335587927848,228.035011929085,483.445758385799,499.297557295412,695.370172342619,794.373321907944,516.402005884837,1172.7535965817,520.823863991282
gene-b1377,3.11944501463895,7.89562988614688,12.6776818812571,13.4346584554152,9.6352821941867,28.8146478508092,15.7396778131654,12.2455124689266,10.8818263275061,14.2596214642756,11.0117708599221,30.166969975645
gene-b4427,2.0796300097593,1.31593831435781,1.05647349010476,0.0,0.0,0.0,0.0,0.0,0.0,0.0,0.0,0.0
gene-b1378,3333.64690564416,3199.04604220384,3613.13933615827,2935.92069445674,3557.56030347582,2353.19624114942,4264.57826082264,2897.81305782528,3113.1915866056,2053.38549085568,2807.2150142187,2494.9858697504
gene-b4529,452.319527122647,551.378153715924,497.599013839341,302.727637195357,281.564357452345,317.761533243646,250.96041846547,312.260567957629,273.034915126516,192.50488976772,260.349725331015,178.340028385431
gene-b1379,346.258396624923,371.094604648903,399.346979259598,800.705643942749,811.504878132613,965.290703002108,566.628401273953,452.209281888219,619.274843728982,685.480374675533,507.328014617838,716.021905010162
gene-b1380,1074.12890004068,669.812602008127,1044.8522817136,1609.47208295875,1550.20984635359,3102.37708527046,1268.79291705016,1513.1954693745,1951.80394037904,2144.03594159286,2168.53230434322,1591.75129812668
gene-b1381,280.750051317505,276.347046015141,297.925524209542,311.684076165634,283.705531273275,359.38269125037,445.083111494509,503.815370150124,468.907789021626,411.491933683381,384.625425035849,357.567320593674
gene-b1382,29.1148201366302,53.9534708886703,42.2589396041903,37.6170436751627,29.9764334930253,30.4154616202986,38.4747679877376,46.3580114895079,51.4413608209378,58.0570302474077,51.9126340539183,21.2943317475141
gene-b1383,82.1453853854923,85.5359904332578,86.6308261885901,98.5208286730451,89.9293004790759,92.0467917456405,94.4380668789922,105.836214910009,92.9901522532338,104.910072201456,92.8134972479145,87.8391184584956
gene-b1384,745.547358498708,927.736511622258,784.959803147835,240.032564403419,311.54079094537,176.889921528579,449.455244220389,522.183638853514,560.908684335995,96.7617170790129,174.615223635907,138.413156358842
gene-b1385,210.042630985689,190.811055581883,143.680394654247,241.823852197474,226.96442501862,214.50904511158,155.647925041302,126.828521999597,169.162936545776,182.319445864666,121.916034520566,208.506998361076
gene-b1386,84.2250153952516,60.5331624604594,44.3718865843998,34.9301119840796,41.7528895081424,64.032550779576,27.9816494456273,35.8618579447137,37.5917636768392,33.6119648800781,36.1815328254582,39.0396082037758
gene-b1387,36.3935251707877,18.4231364010094,21.1294698020951,20.5998096316367,18.1999774779082,15.2077308101493,30.6049290811549,49.8567293377727,47.4843330654811,21.3894321964134,14.1579911056141,20.407067924701
gene-b1388,45.7518602147046,84.2200521189,83.4614057182758,4.47821948513841,19.2705643883734,18.4093583491281,76.9495359754751,184.557366495966,200.81915858943,7.12981073213779,59.7781846681483,11.5344296965701
gene-b1389,1.03981500487965,5.26375325743125,0.0,0.0,1.07058691046519,0.0,2.62327963552756,11.3708330068604,22.7529095938763,1.0185443903054,9.43866073707606,1.77452764562617
gene-b1390,20.796300097593,17.1071980866516,13.7341553713618,5.3738633821661,9.6352821941867,10.4052895016811,16.6141043583412,59.4782034205007,68.258728781629,7.12981073213779,22.8100967812671,6.21084675969161
gene-b1391,35.3537101659081,30.2665812302297,28.5247842328284,5.3738633821661,10.7058691046519,4.8024413084682,20.1118105390446,72.5983953514936,67.2694718427648,4.07417756122159,28.3159822112282,9.75990205094396
gene-b1392,28.0750051317505,38.1622111163766,10.5647349010476,7.16515117622146,14.9882167465126,18.4093583491281,20.1118105390446,86.5932667445525,94.9686661309621,6.11126634183239,38.5411980097272,7.98537440531779
gene-b1393,50.9509352391028,32.8984578589453,32.7506781932475,9.85208286730451,12.8470429255823,19.2097652338728,27.9816494456273,87.4679462066187,102.882721641876,12.2225326836648,63.7109599752634,12.4216935193832
gene-b1394,40.5527851903063,15.7912597722938,10.5647349010476,7.16515117622146,13.9176298360475,14.4073239254046,7.86983890658268,56.8541650343022,73.20501347595,9.16689951274859,22.8100967812671,5.32358293687852
gene-b1395,70.7074203318162,57.9012858317438,32.7506781932475,21.4954535286644,24.6234989406993,43.2219717762138,20.9862370842205,121.5804452272,118.710832663703,13.2410770739702,66.8571802209554,23.9561232159534
gene-b1396,23.9157451122319,28.9506429158719,22.1859432921999,13.4346584554152,14.9882167465126,17.6089514643834,12.2419716324619,34.9871784826475,53.4198746986662,12.2225326836648,20.4504315969981,13.3089573421963
gene-b1397,223.560226049125,243.448588156195,194.391122179275,78.8166629384361,81.3646051953544,68.0345852032995,156.522351586478,296.516337640437,249.292748593776,88.6133619565697,137.647135749026,86.0645908128695
gene-b1398,463.757492176324,682.971985151705,503.937854779969,167.485408744177,220.540903555829,170.486666450621,253.583698100998,481.948383598469,521.338406781428,130.373681959091,225.741302628402,119.780616079767
gene-b1399,236.03800610768,286.874552530003,195.44759566938,187.189574478786,211.976208272107,182.492769721792,195.871546119391,300.015055488702,344.261414724738,170.096913181002,227.314412751248,155.27116899229
gene-b1400,83.1852003903719,69.7447306609641,79.2355117578568,47.4691265424672,82.4351921058196,65.6333645490654,69.9541236140683,127.703201461663,103.87197858074,68.2424741504617,90.4538320636455,44.3631911406544
gene-b4674,0.0,0.0,0.0,0.0,0.0,0.0,0.0,0.0,0.0,0.0,0.0,0.0
gene-b1402,92.5435354342888,92.1156820050469,96.1390875995329,110.164199334405,104.917517225589,110.456150094769,72.5774032495958,74.3477542756259,64.3017010261723,91.6689951274859,127.421919950527,74.5301611162993
gene-b1403,54.0703802537418,48.6897176312391,84.5178792083806,83.2948824235745,76.0116706430284,95.2484192846193,73.4518297947717,61.2275623446331,65.2909579650365,86.5762731759589,98.3193826778756,82.5155355216171
gene-b1404,342.099136605405,464.526224968308,362.370407105932,334.075173591326,336.164289886069,329.767636514817,229.974181381249,230.040698523407,290.841540026072,194.541978548331,419.233847738461,254.644717147356
gene-b1406,200.684295941772,163.176350980369,174.318125867285,78.8166629384361,100.635169583728,112.056963864258,55.0888723460788,74.3477542756259,58.3661593929871,72.3166517116833,281.586711989436,63.8829952425423
gene-b1407,33.2740801561488,52.6375325743125,30.637731213038,84.1905263206022,50.3175847918639,88.8451642066617,33.2282087166824,34.1124990205813,37.5917636768392,43.7974087831321,65.2840700981094,79.8537440531779
gene-b1408,0.0,3.94781494307344,2.11294698020951,9.85208286730451,0.0,12.8065101559152,0.0,1.74935892413237,3.95702775545676,5.09272195152699,2.35966518426901,6.21084675969161
gene-b1409,1.03981500487965,3.94781494307344,1.05647349010476,20.5998096316367,6.42352146279113,35.2179029287668,2.62327963552756,0.874679462066187,0.989256938864189,13.2410770739702,2.35966518426901,15.0834849878225
gene-b1410,32.2342651512691,30.2665812302297,27.4683107427237,43.8865509543565,35.3293680453512,54.4276681626396,22.7350901745722,20.1176276275223,23.7421665327405,22.4079765867188,26.7428720883822,16.8580126334487
gene-b1411,38.473155180547,46.0578410025235,52.8236745052379,38.5126875721904,36.3999549558164,56.8288888168737,40.2236210780893,41.1099347171108,25.7206804104689,40.7417756122159,41.6874182554192,40.814135849402
gene-b1412,458.558417151925,523.74344911441,572.608631636778,377.066080648655,400.399504513981,352.979436172413,328.784380986121,341.999669667879,331.401074519503,276.025529772763,306.756473954972,308.767810338954
gene-b1413,1732.3317981295,1725.19513012309,1587.87965562745,1986.5381636074,2102.63269215363,1869.75048276362,2536.71140755515,2171.82910431034,2235.72068183307,2145.05448598317,2218.08527321287,2293.57698197183
gene-b1414,556.301027610612,682.971985151705,718.401973271235,689.645800711316,623.08158189074,747.58003035155,534.274619102447,392.731078467718,510.456580453921,445.103898563459,402.716191448578,509.289434294712
gene-b1415,15041.963860589,17848.071357635,12461.1048157856,2974.43338202894,3983.65389384097,3483.37076240894,5645.29777565531,11849.2826726106,9932.13966619646,2699.14263430931,5120.47344986376,2012.31435014008
gene-b1418,592.6945527814,548.746277087208,570.495684656569,706.663034754842,474.270001336079,612.311266829696,487.930012208126,500.316652301859,465.940018205033,757.797026387216,550.588542996103,668.996922401068
gene-b4597,5.19907502439825,0.0,0.0,4.47821948513841,1.07058691046519,0.0,0.874426545175853,0.874679462066187,1.97851387772838,3.0556331709162,4.71933036853803,1.77452764562617
gene-b1419,97.742610458687,157.912597722938,170.092231906866,195.250369552035,164.870384211639,184.893990376026,103.182332330751,88.3426256686849,109.807520213925,179.26381269375,130.568140196219,204.07067924701
gene-b4774,88.3842754147702,125.014139863992,140.510974183933,218.537110874755,169.1527318535,164.883818257408,82.1960952465302,66.4756391170302,84.0868398034561,134.447859520313,106.971488353529,177.452764562617
gene-b4428,70.7074203318162,96.0634969481203,63.3884094062854,141.511735730374,92.0704743000063,94.4480123998746,67.3308439785407,55.979485572236,86.0653536811844,86.5762731759589,110.117708599221,117.118824611328
gene-b1420,3.11944501463895,10.5275065148625,6.33884094062854,8.95643897027683,3.21176073139557,6.4032550779576,5.24655927105512,10.4961535447942,10.8818263275061,4.07417756122159,5.50588542996103,10.647165873757
gene-b4429,3.11944501463895,6.57969157178906,4.22589396041903,3.58257558811073,5.35293455232595,4.0020344237235,1.74885309035171,4.37339731033094,4.94628469432094,4.07417756122159,6.29244049138404,9.75990205094396
gene-b1421,2677.5236375651,3599.09128976862,3307.81849751799,576.794669685828,566.340475636085,457.032331189224,36.7259148973858,43.7339731033094,37.5917636768392,79.4464624438211,47.1933036853803,70.981105825047
gene-b1422,2170.09391518383,2754.2588919509,2160.48828726423,1417.80428899482,1538.43339033848,1086.15214259856,2546.33009955209,3558.19605168525,3022.1799482301,1476.88936594283,1050.83756206113,1298.95423659836
gene-b1423,265.152826244311,392.149617678628,416.250555101274,102.103404261156,116.693973240706,140.071204830323,47.2190334394961,113.708330068604,124.646374296888,56.0199414667969,125.848809827681,69.2065781794208
gene-b1424,1740.65031816853,2159.45477386117,1935.45943387192,1814.57453537809,1833.91537762687,1684.85649238759,1538.9907195095,1693.37943856014,1705.47896260186,1602.17032595039,1434.67643203556,1776.3021732718
gene-b1426,33.2740801561488,21.055013029725,29.5812577229332,32.2431802929966,34.258781134886,51.2260406236608,43.7213272587927,73.4730748135597,51.4413608209378,47.8715863443537,202.144650785712,52.3485655459722
gene-b1427,193.405590907615,235.552958270049,185.939334258437,223.910974256921,217.329142824433,192.898059223473,138.159394137785,144.322111240921,145.420770013036,205.74596684169,511.260789924953,184.550875145122
gene-b1428,137.255580644114,186.863240638809,206.012330570428,86.8774580116852,119.905733972101,126.464287789663,30.6049290811549,26.2403838619856,32.6454789825182,22.4079765867188,42.4739733168422,33.7160252668973
gene-b1429,152.852805717308,111.854756720414,100.364981559952,164.798477053094,162.729210390709,160.08137694894,154.773498496126,143.447431778855,158.28111021827,135.466403910618,152.591681916063,125.104199016645
gene-b1430,479.354717249518,410.572754079638,407.798767180436,419.161343808956,335.093702975604,414.610766297755,300.802731540494,332.378195585151,329.422560641775,396.2137678288,369.680878868812,330.949405909282
gene-b1431,1011.7399997479,1230.40232392456,1248.75166530382,1029.99048158184,934.62237283611,1217.41887169669,682.927131782342,802.081066714694,998.160251313967,759.834115167827,937.573633216222,911.219946029041
gene-b1432,408.647296917702,332.932393532527,350.749198714779,463.047894763312,361.858375737234,436.221752185862,270.197802459339,325.380759888622,316.56222043654,375.842880022692,423.166623045577,377.974388518375
gene-b1433,137.255580644114,155.280721094222,135.228606733409,69.8602239681593,56.741106254655,62.4317370100866,95.312493424168,107.585573834141,109.807520213925,23.4265209770242,143.93957624041,47.9122464319067
gene-b1434,115.419465541641,131.593831435781,119.381504381838,142.407379627402,147.740993644196,159.280970064195,122.41971632462,147.820829089186,131.571172868937,138.522037081534,184.053884372983,144.624003118533
gene-b1435,1087.64649510411,1092.22880091698,1232.90456295225,1398.10012326021,1325.3865951559,1456.74053023535,2075.0141917023,1535.06245592616,1673.82274055821,1872.08458938132,857.345016951075,1552.7116899229
gene-b1436,7.27870503415754,10.5275065148625,7.3953144307333,21.4954535286644,20.3411512988386,13.6069170406599,9.61869199693439,9.62147408272806,9.89256938864189,18.3337990254972,11.7983259213451,10.647165873757
gene-b4532,5.19907502439825,9.21156820050469,14.7906288614666,21.4954535286644,11.7764560151171,17.6089514643834,9.61869199693439,10.4961535447942,9.89256938864189,10.185443903054,13.3714360441911,19.5198041018879
gene-b1438,128.937060605077,200.022623782388,202.842910100113,289.292978739942,246.234989406993,282.543630314879,146.903659589543,123.329804151332,165.20590879032,211.857233183523,167.5362280831,223.590483348898
gene-b1439,334.820431571247,368.462728020188,379.273982947608,402.14410976543,395.046569961655,431.419310877393,528.153633286215,451.334602426153,504.521038820736,446.122442953765,330.353125797662,425.886634950282
gene-b1440,661.322343103457,722.450134582439,668.747719236311,111.95548712846,149.882167465126,131.266729098131,37.6003414425617,74.3477542756259,73.20501347595,40.7417756122159,108.544598476375,51.4613017231591
gene-b1441,340.019506595645,334.248331846884,301.094944679856,60.9037849978824,88.8587135686107,53.6272612778949,20.9862370842205,28.8644222481842,45.5058191877527,9.16689951274859,56.6319644224563,27.5051785072057
gene-b1442,181.967625853939,130.277893121423,163.753390966237,48.3647704394949,42.8234764186076,42.4215648914691,26.2327963552756,33.2378195585151,40.5595344934317,24.4450653673296,40.1143081325732,30.166969975645
gene-b1443,124.777800585558,130.277893121423,83.4614057182758,30.4518924989412,61.0234538965158,46.4235993151926,19.2373839938688,19.2429481654561,16.8173679606912,15.278165854581,25.9563170269592,20.407067924701
gene-b1444,471.036197210481,298.717997359224,273.626633937132,126.285789480903,205.552686809316,152.077308101493,32.3537821715066,80.4705105100892,67.2694718427648,53.9828526861861,59.7781846681483,78.0792164075517
gene-b4598,14.5574100683151,19.7390747153672,16.9035758416761,10.7477267643322,17.129390567443,25.6130203118304,11.3675450872861,14.8695508551252,9.89256938864189,11.2039882933594,7.07899555280704,3.54905529125235
gene-b1445,53.0305652488621,30.2665812302297,30.637731213038,118.224994407654,77.0822575534936,83.2423160134488,36.7259148973858,30.6137811723166,16.8173679606912,99.817350249929,29.1025372726512,79.8537440531779
gene-b1446,387.850996820109,344.775838361747,452.170653764836,463.94353866034,370.423071020955,427.41727645367,414.478182413355,403.227232012512,389.76723391249,496.031118078729,468.786816608111,430.322954064347
gene-b1447,110.220390517243,132.909769750139,106.70382250058,85.9818141146576,76.0116706430284,80.04068847447,46.3446068943202,66.4756391170302,52.430617759802,59.0755746377131,95.9597174936066,46.1377187862805
gene-b1448,146.613915688031,109.222880091698,126.776818812571,73.44279955627,73.870496822098,72.8370265117677,59.461005071958,80.4705105100892,66.2802149039007,83.5206400050427,172.255558451638,48.7995102547198
gene-b1449,223.560226049125,198.70668546803,259.89247856577,197.937301243118,208.764447540712,201.702534955664,80.4472421561785,116.332368454803,113.764547969382,126.299504397869,213.156421645634,97.5990205094396
gene-b1450,90.4639054245295,107.906941777341,134.172133243304,118.224994407654,116.693973240706,177.690328413323,24.4839432649239,36.7365374067799,41.5487914322959,71.2981073213779,56.6319644224563,72.7556334706732
gene-b1451,886.962199162341,1015.90437868423,969.842663916167,1259.27531922092,1271.85724963264,753.182878544763,1206.70863234268,879.927538838584,956.611459881671,922.801217616691,537.217106951912,1101.09440411104
gene-b1452,2730.55420281396,1959.43215007878,1947.08064226307,3766.18258700141,2190.42081881178,1822.52647656368,3438.24517563146,4469.61205115822,3494.05550806832,2878.40644700306,4327.62594794937,1581.99139607573
gene-b1453,160.131510751466,205.286377039819,194.391122179275,318.849227341855,233.387946481411,274.539561467432,827.207511736357,362.991976757468,365.035810440886,468.530419540483,215.516086829903,503.965851357834
gene-b1454,27.0351901268709,26.3187662871563,33.8071516833522,22.3910974256921,24.6234989406993,29.6150547355539,5.24655927105512,6.12275623446331,7.91405551091351,9.16689951274859,12.5848809827681,3.54905529125235
gene-b1455,2.0796300097593,0.0,2.11294698020951,5.3738633821661,3.21176073139557,4.0020344237235,0.874426545175853,0.0,0.989256938864189,0.0,0.786555061423005,0.0
gene-b1457,24.9555601171116,34.2143961733031,31.6942047031427,57.3212094097717,47.1058240604683,64.032550779576,34.9770618070341,26.2403838619856,30.6669651047899,40.7417756122159,46.4067486239573,40.814135849402
gene-b4745,0.0,0.0,0.0,0.0,0.0,0.0,0.0,0.0,0.0,0.0,0.0,0.0
gene-b1460,3.11944501463895,11.8434448292203,11.6212083911523,31.3475363959689,19.2705643883734,30.4154616202986,16.6141043583412,13.994871393059,9.89256938864189,18.3337990254972,18.0907664127291,35.4905529125235
gene-b1461,92.5435354342888,72.3766072896797,64.4448828963902,71.6515117622146,58.8822800755854,87.2443504371723,39.3491945329134,51.6060882619051,34.6239928602466,69.2610185407671,61.3512947909944,85.1773269900564
gene-b1462,32.2342651512691,40.7940877450922,25.3553637625142,11.6433706613599,20.3411512988386,16.8085445796387,12.2419716324619,10.4961535447942,7.91405551091351,8.14835512244319,41.6874182554192,5.32358293687852
gene-b1463,87.3444604098905,80.2722371758266,82.4049322281711,84.1905263206022,69.5881491802373,61.6313301253419,31.4793556263307,50.7314087998389,27.6991942881973,48.8901307346591,68.4302903438014,37.2650805581497
gene-b1464,303.625981424858,259.239847928489,287.360789308494,340.34468087052,317.964312408161,278.541595891156,234.346314107129,215.171147668282,226.539838999899,272.969896601847,320.127909999163,273.277257426431
gene-b1465,14.5574100683151,21.055013029725,17.9600493317809,25.0780291167751,19.2705643883734,13.6069170406599,15.7396778131654,11.3708330068604,6.92479857204932,6.11126634183239,7.86555061423005,7.98537440531779
gene-b1466,5.19907502439825,13.1593831435781,10.5647349010476,8.95643897027683,18.1999774779082,4.8024413084682,2.62327963552756,4.37339731033094,0.0,5.09272195152699,4.71933036853803,7.98537440531779
gene-b1467,40.5527851903063,78.9562988614688,57.0495684656569,58.2168533067994,70.6587360907025,60.0305163558525,17.4885309035171,31.4884606343827,22.7529095938763,23.4265209770242,13.3714360441911,23.0688593931403
gene-b1468,150.773175707549,134.225708064497,133.115659753199,117.329350510626,137.035124539544,147.274866793025,41.972474168441,48.1073704136403,45.5058191877527,65.1868409795455,72.3630656509164,73.6428972934863
gene-b1469,29.1148201366302,30.2665812302297,44.3718865843998,49.2604143365226,34.258781134886,53.6272612778949,5.24655927105512,4.37339731033094,7.91405551091351,17.3152546351918,2.35966518426901,14.1962211650094
gene-b1471,0.0,0.0,0.0,0.0,1.07058691046519,3.2016275389788,0.874426545175853,0.874679462066187,0.989256938864189,1.0185443903054,0.786555061423005,2.66179146843926
gene-b1472,0.0,0.0,0.0,0.0,0.0,0.0,0.0,3.49871784826475,0.0,1.0185443903054,0.0,0.887263822813087
gene-b1473,111.260205522122,119.750386606561,119.381504381838,174.650559920398,111.34103868838,215.309451996324,136.410541047433,135.575316620259,151.356311646221,144.633303423367,99.8924928007216,125.104199016645
gene-b1474,96.7027954538074,101.327250205552,169.035758416761,99.4164725700728,88.8587135686107,99.2504537083428,57.7121519816063,57.7288444963684,57.376902454123,39.7232312219105,33.0353125797662,62.1084675969161
gene-b1475,27.0351901268709,22.3709513440828,43.315413094295,32.2431802929966,26.7646727616297,31.2158685050433,22.7350901745722,13.994871393059,22.7529095938763,18.3337990254972,17.3042113513061,18.6325402790748
gene-b1476,15.5972250731947,15.7912597722938,22.1859432921999,17.017234043526,9.6352821941867,25.6130203118304,12.2419716324619,24.4910249378532,25.7206804104689,23.4265209770242,18.8773214741521,15.0834849878225
gene-b1477,119.57872556116,131.593831435781,106.70382250058,197.04165734609,152.023341286057,170.486666450621,85.6938014272337,70.8490364273612,101.893464703011,170.096913181002,198.211875478597,157.045696637916
gene-b1478,505.35009237151,481.63342305496,386.669297378341,450.508880204925,545.999324337246,304.955023087731,192.373839938688,191.554802192495,148.388540829628,294.35932879826,327.993460613393,360.229112062113
gene-b1479,9893.83977142986,10126.1453289834,8387.34303794167,11092.5496646879,13109.3367186462,8471.50646813791,6162.08386385424,6526.85814593789,7879.43151805326,8108.63189122128,8579.74261000213,9925.82038581001
gene-b1480,807.936258791487,686.919800094778,796.581011538987,635.011522992627,454.999436947705,646.728762873718,75.2006828851234,124.204483613399,91.0116383755054,260.747363918182,232.033743119786,221.815955703272
gene-b1481,72.7870503415755,53.9534708886703,48.5977805448188,51.0517021305779,44.9646502395379,32.016275389788,7.86983890658268,6.9974356965295,3.95702775545676,10.185443903054,2.35966518426901,9.75990205094396
gene-b1482,580.216772722844,559.27378360207,711.006658840502,576.794669685828,539.575802874455,641.125914680505,292.932892633911,300.015055488702,273.034915126516,356.490536606889,394.064085772925,334.498461200534
gene-b1483,509.509352391028,318.457072074591,321.167940991846,92.2513213938513,97.4234088523322,38.4195304677456,8.74426545175853,12.2455124689266,18.7958818384196,11.2039882933594,21.2369866584211,13.3089573421963
gene-b1484,737.228838459671,634.282267520466,473.300123566931,135.24222845118,207.693860630247,49.6252268541714,4.37213272587927,13.1201919309928,19.7851387772838,13.2410770739702,24.3832069041131,23.9561232159534
gene-b1485,351.457471649321,289.506429158719,213.407645001161,66.2776483800485,122.046907793032,28.8146478508092,11.3675450872861,17.4935892413237,16.8173679606912,13.2410770739702,18.0907664127291,19.5198041018879
gene-b1486,935.833504391684,865.887410847441,590.568680968559,180.920067199592,253.72909778025,53.6272612778949,13.1163981776378,27.989742786118,16.8173679606912,11.2039882933594,18.0907664127291,28.3924423300188
gene-b1487,5479.82507571575,5569.05094636226,3881.48360264488,1031.78176937589,1612.30388716057,290.547699162326,67.3308439785407,93.590702441082,99.9149508252831,47.8715863443537,64.4975150366864,128.653254307898
gene-b1488,2741.99216786764,2808.21236283957,1865.732183525,562.464367333385,792.23431374424,148.875680562514,36.7259148973858,35.8618579447137,30.6669651047899,23.4265209770242,27.5294271498052,45.2504549634675
gene-b1489,257.874121210153,250.028279727984,240.875955743885,252.571578961807,295.481987288392,256.130203118304,60.3354316171339,88.3426256686849,89.033124497777,82.5020956147373,85.7345016951075,78.0792164075517
gene-b1490,297.38709139558,239.500773213122,251.440690644932,279.440895872637,278.352596720949,225.714741498005,56.8377254364305,62.9769212687655,69.2479857204932,101.85443903054,54.2722992381873,67.4320505337946
gene-b4746,6.2388900292779,3.94781494307344,19.0165228218856,6.26950727919378,2.14117382093038,8.8044757321917,6.12098581623097,3.49871784826475,0.989256938864189,5.09272195152699,5.50588542996103,4.43631911406544
gene-b1491,476.235272234879,476.369669797528,621.206412181597,566.046942921496,543.858150516316,713.162534307528,732.769444857365,724.234594590803,801.298120479993,619.274989305682,443.617054642575,631.731841842918
gene-b1492,151.812990712429,186.863240638809,238.763008763675,115.538062716571,132.752776897683,123.262660250684,34.1026352618583,34.1124990205813,33.6347359213824,44.8159531734375,33.0353125797662,60.3339399512899
gene-b1493,191.325960897855,182.915425695736,215.52059198137,98.5208286730451,138.105711450009,117.659812057471,17.4885309035171,33.2378195585151,35.6132497991108,36.6675980509943,35.3949777640352,45.2504549634675
gene-b1494,125.817615590438,134.225708064497,129.946239282885,311.684076165634,163.799797301174,270.537527043709,224.727622110194,188.05608434423,191.915846139653,141.57767025245,206.86398115425,221.815955703272
gene-b1495,47.8314902244639,42.11002605945,42.2589396041903,128.972721171986,78.1528444639588,149.676087447259,94.4380668789922,98.8387792134792,99.9149508252831,55.0013970764915,107.758043414952,67.4320505337946
gene-b1496,14.5574100683151,15.7912597722938,20.0729963119904,58.2168533067994,34.258781134886,68.0345852032995,55.0888723460788,36.7365374067799,59.3554163318513,36.6675980509943,37.7546429483042,43.4759273178413
gene-b4747,2.0796300097593,1.31593831435781,0.0,1.79128779405537,3.21176073139557,4.8024413084682,0.0,0.874679462066187,0.989256938864189,9.16689951274859,0.786555061423005,8.87263822813087
gene-b1497,60.3092702830197,67.1128540322485,48.5977805448188,31.3475363959689,23.5529120302342,36.0183098135115,27.9816494456273,50.7314087998389,60.3446732707155,19.3523434158026,91.2403871250685,31.0542337984581
gene-b1498,354.57691666396,384.253987792481,228.198273862628,119.120638304682,178.788014047687,190.496838569239,135.536114502257,304.388452799033,423.401969833873,114.076971714205,560.027203733179,154.383905169477
gene-b1499,8.31852003903719,3.94781494307344,4.22589396041903,39.408331469218,18.1999774779082,25.6130203118304,4.37213272587927,8.74679462066187,5.93554163318513,18.3337990254972,5.50588542996103,20.407067924701
gene-b1500,0.0,0.0,1.05647349010476,3.58257558811073,0.0,4.8024413084682,0.0,0.0,0.989256938864189,1.0185443903054,0.0,2.66179146843926
gene-b1501,65.5083453074179,61.8491007748172,94.0261406193234,201.519876831229,127.399842345357,244.124099847134,80.4472421561785,67.3503185790964,65.2909579650365,146.670392203977,88.0941668793765,135.751364890402
gene-b1502,11.4379650536761,15.7912597722938,10.5647349010476,46.5734826454395,29.9764334930253,70.4358058575336,21.8606636293963,7.87211515859569,10.8818263275061,52.9643082958807,21.2369866584211,59.4466761284769
gene-b1503,5.19907502439825,3.94781494307344,2.11294698020951,17.017234043526,7.49410837325632,32.016275389788,4.37213272587927,7.87211515859569,5.93554163318513,17.3152546351918,6.29244049138404,23.9561232159534
gene-b1504,4.1592600195186,10.5275065148625,6.33884094062854,35.8257558811073,17.129390567443,48.8248199694267,12.2419716324619,4.37339731033094,10.8818263275061,34.6305092703835,11.0117708599221,47.0249826090936
gene-b1505,23.9157451122319,19.7390747153672,14.7906288614666,118.224994407654,51.3881717023291,177.690328413323,47.2190334394961,39.3605757929784,36.602506737975,137.503492691229,39.3277530711502,145.511266941346
gene-b1507,217.321336019847,194.758870524956,286.304315818389,267.797525211277,231.246772660481,337.771705362264,207.239091206677,217.795186054481,264.131602676738,237.320842941158,313.048914446356,171.241917802926
gene-b1508,44.7120452098249,56.585347517386,64.4448828963902,50.1560582335502,46.0352371500031,64.032550779576,59.461005071958,52.4807677239712,63.3124440873081,56.0199414667969,69.2168454052244,32.8287614440842
gene-b1511,218.361151024726,289.506429158719,290.530209778808,119.120638304682,85.6469528372151,138.470391060833,119.796436689092,210.797750357951,210.711727978072,88.6133619565697,407.435521817116,118.006088434141
gene-b1512,232.918561093041,442.155273624225,423.645869532008,147.781243009568,140.24688527094,197.700500531941,207.239091206677,295.641658178371,292.8200539038,122.225326836648,615.872613094213,141.962211650094
gene-b1513,37.4333401756674,93.4316203194047,104.590875520371,25.0780291167751,16.0588036569778,36.0183098135115,29.730502535979,83.0945488962878,69.2479857204932,14.2596214642756,162.030342653139,33.7160252668973
gene-b1514,20.796300097593,52.6375325743125,23.2424167823047,17.9128779405537,13.9176298360475,17.6089514643834,21.8606636293963,35.8618579447137,30.6669651047899,7.12981073213779,51.1260789924953,14.1962211650094
gene-b1515,17.676855082954,30.2665812302297,24.2988902724094,7.16515117622146,7.49410837325632,10.4052895016811,13.1163981776378,27.1150633240518,17.8066248995554,8.14835512244319,26.7428720883822,5.32358293687852
gene-b1516,76.946310361094,94.7475586337625,73.953144307333,23.2867413227198,12.8470429255823,31.2158685050433,23.609516719748,48.9820498757065,50.4521038820736,18.3337990254972,39.3277530711502,23.9561232159534
gene-b1517,117.4990955514,102.643188519909,80.2919852479615,40.3039753662457,56.741106254655,63.2321438948313,19.2373839938688,54.2301266481036,78.1512981702709,18.3337990254972,61.3512947909944,30.166969975645
gene-b1518,89.4240904196498,64.4809774035328,63.3884094062854,27.7649608078582,46.0352371500031,46.4235993151926,16.6141043583412,35.8618579447137,61.3339302095797,8.14835512244319,49.5529688696493,17.7452764562617
gene-b1519,227.719486068643,243.448588156195,269.400739976713,181.81571109662,237.670294123272,233.718810345452,40.2236210780893,79.595831048023,61.3339302095797,67.2239297601563,90.4538320636455,83.4027993444302
gene-b1520,106.061130497724,60.5331624604594,57.0495684656569,340.34468087052,326.529007691883,225.714741498005,66.4564174333649,37.6112168688461,49.4628469432094,175.189635132529,56.6319644224563,213.830581297954
gene-b1521,137.255580644114,117.118509977845,85.5743526984853,158.5289697739,111.34103868838,127.264694674407,113.675450872861,145.196790702987,163.227394912591,119.169693665732,135.287470564757,132.20230959915
gene-b1522,73.8268653464551,52.6375325743125,78.179038267752,93.146965290879,101.705756494193,104.052895016811,118.922010143916,134.700637158193,104.861235519604,113.058427323899,84.1613915722615,88.7263822813087
gene-b1523,132.056505619715,152.648844465506,162.696917476133,203.311164625284,144.529232912801,193.698466108217,283.314200636977,196.802878964892,227.529095938763,176.208179522834,124.275699704835,218.26690041202
gene-b1524,347.298211629803,331.616455218169,333.845622873103,403.039753662457,386.481874677933,409.808324989287,627.838259436263,540.551907556904,500.56401106528,498.06820685934,329.566570736239,451.617285811862
gene-b1525,163.250955766105,143.437276265002,156.358076535504,224.806618153948,168.082144943035,237.720844769176,178.383015215874,201.176276275223,220.604297366714,200.653244890164,228.887522874094,224.477747171711
gene-b1526,112.300020527002,128.961954807066,107.760295990685,118.224994407654,127.399842345357,140.071204830323,104.056758875927,133.825957696127,112.775291030518,108.984249762678,104.61182316926,86.0645908128695
gene-b1527,23.9157451122319,26.3187662871563,16.9035758416761,41.1996192632734,32.1176073139557,48.024413084682,21.8606636293963,27.1150633240518,17.8066248995554,22.4079765867188,22.8100967812671,33.7160252668973
gene-b1528,129.976875609956,76.3244222327532,91.9131936391139,243.61513999153,213.046795182573,197.700500531941,62.9587112526615,56.8541650343022,33.6347359213824,288.248062456428,41.6874182554192,273.277257426431
gene-b1529,166.370400780744,86.8519287476157,113.042663441209,140.616091833346,162.729210390709,146.47445990828,122.41971632462,110.20961222034,112.775291030518,183.337990254972,143.93957624041,164.143807220421
gene-b1530,71.7472353366958,56.585347517386,46.4848335646093,296.458129916163,168.082144943035,344.975367324966,73.4518297947717,69.974356965295,84.0868398034561,266.858630260014,50.3395239310723,243.997551273599
gene-b1531,73.8268653464551,57.9012858317438,105.647349010476,453.195811896008,225.893838108155,560.28481932129,118.04758359874,97.964099751413,80.1298120479993,253.617553186044,112.47737378349,238.673968336721
gene-b1532,164.290770770985,197.390747153672,322.224414481951,1135.6764614311,534.222868322129,1401.51245518797,210.736797387381,157.442303171914,181.034019812147,515.383461494532,196.638765355751,581.157803942572
gene-b1533,334.820431571247,331.616455218169,285.247842328284,255.25851065289,261.223206153506,234.519217230197,154.773498496126,196.802878964892,184.001790628739,238.339387331463,154.951347100332,220.928691880459
gene-b1534,292.188016371181,263.187662871563,221.859432921999,163.007189259038,173.435079495361,193.698466108217,130.289555231202,152.194226399517,148.388540829628,137.503492691229,127.421919950527,137.525892536029
gene-b4599,17.676855082954,6.57969157178906,5.28236745052379,18.8085218375813,20.3411512988386,23.2117996575963,7.86983890658268,13.994871393059,4.94628469432094,53.9828526861861,22.0235417198441,29.2797061528319
gene-b4775,93.5833504391684,73.6925456040375,85.5743526984853,193.45908175798,99.5645826732626,105.6537087863,90.9403606982888,67.3503185790964,83.0975828645919,299.452050749787,106.971488353529,172.129181625739
gene-b4698,12.4777800585558,6.57969157178906,5.28236745052379,26.8693169108305,9.6352821941867,23.2117996575963,9.61869199693439,8.74679462066187,11.8710832663703,21.3894321964134,17.3042113513061,19.5198041018879
gene-b1535,148.69354569779,125.014139863992,128.88976579278,362.735778296212,254.799684690715,253.72898246407,125.917422505323,112.833650606538,131.571172868937,302.507683920703,161.243787591716,370.876277935871
gene-b1536,13.5175950634354,14.4753214579359,15.8471023515714,24.1823852197474,20.3411512988386,29.6150547355539,5.24655927105512,3.49871784826475,3.95702775545676,9.16689951274859,11.7983259213451,10.647165873757
gene-b1537,17.676855082954,15.7912597722938,20.0729963119904,51.9473460276056,16.0588036569778,52.0264475084055,6.99541236140683,5.24807677239712,6.92479857204932,15.278165854581,4.71933036853803,17.7452764562617
gene-b1538,1212.42429568967,1148.81414843437,1231.84808946215,1087.31169099161,1088.7868879431,1251.83636774071,912.901313163591,970.019523431402,965.514772331448,790.390446876989,983.193826778756,776.355844961451
gene-b1539,1486.9354569779,1576.49410060066,1591.04907609776,1169.71092951815,1140.17505964543,1137.37818322222,955.748213877208,1103.84548112753,987.27842498646,947.246282984021,1271.859534321,920.092584257172
gene-b1540,689.397348235207,596.120056404089,690.933662528511,763.984244164614,662.693297577952,673.942596955038,545.642164189733,479.324345212271,513.424351270514,622.330622476598,788.914726607274,584.706859233825
gene-b1541,14.5574100683151,28.9506429158719,27.4683107427237,54.6342777186887,35.3293680453512,40.020344237235,28.8560759908032,17.4935892413237,17.8066248995554,28.5192429285512,38.5411980097272,51.4613017231591
gene-b1542,35.3537101659081,26.3187662871563,17.9600493317809,54.6342777186887,28.9058465825601,84.0427228981935,39.3491945329134,36.7365374067799,24.7314234716047,38.7046868316051,28.3159822112282,57.6721484828507
gene-b1543,8.31852003903719,6.57969157178906,4.22589396041903,24.1823852197474,12.8470429255823,52.0264475084055,7.86983890658268,4.37339731033094,4.94628469432094,25.463609757635,9.43866073707606,30.166969975645
gene-b4748,34.3138951610284,44.7419026881656,29.5812577229332,112.851131025488,73.870496822098,64.8329576643207,9.61869199693439,10.4961535447942,22.7529095938763,57.0384858571023,62.1378498524174,74.5301611162993
gene-b1544,38.473155180547,38.1622111163766,26.4118372526189,95.8338969819621,96.352821941867,50.4256337389161,12.2419716324619,9.62147408272806,8.9033124497777,47.8715863443537,44.8336385011113,112.682505497262
gene-b1545,29.1148201366302,35.530334487661,21.1294698020951,83.2948824235745,97.4234088523322,61.6313301253419,22.7350901745722,16.6189097792576,18.7958818384196,82.5020956147373,44.0470834396883,81.628271698804
gene-b1546,12.4777800585558,3.94781494307344,9.50826141094281,3.58257558811073,3.21176073139557,18.4093583491281,5.24655927105512,8.74679462066187,7.91405551091351,11.2039882933594,7.86555061423005,8.87263822813087
gene-b1547,5.19907502439825,6.57969157178906,10.5647349010476,12.5390145583876,6.42352146279113,7.2036619627023,6.99541236140683,4.37339731033094,4.94628469432094,10.185443903054,8.65210567565305,7.98537440531779
gene-b1548,5.19907502439825,5.26375325743125,2.11294698020951,5.3738633821661,8.56469528372151,9.6048826169364,1.74885309035171,2.62403838619856,1.97851387772838,2.0370887806108,6.29244049138404,2.66179146843926
gene-b4533,4.1592600195186,2.63187662871563,1.05647349010476,1.79128779405537,3.21176073139557,1.6008137694894,0.0,0.874679462066187,0.0,0.0,1.57311012284601,3.54905529125235
gene-b1549,11.4379650536761,15.7912597722938,9.50826141094281,21.4954535286644,13.9176298360475,24.8126134270857,25.3583698100998,22.7416660137209,25.7206804104689,30.556331709162,14.9445461670371,25.7306508615795
gene-b1550,165.330585775864,155.280721094222,215.52059198137,217.641466977727,149.882167465126,360.183098135115,166.141043583412,208.173711971753,220.604297366714,232.228120989631,227.314412751248,161.482015751982
gene-b1551,0.0,1.31593831435781,0.0,0.0,1.07058691046519,0.8004068847447,1.74885309035171,0.0,0.989256938864189,2.0370887806108,3.14622024569202,7.0981105825047
gene-b4749,0.0,0.0,0.0,0.0,0.0,0.0,0.0,0.0,0.0,2.0370887806108,0.0,0.887263822813087
gene-b4724,7.27870503415754,5.26375325743125,8.45178792083806,17.9128779405537,23.5529120302342,10.4052895016811,0.874426545175853,0.0,0.989256938864189,18.3337990254972,12.5848809827681,24.8433870387664
gene-b1552,16.6370400780744,9.21156820050469,7.3953144307333,34.9301119840796,27.8352596720949,16.8085445796387,3.49770618070341,5.24807677239712,5.93554163318513,29.5377873188566,20.4504315969981,31.0542337984581
gene-b1553,1.03981500487965,0.0,1.05647349010476,3.58257558811073,2.14117382093038,2.4012206542341,0.874426545175853,2.62403838619856,0.0,3.0556331709162,0.786555061423005,4.43631911406544
gene-b4689,0.0,0.0,0.0,0.0,0.0,0.0,0.0,0.0,0.0,0.0,0.0,0.0
gene-b1554,4.1592600195186,2.63187662871563,3.16942047031427,13.4346584554152,5.35293455232595,7.2036619627023,6.12098581623097,6.12275623446331,2.96777081659257,11.2039882933594,11.0117708599221,10.647165873757
gene-b1555,6.2388900292779,2.63187662871563,5.28236745052379,9.85208286730451,11.7764560151171,7.2036619627023,5.24655927105512,2.62403838619856,4.94628469432094,11.2039882933594,8.65210567565305,15.0834849878225
gene-b1556,0.0,0.0,2.11294698020951,3.58257558811073,0.0,1.6008137694894,2.62327963552756,0.874679462066187,0.0,6.11126634183239,1.57311012284601,6.21084675969161
gene-b4776,102.941685483085,132.909769750139,60.2189889359712,217.641466977727,221.611490466294,98.4500468235981,62.0842847074856,60.3528828825669,38.5810206157034,211.857233183523,115.623594029182,247.546606564851
gene-b1557,101.901870478206,85.5359904332578,60.2189889359712,241.823852197474,173.435079495361,125.663880904918,89.1915076079371,78.7211515859569,78.1512981702709,280.099707333985,401.929636387155,215.60510894358
gene-b1558,66.5481603122976,73.6925456040375,75.0096177974378,146.88559911254,131.682189987218,85.6435366676829,83.0705217917061,58.6035239584346,59.3554163318513,103.891527811151,91.2403871250685,157.93296046073
gene-b4750,55.1101952586214,68.4287923466063,63.3884094062854,129.868365069014,97.4234088523322,62.4317370100866,61.2098581623098,41.1099347171108,42.5380483711601,77.4093736632103,73.1496207123394,112.682505497262
gene-b1559,13.5175950634354,10.5275065148625,19.0165228218856,36.721399778135,18.1999774779082,28.0142409660645,20.9862370842205,21.8669865516547,7.91405551091351,20.370887806108,19.6638765355751,21.2943317475141
gene-b1560,8.31852003903719,9.21156820050469,7.3953144307333,25.9736730138028,16.0588036569778,28.0142409660645,3.49770618070341,5.24807677239712,7.91405551091351,15.278165854581,10.2252157984991,23.9561232159534
gene-b1561,14.5574100683151,22.3709513440828,20.0729963119904,27.7649608078582,11.7764560151171,32.016275389788,12.2419716324619,7.87211515859569,9.89256938864189,23.4265209770242,13.3714360441911,29.2797061528319
gene-b1562,105.021315492845,115.802571663488,116.212083911523,314.371007856717,156.305688927918,316.961126358901,132.91283486673,133.825957696127,102.882721641876,192.50488976772,110.904263660644,279.488104186123
gene-b1563,155.972250731947,132.909769750139,192.278175199066,499.769294541447,243.023228675598,509.058778697629,177.508588670698,212.547109282084,177.07699205669,304.544772701314,135.287470564757,404.592303202768
gene-b1564,205.883370966171,222.39357512647,259.89247856577,415.578768220845,320.105486229092,489.849013463757,222.104342474667,195.05352004076,170.15219348464,289.266606846733,193.492545110059,503.965851357834
gene-b1565,10.3981500487965,5.26375325743125,4.22589396041903,8.95643897027683,5.35293455232595,11.2056963864258,0.874426545175853,1.74935892413237,2.96777081659257,2.0370887806108,6.29244049138404,3.54905529125235
gene-b1566,164.290770770985,146.069152893717,164.809864456342,75.2340873503254,54.5999324337246,65.6333645490654,1.74885309035171,5.24807677239712,1.97851387772838,5.09272195152699,4.71933036853803,8.87263822813087
gene-b1567,14.5574100683151,5.26375325743125,7.3953144307333,4.47821948513841,2.14117382093038,10.4052895016811,11.3675450872861,8.74679462066187,14.8388540829628,11.2039882933594,9.43866073707606,18.6325402790748
gene-b1568,1.03981500487965,0.0,3.16942047031427,2.68693169108305,1.07058691046519,2.4012206542341,6.99541236140683,6.9974356965295,4.94628469432094,4.07417756122159,3.93277530711502,0.887263822813087
gene-b1569,0.0,0.0,1.05647349010476,5.3738633821661,1.07058691046519,3.2016275389788,0.874426545175853,1.74935892413237,1.97851387772838,3.0556331709162,0.0,1.77452764562617
gene-b1570,523.026947454464,501.372497770327,513.446116190912,725.471556592423,506.387608650034,601.905977328015,556.135282731843,559.79485572236,589.597135563057,638.627332721485,614.299502971367,571.397901891628
gene-b1571,2.0796300097593,5.26375325743125,4.22589396041903,7.16515117622146,6.42352146279113,4.0020344237235,16.6141043583412,12.2455124689266,7.91405551091351,10.185443903054,5.50588542996103,7.0981105825047
gene-b1572,4.1592600195186,6.57969157178906,12.6776818812571,12.5390145583876,13.9176298360475,20.0101721186175,14.8652512679895,17.4935892413237,10.8818263275061,16.2967102448864,16.5176562898831,21.2943317475141
gene-b1573,5.19907502439825,5.26375325743125,7.3953144307333,6.26950727919378,5.35293455232595,15.2077308101493,11.3675450872861,16.6189097792576,6.92479857204932,15.278165854581,12.5848809827681,10.647165873757
gene-b1574,0.0,0.0,0.0,2.68693169108305,0.0,1.6008137694894,2.62327963552756,5.24807677239712,3.95702775545676,1.0185443903054,3.14622024569202,0.0
gene-b1575,0.0,0.0,0.0,0.895643897027683,0.0,2.4012206542341,4.37213272587927,0.874679462066187,1.97851387772838,2.0370887806108,2.35966518426901,0.887263822813087
gene-b1576,1.03981500487965,7.89562988614688,10.5647349010476,6.26950727919378,0.0,14.4073239254046,16.6141043583412,2.62403838619856,8.9033124497777,4.07417756122159,6.29244049138404,10.647165873757
gene-b4534,0.0,0.0,1.05647349010476,1.79128779405537,0.0,0.8004068847447,0.0,0.874679462066187,0.989256938864189,0.0,1.57311012284601,0.0
gene-b1580,8.31852003903719,21.055013029725,27.4683107427237,25.9736730138028,9.6352821941867,27.2138340813198,29.730502535979,34.9871784826475,50.4521038820736,14.2596214642756,40.9008631939962,15.9707488106356
gene-b1581,40.5527851903063,18.4231364010094,25.3553637625142,22.3910974256921,17.129390567443,23.2117996575963,60.3354316171339,54.2301266481036,60.3446732707155,15.278165854581,36.9680878868812,19.5198041018879
gene-b1582,10.3981500487965,13.1593831435781,8.45178792083806,21.4954535286644,4.28234764186076,4.8024413084682,20.9862370842205,23.6163454757871,16.8173679606912,22.4079765867188,16.5176562898831,14.1962211650094
gene-b1583,1029.41685483085,997.481242283222,1071.26411896622,1336.3006943653,1212.97496955706,1244.63270577801,839.449483368819,758.347093611384,859.66427987298,1114.28756299411,1077.58043414952,1231.52218606457
gene-b1584,1695.93827295871,1859.42083818759,2184.78717753664,2573.18491616053,2053.38569427223,2665.35492619985,2256.89491309888,1830.70411410453,2031.93375242704,2200.05588305966,1956.16243775901,2391.17600248127
gene-b1585,277.630606302866,248.712341413627,300.038471189751,265.110593520194,205.552686809316,320.16275389788,176.634162125522,188.05608434423,212.690241855801,227.135399038104,280.01360186659,191.648985727627
gene-b1586,236.03800610768,223.709513440828,218.690012451685,180.024423302564,198.05857843606,175.289107759089,136.410541047433,104.086855985876,115.74306184711,133.429315130007,162.030342653139,159.707488106356
gene-b1587,37.4333401756674,36.8462728020188,46.4848335646093,51.9473460276056,46.0352371500031,70.4358058575336,27.1072229004515,20.1176276275223,34.6239928602466,25.463609757635,38.5411980097272,36.3778167353366
gene-b1588,83.1852003903719,82.9041138045422,98.2520345797424,107.477267643322,101.705756494193,102.452081247322,60.3354316171339,61.2275623446331,78.1512981702709,56.0199414667969,77.8689510808775,75.4174249391124
gene-b1589,24.9555601171116,40.7940877450922,57.0495684656569,54.6342777186887,38.5411287767468,49.6252268541714,27.1072229004515,22.7416660137209,32.6454789825182,22.4079765867188,26.7428720883822,31.0542337984581
gene-b1590,71.7472353366958,82.9041138045422,95.0826141094281,106.581623746294,81.3646051953544,99.2504537083428,62.0842847074856,56.8541650343022,47.4843330654811,62.1312078086293,59.7781846681483,99.3735481550658
gene-b1591,291.148201366302,282.92673758693,282.07842185797,326.014378518077,389.693635409329,249.726948040346,348.02176497999,300.015055488702,306.669651047899,293.340784407955,322.487575183432,385.07249910088
gene-b1592,30.1546351415098,50.0056559455969,67.6143033667045,74.3384434532977,57.8116931651202,70.4358058575336,65.581990888189,43.7339731033094,54.4091316375304,71.2981073213779,37.7546429483042,62.1084675969161
gene-b1593,161.171325756346,286.874552530003,263.061899036085,91.3556774968237,77.0822575534936,165.684225142153,217.732209748788,193.304161116627,200.81915858943,85.5577287856535,282.373267050859,102.922603446318
gene-b1594,815.214963825645,1677.82135080621,1935.45943387192,377.961724545682,386.481874677933,632.321438948313,1713.87602854467,1521.0675845331,1301.86213154527,449.178076124681,1890.09181259948,432.984745532787
gene-b1595,65.5083453074179,60.5331624604594,61.2754624260759,68.0689361741039,57.8116931651202,64.8329576643207,57.7121519816063,69.0996775032288,52.430617759802,51.9457639055753,68.4302903438014,55.0103570144114
gene-b1596,183.007440858818,169.756042552158,170.092231906866,154.050750288761,146.670406733731,138.470391060833,96.1869199693439,95.3400613652144,100.904207764147,113.058427323899,92.8134972479145,141.962211650094
gene-b1597,19.7564850927133,32.8984578589453,24.2988902724094,82.3992385265468,47.1058240604683,34.4174960440221,11.3675450872861,14.8695508551252,10.8818263275061,42.7788643928267,16.5176562898831,39.9268720265889
gene-b4601,0.0,0.0,1.05647349010476,0.895643897027683,1.07058691046519,3.2016275389788,0.0,0.0,0.0,0.0,0.0,0.887263822813087
gene-b1598,401.368591883545,327.668640275095,402.516399729913,323.327446826994,307.258443303509,336.170891592774,169.638749764116,212.547109282084,187.958818384196,212.875777573828,331.139680859085,196.972568664505
gene-b1599,24.9555601171116,15.7912597722938,16.9035758416761,42.0952631603011,54.5999324337246,54.4276681626396,130.289555231202,134.700637158193,141.463742257579,59.0755746377131,55.0588542996103,98.4862843322527
gene-b1600,58.2296402732604,46.0578410025235,40.1459926239808,172.859272126343,124.188081613962,156.079342525217,217.732209748788,185.432045958032,276.002685943109,154.818747326421,142.366466117564,238.673968336721
gene-b4777,55.1101952586214,47.3737793168813,46.4848335646093,79.7123068354638,74.9410837325632,88.8451642066617,143.40595340884,160.066341558112,116.732318785974,67.2239297601563,98.3193826778756,175.678236916991
gene-b1601,33.2740801561488,36.8462728020188,31.6942047031427,55.5299216157163,43.8940633290728,61.6313301253419,43.7213272587927,54.2301266481036,38.5810206157034,62.1312078086293,66.0706251595324,66.5447867109816
gene-b1602,3492.73860139074,3142.46069468646,3327.89149382998,2993.24190386652,2914.13757028624,3528.19354795464,3217.88968624714,4492.35371717194,4235.00895527759,2264.2241796489,3626.80538822147,2510.06935473822
gene-b1603,2981.14961898995,3056.9247042532,3302.53613006747,2714.69665189091,2781.38479338856,3246.4503245245,3183.78705098528,4129.36174041447,3858.10206157034,2261.16854647798,3531.63222578929,2246.55199936274
gene-b1604,2210.64670037413,2255.51827080929,2369.67003830497,2009.82490493012,2137.96206019898,1713.6711402384,1882.64035176361,1968.90346911099,1923.11548915198,2050.32985768477,1813.79597164145,1844.62148762841
gene-b1605,209.002815980809,198.70668546803,166.922811436552,234.658701021253,258.011445422111,201.702534955664,584.11693217747,312.260567957629,259.185317982417,694.647274188282,170.682448328792,469.362562268123
gene-b1606,275.550976293107,293.454244101792,293.699630249122,317.953583444827,324.387833870952,276.140375236922,292.932892633911,213.42178874415,228.518352877628,367.694524900249,210.796756461365,295.458852996758
gene-b1607,100.862055473326,105.275065148625,89.8002466589044,101.207760364128,50.3175847918639,96.048826169364,56.8377254364305,86.5932667445525,59.3554163318513,58.0570302474077,33.8218676411892,48.7995102547198
gene-b1608,1938.21516909567,2008.12186771002,1868.90160399532,2250.75311323057,1998.78576183851,2345.99257918672,1145.49877418037,1144.08073638257,1242.50671521342,1841.52825767216,1497.6008369494,1619.25647663388
gene-b1609,1104.28353518219,852.728027703863,928.640197802082,1137.46774922516,1004.21052201635,1166.99323795777,849.94260191093,906.16792270057,929.901522532337,1133.63990640991,1079.15354427236,985.75010714534
gene-b1610,200.684295941772,243.448588156195,250.384217154827,305.41456888644,280.49377054188,292.148512931816,261.45353700758,209.048391433819,268.088630432195,199.634700499858,250.124509532515,221.815955703272
gene-b1611,2487.23749167212,2813.476116097,2275.64389768565,1503.78610310948,1719.36257820709,1201.41073400179,998.595114590825,1730.11597596692,1794.51208709964,947.246282984021,1022.52157984991,811.846397873975
gene-b1612,12031.6994214624,12617.2165580627,8952.55635514771,4040.24961949188,5123.8289534864,4993.73855392219,4498.05014838459,9153.52057052265,10567.2426209473,4499.92911636925,5560.94428426064,4204.74325631122
gene-b1613,2294.87171576939,2684.51416128994,2417.21134535968,2134.31940661697,2292.12657530597,1948.99076435334,1586.209752949,1437.97303563681,1573.90778973292,1488.09335423619,2201.56761692299,1752.34605005585
gene-b1614,5373.76394521803,5762.49387857286,5383.78890557384,5147.26547621809,5294.05227225036,4433.45373460089,4283.81564481651,3875.70469641528,4195.43867772302,4568.17159051971,5218.79283254164,5260.5872054588
gene-b1615,18.7166700878337,15.7912597722938,7.3953144307333,16.1215901464983,5.35293455232595,32.8166822745327,8.74426545175853,35.8618579447137,39.5702775545676,11.2039882933594,29.1025372726512,10.647165873757
gene-b1616,48.8713052293435,44.7419026881656,28.5247842328284,19.704165734609,8.56469528372151,16.8085445796387,17.4885309035171,65.600959654964,58.3661593929871,14.2596214642756,84.9479466336845,16.8580126334487
gene-b1617,103.981500487965,139.489461321928,76.0660912875425,68.0689361741039,48.1764109709335,59.2301094711078,76.9495359754751,200.301596813157,203.786929406023,63.1497521989347,226.527857689825,69.2065781794208
gene-b1618,488.713052293435,638.230082463539,592.681627948769,475.5869093217,362.928962647699,475.441689538352,660.192041607769,686.623377721957,662.802149039007,495.012573688424,896.672770022225,606.001190981339
gene-b1619,438.801932059212,456.630595082161,758.547965895216,497.082362850364,388.623048498864,1103.76109406294,497.548704205061,594.782034205007,646.97403801718,347.323637094141,456.988490686766,379.748916164001
gene-b1620,74.8666803513348,97.3794352624782,105.647349010476,95.8338969819621,59.9528669860506,96.048826169364,64.7075643430132,87.4679462066187,60.3446732707155,96.7617170790129,209.223646338519,80.7410078759909
gene-b1621,388.890811824989,872.46710241923,671.917139706626,188.980862272841,113.48221250931,240.922472308155,617.345140894153,778.464721238907,800.308863541129,231.209576599325,889.593774469418,301.66969975645
gene-b1622,463.757492176324,630.334452577392,524.01085109196,288.397334842914,270.858488347693,364.185132558839,467.818201669082,654.260237625508,714.243509859944,345.28654831353,677.223907885207,284.811687123001
gene-b1623,218.361151024726,218.445760183397,202.842910100113,224.806618153948,245.164402496528,247.325727386112,206.364664661501,254.53172346126,205.765443283751,254.63609757635,510.47423486353,232.463121577029
gene-b1624,1928.85683405175,2410.79899190351,2094.98693087773,2522.13321402996,2620.79675681878,2032.23308036679,1074.67022402112,937.656383334953,1032.78424417421,1465.68537764947,1146.01072449332,1667.16872306579
gene-b4409,152.852805717308,169.756042552158,161.640443986028,148.676886906595,114.552799419775,171.287073335366,176.634162125522,160.066341558112,170.15219348464,257.691730747266,152.591681916063,164.143807220421
gene-b1625,270.351901268709,243.448588156195,232.424167823047,307.205856680495,246.234989406993,351.378622402923,250.96041846547,171.437174564973,255.228290226961,276.025529772763,160.457232530293,246.659342742038
gene-b1626,664.441788118096,656.653218864549,611.698150770654,823.096741368441,656.269776115161,814.814208670105,856.938014272336,653.385558163442,692.479857204932,1167.25187128999,530.924666460528,1007.04443889285
gene-b1627,505.35009237151,385.569926106839,401.459926239808,772.94068313489,635.928624816322,679.54544514825,590.237917993701,410.224667709042,396.69203248454,851.503110295313,327.993460613393,773.694053493012
gene-b1628,148.69354569779,131.593831435781,117.268557401628,249.884647270724,185.211535510478,208.105790033622,243.090579558887,139.074034468524,168.173679606912,267.87717465032,107.758043414952,222.703219526085
gene-b1629,1061.65111998212,972.478414310424,975.125031366691,1462.58648384621,1357.50420246986,1177.39852745945,1608.07041657839,1193.93746572035,1121.81736867199,1532.90930740962,792.060946852966,1474.63247351535
gene-b1630,354.57691666396,343.459900047389,320.111467501741,548.134064980942,438.940633290728,378.592456484243,612.098581623098,490.695178219131,477.811101471403,591.774290767436,361.028773193159,478.235200496254
gene-b1631,263.073196234551,347.407714990463,272.570160447027,428.117782779232,399.328917603516,272.938747697943,467.818201669082,340.250310743747,322.497762069726,386.028323925746,288.665707542243,373.53806940431
gene-b1632,303.625981424858,284.242675901288,254.610111115246,422.743919397066,384.340700857003,300.952988664007,434.589992952399,319.258003654158,303.701880231306,451.215164905292,345.297671964699,395.719664974637
gene-b1633,124.777800585558,119.750386606561,125.720345322466,207.789384110422,185.211535510478,124.863474020173,208.987944297029,165.314418330509,141.463742257579,227.135399038104,199.784985601443,118.893352256954
gene-b1634,3980.4118386793,3942.55118981601,3178.92873172521,3646.1663047997,3499.7486103107,2647.74597473547,4452.57996803545,4543.95980543384,4173.67502506801,4194.36579927763,3157.23201655194,3510.90294687139
gene-b1635,572.938067688687,506.636251027758,642.335881983692,652.924400933181,604.881604412832,719.565789385485,321.788968624714,279.89742786118,316.56222043654,510.290739543005,508.114569679261,552.765361612553
gene-b1636,1402.71044158265,1697.56042552158,1560.41134488473,1917.57358353627,1864.96239803036,1307.86484967284,1547.73498496126,1478.20829089186,1542.25156768927,1433.0919571597,1215.22756989854,1675.15409747111
gene-b1637,3592.56084185919,3356.95863992678,3567.71097608376,4530.16683116602,4230.95947015843,4098.08324989286,6058.90153152349,6093.89181221513,5652.61414866998,4938.92174859088,4001.20559745882,4488.66767961141
gene-b1638,968.067769542953,829.041138045422,884.268311217682,918.930638350403,949.610589582623,756.384506083742,859.561293907864,816.075938107753,736.996419453821,850.484565905008,820.376929064194,787.003010835209
gene-b1639,112.300020527002,109.222880091698,142.623921164142,128.972721171986,104.917517225589,115.258591403237,61.2098581623098,43.7339731033094,66.2802149039007,86.5762731759589,83.3748365108385,84.2900631672433
gene-b1640,435.682487044573,402.677124193491,453.227127254941,440.65679733762,363.999549558164,389.798152870669,270.197802459339,329.754157198953,351.186213296787,319.822938555895,487.664138082263,338.934780314599
gene-b1641,8394.42653439341,7077.11625461632,8304.9381057135,9532.33799606563,7631.14349779587,9351.95404135708,9089.663937103,8863.12698911668,7615.29991537653,12172.6240085398,9151.56813965666,9164.54802583638
gene-b1642,520.947317444704,514.531880913905,547.253267874264,552.61228446608,417.528895081424,505.056744273906,520.283794379633,532.679792398308,472.864816777082,711.962528823474,634.749934568365,682.305879743264
gene-b1643,46.7916752195842,52.6375325743125,58.1060419557616,77.0253751443807,65.3058015383765,97.6496399388534,104.056758875927,91.8413435169497,103.87197858074,146.670392203977,86.5210567565305,124.216935193832
gene-b1644,162.211140761225,135.541646378855,128.88976579278,252.571578961807,224.82325119769,253.72898246407,373.380134790089,270.275953778452,262.15308879901,374.824335632387,254.843839901053,408.14135849402
gene-b1645,135.175950634354,125.014139863992,157.414550025609,253.467222858834,218.399729734899,225.714741498005,300.802731540494,224.79262175101,220.604297366714,294.35932879826,184.840439434406,254.644717147356
gene-b1646,517.827872430065,529.007202371841,510.276695720598,354.674983222962,315.823138587231,329.767636514817,207.239091206677,209.923070895885,243.35720696059,295.377873188566,473.506146976649,246.659342742038
gene-b1647,681.07882819617,663.232910436338,718.401973271235,352.883695428907,437.870046380262,415.411173182499,442.459831858982,536.178510246573,496.606983309823,363.620347339027,991.845932454409,336.27298884616
gene-b1648,30.1546351415098,26.3187662871563,32.7506781932475,25.9736730138028,26.7646727616297,24.8126134270857,11.3675450872861,12.2455124689266,15.828111021827,8.14835512244319,22.8100967812671,13.3089573421963
gene-b1649,126.857430595317,119.750386606561,121.494451362047,236.449988815308,196.987991525595,249.726948040346,134.661687957081,94.4653819031482,114.753804908246,174.171090742223,75.5092858966084,190.761721904814
gene-b1650,649.884378049781,607.96350123331,575.778052107093,901.913404306877,907.85770007448,616.313301253419,471.315907849785,402.352552550446,486.714413921181,913.634318103942,392.490975650079,698.2766285539
gene-b1651,722.671428391356,717.186381325008,741.644390053539,626.950727919378,632.716864084927,652.331611066931,658.443188517418,663.881711708236,661.812892100142,679.369108333701,603.287732111445,633.506369488544
gene-b1652,535.504727513019,638.230082463539,563.100370225836,743.384434532977,867.175397476803,604.307197982249,676.806145966111,485.447101446734,523.316920659156,718.073795165306,411.368297124231,786.115747012395
gene-b1653,509.509352391028,529.007202371841,472.243650076826,562.464367333385,603.811017502367,431.419310877393,325.286674805418,346.37306697821,350.196956357923,380.935601974219,438.897724274037,377.974388518375
gene-b1654,2012.04203444212,1704.14011709337,1865.732183525,2076.9981972072,1838.19772526873,1969.00093647196,2665.252109696,2620.5396683503,2578.00358268008,3396.8455416685,2359.66518426901,2540.23632471387
gene-b1655,826.652928879321,1180.39666797896,1273.05055557623,798.018712251666,718.363816922142,745.178809697316,753.755681941586,774.966003390642,875.492390894807,597.885557109269,766.104629826007,571.397901891628
gene-b1656,10504.2111792942,13165.9628351499,12842.4917457134,8397.55717853156,10049.5993285367,9895.43031609873,6779.42900474839,5731.77451491973,6295.6311589317,6840.54412529106,6187.04211315335,7972.06544797559
gene-b1657,124.777800585558,96.0634969481203,63.3884094062854,215.850179183672,181.999774779082,154.478528755727,69.0796970688924,47.2326909515741,49.4628469432094,187.412167816193,83.3748365108385,177.452764562617
gene-b4602,22.8759301073523,26.3187662871563,21.1294698020951,33.1388241900243,31.0470204034905,26.4134271965751,13.9908247228137,20.9923070895885,16.8173679606912,30.556331709162,30.6756473954972,22.1815955703272
gene-b1658,2621.3736273016,2162.08665048989,2152.03649934339,2469.29022410532,2206.47962246875,2390.81536473242,4673.80988396494,4381.26942548953,3948.12444300698,4304.36859343061,2765.52759596328,3917.26977771978
gene-b1659,47.8314902244639,53.9534708886703,51.7672010151331,69.8602239681593,64.2352146279113,84.0427228981935,83.0705217917061,63.8516007308317,87.0546106200486,121.206782446342,56.6319644224563,81.628271698804
gene-b1660,87.3444604098905,96.0634969481203,117.268557401628,131.659652863069,120.976320882566,113.657777633747,158.271204676829,110.20961222034,121.678603480295,124.262415617259,58.2050745453023,89.6136461041218
gene-b1661,2578.74121210153,2883.22084675797,3660.68064321298,2875.91255335589,2245.0207512455,2956.70303224692,1229.44372251725,839.69228358354,913.084154571646,1728.46983034826,1468.49829967675,1605.94751929169
gene-b1662,994.063144664945,1034.32751508524,1118.80542602094,964.608477098815,908.928286984946,1011.7143023173,898.036061895602,924.53619140396,978.375112536683,1228.36453470831,1266.35364889104,1055.84394914757
gene-b1663,636.366782986345,496.108744512895,500.768434309655,867.878936219825,704.446187086094,845.229670290403,543.893311099381,383.984283847056,382.842435340441,986.969514205931,472.719591915226,930.739750130929
gene-b1664,1449.50211680223,1102.75630743185,1364.96374921535,1115.07665179947,1413.17472181405,1513.56941905223,1122.7636840058,1358.37720458879,1445.30438768058,1331.23751812916,1192.41747311727,1208.45332667142
gene-b1665,0.0,0.0,0.0,0.0,0.0,0.8004068847447,0.874426545175853,0.0,0.0,0.0,0.786555061423005,0.0
gene-b1666,119.57872556116,126.33007817835,110.929716461,156.737681979845,137.035124539544,150.476494332004,192.373839938688,158.31698263398,148.388540829628,257.691730747266,129.781585134796,138.413156358842
gene-b1667,197.564850927133,196.074808839314,219.74648594179,449.613236307897,305.117269482579,448.227855457032,183.629574486929,170.562495102907,116.732318785974,562.23650344858,239.899293734016,410.803149962459
gene-b1668,286.988941346783,286.874552530003,329.619728912684,156.737681979845,171.29390567443,194.498872992962,20.9862370842205,26.2403838619856,44.5165622488885,66.2053853698509,72.3630656509164,86.0645908128695
gene-b1669,20.796300097593,6.57969157178906,11.6212083911523,12.5390145583876,6.42352146279113,16.8085445796387,9.61869199693439,5.24807677239712,6.92479857204932,18.3337990254972,14.1579911056141,7.98537440531779
gene-b1670,15.5972250731947,18.4231364010094,19.0165228218856,15.2259462494706,12.8470429255823,18.4093583491281,7.86983890658268,10.4961535447942,11.8710832663703,16.2967102448864,21.2369866584211,13.3089573421963
gene-b1671,30.1546351415098,34.2143961733031,39.089519133876,31.3475363959689,34.258781134886,39.2199373524903,15.7396778131654,17.4935892413237,16.8173679606912,17.3152546351918,29.1025372726512,15.9707488106356
gene-b1672,13.5175950634354,11.8434448292203,9.50826141094281,8.06079507324915,6.42352146279113,13.6069170406599,6.99541236140683,10.4961535447942,12.8603402052345,5.09272195152699,7.07899555280704,7.98537440531779
gene-b1673,37.4333401756674,31.5825195445875,41.2024661140855,42.0952631603011,29.9764334930253,44.8227855457032,14.8652512679895,12.2455124689266,22.7529095938763,32.5934204897728,31.4622024569202,25.7306508615795
gene-b1674,6.2388900292779,14.4753214579359,5.28236745052379,2.68693169108305,4.28234764186076,6.4032550779576,2.62327963552756,6.9974356965295,5.93554163318513,6.11126634183239,6.29244049138404,9.75990205094396
gene-b1675,59.26945527814,60.5331624604594,62.3319359161807,80.6079507324915,49.2469978813987,63.2321438948313,67.3308439785407,120.705765765134,80.1298120479993,104.910072201456,121.916034520566,49.6867740775329
gene-b1676,13688.1247242357,15060.9140078252,14762.1040772338,18368.7606841408,17224.6728024744,14301.6702166183,21124.3964783583,20028.4103223916,20841.6651879907,23165.773613106,19438.1352329467,22015.6772354611
gene-b1677,38912.9969276111,39121.5301475434,43047.0688278084,32444.7001698278,38698.5050525852,29429.3603382931,50213.9443567234,41617.2488051092,45916.3608173813,56633.1051897608,56454.2029785747,36291.7521445237
gene-b1678,437.762117054332,457.946533396519,449.001233294522,430.804714470316,324.387833870952,422.614835145202,161.768910857533,230.040698523407,193.894360017381,230.19103220902,309.902694200664,237.786704513907
gene-b1679,123.737985580678,101.327250205552,95.0826141094281,157.633325876872,100.635169583728,116.859405172726,104.056758875927,144.322111240921,139.485228379851,83.5206400050427,190.346324864367,116.231560788514
gene-b1680,479.354717249518,436.891520366794,358.144513145513,635.011522992627,355.434854274443,445.826634802798,437.213272587927,475.825627364006,453.079677999798,151.763114155504,713.405440710665,374.425333227123
gene-b1681,520.947317444704,467.158101597024,407.798767180436,789.957917178416,483.905283530265,495.451861656969,621.717273620032,703.242287501215,657.855864344686,212.875777573828,962.743395181758,403.705039379955
gene-b1682,285.949126341904,221.077636812113,191.221701708961,378.85736844271,240.882054854668,267.33589950473,329.658807531297,359.493258909203,372.949865951799,75.3722848825995,512.833900047799,158.820224283543
gene-b1683,811.055703806126,661.91697212198,619.093465201388,1195.68460253196,791.163726833775,808.410953592147,927.766564431581,1037.3698420105,1123.79588254972,223.061221476882,1391.4159036573,409.028622316833
gene-b1684,127.897245600197,105.275065148625,91.9131936391139,154.050750288761,169.1527318535,132.86754286762,106.680038511454,149.570188013318,152.345568585085,37.6861424412997,166.749673021677,67.4320505337946
gene-b4430,7.27870503415754,6.57969157178906,10.5647349010476,10.7477267643322,21.4117382093038,15.2077308101493,3.49770618070341,0.874679462066187,3.95702775545676,24.4450653673296,5.50588542996103,7.98537440531779
gene-b1685,251.635231180875,290.822367473077,228.198273862628,389.605095207042,280.49377054188,248.926541155602,64.7075643430132,52.4807677239712,51.4413608209378,150.744569765199,89.6672770022225,163.256543397608
gene-b1686,332.740801561488,263.187662871563,229.254747352732,190.772150066896,168.082144943035,220.912300189537,138.159394137785,181.933328109767,192.905103078517,159.911469277948,156.524457223178,153.496641346664
gene-b1687,5359.20653514971,5253.22575091639,4511.14180274731,3091.76273253956,3181.78429790254,3305.68043399561,1794.32327070085,1915.54802192495,2133.82721713006,1458.55556691733,2155.16086829903,1695.56116539581
gene-b1688,478.314902244639,465.842163282666,514.502589681017,574.107737994745,482.8346966198,664.337714338101,632.210392162142,599.155431515338,554.97314270281,650.84986540515,589.916296067253,541.230931915983
gene-b4431,4.1592600195186,0.0,0.0,3.58257558811073,2.14117382093038,1.6008137694894,0.0,1.74935892413237,2.96777081659257,12.2225326836648,1.57311012284601,0.0
gene-b1689,5.19907502439825,6.57969157178906,6.33884094062854,9.85208286730451,4.28234764186076,4.8024413084682,1.74885309035171,2.62403838619856,3.95702775545676,5.09272195152699,17.3042113513061,7.0981105825047
gene-b1690,9.35833504391684,9.21156820050469,6.33884094062854,8.95643897027683,7.49410837325632,12.0061032711705,3.49770618070341,6.12275623446331,6.92479857204932,5.09272195152699,16.5176562898831,12.4216935193832
gene-b1691,5.19907502439825,2.63187662871563,4.22589396041903,11.6433706613599,13.9176298360475,15.2077308101493,3.49770618070341,0.0,3.95702775545676,10.185443903054,4.71933036853803,8.87263822813087
gene-b1692,12.4777800585558,15.7912597722938,10.5647349010476,23.2867413227198,16.0588036569778,16.8085445796387,9.61869199693439,8.74679462066187,5.93554163318513,23.4265209770242,11.0117708599221,21.2943317475141
gene-b1693,454.399157132407,401.361185879133,433.15413094295,313.475363959689,296.552574198857,383.394897792711,239.592873378184,268.52659485432,300.734109414713,253.617553186044,329.566570736239,275.93904889487
gene-b1694,15.5972250731947,19.7390747153672,24.2988902724094,31.3475363959689,33.1881942244209,48.8248199694267,15.7396778131654,17.4935892413237,20.774395716148,38.7046868316051,16.5176562898831,35.4905529125235
gene-b1695,21.8361151024726,17.1071980866516,17.9600493317809,42.9909070573288,21.4117382093038,52.0264475084055,13.9908247228137,19.2429481654561,20.774395716148,40.7417756122159,24.3832069041131,39.9268720265889
gene-b1696,46.7916752195842,71.0606689753219,64.4448828963902,60.0081411008548,46.0352371500031,73.6374333965124,27.1072229004515,45.4833320274417,53.4198746986662,50.9272195152699,50.3395239310723,39.0396082037758
gene-b1697,5.19907502439825,5.26375325743125,3.16942047031427,7.16515117622146,6.42352146279113,12.8065101559152,4.37213272587927,0.874679462066187,1.97851387772838,10.185443903054,8.65210567565305,13.3089573421963
gene-b1698,9.35833504391684,14.4753214579359,8.45178792083806,14.3303023524429,10.7058691046519,16.008137694894,12.2419716324619,13.994871393059,8.9033124497777,11.2039882933594,11.7983259213451,15.9707488106356
gene-b1699,27.0351901268709,22.3709513440828,12.6776818812571,20.5998096316367,14.9882167465126,32.8166822745327,14.8652512679895,13.1201919309928,16.8173679606912,8.14835512244319,14.1579911056141,14.1962211650094
gene-b1700,6.2388900292779,2.63187662871563,6.33884094062854,7.16515117622146,1.07058691046519,9.6048826169364,1.74885309035171,5.24807677239712,0.989256938864189,6.11126634183239,6.29244049138404,1.77452764562617
gene-b1701,28.0750051317505,26.3187662871563,28.5247842328284,16.1215901464983,23.5529120302342,24.012206542341,13.9908247228137,11.3708330068604,12.8603402052345,16.2967102448864,11.7983259213451,17.7452764562617
gene-b1702,2544.4273169405,1767.30515618254,2306.28162889869,2621.54968660003,2419.52641765133,2652.54841604394,1338.74704066423,1395.98842145764,1417.60519339238,1649.02336790444,797.566832282927,1361.06270419528
gene-b1703,695.636238264485,559.27378360207,631.771147082645,722.78462490134,628.434516443066,749.981251005784,409.231623142299,395.355116853917,409.552372689774,608.071001012323,486.87758302084,532.358293687852
gene-b1704,927.514984352647,700.079183238356,830.388163222339,1147.31983209246,1190.49264443729,1050.13383278505,813.216687013544,506.439408536322,557.940913519403,743.537404922941,361.815328254582,805.635551114283
gene-b1705,47.8314902244639,23.6868896584406,24.2988902724094,96.7295408789898,74.9410837325632,56.8288888168737,123.294142869795,140.823393392656,117.721575724838,30.556331709162,117.196704152028,51.4613017231591
gene-b1706,945.191839435601,775.087667156752,801.863378989511,1625.59367310524,1383.19828832102,1036.52691574439,786.983890658268,797.707669404363,730.071620881771,1019.5629346957,820.376929064194,1020.35339623505
gene-b1707,224.600041054004,276.347046015141,294.756103739227,266.90188131425,250.517337048854,307.356243741965,181.006294851402,169.68781564084,245.335720838319,271.951352211541,335.859011227623,300.782435933637
gene-b1708,442.961192078731,444.787150252941,497.599013839341,471.108689836561,391.834809230259,569.889701938227,379.50112060632,418.096782867638,457.036705755255,390.102501486968,532.497776583374,438.308328469665
gene-b1709,476.235272234879,500.056559455969,525.067324582064,478.273841012783,614.516886607018,441.824600379075,290.309612998383,282.521466247378,321.508505130861,333.064015629865,309.902694200664,319.414976212711
gene-b1710,455.438972137286,392.149617678628,438.436498393474,320.640515135911,344.728985169791,325.765602091093,243.090579558887,227.416660137209,263.142345737874,347.323637094141,262.709390515284,243.997551273599
gene-b1711,224.600041054004,221.077636812113,193.334648689171,245.406427785585,194.846817704664,229.716775921729,271.94665554969,258.905120771591,260.174574921282,326.952749288033,300.464033463588,242.223023627973
gene-b1712,2304.2300508133,1688.34885732107,1873.12749795573,2218.50993293757,2913.06698337578,1963.39808827875,2452.76645921827,2747.36819034989,2308.92569530902,3500.73706947965,2461.13078719258,2447.96088714131
gene-b1713,7587.5300906068,8625.97565061546,7309.74007803482,9015.55146748066,8858.03609718897,7070.79441983468,11365.7962341957,9322.33370670142,9304.95076695656,10239.4267557402,8966.72770022225,9263.92157399145
gene-b1714,4085.43315417214,4775.5401428045,4099.11714160646,4949.32817497498,5036.04082682825,3854.75955693048,5361.98357501833,4124.98834310414,4323.05282283651,4691.41546174667,3703.10122917951,4952.70665894265
gene-b1715,58.2296402732604,23.6868896584406,43.315413094295,39.408331469218,39.611715687212,40.020344237235,27.1072229004515,45.4833320274417,43.5273053100243,71.2981073213779,30.6756473954972,20.407067924701
gene-b1716,28365.1135181119,34165.7064556719,32177.0130881206,34041.6332382282,38041.1646895596,29606.2502598217,56829.8555975239,44715.3634597476,47905.7565214372,58354.4452093769,45080.6167903981,52823.2516911772
gene-b1717,46806.2326296525,63675.6231551459,59738.2934979735,59181.4617838982,54742.3204928165,49032.1253525756,78317.1390921301,58738.2245955927,66608.6482076036,80010.7360360503,66956.2861586947,88953.5218199489
gene-b1718,13702.682134304,14270.0350808961,14153.5753469334,18107.2326662087,15505.3102242673,15892.8791034908,24147.2890450312,23257.7268963399,21531.1772743791,29665.1053676447,20600.6636137299,26050.0658377922
gene-b1719,18144.7718351499,20291.7688073975,19623.9950786959,22549.626395466,21035.9622037305,19358.6409144353,21959.4738290012,18187.2100547422,19855.3760199431,22840.8579525986,23853.8553477755,24578.0951557453
gene-b4535,5.19907502439825,2.63187662871563,1.05647349010476,5.3738633821661,5.35293455232595,4.0020344237235,0.0,2.62403838619856,0.0,2.0370887806108,3.14622024569202,0.887263822813087
gene-b1722,1075.16871504556,1163.28946989231,1095.56300923863,1539.61185899059,1063.09280209193,971.693958080066,1528.49760096739,977.891638589997,839.879141095696,1379.10910447351,622.95160864702,1210.22785431705
gene-b1723,193.405590907615,201.338562096745,230.311220842837,592.020615935298,451.78767621631,695.553582843144,373.380134790089,462.705435433013,408.56311575091,489.919851736897,594.635626435791,518.162072522843
gene-b1724,115.419465541641,98.695373576836,114.099136931314,113.746774922516,87.7881266581455,131.266729098131,27.9816494456273,38.4858963309122,44.5165622488885,60.0941190280185,70.7899555280704,70.981105825047
gene-b1725,604.132517835076,700.079183238356,735.305549112911,491.708499468198,564.199301815155,586.698246517865,139.908247228137,162.690379944311,194.883616956245,224.079765867188,840.827360661192,310.542337984581
gene-b1726,344.178766615164,330.300516903811,367.652774556455,449.613236307897,383.270113946538,437.822565955351,359.389310067276,319.258003654158,355.143241052244,474.641685882316,358.66910800889,392.170609683385
gene-b1727,726.830688410875,636.914144149181,689.877189038406,666.359059388596,592.03456148725,739.575961504103,765.997653574048,790.710233707833,809.212175990907,795.483168828516,613.512947909944,700.938420022339
gene-b1728,40.5527851903063,43.4259643738078,38.0330456437713,87.7731019087129,62.094040806981,92.0467917456405,76.0751094302993,65.600959654964,42.5380483711601,94.7246282984021,75.5092858966084,118.893352256954
gene-b1729,498.071387337352,347.407714990463,429.984710472636,1020.13839871453,1017.05756494193,684.347886456719,442.459831858982,271.150633240518,729.082363942907,481.771496614453,303.61025370928,652.138909767619
gene-b1730,0.0,7.89562988614688,2.11294698020951,16.1215901464983,4.28234764186076,8.004068847447,3.49770618070341,1.74935892413237,6.92479857204932,7.12981073213779,2.35966518426901,11.5344296965701
gene-b1731,17.676855082954,18.4231364010094,19.0165228218856,33.1388241900243,19.2705643883734,28.0142409660645,29.730502535979,30.6137811723166,36.602506737975,50.9272195152699,33.8218676411892,40.814135849402
gene-b1732,1173.95114050912,1350.15271053112,1418.84389721069,1022.82533040561,1263.29255434892,1114.16638356462,96.1869199693439,133.825957696127,152.345568585085,157.874380497337,121.129479459143,291.909797705506
gene-b1733,45.7518602147046,47.3737793168813,71.8401973271235,91.3556774968237,54.5999324337246,72.036619627023,48.9678865298478,55.1048061101698,69.2479857204932,75.3722848825995,84.1613915722615,85.1773269900564
gene-b1734,31.1944501463895,32.8984578589453,24.2988902724094,61.7994288949101,37.4705418662816,66.4337714338101,36.7259148973858,44.6086525653756,46.4950761266169,68.2424741504617,63.7109599752634,82.5155355216171
gene-b1735,98.7824254635667,115.802571663488,90.8567201490091,145.094311318485,97.4234088523322,118.460218942216,98.8101996048714,138.199355006458,143.442256135307,140.559125862145,172.255558451638,129.540518130711
gene-b1736,48.8713052293435,78.9562988614688,54.9366214854474,63.5907166889655,66.3763884488417,64.8329576643207,88.3170810627612,103.21217652381,91.0116383755054,110.002794152983,135.287470564757,104.697131091944
gene-b1737,111.260205522122,140.805399636286,124.663871832361,141.511735730374,93.1410612104714,153.678121870982,140.782673773312,132.95127823406,160.259624095999,178.245268303445,239.899293734016,173.016445448552
gene-b1738,153.892620722188,235.552958270049,248.271270174618,197.937301243118,174.505666405826,161.682190718429,194.122693029039,208.173711971753,229.507609816492,220.005588305966,366.53465862312,258.193772438608
gene-b1739,216.281521014967,235.552958270049,236.650061783466,130.764008966042,173.435079495361,152.877714986238,48.9678865298478,90.9666640548835,45.5058191877527,61.1126634183239,92.0269421864915,62.9957314197292
gene-b1740,2659.84678248214,2880.58897012925,2835.57484744117,2053.71145588448,1654.05677666872,1895.36350307545,1220.69945706549,1082.85317403794,1102.03222989471,1234.47580105014,1536.92859002055,1469.30889057847
gene-b1741,101.901870478206,59.2172241461016,79.2355117578568,128.972721171986,115.62338633024,88.8451642066617,77.823962520651,79.595831048023,62.3231871484439,94.7246282984021,122.702589581989,94.9372290410004
gene-b1742,1353.8391363533,1560.70284082837,1584.71023515714,781.001478208139,716.222643101211,486.647385924778,6.99541236140683,6.9974356965295,8.9033124497777,15.278165854581,11.0117708599221,21.2943317475141
gene-b1743,217.321336019847,201.338562096745,154.245129555295,145.094311318485,196.987991525595,174.488700874345,111.926597782509,111.084291682406,132.560429807801,145.651847813672,114.837038967759,167.692862511674
gene-b1744,1397.51136655825,927.736511622258,672.97361319673,154.050750288761,271.929075258158,72.8370265117677,20.1118105390446,62.9769212687655,76.1727842925425,21.3894321964134,47.9798587468033,21.2943317475141
gene-b1745,4210.2109547577,3166.1475843449,2199.5778063981,527.534255349305,870.387158208199,223.313520843771,56.8377254364305,148.695508551252,212.690241855801,70.2795629310725,96.7462725550296,109.13345020601
gene-b1746,3648.71085212269,3483.28871810513,2189.01307149706,528.429899246333,877.881266581455,209.706603803111,48.9678865298478,146.946149627119,167.184422668048,61.1126634183239,106.971488353529,111.795241674449
gene-b1747,7067.62258816698,6040.15686290236,3906.83896640739,924.304501732569,1561.98630236871,349.777808633434,84.8193748820578,261.52915915779,293.809310842664,106.947160982067,151.018571793217,220.041428057646
gene-b1748,9942.7110766592,8966.80367403414,5925.75980599758,1403.47398664238,2191.49140572224,470.639248229884,143.40595340884,329.754157198953,369.982095135207,132.410770739702,158.097567346024,331.836669732095
gene-b1749,779.861253659737,786.931111985972,926.527250821872,863.400716734686,997.787000553556,807.610546707402,1075.5446505663,869.43138529379,896.266786610955,1097.99085274922,574.185194838793,990.186426259405
gene-b1750,22.8759301073523,27.6347046015141,27.4683107427237,54.6342777186887,29.9764334930253,33.6170891592774,18.3629574486929,6.9974356965295,14.8388540829628,17.3152546351918,11.0117708599221,11.5344296965701
gene-b1751,17.676855082954,13.1593831435781,21.1294698020951,18.8085218375813,20.3411512988386,16.008137694894,17.4885309035171,11.3708330068604,18.7958818384196,16.2967102448864,14.9445461670371,19.5198041018879
gene-b1752,18.7166700878337,23.6868896584406,22.1859432921999,17.9128779405537,16.0588036569778,19.2097652338728,13.9908247228137,14.8695508551252,9.89256938864189,18.3337990254972,13.3714360441911,21.2943317475141
gene-b1753,58.2296402732604,44.7419026881656,34.863625173457,39.408331469218,44.9646502395379,52.8268543931502,38.4747679877376,45.4833320274417,55.3983885763946,39.7232312219105,38.5411980097272,44.3631911406544
gene-b1754,115.419465541641,127.646016492708,120.437977871942,116.433706613599,109.199864867449,129.665915328641,83.0705217917061,115.457688992737,102.882721641876,107.965705372372,95.1731624321836,106.47165873757
gene-b1755,37.4333401756674,34.2143961733031,40.1459926239808,44.7821948513841,25.6940858511645,49.6252268541714,34.9770618070341,43.7339731033094,30.6669651047899,37.6861424412997,37.7546429483042,31.9414976212711
gene-b1756,41.592600195186,25.0028279727984,49.6542540349236,45.6778387484118,38.5411287767468,51.2260406236608,41.972474168441,47.2326909515741,54.4091316375304,36.6675980509943,26.7428720883822,28.3924423300188
gene-b1757,69.6676053269365,69.7447306609641,67.6143033667045,44.7821948513841,40.6823025976772,64.8329576643207,41.972474168441,55.1048061101698,64.3017010261723,24.4450653673296,51.9126340539183,33.7160252668973
gene-b1758,56.1500102635011,40.7940877450922,54.9366214854474,55.5299216157163,59.9528669860506,68.8349920880442,60.3354316171339,55.979485572236,56.3876455152588,93.7060839080967,70.7899555280704,58.5594123056638
gene-b1759,73.8268653464551,65.7969157178907,70.7837238370187,72.5471556592423,80.2940182848892,88.044757321917,109.303318146982,74.3477542756259,85.0760967423202,85.5577287856535,96.7462725550296,108.246186383197
gene-b1760,518.867687434945,443.471211938583,563.100370225836,149.572530803623,98.4939957627974,151.276901216748,11.3675450872861,9.62147408272806,10.8818263275061,17.3152546351918,22.8100967812671,23.9561232159534
gene-b1761,3903.4655283182,3470.12933496155,2610.54599404885,1655.14992170716,1882.0917885978,1247.83433331699,233.471887561953,258.030441309525,301.723366353578,801.594435170349,778.689510808775,833.140729621489
gene-b1762,64.4685303025383,72.3766072896797,69.727250346914,97.6251847760174,59.9528669860506,81.6415022439594,62.0842847074856,66.4756391170302,102.882721641876,89.6319063468751,53.4857441767643,75.4174249391124
gene-b1763,2179.45225022774,2226.56762789342,2211.19901478926,2085.05899228045,2469.84400244319,1679.25364419438,2427.40808940817,2364.2585859649,2255.50582061035,2133.85049768981,2209.43316753722,1997.23086515226
gene-b1764,2368.69858111584,2384.48022561636,2406.64661045864,2274.03985455329,2267.50307636527,1967.40012270247,2056.65123425361,2114.10025981397,1941.9113709904,2300.8917776999,2586.19304195884,2114.34968976359
gene-b1765,712.27327834256,642.177897406613,597.963995399293,610.82913777288,574.905170919807,565.887667514503,501.046410385764,711.989082121876,461.982990449576,745.574493703552,742.507977983316,716.909168832975
gene-b1766,1523.32898214869,1325.14988255832,1160.00789213502,1438.40409862646,1339.30422499195,1070.14400490366,1566.97236895513,1441.47175348508,1477.9498666631,1214.10491324404,1493.66806164229,1307.82687482649
gene-b1767,1077.24834505532,919.840881736111,951.882614584386,1025.5122620967,978.516436165183,870.042283717489,1365.85426356468,1313.76855202341,1149.51656296019,1311.88517471335,795.993722160081,1125.93779114981
gene-b1768,1074.12890004068,1286.98767144194,1256.14697973456,1230.61471451604,1121.97508216752,1113.36597667988,1506.636937338,1178.19323540315,1282.07699276799,1375.03492691229,916.3366465578,1369.93534242341
gene-b1769,36.3935251707877,51.3215942599547,65.5013563864949,72.5471556592423,38.5411287767468,110.456150094769,124.168569414971,109.334932758273,119.700089602567,67.2239297601563,88.8807219407995,66.5447867109816
gene-b1770,149.73336070267,240.81671152748,236.650061783466,209.580671904478,115.62338633024,271.337933928453,378.626694061145,362.991976757468,342.282900847009,175.189635132529,282.373267050859,205.845206892636
gene-b1771,51.9907502439825,52.6375325743125,51.7672010151331,51.9473460276056,52.4587586127943,80.04068847447,32.3537821715066,62.9769212687655,79.1405551091351,70.2795629310725,52.6991891153413,69.2065781794208
gene-b1772,54.0703802537418,72.3766072896797,30.637731213038,51.9473460276056,67.4469753593069,48.8248199694267,27.1072229004515,38.4858963309122,66.2802149039007,41.7603200025213,63.7109599752634,50.574037900346
gene-b1773,37.4333401756674,30.2665812302297,27.4683107427237,35.8257558811073,26.7646727616297,36.0183098135115,18.3629574486929,43.7339731033094,65.2909579650365,21.3894321964134,39.3277530711502,34.6032890897104
gene-b1774,32.2342651512691,69.7447306609641,45.4283600745046,38.5126875721904,24.6234989406993,41.6211580067244,41.0980476232651,57.7288444963684,62.3231871484439,31.5748760994674,42.4739733168422,22.1815955703272
gene-b1775,33.2740801561488,53.9534708886703,50.7107275250283,13.4346584554152,16.0588036569778,19.2097652338728,42.8469007136168,54.2301266481036,63.3124440873081,16.2967102448864,69.2168454052244,25.7306508615795
gene-b1776,42.6324152000656,90.7997436906891,55.9930949755521,29.5562486019135,28.9058465825601,44.8227855457032,45.4701803491444,75.2224337376921,71.2264995982216,50.9272195152699,82.5882814494155,42.5886634950282
gene-b1777,945.191839435601,990.901550711433,1001.53686861931,1117.76358349055,1111.26921306287,913.264255493703,850.817028456106,978.766318052064,883.406446405721,1250.77251129503,506.541459556415,794.988385240526
gene-b1778,3103.84778956575,3846.48769286789,3818.09519323859,3749.16535295788,3593.96025843164,3195.22428390084,2667.00096278635,2380.0028162821,2697.70367228264,3260.36059336758,1370.9654720603,3561.47698477173
gene-b1779,153604.591965836,173672.274975687,168944.901696612,176203.606437844,188623.49599413,207449.456388131,127501.008978636,121496.475998842,135487.6410899,104708.400412176,142950.08997314,136407.940119284
gene-b1780,2103.54575487153,1721.24731518002,1779.10135733641,1715.15806280801,1661.55088504197,1618.42272095378,1069.42366475007,1696.8781564084,1834.08236465421,894.28197468814,1067.35521835102,946.710498941564
gene-b1781,101.901870478206,75.0084839183953,66.5578298765997,137.929160142263,101.705756494193,100.851267477832,104.931185421102,132.076598771994,120.689346541431,199.634700499858,178.547998943022,173.903709271365
gene-b1782,3354.44320574175,2996.39154179274,3959.66264091263,4306.2558569091,3508.31330559442,4243.7573029164,5598.07874221581,5447.50368974821,4748.43330654811,5901.44619742948,3304.31781303804,3943.00042858136
gene-b1783,5298.89726486669,4604.46816193799,3882.54007613498,1697.24518486746,2028.76219533153,1476.75070235397,281.565347546625,266.777235930187,277.981199820837,361.583258558416,540.363327197604,715.134641187348
gene-b1784,1420.3872966656,1271.19641166965,1035.34402030266,510.517021305779,616.658060427949,332.168857169051,60.3354316171339,50.7314087998389,69.2479857204932,84.5391843953481,141.579911056141,188.987194259188
gene-b1785,19.7564850927133,35.530334487661,25.3553637625142,19.704165734609,13.9176298360475,25.6130203118304,11.3675450872861,11.3708330068604,9.89256938864189,21.3894321964134,7.86555061423005,32.8287614440842
gene-b1786,215.241706010087,159.228536037295,162.696917476133,309.892788371578,203.411512988386,404.205476796074,320.914542079538,242.286210992334,310.626678803355,513.346372713921,169.895893267369,404.592303202768
gene-b1787,326.50191153221,310.561442188444,364.483354086141,416.474412117873,321.176073139557,467.437620690905,303.426011176021,293.892299254239,314.583706558812,396.2137678288,372.040544053081,328.287614440842
gene-b1788,6.2388900292779,1.31593831435781,9.50826141094281,7.16515117622146,9.6352821941867,11.2056963864258,3.49770618070341,1.74935892413237,1.97851387772838,2.0370887806108,3.93277530711502,7.0981105825047
gene-b1789,101.901870478206,81.5881754901844,72.8966708172282,125.390145583876,95.2822350314018,116.859405172726,88.3170810627612,83.0945488962878,84.0868398034561,153.800202936115,121.916034520566,125.104199016645
gene-b1790,79.0259403708533,105.275065148625,119.381504381838,146.88559911254,125.258668524427,197.700500531941,95.312493424168,84.8439078204202,99.9149508252831,94.7246282984021,127.421919950527,112.682505497262
gene-b1791,76.946310361094,75.0084839183953,81.3484587380663,98.5208286730451,80.2940182848892,70.4358058575336,90.9403606982888,67.3503185790964,79.1405551091351,106.947160982067,61.3512947909944,128.653254307898
gene-b1792,77.9861253659737,55.2694092030281,77.1225647776473,75.2340873503254,95.2822350314018,68.0345852032995,43.7213272587927,60.3528828825669,50.4521038820736,70.2795629310725,86.5210567565305,52.3485655459722
gene-b1793,166.370400780744,117.118509977845,114.099136931314,142.407379627402,102.776343404658,127.264694674407,97.9357730596956,109.334932758273,121.678603480295,135.466403910618,126.635364889104,111.795241674449
gene-b1794,918.15664930873,1194.87198943689,1078.65943339696,1226.1364950309,1155.16327639194,914.865069263192,733.643871402541,642.014725156581,732.0501347595,877.985264443254,773.970180440237,936.063333067807
gene-b4676,54.0703802537418,85.5359904332578,61.2754624260759,77.0253751443807,64.2352146279113,64.8329576643207,58.5865785267822,76.0971131997583,53.4198746986662,89.6319063468751,80.2286162651465,105.584394914757
gene-b4675,19.7564850927133,17.1071980866516,24.2988902724094,28.6606047048859,14.9882167465126,29.6150547355539,42.8469007136168,64.7262801928979,46.4950761266169,72.3166517116833,48.7664138082263,55.8976208372245
gene-b1795,169.489845795383,159.228536037295,192.278175199066,152.259462494706,148.811580554661,169.686259565876,42.8469007136168,40.2352552550446,27.6991942881973,91.6689951274859,53.4857441767643,55.0103570144114
gene-b1796,2.0796300097593,2.63187662871563,1.05647349010476,5.3738633821661,8.56469528372151,8.004068847447,3.49770618070341,2.62403838619856,0.989256938864189,4.07417756122159,3.93277530711502,5.32358293687852
gene-b1797,2.0796300097593,3.94781494307344,6.33884094062854,7.16515117622146,12.8470429255823,4.8024413084682,3.49770618070341,2.62403838619856,0.989256938864189,1.0185443903054,7.86555061423005,1.77452764562617
gene-b1798,184.047255863698,239.500773213122,212.351171511056,185.39828668473,130.611603076753,193.698466108217,306.923717356725,346.37306697821,359.100268807701,305.56331709162,353.163222578929,225.365010994524
gene-b1799,279.710236312626,455.314656767803,501.82490779976,105.685979849267,89.9293004790759,148.875680562514,282.439774091801,412.84870609524,366.02506737975,85.5577287856535,696.101229359359,70.0938420022339
gene-b1800,64.4685303025383,55.2694092030281,86.6308261885901,34.034468087052,59.9528669860506,76.8390609354912,41.0980476232651,50.7314087998389,42.5380483711601,37.6861424412997,51.1260789924953,49.6867740775329
gene-b1801,25.9953751219912,25.0028279727984,31.6942047031427,6.26950727919378,10.7058691046519,18.4093583491281,30.6049290811549,35.8618579447137,31.656222043654,18.3337990254972,40.1143081325732,14.1962211650094
gene-b1802,38.473155180547,40.7940877450922,27.4683107427237,23.2867413227198,17.129390567443,40.020344237235,19.2373839938688,47.2326909515741,59.3554163318513,24.4450653673296,33.8218676411892,24.8433870387664
gene-b1803,16.6370400780744,11.8434448292203,13.7341553713618,15.2259462494706,7.49410837325632,17.6089514643834,8.74426545175853,19.2429481654561,26.7099373493331,11.2039882933594,25.9563170269592,12.4216935193832
gene-b1804,964.948324528315,1161.97353157795,889.550678668206,1112.38972010838,1203.33968736287,749.180844121039,1300.27227267649,935.032344948754,915.062668449375,1168.27041568029,865.997122626728,1384.13156358842
gene-b1805,823.533483864682,1139.60258023387,845.178792083806,638.594098580738,584.540453113993,554.681971128077,1035.32102948821,1102.97080166546,931.880036410066,1107.15775226197,537.217106951912,921.867111902798
gene-b1806,559.420472625251,460.578410025235,479.63896450756,743.384434532977,577.046344740737,593.101501595823,966.241332419318,780.214080163039,760.738585986561,1271.14339910114,562.386868917448,1084.23639147759
gene-b1807,546.942692566696,596.120056404089,551.479161834683,663.672127697513,703.375600175629,514.661626890842,967.115758964494,901.794525390239,767.663384558611,1242.62415617259,548.228877811834,935.176069244994
gene-b1808,433.602857034814,453.998718453445,408.855240670541,591.124972038271,580.258105472132,445.026227918053,555.260856186667,537.927869170705,519.359892903699,569.366314180718,526.20533609199,612.21203774103
gene-b1809,808.976073796367,784.299235357257,915.962515920824,798.018712251666,707.65794781749,796.404850320977,696.917956505155,749.600298990723,552.994628825082,810.761334683097,678.01046294663,787.890274658022
gene-b1810,106.061130497724,86.8519287476157,100.364981559952,90.460033599796,101.705756494193,156.079342525217,55.9632988912546,71.7237158894274,78.1512981702709,119.169693665732,70.7899555280704,116.231560788514
gene-b1811,44.7120452098249,31.5825195445875,36.9765721536665,48.3647704394949,50.3175847918639,64.032550779576,44.5957538039685,62.1022418066993,44.5165622488885,111.021338543288,58.2050745453023,64.7702590653554
gene-b1812,494.951942322713,627.702575948677,666.634772256102,641.281030271821,587.752213845389,649.930390412697,646.201216884956,474.076268439874,552.994628825082,430.844277099184,300.464033463588,501.304059889394
gene-b1813,232.918561093041,251.344218042342,269.400739976713,254.362866755862,214.117382093038,257.731016887793,219.481062839139,198.552237889025,198.840644711702,191.486345377415,223.381637444133,196.085304841692
gene-b1814,3102.80797456087,2962.17714561944,2963.40813974384,3272.68279973915,3483.68980665373,3236.04503502282,3877.20730130973,3635.16784434707,3760.16562462278,4619.09881003498,2896.88229122093,4604.01197657711
gene-b1815,77.9861253659737,65.7969157178907,72.8966708172282,102.999048158184,95.2822350314018,104.853301901556,46.3446068943202,50.7314087998389,42.5380483711601,78.4279180535157,49.5529688696493,95.8244928638134
gene-b1816,523.026947454464,557.957845287713,628.60172661233,615.307357258018,543.858150516316,690.751141534676,816.714393194247,1057.48746963802,1147.53804908246,423.714466367046,858.918127073921,472.911617559376
gene-b4751,10.3981500487965,14.4753214579359,15.8471023515714,5.3738633821661,6.42352146279113,8.004068847447,14.8652512679895,14.8695508551252,13.8495971440986,5.09272195152699,14.9445461670371,7.98537440531779
gene-b1817,18097.9801599303,31223.2683847678,27525.3603111893,4519.41910440169,10487.469374917,6737.02474889614,16598.3646805281,17995.6552525497,16149.6195269579,5082.53650762394,28252.2712512529,7379.37321433645
gene-b1818,21794.5225022774,34605.2298526674,26530.1622835107,5235.93422202383,12924.1251831358,8662.00330670715,13472.2897815244,16576.9251650784,16113.0170202199,5120.22265006524,24893.6811389767,7572.7967277097
gene-b1819,13793.1460397285,16484.7592639603,13052.7299702443,3084.59758136334,7437.36726700167,5398.744437603,8181.13475666529,13981.751201128,12543.7779847979,4035.47287438999,15735.8205588286,4988.19721185518
gene-b1820,615.570482888752,1413.31774962029,1138.87842233293,199.728589037173,260.152619243041,217.710672650558,661.940894698121,704.116966963281,732.0501347595,203.70887806108,836.108030292654,275.051785072057
gene-b1821,66.5481603122976,128.961954807066,144.736868144352,52.8429899246333,53.5293455232595,105.6537087863,193.248266483864,123.329804151332,91.0116383755054,166.02273561978,133.714360441911,140.187684004468
gene-b1822,692.516793249846,822.461446473633,703.611344409768,681.585005638067,673.399166682604,521.865288853545,773.86749248063,650.761519777243,687.533572510611,840.299122001954,617.445723217059,776.355844961451
gene-b1823,28010.536601448,25710.802785923,20961.4905171685,14596.3085898601,12491.6080713078,10265.2182968508,12740.3947632122,15801.9591616877,19544.7493411398,17954.9005123036,16861.3808517249,14007.2339707502
gene-b1824,4816.42310260254,4824.22986043574,3758.93267779273,2076.10255331017,1826.42126925361,1855.34315883822,2391.55660105596,4837.85210468808,3214.09579436975,3206.37774068139,3577.25241935183,2033.6086818876
gene-b1825,1199.94651563112,902.73368364946,945.543773643758,1785.9139306732,1449.57467676987,1516.77104659121,1247.80667996594,1046.99131609323,1041.68755662399,2461.82179136815,1282.0847501195,1954.64220165723
gene-b1826,870.325159084266,742.189209297807,679.312454137359,1182.24994407654,1235.45729467683,994.905757737662,644.452363794604,563.293573570625,481.76812922686,1137.71408397113,753.519748843238,1076.25101707228
gene-b4536,75.9064953562144,53.9534708886703,86.6308261885901,112.851131025488,114.552799419775,90.4459779761511,82.1960952465302,75.2224337376921,67.2694718427648,157.874380497337,81.0151713265695,118.893352256954
gene-b1827,1140.67706035298,1423.84525613515,1319.53538914084,1210.0149048844,1110.1986261524,1342.28234571686,1636.05206602402,1523.6916229193,1608.53178259317,1531.89076301932,1373.32513724457,1334.44478951088
gene-b1828,100.862055473326,128.961954807066,90.8567201490091,112.851131025488,150.952754375592,108.054929440535,47.2190334394961,40.2352552550446,23.7421665327405,91.6689951274859,38.5411980097272,107.358922560384
gene-b1829,2851.17274338,2294.99642024003,1994.62194931778,2700.36634953846,3101.49027961765,3952.40919686933,2840.13741873117,3379.76144142375,3750.27305523414,2738.86586553122,2185.04996063311,3362.7298884616
gene-b1830,7645.75973088006,8369.36767931569,7109.01011491491,8137.82044839353,8971.51830969828,5821.3592727482,7441.36989944651,6414.89917479342,7232.45748003609,6967.86217407923,5877.13941895269,7868.25558070646
gene-b1831,4511.7573061728,4128.09849214046,4130.8113463096,4693.17402042506,4848.68811749684,3780.32171664922,6643.89289024613,6234.71520560778,5808.91674501052,6203.95388135018,4609.99921500023,4791.22464319067
gene-b1832,1510.85120209013,1754.14577303896,1480.11935963676,1148.21547598949,1146.59858110822,1087.75295636805,986.353142958363,1076.73041780348,992.224709680781,789.371902486684,1226.23934075846,1010.59349418411
gene-b1833,170.529660800262,184.231364010094,172.205178887075,226.597905948004,209.835034451177,175.289107759089,165.266617038236,177.559930799436,145.420770013036,213.894321964134,192.705990048636,191.648985727627
gene-b1834,849.528858986673,809.302063330055,741.644390053539,993.2690818037,1030.97519477798,758.785726737976,750.257975760882,606.152867211868,713.25425292108,774.093736632103,713.405440710665,844.675159318059
gene-b1835,299.466721405339,265.819539500278,250.384217154827,308.101500577523,305.117269482579,274.539561467432,515.911661653754,443.462487267557,418.455685139552,560.199414667969,265.069055699553,400.155984088702
gene-b1836,669.640863142494,621.122884376888,513.446116190912,396.770246383264,425.02300345468,301.753395548752,150.401365770247,86.5932667445525,109.807520213925,151.763114155504,103.038713046414,173.903709271365
gene-b1837,18.7166700878337,31.5825195445875,35.9200986635617,32.2431802929966,21.4117382093038,40.020344237235,22.7350901745722,24.4910249378532,17.8066248995554,24.4450653673296,25.9563170269592,24.8433870387664
gene-b1838,25.9953751219912,28.9506429158719,21.1294698020951,43.8865509543565,49.2469978813987,39.2199373524903,9.61869199693439,13.994871393059,17.8066248995554,25.463609757635,10.2252157984991,25.7306508615795
gene-b4432,511.588982400787,605.331624604594,521.89790411175,439.761153440592,327.599594602348,538.673833433183,348.896191525166,534.42915132244,494.628469432094,497.049662469034,619.018833339905,431.21021788716
gene-b4433,14.5574100683151,10.5275065148625,17.9600493317809,42.0952631603011,40.6823025976772,28.8146478508092,24.4839432649239,17.4935892413237,25.7206804104689,60.0941190280185,25.1697619655361,36.3778167353366
gene-b1839,625.968632937549,536.902832257988,551.479161834683,799.810000045721,903.57535243262,705.158465460081,675.931719420935,686.623377721957,794.373321907944,949.283371764631,976.901386287372,927.190694839676
gene-b1840,965.988139533194,972.478414310424,868.42120886611,1621.11545362011,1400.32767888847,1255.83840216443,934.761976792987,880.802218300651,876.481647833671,1122.43591811655,1516.47815842355,1318.47404070025
gene-b1841,909.838129269693,1221.19075572405,1086.05474782769,1746.50559920398,1241.88081613962,1399.91164141848,781.737331387213,612.275623446331,716.222023737673,1047.06363323395,1356.02092589326,1433.81833766595
gene-b1842,279.710236312626,305.297688931013,363.426880596036,373.483505060544,282.63494436281,262.533458196262,264.076816643108,201.176276275223,232.475380633084,220.005588305966,155.737902161755,181.889083676683
gene-b1843,291.148201366302,263.187662871563,267.287792996504,297.353773813191,247.305576317459,320.963160782625,250.085991920294,251.033005612996,263.142345737874,252.599008795739,232.820298181209,234.237649222655
gene-b1844,277.630606302866,239.500773213122,230.311220842837,271.380100799388,225.893838108155,265.73508573524,234.346314107129,235.288775295804,250.28200553264,262.784452698793,318.554799876317,227.13953864015
gene-b1845,754.905693542625,879.046793991019,783.90332965773,678.898073946984,762.257880251215,596.303129134802,336.654219892704,321.882042040357,386.799463095898,435.936999050711,464.067486239573,518.162072522843
gene-b1846,190.286145892976,186.863240638809,95.0826141094281,267.797525211277,246.234989406993,205.704569379388,92.6892137886405,125.953842537531,94.9686661309621,191.486345377415,188.773214741521,263.517355375487
gene-b1847,569.818622674048,518.479695856978,567.326264186255,815.931590192219,779.387270818658,777.195085087104,304.300437721197,333.252875047217,338.325873091553,818.90968980554,434.178393905499,1078.91280854071
gene-b1848,566.699177659409,690.867615037852,563.100370225836,1549.46394185789,1109.12803924194,1268.64491232035,741.513710309124,621.897097529059,514.413608209378,1463.64828886886,884.087889039457,2448.84815096412
gene-b1849,2466.44119157453,2237.09513440828,2661.25672157388,3258.35249738671,3368.06642032348,2633.33865081006,4978.98474823131,3900.19572135313,3611.77708379315,5154.85315933562,2310.11221539936,4117.79140167554
gene-b1850,1248.81782086046,1409.36993467722,1557.24192441441,1681.12359472096,1784.66837974547,1610.41865210634,1971.83185937155,1855.19513904238,1868.70635751445,2114.49815427401,1745.36568129765,1830.4252664634
gene-b1851,576.057512703326,585.592549889227,601.133415869607,617.098645052073,540.646389784921,610.710453060206,629.587112526615,699.74356965295,662.802149039007,644.738599063317,784.195396238736,542.118195738796
gene-b1852,4709.32215709993,4575.51751902212,4440.35807891029,4328.64695433479,4142.10075658982,3988.42750668284,4236.59661137701,4018.27744873206,4197.41719160075,4137.32731342053,4823.15563664586,4143.52205253712
gene-b1853,1389.19284651921,1879.15991290296,1769.59309592547,606.350918287741,583.469866203528,590.700280941589,1543.36285223538,1662.76565738782,1759.88809423939,694.647274188282,2559.45016987046,629.070050374479
gene-b1854,8028.41165267577,9322.10701891075,7711.20000427462,4637.64409880934,5654.84006107713,5068.97680108819,5125.01398127568,7084.90364273612,7983.303496634,4567.15304612941,8468.83834634149,4982.8736289183
gene-b1855,348.338026634682,281.610799272572,274.683107427237,369.900929472433,324.387833870952,367.386760097817,525.530353650688,600.030110977404,481.76812922686,545.939793203694,399.569971202886,475.573409027815
gene-b1856,1578.43917740731,1776.51672438305,1538.22540159253,1299.57929458717,1291.12781402102,987.70209577496,2030.41843789833,1854.32045958032,1996.32050262793,1358.7382166674,1566.0311272932,1388.56788270248
gene-b1857,1272.73356597269,1604.12880520217,1434.69099956226,1135.6764614311,1153.02210257101,897.256117798809,2189.56406912034,1688.13136178774,1757.90958036166,1349.57131715465,1667.49673021677,1580.21686843011
gene-b1858,347.298211629803,325.03676364638,368.70924804656,452.30016799898,360.787788826769,352.179029287668,466.943775123906,407.600629322843,370.971352074071,461.400608808346,378.332984544465,417.013996722151
gene-b1859,125.817615590438,90.7997436906891,78.179038267752,132.555296760097,97.4234088523322,98.4500468235981,170.513176309291,174.061212951171,147.399283890764,191.486345377415,139.220245871872,113.569769320075
gene-b1860,549.022322576455,507.952189342116,512.389642700807,862.505072837659,643.422733189579,769.991423124402,686.424837963045,713.738441046009,656.866607405821,1064.37888786914,874.649228302381,910.332682206228
gene-b1861,344.178766615164,339.512085104316,255.666584605351,553.507928363108,417.528895081424,474.641282653607,453.827376946268,428.592936412432,404.606087995453,770.019559070881,558.454093610333,763.934151442068
gene-b4677,0.0,2.63187662871563,1.05647349010476,1.79128779405537,0.0,0.0,0.874426545175853,0.0,0.0,1.0185443903054,0.0,0.887263822813087
gene-b1862,6.2388900292779,3.94781494307344,2.11294698020951,4.47821948513841,3.21176073139557,9.6048826169364,7.86983890658268,4.37339731033094,1.97851387772838,7.12981073213779,6.29244049138404,10.647165873757
gene-b1863,1552.44380228532,1614.65631171704,1694.58347812803,1988.32945140146,2331.73829099318,1608.81783833685,2694.98261223198,1751.10828305651,1841.00716322626,2594.23256210785,1854.69683483544,2461.2698444835
gene-b1864,1695.93827295871,1658.08227609084,1631.19506872174,2120.88474816155,1843.55065982106,1620.02353472327,3418.13336509241,3015.02010574215,2779.81199820837,3930.56280218853,2551.58461925623,2681.31127254115
gene-b1865,1090.76594011875,1047.48689822882,1124.08779347146,1250.31888025065,1351.08068100707,1031.72447443592,1797.82097688155,1373.24675544391,1410.68039482033,1984.12447231492,1255.34187803112,1607.72204693731
gene-b1866,6479.08729540509,6302.02858745957,5690.16621770422,7315.61935092211,7222.17929799817,6152.72772303251,9640.55266056379,7916.72381116106,7995.17457990037,11184.6359499436,6814.71305216891,8681.87650622606
gene-b1867,254.754676195514,196.074808839314,217.63353896158,206.893740213395,228.035011929085,243.323692962389,240.46729992336,253.657043999194,263.142345737874,252.599008795739,246.1917342254,236.899440691094
gene-b1868,326.50191153221,288.190490844361,333.845622873103,300.040705504274,299.764334930253,284.144444084369,313.919129718131,270.275953778452,314.583706558812,226.116854647798,270.574941129514,249.321134210478
gene-b1869,152.852805717308,131.593831435781,126.776818812571,153.155106391734,110.270451777914,158.480563179451,186.252854122457,145.196790702987,169.162936545776,153.800202936115,138.433690810449,157.045696637916
gene-b1870,479.354717249518,465.842163282666,519.784957131541,535.595050422554,567.41106254655,477.042503307841,797.477009200378,653.385558163442,620.264100667846,644.738599063317,448.336385011113,639.717216248236
gene-b1871,492.872312312954,501.372497770327,566.26979069615,626.05508402235,627.363929532601,621.916149446632,1001.21839422635,858.935231748996,797.341092724536,908.541596152415,558.454093610333,842.01336784962
gene-b1872,83.1852003903719,98.695373576836,84.5178792083806,120.911926098737,115.62338633024,168.885852681132,72.5774032495958,98.8387792134792,95.9579230698263,105.928616591761,111.690818722067,126.878726662271
gene-b1873,9.35833504391684,18.4231364010094,9.50826141094281,56.425565512744,22.482325119769,48.8248199694267,9.61869199693439,17.4935892413237,21.7636526550122,27.5006985382458,30.6756473954972,43.4759273178413
gene-b4717,0.0,0.0,0.0,0.0,0.0,0.8004068847447,0.0,0.0,0.0,0.0,0.0,0.0
gene-b1874,399.288961873785,397.413370936059,331.732675892894,466.630470351423,454.999436947705,457.032331189224,420.599168229586,453.083961350285,380.863921462713,472.604597101705,521.486005723452,509.289434294712
gene-b1875,131.016690614836,96.0634969481203,79.2355117578568,134.346584554152,109.199864867449,124.863474020173,156.522351586478,174.935892413237,140.474485318715,149.726025374894,144.726131301833,149.947586055412
gene-b1876,2367.65876611096,2317.36737158411,2447.84907657272,2888.45156791428,3244.94892561999,2769.40782121666,4755.13155266629,3904.56911866346,3720.59534706821,4692.43400613697,2073.35914191104,3696.34108583932
gene-b4778,35.3537101659081,48.6897176312391,36.9765721536665,60.0081411008548,48.1764109709335,44.0223786609585,6.12098581623097,4.37339731033094,0.0,18.3337990254972,7.07899555280704,21.2943317475141
gene-b1877,56.1500102635011,68.4287923466063,83.4614057182758,115.538062716571,90.9998873895411,76.8390609354912,46.3446068943202,29.7391017102504,58.3661593929871,67.2239297601563,35.3949777640352,73.6428972934863
gene-b1878,105.021315492845,81.5881754901844,71.8401973271235,112.851131025488,77.0822575534936,51.2260406236608,1.74885309035171,3.49871784826475,1.97851387772838,0.0,5.50588542996103,0.887263822813087
gene-b1879,2308.38931083282,1717.29950023695,1613.23501938996,2016.09441220931,1801.79777031291,1337.47990440839,59.461005071958,87.4679462066187,78.1512981702709,34.6305092703835,55.8454093610333,39.0396082037758
gene-b1880,1027.33722482109,847.464274446432,780.733909187416,685.167581226178,661.622710667487,571.490515707716,22.7350901745722,27.1150633240518,35.6132497991108,10.185443903054,15.7311012284601,7.98537440531779
gene-b1881,2905.24312363374,2600.29410917104,2735.20986588122,1112.38972010838,1609.09212642918,814.814208670105,20.9862370842205,20.9923070895885,19.7851387772838,23.4265209770242,16.5176562898831,15.9707488106356
gene-b1882,847.449228976914,705.342936495788,705.724291389978,343.031612561603,389.693635409329,225.714741498005,7.86983890658268,13.1201919309928,9.89256938864189,5.09272195152699,6.29244049138404,3.54905529125235
gene-b1883,1767.6855082954,1651.50258451906,1682.96226973688,851.757346073327,1034.18695550937,579.494584555163,5.24655927105512,10.4961535447942,7.91405551091351,8.14835512244319,3.93277530711502,5.32358293687852
gene-b1884,2279.27449069619,2046.2840788264,2190.06954498716,1102.53763724108,1260.08079361753,717.964975615996,10.4931185421102,20.1176276275223,12.8603402052345,3.0556331709162,11.7983259213451,7.98537440531779
gene-b1885,5709.62419179415,5980.93963875626,5600.36597104532,2872.32997776778,2585.46738877343,1964.99890204824,11.3675450872861,13.994871393059,11.8710832663703,7.12981073213779,8.65210567565305,5.32358293687852
gene-b1886,13894.0080952019,13429.1504980215,13551.3854575737,6505.06162411206,6121.61595403995,4519.89767815332,13.9908247228137,17.4935892413237,22.7529095938763,13.2410770739702,12.5848809827681,11.5344296965701
gene-b1887,5625.3991763989,5195.32446508465,6258.54895538058,2540.04609197051,2925.91402630136,2212.32462943435,32.3537821715066,39.3605757929784,39.5702775545676,19.3523434158026,21.2369866584211,34.6032890897104
gene-b1888,12266.6976125652,11994.7777353715,13100.271277299,6030.37035868739,6668.68586528766,4627.95260759386,61.2098581623098,48.1073704136403,69.2479857204932,39.7232312219105,25.9563170269592,32.8287614440842
gene-b1889,3694.46271233739,3391.17303610008,3333.17386128051,1789.49650626131,1893.86824461292,1086.9525494833,12.2419716324619,10.4961535447942,8.9033124497777,11.2039882933594,10.2252157984991,10.647165873757
gene-b1890,4430.65173579219,3618.83036448399,3817.03871974849,2018.7813439004,1843.55065982106,1343.88315948635,18.3629574486929,13.1201919309928,2.96777081659257,7.12981073213779,11.7983259213451,9.75990205094396
gene-b1891,1360.07802638258,1634.3953864324,1665.0022204051,1056.85979849267,1174.43384078031,1169.39445861201,181.006294851402,142.572752316789,145.420770013036,85.5577287856535,144.726131301833,107.358922560384
gene-b1892,1512.93083209989,2164.7185271186,1933.34648689171,1166.12835393004,1287.91605328962,1278.24979493729,201.992531935622,157.442303171914,155.313339401678,117.132604885121,191.13287992579,177.452764562617
gene-b1893,48.8713052293435,59.2172241461016,49.6542540349236,28.6606047048859,25.6940858511645,31.2158685050433,14.8652512679895,7.87211515859569,12.8603402052345,19.3523434158026,12.5848809827681,15.9707488106356
gene-b1894,170.529660800262,251.344218042342,201.786436610009,136.137872348208,113.48221250931,112.857370749003,51.5911661653754,22.7416660137209,37.5917636768392,37.6861424412997,44.0470834396883,62.9957314197292
gene-b1895,48.8713052293435,47.3737793168813,55.9930949755521,34.034468087052,17.129390567443,36.0183098135115,35.85148835221,72.5983953514936,61.3339302095797,65.1868409795455,317.768244814894,30.166969975645
gene-b1896,629.088077952188,550.062215401566,735.305549112911,576.794669685828,683.034448876791,635.523066487292,146.903659589543,158.31698263398,147.399283890764,174.171090742223,176.188333758753,233.350385399842
gene-b1897,349.377841639562,405.309000822206,363.426880596036,343.92725645863,361.858375737234,312.158685050433,49.8423130750237,56.8541650343022,71.2264995982216,75.3722848825995,87.3076118179535,101.148075800692
gene-b4460,55.1101952586214,38.1622111163766,38.0330456437713,29.5562486019135,18.1999774779082,37.6191235830009,12.2419716324619,20.1176276275223,15.828111021827,20.370887806108,34.6084227026122,15.9707488106356
gene-b1900,47.8314902244639,55.2694092030281,38.0330456437713,38.5126875721904,32.1176073139557,43.2219717762138,14.8652512679895,23.6163454757871,31.656222043654,21.3894321964134,40.1143081325732,30.166969975645
gene-b1901,101.901870478206,85.5359904332578,100.364981559952,60.0081411008548,48.1764109709335,57.6292957016184,19.2373839938688,25.3657043999194,40.5595344934317,26.4821541479404,81.8017263879925,38.1523443809628
gene-b1902,683.158458205929,965.898722738635,783.90332965773,808.766439015998,640.210972458183,935.675648266555,1073.79579747595,1183.44131217555,1536.31602605609,1262.99504397869,2219.65838333572,1375.25892536029
gene-b4537,406.567666907943,381.622111163766,395.121085299179,652.028757036153,705.51677399656,464.235993151926,760.751094302993,622.771776991125,621.253357606711,777.149369803019,370.467433930235,839.351576381181
gene-b4663,2.0796300097593,3.94781494307344,4.22589396041903,12.5390145583876,1.07058691046519,6.4032550779576,0.874426545175853,1.74935892413237,0.0,11.2039882933594,1.57311012284601,18.6325402790748
gene-b1904,1243.61874583606,1133.02288866208,940.261406193234,855.339921661437,817.928399595404,645.127949104228,17.4885309035171,17.4935892413237,11.8710832663703,23.4265209770242,19.6638765355751,28.3924423300188
gene-b1905,2462.28193155501,3341.16738015449,3199.0017280372,2073.41562161909,2474.12635008505,2470.85605320689,920.771152070174,744.352222218325,1154.46284765451,3730.92810168867,825.882814494155,3034.44227402076
gene-b1906,2.0796300097593,1.31593831435781,0.0,4.47821948513841,2.14117382093038,4.8024413084682,1.74885309035171,1.74935892413237,3.95702775545676,4.07417756122159,2.35966518426901,3.54905529125235
gene-b1907,147.65373069291,105.275065148625,115.155610421419,200.624232934201,169.1527318535,212.107824457346,290.309612998383,267.651915392253,264.131602676738,333.064015629865,106.971488353529,215.60510894358
gene-b1908,504.31027736663,461.894348339592,435.26707792316,565.151299024468,522.446412307012,437.822565955351,311.295850082604,430.342295336564,346.239928602466,771.038103461187,733.06931724624,747.963402631433
gene-b4759,77.9861253659737,84.2200521189,90.8567201490091,96.7295408789898,104.917517225589,95.2484192846193,77.823962520651,40.2352552550446,55.3983885763946,89.6319063468751,50.3395239310723,122.442407548206
gene-b1909,432.563042029934,485.581237998033,490.203699408607,513.203952996862,544.928737426781,472.240061999373,703.038942321386,466.204153281278,601.468218829427,807.705701512181,486.091027959417,669.884186223881
gene-b1910,428.403782010415,378.99023453505,433.15413094295,414.683124323817,398.25833069305,379.392863368988,687.299264508221,556.296137874095,644.995524139451,810.761334683097,518.33978547776,643.266271539488
gene-b1911,293.227831376061,332.932393532527,321.167940991846,377.961724545682,345.799572080256,335.370484708029,652.322202701187,654.260237625508,430.326768405922,632.516066379652,431.032173659807,703.600211490778
gene-b1912,444.00100708361,497.424682827253,441.605918863788,489.917211674143,496.752326455848,422.614835145202,456.450656581796,463.580114895079,497.596240248687,385.009779535441,667.785247148131,303.444227402076
gene-b1913,2444.60507647206,2680.56634634686,2649.63551318273,3313.88241900243,3388.40757162232,2478.86012205434,2771.93214820746,2317.9005744754,2567.12175635257,2604.4180060109,2891.37640579096,2525.15283972605
gene-b1914,1188.50855057744,1204.0835576374,1273.05055557623,1356.90050399694,1357.50420246986,1231.82619562209,1359.73327774845,1228.92464420299,1285.04476358458,1457.53702252703,1242.75699704835,1364.61175948653
gene-b4752,1.03981500487965,5.26375325743125,1.05647349010476,1.79128779405537,0.0,0.8004068847447,4.37213272587927,1.74935892413237,1.97851387772838,2.0370887806108,2.35966518426901,2.66179146843926
gene-b1915,166.370400780744,167.124165923442,206.012330570428,270.48445690236,207.693860630247,219.311486420048,615.596287803801,441.713128343425,373.939122890663,721.129428336222,198.211875478597,438.308328469665
gene-b1916,299.466721405339,344.775838361747,323.280887972056,431.700358367343,299.764334930253,395.401001063882,438.087699133103,471.452230053675,485.725156982317,509.272195152699,710.259220464973,328.287614440842
gene-b4719,4.1592600195186,7.89562988614688,4.22589396041903,7.16515117622146,5.35293455232595,6.4032550779576,13.1163981776378,6.12275623446331,6.92479857204932,14.2596214642756,18.0907664127291,21.2943317475141
gene-b1917,310.904686459015,276.347046015141,256.723058095456,257.049798446945,286.917292004671,212.90823134209,174.885309035171,160.066341558112,178.066248995554,224.079765867188,172.255558451638,178.340028385431
gene-b1918,458.558417151925,571.117228431291,497.599013839341,455.882743587091,495.681739545383,340.973332901242,167.889896673764,158.31698263398,162.238137973727,212.875777573828,217.875752014172,211.168789829515
gene-b1919,647.804748040021,557.957845287713,503.937854779969,520.369104173084,535.293455232595,429.818497107904,304.300437721197,320.132683116225,287.873769209479,354.453447826279,409.008631939962,261.742827729861
gene-b1920,3031.06073922418,2708.20105094838,2556.66584605351,2001.76410985687,2260.00896799201,1475.95029546923,332.282087166824,404.976590936645,331.401074519503,541.865615642472,547.442322750411,426.773898773095
gene-b1921,9132.69518785796,11839.4970142772,9657.22417304759,7144.55136658983,7707.1551684389,4623.15016628539,104.056758875927,97.964099751413,108.818263275061,33.6119648800781,52.6991891153413,40.814135849402
gene-b1922,8999.59886723336,7598.22782710201,7320.30481293586,5839.59820862049,6568.05069570394,4596.73673908881,111.926597782509,138.199355006458,157.291853279406,26.4821541479404,43.2605283782653,20.407067924701
gene-b1923,345703.135412317,382960.420429468,356396.049519389,114609.279995353,154046.750546836,79907.0205247177,263.202390097932,336.751592895482,283.916741454022,233.246665379936,245.405179163977,245.772078919225
gene-b1924,17009.2938498213,17959.9261143554,16672.2081473432,9026.29919424499,8091.4958692959,5469.98065034528,56.8377254364305,60.3528828825669,61.3339302095797,33.6119648800781,36.1815328254582,47.0249826090936
gene-b1925,2200.24855032534,1818.6267504425,1813.96498250987,1325.55296760097,927.128264462854,771.592236893891,13.1163981776378,27.989742786118,17.8066248995554,16.2967102448864,7.07899555280704,7.0981105825047
gene-b1926,2054.67444964219,1717.29950023695,1631.19506872174,1121.34615907866,1162.6573847652,639.525100911015,10.4931185421102,10.4961535447942,18.7958818384196,15.278165854581,9.43866073707606,6.21084675969161
gene-b1927,2492.43656669652,2422.64243673273,2591.52947122697,1858.46108633244,2322.103008799,1474.34948169974,190.624986848336,230.915377985473,323.48701900859,278.062618553374,224.954747566979,416.126732899338
gene-b1928,667.561233132735,509.268127656474,507.107275250283,649.34182534507,627.363929532601,587.49865340261,586.740211812998,668.255109018567,550.026858008489,802.612979560654,734.642427369086,621.084675969161
gene-b1929,158.051880741707,244.764526470553,272.570160447027,78.8166629384361,80.2940182848892,108.054929440535,433.715566407223,417.222103405571,379.874664523849,179.26381269375,245.405179163977,145.511266941346
gene-b1930,57.1898252683807,90.7997436906891,106.70382250058,46.5734826454395,29.9764334930253,40.020344237235,86.5682279724095,116.332368454803,87.0546106200486,60.0941190280185,80.2286162651465,30.166969975645
gene-b1931,18.7166700878337,15.7912597722938,10.5647349010476,10.7477267643322,26.7646727616297,14.4073239254046,13.1163981776378,13.994871393059,11.8710832663703,19.3523434158026,11.0117708599221,7.0981105825047
gene-b1932,1222.82244573847,1144.8663334913,1158.95141864492,324.223090724021,418.599481991889,268.136306389475,89.1915076079371,97.0894202893468,109.807520213925,57.0384858571023,82.5882814494155,53.2358293687852
gene-b1937,1232.18078078238,955.371216223772,1082.88532735738,1059.54673018375,851.116593819825,890.052455836107,43.7213272587927,30.6137811723166,24.7314234716047,9.16689951274859,8.65210567565305,7.0981105825047
gene-b1938,4964.07683329545,3631.98974762756,3333.17386128051,3171.47503937503,3387.33698471186,2533.28779021698,88.3170810627612,123.329804151332,83.0975828645919,11.2039882933594,27.5294271498052,18.6325402790748
gene-b1939,4085.43315417214,3572.77252348146,3147.23452702207,2730.81824203741,3140.0314083944,2012.22290824818,84.8193748820578,90.9666640548835,73.20501347595,15.278165854581,37.7546429483042,26.6179146843926
gene-b1940,2190.89021528142,1963.37996502186,1656.55043248426,1592.45484891522,1732.20962113268,1075.74685309688,42.8469007136168,60.3528828825669,55.3983885763946,14.2596214642756,16.5176562898831,13.3089573421963
gene-b1941,4017.84517885496,4243.90106380395,3488.47546432591,2918.00781651619,3599.31319298397,1951.39198500758,69.9541236140683,83.969228358354,84.0868398034561,30.556331709162,31.4622024569202,28.3924423300188
gene-b1942,523.026947454464,502.688436084685,381.386929927817,362.735778296212,451.78767621631,205.704569379388,4.37213272587927,8.74679462066187,10.8818263275061,2.0370887806108,7.07899555280704,3.54905529125235
gene-b1943,3357.56265075639,3480.65684147642,2719.36276352964,2461.22942903207,2791.02007558275,1395.90960699476,48.0934599846719,62.1022418066993,58.3661593929871,14.2596214642756,26.7428720883822,23.9561232159534
gene-b1944,3696.54234234715,3768.84733232078,3463.12010056339,2988.76368438138,3277.06653293394,2469.2552394374,87.4426545175854,104.961535447942,112.775291030518,22.4079765867188,44.0470834396883,7.0981105825047
gene-b1945,5299.93707987157,4466.29463893042,3989.24389863556,4385.07251984754,5085.28782470965,2975.9127974808,112.801024327685,153.068905861583,150.367054707357,25.463609757635,58.2050745453023,41.7013996722151
gene-b1946,1239.45948581654,922.472758364827,920.188409881244,1026.40790599372,1110.1986261524,670.740969416059,41.972474168441,37.6112168688461,33.6347359213824,11.2039882933594,11.7983259213451,5.32358293687852
gene-b1947,934.793689386805,805.354248386982,758.547965895216,929.678365114735,1064.1633890024,660.335679914378,20.1118105390446,27.1150633240518,24.7314234716047,5.09272195152699,8.65210567565305,5.32358293687852
gene-b1948,1294.56968107516,1101.44036911749,1014.21455050057,1210.91054878143,1241.88081613962,781.997526395572,34.1026352618583,31.4884606343827,51.4413608209378,17.3152546351918,14.9445461670371,17.7452764562617
gene-b1949,354.57691666396,230.289205012617,220.802959431894,247.19771557964,298.693748019788,144.873646138791,6.99541236140683,9.62147408272806,9.89256938864189,2.0370887806108,4.71933036853803,0.0
gene-b1950,559.420472625251,490.844991255464,447.944759804417,527.534255349305,502.105261008174,317.761533243646,14.8652512679895,26.2403838619856,15.828111021827,10.185443903054,10.2252157984991,3.54905529125235
gene-b1951,448.160267103129,547.43033877285,573.665105126883,686.063225123205,643.422733189579,393.800187294393,40.2236210780893,43.7339731033094,40.5595344934317,68.2424741504617,20.4504315969981,81.628271698804
gene-b1952,71.7472353366958,48.6897176312391,58.1060419557616,90.460033599796,70.6587360907025,92.0467917456405,67.3308439785407,100.588138137612,90.0223814366412,108.984249762678,136.07402562618,89.6136461041218
gene-b1953,28.0750051317505,25.0028279727984,28.5247842328284,37.6170436751627,31.0470204034905,20.0101721186175,7.86983890658268,5.24807677239712,11.8710832663703,28.5192429285512,12.5848809827681,16.8580126334487
gene-b1954,1.03981500487965,0.0,0.0,0.0,0.0,0.0,0.0,0.0,0.0,0.0,0.0,0.0
gene-b1955,129.976875609956,97.3794352624782,152.132182575085,121.807569995765,125.258668524427,138.470391060833,50.7167396201995,55.1048061101698,57.376902454123,62.1312078086293,66.8571802209554,62.1084675969161
gene-b1956,290.108386361422,284.242675901288,296.869050719437,332.28388579727,311.54079094537,310.557871280944,231.723034471601,216.920506592414,220.604297366714,224.079765867188,264.28250063813,254.644717147356
gene-b1957,24.9555601171116,18.4231364010094,13.7341553713618,24.1823852197474,19.2705643883734,20.8105790033622,14.8652512679895,20.9923070895885,15.828111021827,34.6305092703835,25.9563170269592,19.5198041018879
gene-b1958,162.211140761225,168.4401042378,134.172133243304,142.407379627402,153.093928196522,112.056963864258,124.168569414971,120.705765765134,131.571172868937,184.356534645277,180.907664127291,171.241917802926
gene-b1959,125.817615590438,131.593831435781,86.6308261885901,102.103404261156,185.211535510478,68.8349920880442,39.3491945329134,31.4884606343827,30.6669651047899,71.2981073213779,42.4739733168422,95.8244928638134
gene-b1960,56.1500102635011,44.7419026881656,42.2589396041903,71.6515117622146,86.7175397476803,54.4276681626396,78.6983890658268,73.4730748135597,78.1512981702709,78.4279180535157,65.2840700981094,76.3046887619255
gene-b1961,908.798314264813,927.736511622258,973.012084386481,1169.71092951815,1141.24564655589,883.649200758149,1010.83708622329,865.057987983459,937.815578043251,1154.01079421602,887.234109285149,923.641639548424
gene-b1962,210.042630985689,207.918253668534,247.214796684513,379.753012339738,407.893612887237,391.398966640158,204.61581157115,205.549673585554,217.636526550122,350.379270265057,221.021972259864,398.381456443076
gene-b1963,28.0750051317505,13.1593831435781,17.9600493317809,39.408331469218,23.5529120302342,44.8227855457032,8.74426545175853,6.12275623446331,7.91405551091351,58.0570302474077,11.7983259213451,29.2797061528319
gene-b4603,0.0,0.0,0.0,0.0,0.0,0.0,0.0,0.0,0.0,0.0,0.0,0.0
gene-b1967,407.607481912822,504.004374399042,670.860666216521,339.449036973492,262.293793063971,1058.13790163249,229.974181381249,245.784928840599,313.594449619948,209.820144402912,221.808527321287,295.458852996758
gene-b1968,237.07782111256,236.868896584406,247.214796684513,489.021567777115,457.140610768636,533.871392124715,351.519471160693,387.483001695321,450.111907183206,395.195223438495,476.652367222341,395.719664974637
gene-b1969,99.8222404684463,102.643188519909,116.212083911523,174.650559920398,116.693973240706,212.107824457346,159.145631222005,224.79262175101,219.61504042785,228.153943428409,206.077426092827,183.663611322309
gene-b1970,27.0351901268709,38.1622111163766,26.4118372526189,74.3384434532977,50.3175847918639,69.6353989727889,32.3537821715066,25.3657043999194,29.6777081659257,31.5748760994674,36.1815328254582,43.4759273178413
gene-b1971,54.0703802537418,78.9562988614688,80.2919852479615,134.346584554152,93.1410612104714,150.476494332004,44.5957538039685,60.3528828825669,49.4628469432094,105.928616591761,65.2840700981094,100.260811977879
gene-b1972,45.7518602147046,69.7447306609641,60.2189889359712,132.555296760097,85.6469528372151,141.672018599812,41.972474168441,34.1124990205813,28.6884512270615,72.3166517116833,40.1143081325732,81.628271698804
gene-b1973,33.2740801561488,31.5825195445875,34.863625173457,33.1388241900243,31.0470204034905,37.6191235830009,58.5865785267822,47.2326909515741,52.430617759802,30.556331709162,69.2168454052244,31.9414976212711
gene-b1974,18.7166700878337,22.3709513440828,21.1294698020951,42.0952631603011,27.8352596720949,54.4276681626396,39.3491945329134,27.1150633240518,27.6991942881973,42.7788643928267,31.4622024569202,54.1230931915983
gene-b1975,42.6324152000656,22.3709513440828,21.1294698020951,52.8429899246333,42.8234764186076,49.6252268541714,36.7259148973858,53.3554471860374,41.5487914322959,65.1868409795455,72.3630656509164,38.1523443809628
gene-b1976,1522.28916714381,2763.47046015141,2471.09149335503,627.846371816406,633.787450995392,773.993457548125,932.13869715746,1152.82753100323,1084.22560499515,382.97269075483,1655.69840429542,443.631911406544
gene-b1977,67.5879753171772,122.382263235277,103.534402030266,43.8865509543565,39.611715687212,51.2260406236608,55.0888723460788,103.21217652381,73.20501347595,47.8715863443537,95.9597174936066,42.5886634950282
gene-b1978,452.319527122647,506.636251027758,481.751911487769,614.41171336099,549.211085068642,569.089295053482,305.174864266373,281.646786785312,333.379588397232,435.936999050711,450.696050195382,491.54415783845
gene-b1981,622.84918792291,540.850647201061,507.107275250283,612.620425566935,543.858150516316,513.861220006098,419.72474168441,509.938126384587,491.660698615502,438.992632221627,975.328276164526,409.915886139646
gene-b1982,2399.89303126223,2687.14603791865,2385.51714065654,2372.56068322633,2412.03230927807,2142.68923046156,1087.78662219876,1113.46695521026,1271.19516644048,1424.94360203725,1703.67826304223,1708.87012273801
gene-b1983,1676.18178786599,2035.75657231154,1980.88779394642,1892.49555441949,1609.09212642918,1692.0601543503,2401.17529305289,1948.78584148347,2262.4306191824,2585.0656625951,2000.99607626012,2407.14675129191
gene-b1984,31.1944501463895,32.8984578589453,40.1459926239808,37.6170436751627,25.6940858511645,33.6170891592774,51.5911661653754,51.6060882619051,40.5595344934317,43.7974087831321,47.9798587468033,48.7995102547198
gene-b1985,167.410215785624,142.121337950644,113.042663441209,128.972721171986,108.129277956984,128.065101559152,53.3400192557271,56.8541650343022,54.4091316375304,110.002794152983,78.6555061423005,79.8537440531779
gene-b1986,27.0351901268709,48.6897176312391,26.4118372526189,46.5734826454395,42.8234764186076,32.016275389788,20.1118105390446,41.1099347171108,25.7206804104689,48.8901307346591,36.9680878868812,35.4905529125235
gene-b1987,4072.95537411359,3174.04321423105,2167.88360169496,614.41171336099,941.045894298901,180.091549067558,43.7213272587927,29.7391017102504,35.6132497991108,35.6490536606889,57.4185194838793,77.1919525847386
gene-b1988,15396.540777253,13810.7726091852,8971.5728779696,2483.62052645776,3292.05474968046,664.337714338101,114.549877418037,41.984614179177,31.656222043654,56.0199414667969,138.433690810449,314.091393275833
gene-b1989,5.19907502439825,6.57969157178906,8.45178792083806,6.26950727919378,1.07058691046519,6.4032550779576,5.24655927105512,6.9974356965295,6.92479857204932,3.0556331709162,8.65210567565305,3.54905529125235
gene-b1990,525.106577464223,517.16375754262,518.728483641436,411.996192632734,389.693635409329,503.455930504416,236.09516719748,254.53172346126,270.067144309924,291.303695627344,362.601883316005,306.993282693328
gene-b1991,403.448221893304,425.048075537574,346.52330475436,342.135968664575,352.223093543047,417.011986951989,310.421423537428,336.751592895482,309.637421864491,315.748760994674,366.53465862312,275.051785072057
gene-b1992,131.016690614836,122.382263235277,117.268557401628,147.781243009568,117.764560151171,199.30131430143,146.903659589543,188.05608434423,172.130707362369,159.911469277948,176.974888820176,163.256543397608
gene-b1993,116.459280546521,161.860412666011,123.607398342257,163.007189259038,146.670406733731,176.089514643834,121.545289779444,116.332368454803,138.495971440986,125.280960007564,165.176562898831,173.016445448552
gene-b1994,1712.57531303678,1847.57739335837,1856.22392211406,1810.09631589295,1423.8805909187,1744.88700874345,1615.0658289398,2056.37141531761,2044.79409263228,899.374696639667,1508.61260780932,810.071870228349
gene-b1996,91.5037204294091,67.1128540322485,108.81676948079,92.2513213938513,95.2822350314018,108.855336325279,67.3308439785407,78.7211515859569,64.3017010261723,89.6319063468751,127.421919950527,89.6136461041218
gene-b1997,51.9907502439825,68.4287923466063,71.8401973271235,85.0861702176299,71.7293230011677,94.4480123998746,58.5865785267822,74.3477542756259,55.3983885763946,75.3722848825995,100.679047862145,92.2754375725611
gene-b4435,6.2388900292779,61.8491007748172,49.6542540349236,8.95643897027683,28.9058465825601,66.4337714338101,2.62327963552756,10.4961535447942,4.94628469432094,4.07417756122159,3.93277530711502,6.21084675969161
gene-b2000,778.821438654857,12901.459233964,11758.5499448659,572.316450200689,10498.1752440216,10421.297639376,308.672570447076,612.275623446331,382.842435340441,206.764511231996,443.617054642575,246.659342742038
gene-b2001,71.7472353366958,914.57712847868,808.202219930139,60.9037849978824,760.116706430284,815.614615554849,46.3446068943202,63.8516007308317,48.4735900043453,28.5192429285512,56.6319644224563,36.3778167353366
gene-b2002,7.27870503415754,27.6347046015141,36.9765721536665,7.16515117622146,42.8234764186076,28.0142409660645,5.24655927105512,11.3708330068604,6.92479857204932,6.11126634183239,6.29244049138404,1.77452764562617
gene-b2003,0.0,10.5275065148625,8.45178792083806,0.895643897027683,8.56469528372151,7.2036619627023,0.874426545175853,3.49871784826475,0.0,1.0185443903054,0.786555061423005,0.0
gene-b2004,0.0,2.63187662871563,6.33884094062854,2.68693169108305,5.35293455232595,4.8024413084682,1.74885309035171,0.874679462066187,0.0,1.0185443903054,0.786555061423005,0.887263822813087
gene-b2005,5.19907502439825,3.94781494307344,1.05647349010476,6.26950727919378,6.42352146279113,3.2016275389788,2.62327963552756,0.874679462066187,1.97851387772838,4.07417756122159,1.57311012284601,1.77452764562617
gene-b2006,7.27870503415754,1.31593831435781,3.16942047031427,4.47821948513841,4.28234764186076,4.0020344237235,2.62327963552756,0.0,1.97851387772838,3.0556331709162,1.57311012284601,1.77452764562617
gene-b4538,20.796300097593,13.1593831435781,12.6776818812571,5.3738633821661,8.56469528372151,11.2056963864258,5.24655927105512,13.994871393059,10.8818263275061,18.3337990254972,11.0117708599221,9.75990205094396
gene-b2007,3620.63584699094,3959.65838790266,4359.00962017223,3671.24433391647,3330.5958784572,4122.09545643521,3624.49802975391,3469.85342601657,3535.60429950061,4606.87627735132,5038.67172347577,4063.66830848394
gene-b2008,269.312086263829,268.451416128994,269.400739976713,208.68502800745,215.187969003503,272.138340813198,320.914542079538,234.414095833738,257.206804104689,305.56331709162,286.306042357974,278.600840363309
gene-b2009,229.799116078402,185.547302324452,196.504069159485,188.980862272841,154.164515106987,160.881783833685,158.271204676829,174.061212951171,162.238137973727,198.616156109553,367.321213684543,212.056053652328
gene-b2010,108.140760507484,143.437276265002,113.042663441209,166.589764847149,168.082144943035,135.268763521854,121.545289779444,91.8413435169497,92.9901522532338,177.226723913139,136.07402562618,138.413156358842
gene-b2011,634.287152976586,576.380981688722,574.721578616988,614.41171336099,578.116931651202,560.28481932129,586.740211812998,551.922740563764,708.307968226759,534.735804910334,924.988752233453,529.696502219413
gene-b2012,138.295395648993,85.5359904332578,96.1390875995329,180.024423302564,170.223318763965,135.268763521854,49.8423130750237,41.1099347171108,76.1727842925425,65.1868409795455,43.2605283782653,81.628271698804
gene-b2013,121.658355570919,134.225708064497,90.8567201490091,268.693169108305,216.258555913968,160.08137694894,51.5911661653754,34.1124990205813,35.6132497991108,50.9272195152699,30.6756473954972,96.7117566866265
gene-b2014,2532.98935188683,2197.61698497755,3145.12158004186,4208.63067213308,3833.77172637584,3775.51927534075,12177.2640681189,6357.17033029705,5568.52730886652,9311.53281617195,2269.21135220537,5549.83521169586
gene-b4678,149.73336070267,190.811055581883,251.440690644932,274.067032490471,234.458533391876,208.105790033622,814.09111355872,307.887170647298,219.61504042785,427.788643928267,144.726131301833,514.613017231591
gene-b2015,157.012065736827,176.335734123947,153.18865606519,287.501690945886,208.764447540712,241.722879192899,98.8101996048714,66.4756391170302,85.0760967423202,193.523434158026,203.717760908558,205.845206892636
gene-b2016,1360.07802638258,1404.10618141979,1244.5257713434,1756.35768207129,1495.60991391987,1595.21092129619,820.212099374951,772.341965004443,785.470009458166,1324.10770739702,1603.78577024151,1788.72386679118
gene-b4539,145.574100683151,151.332906151149,150.019235594876,401.248465868402,246.234989406993,336.971298477519,140.782673773312,173.186533489105,162.238137973727,287.229518066122,256.4169500239,411.690413785273
gene-b2017,83.1852003903719,73.6925456040375,84.5178792083806,180.920067199592,110.270451777914,165.684225142153,117.173157053564,141.698072854722,97.9364369475547,232.228120989631,165.963117960254,327.400350618029
gene-b2018,2.0796300097593,10.5275065148625,2.11294698020951,5.3738633821661,4.28234764186076,0.0,6.12098581623097,7.87211515859569,3.95702775545676,3.0556331709162,11.0117708599221,7.0981105825047
gene-b2019,878.643679123304,801.406433443908,605.359309830026,908.182911586071,974.234088523322,714.763348077017,306.923717356725,250.15832615093,236.432408388541,526.587449787891,771.610515255968,648.589854476367
gene-b2020,894.240904196498,897.469930392028,628.60172661233,944.904311364205,1099.49275704775,783.598340165061,308.672570447076,267.651915392253,276.002685943109,527.605994178196,695.314674297936,692.065781794208
gene-b2021,894.240904196498,873.783040733588,627.545253122226,851.757346073327,983.869370717509,751.582064775273,322.66339516989,228.291339599275,259.185317982417,517.420550275142,630.81715926125,599.790344221647
gene-b2022,1199.94651563112,1229.0863856102,1056.47349010476,1245.84066076551,1132.68095127217,1134.17655568324,571.874960545008,506.439408536322,552.994628825082,739.463227361719,867.570232749574,930.739750130929
gene-b2023,427.363967005536,464.526224968308,425.758816512217,426.326494985177,539.575802874455,430.618903992649,195.871546119391,157.442303171914,206.754700222615,235.283754160547,276.080826559475,275.051785072057
gene-b2024,270.351901268709,201.338562096745,178.544019827704,192.563437860952,252.658510869785,207.305383148877,129.415128686026,127.703201461663,113.764547969382,181.300901474361,164.390007837408,172.129181625739
gene-b2025,597.893627805798,636.914144149181,556.761529285207,555.299216157163,659.481536846556,526.667730162013,293.807319179087,231.79005744754,241.378693082862,361.583258558416,372.827099114504,358.454584416487
gene-b2026,579.176957717965,598.751933032805,518.728483641436,551.716640569053,562.058127994224,473.840875768863,288.560759908032,284.270825171511,282.927484515158,430.844277099184,379.906094667311,340.709307960226
gene-b2027,4508.63786115816,4267.58795346239,4589.32084101507,6113.66524111096,5966.3808520225,4799.23968092922,5041.0690329388,4519.46878049599,4634.66875857872,6893.50843358694,3219.36986640436,6001.45249750772
gene-b2028,519.907502439825,576.380981688722,530.349692032588,815.931590192219,694.810904891908,473.040468884118,488.804438753302,346.37306697821,433.294539222515,484.82712978537,268.215275945245,502.191323712207
gene-b2029,20816.0565826857,22311.7341199367,24870.4424305561,24384.8007404757,23381.6181245597,21672.6172182322,28419.7371447604,27067.8306331002,26578.3661764642,24219.9670570721,21436.7716440226,22955.2896238202
gene-b2030,2158.65595013015,2404.21930033172,2325.29815172057,2192.53625992377,1702.23318763965,2074.65464525826,2298.86738726732,2812.96915000486,2702.64995697696,1111.23192982319,1885.37248223094,1024.78971534912
gene-b2032,2036.99759455923,2997.7074801071,2610.54599404885,3518.98487142177,3300.61944496418,2089.86237606841,2737.8295129456,2169.20506592414,2877.74843515593,2886.5548021255,2175.61129989603,1805.58187942463
gene-b2033,1499.41323703645,1881.79178953167,1667.11516738531,2234.63152308407,1887.44472315013,1617.62231406904,2317.23034471601,1832.45347302866,2125.91316161914,2213.29696013363,1671.42950552388,2305.1114116684
gene-b2034,2724.31531278468,3909.65273195706,3596.23576031659,4577.63595770849,3769.53651174793,3152.00231212463,4458.70095385168,3357.01977541003,4243.91226772737,4686.32273979514,2928.34449367785,4154.16921841088
gene-b2035,1722.97346308558,2364.74115090099,2066.4621466449,2739.77468100768,2067.30332410828,1664.04591338423,2349.58412688752,1737.11341166345,2385.09847960156,2878.40644700306,2078.07847227958,1604.17299164606
gene-b2036,3277.49689538065,3870.17458252633,3368.03748645397,4231.9174134558,3810.21881434561,2859.85379919281,4029.35752017033,3153.21946074861,4012.42614403315,4856.41965297614,3514.32801443798,3392.89685843725
gene-b2037,1933.01609407127,2346.31801449998,2116.11640067983,2659.16673027519,2200.05610100596,2044.23918363796,3407.6402465503,2600.42204072277,3273.4512107016,3401.93826362003,2307.7525502151,2570.40329468951
gene-b2038,1891.42349387608,2284.46891372516,2093.93045738763,2721.86180306713,2675.39668925251,1850.54071752975,2652.13571151836,1895.43039429743,2606.69203390714,2769.42219724038,1822.4480773171,2557.98160117013
gene-b2039,2745.11161288227,3095.08691536958,2747.88754776247,3448.22900355658,3070.44325921416,2526.88453513902,4466.57079275826,3637.79188273327,3988.68397750041,4764.75065784865,2759.2351554719,3965.18202415169
gene-b2040,4340.18783036766,5095.31315319345,4505.85943529679,5338.03762628499,5760.82816521318,4074.87145023527,6129.73008168273,4745.13608170907,5446.84870538622,5760.88707156733,3080.93617559391,5635.01253868592
gene-b2041,4346.42672039693,5059.78281870579,4777.37312225371,5374.75902606313,5539.21667474689,4515.09523684485,7200.90259952315,5323.29920613482,6541.95613670888,7288.70365702543,3345.21867623204,6677.5475304913
gene-b2042,4680.2073369633,4258.37638526188,4544.94895443067,5239.51679761195,5639.85184433062,4484.67977522456,5354.98816265693,5444.00497189995,5356.82632394958,8219.65322976457,4256.04943735988,6268.51890817446
gene-b2043,109.180575512363,142.121337950644,90.8567201490091,123.59885778982,88.8587135686107,105.6537087863,59.461005071958,66.4756391170302,88.0438675589128,50.9272195152699,81.8017263879925,75.4174249391124
gene-b2044,29.1148201366302,22.3709513440828,39.089519133876,38.5126875721904,33.1881942244209,26.4134271965751,13.9908247228137,25.3657043999194,14.8388540829628,29.5377873188566,26.7428720883822,26.6179146843926
gene-b2045,28.0750051317505,28.9506429158719,31.6942047031427,30.4518924989412,22.482325119769,22.4113927728516,13.1163981776378,13.1201919309928,18.7958818384196,25.463609757635,12.5848809827681,15.9707488106356
gene-b2046,12.4777800585558,6.57969157178906,6.33884094062854,8.06079507324915,6.42352146279113,1.6008137694894,10.4931185421102,6.9974356965295,4.94628469432094,4.07417756122159,2.35966518426901,11.5344296965701
gene-b2047,7.27870503415754,22.3709513440828,24.2988902724094,9.85208286730451,7.49410837325632,15.2077308101493,8.74426545175853,13.994871393059,1.97851387772838,7.12981073213779,4.71933036853803,11.5344296965701
gene-b2048,18.7166700878337,35.530334487661,28.5247842328284,19.704165734609,25.6940858511645,24.8126134270857,18.3629574486929,17.4935892413237,9.89256938864189,11.2039882933594,7.86555061423005,15.0834849878225
gene-b2049,20.796300097593,27.6347046015141,33.8071516833522,13.4346584554152,17.129390567443,22.4113927728516,13.9908247228137,9.62147408272806,9.89256938864189,12.2225326836648,12.5848809827681,10.647165873757
gene-b2050,20.796300097593,15.7912597722938,12.6776818812571,8.95643897027683,10.7058691046519,8.004068847447,6.99541236140683,5.24807677239712,6.92479857204932,0.0,9.43866073707606,6.21084675969161
gene-b2051,7.27870503415754,2.63187662871563,7.3953144307333,1.79128779405537,2.14117382093038,3.2016275389788,2.62327963552756,2.62403838619856,2.96777081659257,2.0370887806108,2.35966518426901,1.77452764562617
gene-b2052,24.9555601171116,21.055013029725,21.1294698020951,12.5390145583876,1.07058691046519,6.4032550779576,6.12098581623097,7.87211515859569,6.92479857204932,9.16689951274859,6.29244049138404,1.77452764562617
gene-b2053,45.7518602147046,42.11002605945,52.8236745052379,28.6606047048859,25.6940858511645,16.8085445796387,21.8606636293963,12.2455124689266,19.7851387772838,11.2039882933594,13.3714360441911,10.647165873757
gene-b2054,3.11944501463895,2.63187662871563,4.22589396041903,0.0,0.0,1.6008137694894,1.74885309035171,0.874679462066187,0.989256938864189,2.0370887806108,0.0,1.77452764562617
gene-b2055,10.3981500487965,7.89562988614688,13.7341553713618,11.6433706613599,4.28234764186076,3.2016275389788,2.62327963552756,5.24807677239712,0.989256938864189,4.07417756122159,1.57311012284601,9.75990205094396
gene-b2056,20.796300097593,15.7912597722938,8.45178792083806,11.6433706613599,12.8470429255823,8.004068847447,6.99541236140683,3.49871784826475,4.94628469432094,7.12981073213779,4.71933036853803,3.54905529125235
gene-b2057,12.4777800585558,6.57969157178906,11.6212083911523,10.7477267643322,7.49410837325632,7.2036619627023,8.74426545175853,3.49871784826475,5.93554163318513,5.09272195152699,3.93277530711502,6.21084675969161
gene-b2058,4.1592600195186,3.94781494307344,9.50826141094281,3.58257558811073,0.0,4.8024413084682,2.62327963552756,2.62403838619856,2.96777081659257,2.0370887806108,2.35966518426901,2.66179146843926
gene-b2059,10.3981500487965,15.7912597722938,14.7906288614666,12.5390145583876,7.49410837325632,12.8065101559152,4.37213272587927,4.37339731033094,2.96777081659257,5.09272195152699,5.50588542996103,11.5344296965701
gene-b2060,17.676855082954,23.6868896584406,28.5247842328284,11.6433706613599,12.8470429255823,20.0101721186175,10.4931185421102,10.4961535447942,3.95702775545676,8.14835512244319,6.29244049138404,9.75990205094396
gene-b2061,1.03981500487965,3.94781494307344,1.05647349010476,0.895643897027683,1.07058691046519,0.8004068847447,2.62327963552756,2.62403838619856,2.96777081659257,2.0370887806108,0.0,0.0
gene-b2062,19.7564850927133,9.21156820050469,17.9600493317809,8.95643897027683,4.28234764186076,10.4052895016811,6.12098581623097,1.74935892413237,6.92479857204932,4.07417756122159,2.35966518426901,1.77452764562617
gene-b2063,242.276896136958,171.071980866516,207.068804060532,362.735778296212,384.340700857003,337.771705362264,562.256268548074,409.349988246976,411.530886567503,583.625935644993,534.07088670622,684.08040738889
gene-b2064,950.390914459999,1058.01440474368,936.035512232815,1069.39881305105,1012.77521730007,930.072800073342,1075.5446505663,983.139715362395,920.008953143696,1145.86243909357,1160.95527066035,899.685516332471
gene-b2065,744.507543493829,707.974813124503,742.700863543644,935.947872393929,896.081244059363,762.787761161699,1220.69945706549,1096.848045431,979.364369475547,1306.79245276183,1007.57703368287,1224.42407548206
gene-b2066,1465.09934187543,1830.47019527172,1891.08754728752,2445.10783888557,2216.11490466294,1815.32281460098,2721.21540858726,1698.62751533254,1913.22291976334,2557.56496405686,1159.38216053751,2745.19426778369
gene-b2067,751.786248527986,760.612345698816,741.644390053539,538.281982113637,631.646277174462,471.439655114628,208.987944297029,229.166019061341,195.872873895109,271.951352211541,280.800156928013,267.953674489552
gene-b2068,66.5481603122976,57.9012858317438,40.1459926239808,66.2776483800485,72.7999099116329,60.0305163558525,27.9816494456273,48.9820498757065,35.6132497991108,52.9643082958807,84.1613915722615,46.1377187862805
gene-b2069,221.480596039365,203.970438725461,156.358076535504,243.61513999153,204.482099898851,232.117996575963,399.612931145365,244.910249378532,239.400179205134,623.349166866904,202.144650785712,403.705039379955
gene-b2070,39.5129701854267,56.585347517386,53.8801479953426,60.9037849978824,53.5293455232595,76.0386540507465,44.5957538039685,27.989742786118,31.656222043654,45.8344975637429,31.4622024569202,69.2065781794208
gene-b2071,11.4379650536761,7.89562988614688,11.6212083911523,16.1215901464983,9.6352821941867,16.8085445796387,9.61869199693439,8.74679462066187,7.91405551091351,22.4079765867188,14.1579911056141,19.5198041018879
gene-b2072,3.11944501463895,10.5275065148625,8.45178792083806,15.2259462494706,9.6352821941867,13.6069170406599,5.24655927105512,6.12275623446331,3.95702775545676,8.14835512244319,3.93277530711502,7.0981105825047
gene-b2073,1.03981500487965,5.26375325743125,5.28236745052379,8.06079507324915,4.28234764186076,9.6048826169364,2.62327963552756,5.24807677239712,1.97851387772838,9.16689951274859,8.65210567565305,4.43631911406544
gene-b4436,67.5879753171772,61.8491007748172,77.1225647776473,43.8865509543565,46.0352371500031,64.032550779576,62.9587112526615,117.207047916869,62.3231871484439,57.0384858571023,126.635364889104,40.814135849402
gene-b4667,6.2388900292779,1.31593831435781,0.0,2.68693169108305,0.0,0.0,0.0,0.0,0.0,2.0370887806108,0.0,0.0
gene-b4437,8.31852003903719,2.63187662871563,6.33884094062854,8.06079507324915,0.0,6.4032550779576,7.86983890658268,12.2455124689266,3.95702775545676,9.16689951274859,10.2252157984991,4.43631911406544
gene-b4668,3.11944501463895,0.0,2.11294698020951,0.0,1.07058691046519,0.8004068847447,0.874426545175853,0.0,0.0,4.07417756122159,0.786555061423005,1.77452764562617
gene-b2074,117.4990955514,85.5359904332578,107.760295990685,144.198667421457,156.305688927918,176.089514643834,145.154806499192,155.692944247781,130.581915930073,157.874380497337,112.47737378349,165.031071043234
gene-b2075,275.550976293107,268.451416128994,273.626633937132,300.936349401301,355.434854274443,308.15665062671,377.752267515969,341.124990205813,293.809310842664,351.397814655362,218.662307075595,296.346116819571
gene-b2076,144.534285678271,138.17352300757,186.995807748542,182.711354993647,181.999774779082,174.488700874345,256.206977736525,226.541980675142,223.572068183307,173.152546351918,140.793355994718,179.227292208244
gene-b2077,56.1500102635011,55.2694092030281,67.6143033667045,86.8774580116852,79.223431374424,80.04068847447,96.1869199693439,76.9717926618245,72.2157565370858,53.9828526861861,57.4185194838793,56.7848846600376
gene-b2078,51.9907502439825,40.7940877450922,68.6707768568092,64.4863605859932,65.3058015383765,87.2443504371723,73.4518297947717,65.600959654964,63.3124440873081,63.1497521989347,48.7664138082263,57.6721484828507
gene-b2079,277.630606302866,242.132649841838,256.723058095456,232.867413227198,275.140835989554,242.523286077644,268.448949368987,230.915377985473,201.808415528295,170.096913181002,293.385037910781,183.663611322309
gene-b2080,57.1898252683807,53.9534708886703,80.2919852479615,47.4691265424672,33.1881942244209,94.4480123998746,5.24655927105512,13.994871393059,26.7099373493331,27.5006985382458,18.8773214741521,22.1815955703272
gene-b2081,1308.0872761386,1488.32623353869,1401.94032136901,1071.19010084511,1078.08101883845,1235.82823004582,2298.86738726732,1431.85027940235,1350.33572154962,2505.61920015128,672.504577516669,1592.63856194949
gene-b4438,195.485220917374,226.341390069544,238.763008763675,174.650559920398,190.564470062804,200.101721186175,297.30502535979,171.437174564973,160.259624095999,322.878571726811,125.848809827681,206.732470715449
gene-b2082,9.35833504391684,3.94781494307344,14.7906288614666,26.8693169108305,12.8470429255823,33.6170891592774,17.4885309035171,17.4935892413237,12.8603402052345,55.0013970764915,25.9563170269592,47.9122464319067
gene-b2085,17.676855082954,32.8984578589453,25.3553637625142,67.1732922770762,49.2469978813987,64.8329576643207,12.2419716324619,6.9974356965295,7.91405551091351,52.9643082958807,22.0235417198441,55.8976208372245
gene-b2086,140.375025658753,197.390747153672,227.141800372523,194.354725655007,253.72909778025,204.103755609899,30.6049290811549,31.4884606343827,42.5380483711601,64.1682965892401,41.6874182554192,73.6428972934863
gene-b2088,50.9509352391028,46.0578410025235,69.727250346914,82.3992385265468,50.3175847918639,85.6435366676829,48.9678865298478,60.3528828825669,50.4521038820736,78.4279180535157,81.0151713265695,94.0499652181873
gene-b2089,40.5527851903063,47.3737793168813,49.6542540349236,39.408331469218,47.1058240604683,56.8288888168737,41.0980476232651,33.2378195585151,62.3231871484439,48.8901307346591,75.5092858966084,47.0249826090936
gene-b2091,5924.86589780424,5116.36816622318,2984.53760954594,1274.50126547039,1545.92749871173,1440.73239254046,1781.20687252321,5983.68219999479,7749.83885906206,1394.38727032809,5510.60476032957,3248.27285531871
gene-b2093,18946.4692039121,22723.6228123307,14537.0752238415,5801.0855210483,8509.02476437732,6051.87645555468,3181.16377134976,7033.29755447421,10249.6911435719,4318.62821489489,9262.4724033173,8257.7643989214
gene-b2094,26017.2112370937,34217.0280499319,22290.5341677203,8444.13066117699,10218.7520603902,8373.85682819905,5770.34077161546,11479.2932601566,16181.2757490015,5858.66733303665,16701.7101742561,10834.3785403706
gene-b2095,66724.9288631271,80420.938205349,57184.7970723903,20938.3630247132,26510.9436638495,21561.3606612527,15451.9914798025,28320.371622779,33307.2918746184,12981.3482544423,42061.8184646566,18813.5420989287
gene-b2096,48034.2541504154,54261.4004542301,44321.1758568748,15388.9534387296,16130.532979979,16835.75841372,13886.7679639377,21262.5830433669,23019.0197104308,9095.60140542721,36702.2322761202,10543.3560064879
gene-b2097,1100.12427516267,1185.66042123639,1388.20616599765,1172.39786120924,1151.95151566054,1263.04206412714,170.513176309291,239.662172606135,176.087735117826,336.119648800781,218.662307075595,377.974388518375
gene-b2098,74.8666803513348,107.906941777341,104.590875520371,75.2340873503254,79.223431374424,93.6476055151299,63.8331377978373,67.3503185790964,103.87197858074,66.2053853698509,101.465602923568,83.4027993444302
gene-b2099,128.937060605077,125.014139863992,121.494451362047,97.6251847760174,104.917517225589,112.056963864258,97.0613465145197,129.452560385796,93.9794091920979,82.5020956147373,109.331153537798,82.5155355216171
gene-b2100,84.2250153952516,94.7475586337625,85.5743526984853,77.0253751443807,82.4351921058196,82.4419091287041,72.5774032495958,118.081727378935,101.893464703011,76.3908292729049,69.2168454052244,55.8976208372245
gene-b2101,213.162076000328,206.602315354177,221.859432921999,319.744871238883,284.77611818374,283.344037199624,211.611223932557,196.802878964892,203.786929406023,290.285151237039,244.618624102554,309.655074161768
gene-b2102,381.612106790831,423.732137223216,316.942047031427,380.648656236765,315.823138587231,248.126134270857,442.459831858982,308.761850109364,330.411817580639,395.195223438495,350.80355739466,449.842758166235
gene-b2103,1288.33079104589,1338.3092657019,1124.08779347146,1149.11111988652,1038.46930315123,856.435366676829,1495.26939225071,1347.88105104399,1330.55058277233,1665.32007814933,1233.31833631127,1361.06270419528
gene-b2104,2460.20230154525,2379.21647235893,2108.7210862491,2161.1887235278,1953.82111159897,1740.88497431972,2509.6041846547,2200.69352655853,2315.85049388107,2805.07125090107,2078.07847227958,2549.108962942
gene-b2105,31.1944501463895,38.1622111163766,33.8071516833522,36.721399778135,56.741106254655,52.8268543931502,27.1072229004515,39.3605757929784,29.6777081659257,50.9272195152699,40.9008631939962,59.4466761284769
gene-b2106,87.3444604098905,43.4259643738078,71.8401973271235,89.5643897027683,63.1646277174462,89.6455710914064,51.5911661653754,59.4782034205007,58.3661593929871,60.0941190280185,73.9361757737624,89.6136461041218
gene-b2107,322.342651512691,260.555786242847,322.224414481951,441.552441234648,272.999662168623,417.011986951989,413.603755868179,376.986848150527,399.659803301132,432.881365879794,318.554799876317,347.80741854273
gene-b2108,3.11944501463895,11.8434448292203,7.3953144307333,22.3910974256921,11.7764560151171,8.8044757321917,6.99541236140683,11.3708330068604,7.91405551091351,6.11126634183239,7.07899555280704,16.8580126334487
gene-b2109,20.796300097593,13.1593831435781,25.3553637625142,28.6606047048859,11.7764560151171,27.2138340813198,17.4885309035171,19.2429481654561,18.7958818384196,26.4821541479404,18.0907664127291,39.9268720265889
gene-b2110,2.0796300097593,3.94781494307344,2.11294698020951,0.0,1.07058691046519,2.4012206542341,0.0,0.0,0.989256938864189,1.0185443903054,0.0,0.887263822813087
gene-b2111,4.1592600195186,2.63187662871563,11.6212083911523,1.79128779405537,4.28234764186076,3.2016275389788,1.74885309035171,1.74935892413237,4.94628469432094,1.0185443903054,3.93277530711502,5.32358293687852
gene-b2112,61.3490852878993,42.11002605945,67.6143033667045,53.738633821661,38.5411287767468,77.6394678202359,33.2282087166824,45.4833320274417,41.5487914322959,52.9643082958807,44.0470834396883,35.4905529125235
gene-b2113,2845.9736683556,3141.1447563721,3090.18495855641,3300.44776054701,3313.46648788976,2718.181780593,3455.73370653497,2775.35793313601,2965.79230271484,4063.99211731854,3421.51451719007,3588.09489945613
gene-b2114,4450.4082208849,4782.11983437629,4598.82910242601,4823.04238549407,5356.14631305734,4542.30907092617,5811.43881923872,4477.48416631681,4586.19516857438,5367.72893690945,3486.79858728818,5025.46229241333
gene-b2115,17.676855082954,19.7390747153672,22.1859432921999,33.1388241900243,28.9058465825601,31.2158685050433,18.3629574486929,15.7442303171914,19.7851387772838,28.5192429285512,17.3042113513061,36.3778167353366
gene-b2118,98.7824254635667,123.698201549634,105.647349010476,81.5035946295191,80.2940182848892,106.454115671045,69.0796970688924,66.4756391170302,60.3446732707155,50.9272195152699,89.6672770022225,73.6428972934863
gene-b4541,5.19907502439825,2.63187662871563,4.22589396041903,3.58257558811073,7.49410837325632,3.2016275389788,1.74885309035171,1.74935892413237,4.94628469432094,3.0556331709162,2.35966518426901,6.21084675969161
gene-b2119,3.11944501463895,2.63187662871563,3.16942047031427,11.6433706613599,6.42352146279113,8.004068847447,7.86983890658268,16.6189097792576,5.93554163318513,16.2967102448864,3.93277530711502,9.75990205094396
gene-b2120,17.676855082954,17.1071980866516,30.637731213038,39.408331469218,27.8352596720949,33.6170891592774,30.6049290811549,30.6137811723166,18.7958818384196,34.6305092703835,19.6638765355751,21.2943317475141
gene-b2121,7.27870503415754,17.1071980866516,4.22589396041903,8.95643897027683,7.49410837325632,4.8024413084682,12.2419716324619,4.37339731033094,5.93554163318513,7.12981073213779,11.7983259213451,4.43631911406544
gene-b2122,21.8361151024726,19.7390747153672,14.7906288614666,25.0780291167751,20.3411512988386,36.0183098135115,20.9862370842205,24.4910249378532,20.774395716148,16.2967102448864,25.1697619655361,20.407067924701
gene-b2123,20.796300097593,17.1071980866516,21.1294698020951,23.2867413227198,9.6352821941867,27.2138340813198,13.1163981776378,15.7442303171914,35.6132497991108,28.5192429285512,16.5176562898831,31.0542337984581
gene-b2124,762.184398576783,869.835225790514,696.216029979035,739.801858944866,769.751988624471,604.307197982249,1022.20463131057,823.073373804282,869.556849261622,1009.37749079265,1142.86450424763,1028.33877064037
gene-b2125,400.328776878665,521.111572485694,474.356597057036,205.998096316367,204.482099898851,201.702534955664,566.628401273953,584.285880660213,653.898836589229,249.543375624823,660.706251595324,179.227292208244
gene-b2126,910.877944274573,1301.46299289988,1060.69938406518,488.125923880087,469.987653694218,505.857151158651,1415.69657663971,1382.86822952664,1354.29274930507,572.421947351634,1573.89667790743,586.481386879451
gene-b2127,151.812990712429,132.909769750139,189.108754728752,138.824804039291,192.705643883734,183.293176606536,29.730502535979,38.4858963309122,41.5487914322959,51.9457639055753,73.1496207123394,55.8976208372245
gene-b4542,10.3981500487965,13.1593831435781,10.5647349010476,17.017234043526,4.28234764186076,12.0061032711705,5.24655927105512,16.6189097792576,8.9033124497777,13.2410770739702,10.2252157984991,8.87263822813087
gene-b2128,46.7916752195842,36.8462728020188,51.7672010151331,47.4691265424672,79.223431374424,40.8207511219797,6.99541236140683,13.994871393059,15.828111021827,5.09272195152699,12.5848809827681,23.9561232159534
gene-b2129,86.3046454050109,93.4316203194047,92.9696671292186,69.8602239681593,139.176298360475,81.6415022439594,22.7350901745722,25.3657043999194,35.6132497991108,33.6119648800781,29.8890923340742,31.0542337984581
gene-b2130,151.812990712429,128.961954807066,138.398027203723,136.137872348208,187.352709331408,154.478528755727,14.8652512679895,28.8644222481842,25.7206804104689,28.5192429285512,42.4739733168422,47.9122464319067
gene-b2131,293.227831376061,286.874552530003,291.586683268913,252.571578961807,338.305463707,279.3420027759,56.8377254364305,63.8516007308317,59.3554163318513,103.891527811151,107.758043414952,125.991462839458
gene-b2132,1602.35492251954,1446.21620747924,1540.33834857274,1719.63628229315,1925.98585192688,1546.38610132676,1818.80721396578,1661.89097792576,1786.59803158873,2018.7549815853,1584.12189370593,1938.6714528466
gene-b2133,3494.8182314005,3854.38332275403,3235.97830019087,3030.85894754168,3377.70170251767,2419.63001258323,1004.71610040706,1091.5999686586,1317.6902425671,1853.75079035583,2198.4213966773,2253.65010994524
gene-b2134,1248.81782086046,1560.70284082837,1411.44858277996,1072.08574474214,1147.66916801868,1070.94441178841,1170.85714399047,938.531062797019,1096.09668826152,845.391843953481,1181.40570225735,1110.85430616199
gene-b2135,31.1944501463895,28.9506429158719,34.863625173457,30.4518924989412,29.9764334930253,36.8187166982562,6.99541236140683,10.4961535447942,9.89256938864189,22.4079765867188,18.8773214741521,23.0688593931403
gene-b2136,54.0703802537418,42.11002605945,39.089519133876,52.8429899246333,29.9764334930253,56.028481932129,35.85148835221,43.7339731033094,38.5810206157034,47.8715863443537,77.8689510808775,37.2650805581497
gene-b2137,32.2342651512691,25.0028279727984,24.2988902724094,11.6433706613599,20.3411512988386,30.4154616202986,6.99541236140683,11.3708330068604,9.89256938864189,11.2039882933594,16.5176562898831,19.5198041018879
gene-b4679,13.5175950634354,19.7390747153672,16.9035758416761,25.0780291167751,16.0588036569778,24.8126134270857,2.62327963552756,5.24807677239712,5.93554163318513,15.278165854581,7.07899555280704,15.9707488106356
gene-b2140,79.0259403708533,51.3215942599547,59.1625154458664,80.6079507324915,41.7528895081424,99.2504537083428,244.839432649239,209.923070895885,172.130707362369,177.226723913139,69.2168454052244,152.609377523851
gene-b2141,14.5574100683151,10.5275065148625,9.50826141094281,17.9128779405537,19.2705643883734,22.4113927728516,5.24655927105512,7.87211515859569,10.8818263275061,56.0199414667969,53.4857441767643,46.1377187862805
gene-b2142,48.8713052293435,52.6375325743125,64.4448828963902,100.3121164671,113.48221250931,109.655743210024,33.2282087166824,26.2403838619856,25.7206804104689,159.911469277948,179.334554004445,164.143807220421
gene-b2143,478.314902244639,780.351420414183,822.992848791606,325.118734621049,426.093590365145,522.665695738289,327.909954440945,312.260567957629,295.787824720392,348.342181484446,4153.01072431346,519.049336345656
gene-b2144,191.325960897855,222.39357512647,241.932429233989,168.381052641204,179.858600958152,260.132237542028,322.66339516989,261.52915915779,303.701880231306,241.395020502379,474.292702038072,212.943317475141
gene-b2145,95.6629804489277,117.118509977845,110.929716461,121.807569995765,74.9410837325632,122.462253365939,138.159394137785,112.833650606538,152.345568585085,119.169693665732,160.457232530293,108.246186383197
gene-b2146,138.295395648993,230.289205012617,262.00542554598,60.9037849978824,72.7999099116329,117.659812057471,66.4564174333649,100.588138137612,139.485228379851,70.2795629310725,387.771645281541,106.47165873757
gene-b2147,128.937060605077,143.437276265002,204.955857080323,56.425565512744,52.4587586127943,81.6415022439594,47.2190334394961,94.4653819031482,121.678603480295,69.2610185407671,178.547998943022,80.7410078759909
gene-b2148,5735.61956691615,7669.28849607733,5377.45006463321,844.592194897105,917.492982268667,1324.67339425248,2650.38685842801,6965.94723589512,7964.50761479558,906.504507371805,3976.03583549329,843.787895495246
gene-b2149,6547.71508572715,9818.21576342364,7591.81849989279,1021.92968650859,1247.23375069195,1543.18447378778,3976.89192745978,8612.09398350368,9402.88720390411,1157.06642738693,3282.2942713182,1104.64345940229
gene-b2150,10796.3991956654,14750.3525656367,11635.9990200138,2340.31750293334,2680.74962380483,3216.03486290421,6758.44276766417,13037.9720615586,13922.8021575746,2879.42499139336,5221.15249772591,2966.12295966415
gene-b2151,1263.37523092877,3114.82599008494,2407.70308394874,231.97176933017,248.376163227924,232.918403460708,924.268858250877,1408.23393392656,1378.03491583782,195.560522938636,736.215537491932,230.688593931403
gene-b2152,276.590791297987,239.500773213122,236.650061783466,292.875554328052,300.834921840718,220.912300189537,248.337138829942,216.045827130348,223.572068183307,327.971293678338,246.978289286823,266.179146843926
gene-b2153,3372.1200608247,3959.65838790266,3628.98643850984,4174.59620404603,4245.94768690494,3345.70077823285,2663.50325660565,2011.76276275223,2326.73232020857,3169.7101426304,2560.23672493188,3623.58545236865
gene-b2154,1163.55299046033,1260.66890515478,1194.87151730848,945.799955261233,1051.31634607682,792.402815897253,433.715566407223,394.48043739185,435.273053100243,746.593038093857,758.239079211776,755.061513213937
gene-b2155,2995.70702905827,2266.04577732415,1221.2833545611,6825.70213924797,4453.64154753519,1908.17001323137,7902.19268875419,8044.42701262272,8069.36885031519,1498.27879813924,8251.74914938874,2736.32162955556
gene-b2156,1338.24191128011,1396.21055153364,1400.88384787891,1899.66070559572,1787.88014047687,1627.22719668598,3448.73829417357,2239.17942288944,2107.11727978072,3383.60446459453,1571.53701272316,2753.17964218901
gene-b2157,392.010256839628,359.251159819683,361.313933615827,346.614188149713,384.340700857003,270.537527043709,329.658807531297,337.626272357548,337.336616152688,401.306489780327,489.237248205109,421.450315836217
gene-b2158,271.391716273588,231.605143326975,209.181751040742,315.266651753744,311.54079094537,230.517182806474,230.848607926425,177.559930799436,190.926589200788,321.860027336506,191.919434987213,280.375368008936
gene-b2159,531.345467493501,617.175069433814,610.64167728055,640.385386374793,690.528557250047,588.299060287355,709.159928137617,589.53395743261,549.037601069625,702.795629310725,781.835731054467,716.021905010162
gene-b2160,437.762117054332,334.248331846884,385.612823888236,372.587861163516,393.97598305119,303.354209318241,501.046410385764,383.984283847056,412.520143506367,410.473389293076,442.830499581152,432.984745532787
gene-b2161,7.27870503415754,10.5275065148625,6.33884094062854,18.8085218375813,16.0588036569778,13.6069170406599,7.86983890658268,11.3708330068604,13.8495971440986,16.2967102448864,10.2252157984991,17.7452764562617
gene-b2162,8.31852003903719,10.5275065148625,4.22589396041903,12.5390145583876,12.8470429255823,20.8105790033622,4.37213272587927,6.9974356965295,13.8495971440986,15.278165854581,9.43866073707606,23.9561232159534
gene-b2163,21.8361151024726,42.11002605945,44.3718865843998,24.1823852197474,13.9176298360475,23.2117996575963,33.2282087166824,39.3605757929784,44.5165622488885,18.3337990254972,58.2050745453023,21.2943317475141
gene-b2164,69.6676053269365,60.5331624604594,51.7672010151331,51.9473460276056,62.094040806981,80.8410953592147,87.4426545175854,207.299032509686,217.636526550122,68.2424741504617,110.117708599221,70.981105825047
gene-b2165,90.4639054245295,96.0634969481203,103.534402030266,43.8865509543565,46.0352371500031,111.256556979513,90.0659341531129,373.488130302262,369.982095135207,87.5948175662643,195.065655232905,76.3046887619255
gene-b2166,68.6277903220569,106.591003462983,108.81676948079,54.6342777186887,47.1058240604683,73.6374333965124,206.364664661501,345.498387516144,370.971352074071,78.4279180535157,168.322783144523,117.118824611328
gene-b2167,29357.0970327671,25523.9395452841,20599.1201100626,15106.8256111659,14916.4874235115,15336.5963185932,18162.7137698477,47944.680033696,43203.8182910157,20970.8104519978,39341.9110622558,17886.351404089
gene-b2168,22862.4125122888,27303.0881462959,22339.1319482651,12650.970045516,13281.7012112311,12966.5915328641,17192.9747312476,32964.9195663505,32764.1898151819,14879.9149979716,33417.5783396178,16150.8633666666
gene-b2169,38778.8607919816,57846.0164225407,48120.2545272915,27079.793226632,25910.3444070785,23686.4409402499,31496.8441572342,46801.4739767755,46169.6105937306,23645.5080209398,57183.3395205139,29441.1881685839
gene-b2170,51.9907502439825,38.1622111163766,30.637731213038,49.2604143365226,36.3999549558164,42.4215648914691,38.4747679877376,41.984614179177,29.6777081659257,58.0570302474077,47.1933036853803,48.7995102547198
gene-b4502,33.2740801561488,22.3709513440828,21.1294698020951,31.3475363959689,25.6940858511645,22.4113927728516,23.609516719748,27.989742786118,18.7958818384196,38.7046868316051,33.0353125797662,36.3778167353366
gene-b2171,1373.59562144602,1315.93831435781,1340.66485894294,1270.91868988228,1386.41004905242,1287.05427066948,1788.20228488462,1815.8345632494,1754.94180954507,1879.21440011346,1166.46115609032,1456.88719705909
gene-b2172,435.682487044573,602.699747975878,563.100370225836,339.449036973492,372.564244841886,331.368450284306,1256.5509454177,1402.98585715416,1393.86302685964,503.160928810867,842.400470784038,655.687965058872
gene-b2173,684.198273210809,760.612345698816,714.176079310816,745.175722327032,993.504652911695,594.702315365312,445.083111494509,346.37306697821,418.455685139552,469.548963930789,526.991891153413,488.882366370011
gene-b2174,798.577923747571,910.629313535607,856.800000474958,1226.1364950309,1188.35147061636,845.229670290403,1406.95231118795,906.16792270057,940.783348859844,1250.77251129503,788.128171545851,1344.20469156183
gene-b2175,7823.56809671448,9148.40316141552,8436.99729197659,4898.2764728444,5418.24035386432,4863.2722317088,9112.39902727757,8177.37829085678,9065.55058775143,6345.53155160263,6050.96808752717,6553.33059529746
gene-b2176,722.671428391356,718.502319639366,646.561775944111,619.785576743157,638.069798637253,442.625007263819,477.436893666016,445.211846191689,488.692927798909,467.511875150178,630.81715926125,435.646537001226
gene-b2177,371.213956742035,342.143961733031,369.765721536665,377.066080648655,369.35248411049,296.950954240284,272.821082094866,283.396145709445,266.110116554467,294.35932879826,420.020402799884,299.895172110824
gene-b2178,126.857430595317,121.066324920919,121.494451362047,123.59885778982,116.693973240706,88.8451642066617,84.8193748820578,83.0945488962878,102.882721641876,103.891527811151,149.445461670371,71.8683696478601
gene-b2179,158.051880741707,164.492289294727,146.849815124561,99.4164725700728,144.529232912801,109.655743210024,99.6846261500473,125.079163075465,116.732318785974,133.429315130007,130.568140196219,125.104199016645
gene-b2180,423.204706986017,460.578410025235,426.815290002322,368.109641678378,415.387721260493,295.350140470794,244.839432649239,230.040698523407,231.48612369422,217.968499525355,224.954747566979,290.13527005988
gene-b2181,857.847379025711,652.705403921475,656.070037355054,1246.73630466253,980.657609986113,1144.58184518492,550.888723460788,710.239723197744,598.500448012834,1494.20462057802,271.361496190937,2075.31008155981
gene-b2182,1161.47336045057,1115.91569057543,976.181504856796,1253.90145583876,1249.37492451288,1010.91389543256,981.981010232484,879.927538838584,801.298120479993,1117.34319616502,931.281192724838,1207.56606284861
gene-b2183,1291.45023606052,1210.66324920919,1124.08779347146,1331.82247488016,1309.32779149893,1099.75905963922,1066.80038511454,974.392920741733,893.299015794363,1301.6997308103,984.766936901602,1259.91462839458
gene-b2184,277.630606302866,273.715169386425,275.739580917342,317.953583444827,290.129052736066,264.134271965751,306.049290811549,302.639093874901,293.809310842664,309.637494652841,288.665707542243,281.262631831749
gene-b2185,7930.66904221709,7415.31240140628,8068.28804393003,8850.75299042756,8494.03654763081,8161.74900374171,14931.7076854229,14600.1495808088,12827.6947262519,16181.6147287819,9847.66936901602,14065.7933830559
gene-b2186,1389.19284651921,1440.95245422181,1462.15931030498,1810.09631589295,1752.55077243151,1457.5409371201,1892.25904376055,1540.31053269856,1529.39122748404,2018.7549815853,1361.52681132322,1818.89083676683
gene-b2187,512.628797405667,488.213114626749,514.502589681017,623.368152331267,538.50521596399,525.066916392523,651.447776156011,631.518571611787,460.993733510712,740.481771752025,590.702851128676,609.550246272591
gene-b2188,2030.75870452995,2027.86094242539,1783.32725129683,2288.37015690573,2360.64413757574,1727.27805727906,2576.93502863324,2180.575898931,2305.95792449242,2781.64472992404,2185.04996063311,2711.4782425168
gene-b2189,18.7166700878337,17.1071980866516,24.2988902724094,18.8085218375813,19.2705643883734,13.6069170406599,20.1118105390446,29.7391017102504,20.774395716148,33.6119648800781,22.8100967812671,22.1815955703272
gene-b2192,2093.14760482273,2325.26300147026,2392.91245508727,2161.1887235278,1696.88025308732,2137.08638226835,2396.80316032701,2859.32716149437,2712.54252636561,1137.71408397113,1908.96913407363,1038.09867269131
gene-b2193,168.450030790503,194.758870524956,227.141800372523,211.371959698533,158.446862748848,284.944850969113,298.179451904966,312.260567957629,308.648164925627,417.603200025213,249.337954471092,277.713576540496
gene-b2194,72.7870503415755,44.7419026881656,78.179038267752,60.9037849978824,71.7293230011677,60.8309232405972,134.661687957081,125.079163075465,94.9686661309621,53.9828526861861,69.2168454052244,63.8829952425423
gene-b2195,45.7518602147046,44.7419026881656,52.8236745052379,48.3647704394949,27.8352596720949,43.2219717762138,97.9357730596956,67.3503185790964,67.2694718427648,35.6490536606889,38.5411980097272,48.7995102547198
gene-b2196,125.817615590438,92.1156820050469,128.88976579278,115.538062716571,98.4939957627974,114.458184518492,189.75056030316,209.048391433819,173.119964301233,124.262415617259,102.252157984991,104.697131091944
gene-b2197,27.0351901268709,30.2665812302297,22.1859432921999,32.2431802929966,17.129390567443,24.8126134270857,59.461005071958,69.0996775032288,51.4413608209378,32.5934204897728,33.0353125797662,23.9561232159534
gene-b2198,3.11944501463895,7.89562988614688,4.22589396041903,5.3738633821661,7.49410837325632,2.4012206542341,13.1163981776378,12.2455124689266,10.8818263275061,6.11126634183239,8.65210567565305,3.54905529125235
gene-b2199,59.26945527814,55.2694092030281,66.5578298765997,59.1124972038271,42.8234764186076,63.2321438948313,97.9357730596956,104.961535447942,92.9901522532338,87.5948175662643,81.0151713265695,70.0938420022339
gene-b2200,42.6324152000656,34.2143961733031,39.089519133876,36.721399778135,41.7528895081424,33.6170891592774,48.9678865298478,68.2249980411626,54.4091316375304,34.6305092703835,41.6874182554192,39.0396082037758
gene-b2201,68.6277903220569,75.0084839183953,97.1955610896377,96.7295408789898,76.0116706430284,80.8410953592147,96.1869199693439,90.9666640548835,123.657117358024,77.4093736632103,100.679047862145,114.457033142888
gene-b2202,69.6676053269365,67.1128540322485,82.4049322281711,57.3212094097717,52.4587586127943,56.8288888168737,77.823962520651,102.337497061744,112.775291030518,56.0199414667969,72.3630656509164,74.5301611162993
gene-b2203,25.9953751219912,31.5825195445875,40.1459926239808,16.1215901464983,22.482325119769,19.2097652338728,27.1072229004515,41.984614179177,46.4950761266169,30.556331709162,17.3042113513061,16.8580126334487
gene-b2204,49.9111202342232,81.5881754901844,50.7107275250283,26.8693169108305,37.4705418662816,44.0223786609585,62.9587112526615,73.4730748135597,83.0975828645919,28.5192429285512,44.8336385011113,24.8433870387664
gene-b2205,46.7916752195842,40.7940877450922,62.3319359161807,26.8693169108305,21.4117382093038,28.0142409660645,42.8469007136168,42.8592936412432,64.3017010261723,22.4079765867188,35.3949777640352,20.407067924701
gene-b2206,239.157451122319,311.877380502802,361.313933615827,125.390145583876,155.235102017452,170.486666450621,245.713859194415,364.7413356816,375.917636768392,101.85443903054,245.405179163977,99.3735481550658
gene-b2207,9.35833504391684,19.7390747153672,16.9035758416761,9.85208286730451,3.21176073139557,4.8024413084682,9.61869199693439,9.62147408272806,8.9033124497777,6.11126634183239,9.43866073707606,7.0981105825047
gene-b2208,22.8759301073523,63.165039089175,59.1625154458664,29.5562486019135,22.482325119769,28.8146478508092,43.7213272587927,48.1073704136403,28.6884512270615,22.4079765867188,33.8218676411892,24.8433870387664
gene-b4604,0.0,1.31593831435781,0.0,2.68693169108305,0.0,0.0,0.0,0.0,0.0,0.0,2.35966518426901,0.887263822813087
gene-b2209,623.88900292779,544.798462144135,727.910234682178,894.748253130655,878.95185349192,945.280530883491,1002.09282077153,1011.12945814851,1011.0205915192,1204.93801373129,1202.64268891577,1076.25101707228
gene-b2210,6966.76053269365,6019.10184987264,4634.74920108957,4909.91984350576,6317.53335865508,2865.45664738603,3335.06284330071,4386.51750226193,4175.65353894574,4844.19712029248,2303.03321984656,2889.81827090223
gene-b2211,724.751058401116,567.169413488217,490.203699408607,922.513213938513,941.045894298901,743.577995927826,1403.45460500724,1306.77111632688,1228.65711806932,555.106692716442,608.007062479983,664.560603287002
gene-b2212,48.8713052293435,55.2694092030281,77.1225647776473,75.2340873503254,59.9528669860506,72.036619627023,34.1026352618583,33.2378195585151,48.4735900043453,47.8715863443537,46.4067486239573,57.6721484828507
gene-b2213,206.92318597105,264.50360118592,244.045376214199,298.249417710218,276.211422900019,310.557871280944,215.983356658436,155.692944247781,190.926589200788,227.135399038104,212.369866584211,287.47347859144
gene-b2214,218.361151024726,257.923909614131,239.81948225378,360.944490502156,353.293680453512,343.374553555476,341.900779163759,229.166019061341,286.884512270615,371.76870246147,264.28250063813,411.690413785273
gene-b2215,146991.368534802,174107.850557739,176430.016374004,139666.709302497,144266.939119737,136177.22533604,214903.439875144,179031.141654631,186721.257953677,141845.547427101,149817.502214424,118258.07135982
gene-b4439,1.03981500487965,0.0,0.0,0.895643897027683,0.0,0.8004068847447,1.74885309035171,0.874679462066187,1.97851387772838,1.0185443903054,2.35966518426901,0.887263822813087
gene-b2216,2316.70783087186,2529.23344019572,2334.80641313151,2545.41995535268,2571.54975893738,2192.31445731573,2306.7372261739,2146.46339991042,2165.48343917371,2368.11570746005,2299.10044453944,2452.39720625537
gene-b2217,2993.62739904851,2914.80336630256,2841.9136883818,2941.29455783891,3295.26651041185,2618.13091999991,2852.37939036363,2880.31946858395,2845.10295617341,3450.82839435469,2878.00496974677,3484.28503218699
gene-b2218,896.320534206258,900.101807020744,876.872996786948,965.504120995842,972.092914702392,884.449607642894,812.342260468368,863.308629059327,837.900627217968,679.369108333701,970.608945795988,779.017636429891
gene-b2219,154.932435727068,235.552958270049,201.786436610009,71.6515117622146,86.7175397476803,104.052895016811,94.4380668789922,125.953842537531,134.53894368553,45.8344975637429,519.126340539183,43.4759273178413
gene-b2220,162.211140761225,268.451416128994,196.504069159485,67.1732922770762,69.5881491802373,89.6455710914064,91.8147872434646,146.946149627119,169.162936545776,36.6675980509943,347.657337148968,56.7848846600376
gene-b2221,3.11944501463895,5.26375325743125,2.11294698020951,2.68693169108305,7.49410837325632,0.8004068847447,0.0,0.874679462066187,1.97851387772838,0.0,3.14622024569202,1.77452764562617
gene-b2222,1.03981500487965,1.31593831435781,2.11294698020951,0.0,0.0,2.4012206542341,0.0,0.874679462066187,0.0,0.0,1.57311012284601,0.887263822813087
gene-b2223,5.19907502439825,11.8434448292203,11.6212083911523,7.16515117622146,10.7058691046519,15.2077308101493,6.99541236140683,7.87211515859569,9.89256938864189,7.12981073213779,11.0117708599221,8.87263822813087
gene-b2224,19.7564850927133,15.7912597722938,20.0729963119904,15.2259462494706,14.9882167465126,12.0061032711705,11.3675450872861,18.3682687033899,12.8603402052345,20.370887806108,14.9445461670371,12.4216935193832
gene-b2225,11.4379650536761,7.89562988614688,11.6212083911523,6.26950727919378,7.49410837325632,13.6069170406599,4.37213272587927,5.24807677239712,2.96777081659257,3.0556331709162,11.0117708599221,2.66179146843926
gene-b2226,32.2342651512691,28.9506429158719,24.2988902724094,32.2431802929966,26.7646727616297,38.4195304677456,5.24655927105512,13.1201919309928,13.8495971440986,19.3523434158026,12.5848809827681,25.7306508615795
gene-b2229,17.676855082954,10.5275065148625,5.28236745052379,7.16515117622146,17.129390567443,10.4052895016811,6.12098581623097,6.12275623446331,18.7958818384196,10.185443903054,10.2252157984991,10.647165873757
gene-b2230,84.2250153952516,61.8491007748172,72.8966708172282,88.6687458057406,83.5057790162847,77.6394678202359,104.931185421102,87.4679462066187,81.1190689868635,126.299504397869,76.2958409580314,89.6136461041218
gene-b2231,14457.5878278466,14566.1212016266,15165.6769504538,18169.9277390006,22934.1127959853,14126.3811088592,20911.9108278805,16917.1754758221,17009.2838068309,24316.7287741511,13064.6795702361,21721.99291011
gene-b2232,563.57973264477,660.601033807622,619.093465201388,709.349966445925,686.246209608186,623.516963216121,631.335965616966,593.032675280875,557.940913519403,779.18645858363,490.023803266532,648.589854476367
gene-b2233,239.157451122319,209.234191982892,221.859432921999,239.136920506391,195.91740461513,247.325727386112,136.410541047433,144.322111240921,122.667860419159,137.503492691229,184.053884372983,176.565500739804
gene-b4605,1.03981500487965,3.94781494307344,3.16942047031427,0.0,2.14117382093038,2.4012206542341,1.74885309035171,0.874679462066187,1.97851387772838,2.0370887806108,0.0,0.0
gene-b2234,7119.61333841096,6219.12447365502,5100.65401022577,5645.24348296549,4712.72357986776,5765.33079081608,8753.88414375547,6983.44082513644,6855.55058632883,11384.2706504434,5531.05519192657,9768.77468917209
gene-b4779,1.03981500487965,1.31593831435781,0.0,1.79128779405537,0.0,0.0,0.0,2.62403838619856,4.94628469432094,0.0,1.57311012284601,0.887263822813087
gene-b2235,3011.30425413146,2701.62135937659,2777.46880548541,2913.52959703105,2516.94982650366,2965.50750797911,3550.17177341397,2811.21979108073,2821.36078964067,4694.47109491758,2440.68035559558,3628.02177148271
gene-b2236,99.8222404684463,53.9534708886703,47.5413070547141,69.8602239681593,64.2352146279113,94.4480123998746,120.670863234268,127.703201461663,128.603402052345,221.024132696271,88.8807219407995,110.020714028823
gene-b2237,96.7027954538074,89.4838053763313,94.0261406193234,102.999048158184,102.776343404658,72.8370265117677,38.4747679877376,61.2275623446331,41.5487914322959,67.2239297601563,88.8807219407995,55.8976208372245
gene-b2239,14670.749903847,18595.5243201903,14838.1701685213,2412.86465859258,3223.53718741068,3204.02875963303,281.565347546625,1294.52560385796,1902.34109343584,834.187855660121,1156.23594029182,694.727573262647
gene-b2240,20930.4362332225,34905.263788341,28353.6355274315,3838.72974266065,4714.86475368869,4928.10518937312,529.902486376567,2157.83423291728,2810.47896331316,1033.82255615998,1950.65655232905,1092.22176588291
gene-b2241,3657.02937216173,6074.37125907566,4915.77114945744,573.212094097717,689.457970339582,726.769451348188,13.9908247228137,226.541980675142,253.249776349232,165.004191229475,305.969918893549,141.962211650094
gene-b2242,4267.40078002608,6565.21625033113,4794.27669809539,530.221187040388,862.893049834942,746.779623466805,13.1163981776378,116.332368454803,184.001790628739,95.7431726887075,171.469003390215,95.8244928638134
gene-b2243,4767.55179737319,7091.59157607425,4437.18865843998,607.246562184769,915.351808447737,800.4068847447,23.609516719748,72.5983953514936,153.334825523949,71.2981073213779,106.971488353529,78.0792164075517
gene-b2244,146.613915688031,231.605143326975,164.809864456342,85.9818141146576,101.705756494193,97.6496399388534,56.8377254364305,98.8387792134792,86.0653536811844,102.872983420845,78.6555061423005,83.4027993444302
gene-b2245,71.7472353366958,55.2694092030281,61.2754624260759,46.5734826454395,29.9764334930253,56.8288888168737,55.9632988912546,37.6112168688461,56.3876455152588,39.7232312219105,38.5411980097272,39.0396082037758
gene-b2246,28.0750051317505,27.6347046015141,26.4118372526189,25.0780291167751,13.9176298360475,24.8126134270857,24.4839432649239,20.9923070895885,19.7851387772838,8.14835512244319,27.5294271498052,17.7452764562617
gene-b2247,40.5527851903063,35.530334487661,39.089519133876,17.9128779405537,28.9058465825601,18.4093583491281,9.61869199693439,16.6189097792576,13.8495971440986,13.2410770739702,40.1143081325732,20.407067924701
gene-b2248,12.4777800585558,32.8984578589453,23.2424167823047,13.4346584554152,12.8470429255823,12.8065101559152,5.24655927105512,6.12275623446331,15.828111021827,6.11126634183239,36.9680878868812,10.647165873757
gene-b2249,598.933442810678,522.427510800052,500.768434309655,441.552441234648,511.74054320236,380.993677138477,428.469007136168,433.841013184829,394.713518606811,405.380667341549,690.595343929398,421.450315836217
gene-b2250,51.9907502439825,32.8984578589453,65.5013563864949,63.5907166889655,64.2352146279113,72.036619627023,236.969593742656,236.163454757871,148.388540829628,163.985646839169,106.971488353529,86.9518546356826
gene-b2251,62.388900292779,69.7447306609641,60.2189889359712,40.3039753662457,57.8116931651202,41.6211580067244,38.4747679877376,64.7262801928979,49.4628469432094,43.7974087831321,92.8134972479145,55.0103570144114
gene-b2252,18.7166700878337,27.6347046015141,16.9035758416761,37.6170436751627,29.9764334930253,28.8146478508092,11.3675450872861,13.1201919309928,13.8495971440986,19.3523434158026,10.2252157984991,29.2797061528319
gene-b2253,135.175950634354,123.698201549634,142.623921164142,126.285789480903,161.658623480244,176.089514643834,60.3354316171339,58.6035239584346,71.2264995982216,95.7431726887075,59.7781846681483,96.7117566866265
gene-b2254,65.5083453074179,63.165039089175,81.3484587380663,61.7994288949101,102.776343404658,88.044757321917,27.9816494456273,27.1150633240518,24.7314234716047,45.8344975637429,21.2369866584211,54.1230931915983
gene-b2255,180.927810849059,152.648844465506,167.979284926656,186.293930581758,203.411512988386,201.702534955664,61.2098581623098,60.3528828825669,87.0546106200486,121.206782446342,117.983259213451,151.722113701038
gene-b2256,51.9907502439825,36.8462728020188,34.863625173457,53.738633821661,49.2469978813987,52.0264475084055,21.8606636293963,26.2403838619856,25.7206804104689,35.6490536606889,28.3159822112282,48.7995102547198
gene-b2257,45.7518602147046,18.4231364010094,30.637731213038,43.8865509543565,34.258781134886,43.2219717762138,20.9862370842205,22.7416660137209,22.7529095938763,39.7232312219105,39.3277530711502,35.4905529125235
gene-b4544,8.31852003903719,5.26375325743125,9.50826141094281,1.79128779405537,3.21176073139557,7.2036619627023,0.874426545175853,4.37339731033094,2.96777081659257,3.0556331709162,4.71933036853803,2.66179146843926
gene-b2258,19.7564850927133,15.7912597722938,12.6776818812571,13.4346584554152,10.7058691046519,5.6028481932129,1.74885309035171,6.12275623446331,2.96777081659257,7.12981073213779,8.65210567565305,4.43631911406544
gene-b2259,135.175950634354,132.909769750139,114.099136931314,120.01628220171,79.223431374424,89.6455710914064,64.7075643430132,83.0945488962878,58.3661593929871,69.2610185407671,121.129479459143,66.5447867109816
gene-b2260,613.490852878993,779.035482099825,723.684340721759,584.855464759077,808.293117401218,497.052675426459,940.008536064043,695.370172342619,670.71620454992,732.333416629582,707.113000219281,628.182786551666
gene-b2261,561.500102635011,563.221598545144,594.794574928978,568.733874612579,858.610702193082,460.233958728203,835.07735064294,781.963439087171,676.651746183105,903.448874200888,691.381898990821,742.639819694554
gene-b2262,1118.8409452505,1346.20489558804,1453.70752238415,1338.98762605639,1561.98630236871,1231.82619562209,1742.73210453548,1315.51791094755,1417.60519339238,1844.58389084308,1345.00915503334,1637.00175309015
gene-b2263,278.670421307746,351.355529933536,341.240937303837,314.371007856717,352.223093543047,232.117996575963,423.222447865113,375.237489226394,336.347359213824,340.193826362003,265.069055699553,401.930511734329
gene-b2264,607.251962849715,663.232910436338,590.568680968559,586.646752553132,719.434403832607,465.036400036671,808.844554287665,674.37786525303,663.791405977871,742.518860532635,614.299502971367,713.360113541722
gene-b2265,587.495477757002,643.493835720971,642.335881983692,560.673079539329,710.869708548886,543.476274741651,668.061880514352,617.523700218728,520.349149842563,679.369108333701,648.907925673979,523.485655459722
gene-b2266,756.985323552385,613.227254490741,715.232552800921,431.700358367343,449.646502395379,405.806290565563,153.024645405774,266.777235930187,206.754700222615,292.322240017649,252.484174716784,307.880546516141
gene-b2267,264.113011239431,255.292032985416,241.932429233989,210.476315801505,183.070361689547,198.500907416686,142.531526863664,131.201919309928,151.356311646221,172.134001961612,169.109338205946,157.93296046073
gene-b2268,276.590791297987,332.932393532527,328.563255422579,333.179529694298,294.411400377927,286.545664738603,386.496532967727,310.511209033496,357.121754929972,360.564714168111,363.388438377428,362.890903530553
gene-b2269,49.9111202342232,47.3737793168813,35.9200986635617,71.6515117622146,48.1764109709335,59.2301094711078,26.2327963552756,34.9871784826475,36.602506737975,31.5748760994674,57.4185194838793,61.221203774103
gene-b2270,42.6324152000656,42.11002605945,33.8071516833522,27.7649608078582,18.1999774779082,37.6191235830009,17.4885309035171,15.7442303171914,19.7851387772838,19.3523434158026,26.7428720883822,26.6179146843926
gene-b2271,3.11944501463895,3.94781494307344,7.3953144307333,5.3738633821661,4.28234764186076,8.004068847447,3.49770618070341,6.9974356965295,6.92479857204932,3.0556331709162,4.71933036853803,9.75990205094396
gene-b2272,10.3981500487965,10.5275065148625,17.9600493317809,2.68693169108305,7.49410837325632,13.6069170406599,10.4931185421102,12.2455124689266,7.91405551091351,6.11126634183239,43.2605283782653,10.647165873757
gene-b2273,13.5175950634354,6.57969157178906,4.22589396041903,21.4954535286644,14.9882167465126,14.4073239254046,12.2419716324619,10.4961535447942,16.8173679606912,9.16689951274859,9.43866073707606,7.98537440531779
gene-b2274,14.5574100683151,22.3709513440828,26.4118372526189,25.0780291167751,28.9058465825601,39.2199373524903,27.1072229004515,24.4910249378532,21.7636526550122,29.5377873188566,18.0907664127291,24.8433870387664
gene-b2275,48.8713052293435,36.8462728020188,46.4848335646093,45.6778387484118,51.3881717023291,77.6394678202359,42.8469007136168,51.6060882619051,60.3446732707155,53.9828526861861,48.7664138082263,74.5301611162993
gene-b2276,6874.21699725936,4354.43988221,3842.394083511,4517.62781660763,6428.87439734346,4836.05839762748,4866.18372390362,5661.80015795443,6941.61594001001,5467.54628715938,5060.69526519561,5630.57621957185
gene-b2277,7124.81241343536,4376.81083355409,3609.96991568796,4023.23238544835,5327.24046647478,3973.21977587269,3894.69583221325,5390.64952471391,6148.23187504093,4294.18314952756,4620.22443079873,4310.32765122598
gene-b2278,9431.12209425842,6080.95095064745,4824.91442930843,4882.1548826979,6903.14439867954,5023.35360865774,6097.37629951123,9227.86832479828,10100.3133458034,6070.52456622018,7955.21789123227,6024.52135690086
gene-b2279,1069.96964002116,654.021342235833,520.841430621645,480.960772703866,677.681514324465,493.050641002735,528.153633286215,843.191001431805,959.579230698263,511.30928393331,770.037405133122,481.784255787506
gene-b2280,2848.05329836536,1904.16274087576,1438.91689352268,1265.54482650012,1571.6215845629,1318.27013917452,1599.32615112664,2633.65986028129,2979.64189985894,1524.76095228718,2240.89536999414,1355.7391212584
gene-b2281,5672.19085161849,4678.16070754203,3565.59802910356,2902.78187026672,3575.76028095373,2782.21433137258,3563.2881715916,4841.35082253635,6072.05909074839,2996.55759627848,4493.58906590963,3361.84262463879
gene-b2282,7053.06517809866,5887.50801843686,4477.33465106396,3577.20172472857,5116.33484511314,3360.10810215825,4313.54614735249,6199.72802712514,7012.84243960823,3588.33188704592,5561.73083932207,3669.72317115493
gene-b2283,26017.2112370937,25025.1989241425,19299.6577172337,13079.0878282953,17382.0490783128,13020.218794142,17148.3789774437,25028.952807024,27242.157582442,13035.3311071285,22229.619145937,12625.7641986302
gene-b2284,7809.01068664617,7056.06124158659,5740.87694522925,3795.73883560332,4712.72357986776,3551.40534761223,6380.6905001482,9827.02375631361,9375.18800961592,5023.46093298623,8064.54904477007,3943.88769240417
gene-b2285,5710.66400679903,6502.05121124195,5223.20493507792,3055.04133276143,3256.72538163511,2887.06763327413,4597.73477453464,5871.72322885032,6587.46195589663,3337.76996703079,5780.39314639766,3169.30637508835
gene-b2286,20584.1778365975,24365.9138286493,18297.0643751243,11031.64587969,13533.2891351905,9931.44862591224,18617.4155733391,22915.727226672,23339.5389586228,12612.6351851518,18491.1229389934,11343.6679746653
gene-b2287,7529.30045033354,9301.05200588102,7698.52232239337,4308.04714470316,5106.69956291895,4100.4844705471,8929.64387933582,10505.775018877,10465.3491562443,6078.67292134262,8036.23306255884,5036.10945828708
gene-b2288,4525.27490123623,5033.46405241863,4356.89667319202,2560.64590160215,2859.53763785252,2257.14741498005,5139.00480599849,5795.62611565056,6120.53268075274,3559.81264411737,4664.27151423842,2518.05472914354
gene-b2289,641.565858010744,896.153992077671,784.959803147835,510.517021305779,474.270001336079,555.482378012822,990.725275684242,1185.19067109968,1126.76365336631,738.444682971414,1481.86973572094,780.792164075517
gene-b2290,1351.75950634354,1439.63651590745,1238.18693040278,1214.49312436954,1325.3865951559,1074.94644621213,998.595114590825,1008.50541976231,990.246195803053,971.69134835135,1029.60057540271,932.514277776555
gene-b2291,260.993566224792,211.866068611608,228.198273862628,241.823852197474,237.670294123272,192.898059223473,164.39219049306,192.429481654561,152.345568585085,220.005588305966,314.622024569202,223.590483348898
gene-b2292,176.76855082954,139.489461321928,153.18865606519,163.007189259038,173.435079495361,129.665915328641,116.298730508389,181.058648647701,163.227394912591,157.874380497337,263.495945576707,142.849475472907
gene-b2293,1191.62799559208,1190.92417449382,1230.79161597204,941.321735776095,843.622485446569,1086.9525494833,790.481596838972,1182.56663271349,1034.76275805194,980.858247864099,1693.45304724373,870.405810179639
gene-b2294,1533.72713219748,1767.30515618254,1607.95265193944,1233.30164620712,1265.43372816985,1321.4717667135,926.017711341229,1120.46439090679,1139.62399357155,919.745584445775,1934.92545110059,1028.33877064037
gene-b2295,551.101952586214,552.694092030281,529.293218542483,772.045039237863,639.140385547718,741.176775273592,423.222447865113,380.485565998791,340.304386969281,846.410388343786,573.39863977737,914.769001320293
gene-b2296,10298.327808328,10477.5008589169,12134.6545073432,9415.90428945203,9820.49372969718,9236.69544995384,35231.5199316803,33782.7448633824,34548.8093328929,17917.2143698623,25155.6039744305,15010.7293543518
gene-b2297,13746.354364509,16734.7875436883,17708.6086411359,16250.5628676703,17339.2256018942,14737.0915619194,37561.866674574,35714.0371156245,39663.2677068208,21433.2296051965,29122.9877042482,20681.2324459503
gene-b2298,18.7166700878337,21.055013029725,23.2424167823047,28.6606047048859,13.9176298360475,32.016275389788,20.1118105390446,14.8695508551252,17.8066248995554,28.5192429285512,14.9445461670371,25.7306508615795
gene-b2299,638.446412996105,569.801290116933,776.508015226997,750.549585709198,718.363816922142,971.693958080066,1157.74074581283,1111.71759628612,1026.84870254103,1035.85964494059,714.191995772088,873.954865470891
gene-b2300,723.711243396236,757.9804690701,986.746239757843,1046.11207172833,891.798896417503,1070.14400490366,1050.1862807562,861.559270135195,882.417189466856,1002.24768006051,725.20376663201,933.401541599368
gene-b2301,300.506536410219,277.662984329499,333.845622873103,261.528017932083,297.623161109323,248.926541155602,93.5636403338163,70.8490364273612,111.786034091653,116.114060494815,158.097567346024,164.143807220421
gene-b2302,80.065755375733,73.6925456040375,109.873242970895,72.5471556592423,74.9410837325632,88.044757321917,14.8652512679895,14.8695508551252,17.8066248995554,29.5377873188566,35.3949777640352,27.5051785072057
gene-b2303,969.107584547833,1252.77327526864,1218.11393409079,1204.64104150223,1057.73986753961,1390.30675880154,1237.31356142383,1190.43874787208,1227.66786113046,1285.40302056541,1282.0847501195,1373.48439771466
gene-b2304,1008.62055473326,947.475586337625,1035.34402030266,1075.66832033025,1021.33991258379,1272.64694674407,1390.33820682961,1367.99867867152,1320.65801338369,1247.71687812411,1630.52864232989,1233.29671371019
gene-b2305,187.166700878337,143.437276265002,120.437977871942,94.9382530849344,88.8587135686107,121.661846481194,86.5682279724095,68.2249980411626,68.258728781629,113.058427323899,123.489144643412,116.231560788514
gene-b2306,795.458478732932,846.148336132074,584.229840027931,291.979910431025,419.670068902354,232.918403460708,275.444361730394,283.396145709445,281.938227576294,238.339387331463,191.13287992579,211.168789829515
gene-b2307,533.42509750326,601.383809661521,370.82219502677,170.17234043526,213.046795182573,145.674053023535,197.620399209743,166.189097792576,185.980304506468,150.744569765199,127.421919950527,143.73673929572
gene-b2308,1137.55761533834,1179.0807296646,772.282121266578,408.413617044623,520.305238486082,320.16275389788,376.003414425617,360.367938371269,344.261414724738,301.489139530398,213.942976707057,314.091393275833
gene-b2309,3336.76635065879,3505.65966944921,2654.91788063325,1264.64918260309,1785.73896665594,1128.57370749003,850.817028456106,792.459592631966,769.641898436339,821.965322976457,661.492806656747,705.374739136405
gene-b2310,5841.68069741387,5980.93963875626,3975.5097432642,1305.84880186636,1749.33901170012,919.667510571661,799.22586229073,1080.22913565174,1130.72068112177,564.273592229191,450.696050195382,623.7464674376
gene-b2311,564.61954764965,464.526224968308,478.582491017455,616.203001155046,690.528557250047,489.849013463757,879.673104446909,679.625942025428,677.641003121969,834.187855660121,472.719591915226,798.537440531779
gene-b2312,5721.06215684783,5165.05788385442,5878.21849894287,7750.00664098054,9057.1652625355,5921.41013334129,13186.3523012519,10613.3605927111,9696.69651474678,13351.0798681232,4867.20272008555,9766.11289770365
gene-b2313,2051.55500462755,1512.01312319713,1780.15783082652,2660.06237417222,2841.33766037461,2279.55880775291,4742.01515448865,4725.01845408154,4075.73858812046,5825.05536815657,1862.56238544968,3918.15704154259
gene-b2314,341.059321600525,196.074808839314,267.287792996504,362.735778296212,402.540678334911,308.957057511454,510.665102382698,705.866325887413,523.316920659156,623.349166866904,419.233847738461,377.087124695562
gene-b2315,1050.21315492845,1067.22597294419,1050.13464916413,1295.99671899906,1373.56300612684,1002.10941970036,1424.44084209147,1454.59194541607,1351.32497848848,1429.01777959847,909.257651004993,1254.59104545771
gene-b2316,4404.65636067019,3671.4678970583,3812.81282578807,4530.16683116602,4875.45279025847,3677.06922851715,6386.81148596443,6504.99115938624,5941.47717481832,7608.52659558133,4370.09992126621,6159.38545796845
gene-b2317,1309.12709114348,1419.89744119208,1170.57262703607,1591.55920501819,1555.56278090592,1105.36190783243,1369.35196974539,988.387792134792,971.450313964633,1616.42994741467,1094.0980904394,1613.04562987419
gene-b2318,737.228838459671,629.018514263035,587.399260498245,845.487838794133,764.399054072145,716.364161846507,904.157047711833,812.577220259488,749.856759659055,1100.02794152983,788.914726607274,1040.76046415975
gene-b2319,903.599239240415,611.911316176383,705.724291389978,801.601287839776,1000.99876128495,734.773520195635,1186.59682180363,1137.95798014811,988.267681925325,1370.96074935107,884.087889039457,963.568511575013
gene-b2320,1300.80857110444,1085.6491093452,1166.34673307565,1160.75449054788,1186.21029679543,1012.51470920205,1563.47466277443,1596.29001827079,1499.71351931811,1548.18747326421,1224.66623063562,1224.42407548206
gene-b2321,528.226022478862,464.526224968308,495.486066859131,650.237469242098,578.116931651202,528.268543931502,633.959245252494,690.122095570222,608.393017401476,799.557346389738,437.324614151191,776.355844961451
gene-b2322,84.2250153952516,88.1678670619735,89.8002466589044,130.764008966042,125.258668524427,121.661846481194,156.522351586478,127.703201461663,91.0116383755054,158.892924887642,91.2403871250685,163.256543397608
gene-b2323,10160.0324126791,8870.74017708602,12876.2988973968,6860.63225123205,9808.71727368206,12499.954319058,20670.569101412,24285.4752642677,22689.597149789,12151.2345763434,19430.2696823325,16071.8968864363
gene-b2324,408.647296917702,382.938049478124,548.309741364369,469.317402042506,526.728759948873,570.690108822971,799.22586229073,928.034909252225,786.45926639703,670.202208820952,725.990321693433,677.869560629199
gene-b2325,279.710236312626,260.555786242847,256.723058095456,234.658701021253,252.658510869785,173.6882939896,279.816494456273,308.761850109364,225.550582061035,245.469198063601,213.156421645634,207.619734538262
gene-b2326,507.429722381269,565.85347517386,587.399260498245,481.856416600893,574.905170919807,393.800187294393,486.181159117775,456.58267919855,458.025962694119,459.363520027735,461.707821055304,473.798881382189
gene-b2327,565.659362654529,575.065043374364,498.655487329445,518.577816379028,528.869933769803,388.19733910118,532.525766012095,471.452230053675,460.004476571848,405.380667341549,413.7279623085,398.381456443076
gene-b2328,980.545549601509,1022.48407025602,936.035512232815,871.461511807935,978.516436165183,790.802002127764,940.008536064043,844.940360355937,849.771710484338,744.555949313246,734.642427369086,817.169980810854
gene-b2329,2851.17274338,3020.07843145118,2735.20986588122,2439.73397550341,2747.12601225368,2129.0823134209,2287.49984218003,2010.0134038281,2004.23455813885,2109.40543232248,1994.70363576874,2310.43499460528
gene-b2330,1936.13553908591,2146.29539071759,2097.09987785794,2229.2576597019,2743.91425152228,1891.36146865173,2006.80892117858,1629.52783782931,1777.69471913895,2325.33684306722,1421.30499599137,2238.56662495742
gene-b2331,193.405590907615,132.909769750139,133.115659753199,167.485408744177,168.082144943035,146.47445990828,162.643337402709,206.42435304762,202.797672467159,243.43210928299,282.373267050859,220.041428057646
gene-b2332,217.321336019847,173.703857495231,213.407645001161,279.440895872637,225.893838108155,311.358278165688,182.755147941753,215.171147668282,216.647269611257,307.60040587223,291.811927787935,294.571589173945
gene-b2333,3.11944501463895,2.63187662871563,10.5647349010476,6.26950727919378,5.35293455232595,12.0061032711705,11.3675450872861,3.49871784826475,3.95702775545676,1.0185443903054,4.71933036853803,5.32358293687852
gene-b2334,16.6370400780744,13.1593831435781,12.6776818812571,19.704165734609,10.7058691046519,19.2097652338728,10.4931185421102,4.37339731033094,5.93554163318513,9.16689951274859,6.29244049138404,5.32358293687852
gene-b2335,9.35833504391684,5.26375325743125,5.28236745052379,2.68693169108305,10.7058691046519,9.6048826169364,3.49770618070341,5.24807677239712,1.97851387772838,5.09272195152699,3.14622024569202,6.21084675969161
gene-b2336,9.35833504391684,5.26375325743125,6.33884094062854,10.7477267643322,8.56469528372151,6.4032550779576,6.99541236140683,6.12275623446331,3.95702775545676,8.14835512244319,7.07899555280704,9.75990205094396
gene-b2339,1.03981500487965,2.63187662871563,1.05647349010476,14.3303023524429,4.28234764186076,15.2077308101493,3.49770618070341,0.0,2.96777081659257,10.185443903054,13.3714360441911,8.87263822813087
gene-b2340,351.457471649321,335.564270161242,324.33736146216,377.961724545682,419.670068902354,399.403035487605,396.115224964662,521.308959391448,448.133393305478,391.121045877273,339.791786534738,429.435690241534
gene-b2341,1283.13171602149,1806.78330561328,1162.12083911523,283.023471460748,373.634831752351,282.543630314879,471.315907849785,1187.81470948588,1035.75201499081,183.337990254972,732.282762184817,173.903709271365
gene-b2342,986.784439630787,1805.46736729892,1311.08360122,305.41456888644,420.740655812819,289.747292277581,483.557879482247,858.06055228693,805.25514823545,167.041280010085,408.222076878539,172.129181625739
gene-b2343,649.884378049781,639.546020777897,1111.4101115902,862.505072837659,700.163839444234,979.698026927513,953.12493424168,901.794525390239,763.706356803154,1119.38028494563,1135.78550869482,937.837860713433
gene-b2344,2685.84215760413,3554.34938708045,2779.58175246562,1696.34954097043,1574.83334529429,1724.07642974008,8894.66681752878,7128.63761583943,6660.66696937258,5801.62884717955,3828.95003900719,4917.21610603013
gene-b2345,58.2296402732604,51.3215942599547,53.8801479953426,75.2340873503254,82.4351921058196,63.2321438948313,50.7167396201995,35.8618579447137,52.430617759802,61.1126634183239,50.3395239310723,63.8829952425423
gene-b2346,2580.82084211129,2773.99796666627,3155.68631494291,3341.64737981029,2597.24384478855,3301.67839957189,4067.83228815807,3922.93738736685,3927.35004729083,3968.24894462983,2698.67041574233,3647.5415755846
gene-b2347,110.220390517243,152.648844465506,173.26165237718,88.6687458057406,97.4234088523322,124.063067135429,35.85148835221,31.4884606343827,29.6777081659257,37.6861424412997,34.6084227026122,55.0103570144114
gene-b2348,6.2388900292779,7.89562988614688,15.8471023515714,17.9128779405537,5.35293455232595,8.8044757321917,6.12098581623097,12.2455124689266,6.92479857204932,10.185443903054,7.86555061423005,18.6325402790748
gene-b2349,217.321336019847,221.077636812113,252.497164135037,256.154154549917,217.329142824433,320.963160782625,337.528646437879,356.869220523004,295.787824720392,279.081162943679,278.440491743744,293.684325351132
gene-b2350,619.729742908271,557.957845287713,521.89790411175,583.064176965022,447.505328574449,534.67179900946,759.002241212641,696.244851804685,772.609669252932,797.520257609127,534.857441767643,627.295522728853
gene-b2351,2197.1291053107,2455.54089459168,2381.29124669612,2609.01067204164,2477.33811081645,2169.90306454288,3190.78246334669,3123.48035903835,3547.47538276698,3226.7486284875,2315.61810082933,3121.39412865644
gene-b2352,1141.71687535785,1551.49127262786,1661.83279993478,1885.33040324327,2091.92682304898,1339.08071817788,1432.31068099805,1266.53586107184,1884.53446853628,1673.46843327177,1035.10646083267,854.435061369003
gene-b4780,42.6324152000656,25.0028279727984,23.2424167823047,53.738633821661,13.9176298360475,56.8288888168737,43.7213272587927,58.6035239584346,39.5702775545676,57.0384858571023,40.9008631939962,50.574037900346
gene-b2354,23.9157451122319,28.9506429158719,27.4683107427237,33.1388241900243,24.6234989406993,37.6191235830009,24.4839432649239,17.4935892413237,19.7851387772838,31.5748760994674,23.5966518426901,31.0542337984581
gene-b2356,2.0796300097593,0.0,0.0,0.895643897027683,0.0,0.0,0.0,0.0,0.0,1.0185443903054,0.0,0.887263822813087
gene-b2357,0.0,0.0,0.0,0.895643897027683,0.0,3.2016275389788,0.874426545175853,0.0,0.0,0.0,0.0,0.887263822813087
gene-b2358,0.0,1.31593831435781,0.0,0.895643897027683,0.0,0.8004068847447,0.0,0.0,0.989256938864189,3.0556331709162,0.0,3.54905529125235
gene-b2359,16.6370400780744,13.1593831435781,10.5647349010476,15.2259462494706,19.2705643883734,16.8085445796387,7.86983890658268,6.12275623446331,5.93554163318513,12.2225326836648,15.7311012284601,11.5344296965701
gene-b2360,32.2342651512691,34.2143961733031,45.4283600745046,68.0689361741039,43.8940633290728,60.0305163558525,36.7259148973858,26.2403838619856,39.5702775545676,50.9272195152699,40.1143081325732,59.4466761284769
gene-b2361,1.03981500487965,1.31593831435781,2.11294698020951,7.16515117622146,5.35293455232595,4.8024413084682,0.0,0.0,0.0,2.0370887806108,0.0,3.54905529125235
gene-b2362,4.1592600195186,0.0,3.16942047031427,3.58257558811073,4.28234764186076,8.004068847447,0.874426545175853,1.74935892413237,0.989256938864189,2.0370887806108,0.786555061423005,0.887263822813087
gene-b2363,0.0,0.0,0.0,0.0,1.07058691046519,2.4012206542341,0.0,2.62403838619856,1.97851387772838,0.0,0.0,0.887263822813087
gene-b4545,0.0,0.0,1.05647349010476,0.895643897027683,0.0,0.8004068847447,1.74885309035171,0.874679462066187,0.0,0.0,0.0,0.0
gene-b4501,159.091695746586,169.756042552158,152.132182575085,242.719496094502,198.05857843606,192.097652338728,90.9403606982888,135.575316620259,89.033124497777,206.764511231996,243.045513979708,266.179146843926
gene-b2364,428.403782010415,551.378153715924,560.987423245626,112.851131025488,185.211535510478,295.350140470794,363.761442793155,688.372736646089,676.651746183105,137.503492691229,523.059115846298,167.692862511674
gene-b2365,11728.0734400376,15076.7052675975,11775.4535207076,1183.14558797357,2582.25562804204,3423.34024605308,2091.62829606064,5558.58798143062,6286.72784648192,902.430329810583,5520.04342106665,1294.51791748429
gene-b2366,35924.568603587,27629.4408482566,19460.2416877296,3377.47313569139,10295.8343179437,10184.3772014916,3143.56342990719,15589.4120524057,17556.3428940228,2549.41660893441,9993.18205537927,4691.85109503561
gene-b2367,49.9111202342232,47.3737793168813,33.8071516833522,62.6950727919378,52.4587586127943,76.0386540507465,50.7167396201995,38.4858963309122,44.5165622488885,70.2795629310725,52.6991891153413,69.2065781794208
gene-b2368,24.9555601171116,30.2665812302297,17.9600493317809,46.5734826454395,32.1176073139557,34.4174960440221,17.4885309035171,27.1150633240518,20.774395716148,34.6305092703835,12.5848809827681,35.4905529125235
gene-b4781,0.0,0.0,0.0,0.0,0.0,0.0,0.0,0.0,0.0,0.0,0.0,0.0
gene-b2369,1594.0364024805,2102.86942634379,1960.81479763443,1599.62000009144,1899.22117916525,1174.99730680522,892.789502624546,858.06055228693,1018.93464703011,967.617170790129,1597.49332975012,1065.60385119852
gene-b2370,2297.99116078402,2991.12778853531,2526.02811484047,2443.31655109152,2707.51429656646,1547.98691509625,1348.36573266117,1345.2570126578,1730.21038607347,1196.78965860884,2233.02981937991,1447.12729500815
gene-b2371,9.35833504391684,9.21156820050469,16.9035758416761,29.5562486019135,11.7764560151171,24.8126134270857,20.9862370842205,11.3708330068604,16.8173679606912,22.4079765867188,11.7983259213451,25.7306508615795
gene-b2372,6.2388900292779,5.26375325743125,3.16942047031427,28.6606047048859,14.9882167465126,16.8085445796387,10.4931185421102,6.12275623446331,6.92479857204932,22.4079765867188,7.86555061423005,16.8580126334487
gene-b2373,19.7564850927133,19.7390747153672,20.0729963119904,68.9645800711316,66.3763884488417,77.6394678202359,27.1072229004515,23.6163454757871,16.8173679606912,77.4093736632103,50.3395239310723,81.628271698804
gene-b2374,11.4379650536761,22.3709513440828,10.5647349010476,99.4164725700728,50.3175847918639,87.2443504371723,33.2282087166824,28.8644222481842,32.6454789825182,88.6133619565697,46.4067486239573,61.221203774103
gene-b2375,16.6370400780744,13.1593831435781,5.28236745052379,88.6687458057406,41.7528895081424,60.8309232405972,13.9908247228137,20.9923070895885,23.7421665327405,70.2795629310725,25.9563170269592,70.981105825047
gene-b2376,0.0,0.0,1.05647349010476,5.3738633821661,3.21176073139557,5.6028481932129,1.74885309035171,1.74935892413237,4.94628469432094,5.09272195152699,2.35966518426901,7.98537440531779
gene-b2377,68.6277903220569,60.5331624604594,75.0096177974378,118.224994407654,74.9410837325632,131.266729098131,90.0659341531129,118.956406841001,102.882721641876,152.78165854581,249.337954471092,151.722113701038
gene-b2378,965.988139533194,958.003092852488,680.368927627464,957.443325922593,1052.38693298728,380.193270253733,372.505708244914,258.905120771591,225.550582061035,446.122442953765,902.965210513609,652.138909767619
gene-b4680,242.276896136958,247.396403099269,279.965474877761,326.910022415104,215.187969003503,298.551768009773,554.386429641491,379.610886536725,287.873769209479,488.901307346591,134.500915503334,548.329042498488
gene-b2379,1068.92982501628,855.359904332578,824.049322281711,688.750156814288,646.634493920974,705.958872344826,890.166222989019,1361.87592243705,913.084154571646,700.758540530114,572.612084715947,650.364382121993
gene-b2380,140.375025658753,146.069152893717,165.866337946447,199.728589037173,217.329142824433,209.706603803111,324.412248260242,236.163454757871,179.055505934418,235.283754160547,392.490975650079,316.753184744272
gene-b2381,234.998191102801,247.396403099269,282.07842185797,245.406427785585,265.505553795367,217.710672650558,262.327963552756,202.925635199355,221.593554305578,212.875777573828,367.321213684543,260.855563907048
gene-b2382,89.4240904196498,94.7475586337625,106.70382250058,102.103404261156,105.988104136054,96.048826169364,95.312493424168,79.595831048023,86.0653536811844,86.5762731759589,133.714360441911,102.922603446318
gene-b2383,74.8666803513348,63.165039089175,81.3484587380663,79.7123068354638,64.2352146279113,88.044757321917,29.730502535979,45.4833320274417,31.656222043654,40.7417756122159,43.2605283782653,47.0249826090936
gene-b2384,12.4777800585558,14.4753214579359,14.7906288614666,14.3303023524429,13.9176298360475,12.8065101559152,2.62327963552756,6.9974356965295,12.8603402052345,7.12981073213779,8.65210567565305,7.98537440531779
gene-b2385,13.5175950634354,2.63187662871563,9.50826141094281,8.06079507324915,3.21176073139557,8.004068847447,4.37213272587927,4.37339731033094,0.989256938864189,7.12981073213779,2.35966518426901,6.21084675969161
gene-b2386,10.3981500487965,7.89562988614688,13.7341553713618,16.1215901464983,12.8470429255823,11.2056963864258,3.49770618070341,6.9974356965295,2.96777081659257,14.2596214642756,12.5848809827681,11.5344296965701
gene-b2387,2.0796300097593,2.63187662871563,6.33884094062854,11.6433706613599,3.21176073139557,6.4032550779576,1.74885309035171,1.74935892413237,1.97851387772838,8.14835512244319,7.07899555280704,9.75990205094396
gene-b2388,1644.9873377196,1910.74243244754,1757.97188753432,892.061321439572,1034.18695550937,930.873206958086,1239.06241451418,1604.16213342939,1475.97135278537,1040.95236689212,2566.52916542326,975.990205094396
gene-b2389,129.976875609956,142.121337950644,125.720345322466,106.581623746294,93.1410612104714,93.6476055151299,63.8331377978373,69.0996775032288,83.0975828645919,72.3166517116833,158.884122407447,62.9957314197292
gene-b2390,96.7027954538074,86.8519287476157,77.1225647776473,119.120638304682,77.0822575534936,87.2443504371723,34.9770618070341,48.9820498757065,29.6777081659257,68.2424741504617,66.8571802209554,79.8537440531779
gene-b2392,295.30746138582,178.967610752663,176.431072847494,293.77119822508,265.505553795367,308.15665062671,290.309612998383,341.999669667879,275.013429004245,231.209576599325,372.040544053081,257.306508615795
gene-b2393,6875.25681226424,7669.28849607733,8213.02491207438,3415.98582326358,4207.40655812819,3585.02243677151,7280.47541513416,4783.62197803998,4439.78514162248,3718.70556900501,4717.75725841518,3765.54766401874
gene-b2394,1333.04283625571,1297.5151779568,1472.72404520603,1064.02494966889,1115.55156070473,1689.65893369606,1781.20687252321,1549.05732731922,1729.2211291346,851.503110295313,930.494637663414,910.332682206228
gene-b2395,431.523227025054,357.935221505325,420.476449061693,445.135016822758,330.811355333743,484.246165270544,526.404780195864,475.825627364006,504.521038820736,606.033912231712,381.479204790157,519.936600168469
gene-b2396,160.131510751466,117.118509977845,120.437977871942,152.259462494706,163.799797301174,129.665915328641,250.085991920294,292.142940330107,240.389436143998,372.787246851776,198.211875478597,296.346116819571
gene-b2397,65.5083453074179,57.9012858317438,41.2024661140855,46.5734826454395,64.2352146279113,53.6272612778949,144.280379954016,146.946149627119,137.506714502122,187.412167816193,99.8924928007216,151.722113701038
gene-b2398,230.838931083282,411.888692393995,347.579778244465,146.88559911254,140.24688527094,152.877714986238,289.435186453208,363.866656219534,341.293643908145,172.134001961612,594.635626435791,166.80559868886
gene-b2399,270.351901268709,446.103088567299,417.307028591379,145.989955215512,190.564470062804,182.492769721792,470.441481304609,516.060882619051,554.97314270281,218.987043915661,767.677739948852,239.561232159534
gene-b2400,9856.4064312542,11290.75073719,11512.3916216715,11856.5339088525,11402.8211833647,9620.8907546313,12808.6000337359,10129.6628501885,9803.53626414411,13512.0098817914,7629.58409580314,12591.1609095405
gene-b2401,195.485220917374,151.332906151149,190.165228218856,190.772150066896,167.011558032569,184.893990376026,356.766030431748,289.518901943908,300.734109414713,410.473389293076,184.053884372983,479.122464319067
gene-b2402,1585.71788244147,1393.57867490492,1442.08631399299,1347.04842112964,1151.95151566054,1297.45956017116,2722.96426167761,1815.8345632494,2203.07520285055,3218.60027336506,1375.68480242884,2431.10287450786
gene-b2403,458.558417151925,298.717997359224,303.207891660065,397.665890280291,331.881942244209,375.390828945264,745.011416489827,566.792291418889,666.759176794463,943.172105422799,383.052314913003,810.071870228349
gene-b2404,378.492661776192,256.607971299774,285.247842328284,340.34468087052,340.44663752793,356.181063711392,631.335965616966,604.403508287735,631.145926995353,766.963925899965,232.033743119786,698.2766285539
gene-b2405,98.7824254635667,107.906941777341,87.6872996786948,139.720447936319,115.62338633024,157.680156294706,55.9632988912546,53.3554471860374,62.3231871484439,114.076971714205,84.1613915722615,133.976837244776
gene-b2406,20.796300097593,18.4231364010094,29.5812577229332,51.0517021305779,36.3999549558164,39.2199373524903,26.2327963552756,38.4858963309122,28.6884512270615,40.7417756122159,37.7546429483042,54.1230931915983
gene-b2407,7.27870503415754,11.8434448292203,10.5647349010476,7.16515117622146,5.35293455232595,15.2077308101493,6.12098581623097,12.2455124689266,10.8818263275061,4.07417756122159,9.43866073707606,10.647165873757
gene-b2408,19.7564850927133,18.4231364010094,11.6212083911523,19.704165734609,5.35293455232595,25.6130203118304,6.12098581623097,6.12275623446331,6.92479857204932,15.278165854581,9.43866073707606,8.87263822813087
gene-b2409,39.5129701854267,36.8462728020188,32.7506781932475,60.9037849978824,63.1646277174462,60.8309232405972,76.9495359754751,90.9666640548835,68.258728781629,81.4835512244319,51.1260789924953,70.981105825047
gene-b2410,354.57691666396,343.459900047389,334.902096363208,436.178577852482,341.517224438395,408.207511219797,606.852022352042,564.168253032691,560.908684335995,570.384858571023,817.230708818502,502.191323712207
gene-b4546,28.0750051317505,31.5825195445875,19.0165228218856,23.2867413227198,13.9176298360475,36.0183098135115,77.823962520651,97.0894202893468,90.0223814366412,63.1497521989347,50.3395239310723,39.0396082037758
gene-b2411,922.315909328249,794.826741872119,826.16226926192,949.382530849344,972.092914702392,893.254083375085,1415.69657663971,1523.6916229193,1331.5398397112,1136.69553958082,910.044206066416,1083.34912765478
gene-b2412,3236.94411019035,3458.28589013233,3388.11048276596,3029.06765974762,2925.91402630136,3461.75977652083,3920.05420202335,4064.63546022157,3774.01522176688,3301.1023689798,4266.27465315838,3674.15949026899
gene-b2413,283.869496332144,246.080464784911,242.988902724094,404.831041456513,412.175960529098,316.961126358901,336.654219892704,301.764414412835,299.744852475849,539.828526861861,264.28250063813,433.8720093556
gene-b2414,2907.3227536435,2496.33498233677,2841.9136883818,2282.99629352356,2310.32655278388,2453.24710174251,1171.73157053564,1479.08297035392,1767.80214975031,1285.40302056541,1844.47161903695,1368.16081477778
gene-b2415,9415.52486918522,15312.2582258675,16221.0939670684,5602.25257590816,5951.39263527599,5727.71166723307,18267.6449552688,13515.5470478467,10566.2533640084,6216.17641403385,14548.1224160799,5959.75109783551
gene-b2416,28486.7718736829,55212.8238555108,56919.622226374,18573.8631365601,21997.3492493282,18979.2480510663,68640.7349432141,41831.5452733154,35758.6705691238,19087.5218743232,50098.0515272154,20212.7571475049
gene-b2417,12916.581990615,20104.9055667587,20107.8599371638,11219.7310980658,11946.679333881,10811.8961991314,19356.3060040127,14506.5588783677,12568.5094082695,10126.3683284163,17805.2469254326,10587.7191976286
gene-b2418,489.752867298315,493.47686788418,497.599013839341,408.413617044623,412.175960529098,468.23802757565,351.519471160693,423.344859640035,458.025962694119,414.547566854297,392.490975650079,351.356473833983
gene-b2419,54.0703802537418,47.3737793168813,30.637731213038,61.7994288949101,44.9646502395379,54.4276681626396,41.972474168441,58.6035239584346,59.3554163318513,25.463609757635,37.7546429483042,36.3778167353366
gene-b2420,159.091695746586,143.437276265002,163.753390966237,162.111545362011,179.858600958152,165.684225142153,103.182332330751,128.57788092373,148.388540829628,101.85443903054,170.682448328792,109.13345020601
gene-b2421,609.331592859474,655.337280550191,573.665105126883,497.082362850364,547.069911247712,402.604663026584,386.496532967727,410.224667709042,392.735004729083,322.878571726811,443.617054642575,409.028622316833
gene-b2422,77.9861253659737,47.3737793168813,49.6542540349236,72.5471556592423,83.5057790162847,63.2321438948313,28.8560759908032,29.7391017102504,50.4521038820736,30.556331709162,39.3277530711502,43.4759273178413
gene-b2423,43.6722302049453,35.530334487661,14.7906288614666,30.4518924989412,26.7646727616297,32.016275389788,19.2373839938688,16.6189097792576,26.7099373493331,18.3337990254972,22.0235417198441,21.2943317475141
gene-b2424,15.5972250731947,17.1071980866516,19.0165228218856,31.3475363959689,35.3293680453512,20.0101721186175,6.99541236140683,10.4961535447942,23.7421665327405,16.2967102448864,16.5176562898831,14.1962211650094
gene-b2425,87.3444604098905,67.1128540322485,50.7107275250283,113.746774922516,89.9293004790759,83.2423160134488,24.4839432649239,19.2429481654561,48.4735900043453,42.7788643928267,49.5529688696493,39.9268720265889
gene-b2426,2869.88941346783,4482.08589870271,3930.0813831897,1235.09293400117,1442.08056839661,1164.59201730354,3278.22511786428,5219.21235014894,5172.82453332084,1513.55696399382,7974.09521270642,1837.5233770459
gene-b2427,120.618540566039,168.4401042378,196.504069159485,42.9909070573288,51.3881717023291,56.028481932129,112.801024327685,106.710894372075,96.9471800086905,58.0570302474077,292.598482849358,37.2650805581497
gene-b2428,330.661171551728,592.172241461016,479.63896450756,111.95548712846,111.34103868838,159.280970064195,568.377254364305,893.047730769577,775.577440069524,106.947160982067,1496.81428188798,130.427781953524
gene-b2429,348.338026634682,669.812602008127,570.495684656569,106.581623746294,122.046907793032,125.663880904918,551.763150005964,855.436513900731,774.58818313066,89.6319063468751,1514.90504830071,115.344296965701
gene-b2430,336.900061581006,506.636251027758,431.041183962741,107.477267643322,104.917517225589,140.871611715067,395.240798419486,746.101581142458,622.242614545575,111.021338543288,1076.00732402667,92.2754375725611
gene-b2431,924.395539338008,671.128540322485,826.16226926192,902.809048203904,1042.75165079309,1140.5798107612,1392.08705991996,1538.56117377442,1327.58281195574,1443.27740106275,1377.25791255168,1141.02127613763
gene-b2432,881.763124137943,871.151164104872,850.46115953433,1007.59938415614,1633.71562536988,990.903723313939,899.784914985953,901.794525390239,949.686661309621,679.369108333701,841.613915722615,998.171800664723
gene-b2433,172.609290810022,107.906941777341,136.285080223514,129.868365069014,147.740993644196,168.885852681132,201.992531935622,200.301596813157,195.872873895109,179.26381269375,170.682448328792,133.976837244776
gene-b2434,43.6722302049453,38.1622111163766,47.5413070547141,40.3039753662457,37.4705418662816,42.4215648914691,65.581990888189,113.708330068604,54.4091316375304,76.3908292729049,58.9916296067253,37.2650805581497
gene-b2435,477.275087239759,360.567098134041,444.775339334103,490.81285557117,462.493545320962,517.863254429821,472.190334394961,546.674663791367,512.43509433165,560.199414667969,364.961548500274,507.514906649086
gene-b2436,289.068571356542,263.187662871563,286.304315818389,286.606047048859,311.54079094537,308.15665062671,340.151926073407,320.132683116225,341.293643908145,304.544772701314,261.922835453861,280.375368008936
gene-b2437,73.8268653464551,73.6925456040375,50.7107275250283,57.3212094097717,53.5293455232595,61.6313301253419,52.4655927105512,61.2275623446331,65.2909579650365,34.6305092703835,57.4185194838793,53.2358293687852
gene-b2438,46.7916752195842,44.7419026881656,60.2189889359712,70.755867865187,67.4469753593069,66.4337714338101,85.6938014272337,93.590702441082,77.1620412314067,60.0941190280185,92.0269421864915,62.1084675969161
gene-b2439,73.8268653464551,64.4809774035328,92.9696671292186,83.2948824235745,85.6469528372151,110.456150094769,104.931185421102,119.831086303068,117.721575724838,70.2795629310725,99.8924928007216,61.221203774103
gene-b2440,100.862055473326,105.275065148625,163.753390966237,130.764008966042,145.599819823266,158.480563179451,200.24367884527,172.311854027039,179.055505934418,128.33659317848,176.188333758753,130.427781953524
gene-b2441,229.799116078402,268.451416128994,342.297410793941,303.623281092385,293.340813467462,351.378622402923,384.747679877376,432.966333722763,416.477171261824,248.524831234517,328.780015674816,270.615465957992
gene-b2442,860.96682404035,926.4205733079,853.630580004644,722.78462490134,679.822688145395,535.472205894204,634.83367179767,635.891968922118,583.661593929871,528.624538568502,784.981951300159,636.168160956984
gene-b2443,75.9064953562144,53.9534708886703,75.0096177974378,68.9645800711316,57.8116931651202,56.8288888168737,49.8423130750237,55.979485572236,70.2372426593574,65.1868409795455,69.2168454052244,57.6721484828507
gene-b2444,7.27870503415754,5.26375325743125,5.28236745052379,10.7477267643322,3.21176073139557,5.6028481932129,3.49770618070341,0.874679462066187,3.95702775545676,6.11126634183239,2.35966518426901,9.75990205094396
gene-b2445,8.31852003903719,7.89562988614688,5.28236745052379,8.95643897027683,11.7764560151171,5.6028481932129,3.49770618070341,2.62403838619856,4.94628469432094,2.0370887806108,3.14622024569202,7.98537440531779
gene-b2446,5.19907502439825,26.3187662871563,14.7906288614666,17.9128779405537,8.56469528372151,12.0061032711705,5.24655927105512,13.994871393059,4.94628469432094,10.185443903054,6.29244049138404,14.1962211650094
gene-b2447,37.4333401756674,34.2143961733031,34.863625173457,28.6606047048859,32.1176073139557,48.024413084682,22.7350901745722,14.8695508551252,12.8603402052345,25.463609757635,11.7983259213451,24.8433870387664
gene-b2448,4.1592600195186,1.31593831435781,1.05647349010476,4.47821948513841,5.35293455232595,4.8024413084682,3.49770618070341,15.7442303171914,8.9033124497777,6.11126634183239,11.7983259213451,4.43631911406544
gene-b2449,86.3046454050109,72.3766072896797,106.70382250058,109.268555437377,81.3646051953544,128.865508443897,74.3262563399475,83.969228358354,69.2479857204932,81.4835512244319,100.679047862145,88.7263822813087
gene-b2450,747.626988508468,672.444478636842,679.312454137359,437.969865646537,494.611152634917,479.443723962075,691.6713972341,926.285550328092,787.448523335894,598.904101499574,1009.15014380571,642.379007716675
gene-b2451,10.3981500487965,11.8434448292203,17.9600493317809,21.4954535286644,19.2705643883734,17.6089514643834,8.74426545175853,4.37339731033094,7.91405551091351,10.185443903054,5.50588542996103,9.75990205094396
gene-b2452,5.19907502439825,9.21156820050469,6.33884094062854,11.6433706613599,6.42352146279113,10.4052895016811,4.37213272587927,7.87211515859569,3.95702775545676,6.11126634183239,8.65210567565305,5.32358293687852
gene-b2453,8.31852003903719,0.0,4.22589396041903,5.3738633821661,14.9882167465126,3.2016275389788,0.874426545175853,9.62147408272806,0.989256938864189,6.11126634183239,4.71933036853803,7.0981105825047
gene-b2454,10.3981500487965,6.57969157178906,6.33884094062854,1.79128779405537,4.28234764186076,11.2056963864258,6.12098581623097,6.9974356965295,3.95702775545676,3.0556331709162,4.71933036853803,4.43631911406544
gene-b2455,18.7166700878337,13.1593831435781,12.6776818812571,25.0780291167751,22.482325119769,19.2097652338728,7.86983890658268,14.8695508551252,24.7314234716047,7.12981073213779,20.4504315969981,16.8580126334487
gene-b2456,0.0,1.31593831435781,0.0,2.68693169108305,1.07058691046519,1.6008137694894,0.0,0.874679462066187,0.989256938864189,5.09272195152699,2.35966518426901,0.0
gene-b2457,21.8361151024726,10.5275065148625,16.9035758416761,12.5390145583876,26.7646727616297,17.6089514643834,10.4931185421102,14.8695508551252,17.8066248995554,13.2410770739702,20.4504315969981,13.3089573421963
gene-b2458,32.2342651512691,19.7390747153672,27.4683107427237,13.4346584554152,5.35293455232595,14.4073239254046,10.4931185421102,26.2403838619856,22.7529095938763,11.2039882933594,17.3042113513061,14.1962211650094
gene-b2459,18.7166700878337,15.7912597722938,17.9600493317809,6.26950727919378,8.56469528372151,10.4052895016811,7.86983890658268,13.994871393059,18.7958818384196,6.11126634183239,9.43866073707606,7.98537440531779
gene-b2460,12.4777800585558,13.1593831435781,6.33884094062854,3.58257558811073,8.56469528372151,13.6069170406599,7.86983890658268,15.7442303171914,14.8388540829628,3.0556331709162,18.8773214741521,3.54905529125235
gene-b2461,23.9157451122319,50.0056559455969,31.6942047031427,8.95643897027683,8.56469528372151,9.6048826169364,4.37213272587927,11.3708330068604,20.774395716148,6.11126634183239,23.5966518426901,7.0981105825047
gene-b2462,12.4777800585558,26.3187662871563,19.0165228218856,8.06079507324915,7.49410837325632,7.2036619627023,7.86983890658268,8.74679462066187,7.91405551091351,3.0556331709162,11.0117708599221,3.54905529125235
gene-b2463,9268.91095349719,8133.81472104564,6381.09988023273,3750.06099685491,5601.31071555387,4345.40897727898,4229.6011990156,8234.23245589109,8574.87914607479,4458.16879636673,5760.72926986209,4002.44710470984
gene-b2464,901.519609230656,1114.59975226107,1196.98446428869,848.174770485216,1202.26910045241,934.074834497065,153.89907195095,188.05608434423,230.496866755356,224.079765867188,184.053884372983,352.243737656796
gene-b2465,1158.35391543593,1193.55605112254,1405.10974183933,891.165677542545,1123.04566907798,1121.37004552732,210.736797387381,256.281082385393,284.905998392886,273.988440992152,260.349725331015,397.494192620263
gene-b2466,41.592600195186,30.2665812302297,26.4118372526189,58.2168533067994,58.8822800755854,64.8329576643207,15.7396778131654,13.1201919309928,17.8066248995554,49.9086751249645,36.9680878868812,41.7013996722151
gene-b2467,260.993566224792,221.077636812113,209.181751040742,238.241276609364,285.846705094206,164.883818257408,105.805611966278,122.455124689266,101.893464703011,165.004191229475,269.001831006668,201.408887778571
gene-b2468,80.065755375733,63.165039089175,72.8966708172282,53.738633821661,63.1646277174462,46.4235993151926,37.6003414425617,54.2301266481036,53.4198746986662,46.8530419540483,51.9126340539183,62.1084675969161
gene-b2469,203.803740956411,223.709513440828,204.955857080323,183.606998890675,133.823363808149,199.30131430143,195.871546119391,183.682687033899,171.141450423505,217.968499525355,276.080826559475,212.943317475141
gene-b2470,212.122260995448,234.237019955691,220.802959431894,204.206808522312,218.399729734899,208.105790033622,242.216153013711,210.797750357951,215.658012672393,226.116854647798,194.279100171482,259.081036261422
gene-b4606,357.696361678599,675.076355265558,502.881381289864,137.929160142263,79.223431374424,148.875680562514,130.289555231202,265.027877006055,221.593554305578,147.688936594283,4196.27125269173,344.258363251478
gene-b2471,617.650112898512,760.612345698816,666.634772256102,405.72668535354,366.140723379095,562.686039975524,510.665102382698,613.150302908397,685.555058632883,482.790041004759,673.291132578092,716.021905010162
gene-b2472,1489.01508698766,1442.26839253616,1378.69790458671,1054.17286680158,1116.62214761519,1259.04002970341,1256.5509454177,1523.6916229193,1451.23992931377,1150.9551610451,1430.74365672845,1313.15045776337
gene-b4547,360.815806693238,367.14678970583,349.692725224675,288.397334842914,371.493657931421,296.950954240284,306.923717356725,328.879477736886,332.390331458367,309.637494652841,372.040544053081,369.989014113057
gene-b2473,187.166700878337,185.547302324452,189.108754728752,243.61513999153,195.91740461513,187.29521103026,186.252854122457,234.414095833738,233.464637571949,215.931410744744,273.721161375206,167.692862511674
gene-b2474,1177.07058552376,1239.61389212506,1190.64562334806,1334.50940657125,1619.79799553383,1071.74481867315,1376.34738210679,1227.17528527886,1306.80841623959,1063.36034347884,1105.10986129932,1275.88537720522
gene-b2475,959.749249503916,771.139852213678,868.42120886611,1121.34615907866,1162.6573847652,875.645131910702,1100.02859383122,1214.05509334787,1027.83795947989,1074.5643317722,1021.73502478848,1248.38019869801
gene-b2476,4738.43697723656,4486.03371364578,5248.56029884043,5980.21430045384,7222.17929799817,4730.40468884118,6110.49269768886,5657.4267606441,5358.80483782731,6875.17463456144,3719.61888546939,6096.38972654872
gene-b2477,4464.96563095321,3897.80928712784,3937.47669762043,4505.98444594627,5759.75757830272,4088.47836727593,4881.04897517161,5175.47837704563,4963.10206228164,5481.80590862365,4539.20925947216,5278.33248191506
gene-b2478,6153.62519887776,5834.87048586254,5766.23230899176,5834.22434523833,5730.85173172016,5098.59185582374,4894.16537334925,5977.55944376032,5626.89346825951,5881.07530962337,5971.52602632345,5619.04178987528
gene-b2479,947.27146944536,930.368388250974,910.680148470301,728.158488283506,853.257767640756,717.164568731251,529.902486376567,622.771776991125,618.285586790118,533.717260520029,1084.65942970232,613.099301563843
gene-b2480,2764.86809797499,2471.33215436397,2618.99778196969,2212.24042565838,2606.87912698274,2552.49755545085,2576.93502863324,2900.43709621148,2751.12354698131,2561.63914161808,2931.49071392354,2589.9230987914
gene-b2481,6.2388900292779,6.57969157178906,1.05647349010476,12.5390145583876,6.42352146279113,7.2036619627023,3.49770618070341,1.74935892413237,1.97851387772838,3.0556331709162,6.29244049138404,3.54905529125235
gene-b2482,28.0750051317505,26.3187662871563,22.1859432921999,17.9128779405537,17.129390567443,20.8105790033622,17.4885309035171,20.9923070895885,18.7958818384196,15.278165854581,25.1697619655361,15.9707488106356
gene-b2483,5.19907502439825,2.63187662871563,3.16942047031427,4.47821948513841,3.21176073139557,2.4012206542341,6.99541236140683,0.0,1.97851387772838,2.0370887806108,3.93277530711502,0.887263822813087
gene-b2484,14.5574100683151,5.26375325743125,5.28236745052379,3.58257558811073,3.21176073139557,4.8024413084682,7.86983890658268,2.62403838619856,0.0,1.0185443903054,7.07899555280704,5.32358293687852
gene-b2485,5.19907502439825,9.21156820050469,20.0729963119904,1.79128779405537,7.49410837325632,5.6028481932129,0.874426545175853,1.74935892413237,0.989256938864189,2.0370887806108,0.0,5.32358293687852
gene-b2486,32.2342651512691,31.5825195445875,20.0729963119904,29.5562486019135,27.8352596720949,27.2138340813198,27.9816494456273,15.7442303171914,20.774395716148,16.2967102448864,27.5294271498052,18.6325402790748
gene-b2487,58.2296402732604,75.0084839183953,73.953144307333,45.6778387484118,57.8116931651202,48.8248199694267,47.2190334394961,46.3580114895079,32.6454789825182,22.4079765867188,38.5411980097272,25.7306508615795
gene-b2488,28.0750051317505,40.7940877450922,35.9200986635617,30.4518924989412,23.5529120302342,22.4113927728516,19.2373839938688,19.2429481654561,18.7958818384196,15.278165854581,17.3042113513061,15.0834849878225
gene-b2489,19.7564850927133,27.6347046015141,23.2424167823047,12.5390145583876,25.6940858511645,24.8126134270857,13.9908247228137,13.1201919309928,9.89256938864189,15.278165854581,9.43866073707606,11.5344296965701
gene-b2490,9.35833504391684,10.5275065148625,3.16942047031427,8.95643897027683,5.35293455232595,8.8044757321917,7.86983890658268,7.87211515859569,4.94628469432094,5.09272195152699,9.43866073707606,7.0981105825047
gene-b2491,55.1101952586214,56.585347517386,47.5413070547141,55.5299216157163,51.3881717023291,34.4174960440221,30.6049290811549,37.6112168688461,27.6991942881973,23.4265209770242,40.1143081325732,31.9414976212711
gene-b2492,16.6370400780744,26.3187662871563,17.9600493317809,19.704165734609,20.3411512988386,33.6170891592774,16.6141043583412,22.7416660137209,25.7206804104689,16.2967102448864,33.0353125797662,30.166969975645
gene-b2493,311.944501463895,275.031107700783,314.829100051218,482.752060497921,412.175960529098,437.822565955351,377.752267515969,342.874349129945,316.56222043654,545.939793203694,393.277530711502,505.74037900346
gene-b2494,1291.45023606052,1154.0779016918,1118.80542602094,895.643897027683,1020.26932567333,1066.94237736469,692.545823779276,935.032344948754,821.083259257277,646.775687843928,1129.49306820343,809.184606405536
gene-b2495,335.860246576127,240.81671152748,253.553637625142,308.101500577523,393.97598305119,303.354209318241,338.403072983055,484.572421984668,405.595344934317,453.252253685902,442.043944519729,342.483835605852
gene-b2496,408.647296917702,531.639079000556,800.806905499406,1491.24708855109,1200.12792663148,613.912080599185,638.331377978373,414.598065019373,315.572963497676,499.086751249645,302.823698647857,600.67760804446
gene-b2497,1087.64649510411,1615.97225003139,2246.06263996271,4225.64790617661,2660.40847250599,1775.30247036374,2340.83986143576,1123.08842929298,931.880036410066,1863.93623425888,510.47423486353,1509.23576260506
gene-b2498,2179.45225022774,2455.54089459168,3307.81849751799,6014.24876854089,4967.52326455848,3196.02469078559,3852.72335804481,2380.87749574416,2136.79498794665,6965.82508529862,2191.34240112449,4701.61099708655
gene-b2499,7604.16713068487,7145.54504696292,7448.13810523854,9312.00959739682,10769.0337323693,6737.82515578089,10988.0439666798,9115.03467419174,9075.44315714007,12895.7905256567,4473.92518937405,11247.8434818015
gene-b2500,5362.32598016435,6288.86920431599,6017.6729996367,7831.51023561006,9235.95327658319,5020.15198111876,8273.82397045393,6203.2267449734,6906.99194714977,9957.28995962558,3687.37012795105,9893.87888818874
gene-b2501,2071.31148972026,2258.15014743801,2049.55857080323,1883.53911544922,2078.00919321293,1616.82190718429,1636.05206602402,1572.673672795,1569.95076197747,1836.43553572063,2147.2953176848,1715.96823332051
gene-b2502,978.46591959175,873.783040733588,827.218742752025,826.679316956551,933.551785925645,806.810139822658,862.184573543392,980.515676976196,908.137869877325,966.598626399823,959.597174936066,824.268091393358
gene-b2503,50.9509352391028,57.9012858317438,81.3484587380663,56.425565512744,55.6705193441898,73.6374333965124,37.6003414425617,33.2378195585151,40.5595344934317,49.9086751249645,49.5529688696493,55.8976208372245
gene-b2504,1156.27428542617,1321.20206761524,1409.33563579975,1090.89426657972,1328.5983558873,1002.10941970036,627.838259436263,614.89966183253,616.30707291239,499.086751249645,836.108030292654,454.279077280301
gene-b2505,15.5972250731947,11.8434448292203,24.2988902724094,38.5126875721904,39.611715687212,32.016275389788,16.6141043583412,20.1176276275223,13.8495971440986,25.463609757635,20.4504315969981,37.2650805581497
gene-b2506,21.8361151024726,11.8434448292203,16.9035758416761,38.5126875721904,33.1881942244209,32.016275389788,19.2373839938688,19.2429481654561,16.8173679606912,22.4079765867188,17.3042113513061,47.9122464319067
gene-b2507,8522.32377999361,8216.71883485018,8753.93933900802,14362.5455327359,13176.7836940055,8681.21307194102,18074.3966887849,15330.5069316341,14188.9122741291,21609.4377847193,9270.33795393153,15403.787227858
gene-b2508,3693.42289733251,2802.94860958214,3487.4189908358,7495.64377422468,7616.15528104935,5189.83824068464,8133.91572322579,6267.07834570423,6041.3921256436,15618.359680943,2669.56787846968,8627.75341303446
gene-b2509,1527.4882421682,1071.17378788726,1002.59334210941,1591.55920501819,1919.56233046408,1218.21927858143,729.271738676662,583.411201198147,616.30707291239,1150.9551610451,488.450693143686,1213.7769096083
gene-b2510,185.087070868578,184.231364010094,177.487546337599,197.937301243118,163.799797301174,176.889921528579,242.216153013711,179.309289723568,211.700984916936,246.487742453906,190.346324864367,275.051785072057
gene-b2511,3737.09512753746,3225.364808491,3077.50727667516,3587.05380759587,4346.58285648867,3180.81695997544,4830.33223555141,4120.61494579381,3914.4897070856,4674.10020711147,3231.1681923257,5173.63535082311
gene-b2512,3537.45064660057,3084.55940885471,2856.70431724326,3329.1083652519,3807.00705361421,2758.20212483024,4328.41139862047,4462.61461546169,4110.3625809807,4349.18454660405,3471.85404112114,4169.2527033987
gene-b2513,1558.68269231459,1302.77893121423,1199.0974112689,1404.36963053941,1765.3978153571,1124.5716730663,1849.41214304693,1968.02878964892,1889.4807532306,1932.17870840934,1620.30342653139,1793.16018590525
gene-b2514,3911.78404835724,3403.0164809293,3350.07743712219,3332.69094084001,3706.37188403048,2803.02491037594,4296.05761644897,4536.96236973731,4184.55685139552,4301.3129602597,3525.33978529791,3858.71036541412
gene-b4761,32.2342651512691,28.9506429158719,26.4118372526189,24.1823852197474,20.3411512988386,28.0142409660645,42.8469007136168,32.3631400964489,39.5702775545676,28.5192429285512,27.5294271498052,28.3924423300188
gene-b2515,3569.68491175184,2974.02059044866,2999.32823840741,2775.60043688879,2786.73772794089,2297.16775921729,3278.22511786428,3942.18033553231,3524.7224731731,3325.54743434713,4165.59560529623,2953.70126614477
gene-b2516,3092.40982451208,3102.98254525572,2688.72503231661,2535.56787248537,2579.04386731064,2027.43063905833,2759.69017657499,2841.83357225304,2545.35810369756,3059.70734847742,3228.02197208001,2750.51785072057
gene-b2517,1713.61512804166,1588.33754542988,1416.73095023048,1488.56015686001,1558.77454163732,1207.01358219501,2507.85533156435,2612.6675531917,2073.48254385934,3056.6517153065,1388.2696834116,2238.56662495742
gene-b2518,4090.63222919654,4425.50055118533,4567.13489772287,2137.90198220508,2385.26763651644,2200.31852616318,7146.68815372225,10748.0612298693,7558.91226986127,4535.57817002994,2837.8906616142,2510.06935473822
gene-b2519,117.4990955514,94.7475586337625,118.325030891733,137.033516245235,143.458646002335,85.6435366676829,162.643337402709,235.288775295804,205.765443283751,132.410770739702,158.097567346024,184.550875145122
gene-b2520,1877.90589881265,1919.95400064805,1922.78175199066,2045.65066081123,2163.65614605015,1872.9521103026,2085.50731024441,2234.80602557911,2274.30170244877,2104.31271037095,3594.55663070313,2293.57698197183
gene-b2521,1565.96139734875,2351.58176775741,2019.9773130803,1173.29350510626,1375.70417994777,1228.62456808311,1678.89896673764,1928.66821385594,1804.40465648828,1518.64968594535,3748.72142274204,1621.03100427951
gene-b4440,67.5879753171772,53.9534708886703,53.8801479953426,76.129731247353,71.7293230011677,62.4317370100866,106.680038511454,41.984614179177,89.033124497777,189.449256596804,135.287470564757,126.878726662271
gene-b2522,1640.82807770009,1723.87919180873,1618.51738684049,2585.72393071892,2727.8554478653,2031.43267348205,2158.08471349401,1859.56853635271,2034.90152324364,2016.71789280469,1585.69500382878,1918.26438492189
gene-b2523,1801.99940345643,1404.10618141979,1424.12626466121,2332.25670786009,2715.00840493972,1967.40012270247,2120.48437205145,2055.49673585554,2100.19248120867,2298.85468891928,1635.24797269843,1854.38138967935
gene-b2524,385.77136681035,435.575582052436,375.048088987189,509.621377408752,601.669843681436,437.022159070606,682.052705237166,518.684921005249,491.660698615502,434.918454660405,359.455663070313,420.563052013403
gene-b2525,898.400164216017,660.601033807622,738.474969583225,971.773628275036,1111.26921306287,841.22763586668,1298.52341958614,1315.51791094755,1130.72068112177,1058.26762152731,775.543290563083,763.046887619255
gene-b2526,5184.51761432993,4675.52883091331,4492.12527992543,4947.53688718092,6174.07471265275,4941.71210641378,7198.27931988763,6285.44661440762,6019.62847298859,5004.10858957042,3332.63379524927,5255.26362252192
gene-b2527,1696.97808796359,1489.64217185304,1400.88384787891,1537.82057119653,1987.00930582339,1611.21905899108,2134.47519677426,1633.90123513964,1762.85586505598,1335.31169569038,725.990321693433,1676.04136129392
gene-b2528,1792.64106841252,1189.60823617946,1147.33021025377,1619.32416582605,1741.84490332686,1754.49189136038,1974.45513900708,2155.21019453109,1922.12623221312,1745.78508498345,954.091289506105,1519.88292847882
gene-b2529,4134.30445940149,3209.57354871871,3079.62022365537,3632.73164634428,4738.41766571893,4257.36421995706,3953.28241074003,3857.33642771189,3869.97314483671,3345.91832215323,1862.56238544968,3300.62142086469
gene-b2530,13199.4116719423,11138.1018927245,9775.54920393932,11397.0685896773,14121.0413490358,12477.5429262851,12289.1906659014,11048.9509648201,10627.587294218,9545.79802594219,4866.41616502413,11187.5095418502
gene-b2531,3806.7627328644,2935.85837933228,2682.38619137598,2927.8598993835,3001.92569694439,3228.84137306012,2570.81404281701,2657.27620575708,2332.66786184176,2391.54222843708,981.62071665591,2756.72869748026
gene-b2532,1012.77981475278,968.53059936735,996.254501168786,1525.28155663814,1363.92772393265,1237.42904381531,1812.68622814954,1747.60956520824,1677.77976831366,2375.24551819219,1782.33376918453,2226.14493143804
gene-b2533,3377.3191358491,4196.52728448707,4027.27694427933,6281.15064985514,5443.93443971549,3118.38522296535,5842.91817486505,2459.59864733012,2304.96866755356,9505.05625032998,1805.1438659658,7445.91800104743
gene-b2534,25.9953751219912,25.0028279727984,11.6212083911523,34.034468087052,33.1881942244209,21.6109858881069,26.2327963552756,21.8669865516547,28.6884512270615,36.6675980509943,22.8100967812671,48.7995102547198
gene-b2535,223.560226049125,375.042419591977,504.994328270074,245.406427785585,238.740881033737,347.3765879792,1265.29521086946,1604.16213342939,1644.14503239228,281.11825172429,2574.39471603749,330.949405909282
gene-b2536,328.581541541969,469.789978225739,426.815290002322,326.910022415104,369.35248411049,261.733051311517,353.268324251045,369.114732991931,325.465532886318,407.417756122159,235.966518426901,378.861652341188
gene-b2537,587.495477757002,1098.80849248877,942.374353173443,206.893740213395,171.29390567443,227.315555267495,564.005121638426,828.321450576679,757.770815169969,214.912866354439,221.808527321287,201.408887778571
gene-b4706,0.0,0.0,0.0,0.0,0.0,0.0,0.0,0.0,0.0,0.0,0.0,0.0
gene-b2538,216.281521014967,173.703857495231,172.205178887075,168.381052641204,162.729210390709,170.486666450621,94.4380668789922,105.836214910009,86.0653536811844,101.85443903054,123.489144643412,135.751364890402
gene-b2539,66.5481603122976,80.2722371758266,64.4448828963902,52.8429899246333,63.1646277174462,61.6313301253419,20.9862370842205,17.4935892413237,24.7314234716047,34.6305092703835,20.4504315969981,41.7013996722151
gene-b2540,15.5972250731947,11.8434448292203,19.0165228218856,21.4954535286644,18.1999774779082,20.8105790033622,10.4931185421102,6.12275623446331,6.92479857204932,9.16689951274859,7.07899555280704,10.647165873757
gene-b2541,51.9907502439825,47.3737793168813,52.8236745052379,41.1996192632734,51.3881717023291,46.4235993151926,15.7396778131654,30.6137811723166,40.5595344934317,23.4265209770242,33.0353125797662,36.3778167353366
gene-b2542,70.7074203318162,67.1128540322485,69.727250346914,66.2776483800485,49.2469978813987,59.2301094711078,28.8560759908032,41.1099347171108,48.4735900043453,41.7603200025213,31.4622024569202,42.5886634950282
gene-b2543,116.459280546521,102.643188519909,125.720345322466,62.6950727919378,94.2116481209366,104.853301901556,18.3629574486929,26.2403838619856,38.5810206157034,47.8715863443537,38.5411980097272,33.7160252668973
gene-b2544,54.0703802537418,40.7940877450922,36.9765721536665,45.6778387484118,38.5411287767468,63.2321438948313,27.9816494456273,48.9820498757065,39.5702775545676,33.6119648800781,29.1025372726512,32.8287614440842
gene-b2545,53.0305652488621,34.2143961733031,41.2024661140855,48.3647704394949,42.8234764186076,52.0264475084055,27.1072229004515,42.8592936412432,38.5810206157034,38.7046868316051,22.8100967812671,28.3924423300188
gene-b2546,27.0351901268709,23.6868896584406,20.0729963119904,39.408331469218,25.6940858511645,31.2158685050433,24.4839432649239,13.994871393059,21.7636526550122,12.2225326836648,18.0907664127291,28.3924423300188
gene-b2547,9.35833504391684,13.1593831435781,8.45178792083806,22.3910974256921,20.3411512988386,18.4093583491281,13.9908247228137,13.1201919309928,13.8495971440986,25.463609757635,16.5176562898831,16.8580126334487
gene-b2548,12.4777800585558,22.3709513440828,13.7341553713618,27.7649608078582,8.56469528372151,27.2138340813198,14.8652512679895,20.9923070895885,12.8603402052345,12.2225326836648,7.07899555280704,18.6325402790748
gene-b2549,43.6722302049453,32.8984578589453,30.637731213038,29.5562486019135,31.0470204034905,53.6272612778949,42.8469007136168,42.8592936412432,40.5595344934317,23.4265209770242,32.2487575183432,47.0249826090936
gene-b2550,118.53891055628,128.961954807066,121.494451362047,112.851131025488,122.046907793032,142.472425484557,78.6983890658268,93.590702441082,68.258728781629,129.355137568786,107.758043414952,103.809867269131
gene-b2551,29657.6035691774,30682.4177375668,31871.6922494803,35044.7544028992,36843.177936749,25181.601000953,39951.6744225396,29647.2603667334,30120.8952745368,47597.5979033616,28699.0345261412,41082.0895238916
gene-b2552,303.625981424858,327.668640275095,454.283600745046,231.076125433142,237.670294123272,419.413207606223,562.256268548074,686.623377721957,703.361683532438,320.841482946201,615.872613094213,301.66969975645
gene-b2553,746.587173503588,707.974813124503,825.105795771815,729.054132180534,821.1401603268,657.934459260144,822.835379010478,807.329143487091,821.083259257277,744.555949313246,826.669369555578,784.341219366769
gene-b2554,375.373216761553,297.402059044866,349.692725224675,284.814759254803,328.670181512813,273.739154582687,347.147338434814,369.989412453997,337.336616152688,318.80439416559,246.978289286823,330.949405909282
gene-b2555,495.991757327593,432.94370542372,455.34007423515,403.935397559485,387.552461588398,366.586353213073,345.398485344462,333.252875047217,331.401074519503,307.60040587223,277.653936682321,345.145627074291
gene-b2556,211.082445990569,223.709513440828,230.311220842837,206.893740213395,170.223318763965,216.910265765814,208.987944297029,248.408967226797,225.550582061035,225.098310257493,272.14805125236,188.987194259188
gene-b4441,95.6629804489277,84.2200521189,81.3484587380663,101.207760364128,37.4705418662816,63.2321438948313,81.3216687013544,80.4705105100892,33.6347359213824,99.817350249929,51.1260789924953,54.1230931915983
gene-b2557,16456.1122672253,15832.0538600388,15530.1603045399,18213.814289955,21381.7617758108,14049.5420479237,26656.0188031407,22488.0089697217,20915.8594584055,25133.601375176,12441.7279615891,21808.0575009229
gene-b2558,162.211140761225,160.544474351653,183.826387278228,261.528017932083,230.176185750016,235.319624114942,438.087699133103,322.756721502423,316.56222043654,382.97269075483,206.077426092827,352.243737656796
gene-b2559,396.169516859146,332.932393532527,424.702343022112,536.490694319582,503.175847918639,482.645351501054,669.810733604704,396.229796315983,417.466428200688,593.811379548047,386.198535158695,555.427153080993
gene-b2560,453.359342127527,372.410542963261,345.466831264256,444.239372925731,335.093702975604,396.201407948627,232.597461016777,318.383324192092,232.475380633084,449.178076124681,523.845670907721,346.920154719917
gene-b2561,297.38709139558,225.025451755186,296.869050719437,266.006237417222,261.223206153506,309.757464396199,323.537821715066,349.871784826475,350.196956357923,351.397814655362,279.227046805167,286.586214768627
gene-b2562,49.9111202342232,44.7419026881656,39.089519133876,57.3212094097717,52.4587586127943,64.8329576643207,57.7121519816063,85.7185872824864,63.3124440873081,93.7060839080967,51.9126340539183,65.6575228881685
gene-b4687,112.300020527002,164.492289294727,140.510974183933,299.145061607246,200.19975225699,301.753395548752,336.654219892704,273.774671626717,266.110116554467,420.65883319613,405.86241169427,505.74037900346
gene-b4608,0.0,0.0,0.0,0.0,0.0,0.8004068847447,0.0,0.874679462066187,2.96777081659257,1.0185443903054,0.0,0.0
gene-b2563,100.862055473326,55.2694092030281,69.727250346914,68.0689361741039,87.7881266581455,76.8390609354912,84.8193748820578,118.956406841001,106.839749397332,110.002794152983,102.252157984991,52.3485655459722
gene-b2564,770.50291861582,693.499491666567,844.122318593701,671.732922770762,695.881491802373,691.551548419421,758.127814667465,847.564398742135,743.92121802587,800.575890780043,821.95003918704,719.570960301414
gene-b2565,526.146392469102,476.369669797528,475.413070547141,490.81285557117,664.834471398882,440.223786609585,762.499947393344,588.659277970544,586.629364746464,662.053853698509,373.613654175927,657.462492704498
gene-b2566,1985.00684431525,1814.67893549942,1782.27077780673,1982.95558801929,2127.25619109433,1610.41865210634,2674.87080169294,2214.68839795159,2066.55774528729,2377.2826069728,1407.14700488576,2277.6062331612
gene-b2567,1940.29479910543,1793.6239224697,1812.90850901976,2005.34668544498,2071.58567175014,1726.47765039432,2483.37138829942,1936.54032901454,1919.15846139653,2139.96176403164,1129.49306820343,2153.38929796736
gene-b2568,1552.44380228532,1469.90309713768,1411.44858277996,1744.71431140993,2159.37379840829,1416.72018599812,2786.79739947545,2640.65729597782,2377.18442409065,2513.76755527372,1505.46638756363,2168.47278295519
gene-b2569,5967.49831300431,5819.07922609025,5733.48163079852,6279.35936206109,7536.93184967493,5781.33892851097,9749.85597871077,9019.69461282652,8245.45658543301,8549.66161222352,5240.81637426148,8129.99840843632
gene-b2570,509.509352391028,455.314656767803,389.838717848655,534.699406525527,706.587360907025,452.229889880756,460.822789307675,435.590372108961,477.811101471403,385.009779535441,505.754904494992,539.456404270357
gene-b2571,3714.21919743011,3672.78383537266,3125.04858372987,4128.02272140059,6340.01568377485,3215.23445601946,2292.74640145109,2210.31500064126,2477.09937491593,1849.6766127946,3077.78995534822,3056.62386959109
gene-b2572,4625.09714170468,3888.59771892734,3452.55536566235,6757.63320307387,5906.42798503645,6249.57695608662,2908.34268925489,3385.00951819614,3340.72068254437,4367.51834562955,5486.22155342546,8076.76257906753
gene-b2573,1973.56887926157,1358.04834041726,1295.23649886843,1827.11354993647,2464.49106789087,1822.52647656368,1355.36114502257,1758.9803982151,1597.64995626566,1477.90791033313,2273.14412751248,2350.36186663187
gene-b4725,73.8268653464551,68.4287923466063,63.3884094062854,35.8257558811073,42.8234764186076,44.0223786609585,66.4564174333649,74.3477542756259,74.1942704148142,74.3537404922941,70.0034004666474,47.9122464319067
gene-b2574,6347.03078978538,5463.77588121364,5185.17188943415,2517.65499454482,4178.50071154563,2383.61170276972,2206.17817347868,2975.65952994917,3344.67771029982,2271.35399038104,2800.92257372732,1825.10168352652
gene-b2575,129.976875609956,113.170695034772,111.986189951104,170.17234043526,171.29390567443,148.875680562514,162.643337402709,173.186533489105,198.840644711702,156.855836107031,133.714360441911,139.300420181655
gene-b2576,1073.0890850358,873.783040733588,895.889519608834,1204.64104150223,1196.91616590008,1202.21114088654,2136.22404986461,1738.86277058758,1543.24082462813,2199.03733866936,1154.66283016897,1753.23331387866
gene-b2577,94.6231654440481,68.4287923466063,78.179038267752,106.581623746294,64.2352146279113,98.4500468235981,86.5682279724095,72.5983953514936,88.0438675589128,107.965705372372,95.1731624321836,95.8244928638134
gene-b2578,16.6370400780744,10.5275065148625,10.5647349010476,17.9128779405537,13.9176298360475,34.4174960440221,20.1118105390446,34.9871784826475,26.7099373493331,31.5748760994674,35.3949777640352,38.1523443809628
gene-b2579,717.472353366958,555.325968658997,742.700863543644,554.403572260136,705.51677399656,697.954803497379,125.042995960147,291.26826086804,283.916741454022,98.7988058596237,469.573371669534,97.5990205094396
gene-b2580,528.226022478862,534.270955629272,483.864858467979,392.292026898125,371.493657931421,425.016055799436,451.20409731074,526.557036163845,510.456580453921,476.678774662927,707.113000219281,433.8720093556
gene-b2581,647.804748040021,506.636251027758,517.672010151331,651.133113139125,754.763771877958,594.702315365312,1219.82503052032,1321.64066718201,966.504029270313,1766.15597278956,1028.02746527987,1133.03590173231
gene-b2582,335.860246576127,313.193318817159,304.26436515017,321.536159032938,369.35248411049,341.773739785987,403.110637326068,403.227232012512,377.89615064612,441.029721002238,176.974888820176,505.74037900346
gene-b2583,277.630606302866,277.662984329499,323.280887972056,335.866461385381,334.023116065139,284.944850969113,412.729329323003,335.876913433416,329.422560641775,337.138193191087,272.14805125236,358.454584416487
gene-b2584,1051.25296993333,1693.61261057851,1451.59457540394,488.125923880087,587.752213845389,501.054709850182,984.604289868011,1329.5127823406,1270.20590950162,479.734407833843,2394.27360697163,469.362562268123
gene-b4782,0.0,1.31593831435781,0.0,0.0,0.0,0.0,0.0,0.874679462066187,0.0,0.0,1.57311012284601,0.0
gene-b2585,2787.74402808234,2722.67637240631,2641.18372526189,2177.3103136743,2148.66792930363,2355.59746180365,3664.721650832,3748.00149495361,3812.59624238258,3489.5330811863,2694.73764043521,3032.66774637513
gene-b2586,48.8713052293435,56.585347517386,48.5977805448188,59.1124972038271,44.9646502395379,36.8187166982562,32.3537821715066,51.6060882619051,46.4950761266169,66.2053853698509,29.8890923340742,54.1230931915983
gene-b2587,16342.7724316934,16504.4983386757,12788.6115977181,13331.6594072571,12258.2201248264,10427.700894454,11115.7102422755,10459.4170073875,10708.7063632048,16051.2410468228,7044.38713010443,14107.4947827281
gene-b4783,7.27870503415754,0.0,1.05647349010476,8.95643897027683,4.28234764186076,5.6028481932129,0.0,9.62147408272806,1.97851387772838,8.14835512244319,2.35966518426901,0.0
gene-b2588,1.03981500487965,3.94781494307344,0.0,0.0,1.07058691046519,4.0020344237235,0.874426545175853,15.7442303171914,3.95702775545676,0.0,1.57311012284601,1.77452764562617
gene-b2589,71504.9584405588,110794.110439042,85978.9820451955,112643.341641378,151873.459118592,102425.667820125,83536.5911402848,201511.278509194,126778.22300014,76964.2697646468,102194.739465507,76770.5022689024
gene-b2590,1095.96501514315,1215.92700246662,1223.39630154131,1183.14558797357,1416.38648254545,903.659372876767,1669.2802747407,1605.91149235352,1174.24798643179,2171.53664013111,1061.06277785963,1677.81588893955
gene-b2591,22130.3827488536,30328.4303310045,18507.3025996551,29243.6688818509,42905.9116107134,28721.8006521788,28595.4968803408,74074.8542834613,47869.1540146992,26346.6877440297,31680.8647639958,33339.8254060246
gene-b2592,4679.16752195842,3146.40850962953,5378.50653812332,6358.17602499952,4997.4996980515,21755.8595342457,5429.31441899687,9481.52536879747,12056.0743139379,5087.62922957547,5899.94951573396,6256.98447847789
gene-b4609,183.007440858818,275.031107700783,221.859432921999,188.980862272841,278.352596720949,184.893990376026,292.932892633911,181.933328109767,226.539838999899,239.357931721769,172.255558451638,337.160252668973
gene-b2593,739.308468469431,738.241394354733,755.378545424901,818.618521883302,889.657722596572,622.716556331377,986.353142958363,748.725619528656,801.298120479993,841.317666392259,655.200366165363,1004.38264742441
gene-b2594,1450.54193180711,1579.12597722938,1453.70752238415,1484.08193737487,1816.78598705943,1257.43921593392,1717.37373472538,1280.5307324649,1342.4216660387,1527.8165854581,1142.86450424763,1840.18516851434
gene-b2595,7054.10499310354,6899.46458217801,6538.51443025834,6229.20330382753,6549.85071822603,5646.07016498912,5384.71866519291,5151.86203156984,5306.37422006751,5753.7572608352,5745.78472369505,6244.56278495851
gene-b2597,366.014881717637,497.424682827253,417.307028591379,337.657749179436,254.799684690715,409.808324989287,2214.04801238526,4245.69410886927,4653.46464041714,5103.92593982035,43228.2796207469,9293.20128014428
gene-b2598,4.1592600195186,3.94781494307344,7.3953144307333,0.0,0.0,1.6008137694894,13.1163981776378,47.2326909515741,42.5380483711601,24.4450653673296,132.141250319065,46.1377187862805
gene-b2599,1772.8845833198,2031.80875736846,1566.75018582535,1356.90050399694,1401.39826579893,1444.73442696418,863.933426633743,839.69228358354,877.470904772536,838.262033221343,1264.78053876819,1102.86893175667
gene-b2600,370.174141737155,331.616455218169,385.612823888236,386.022519618931,419.670068902354,480.24413084682,574.498240180536,539.677228094838,495.617726370959,609.089545402628,398.783416141463,551.87809778974
gene-b2601,386.81118181523,307.929565559728,320.111467501741,363.631422193239,342.58781134886,366.586353213073,403.110637326068,370.864091916063,359.100268807701,536.772893690945,394.064085772925,496.867740775329
gene-b2602,22.8759301073523,43.4259643738078,44.3718865843998,31.3475363959689,46.0352371500031,30.4154616202986,6.12098581623097,8.74679462066187,10.8818263275061,9.16689951274859,26.7428720883822,15.9707488106356
gene-b2603,328.581541541969,311.877380502802,260.948952055875,423.639563294094,346.870158990721,312.959091935178,232.597461016777,208.173711971753,204.776186344887,447.14098734407,454.628825502497,496.867740775329
gene-b2604,282.829681327265,272.399231072067,290.530209778808,304.518924989412,386.481874677933,252.928575579325,264.076816643108,209.923070895885,259.185317982417,366.675980509943,392.490975650079,356.680056770861
gene-b2605,405.527851903063,467.158101597024,384.556350398132,481.856416600893,506.387608650034,288.946885392837,218.606636293963,193.304161116627,191.915846139653,460.38206441804,466.427151423842,530.583766042226
gene-b2606,12742.9328848001,14800.3582215823,16154.5361371918,13734.6991609195,11641.5620643985,12246.2253365939,30176.4600740187,27412.4543411543,24310.0000156486,29895.2963998538,19155.7619658959,23378.514467302
gene-b2607,31755.9502490245,33977.5272767187,37247.0293671333,35609.0100580266,37867.7296100642,29626.2604319403,62711.2485403767,48130.9867591161,48985.035841738,59506.4189148123,39220.7815827967,47315.1178791535
gene-b2608,40771.146341331,54529.8518703591,54448.530733019,50237.5618281798,53713.4864718595,41885.2922786902,72925.4250145758,52260.3484995306,55978.093142569,66343.9074069324,42654.8809809695,62851.1074166107
gene-b2609,11273.6742829052,12332.9738821614,12426.2411906122,11450.8072234989,10819.3513171612,10560.5684373216,20110.0616859543,15692.6242289295,15784.583716517,20222.1803251234,12866.4676947575,15473.8810698602
gene-b2610,2890.68571356542,2792.42110306728,2848.25252932243,3619.29698788887,3693.5248411049,3011.13070040956,4295.18318990379,4376.02134871713,4085.6311575091,4940.95883737149,3751.08108792631,4608.44829569118
gene-b2611,426.324152000656,417.152445651427,373.991615497084,364.527066090267,398.25833069305,388.997745985924,525.530353650688,530.055754012109,504.521038820736,492.975484907813,472.719591915226,471.137089913749
gene-b4461,740.34828347431,659.285095493264,694.103082998825,722.78462490134,778.316683908192,700.356024151613,995.097408410121,789.835554245767,892.309758855498,845.391843953481,869.929897933843,850.886006077751
gene-b2614,5867.67607253586,4776.85608111886,6795.2374883538,6601.79116499105,9063.58878399829,16403.5386959579,8856.19204954104,11740.8224193144,13954.4583796182,6046.07950085285,6872.91812671421,9181.40603846983
gene-b2615,584.376032742363,580.328796631796,583.173366537826,580.377245273939,597.387496039575,444.225821033309,361.138163157628,405.851270398711,392.735004729083,441.029721002238,624.524718769866,442.744647583731
gene-b2616,550.062137581334,631.65039089175,620.149938691492,1031.78176937589,1034.18695550937,1008.51267477832,871.803265540326,778.464721238907,883.406446405721,1164.19623811907,1025.6678000956,1294.51791748429
gene-b2617,1924.69757403223,1638.34320137548,1674.51048181604,1946.23418824116,2589.74973641529,2005.81965317022,1637.80091911437,1947.03648255933,1958.72873895109,2221.44531525607,1893.23803284517,2027.3978351279
gene-b2618,173.649105814901,188.179178953167,216.577065471475,244.510783888557,211.976208272107,277.741189006411,412.729329323003,386.608322233255,405.595344934317,382.97269075483,306.756473954972,342.483835605852
gene-b2619,739.308468469431,567.169413488217,733.192602132701,885.791814160378,615.587473517484,826.019905056531,908.529180437712,1016.37753492091,862.632050689573,1094.9352195783,840.827360661192,837.577048735555
gene-b2620,1846.71144866626,2026.54500411103,2015.75141911988,2228.36201580488,2322.103008799,1754.49189136038,2156.33586040365,1843.82430603552,1949.82542650132,2650.25250357465,2561.0232799933,2529.58915884011
gene-b2621,354903.418575493,398009.490992464,389102.355826052,441343.75620664,350648.260197753,428815.587281319,457963.41450495,377909.634983007,390407.283151936,504351.607203134,471544.47865346,439280.769619468
gene-b2622,561.500102635011,596.120056404089,686.707768568092,446.926304616814,481.764109709335,616.313301253419,456.450656581796,537.053189708639,580.693823113279,409.45484490277,1064.20899810533,405.479567025581
gene-b2623,149.73336070267,189.495117267525,181.713440298018,203.311164625284,181.999774779082,196.099686762452,119.796436689092,128.57788092373,150.367054707357,191.486345377415,138.433690810449,178.340028385431
gene-b2624,5.19907502439825,3.94781494307344,9.50826141094281,6.26950727919378,7.49410837325632,3.2016275389788,1.74885309035171,3.49871784826475,4.94628469432094,4.07417756122159,6.29244049138404,5.32358293687852
gene-b2625,15.5972250731947,25.0028279727984,15.8471023515714,31.3475363959689,28.9058465825601,19.2097652338728,15.7396778131654,22.7416660137209,19.7851387772838,25.463609757635,14.1579911056141,22.1815955703272
gene-b2626,2.0796300097593,5.26375325743125,13.7341553713618,21.4954535286644,7.49410837325632,16.8085445796387,11.3675450872861,10.4961535447942,10.8818263275061,11.2039882933594,13.3714360441911,19.5198041018879
gene-b2627,569.818622674048,664.548848750696,815.597534360872,597.394479317465,631.646277174462,677.144224494016,458.199509672147,474.95094790194,534.198746986662,387.046868316051,439.68427933546,482.67151961032
gene-b2628,768.423288606061,894.838053763313,1008.93218305004,850.861702176299,793.304900654705,873.243911256468,630.46153907179,657.758955473773,668.737690672192,586.681568815909,590.702851128676,564.299791309124
gene-b2629,7.27870503415754,9.21156820050469,6.33884094062854,11.6433706613599,5.35293455232595,21.6109858881069,3.49770618070341,12.2455124689266,7.91405551091351,15.278165854581,12.5848809827681,18.6325402790748
gene-b2630,1105.32335018707,1219.87481740969,1273.05055557623,1170.60657341518,906.787113164015,1126.17248683579,793.104876474499,725.109274052869,812.179946807499,1065.39743225945,1227.02589581989,1084.23639147759
gene-b2631,191.325960897855,175.019795809589,211.294698020951,236.449988815308,234.458533391876,204.103755609899,130.289555231202,126.828521999597,124.646374296888,195.560522938636,166.749673021677,213.830581297954
gene-b2632,28.0750051317505,18.4231364010094,22.1859432921999,38.5126875721904,37.4705418662816,67.2341783185548,32.3537821715066,34.1124990205813,22.7529095938763,42.7788643928267,41.6874182554192,50.574037900346
gene-b2633,11.4379650536761,14.4753214579359,9.50826141094281,8.95643897027683,4.28234764186076,8.8044757321917,3.49770618070341,4.37339731033094,6.92479857204932,3.0556331709162,3.93277530711502,9.75990205094396
gene-b2634,9.35833504391684,6.57969157178906,10.5647349010476,17.017234043526,10.7058691046519,14.4073239254046,10.4931185421102,6.12275623446331,6.92479857204932,13.2410770739702,9.43866073707606,15.9707488106356
gene-b2635,3.11944501463895,1.31593831435781,0.0,3.58257558811073,5.35293455232595,3.2016275389788,1.74885309035171,5.24807677239712,4.94628469432094,5.09272195152699,2.35966518426901,7.98537440531779
gene-b2636,4.1592600195186,2.63187662871563,6.33884094062854,6.26950727919378,7.49410837325632,6.4032550779576,4.37213272587927,6.9974356965295,4.94628469432094,6.11126634183239,4.71933036853803,12.4216935193832
gene-b2637,53.0305652488621,27.6347046015141,38.0330456437713,26.8693169108305,22.482325119769,32.016275389788,17.4885309035171,16.6189097792576,21.7636526550122,16.2967102448864,15.7311012284601,18.6325402790748
gene-b2638,61.3490852878993,82.9041138045422,75.0096177974378,67.1732922770762,76.0116706430284,74.4378402812571,26.2327963552756,24.4910249378532,30.6669651047899,31.5748760994674,27.5294271498052,33.7160252668973
gene-b2642,345.218581620044,453.998718453445,474.356597057036,575.003381891773,556.705193441898,407.407104335052,159.145631222005,184.557366495966,262.15308879901,264.821541479404,279.227046805167,213.830581297954
gene-b2643,0.0,0.0,0.0,0.0,1.07058691046519,0.0,0.0,0.874679462066187,0.989256938864189,0.0,0.0,0.0
gene-b2644,1.03981500487965,1.31593831435781,0.0,1.79128779405537,1.07058691046519,0.8004068847447,0.0,0.0,0.0,2.0370887806108,1.57311012284601,0.0
gene-b4548,1.03981500487965,0.0,4.22589396041903,6.26950727919378,1.07058691046519,6.4032550779576,2.62327963552756,1.74935892413237,4.94628469432094,1.0185443903054,2.35966518426901,1.77452764562617
gene-b2645,1.03981500487965,2.63187662871563,4.22589396041903,4.47821948513841,10.7058691046519,3.2016275389788,0.874426545175853,3.49871784826475,1.97851387772838,1.0185443903054,0.786555061423005,2.66179146843926
gene-b2646,3.11944501463895,6.57969157178906,7.3953144307333,17.9128779405537,4.28234764186076,28.8146478508092,12.2419716324619,7.87211515859569,3.95702775545676,15.278165854581,7.86555061423005,16.8580126334487
gene-b2647,199.644480936893,202.654500411103,249.327743664723,275.858320284526,246.234989406993,376.191235830009,120.670863234268,149.570188013318,131.571172868937,221.024132696271,180.121109065868,250.208398033291
gene-b2649,4.1592600195186,2.63187662871563,1.05647349010476,5.3738633821661,8.56469528372151,8.004068847447,12.2419716324619,8.74679462066187,13.8495971440986,2.0370887806108,11.0117708599221,6.21084675969161
gene-b2650,0.0,1.31593831435781,1.05647349010476,0.0,2.14117382093038,3.2016275389788,0.874426545175853,1.74935892413237,0.0,0.0,0.786555061423005,1.77452764562617
gene-b2652,0.0,0.0,0.0,0.0,0.0,0.8004068847447,0.0,0.0,0.0,1.0185443903054,0.0,0.887263822813087
gene-b2659,4114.54797430877,3964.92214116009,3343.73859618156,485.438992189004,1020.26932567333,391.398966640158,41.0980476232651,118.081727378935,103.87197858074,60.0941190280185,55.0588542996103,78.9664802303648
gene-b2660,3602.95899190798,3463.54964338976,2710.91097560881,484.543348291976,1231.17494703497,442.625007263819,36.7259148973858,103.21217652381,99.9149508252831,65.1868409795455,59.7781846681483,70.981105825047
gene-b2661,5996.61313314094,4983.45839647304,4035.72873220017,929.678365114735,2141.17382093038,689.150327765187,57.7121519816063,172.311854027039,158.28111021827,108.984249762678,122.702589581989,165.918334866047
gene-b2662,5528.6963809451,4538.6712462201,3344.79506967166,840.113975411967,2157.23262458736,626.7185907551,50.7167396201995,132.95127823406,114.753804908246,118.151149275426,125.848809827681,125.991462839458
gene-b2663,1560.76232232435,1214.61106415226,937.09198572292,217.641466977727,373.634831752351,170.486666450621,13.9908247228137,31.4884606343827,33.6347359213824,20.370887806108,22.8100967812671,33.7160252668973
gene-b2664,427.363967005536,292.138305787434,269.400739976713,110.164199334405,178.788014047687,113.657777633747,34.9770618070341,76.9717926618245,55.3983885763946,73.3351961019887,73.9361757737624,60.3339399512899
gene-b2665,328.581541541969,289.506429158719,344.410357774151,271.380100799388,290.129052736066,380.993677138477,110.177744692158,123.329804151332,80.1298120479993,158.892924887642,164.390007837408,141.962211650094
gene-b2666,101.901870478206,102.643188519909,114.099136931314,95.8338969819621,66.3763884488417,103.252488132066,80.4472421561785,60.3528828825669,37.5917636768392,70.2795629310725,81.0151713265695,78.0792164075517
gene-b2667,34.3138951610284,17.1071980866516,27.4683107427237,49.2604143365226,26.7646727616297,56.8288888168737,35.85148835221,29.7391017102504,31.656222043654,36.6675980509943,40.1143081325732,47.0249826090936
gene-b2668,200.684295941772,268.451416128994,225.028853392313,237.345632712336,161.658623480244,262.533458196262,155.647925041302,121.5804452272,116.732318785974,167.041280010085,166.749673021677,290.13527005988
gene-b2669,173.649105814901,202.654500411103,400.403452749703,204.206808522312,149.882167465126,575.492550131439,2173.82439130717,1483.45636766425,1567.97224809974,587.700113206215,335.0724561662,409.028622316833
gene-b2670,187.166700878337,163.176350980369,182.769913788123,244.510783888557,177.717427137221,384.995711562201,115.424303963213,107.585573834141,134.53894368553,232.228120989631,224.168192505556,256.419244792982
gene-b2671,56.1500102635011,57.9012858317438,60.2189889359712,88.6687458057406,52.4587586127943,86.4439435524276,37.6003414425617,29.7391017102504,28.6884512270615,25.463609757635,43.2605283782653,39.9268720265889
gene-b2672,213.162076000328,151.332906151149,221.859432921999,102.103404261156,146.670406733731,88.044757321917,17.4885309035171,33.2378195585151,30.6669651047899,43.7974087831321,53.4857441767643,34.6032890897104
gene-b2673,57.1898252683807,26.3187662871563,26.4118372526189,68.9645800711316,42.8234764186076,75.2382471660018,74.3262563399475,101.462817599678,83.0975828645919,17.3152546351918,198.99843054002,29.2797061528319
gene-b2674,153.892620722188,138.17352300757,110.929716461,283.919115357775,207.693860630247,290.547699162326,209.862370842205,282.521466247378,288.863026148343,66.2053853698509,670.1449123324,116.231560788514
gene-b2675,582.296402732604,382.938049478124,326.45030844237,793.540492766527,592.03456148725,754.783692314252,715.280913953848,1078.47977672761,956.611459881671,239.357931721769,1974.25320417174,334.498461200534
gene-b2676,210.042630985689,151.332906151149,158.471023515714,359.153202708101,246.234989406993,288.146478508092,279.816494456273,360.367938371269,324.476275947454,92.6875395177913,533.284331644797,162.369279574795
gene-b2677,831.852003903719,931.684326565332,600.076942379502,1052.38157900753,1153.02210257101,775.594271317614,791.356023384147,635.891968922118,702.372426593574,573.440491741939,605.647397295714,880.165712230583
gene-b2678,227.719486068643,182.915425695736,142.623921164142,289.292978739942,290.129052736066,211.307417572601,275.444361730394,293.892299254239,229.507609816492,236.302298550852,191.919434987213,224.477747171711
gene-b2679,1155.23447042129,1172.50103809281,655.013563864949,1051.4859351105,979.587023075648,682.747072687229,596.358903809932,586.909919046412,610.371531279205,740.481771752025,770.823960194544,764.821415264881
gene-b2682,784.020513679255,731.661702782944,717.34549978113,520.369104173084,451.78767621631,555.482378012822,1039.69316221409,1068.85830264488,1007.06356376374,712.981073213779,876.222338425227,653.026173590432
gene-b2683,844.329783962275,946.159648023268,859.969420945272,655.611332624264,808.293117401218,564.286853745014,854.314734636809,667.380429556501,761.727842925425,531.680171739418,692.168454052244,590.030442170703
gene-b2684,2203.36799533998,2289.73266698259,2412.98545139927,2251.64875712759,2397.04409253156,2763.80497302345,4856.56503190669,4415.38192451011,4533.76455081458,2803.03416212046,2758.44860041048,3070.8200907561
gene-b2685,1240.49930082142,1373.83960018956,1314.25302169032,1622.90674141416,1771.82133681989,1665.64672715372,1774.21146016181,1322.51534664408,1510.59534564562,1045.02654445334,891.953439653687,1537.62820493508
gene-b2686,557.340842615492,544.798462144135,590.568680968559,700.393527475648,601.669843681436,700.356024151613,1006.46495349741,823.073373804282,780.523724763845,565.292136619496,449.122940072536,684.967671211703
gene-b2687,3211.98855007324,3304.32110735247,4245.96695673102,3533.31517377421,3331.66646536767,3545.80249941902,3037.75781794092,2818.21722677726,3020.20143435237,3620.92530753569,2925.19827343215,3212.78230240619
gene-b4442,0.0,2.63187662871563,2.11294698020951,3.58257558811073,1.07058691046519,3.2016275389788,0.0,1.74935892413237,3.95702775545676,0.0,0.786555061423005,1.77452764562617
gene-b2688,3637.27288706901,3862.27895264018,3881.48360264488,3679.30512898972,3890.5128326305,3138.39539508397,4021.48768126375,3838.9681590085,3762.14413850051,3591.38752021684,3600.84907119452,4218.05221365342
gene-b2689,732.029763435273,681.656046837347,662.408878295683,655.611332624264,675.540340503534,672.341783185548,825.458658646006,839.69228358354,833.943599462511,918.727040055469,755.879414027507,842.01336784962
gene-b2690,452.319527122647,381.622111163766,376.104562477294,504.247514026586,486.046457351196,429.818497107904,526.404780195864,559.79485572236,562.887198213723,716.036706384695,596.99529162006,700.051156199526
gene-b2691,1005.50110971862,1211.97918752355,1169.51615354597,1005.80809636209,1112.33979997333,914.064662378448,1294.15128686026,967.395485045203,1252.39928460206,1299.66264202969,655.200366165363,1072.70196178102
gene-b2692,2598.49769719424,3105.61442188444,3017.28828773919,2601.84552086542,2506.24395739901,2344.39176541723,3105.08866191946,2220.81115418605,2854.00626862318,2931.37075529894,1579.40256333739,2797.54283332966
gene-b2693,3150.63946478534,3935.97149824422,3692.37484791613,3179.53583444827,3541.50149981885,2891.06966769786,4051.21818379973,3126.10439742455,3533.62578562288,3867.4130499896,2026.16583822566,3088.56536721236
gene-b2694,6662.09473626391,5146.63474745341,5856.03255565067,5162.49142246756,6733.99166682604,4648.76318659722,4812.8437046479,4800.24088781924,5019.48970779689,5360.59912617731,2365.9576247604,4104.48244433334
gene-b2695,533.42509750326,350.039591619178,377.161035967398,493.499787262253,417.528895081424,410.608731874031,884.045237172788,977.891638589997,553.983885763946,965.580082009518,514.407010170645,879.27844840777
gene-b2696,2515.31249680387,1804.15142898456,2102.38224530847,1842.33949618594,1534.15104269662,1594.41051441144,2365.32380470068,2993.15311919049,2441.48612511682,3155.45052116612,2633.38634564422,2195.09069763958
gene-b2697,17537.5198723002,16869.0132517528,16016.1381099881,12996.6885897687,14600.6642849242,11892.4454935368,15937.2982123751,17183.0780322903,16073.4467426653,12862.1785607766,12305.6539359629,13707.3387986394
gene-b2698,100.862055473326,111.854756720414,100.364981559952,240.928208300447,163.799797301174,219.311486420048,124.168569414971,113.708330068604,157.291853279406,294.35932879826,176.974888820176,396.60692879745
gene-b2699,3141.28112974142,3450.39026024619,3307.81849751799,6164.71694324154,4965.38209073755,5295.49194947094,4713.15907849785,4578.94698391649,4617.85139061803,8316.41494684358,5823.65367477593,9905.41331788531
gene-b2700,349.377841639562,386.885864421197,427.871763492427,306.310212783468,349.011332811652,323.364381436859,328.784380986121,344.623708054078,365.035810440886,280.099707333985,285.519487296551,231.575857754216
gene-b2701,546.942692566696,468.474039911381,535.632059483112,461.256606969257,511.74054320236,535.472205894204,578.870372906415,614.024982370463,573.76902454123,633.534610769958,378.332984544465,545.667251030049
gene-b2702,370.174141737155,532.955017314914,459.565968195569,180.920067199592,251.587923959319,262.533458196262,86.5682279724095,168.813136178774,276.991942881973,71.2981073213779,464.854041300996,106.47165873757
gene-b2703,567.738992664289,652.705403921475,487.034278938293,237.345632712336,310.470204034905,275.339968352177,94.4380668789922,230.040698523407,289.852283087207,89.6319063468751,417.660737615615,133.976837244776
gene-b2704,137.255580644114,135.541646378855,79.2355117578568,56.425565512744,82.4351921058196,80.04068847447,26.2327963552756,86.5932667445525,103.87197858074,33.6119648800781,100.679047862145,55.8976208372245
gene-b2705,663.401973113216,453.998718453445,385.612823888236,340.34468087052,527.799346859338,480.24413084682,99.6846261500473,300.015055488702,478.800358410267,205.74596684169,378.332984544465,242.223023627973
gene-b2706,119.57872556116,188.179178953167,136.285080223514,64.4863605859932,69.5881491802373,57.6292957016184,27.1072229004515,46.3580114895079,72.2157565370858,30.556331709162,115.623594029182,31.0542337984581
gene-b2707,700.835313288884,901.417745335102,871.590629336425,419.161343808956,401.470091424446,498.653489195948,541.270031463853,628.894533225589,724.136079248586,396.2137678288,985.553491963025,403.705039379955
gene-b2708,334.820431571247,397.413370936059,394.064611809074,253.467222858834,328.670181512813,284.944850969113,356.766030431748,539.677228094838,515.402865148242,289.266606846733,496.316243757916,290.13527005988
gene-b2709,67.5879753171772,82.9041138045422,99.3085080698472,209.580671904478,112.411625598845,250.527354925091,132.91283486673,161.815700482245,166.195165729184,176.208179522834,157.311012284601,219.154164234833
gene-b2710,49.9111202342232,31.5825195445875,50.7107275250283,43.8865509543565,31.0470204034905,41.6211580067244,19.2373839938688,24.4910249378532,22.7529095938763,26.4821541479404,25.9563170269592,19.5198041018879
gene-b2711,51.9907502439825,55.2694092030281,36.9765721536665,45.6778387484118,50.3175847918639,31.2158685050433,16.6141043583412,33.2378195585151,19.7851387772838,30.556331709162,20.4504315969981,21.2943317475141
gene-b2712,134.136135629475,181.599487381378,196.504069159485,132.555296760097,156.305688927918,177.690328413323,169.638749764116,138.199355006458,208.733214100344,116.114060494815,119.556369336297,102.035339623505
gene-b2713,30.1546351415098,23.6868896584406,19.0165228218856,23.2867413227198,24.6234989406993,24.8126134270857,11.3675450872861,19.2429481654561,15.828111021827,24.4450653673296,25.1697619655361,15.9707488106356
gene-b2714,653.00382306442,551.378153715924,595.851048419083,497.978006747392,594.17573530818,516.262440660332,470.441481304609,535.303830784507,530.241719231205,490.938396127202,546.655767688988,449.842758166235
gene-b2715,121.658355570919,125.014139863992,128.88976579278,74.3384434532977,80.2940182848892,84.0427228981935,97.9357730596956,82.2198694342216,80.1298120479993,59.0755746377131,78.6555061423005,76.3046887619255
gene-b2716,175.728735824661,198.70668546803,179.600493317809,115.538062716571,130.611603076753,109.655743210024,118.922010143916,126.828521999597,147.399283890764,99.817350249929,140.006800933295,99.3735481550658
gene-b2717,162.211140761225,194.758870524956,211.294698020951,163.007189259038,168.082144943035,191.297245453983,175.759735580347,146.946149627119,166.195165729184,163.985646839169,235.966518426901,163.256543397608
gene-b2718,13.5175950634354,5.26375325743125,21.1294698020951,17.9128779405537,22.482325119769,17.6089514643834,13.1163981776378,21.8669865516547,14.8388540829628,24.4450653673296,11.0117708599221,22.1815955703272
gene-b2719,14.5574100683151,6.57969157178906,19.0165228218856,6.26950727919378,5.35293455232595,8.004068847447,15.7396778131654,12.2455124689266,9.89256938864189,7.12981073213779,6.29244049138404,2.66179146843926
gene-b2720,16.6370400780744,21.055013029725,13.7341553713618,7.16515117622146,20.3411512988386,12.8065101559152,6.12098581623097,15.7442303171914,7.91405551091351,4.07417756122159,10.2252157984991,3.54905529125235
gene-b2721,48.8713052293435,32.8984578589453,46.4848335646093,21.4954535286644,29.9764334930253,30.4154616202986,21.8606636293963,22.7416660137209,23.7421665327405,16.2967102448864,20.4504315969981,19.5198041018879
gene-b2722,5.19907502439825,7.89562988614688,8.45178792083806,7.16515117622146,6.42352146279113,8.004068847447,7.86983890658268,4.37339731033094,3.95702775545676,3.0556331709162,7.86555061423005,4.43631911406544
gene-b2723,10.3981500487965,7.89562988614688,4.22589396041903,4.47821948513841,10.7058691046519,8.8044757321917,5.24655927105512,3.49871784826475,9.89256938864189,10.185443903054,6.29244049138404,11.5344296965701
gene-b2724,11.4379650536761,5.26375325743125,1.05647349010476,4.47821948513841,2.14117382093038,6.4032550779576,2.62327963552756,3.49871784826475,1.97851387772838,4.07417756122159,1.57311012284601,8.87263822813087
gene-b2725,3.11944501463895,3.94781494307344,6.33884094062854,1.79128779405537,3.21176073139557,4.8024413084682,2.62327963552756,0.0,1.97851387772838,0.0,0.786555061423005,5.32358293687852
gene-b2726,37.4333401756674,30.2665812302297,29.5812577229332,5.3738633821661,10.7058691046519,7.2036619627023,7.86983890658268,4.37339731033094,2.96777081659257,2.0370887806108,7.07899555280704,12.4216935193832
gene-b2727,266.19264124919,303.981750616655,277.852527897551,141.511735730374,126.329255434892,123.262660250684,132.91283486673,132.95127823406,142.452999196443,105.928616591761,143.153021178987,89.6136461041218
gene-b2728,84.2250153952516,71.0606689753219,75.0096177974378,35.8257558811073,46.0352371500031,35.2179029287668,30.6049290811549,27.1150633240518,48.4735900043453,34.6305092703835,33.8218676411892,24.8433870387664
gene-b2729,244.356526146718,288.190490844361,234.537114803256,128.972721171986,124.188081613962,138.470391060833,130.289555231202,150.444867475384,147.399283890764,86.5762731759589,122.702589581989,105.584394914757
gene-b2730,234.998191102801,247.396403099269,304.26436515017,154.946394185789,177.717427137221,160.881783833685,133.787261411906,134.700637158193,135.528200624394,98.7988058596237,109.331153537798,134.864101067589
gene-b2731,291.148201366302,311.877380502802,317.998520521532,233.763057124225,294.411400377927,273.739154582687,164.39219049306,129.452560385796,167.184422668048,147.688936594283,204.504315969981,162.369279574795
gene-b2732,14.5574100683151,10.5275065148625,15.8471023515714,14.3303023524429,10.7058691046519,15.2077308101493,13.1163981776378,16.6189097792576,11.8710832663703,9.16689951274859,22.0235417198441,7.0981105825047
gene-b2733,1468.21878689006,1731.77482169488,1764.31072847494,1343.46584554152,1369.28065848498,1393.50838634052,2077.63747133783,1954.90859771793,1825.17905220443,1761.06325083803,1516.47815842355,1684.91399952205
gene-b2734,12.4777800585558,15.7912597722938,12.6776818812571,19.704165734609,26.7646727616297,25.6130203118304,25.3583698100998,21.8669865516547,20.774395716148,25.463609757635,22.0235417198441,33.7160252668973
gene-b2735,189.246330888096,277.662984329499,292.643156759018,258.841086241,205.552686809316,260.932644426772,352.393897705869,309.63652957143,276.991942881973,283.155340504901,410.581742062808,273.277257426431
gene-b2736,35.3537101659081,39.4781494307344,53.8801479953426,24.1823852197474,32.1176073139557,32.8166822745327,39.3491945329134,30.6137811723166,53.4198746986662,14.2596214642756,46.4067486239573,26.6179146843926
gene-b2737,116.459280546521,128.961954807066,155.301603045399,97.6251847760174,83.5057790162847,113.657777633747,51.5911661653754,80.4705105100892,73.20501347595,35.6490536606889,62.9244049138404,57.6721484828507
gene-b2738,32.2342651512691,21.055013029725,40.1459926239808,17.9128779405537,17.129390567443,21.6109858881069,13.1163981776378,32.3631400964489,24.7314234716047,19.3523434158026,25.1697619655361,22.1815955703272
gene-b2739,43.6722302049453,42.11002605945,48.5977805448188,39.408331469218,43.8940633290728,47.2240061999373,26.2327963552756,22.7416660137209,33.6347359213824,27.5006985382458,25.9563170269592,31.0542337984581
gene-b2740,28.0750051317505,25.0028279727984,28.5247842328284,38.5126875721904,23.5529120302342,36.8187166982562,25.3583698100998,24.4910249378532,31.656222043654,20.370887806108,20.4504315969981,32.8287614440842
gene-b2741,8313.3209640128,8568.07436478372,9099.40617027227,8718.19769366747,9234.88268967272,8900.52455836107,6544.20826409609,8275.3423906082,7861.62489315371,8793.09372150651,5573.52916524341,7658.86131852257
gene-b2742,10674.7408400945,12775.1291557856,12281.5043224678,10800.5697542568,10090.2816311344,10117.9434300578,7259.48917804994,7500.37638721756,7587.60072108833,7721.58502290523,6404.91786516753,8211.62668013512
gene-b2743,239.157451122319,243.448588156195,232.424167823047,223.910974256921,316.893725497696,235.319624114942,330.533234076473,441.713128343425,320.519248191997,279.081162943679,318.554799876317,204.07067924701
gene-b2744,701.875128293763,759.296407384458,824.049322281711,670.837278873734,686.246209608186,681.946665802485,970.613465145197,976.142279665865,962.547001514856,872.892542491727,864.424012503882,807.41007875991
gene-b2745,800.65755375733,731.661702782944,917.018989410929,1022.82533040561,1021.33991258379,823.618684402296,1441.05494644981,1540.31053269856,1310.76544399505,1364.84948300923,1051.62411712256,1112.62883380761
gene-b2746,300.506536410219,350.039591619178,377.161035967398,361.840134399184,323.317246960487,388.997745985924,597.233330355108,576.413765501617,570.801253724637,587.700113206215,361.028773193159,527.921974573787
gene-b2747,967.027954538074,1019.85219362731,1106.12774413968,1115.07665179947,1160.51621094426,1107.76312848667,1596.70287149111,1333.01150018887,1392.87376992078,1431.05486837908,938.360188277645,1416.07306120969
gene-b2748,561.500102635011,568.485351802575,549.366214854474,660.98519600643,649.84625465237,605.107604866993,959.245920057911,881.676897762717,874.503133955943,949.283371764631,659.133141472478,883.714767521835
gene-b2749,205.883370966171,293.454244101792,244.045376214199,213.163247492589,200.19975225699,272.138340813198,235.220740652305,230.915377985473,241.378693082862,172.134001961612,156.524457223178,198.747096310132
gene-b2750,29.1148201366302,21.055013029725,34.863625173457,19.704165734609,22.482325119769,24.8126134270857,8.74426545175853,11.3708330068604,17.8066248995554,15.278165854581,14.9445461670371,25.7306508615795
gene-b2751,124.777800585558,82.9041138045422,65.5013563864949,95.8338969819621,98.4939957627974,76.0386540507465,49.8423130750237,47.2326909515741,67.2694718427648,44.8159531734375,58.2050745453023,53.2358293687852
gene-b2752,58.2296402732604,76.3244222327532,62.3319359161807,66.2776483800485,77.0822575534936,57.6292957016184,27.9816494456273,28.8644222481842,29.6777081659257,16.2967102448864,32.2487575183432,18.6325402790748
gene-b2753,234.998191102801,232.921081641333,295.812577229332,303.623281092385,249.446750138389,272.138340813198,177.508588670698,209.923070895885,228.518352877628,267.87717465032,241.472403856862,229.80133010859
gene-b2754,29.1148201366302,14.4753214579359,12.6776818812571,19.704165734609,23.5529120302342,30.4154616202986,22.7350901745722,13.1201919309928,23.7421665327405,24.4450653673296,20.4504315969981,28.3924423300188
gene-b2755,56.1500102635011,35.530334487661,34.863625173457,66.2776483800485,50.3175847918639,62.4317370100866,34.1026352618583,30.6137811723166,37.5917636768392,38.7046868316051,37.7546429483042,42.5886634950282
gene-b2756,59.26945527814,89.4838053763313,82.4049322281711,92.2513213938513,62.094040806981,97.6496399388534,34.1026352618583,27.989742786118,47.4843330654811,49.9086751249645,62.9244049138404,67.4320505337946
gene-b2757,43.6722302049453,63.165039089175,48.5977805448188,48.3647704394949,69.5881491802373,51.2260406236608,42.8469007136168,36.7365374067799,46.4950761266169,55.0013970764915,40.9008631939962,54.1230931915983
gene-b2758,68.6277903220569,78.9562988614688,85.5743526984853,64.4863605859932,62.094040806981,94.4480123998746,46.3446068943202,40.2352552550446,47.4843330654811,70.2795629310725,64.4975150366864,66.5447867109816
gene-b2759,15.5972250731947,18.4231364010094,27.4683107427237,15.2259462494706,10.7058691046519,20.0101721186175,10.4931185421102,18.3682687033899,18.7958818384196,16.2967102448864,18.0907664127291,31.0542337984581
gene-b2760,55.1101952586214,39.4781494307344,36.9765721536665,42.9909070573288,38.5411287767468,54.4276681626396,21.8606636293963,27.989742786118,34.6239928602466,20.370887806108,43.2605283782653,42.5886634950282
gene-b2761,87.3444604098905,113.170695034772,92.9696671292186,84.1905263206022,101.705756494193,89.6455710914064,63.8331377978373,69.0996775032288,73.20501347595,58.0570302474077,311.47580432351,93.1627013953742
gene-b4701,0.0,0.0,0.0,0.0,1.07058691046519,1.6008137694894,0.0,0.0,0.0,0.0,0.0,0.887263822813087
gene-b2762,42.6324152000656,30.2665812302297,24.2988902724094,38.5126875721904,50.3175847918639,35.2179029287668,30.6049290811549,27.989742786118,49.4628469432094,15.278165854581,22.0235417198441,30.166969975645
gene-b2763,100.862055473326,85.5359904332578,75.0096177974378,105.685979849267,134.893950718614,68.8349920880442,48.0934599846719,47.2326909515741,92.9901522532338,46.8530419540483,51.1260789924953,57.6721484828507
gene-b2764,164.290770770985,119.750386606561,102.477928540161,174.650559920398,232.317359570946,105.6537087863,45.4701803491444,44.6086525653756,77.1620412314067,63.1497521989347,67.6437352823784,92.2754375725611
gene-b2765,258.913936215033,338.196146789958,329.619728912684,420.056987705983,407.893612887237,317.761533243646,439.836552223454,263.278518081922,285.895255331751,467.511875150178,201.358095724289,472.024353736562
gene-b2766,99.8222404684463,151.332906151149,159.527497005818,161.215901464983,117.764560151171,131.266729098131,232.597461016777,262.403838619856,252.260519410368,173.152546351918,650.481035796825,147.285794586973
gene-b2767,9.35833504391684,7.89562988614688,13.7341553713618,8.95643897027683,13.9176298360475,5.6028481932129,11.3675450872861,13.994871393059,13.8495971440986,12.2225326836648,44.0470834396883,5.32358293687852
gene-b2768,32.2342651512691,36.8462728020188,35.9200986635617,15.2259462494706,40.6823025976772,21.6109858881069,32.3537821715066,55.979485572236,67.2694718427648,18.3337990254972,167.5362280831,19.5198041018879
gene-b2769,34.3138951610284,48.6897176312391,23.2424167823047,33.1388241900243,19.2705643883734,32.8166822745327,27.1072229004515,16.6189097792576,20.774395716148,19.3523434158026,20.4504315969981,29.2797061528319
gene-b2770,4.1592600195186,5.26375325743125,6.33884094062854,4.47821948513841,9.6352821941867,4.8024413084682,3.49770618070341,5.24807677239712,5.93554163318513,5.09272195152699,3.93277530711502,3.54905529125235
gene-b2771,14.5574100683151,5.26375325743125,13.7341553713618,17.9128779405537,10.7058691046519,17.6089514643834,9.61869199693439,9.62147408272806,3.95702775545676,5.09272195152699,12.5848809827681,10.647165873757
gene-b4463,58.2296402732604,56.585347517386,46.4848335646093,34.034468087052,44.9646502395379,51.2260406236608,28.8560759908032,26.2403838619856,37.5917636768392,31.5748760994674,40.1143081325732,41.7013996722151
gene-b2774,14.5574100683151,25.0028279727984,13.7341553713618,8.95643897027683,7.49410837325632,13.6069170406599,7.86983890658268,12.2455124689266,10.8818263275061,8.14835512244319,26.7428720883822,12.4216935193832
gene-b2775,24.9555601171116,50.0056559455969,44.3718865843998,7.16515117622146,11.7764560151171,9.6048826169364,11.3675450872861,18.3682687033899,18.7958818384196,6.11126634183239,43.2605283782653,15.0834849878225
gene-b2776,55.1101952586214,63.165039089175,49.6542540349236,33.1388241900243,40.6823025976772,48.024413084682,25.3583698100998,35.8618579447137,34.6239928602466,23.4265209770242,48.7664138082263,43.4759273178413
gene-b2777,484.553792273917,398.729309250417,425.758816512217,713.828185931063,786.881379191914,579.494584555163,667.187453969176,670.004467942699,602.457475768291,908.541596152415,634.749934568365,860.645908128695
gene-b4682,1.03981500487965,0.0,0.0,0.895643897027683,0.0,0.0,0.0,0.874679462066187,0.0,0.0,0.0,0.0
gene-b2778,18.7166700878337,19.7390747153672,16.9035758416761,21.4954535286644,12.8470429255823,20.0101721186175,16.6141043583412,6.12275623446331,15.828111021827,17.3152546351918,14.1579911056141,12.4216935193832
gene-b2779,35924.568603587,40848.0412159809,42984.7368918923,38286.9853101394,37762.8120928386,34910.5466850248,49934.1278622671,45450.9688873453,46704.7985976561,40280.3750034076,39554.2809288401,38686.4772022962
gene-b2780,8561.83675017903,9976.12836114658,10801.384962831,12853.3855662443,12992.6427454055,8156.94656243324,16447.9633147578,11958.6176053689,11251.8084226413,12766.4353880879,6594.47763497047,12671.0146535937
gene-b2781,687.317718225448,763.244222327531,691.990136018616,614.41171336099,617.728647338414,509.058778697629,388.245386058079,426.843577488299,383.831692279305,454.270798076208,440.470834396883,608.662982449778
gene-b2782,599.973257815558,585.592549889227,515.559063171121,433.491646161399,499.964087187243,380.193270253733,274.569935185218,243.1608904544,292.8200539038,262.784452698793,303.61025370928,338.047516491786
gene-b2783,335.860246576127,292.138305787434,230.311220842837,248.093359476668,219.470316645364,198.500907416686,168.76432321894,209.923070895885,194.883616956245,179.26381269375,198.99843054002,201.408887778571
gene-b2784,7320.29763435273,6961.31368295283,5965.90579862156,3493.01119840796,3742.7718389863,2590.91708591859,2896.10071762243,2947.66978716305,2793.66159535247,2425.15419331715,3670.85247166116,2823.27348419124
gene-b2785,1483.81601196326,1547.54345768479,1286.78471094759,788.166629384361,918.563569179132,598.704349789036,877.924251356557,786.336836397502,824.051030073869,890.207797126918,945.439183830451,769.257734378947
gene-b2786,905.678869250174,960.634969481203,910.680148470301,963.712833201787,1045.96341152449,910.863034839469,1257.42537196288,983.139715362395,1037.73052886853,1214.10491324404,997.35181788437,1237.73303282426
gene-b2787,174.688920819781,106.591003462983,133.115659753199,144.198667421457,125.258668524427,120.86143959645,86.5682279724095,92.7160229790158,90.0223814366412,119.169693665732,84.1613915722615,103.809867269131
gene-b2788,97.742610458687,69.7447306609641,60.2189889359712,47.4691265424672,58.8822800755854,64.8329576643207,41.0980476232651,41.1099347171108,52.430617759802,60.0941190280185,37.7546429483042,55.0103570144114
gene-b2789,60.3092702830197,30.2665812302297,19.0165228218856,27.7649608078582,19.2705643883734,15.2077308101493,8.74426545175853,16.6189097792576,15.828111021827,19.3523434158026,11.0117708599221,24.8433870387664
gene-b2790,436.722302049453,400.045247564775,429.984710472636,369.900929472433,353.293680453512,355.380656826647,533.400192557271,551.048061101698,499.574754126415,498.06820685934,678.797018008053,455.166341103114
gene-b2791,434.642672039693,456.630595082161,512.389642700807,573.212094097717,585.611040024458,527.468137046757,781.737331387213,566.792291418889,623.231871484439,777.149369803019,453.055715379651,730.218126175171
gene-b2792,140.375025658753,113.170695034772,135.228606733409,175.546203817426,160.588036569778,152.077308101493,183.629574486929,158.31698263398,132.560429807801,202.690333670774,218.662307075595,176.565500739804
gene-b4408,10322.2435534403,6719.18103311099,9157.51221222804,11139.1231473333,10608.4456957996,9396.77682690278,12255.9624571848,20627.5657539069,14159.2345659631,17528.1304127656,14935.1075063,8787.46090114082
gene-b2793,301.546351415098,293.454244101792,305.320838640275,330.492598003215,314.752551676766,260.932644426772,301.677158085669,286.894863557709,291.830796964936,337.138193191087,318.554799876317,324.73855914959
gene-b2794,546.942692566696,588.224426517942,632.82762057275,706.663034754842,603.811017502367,617.914115022909,915.524592799119,777.590041776841,807.233662113178,954.376093716158,904.538320636455,945.823235118751
gene-b2795,4973.43516833936,6320.45172386058,5011.91023705697,2733.50517372849,3265.29007691883,2374.00682015278,2211.42473274973,2747.36819034989,3100.33124640037,1751.89635132529,7620.93199012749,2716.80182545367
gene-b2796,22623.2550611665,34093.3298483822,30999.0451466538,10281.9919378778,12354.5729467683,15913.6896824941,41925.2551350015,30962.778277681,29726.18175593,10577.5834933216,22928.866595542,10569.9739211723
gene-b2797,7672.79492100693,10530.1383914912,10103.0559858718,3312.09113120837,3542.57208672931,5217.05207476596,15874.3395011224,15718.8646127915,13812.0053804218,3979.45293292319,9963.2929630452,3413.30392636195
gene-b2798,396.169516859146,542.166585515419,445.831812824208,308.997144474551,323.317246960487,283.344037199624,545.642164189733,408.475308784909,396.69203248454,316.767305384979,464.067486239573,324.73855914959
gene-b2799,272.431531278468,421.1002605945,400.403452749703,92.2513213938513,81.3646051953544,168.085445796387,114.549877418037,265.902556468121,279.959713698565,86.5762731759589,412.154852185654,88.7263822813087
gene-b2800,60.3092702830197,63.165039089175,48.5977805448188,33.1388241900243,24.6234989406993,39.2199373524903,36.7259148973858,62.9769212687655,77.1620412314067,23.4265209770242,76.2958409580314,36.3778167353366
gene-b2801,80.065755375733,135.541646378855,102.477928540161,41.1996192632734,23.5529120302342,35.2179029287668,112.801024327685,143.447431778855,132.560429807801,51.9457639055753,217.875752014172,51.4613017231591
gene-b2802,260.993566224792,311.877380502802,180.656966807913,110.164199334405,120.976320882566,118.460218942216,208.113517751853,604.403508287735,588.607878624192,144.633303423367,545.082657566142,158.820224283543
gene-b2803,163.250955766105,156.59665940858,117.268557401628,67.1732922770762,78.1528444639588,92.8471986303852,89.1915076079371,293.892299254239,306.669651047899,83.5206400050427,247.764844348246,86.9518546356826
gene-b2804,226.679671063764,247.396403099269,248.271270174618,205.102452419339,210.905621361642,368.987573867307,194.122693029039,270.275953778452,316.56222043654,181.300901474361,289.452262603666,189.874458082001
gene-b2805,576.057512703326,948.791524651983,943.430826663548,315.266651753744,305.117269482579,409.007918104542,709.159928137617,903.543884314371,842.846911912289,285.192429285512,1267.14020395246,335.385725023347
gene-b2806,753.865878537746,688.235738409136,668.747719236311,650.237469242098,701.234426354699,654.732831721165,1100.9030203764,844.940360355937,785.470009458166,1070.49015421097,553.734763241795,874.842129293704
gene-b2807,93.5833504391684,72.3766072896797,50.7107275250283,65.3820044830209,52.4587586127943,71.2362127422783,153.89907195095,164.439738868443,137.506714502122,181.300901474361,79.4420612037235,125.991462839458
gene-b2808,305.705611434617,339.512085104316,331.732675892894,354.674983222962,366.140723379095,336.971298477519,461.697215852851,390.981719543586,375.917636768392,395.195223438495,241.472403856862,399.268720265889
gene-b4443,11712.4762149644,10972.2936651154,12183.2522878881,13924.5756670894,13463.7009860102,13630.1288403175,12794.6092090131,14513.5563140642,9424.65085655913,21001.366783707,14168.2163214126,11706.5588781959
gene-b2809,341.059321600525,456.630595082161,407.798767180436,199.728589037173,231.246772660481,175.289107759089,19.2373839938688,48.1073704136403,36.602506737975,56.0199414667969,65.2840700981094,68.3193143566077
gene-b2810,325.46209652733,256.607971299774,313.772626561113,430.804714470316,374.705418662816,410.608731874031,448.580817675213,429.467615874498,413.509400445231,519.457639055753,479.798587468033,424.999371127469
gene-b2811,199.644480936893,161.860412666011,150.019235594876,187.189574478786,185.211535510478,220.111893304793,286.81190681768,276.398710012915,265.120859615603,298.433506359482,288.665707542243,261.742827729861
gene-b2812,273.471346283348,197.390747153672,249.327743664723,305.41456888644,271.929075258158,308.957057511454,619.093993984504,583.411201198147,519.359892903699,717.055250775001,341.364896657584,466.700770799684
gene-b2813,645.725118030262,559.27378360207,604.302836339921,911.765487174181,868.245984387268,1014.11552297154,1231.1925756076,1250.79163075465,1192.05461133135,1372.99783813168,708.686110342127,1315.81224923181
gene-b2814,17.676855082954,7.89562988614688,10.5647349010476,18.8085218375813,10.7058691046519,10.4052895016811,22.7350901745722,41.1099347171108,9.89256938864189,46.8530419540483,18.8773214741521,22.1815955703272
gene-b2815,34.3138951610284,10.5275065148625,14.7906288614666,32.2431802929966,17.129390567443,24.8126134270857,27.9816494456273,55.1048061101698,33.6347359213824,77.4093736632103,25.9563170269592,26.6179146843926
gene-b2816,24.9555601171116,10.5275065148625,13.7341553713618,17.9128779405537,20.3411512988386,16.8085445796387,17.4885309035171,34.9871784826475,11.8710832663703,41.7603200025213,20.4504315969981,16.8580126334487
gene-b2817,1846.71144866626,1800.20361404149,1974.54895300579,1620.21980972308,1712.9390567443,1730.47968481804,1594.07959185558,1486.95508551252,1508.61683176789,1674.48697766208,866.783677688151,1420.50938032375
gene-b2818,105.021315492845,105.275065148625,119.381504381838,107.477267643322,94.2116481209366,127.264694674407,74.3262563399475,76.0971131997583,71.2264995982216,115.09551610451,73.1496207123394,90.5009099269349
gene-b2819,329.621356546849,313.193318817159,328.563255422579,306.310212783468,415.387721260493,268.936713274219,347.147338434814,425.094218564167,363.057296563157,285.192429285512,327.993460613393,244.884815096412
gene-b2820,1866.46793375897,1710.71980866516,1838.26387278228,1773.37491611481,2279.27953238039,1416.72018599812,1720.87144090608,1590.16726203633,1636.23097688137,1371.97929374137,1407.93355994718,1467.53436293285
gene-b2821,1569.08084236339,1421.21337950644,1297.34944584864,1482.29064958082,1667.97440650476,1218.21927858143,1405.2034580976,1354.87848674052,1446.29364461944,1173.36313763182,1398.4948992101,1671.60504217986
gene-b2822,1507.73175707549,1417.26556456336,1433.63452607216,1022.82533040561,1204.41027427334,1050.93423966979,1397.33361919101,1329.5127823406,1411.6696517592,1068.45306543036,1554.23280137186,1111.7415699848
gene-b2823,39.5129701854267,56.585347517386,40.1459926239808,38.5126875721904,25.6940858511645,30.4154616202986,36.7259148973858,30.6137811723166,28.6884512270615,30.556331709162,33.0353125797662,30.166969975645
gene-b2824,13.5175950634354,14.4753214579359,12.6776818812571,8.95643897027683,17.129390567443,10.4052895016811,21.8606636293963,18.3682687033899,10.8818263275061,16.2967102448864,14.1579911056141,15.0834849878225
gene-b2825,11.4379650536761,17.1071980866516,14.7906288614666,13.4346584554152,20.3411512988386,16.008137694894,10.4931185421102,23.6163454757871,19.7851387772838,25.463609757635,25.9563170269592,16.8580126334487
gene-b2826,17.676855082954,9.21156820050469,7.3953144307333,10.7477267643322,10.7058691046519,9.6048826169364,8.74426545175853,14.8695508551252,20.774395716148,15.278165854581,16.5176562898831,17.7452764562617
gene-b2827,2310.46894084258,2502.91467390856,2515.46337993943,2694.09684225927,2671.11434161065,2104.26969999382,3349.05366802352,2442.10505808879,2484.02417348798,3018.9655728652,1816.94219188714,3591.64395474738
gene-b2828,1867.50774876385,1726.51106843745,1410.39210928985,1822.63533045133,1758.97429389431,1440.73239254046,2068.89320588607,1638.27463244997,1608.53178259317,2215.33404891424,1326.91838862061,2219.93408467834
gene-b2829,4945.36016320761,4917.66148075515,4752.0177584912,4227.43919397066,4737.34707880846,3725.89404848658,3854.47221113516,3709.5155986227,3895.69382524718,4084.36300512465,4487.29662541824,3797.48916164001
gene-b2830,2098.34667984713,2213.40824474984,2134.07645001161,1899.66070559572,2137.96206019898,1720.07439531636,1642.17305184025,1428.35156155408,1534.33751217836,1648.00482351413,1887.73214741521,1790.49839443681
gene-b4610,2.0796300097593,7.89562988614688,4.22589396041903,2.68693169108305,6.42352146279113,4.0020344237235,0.0,5.24807677239712,2.96777081659257,4.07417756122159,11.7983259213451,1.77452764562617
gene-b2831,70.7074203318162,73.6925456040375,70.7837238370187,87.7731019087129,96.352821941867,95.2484192846193,81.3216687013544,97.964099751413,76.1727842925425,103.891527811151,88.8807219407995,92.2754375725611
gene-b2832,335.860246576127,350.039591619178,303.207891660065,373.483505060544,350.081919722117,356.181063711392,574.498240180536,417.222103405571,446.154879427749,606.033912231712,351.590112456083,529.696502219413
gene-b2833,122.698170575799,126.33007817835,102.477928540161,147.781243009568,109.199864867449,118.460218942216,81.3216687013544,97.0894202893468,91.0116383755054,179.26381269375,149.445461670371,90.5009099269349
gene-b2834,1960.05128419814,1709.4038703508,1562.52429186494,1218.97134385468,1507.38636993499,1187.00341007639,648.824496520483,986.638433210659,936.826321104387,1003.26622445082,1492.09495151944,1070.9274341354
gene-b2835,404.488036898184,357.935221505325,335.958569853313,312.579720062661,317.964312408161,316.160719474157,307.7981439019,331.503516123085,340.304386969281,347.323637094141,341.364896657584,382.410707632441
gene-b2836,1051.25296993333,1097.49255417442,937.09198572292,858.02685335252,899.293004790759,766.789795585423,975.860024416252,958.648690424541,1087.19337581174,929.931028348829,1216.80068002139,974.21567744877
gene-b4444,15.5972250731947,14.4753214579359,22.1859432921999,20.5998096316367,18.1999774779082,23.2117996575963,48.0934599846719,36.7365374067799,45.5058191877527,41.7603200025213,21.2369866584211,37.2650805581497
gene-b4445,7.27870503415754,5.26375325743125,8.45178792083806,8.95643897027683,5.35293455232595,11.2056963864258,21.8606636293963,24.4910249378532,12.8603402052345,16.2967102448864,6.29244049138404,9.75990205094396
gene-b2837,714.352908352319,665.864787065053,683.538348097778,503.351870129558,653.058015383765,504.256337389161,382.124400241848,439.089089957226,419.444942078416,458.344975637429,873.076118179535,519.936600168469
gene-b2838,45.7518602147046,48.6897176312391,45.4283600745046,176.441847714454,224.82325119769,282.543630314879,19.2373839938688,16.6189097792576,18.7958818384196,101.85443903054,36.1815328254582,64.7702590653554
gene-b2839,111.260205522122,100.011311891194,108.81676948079,105.685979849267,110.270451777914,129.665915328641,145.154806499192,117.207047916869,119.700089602567,143.614759033061,146.299241424679,106.47165873757
gene-b2840,393.050071844507,372.410542963261,337.015043343418,418.265699911928,327.599594602348,401.80425614184,250.96041846547,291.26826086804,279.959713698565,349.360725874752,340.578341596161,387.734290569319
gene-b2841,87.3444604098905,114.48663334913,108.81676948079,69.8602239681593,79.223431374424,97.6496399388534,141.657100318488,187.181404882164,158.28111021827,90.6504507371805,140.006800933295,86.9518546356826
gene-b2842,90.4639054245295,72.3766072896797,73.953144307333,85.0861702176299,88.8587135686107,111.256556979513,146.029233044368,207.299032509686,208.733214100344,85.5577287856535,235.966518426901,100.260811977879
gene-b2843,157.012065736827,247.396403099269,156.358076535504,154.050750288761,184.140948600013,166.484632026898,330.533234076473,331.503516123085,357.121754929972,163.985646839169,361.028773193159,149.060322232599
gene-b2844,1668.90308283184,2577.92315782696,2484.82564872639,701.289171372676,692.669731070977,843.628856520914,3307.08119385508,3706.01688077444,3529.66875786743,832.150766879511,1192.41747311727,770.14499820176
gene-b2845,805.856628781728,972.478414310424,985.689766267738,987.895218421534,861.822462924477,1013.31511608679,1608.07041657839,1238.54611828572,1494.76723462379,1324.10770739702,679.583573069476,1227.0858669505
gene-b2846,34.3138951610284,31.5825195445875,26.4118372526189,31.3475363959689,24.6234989406993,51.2260406236608,58.5865785267822,44.6086525653756,54.4091316375304,42.7788643928267,48.7664138082263,43.4759273178413
gene-b2847,79.0259403708533,55.2694092030281,72.8966708172282,94.9382530849344,87.7881266581455,91.2463848608958,89.1915076079371,82.2198694342216,80.1298120479993,107.965705372372,239.112738672593,87.8391184584956
gene-b2848,17.676855082954,11.8434448292203,11.6212083911523,19.704165734609,19.2705643883734,20.0101721186175,23.609516719748,17.4935892413237,15.828111021827,27.5006985382458,55.8454093610333,12.4216935193832
gene-b4683,2.0796300097593,3.94781494307344,4.22589396041903,2.68693169108305,5.35293455232595,6.4032550779576,3.49770618070341,4.37339731033094,2.96777081659257,9.16689951274859,3.93277530711502,4.43631911406544
gene-b2849,1.03981500487965,6.57969157178906,3.16942047031427,7.16515117622146,0.0,5.6028481932129,4.37213272587927,1.74935892413237,2.96777081659257,3.0556331709162,0.786555061423005,5.32358293687852
gene-b2851,0.0,0.0,1.05647349010476,0.0,0.0,4.8024413084682,0.874426545175853,0.0,0.989256938864189,1.0185443903054,0.786555061423005,2.66179146843926
gene-b2852,5.19907502439825,10.5275065148625,2.11294698020951,10.7477267643322,5.35293455232595,10.4052895016811,5.24655927105512,7.87211515859569,2.96777081659257,6.11126634183239,7.07899555280704,6.21084675969161
gene-b2853,4.1592600195186,5.26375325743125,5.28236745052379,7.16515117622146,4.28234764186076,12.8065101559152,2.62327963552756,2.62403838619856,4.94628469432094,3.0556331709162,6.29244049138404,11.5344296965701
gene-b2860,81.1055703806126,88.1678670619735,77.1225647776473,111.059843231433,95.2822350314018,123.262660250684,74.3262563399475,74.3477542756259,75.1835273536784,85.5577287856535,131.354695257642,102.922603446318
gene-b2861,75.9064953562144,84.2200521189,60.2189889359712,93.146965290879,61.0234538965158,100.050860593088,76.0751094302993,59.4782034205007,65.2909579650365,87.5948175662643,110.117708599221,81.628271698804
gene-b2863,106.061130497724,119.750386606561,131.00271277299,535.595050422554,374.705418662816,508.258371812885,160.020057767181,130.327239847862,143.442256135307,587.700113206215,240.685848795439,615.761093032283
gene-b2864,25.9953751219912,25.0028279727984,7.3953144307333,16.1215901464983,19.2705643883734,24.012206542341,16.6141043583412,23.6163454757871,17.8066248995554,34.6305092703835,36.1815328254582,28.3924423300188
gene-b2865,613.490852878993,694.815429980925,687.764242058197,735.323639459728,539.575802874455,701.956837921102,538.646751828326,578.16312442575,613.339302095797,701.77708492042,877.00889348665,780.792164075517
gene-b2866,504.31027736663,736.925456040375,540.914426933636,144.198667421457,167.011558032569,193.698466108217,116.298730508389,224.79262175101,254.239033288097,114.076971714205,390.13131046581,138.413156358842
gene-b2867,117.4990955514,135.541646378855,141.567447674037,29.5562486019135,33.1881942244209,40.8207511219797,39.3491945329134,44.6086525653756,63.3124440873081,19.3523434158026,88.0941668793765,27.5051785072057
gene-b2868,46.7916752195842,21.055013029725,30.637731213038,9.85208286730451,23.5529120302342,16.8085445796387,16.6141043583412,26.2403838619856,38.5810206157034,8.14835512244319,28.3159822112282,13.3089573421963
gene-b2869,294.267646380941,582.960673260511,480.695437997664,111.95548712846,141.317472181405,140.871611715067,303.426011176021,493.31921660533,478.800358410267,122.225326836648,1988.41119527736,150.834849878225
gene-b2870,50.9509352391028,55.2694092030281,38.0330456437713,6.26950727919378,6.42352146279113,8.004068847447,9.61869199693439,8.74679462066187,11.8710832663703,8.14835512244319,7.07899555280704,8.87263822813087
gene-b2871,34.3138951610284,48.6897176312391,28.5247842328284,11.6433706613599,13.9176298360475,10.4052895016811,15.7396778131654,6.9974356965295,10.8818263275061,6.11126634183239,9.43866073707606,15.9707488106356
gene-b2872,68.6277903220569,67.1128540322485,49.6542540349236,29.5562486019135,38.5411287767468,40.020344237235,29.730502535979,22.7416660137209,29.6777081659257,32.5934204897728,35.3949777640352,28.3924423300188
gene-b2873,21.8361151024726,17.1071980866516,20.0729963119904,13.4346584554152,18.1999774779082,20.0101721186175,6.12098581623097,18.3682687033899,15.828111021827,19.3523434158026,13.3714360441911,6.21084675969161
gene-b2874,79.0259403708533,86.8519287476157,62.3319359161807,51.0517021305779,61.0234538965158,77.6394678202359,63.8331377978373,79.595831048023,66.2802149039007,65.1868409795455,86.5210567565305,77.1919525847386
gene-b2875,252.675046185755,282.92673758693,192.278175199066,34.034468087052,57.8116931651202,44.0223786609585,27.9816494456273,35.8618579447137,35.6132497991108,26.4821541479404,144.726131301833,36.3778167353366
gene-b2876,59.26945527814,46.0578410025235,43.315413094295,2.68693169108305,6.42352146279113,15.2077308101493,7.86983890658268,10.4961535447942,9.89256938864189,11.2039882933594,119.556369336297,7.98537440531779
gene-b2877,71.7472353366958,105.275065148625,92.9696671292186,65.3820044830209,61.0234538965158,73.6374333965124,56.8377254364305,33.2378195585151,42.5380483711601,43.7974087831321,106.184933292106,47.0249826090936
gene-b2878,205.883370966171,219.761698497755,157.414550025609,37.6170436751627,33.1881942244209,20.8105790033622,30.6049290811549,27.1150633240518,41.5487914322959,24.4450653673296,40.1143081325732,27.5051785072057
gene-b2879,91.5037204294091,60.5331624604594,28.5247842328284,10.7477267643322,18.1999774779082,7.2036619627023,7.86983890658268,13.994871393059,10.8818263275061,11.2039882933594,9.43866073707606,16.8580126334487
gene-b2880,67.5879753171772,46.0578410025235,35.9200986635617,12.5390145583876,20.3411512988386,22.4113927728516,16.6141043583412,16.6189097792576,13.8495971440986,16.2967102448864,24.3832069041131,12.4216935193832
gene-b2881,259.953751219912,222.39357512647,194.391122179275,131.659652863069,125.258668524427,127.264694674407,114.549877418037,97.0894202893468,102.882721641876,80.4650068341265,103.825268107837,114.457033142888
gene-b2882,34.3138951610284,48.6897176312391,41.2024661140855,17.9128779405537,20.3411512988386,24.8126134270857,27.9816494456273,13.994871393059,19.7851387772838,26.4821541479404,14.9445461670371,22.1815955703272
gene-b2883,954.550174479518,1065.91003462983,731.079655152492,223.910974256921,316.893725497696,234.519217230197,139.908247228137,156.567623709848,162.238137973727,139.54058147184,151.80512685464,135.751364890402
gene-b4464,350.417656644442,261.871724557205,214.464118491266,64.4863605859932,101.705756494193,104.052895016811,53.3400192557271,97.964099751413,99.9149508252831,45.8344975637429,66.8571802209554,52.3485655459722
gene-b2886,24.9555601171116,15.7912597722938,15.8471023515714,8.06079507324915,13.9176298360475,13.6069170406599,5.24655927105512,10.4961535447942,6.92479857204932,8.14835512244319,5.50588542996103,14.1962211650094
gene-b2887,81.1055703806126,68.4287923466063,63.3884094062854,21.4954535286644,26.7646727616297,24.8126134270857,24.4839432649239,26.2403838619856,24.7314234716047,30.556331709162,28.3159822112282,30.166969975645
gene-b2888,40.5527851903063,52.6375325743125,22.1859432921999,3.58257558811073,0.0,4.8024413084682,1.74885309035171,3.49871784826475,6.92479857204932,3.0556331709162,2.35966518426901,2.66179146843926
gene-b4684,1.03981500487965,3.94781494307344,1.05647349010476,0.0,0.0,0.0,0.874426545175853,0.0,3.95702775545676,1.0185443903054,0.786555061423005,3.54905529125235
gene-b4753,0.0,1.31593831435781,0.0,0.0,1.07058691046519,0.0,0.0,0.0,0.0,0.0,0.786555061423005,0.0
gene-b2889,148.69354569779,172.387919180873,144.736868144352,207.789384110422,224.82325119769,201.702534955664,76.0751094302993,71.7237158894274,75.1835273536784,127.318048788175,194.279100171482,125.991462839458
gene-b2890,10549.9630395089,10353.8026573673,9873.80123851906,10169.1408068523,10475.6929189019,8832.48997315777,15722.1892822618,13025.7265490897,13255.0537238413,14615.0934564922,10722.3185973184,13745.4911430204
gene-b2891,4918.32497308074,4630.78692822514,4463.6004956926,4484.48899241761,4904.35863684103,4152.5109180555,7940.66745674193,7259.83953514935,6790.25962836379,7703.25122387973,5403.63327197604,6535.5853188412
gene-b2892,1860.22904372969,1734.4066983236,1725.22120934107,1545.88136626978,1946.32700322571,1613.62027964532,2092.50272260582,1896.30507375949,2050.72963426546,1453.4628449658,1685.5874966295,1890.75920641469
gene-b2893,1587.79751245122,2160.77071217553,1866.78865701511,1575.43761487169,1545.92749871173,1524.77511543865,1445.42707917569,1171.19579970662,1322.63652726142,1033.82255615998,1276.57886468954,1597.07488106356
gene-b2894,386.81118181523,346.091776676105,394.064611809074,337.657749179436,384.340700857003,332.168857169051,424.971300955465,467.95351220541,438.240823916836,342.230915142614,394.064085772925,365.552694998992
gene-b2895,504.31027736663,456.630595082161,445.831812824208,584.855464759077,660.552123757022,485.846979040033,668.936307059528,721.610556204605,647.963294956044,930.949572739134,748.8004184747,692.953045617021
gene-b2896,685.238088215689,730.345764468586,782.846856167625,738.906215047838,725.857925295398,616.313301253419,746.760269580179,642.889404618648,657.855864344686,953.357549325853,987.913157147294,985.75010714534
gene-b2897,467.916752195842,442.155273624225,539.857953443531,514.995240790918,420.740655812819,392.999780409648,489.678865298478,530.930433474176,418.455685139552,650.84986540515,711.832330587819,567.848846600376
gene-b2898,2073.39111973002,2484.49153750755,2344.31467454246,1608.57643906172,1936.69172103153,1839.33502114332,2409.91955850465,2567.18422116426,2599.76723533509,2048.29276890416,2907.10750701943,1943.10777196066
gene-b2899,730.989948430393,923.788696679185,981.463872307319,563.360011230413,548.140498158177,619.514928792398,438.962125678278,418.971462329704,464.950761266169,360.564714168111,1449.6209782026,574.059693360068
gene-b2900,131.016690614836,140.805399636286,191.221701708961,169.276696538232,129.541016166288,151.276901216748,214.234503568084,195.05352004076,188.94807532306,191.486345377415,223.381637444133,158.820224283543
gene-b2901,1937.17535409079,1887.0555427891,1985.11368790684,1846.81771567108,1781.45661901407,1872.9521103026,2132.72634368391,2063.36885101414,2086.34288406457,2081.90473378423,2369.10384500609,1980.37285251881
gene-b2902,692.516793249846,547.43033877285,514.502589681017,392.292026898125,451.78767621631,311.358278165688,100.559052695223,174.061212951171,164.216651851455,231.209576599325,176.188333758753,325.625822972403
gene-b2903,46247.8519720322,48284.4086304169,37573.4796755757,24036.3952645319,30433.5741037939,17253.5708075568,6416.54198850041,9649.46382551418,11650.4789690036,11532.978131428,16384.7284845026,15750.7073825779
gene-b2904,7762.21901142658,6531.00185415783,5843.35487376941,3582.57558811073,4951.4644609015,3096.77423707725,1448.05035881121,2685.2659485432,2961.83527495938,3140.17235531154,3544.21710677206,2948.37768320789
gene-b2905,19111.799789688,19295.6035034286,15624.1864451593,8975.24749211441,11778.597188938,7454.98972451214,3468.85010471261,4980.42485700487,5945.43420257378,5870.88986572032,8540.41485693098,6224.15571703381
gene-b4754,3.11944501463895,1.31593831435781,4.22589396041903,2.68693169108305,4.28234764186076,4.0020344237235,3.49770618070341,2.62403838619856,3.95702775545676,7.12981073213779,0.786555061423005,2.66179146843926
gene-b2906,880.723309133063,668.496663693769,725.797287701968,764.879888061641,868.245984387268,625.918183870356,897.161635350426,929.784268176357,892.309758855498,1134.65845080021,854.985351766806,927.190694839676
gene-b2907,1091.80575512363,979.058105882213,927.583724311977,912.661131071209,1318.96307369311,765.188981815933,1093.03318146982,1147.57945423084,1101.04297295584,1311.88517471335,1082.29976451805,1053.18215767913
gene-b2908,3451.14600119556,3397.75272767187,3325.77854684978,3184.01405393341,3618.58375737234,2569.30610003049,3339.43497602658,3132.22715365902,3366.44136295483,4180.10617781336,3857.26602121841,3670.61043497774
gene-b2909,2384.29580618904,2388.42804055943,2351.70998897319,2326.88284447792,2747.12601225368,1880.95617915005,2631.14947443414,2133.34320797943,2263.41987612126,2889.61043529642,2649.11744687268,2785.12113981028
gene-b2910,2312.54857085234,2352.89770607177,2069.63156711522,2119.98910426453,2200.05610100596,2088.26156229892,2623.27963552756,2626.66242458476,2449.40018062773,3061.74443725803,3718.83233040797,3315.70490585251
gene-b2911,1494.21416201206,1969.95965659365,1804.45672109893,2162.98001132185,1925.98585192688,1834.53257983485,1928.98495865793,1437.09835617475,1548.18710932246,2272.37253477134,3156.44546149052,2238.56662495742
gene-b2912,359.775991688359,339.512085104316,360.257460125722,590.229328141243,562.058127994224,528.268543931502,522.90707401516,363.866656219534,372.949865951799,627.423344428125,659.919696533901,687.629462680143
gene-b4446,48.8713052293435,55.2694092030281,45.4283600745046,110.164199334405,43.8940633290728,95.2484192846193,47.2190334394961,55.1048061101698,50.4521038820736,69.2610185407671,77.0823960194544,60.3339399512899
gene-b4665,0.0,2.63187662871563,3.16942047031427,0.895643897027683,2.14117382093038,4.0020344237235,0.0,6.12275623446331,0.0,5.09272195152699,4.71933036853803,2.66179146843926
gene-b2913,3898.26645329381,3322.74424375348,3157.79926192312,2838.29550968073,3745.9835997177,2302.7706074105,963.618052783791,1088.10125081034,1209.8612362309,1260.95795519808,1468.49829967675,1394.77872946217
gene-b2914,1475.49749192422,1352.78458715983,1603.72675797902,1677.54101913285,1889.58589697106,1729.6792779333,2313.73263853531,2323.14865124779,2097.22471039208,2342.65209770242,2041.89693945412,1917.37712109908
gene-b2916,740.34828347431,767.192037270605,698.328976959245,557.090503951219,589.893387666319,540.274647202673,416.227035503706,474.95094790194,476.821844532539,451.215164905292,861.27779225819,401.043247911515
gene-b2917,27.0351901268709,36.8462728020188,30.637731213038,22.3910974256921,35.3293680453512,40.020344237235,25.3583698100998,21.8669865516547,27.6991942881973,46.8530419540483,25.9563170269592,24.8433870387664
gene-b2918,9.35833504391684,7.89562988614688,17.9600493317809,8.06079507324915,12.8470429255823,8.8044757321917,6.12098581623097,7.87211515859569,10.8818263275061,7.12981073213779,7.07899555280704,8.87263822813087
gene-b2919,32.2342651512691,34.2143961733031,30.637731213038,20.5998096316367,27.8352596720949,24.8126134270857,18.3629574486929,17.4935892413237,24.7314234716047,15.278165854581,11.0117708599221,30.166969975645
gene-b2920,55.1101952586214,46.0578410025235,50.7107275250283,49.2604143365226,40.6823025976772,48.024413084682,27.9816494456273,30.6137811723166,40.5595344934317,27.5006985382458,22.0235417198441,43.4759273178413
gene-b2921,135.175950634354,142.121337950644,172.205178887075,139.720447936319,137.035124539544,148.07527367777,115.424303963213,102.337497061744,125.635631235752,83.5206400050427,214.72953176848,102.035339623505
gene-b2922,1987.08647432501,2027.86094242539,2694.00739976713,2325.98720058089,2718.22016567111,2571.70732068472,1503.13923115729,1482.58168820219,1805.39391342714,1409.66543618267,1595.13366456585,1721.29181625739
gene-b2923,146.613915688031,123.698201549634,128.88976579278,266.90188131425,210.905621361642,317.761533243646,156.522351586478,146.946149627119,140.474485318715,236.302298550852,381.479204790157,259.968300084235
gene-b2924,1003.42147970886,992.217489025791,1633.30801570195,1948.92111993224,2018.05632622688,2181.90916781405,1450.67363844674,735.605427597663,676.651746183105,1810.971925963,563.173423978871,1668.94325071142
gene-b2925,27871.2013907941,27736.0318517196,26500.5810257877,25524.0597774949,29373.6930624334,20676.9110536098,32692.1852444896,34725.6493234897,34503.3035137052,32597.494667334,32380.8987686623,32582.1021013422
gene-b2926,19152.3525748783,19298.2353800573,18998.5627725538,16639.2723189803,20261.9278674642,16614.8461135305,21556.3631916751,23093.2871574715,22503.6168452826,19246.4147992108,25701.4731870581,20102.7364334761
gene-b2927,3913.863678367,6108.58565524897,5749.32873315009,4649.2874694707,4936.47624415499,4416.64519002126,6385.06263287408,4975.17678023247,5778.24977990573,4834.01167638942,7389.68480206913,6423.79007716675
gene-b2928,296.3472763907,256.607971299774,256.723058095456,284.814759254803,222.682077376759,256.930610003049,270.197802459339,228.291339599275,272.045658187652,243.43210928299,255.630394962477,296.346116819571
gene-b2929,267.23245625407,219.761698497755,264.118372526189,232.867413227198,214.117382093038,238.521251653921,261.45353700758,253.657043999194,254.239033288097,284.173884895206,280.01360186659,253.757453324543
gene-b2930,11.4379650536761,5.26375325743125,4.22589396041903,3.58257558811073,9.6352821941867,4.8024413084682,7.86983890658268,12.2455124689266,3.95702775545676,4.07417756122159,3.14622024569202,10.647165873757
gene-b4465,20.796300097593,25.0028279727984,26.4118372526189,35.8257558811073,19.2705643883734,38.4195304677456,14.8652512679895,23.6163454757871,20.774395716148,27.5006985382458,22.0235417198441,28.3924423300188
gene-b2933,8.31852003903719,6.57969157178906,8.45178792083806,7.16515117622146,7.49410837325632,10.4052895016811,8.74426545175853,11.3708330068604,14.8388540829628,3.0556331709162,5.50588542996103,14.1962211650094
gene-b2934,11.4379650536761,2.63187662871563,12.6776818812571,7.16515117622146,5.35293455232595,5.6028481932129,8.74426545175853,5.24807677239712,7.91405551091351,5.09272195152699,9.43866073707606,4.43631911406544
gene-b2935,22308.191114688,22249.8850191619,20248.3709113478,20413.5157010549,22284.2665413329,18512.6108372602,20477.3208349281,20867.227926513,22052.5156811605,20945.3468422402,19015.7551649626,21688.2768848431
gene-b2936,437.762117054332,447.419026881656,441.605918863788,342.135968664575,430.375938007006,298.551768009773,336.654219892704,407.600629322843,370.971352074071,285.192429285512,425.526288229845,307.880546516141
gene-b2937,1277.93264099709,1125.12725877593,1243.4692978533,1716.94935060207,1938.83289485246,1294.25793263218,2785.04854638509,2547.06659353674,2090.29991182003,3144.24653287277,2143.36254237769,2072.64829009137
gene-b2938,8867.54236161365,8775.99261845226,8596.52478898241,8376.06172500289,9799.08199148788,7146.03266700068,13397.9635251844,13259.2659654613,11910.6535439248,12764.3982993073,7470.6999733957,9595.75824372354
gene-b2939,442.961192078731,507.952189342116,484.921331958084,420.056987705983,521.375825396547,380.193270253733,797.477009200378,591.283316356743,809.212175990907,827.058044927984,378.332984544465,616.648356855096
gene-b4784,1891.42349387608,1943.64089030649,1843.5462402328,1604.09821957658,1775.03309755128,1442.33320630995,3078.85586556418,2702.75953778452,2468.19606246615,2814.23815041382,1429.1705466056,2012.31435014008
gene-b2940,4.1592600195186,1.31593831435781,2.11294698020951,0.895643897027683,1.07058691046519,8.8044757321917,0.874426545175853,0.874679462066187,0.0,4.07417756122159,3.93277530711502,1.77452764562617
gene-b2941,0.0,1.31593831435781,2.11294698020951,0.0,5.35293455232595,1.6008137694894,0.874426545175853,1.74935892413237,0.0,5.09272195152699,0.786555061423005,4.43631911406544
gene-b2942,2985.30887900947,3453.0221368749,4804.84143299644,5685.54745833173,5271.56994713059,6997.95739332291,11554.6723679537,6834.74531658519,6837.74396142927,12164.4756534174,3003.85377957445,6649.15508816128
gene-b2943,1803.03921846131,2141.03163746016,1737.89889122233,1331.82247488016,1485.97463172568,1213.41683727297,948.752801515801,1273.53329676837,1419.58370727011,946.227738593715,5015.8616266945,1706.20833126957
gene-b2944,114.379650536761,110.538818406056,138.398027203723,142.407379627402,170.223318763965,178.490735298068,175.759735580347,145.196790702987,139.485228379851,139.54058147184,243.045513979708,144.624003118533
gene-b2945,25.9953751219912,30.2665812302297,42.2589396041903,69.8602239681593,41.7528895081424,54.4276681626396,109.303318146982,91.8413435169497,61.3339302095797,63.1497521989347,49.5529688696493,63.8829952425423
gene-b2946,758.025138557264,797.458618500835,755.378545424901,699.49788357862,820.069573416335,685.148293341463,809.71898083284,670.879147404766,740.953447209277,663.072398088814,667.785247148131,807.41007875991
gene-b2947,1967.3299892323,2162.08665048989,2169.99654867517,1761.73154545345,1919.56233046408,1617.62231406904,1787.32785833944,1607.66085127765,1602.59624095999,1641.8935571723,1724.12869463923,1809.13093471589
gene-b2948,1469.25860189494,1542.27970442736,1432.57805258205,1384.6654648048,1589.82156204081,1259.04002970341,1271.41619668569,945.528498493548,1023.88093172444,1117.34319616502,1197.13680348581,1471.0834182241
gene-b2949,575.017697698446,444.787150252941,479.63896450756,513.203952996862,551.352258889572,473.040468884118,557.009709277019,489.820498757065,501.553268004144,542.884160032777,491.596913389378,559.863472195058
gene-b2950,13.5175950634354,13.1593831435781,15.8471023515714,21.4954535286644,9.6352821941867,16.008137694894,6.99541236140683,16.6189097792576,11.8710832663703,13.2410770739702,22.0235417198441,10.647165873757
gene-b2951,331.700986556608,301.349873987939,313.772626561113,367.21399778135,358.646615005838,347.3765879792,466.06934857873,454.833320274417,431.316025344786,468.530419540483,354.736332701775,409.028622316833
gene-b2952,585.415847747243,581.644734946153,649.731196414426,738.010571150811,618.799234248879,697.154396612634,1032.69774985268,894.79708969371,992.224709680781,935.023750300356,633.963379506942,939.61238835906
gene-b2953,504.31027736663,696.131368295283,637.053514533169,730.845419974589,932.48119901518,525.066916392523,562.256268548074,383.984283847056,478.800358410267,419.640288805824,341.364896657584,582.932331588198
gene-b2954,660.282528098577,689.551676723494,624.375832651912,669.941634976707,816.857812684939,572.290922592461,810.593407378016,641.140045694515,795.362578846808,692.610185407671,506.541459556415,786.115747012395
gene-b2955,435.682487044573,363.198974762756,344.410357774151,399.457178074347,392.905396140724,340.973332901242,478.311320211192,572.040368191286,575.747538418958,490.938396127202,390.917865527233,438.308328469665
gene-b2956,18.7166700878337,18.4231364010094,17.9600493317809,21.4954535286644,12.8470429255823,24.012206542341,12.2419716324619,21.8669865516547,9.89256938864189,16.2967102448864,28.3159822112282,19.5198041018879
gene-b2957,226.679671063764,213.182006925966,208.125277550637,381.544300133793,382.199527036072,380.193270253733,195.871546119391,141.698072854722,177.07699205669,373.805791242081,234.393408304055,439.195592292478
gene-b2958,612.451037874113,509.268127656474,503.937854779969,594.707547626381,629.505103353531,553.081157358588,820.212099374951,743.477542756259,669.726947611056,902.430329810583,650.481035796825,795.875649063339
gene-b2959,299.466721405339,251.344218042342,298.981997699646,318.849227341855,366.140723379095,419.413207606223,598.107756900284,701.492928577082,554.97314270281,723.166517116833,434.178393905499,506.627642826273
gene-b2960,481.434347259278,422.416198908858,434.210604433055,440.65679733762,461.422958410497,524.266509507779,1014.33479240399,956.899331500409,934.847807226658,1055.21198835639,430.245618598384,787.890274658022
gene-b2961,697.715868274245,639.546020777897,569.439211166464,541.864557701748,677.681514324465,514.661626890842,1050.1862807562,891.298371845445,930.890779471202,816.87260102493,632.390269384096,817.169980810854
gene-b2962,509.509352391028,455.314656767803,549.366214854474,425.430851088149,386.481874677933,359.38269125037,487.05558566295,592.157995818809,447.144136366613,451.215164905292,466.427151423842,357.567320593674
gene-b2963,1060.61130497724,1110.65193731799,1104.01479715947,756.819092988392,867.175397476803,692.351955304166,929.515417521932,788.960874783701,831.965085584783,522.513272226669,648.121370612556,609.550246272591
gene-b2964,572.938067688687,1152.76196337744,1144.16078978345,236.449988815308,261.223206153506,368.187166982562,1331.75162830282,1728.36661704279,1581.82184524384,344.268003923225,4735.06146976649,388.621554392132
gene-b2965,692.516793249846,600.067871347163,735.305549112911,1100.74634944702,1021.33991258379,1058.13790163249,1028.3256171268,800.331707790561,880.438675589128,1583.83652692489,495.529688696493,1075.36375324946
gene-b4785,7.27870503415754,1.31593831435781,6.33884094062854,6.26950727919378,7.49410837325632,8.8044757321917,3.49770618070341,8.74679462066187,6.92479857204932,5.09272195152699,7.86555061423005,3.54905529125235
gene-b2966,32.2342651512691,36.8462728020188,33.8071516833522,46.5734826454395,40.6823025976772,48.8248199694267,37.6003414425617,34.1124990205813,44.5165622488885,48.8901307346591,58.2050745453023,45.2504549634675
gene-b2967,15.5972250731947,10.5275065148625,12.6776818812571,11.6433706613599,5.35293455232595,7.2036619627023,13.1163981776378,15.7442303171914,9.89256938864189,19.3523434158026,18.0907664127291,12.4216935193832
gene-b2968,7.27870503415754,14.4753214579359,11.6212083911523,16.1215901464983,8.56469528372151,20.8105790033622,18.3629574486929,19.2429481654561,17.8066248995554,25.463609757635,12.5848809827681,15.9707488106356
gene-b2969,8.31852003903719,7.89562988614688,10.5647349010476,6.26950727919378,2.14117382093038,8.004068847447,66.4564174333649,37.6112168688461,26.7099373493331,8.14835512244319,16.5176562898831,10.647165873757
gene-b4786,2.0796300097593,2.63187662871563,2.11294698020951,0.0,0.0,1.6008137694894,5.24655927105512,6.9974356965295,0.0,6.11126634183239,1.57311012284601,1.77452764562617
gene-b2970,34.3138951610284,34.2143961733031,77.1225647776473,36.721399778135,28.9058465825601,108.054929440535,419.72474168441,280.772107323246,305.680394109034,96.7617170790129,107.758043414952,109.13345020601
gene-b2971,59.26945527814,86.8519287476157,161.640443986028,95.8338969819621,66.3763884488417,196.099686762452,557.884135822195,395.355116853917,452.090421060934,123.243871226953,167.5362280831,174.790973094178
gene-b2972,85.2648304001312,126.33007817835,184.882860768333,128.972721171986,85.6469528372151,239.321658538665,646.201216884956,530.055754012109,496.606983309823,212.875777573828,267.428720883822,221.815955703272
gene-b4466,1128.19928029442,1231.71826223891,1940.74180132244,1122.24180297569,815.787225774474,1948.99076435334,7106.46453264416,5895.3395743261,5851.45479338168,2055.42257963629,4403.9217889074,2225.25766761522
gene-b2975,41.592600195186,25.0028279727984,40.1459926239808,60.9037849978824,41.7528895081424,80.8410953592147,34.9770618070341,41.984614179177,42.5380483711601,35.6490536606889,36.9680878868812,44.3631911406544
gene-b2976,797.538108742691,750.084839183953,740.587916563435,487.23027998306,641.281559368648,585.097432748376,267.574522823811,350.746464288541,397.681289423404,265.840085869709,338.218676411892,365.552694998992
gene-b2977,58.2296402732604,32.8984578589453,43.315413094295,30.4518924989412,36.3999549558164,28.0142409660645,24.4839432649239,38.4858963309122,40.5595344934317,25.463609757635,21.2369866584211,27.5051785072057
gene-b4467,87.3444604098905,67.1128540322485,78.179038267752,35.8257558811073,53.5293455232595,52.0264475084055,26.2327963552756,52.4807677239712,41.5487914322959,30.556331709162,48.7664138082263,28.3924423300188
gene-b4468,30.1546351415098,18.4231364010094,13.7341553713618,6.26950727919378,17.129390567443,14.4073239254046,7.86983890658268,20.9923070895885,11.8710832663703,4.07417756122159,6.29244049138404,4.43631911406544
gene-b2979,64.4685303025383,56.585347517386,46.4848335646093,21.4954535286644,37.4705418662816,32.016275389788,22.7350901745722,29.7391017102504,25.7206804104689,13.2410770739702,18.0907664127291,19.5198041018879
gene-b2980,839.130708937877,1497.53780173919,1282.55881698718,469.317402042506,492.469978813987,390.598559755414,815.839966649071,962.147408272806,852.739481300931,488.901307346591,316.981689753471,605.113927158526
gene-b2981,18.7166700878337,9.21156820050469,13.7341553713618,20.5998096316367,22.482325119769,27.2138340813198,17.4885309035171,7.87211515859569,13.8495971440986,20.370887806108,18.0907664127291,16.8580126334487
gene-b2982,2411.33099631591,2583.18691108439,2677.10382392545,2301.80481536115,1891.72707079199,2317.97833822065,2595.29798608193,3154.96881967274,2992.50224006417,1269.10631032053,2085.94402289381,1171.18824611328
gene-b2983,17.676855082954,11.8434448292203,16.9035758416761,17.9128779405537,19.2705643883734,22.4113927728516,7.86983890658268,6.9974356965295,7.91405551091351,10.185443903054,7.07899555280704,10.647165873757
gene-b2984,3.11944501463895,0.0,0.0,9.85208286730451,4.28234764186076,7.2036619627023,5.24655927105512,5.24807677239712,0.989256938864189,6.11126634183239,3.93277530711502,1.77452764562617
gene-b2985,19.7564850927133,21.055013029725,19.0165228218856,24.1823852197474,8.56469528372151,31.2158685050433,25.3583698100998,21.8669865516547,9.89256938864189,16.2967102448864,16.5176562898831,23.0688593931403
gene-b2986,10.3981500487965,3.94781494307344,3.16942047031427,16.1215901464983,11.7764560151171,15.2077308101493,12.2419716324619,6.9974356965295,4.94628469432094,11.2039882933594,12.5848809827681,14.1962211650094
gene-b2987,11.4379650536761,15.7912597722938,16.9035758416761,27.7649608078582,16.0588036569778,20.8105790033622,19.2373839938688,25.3657043999194,11.8710832663703,32.5934204897728,19.6638765355751,23.0688593931403
gene-b2988,1962.1309142079,2445.01338807682,2830.29247999064,2128.04989933777,2418.45583074086,1797.7138631366,1767.2160478004,1443.22111240921,1330.55058277233,1478.92645472344,1661.99084478681,1499.47586055412
gene-b2989,245.396341151597,180.28354906702,225.028853392313,205.102452419339,207.693860630247,180.091549067558,81.3216687013544,111.958971144472,93.9794091920979,171.115457571307,157.311012284601,118.006088434141
gene-b2990,34.3138951610284,27.6347046015141,27.4683107427237,27.7649608078582,34.258781134886,25.6130203118304,40.2236210780893,42.8592936412432,44.5165622488885,28.5192429285512,44.0470834396883,31.0542337984581
gene-b2991,14.5574100683151,10.5275065148625,24.2988902724094,15.2259462494706,27.8352596720949,16.008137694894,19.2373839938688,11.3708330068604,20.774395716148,8.14835512244319,15.7311012284601,7.98537440531779
gene-b2992,106.061130497724,134.225708064497,116.212083911523,89.5643897027683,96.352821941867,112.857370749003,151.275792315423,118.081727378935,187.958818384196,90.6504507371805,134.500915503334,118.893352256954
gene-b2993,202.763925951532,214.497945240324,207.068804060532,149.572530803623,181.999774779082,165.684225142153,233.471887561953,244.035569916466,240.389436143998,149.726025374894,258.776615208168,190.761721904814
gene-b2994,520.947317444704,581.644734946153,562.043896735731,365.422709987295,347.940745901186,425.816462684181,552.637576551139,738.229465983862,710.286482104488,374.824335632387,716.551660956357,402.817775557142
gene-b2995,171.569475805142,222.39357512647,203.899383590218,74.3384434532977,90.9998873895411,104.052895016811,225.60204865537,328.00479827482,324.476275947454,152.78165854581,316.195134692048,125.991462839458
gene-b2996,223.560226049125,309.245503874086,265.174846016294,77.9210190414084,104.917517225589,98.4500468235981,227.350901745722,300.015055488702,302.712623292442,161.948558058558,421.59351292273,164.143807220421
gene-b2997,281.789866322385,438.207458681152,356.031566165303,118.224994407654,143.458646002335,145.674053023535,291.184039543559,353.37050267474,391.745747790219,243.43210928299,669.358357270977,204.07067924701
gene-b2998,9.35833504391684,15.7912597722938,14.7906288614666,10.7477267643322,7.49410837325632,11.2056963864258,20.1118105390446,8.74679462066187,8.9033124497777,14.2596214642756,8.65210567565305,10.647165873757
gene-b4755,3.11944501463895,7.89562988614688,12.6776818812571,2.68693169108305,7.49410837325632,4.8024413084682,0.0,0.874679462066187,0.0,0.0,0.0,0.887263822813087
gene-b3001,736.189023454792,846.148336132074,717.34549978113,221.224042565838,247.305576317459,314.559905704667,217.732209748788,486.3217809088,450.111907183206,195.560522938636,1346.58226515618,232.463121577029
gene-b3002,759.064953562144,884.31054724845,922.301356861453,1037.15563275806,915.351808447737,1161.39038976456,1659.66158274377,1427.47688209202,1361.21754787712,1864.95477864918,674.077687639515,1468.42162675566
gene-b3003,93.5833504391684,142.121337950644,156.358076535504,79.7123068354638,105.988104136054,104.052895016811,14.8652512679895,22.7416660137209,18.7958818384196,27.5006985382458,29.8890923340742,30.166969975645
gene-b3005,1579.47899241219,1351.46864884547,1004.70628908962,2889.3472118113,2476.26752390598,1644.03574126561,3305.33234076473,2604.79543803311,2948.97493475415,1249.75396690472,2303.03321984656,1908.50448287095
gene-b3006,2370.7782111256,2077.86659837099,1809.73908854945,4335.81210551101,3464.41924226535,2404.42228177308,4754.25712612112,3893.1982856566,4425.93554447838,1786.52686059567,3515.90112456083,2544.67264382793
gene-b3008,333.780616566367,226.341390069544,258.836005075666,217.641466977727,246.234989406993,218.511079535303,197.620399209743,196.802878964892,192.905103078517,250.561920015128,222.59508238271,158.820224283543
gene-b3009,306.745426439496,419.784322280142,366.596301066351,345.718544252686,327.599594602348,289.747292277581,358.5148835221,295.641658178371,362.068039624293,330.008382458949,442.043944519729,317.640448567085
gene-b3010,96.7027954538074,92.1156820050469,138.398027203723,96.7295408789898,83.5057790162847,173.6882939896,164.39219049306,152.194226399517,153.334825523949,116.114060494815,155.737902161755,108.246186383197
gene-b3011,464.797307181203,388.201802735555,433.15413094295,507.830089614696,590.963974576784,788.40078147353,529.902486376567,511.68748530872,615.317815973526,554.088148326137,770.823960194544,506.627642826273
gene-b3012,628.048262947308,557.957845287713,628.60172661233,432.596002264371,524.587586127943,449.028262341777,174.885309035171,183.682687033899,257.206804104689,218.987043915661,307.543029016395,215.60510894358
gene-b3013,23.9157451122319,26.3187662871563,35.9200986635617,25.9736730138028,20.3411512988386,25.6130203118304,30.6049290811549,20.9923070895885,18.7958818384196,37.6861424412997,35.3949777640352,33.7160252668973
gene-b3014,4.1592600195186,7.89562988614688,5.28236745052379,16.1215901464983,4.28234764186076,12.8065101559152,6.99541236140683,7.87211515859569,8.9033124497777,13.2410770739702,7.86555061423005,15.0834849878225
gene-b4469,2006.84295941772,1975.22340985108,1786.49667176714,2491.68132153101,2618.65558299785,1673.65079600117,2638.14488679555,1541.18521216062,1583.80035912157,3049.52190457436,1266.35364889104,3195.03702594993
gene-b3017,1980.84758429573,1901.53086424704,1994.62194931778,1655.14992170716,1899.22117916525,1715.27195400789,2493.86450684153,2029.25635199355,2058.64368977638,2151.165752325,1894.81114296802,2047.80490305261
gene-b3018,1155.23447042129,1314.62237604346,1224.45277503141,1158.96320275382,1214.04555646752,1150.18469337813,1665.78256856,1233.29804151332,1415.62667951465,1487.07480984588,1148.37038967759,1628.12911486202
gene-b3019,2621.3736273016,2487.12341413627,2498.55980409775,2398.53435624013,2726.78486095484,2282.76043529189,4265.45268736781,3601.93002478856,3741.36974278436,3434.5316841098,2456.41145682404,3309.49405909282
gene-b3020,341.059321600525,504.004374399042,483.864858467979,447.821948513841,246.234989406993,553.081157358588,155.647925041302,198.552237889025,198.840644711702,176.208179522834,302.823698647857,277.713576540496
gene-b3021,194.445405912494,198.70668546803,217.63353896158,735.323639459728,325.458420781417,934.87524138181,264.076816643108,243.1608904544,310.626678803355,413.529022463992,293.385037910781,711.585585896096
gene-b3022,122.698170575799,100.011311891194,142.623921164142,406.622329250568,152.023341286057,480.24413084682,135.536114502257,144.322111240921,134.53894368553,239.357931721769,154.164792038909,401.043247911515
gene-b3023,62.388900292779,47.3737793168813,79.2355117578568,125.390145583876,107.058691046519,138.470391060833,64.7075643430132,90.0919845928173,76.1727842925425,110.002794152983,123.489144643412,117.118824611328
gene-b3024,369.134326732275,427.679952166289,490.203699408607,816.827234089247,932.48119901518,981.298840697002,291.184039543559,292.142940330107,305.680394109034,393.158134657884,433.391838844076,519.936600168469
gene-b3025,11.4379650536761,9.21156820050469,10.5647349010476,14.3303023524429,14.9882167465126,23.2117996575963,22.7350901745722,46.3580114895079,24.7314234716047,20.370887806108,39.3277530711502,20.407067924701
gene-b3026,92.5435354342888,72.3766072896797,103.534402030266,124.494501686848,155.235102017452,146.47445990828,155.647925041302,193.304161116627,194.883616956245,179.26381269375,338.218676411892,187.212666613561
gene-b3027,3.11944501463895,0.0,3.16942047031427,2.68693169108305,4.28234764186076,4.0020344237235,0.874426545175853,1.74935892413237,0.989256938864189,0.0,4.71933036853803,0.887263822813087
gene-b3028,356.65654667372,360.567098134041,358.144513145513,354.674983222962,312.611377855835,352.179029287668,376.003414425617,471.452230053675,374.928379829528,474.641685882316,431.032173659807,300.782435933637
gene-b3029,413.8463719421,315.825195445875,340.184463813732,298.249417710218,311.54079094537,323.364381436859,277.193214820746,384.858963309122,309.637421864491,385.009779535441,515.193565232068,279.488104186123
gene-b3030,2096.26704983737,2047.60001714076,1986.17016139694,1733.96658464559,1909.9270482699,1675.25160977066,3024.64141976328,3270.42650866547,3029.10474680215,2105.33125476126,2229.0970440728,2250.10105465399
gene-b3031,543.823247552057,757.9804690701,646.561775944111,402.14410976543,389.693635409329,451.429482996011,770.369786299927,819.574655956018,754.803044353376,458.344975637429,720.484436263472,419.67578819059
gene-b3032,2164.89484015943,2716.09668083453,2636.95783130147,1604.99386347361,1552.35102017452,1623.22516226225,2531.4648482841,2566.30954170219,2547.33661757529,1704.02476498093,3079.36306547106,1789.611130614
gene-b3033,601.013072820437,715.87044301065,622.262885671702,546.342777186887,745.128489683772,549.879529819609,550.014296915612,443.462487267557,543.10205943644,447.14098734407,492.383468450801,598.903080398834
gene-b3034,389.930626829868,398.729309250417,387.725770868446,297.353773813191,280.49377054188,321.76356766737,362.887016247979,339.375631281681,322.497762069726,361.583258558416,280.01360186659,335.385725023347
gene-b3035,13515.5154334257,15772.8366358927,15557.6286152827,14388.5192057497,16923.8378806337,13407.6157263585,12945.8850013285,10415.6830342842,11776.1146002393,13200.335298358,10802.5472135835,13979.728792243
gene-b3037,2571.46250706737,2476.5959076214,2000.96079025841,1667.68893626555,1999.85634874897,1384.70391060833,1799.56982997191,2342.39159941325,2102.1709950864,1562.44709472848,2634.95945576707,1958.19125694848
gene-b3038,3965.85442861098,3900.44116375656,3126.10505721998,2420.92545366583,3080.07854140835,2219.52829139705,2838.38856564082,3541.57714190599,3903.60788075809,2288.66924501623,3542.64399664921,2667.11505137614
gene-b3039,54.0703802537418,48.6897176312391,33.8071516833522,45.6778387484118,36.3999549558164,32.8166822745327,40.2236210780893,35.8618579447137,37.5917636768392,41.7603200025213,66.8571802209554,36.3778167353366
gene-b3040,632.207522966827,535.58689394363,504.994328270074,496.186718953336,581.328692382598,541.875460972162,473.939187485313,478.449665750204,486.714413921181,548.99542637461,917.909756680646,553.652625435367
gene-b4756,10.3981500487965,5.26375325743125,2.11294698020951,5.3738633821661,2.14117382093038,8.8044757321917,4.37213272587927,6.12275623446331,5.93554163318513,11.2039882933594,10.2252157984991,3.54905529125235
gene-b3041,5859.35755249682,4795.27921751987,3478.96720291497,3773.34773817763,4501.81795850612,3226.44015240589,1956.09218155838,2194.57077032406,2558.21844390279,3965.19331145892,3030.59665166284,3734.49343022028
gene-b3042,617.650112898512,631.65039089175,613.811097750864,527.534255349305,618.799234248879,488.248199694267,797.477009200378,852.812475514533,881.427932527992,969.654259570739,808.578603142849,928.077958662489
gene-b3043,29.1148201366302,18.4231364010094,23.2424167823047,24.1823852197474,19.2705643883734,21.6109858881069,22.7350901745722,23.6163454757871,36.602506737975,43.7974087831321,42.4739733168422,55.8976208372245
gene-b3044,75.9064953562144,63.165039089175,69.727250346914,68.0689361741039,74.9410837325632,83.2423160134488,57.7121519816063,44.6086525653756,55.3983885763946,78.4279180535157,95.1731624321836,92.2754375725611
gene-b3045,90.4639054245295,81.5881754901844,107.760295990685,94.9382530849344,93.1410612104714,106.454115671045,73.4518297947717,77.8464721238907,78.1512981702709,73.3351961019887,114.050483906336,95.8244928638134
gene-b3047,11.4379650536761,2.63187662871563,10.5647349010476,17.017234043526,10.7058691046519,24.012206542341,24.4839432649239,14.8695508551252,26.7099373493331,15.278165854581,14.9445461670371,24.8433870387664
gene-b3048,9.35833504391684,26.3187662871563,9.50826141094281,17.017234043526,19.2705643883734,32.8166822745327,26.2327963552756,19.2429481654561,38.5810206157034,21.3894321964134,14.9445461670371,31.0542337984581
gene-b3049,89.4240904196498,128.961954807066,141.567447674037,84.1905263206022,93.1410612104714,108.054929440535,42.8469007136168,52.4807677239712,38.5810206157034,99.817350249929,273.721161375206,80.7410078759909
gene-b3050,33.2740801561488,38.1622111163766,42.2589396041903,58.2168533067994,49.2469978813987,52.8268543931502,14.8652512679895,20.1176276275223,19.7851387772838,66.2053853698509,33.0353125797662,60.3339399512899
gene-b3051,45.7518602147046,51.3215942599547,43.315413094295,94.9382530849344,70.6587360907025,64.032550779576,31.4793556263307,37.6112168688461,31.656222043654,83.5206400050427,62.9244049138404,113.569769320075
gene-b4447,180.927810849059,97.3794352624782,145.793341634456,201.519876831229,159.517449659313,255.329796233559,97.0613465145197,144.322111240921,82.1083259257277,165.004191229475,239.112738672593,254.644717147356
gene-b4664,2.0796300097593,1.31593831435781,0.0,0.0,0.0,0.8004068847447,3.49770618070341,3.49871784826475,0.989256938864189,0.0,0.0,1.77452764562617
gene-b4611,516.788057425186,463.21028665395,473.300123566931,613.516069463963,527.799346859338,575.492550131439,626.089406345911,650.761519777243,598.500448012834,774.093736632103,576.544860023062,656.575228881685
gene-b4666,0.0,1.31593831435781,0.0,1.79128779405537,0.0,0.0,0.0,0.874679462066187,0.0,1.0185443903054,0.0,0.0
gene-b3052,1481.7363819535,1339.62520401625,1569.91960629567,1680.22795082393,2021.26808695828,1475.14988858448,2504.35762538364,2283.78807545482,2259.46284836581,2654.32668113587,1485.80251102806,2054.90301363511
gene-b3053,1446.38267178759,1504.11749331098,1469.55462473572,1032.67741327292,1149.81034183961,1382.3026899541,1560.8513831389,1600.66341558112,1656.01611565865,1093.916675188,1400.85456439437,1213.7769096083
gene-b3054,1043.97426489917,898.785868706386,906.454254509882,682.480649535094,776.175510087262,833.223567019233,1010.83708622329,1146.70477476877,1011.0205915192,736.407594190803,961.170285058912,651.251645944806
gene-b3055,1598.19566250002,1302.77893121423,1115.63600555062,1307.64008966042,1882.0917885978,1205.41276842552,1031.82332330751,1214.92977280993,1171.2802156152,694.647274188282,1216.01412495997,1056.73121297039
gene-b3056,1181.22984554328,1126.44319709029,1100.84537668916,1133.88517363705,1676.53910178849,1158.18876222558,1132.38237600273,1196.56150410654,1155.45210459337,923.819762006996,1297.81585134796,1179.17362051859
gene-b3057,533.42509750326,461.894348339592,519.784957131541,599.18576711152,627.363929532601,589.099467172099,1005.59052695223,963.022087734872,875.492390894807,979.839703473793,626.097828892712,792.326593772087
gene-b3058,100.862055473326,97.3794352624782,90.8567201490091,128.972721171986,92.0704743000063,124.063067135429,176.634162125522,230.915377985473,166.195165729184,240.376476112074,111.690818722067,194.310777196066
gene-b3059,450.239897112888,338.196146789958,394.064611809074,337.657749179436,343.658398259326,340.973332901242,337.528646437879,375.237489226394,434.283796161379,369.73161368086,424.739733168423,266.179146843926
gene-b3060,9.35833504391684,6.57969157178906,9.50826141094281,9.85208286730451,14.9882167465126,14.4073239254046,7.86983890658268,11.3708330068604,7.91405551091351,11.2039882933594,8.65210567565305,9.75990205094396
gene-b3061,12.4777800585558,13.1593831435781,8.45178792083806,8.95643897027683,7.49410837325632,20.0101721186175,9.61869199693439,1.74935892413237,3.95702775545676,9.16689951274859,2.35966518426901,8.87263822813087
gene-b3062,1.03981500487965,6.57969157178906,4.22589396041903,1.79128779405537,10.7058691046519,5.6028481932129,4.37213272587927,2.62403838619856,6.92479857204932,6.11126634183239,3.14622024569202,8.87263822813087
gene-b3063,3.11944501463895,6.57969157178906,11.6212083911523,8.95643897027683,4.28234764186076,16.8085445796387,5.24655927105512,6.9974356965295,3.95702775545676,8.14835512244319,5.50588542996103,3.54905529125235
gene-b3064,630.127892957067,581.644734946153,630.71467359254,814.140302398164,869.316571297734,713.162534307528,1018.70692512987,939.405742259085,881.427932527992,1238.54997861136,690.595343929398,883.714767521835
gene-b3065,11661.5252797253,12407.9823660798,12187.4781818485,11614.710056655,9710.22327791927,9674.51801590919,18605.1736017066,15583.2892961712,13419.2703756927,19483.735642152,7912.74391791543,15726.751259362
gene-b3066,4662.53048188035,4596.57253205184,4476.27817757386,5493.87966436781,5090.64075926197,5068.17639420344,7540.18009905138,4997.04376678413,5551.70994090583,8088.26100341517,3191.05388419313,7880.67727422584
gene-b3067,7201.75872379645,6509.9468411281,7220.99630486602,9667.58022451681,9493.9647220053,13289.955914301,14175.3287238458,11868.5256207761,12475.5192560163,15155.9405277443,7644.52864197018,12805.8787546613
gene-b3068,242.276896136958,231.605143326975,259.89247856577,378.85736844271,261.223206153506,392.999780409648,200.24367884527,195.05352004076,245.335720838319,379.917057583914,315.408579630625,415.239469076525
gene-b3069,0.0,0.0,0.0,0.895643897027683,0.0,0.0,1.74885309035171,0.874679462066187,0.989256938864189,0.0,0.786555061423005,0.887263822813087
gene-b3070,466.876937190963,377.674296220692,324.33736146216,386.022519618931,398.25833069305,292.148512931816,338.403072983055,497.692613915661,513.424351270514,153.800202936115,408.222076878539,152.609377523851
gene-b3071,146.613915688031,144.753214579359,189.108754728752,133.450940657125,131.682189987218,160.881783833685,269.323375914163,208.173711971753,261.163831860146,133.429315130007,246.1917342254,144.624003118533
gene-b3072,3574.88398677623,4632.1028665395,4686.5164021047,829.366248647634,809.363704311683,786.79996770404,88.3170810627612,103.21217652381,99.9149508252831,129.355137568786,74.7227308351854,130.427781953524
gene-b3073,1216.58355570919,1208.03137258047,900.115413569253,387.813807412987,609.163952054693,249.726948040346,50.7167396201995,43.7339731033094,68.258728781629,53.9828526861861,66.8571802209554,124.216935193832
gene-b3074,27.0351901268709,38.1622111163766,28.5247842328284,9.85208286730451,11.7764560151171,5.6028481932129,57.7121519816063,60.3528828825669,73.20501347595,13.2410770739702,62.9244049138404,15.9707488106356
gene-b3075,498.071387337352,552.694092030281,500.768434309655,557.090503951219,554.564019620968,457.832738073969,491.42771838883,431.21697479863,498.585497187551,521.494727836364,589.916296067253,621.084675969161
gene-b3076,177.80836583442,242.132649841838,217.63353896158,72.5471556592423,87.7881266581455,82.4419091287041,394.36637187431,523.05831831558,562.887198213723,106.947160982067,375.186764298773,107.358922560384
gene-b3077,45.7518602147046,50.0056559455969,40.1459926239808,15.2259462494706,11.7764560151171,13.6069170406599,41.972474168441,61.2275623446331,81.1190689868635,20.370887806108,55.0588542996103,25.7306508615795
gene-b3078,62.388900292779,63.165039089175,39.089519133876,16.1215901464983,19.2705643883734,23.2117996575963,69.9541236140683,118.956406841001,163.227394912591,21.3894321964134,107.758043414952,24.8433870387664
gene-b3079,12.4777800585558,9.21156820050469,9.50826141094281,5.3738633821661,6.42352146279113,13.6069170406599,13.9908247228137,37.6112168688461,38.5810206157034,8.14835512244319,24.3832069041131,7.98537440531779
gene-b3080,48.8713052293435,32.8984578589453,27.4683107427237,19.704165734609,16.0588036569778,30.4154616202986,24.4839432649239,55.1048061101698,75.1835273536784,22.4079765867188,46.4067486239573,12.4216935193832
gene-b3081,381.612106790831,871.151164104872,582.116893047721,121.807569995765,133.823363808149,140.871611715067,199.369252300095,383.984283847056,354.15398411338,80.4650068341265,228.100967812671,86.9518546356826
gene-b3082,29.1148201366302,25.0028279727984,16.9035758416761,24.1823852197474,21.4117382093038,27.2138340813198,30.6049290811549,42.8592936412432,50.4521038820736,60.0941190280185,35.3949777640352,38.1523443809628
gene-b3083,30.1546351415098,36.8462728020188,41.2024661140855,46.5734826454395,37.4705418662816,64.032550779576,58.5865785267822,55.979485572236,77.1620412314067,68.2424741504617,39.3277530711502,71.8683696478601
gene-b3084,415.92600195186,393.465555992986,353.918619185094,483.647704394949,507.4581955605,398.602628602861,855.189161181985,507.314087998389,481.76812922686,903.448874200888,397.99686108004,740.865292048928
gene-b3085,112.300020527002,128.961954807066,145.793341634456,148.676886906595,132.752776897683,169.686259565876,171.387602854467,141.698072854722,151.356311646221,183.337990254972,170.682448328792,146.398530764159
gene-b3086,20.796300097593,13.1593831435781,21.1294698020951,20.5998096316367,28.9058465825601,23.2117996575963,39.3491945329134,29.7391017102504,28.6884512270615,38.7046868316051,39.3277530711502,42.5886634950282
gene-b3087,859.92700903547,1359.36427873162,1127.25721394178,430.804714470316,456.070023858171,449.028262341777,399.612931145365,607.027546673934,580.693823113279,324.915660507422,2505.17787063227,356.680056770861
gene-b3088,355.61673166884,344.775838361747,267.287792996504,399.457178074347,452.858263126775,360.98350501986,612.098581623098,424.219539102101,389.76723391249,421.677377586435,362.601883316005,497.755004598142
gene-b3089,4063.59703906967,6966.57743621026,4600.94204940622,1331.82247488016,1611.23330025011,1455.13971646586,3392.77499528231,3092.86657786604,3051.85765639602,1176.41877080274,2389.55427660309,1451.56361412221
gene-b3090,40.5527851903063,53.9534708886703,41.2024661140855,46.5734826454395,40.6823025976772,48.024413084682,54.2144458009029,43.7339731033094,51.4413608209378,49.9086751249645,74.7227308351854,49.6867740775329
gene-b3091,191.325960897855,247.396403099269,194.391122179275,148.676886906595,122.046907793032,181.692362837047,222.104342474667,306.137811723166,347.22918554133,131.392226349396,283.946377173705,158.820224283543
gene-b3092,288.028756351663,410.572754079638,311.659679580903,234.658701021253,199.129165346525,280.94281654539,369.00800206421,469.702871129543,470.886302899354,191.486345377415,596.99529162006,282.149895654562
gene-b3093,134.136135629475,128.961954807066,108.81676948079,120.911926098737,77.0822575534936,116.859405172726,155.647925041302,263.278518081922,261.163831860146,110.002794152983,195.852210294328,145.511266941346
gene-b3094,975.346474577111,1158.02571663488,1096.61948272874,1480.49936178676,1225.82201248264,1436.73035811674,1038.81873566891,865.057987983459,970.461057025769,1342.44150642252,1612.43787591716,1596.18761724074
gene-b4787,120.618540566039,159.228536037295,126.776818812571,122.703213892793,107.058691046519,134.46835663711,125.917422505323,119.831086303068,110.796777152789,102.872983420845,178.547998943022,171.241917802926
gene-b3095,659.242713093698,713.238566381935,633.884094062854,821.305453574385,777.246096997727,741.977182158337,825.458658646006,637.641327846251,798.3303496634,870.855453711116,930.494637663414,1120.61420821293
gene-b3096,606.212147844835,723.766072896797,563.100370225836,702.184815269703,892.869483327968,586.698246517865,539.521178373502,409.349988246976,465.940018205033,533.717260520029,648.907925673979,689.403990325769
gene-b3097,1783.2827333686,1748.88201978153,1674.51048181604,1750.08817479209,1962.38580688269,1541.58366001829,905.031474257008,935.032344948754,1041.68755662399,1690.78368790696,1057.91655761394,1755.00784152429
gene-b3098,424.244521990897,284.242675901288,413.08113463096,349.301119840796,448.575915484914,338.572112247008,162.643337402709,228.291339599275,200.81915858943,326.952749288033,200.571540662866,216.492372766393
gene-b3099,338.979691590766,230.289205012617,298.981997699646,272.275744696416,341.517224438395,320.963160782625,139.033820682961,187.181404882164,176.087735117826,345.28654831353,210.010201399942,225.365010994524
gene-b3100,565.659362654529,390.83367936427,481.751911487769,449.613236307897,575.975757830272,509.859185582374,241.341726468536,336.751592895482,303.701880231306,501.123840030256,306.756473954972,363.778167353366
gene-b3101,35.3537101659081,39.4781494307344,42.2589396041903,92.2513213938513,66.3763884488417,74.4378402812571,33.2282087166824,25.3657043999194,26.7099373493331,37.6861424412997,38.5411980097272,97.5990205094396
gene-b3102,247.475971161357,286.874552530003,273.626633937132,249.884647270724,268.717314526762,297.751361125028,166.141043583412,141.698072854722,176.087735117826,235.283754160547,221.808527321287,225.365010994524
gene-b3103,358.736176683479,348.72365330482,444.775339334103,273.171388593443,293.340813467462,401.003849257095,302.551584630845,321.882042040357,303.701880231306,322.878571726811,372.827099114504,297.233380642384
gene-b3104,16.6370400780744,15.7912597722938,19.0165228218856,20.5998096316367,20.3411512988386,28.0142409660645,26.2327963552756,11.3708330068604,22.7529095938763,23.4265209770242,17.3042113513061,19.5198041018879
gene-b3105,736.189023454792,780.351420414183,744.813810523854,745.175722327032,870.387158208199,650.730797297441,647.950069975307,661.257673322038,707.318711287895,696.684362968893,646.54826048971,661.898811818563
gene-b3106,30.1546351415098,18.4231364010094,24.2988902724094,30.4518924989412,18.1999774779082,27.2138340813198,35.85148835221,41.984614179177,35.6132497991108,30.556331709162,39.3277530711502,36.3778167353366
gene-b3107,69.6676053269365,88.1678670619735,64.4448828963902,71.6515117622146,50.3175847918639,60.0305163558525,79.5728156110027,126.828521999597,117.721575724838,74.3537404922941,120.34292439772,58.5594123056638
gene-b4470,2823.09773824825,3999.13653733339,3111.31442835851,1278.0838410585,1132.68095127217,1034.12569509015,1329.1283486673,2080.86244025546,951.66517518735,672.239297601563,1256.12843309254,968.892094511891
gene-b3110,2476.83934162332,4363.65145041051,3931.1378566798,1216.28441216359,822.210747237265,898.856931568298,1336.99818757388,1049.61535447942,620.264100667846,428.807188318573,1072.07454871956,786.115747012395
gene-b4471,60.3092702830197,44.7419026881656,53.8801479953426,38.5126875721904,43.8940633290728,59.2301094711078,47.2190334394961,68.2249980411626,63.3124440873081,41.7603200025213,45.6201935625343,39.9268720265889
gene-b3113,24.9555601171116,21.055013029725,30.637731213038,15.2259462494706,24.6234989406993,47.2240061999373,29.730502535979,34.1124990205813,23.7421665327405,18.3337990254972,19.6638765355751,30.166969975645
gene-b3114,119.57872556116,114.48663334913,111.986189951104,97.6251847760174,114.552799419775,130.466322213386,169.638749764116,177.559930799436,199.829901650566,95.7431726887075,176.974888820176,136.638628713215
gene-b3115,34.3138951610284,35.530334487661,27.4683107427237,29.5562486019135,16.0588036569778,40.8207511219797,56.8377254364305,66.4756391170302,75.1835273536784,37.6861424412997,180.907664127291,40.814135849402
gene-b3116,124.777800585558,135.541646378855,146.849815124561,111.95548712846,135.964537629079,188.095617915005,192.373839938688,195.928199502826,252.260519410368,129.355137568786,1341.86293478765,145.511266941346
gene-b3117,14.5574100683151,35.530334487661,27.4683107427237,11.6433706613599,13.9176298360475,18.4093583491281,27.9816494456273,42.8592936412432,48.4735900043453,13.2410770739702,2355.7324089619,23.9561232159534
gene-b3118,19.7564850927133,60.5331624604594,60.2189889359712,15.2259462494706,10.7058691046519,19.2097652338728,47.2190334394961,44.6086525653756,49.4628469432094,15.278165854581,2359.66518426901,27.5051785072057
gene-b3119,0.0,0.0,0.0,0.0,0.0,0.0,0.0,0.0,0.0,0.0,2.35966518426901,0.0
gene-b3120,2.0796300097593,6.57969157178906,7.3953144307333,0.895643897027683,5.35293455232595,6.4032550779576,4.37213272587927,6.9974356965295,3.95702775545676,3.0556331709162,13.3714360441911,7.0981105825047
gene-b3121,9.35833504391684,9.21156820050469,11.6212083911523,10.7477267643322,16.0588036569778,9.6048826169364,10.4931185421102,6.9974356965295,18.7958818384196,12.2225326836648,12.5848809827681,12.4216935193832
gene-b3123,18578.3746921847,17534.8780388179,19069.3464963909,21411.2630023438,20637.7038730375,17676.9860495867,38323.4921954221,47353.3967173392,35452.0009180759,46639.1476320842,43727.7420847505,26624.1255311523
gene-b3124,322.342651512691,126.33007817835,108.81676948079,124.494501686848,243.023228675598,96.8492330541087,84.8193748820578,140.823393392656,156.302596340542,149.726025374894,113.263928844913,234.237649222655
gene-b3125,145.574100683151,65.7969157178907,48.5977805448188,69.8602239681593,162.729210390709,74.4378402812571,27.9816494456273,76.0971131997583,106.839749397332,122.225326836648,60.5647397295714,139.300420181655
gene-b3126,319.223206498052,96.0634969481203,66.5578298765997,37.6170436751627,161.658623480244,40.8207511219797,24.4839432649239,83.969228358354,104.861235519604,83.5206400050427,63.7109599752634,163.256543397608
gene-b3127,175.728735824661,86.8519287476157,43.315413094295,17.017234043526,49.2469978813987,8.004068847447,8.74426545175853,78.7211515859569,76.1727842925425,32.5934204897728,48.7664138082263,72.7556334706732
gene-b3128,437.762117054332,269.767354443352,206.012330570428,55.5299216157163,95.2822350314018,84.8431297829382,84.8193748820578,170.562495102907,189.937332261924,71.2981073213779,218.662307075595,87.8391184584956
gene-b3129,181.967625853939,218.445760183397,189.108754728752,213.163247492589,209.835034451177,263.333865081006,182.755147941753,199.426917351091,250.28200553264,207.783055622301,257.203505085322,236.899440691094
gene-b3130,84.2250153952516,73.6925456040375,88.7437731687996,101.207760364128,86.7175397476803,139.270797945578,86.5682279724095,150.444867475384,122.667860419159,125.280960007564,122.702589581989,122.442407548206
gene-b3131,1052.2927849382,1083.01723271648,1067.0382250058,926.095789526624,1055.59869371868,1030.92406755117,843.821616094699,861.559270135195,973.428827842362,841.317666392259,1332.42427405057,884.602031344648
gene-b3132,88.3842754147702,94.7475586337625,87.6872996786948,20.5998096316367,27.8352596720949,30.4154616202986,174.010882489995,337.626272357548,368.992838196342,22.4079765867188,186.413549557252,31.0542337984581
gene-b3133,36.3935251707877,53.9534708886703,39.089519133876,20.5998096316367,22.482325119769,28.0142409660645,41.0980476232651,151.31954693745,182.023276751011,15.278165854581,110.117708599221,27.5051785072057
gene-b3136,10.3981500487965,27.6347046015141,15.8471023515714,8.06079507324915,8.56469528372151,14.4073239254046,36.7259148973858,62.9769212687655,60.3446732707155,9.16689951274859,55.8454093610333,7.0981105825047
gene-b3137,5.19907502439825,2.63187662871563,1.05647349010476,3.58257558811073,3.21176073139557,5.6028481932129,5.24655927105512,16.6189097792576,19.7851387772838,7.12981073213779,7.86555061423005,3.54905529125235
gene-b3138,5.19907502439825,10.5275065148625,5.28236745052379,2.68693169108305,9.6352821941867,9.6048826169364,8.74426545175853,6.12275623446331,20.774395716148,6.11126634183239,14.9445461670371,4.43631911406544
gene-b3139,1.03981500487965,2.63187662871563,7.3953144307333,4.47821948513841,4.28234764186076,10.4052895016811,3.49770618070341,5.24807677239712,6.92479857204932,12.2225326836648,3.14622024569202,3.54905529125235
gene-b3140,9.35833504391684,3.94781494307344,8.45178792083806,8.06079507324915,5.35293455232595,16.008137694894,4.37213272587927,11.3708330068604,6.92479857204932,5.09272195152699,14.1579911056141,8.87263822813087
gene-b3141,2.0796300097593,3.94781494307344,6.33884094062854,6.26950727919378,2.14117382093038,4.8024413084682,7.86983890658268,1.74935892413237,8.9033124497777,7.12981073213779,5.50588542996103,0.887263822813087
gene-b3142,16.6370400780744,15.7912597722938,19.0165228218856,26.8693169108305,23.5529120302342,28.0142409660645,37.6003414425617,26.2403838619856,19.7851387772838,22.4079765867188,22.8100967812671,33.7160252668973
gene-b3143,6.2388900292779,3.94781494307344,7.3953144307333,4.47821948513841,6.42352146279113,11.2056963864258,5.24655927105512,5.24807677239712,3.95702775545676,4.07417756122159,7.86555061423005,4.43631911406544
gene-b3144,77.9861253659737,84.2200521189,78.179038267752,98.5208286730451,104.917517225589,104.052895016811,69.9541236140683,67.3503185790964,78.1512981702709,79.4464624438211,87.3076118179535,85.1773269900564
gene-b3145,22.8759301073523,42.11002605945,32.7506781932475,37.6170436751627,37.4705418662816,41.6211580067244,23.609516719748,41.1099347171108,36.602506737975,31.5748760994674,51.1260789924953,48.7995102547198
gene-b3146,465.837122186083,526.375325743125,520.841430621645,483.647704394949,451.78767621631,464.235993151926,656.694335427066,534.42915132244,568.822739846909,643.720054673012,497.889353880762,560.750736017871
gene-b3147,2803.34125315553,3013.49873987939,2669.70850949472,2484.51617035479,2844.54942110601,2476.4589014001,2861.99808236057,2678.26851284667,2967.77081659257,2777.57055236282,2941.71592972204,3180.84080478492
gene-b3148,395.129701854267,361.883036448399,371.878668516875,274.962676387499,380.058353215142,323.364381436859,297.30502535979,327.130118812754,340.304386969281,344.268003923225,317.768244814894,364.665431176179
gene-b3149,1011.7399997479,1190.92417449382,1167.40320656576,901.913404306877,982.798783807044,929.272393188597,995.971834955297,1021.62561169331,1185.1298127593,863.725642978978,1075.22076896525,996.397273019097
gene-b3150,696.676053269365,731.661702782944,768.056227306158,703.976103063759,848.975419998895,732.372299541401,953.999360786856,1078.47977672761,1057.51566764582,915.671406884553,993.419042577255,889.038350458714
gene-b3151,65.5083453074179,73.6925456040375,83.4614057182758,97.6251847760174,102.776343404658,85.6435366676829,64.7075643430132,65.600959654964,33.6347359213824,168.059824400391,55.8454093610333,73.6428972934863
gene-b3152,53.0305652488621,61.8491007748172,50.7107275250283,46.5734826454395,64.2352146279113,48.8248199694267,64.7075643430132,59.4782034205007,57.376902454123,73.3351961019887,67.6437352823784,52.3485655459722
gene-b3153,59.26945527814,46.0578410025235,67.6143033667045,23.2867413227198,29.9764334930253,38.4195304677456,5.24655927105512,8.74679462066187,5.93554163318513,5.09272195152699,9.43866073707606,9.75990205094396
gene-b3154,67.5879753171772,68.4287923466063,61.2754624260759,65.3820044830209,65.3058015383765,71.2362127422783,51.5911661653754,71.7237158894274,52.430617759802,45.8344975637429,49.5529688696493,41.7013996722151
gene-b3155,32.2342651512691,17.1071980866516,35.9200986635617,35.8257558811073,29.9764334930253,44.0223786609585,46.3446068943202,27.989742786118,33.6347359213824,43.7974087831321,44.0470834396883,44.3631911406544
gene-b3156,286.988941346783,293.454244101792,315.885573541322,218.537110874755,282.63494436281,248.926541155602,333.156513712,530.055754012109,416.477171261824,297.414961969176,479.01203240661,274.164521249244
gene-b3157,617.650112898512,609.279439547667,653.957090374845,422.743919397066,443.222980932588,457.032331189224,755.504535031938,984.014394824461,962.547001514856,703.81417370103,1085.44598476375,582.045067765385
gene-b3158,34.3138951610284,17.1071980866516,25.3553637625142,20.5998096316367,18.1999774779082,21.6109858881069,11.3675450872861,8.74679462066187,20.774395716148,17.3152546351918,11.0117708599221,3.54905529125235
gene-b3159,16.6370400780744,7.89562988614688,16.9035758416761,6.26950727919378,16.0588036569778,18.4093583491281,13.9908247228137,10.4961535447942,16.8173679606912,16.2967102448864,21.2369866584211,11.5344296965701
gene-b3160,452.319527122647,398.729309250417,399.346979259598,354.674983222962,401.470091424446,309.757464396199,138.159394137785,179.309289723568,189.937332261924,270.932807821236,287.87915248082,221.815955703272
gene-b3161,146.613915688031,126.33007817835,136.285080223514,149.572530803623,152.023341286057,104.853301901556,210.736797387381,256.281082385393,255.228290226961,236.302298550852,216.302641891326,216.492372766393
gene-b3162,5454.86951559864,5142.68693251033,2888.39852194641,8749.54523006344,8077.57823945985,4788.0339845428,6219.79601583585,2645.90537275022,2638.34825595079,14620.1861784437,6560.65576732928,15119.8628045578
gene-b4685,138.295395648993,128.961954807066,60.2189889359712,222.119686462865,207.693860630247,122.462253365939,152.150218860599,57.7288444963684,50.4521038820736,373.805791242081,174.615223635907,353.131001479609
gene-b3163,7598.96805566048,7654.8131746194,6503.65080508489,8719.09333756449,8624.64815070756,5656.4754544908,6544.20826409609,4927.9440892809,5276.69651190158,9435.79523178921,7167.87627474784,9458.23235118751
gene-b3164,35450.4129613619,39050.4694785681,29514.6998930566,36362.2465754269,44638.1212318461,21387.6723672631,31914.8200458283,25018.4566534792,27383.6213246996,37477.3408412871,28980.6212381306,38875.4643965554
gene-b4449,4.1592600195186,2.63187662871563,7.3953144307333,1.79128779405537,1.07058691046519,3.2016275389788,2.62327963552756,5.24807677239712,0.0,1.0185443903054,7.86555061423005,4.43631911406544
gene-b3165,31788.1845141758,35140.816746611,34359.687318677,33515.8902706729,32271.7718290627,29299.6944229645,52932.5364856751,40787.1779956084,42304.5837335882,50993.4249006398,33567.0238012881,56669.5403630719
gene-b3166,2390.53469621831,3224.04887017664,2669.70850949472,2986.0767526903,3234.24305651534,1941.78710239064,3910.43551002642,3189.08131869332,3343.68845336096,3745.18772315295,3577.25241935183,3290.86151881374
gene-b3167,1347.60024632403,1685.71698069236,1412.50505627006,1821.73968655431,1605.88036569778,1278.24979493729,2005.06006808823,1637.3999529879,1804.40465648828,2228.57512598821,1998.63641107585,2137.41854915673
gene-b3168,21826.7567674287,25376.5544540761,21525.6473608844,24786.9448502411,25091.3454205726,17888.2934671593,36661.2073330428,30385.4898327173,30851.9561523575,38178.0993818173,29598.0669613477,31988.5226038802
gene-b3169,8720.92844592562,8753.62166710817,8032.36794526647,9440.08667467178,9794.79964384601,6863.4890366858,14745.4548313004,11948.1214518241,11396.2399357155,14183.2306350027,9481.92126545432,12811.2023375982
gene-b3170,932.714059377045,790.878926929046,835.670530672863,891.165677542545,594.17573530818,683.547479571974,1655.28945001789,1745.86020628411,1411.6696517592,1713.19166449368,982.407271717333,1146.34485907451
gene-b3171,53.0305652488621,38.1622111163766,29.5812577229332,50.1560582335502,35.3293680453512,34.4174960440221,29.730502535979,58.6035239584346,21.7636526550122,94.7246282984021,47.1933036853803,57.6721484828507
gene-b3172,665.481603122975,585.592549889227,733.192602132701,497.978006747392,597.387496039575,629.119811409334,591.986771084053,397.979155240115,395.702775545676,689.554552236755,511.260789924953,510.176698117525
gene-b3173,43.6722302049453,35.530334487661,41.2024661140855,68.0689361741039,59.9528669860506,89.6455710914064,62.9587112526615,50.7314087998389,63.3124440873081,74.3537404922941,69.2168454052244,74.5301611162993
gene-b3174,588.535292761881,414.520569022711,512.389642700807,440.65679733762,450.717089305845,544.276681626396,1025.70233749128,998.883945679586,828.008057829326,970.672803961045,484.517917836571,695.614837085461
gene-b3175,2134.74020501792,1562.01877914272,1662.88927342489,1845.92207177405,1407.82178726172,1732.08049858753,3258.11330732523,3933.43354091164,3131.98746844402,3919.35881389517,2148.08187274623,2797.54283332966
gene-b3176,4287.15726511879,4979.51058152996,4656.93514438177,3424.04661833683,3792.0188368677,3286.47066876174,6123.6090958665,6013.42130170504,6219.45837463916,4608.91336613193,6201.98665932039,3966.95655179731
gene-b3177,750.746433523107,764.560160641889,814.541060870768,790.853561075444,792.23431374424,681.946665802485,779.114051751685,1005.88138137612,900.223814366412,748.630126874468,716.551660956357,716.909168832975
gene-b3178,10622.7500898505,7882.4705030033,7805.22614489395,10753.9962716114,10903.927683088,12550.3799527969,13330.6326812059,15143.3255267519,15185.0940115653,14142.4888593905,11485.2770068987,13427.8506944533
gene-b3179,3058.09592935105,2538.44500839622,2271.41800372523,2499.74211660426,2433.44404748737,3438.54797686323,2346.08642070681,3140.09926881761,3520.76544541765,2880.44353578367,2564.95605530042,3037.1040654892
gene-b3180,1923.65775902735,2088.39410488585,2214.36843525957,2439.73397550341,2711.79664420832,1824.12729033317,3558.04161232055,2327.52204855812,2556.23993002506,4252.42282952504,2179.54407520315,3596.08027386144
gene-b3181,1486.9354569779,1429.10900939258,1295.23649886843,1453.63004487593,1879.95061477687,1550.38813575048,2387.18446833008,1867.44065151131,2160.53715447939,2898.77733480916,1698.95893267369,2994.51540199417
gene-b3182,998.222404684463,942.211833080194,919.131936391139,764.879888061641,770.822575534936,780.396712626083,946.129521880274,846.689719280069,920.99821008256,636.590243940874,781.835731054467,752.399721745498
gene-b3183,2056.75407965195,1789.67610752663,1545.62071602326,2342.10879072739,2183.99729734899,1739.28416055023,2905.71940961936,2286.41211384101,2029.95523854932,4597.70937783857,2325.0567615664,4095.60980610521
gene-b3184,1267.53449094829,1021.16813194166,820.879901811396,1313.90959693961,1424.95117782917,1034.9261019749,1962.21316737462,1733.61469381518,1542.25156768927,3258.32350458697,1325.34527849776,2660.90420461645
gene-b3185,7602.08750067512,5999.36277515727,6443.43181614891,6323.24591301544,6316.46277174462,6076.68906898176,14451.6475121213,16798.2190689811,13857.5111996096,18669.918674298,8705.59141982982,11261.1524391437
gene-b3186,10432.4639439575,9323.4229572251,9970.9967996087,8958.23025807089,9425.44715973552,9046.1986113846,22549.7117469949,20826.992671258,18986.8084276204,23328.7407155548,11173.0146475138,15893.5568580508
gene-b3187,2617.21436728208,2347.63395281434,2363.33119736434,2211.34478176135,2505.17337048854,2229.93358089873,3338.56054948141,3483.84829740962,3195.29991253133,3182.95121970437,3034.52942696995,2730.11078279587
gene-b3188,107.100945502604,82.9041138045422,58.1060419557616,133.450940657125,145.599819823266,94.4480123998746,86.5682279724095,63.8516007308317,71.2264995982216,162.967102448864,124.275699704835,135.751364890402
gene-b3189,3289.97467543921,3225.364808491,3281.40666026538,3371.2036284122,3861.60698604794,3164.0084153958,5304.27142303673,4651.54537926798,4621.80841837349,4621.13589881559,3113.18493311225,4500.20210930798
gene-b3190,575.017697698446,492.160929569822,522.954377601855,583.064176965022,655.199189204696,487.447792809522,763.37437393852,702.367608039148,683.576544755154,813.816967854013,450.696050195382,736.428972934862
gene-b3191,427.363967005536,259.239847928489,349.692725224675,563.360011230413,538.50521596399,470.639248229884,620.842847074856,603.528828825669,594.543420257378,894.28197468814,568.679309408832,629.070050374479
gene-b3192,1350.71969133866,1121.17944383286,1154.7255246845,1716.05370670504,1381.05711450009,1537.58162559457,1511.00907006388,1527.19034076756,1372.09937420463,2230.61221476882,1465.35207943106,2129.43317475141
gene-b3193,1841.51237364186,1884.42366616039,1697.75289859834,2391.36920506391,2473.05576317459,2101.86847933958,2424.78480977264,1773.84994907023,2007.20232895544,2666.54921381953,1857.84305508114,3292.63604645937
gene-b3194,1217.62337071407,1017.22031699859,1076.54648641675,1319.28346032178,1725.78609966988,1251.03596085597,1699.88520382186,1565.67623709848,1423.54073502557,2061.53384597813,1319.8393930678,1851.71959821091
gene-b3195,1502.53268205109,1247.50952201121,1280.44587000697,1718.74063839612,1878.88002786641,1519.17226724544,1627.30780057226,1720.49450188419,1565.99373422201,2497.47084502884,1498.38739201082,2321.96942430185
gene-b3196,296.3472763907,251.344218042342,298.981997699646,318.849227341855,282.63494436281,322.563974552114,443.334258404158,430.342295336564,393.724261667947,417.603200025213,445.190164765421,379.748916164001
gene-b3197,939.992764411203,729.029826154228,840.952898123387,767.566819752724,766.540227893075,875.645131910702,1092.15875492464,1123.96310875505,1020.91316090784,1204.93801373129,951.731624321836,781.67942789833
gene-b3198,587.495477757002,494.792806198538,519.784957131541,535.595050422554,418.599481991889,498.653489195948,752.006828851234,775.840682852708,720.179051493129,769.001014680576,668.571802209554,565.187055131937
gene-b3199,1660.5845627928,2100.23754971507,2005.18668421883,1952.50369552035,1688.3155578036,1632.02963799444,1724.36914708678,1178.19323540315,1625.34915055386,1513.55696399382,1429.1705466056,1959.96578459411
gene-b3200,2546.50694695026,3058.24064256756,2805.99358971823,2483.62052645776,2606.87912698274,2237.93764974618,2510.47861119988,2041.50186446248,2327.72157714744,2266.26126842951,2178.75752014172,2989.19181905729
gene-b3201,1779.12347334908,1731.77482169488,1665.0022204051,1502.89045921245,1691.527318535,1354.28844898803,1679.77339328281,1576.17239064327,1604.57475483771,1637.81937961108,1447.26131301833,1708.87012273801
gene-b3202,4085.43315417214,4034.66687182105,3884.65302311519,3105.19739099498,3621.79551810373,3003.12663156212,3729.42921517502,3308.91240499639,3515.81916072333,3098.41203530902,3673.99869190685,3566.80056770861
gene-b3203,1592.99658747562,1679.13728912057,1779.10135733641,1427.65637186213,1571.6215845629,1371.89740045242,1121.01483091544,1090.72528919654,1238.54968745796,1390.31309276687,1471.64451992244,1270.56179426834
gene-b3204,2564.18380203322,2368.68896584406,2486.9385957066,1930.11259809466,2211.83255702108,1967.40012270247,2096.8748553317,1880.5608434423,2082.38585630912,2090.05308890668,2389.55427660309,1986.5836992785
gene-b3205,1803.03921846131,1852.8411466158,1762.19778149473,1479.60371788973,1814.6448132385,1433.52873057776,1765.46719471005,1627.77847890517,1690.6401085189,1514.57550838413,1620.30342653139,1632.56543397608
gene-b3206,433.602857034814,479.001546426244,490.203699408607,390.50073910407,403.611265245376,349.777808633434,353.268324251045,308.761850109364,401.638317178861,388.065412706357,471.933036853803,391.283345860572
gene-b3207,4104.14982425998,3795.16609860793,4183.63502081484,5010.23195997286,5049.9584566643,5231.45939869136,3514.32028506176,3472.47746440276,3695.86392359661,4835.03022077973,4510.10672219951,4635.06621037557
gene-b3208,309.864871454135,213.182006925966,302.151418169961,261.528017932083,289.058465825601,235.319624114942,223.853195565018,265.902556468121,252.260519410368,298.433506359482,327.20690555197,241.33575980516
gene-b3209,423.204706986017,346.091776676105,447.944759804417,358.257558811073,317.964312408161,561.88563309078,398.738504600189,456.58267919855,497.596240248687,471.586052711399,457.775045748189,351.356473833983
gene-b4450,16.6370400780744,22.3709513440828,12.6776818812571,8.06079507324915,3.21176073139557,3.2016275389788,11.3675450872861,7.87211515859569,6.92479857204932,6.11126634183239,17.3042113513061,5.32358293687852
gene-b3210,1216.58355570919,1190.92417449382,1083.94180084748,1017.45146702345,1079.15160574891,910.863034839469,1016.95807203952,1214.92977280993,1241.51745827456,1236.51288983075,2275.50379269675,1117.95241674449
gene-b3211,18.7166700878337,18.4231364010094,16.9035758416761,12.5390145583876,3.21176073139557,13.6069170406599,20.1118105390446,25.3657043999194,23.7421665327405,20.370887806108,16.5176562898831,17.7452764562617
gene-b3212,16516.4215375083,16241.3106758041,15482.6189974852,8151.25510684894,10833.2689469972,6219.96190135107,1171.73157053564,651.63619923931,723.146822309722,1379.10910447351,947.012293953298,2007.87803102602
gene-b3213,5476.70563070111,6887.62113734879,7085.76769813261,2984.28546489624,3589.67791078978,2053.04365937016,495.799851114709,256.281082385393,256.217547165825,561.217959058275,398.783416141463,611.324773918217
gene-b3214,190.286145892976,298.717997359224,267.287792996504,145.989955215512,132.752776897683,118.460218942216,195.871546119391,152.194226399517,158.28111021827,140.559125862145,133.714360441911,117.118824611328
gene-b3215,9.35833504391684,28.9506429158719,24.2988902724094,17.9128779405537,11.7764560151171,24.012206542341,9.61869199693439,6.9974356965295,10.8818263275061,14.2596214642756,8.65210567565305,15.9707488106356
gene-b3216,179.887995844179,176.335734123947,186.995807748542,163.902833156066,153.093928196522,199.30131430143,112.801024327685,87.4679462066187,133.549686746665,125.280960007564,143.93957624041,155.27116899229
gene-b3218,2183.61151024726,2256.83420912365,2389.74303461696,2166.56258690996,1722.57433893849,2027.43063905833,2212.29915929491,2779.73133044634,2717.48881105993,1184.56712592518,1900.31702839798,995.510009196284
gene-b3219,145.574100683151,136.857584693213,122.550924852152,124.494501686848,103.846930315123,148.07527367777,141.657100318488,119.831086303068,141.463742257579,132.410770739702,133.714360441911,174.790973094178
gene-b3220,124.777800585558,123.698201549634,94.0261406193234,157.633325876872,130.611603076753,109.655743210024,109.303318146982,60.3528828825669,69.2479857204932,130.373681959091,163.603452775985,172.129181625739
gene-b3221,108.140760507484,80.2722371758266,89.8002466589044,46.5734826454395,61.0234538965158,62.4317370100866,50.7167396201995,122.455124689266,109.807520213925,71.2981073213779,127.421919950527,53.2358293687852
gene-b3222,285.949126341904,311.877380502802,269.400739976713,134.346584554152,204.482099898851,140.071204830323,130.289555231202,199.426917351091,217.636526550122,96.7617170790129,258.776615208168,117.118824611328
gene-b3223,215.241706010087,211.866068611608,181.713440298018,91.3556774968237,115.62338633024,108.054929440535,118.04758359874,208.173711971753,230.496866755356,94.7246282984021,248.551399409669,112.682505497262
gene-b3224,279.710236312626,257.923909614131,190.165228218856,85.0861702176299,110.270451777914,104.052895016811,169.638749764116,333.252875047217,340.304386969281,81.4835512244319,372.827099114504,95.8244928638134
gene-b3225,1177.07058552376,1347.5208339024,1025.83575889172,544.551489392831,662.693297577952,507.45796492814,638.331377978373,960.398049348674,1125.77439642745,437.974087831321,1431.53021178987,612.21203774103
gene-b3226,570.858437678927,590.856303146658,526.123798072169,453.195811896008,554.564019620968,430.618903992649,632.210392162142,577.288444963684,635.102954750809,551.032515155221,807.005493020003,444.519175229357
gene-b3227,8.31852003903719,9.21156820050469,10.5647349010476,11.6433706613599,8.56469528372151,9.6048826169364,7.86983890658268,6.9974356965295,11.8710832663703,4.07417756122159,20.4504315969981,12.4216935193832
gene-b3228,2085.86889978858,2225.25168957906,2147.81060538297,2265.08341558301,2902.36111427113,2100.26766557009,3313.20217967131,2605.67011749517,2542.39033288097,3555.73846655615,1993.13052564589,3154.22289010053
gene-b3229,7126.89204344512,7748.2447949388,7980.60074425134,7938.98750325338,8257.436840418,7397.36042881052,9957.09506991744,7663.06676716187,8240.51030073869,10388.1342367248,6608.63562607608,11387.1439019832
gene-b3230,22663.8078463568,20749.715340794,21067.137866179,21759.6684782876,22870.9481682678,18952.8346238698,41417.2133122543,39978.9741726592,36025.7699426172,45456.6175949396,26372.4046544519,34715.9715952077
gene-b3231,55974.2815276764,68418.2648400914,68738.3911601759,60876.9156809716,68090.3980924965,54155.5298218264,110891.276753021,76029.7628811792,85153.2587835516,104582.100907778,64023.2223346483,105363.466222877
gene-b3232,577.097327708205,544.798462144135,452.170653764836,441.552441234648,384.340700857003,415.411173182499,402.236210780893,462.705435433013,457.036705755255,401.306489780327,453.842270441074,369.989014113057
gene-b3233,2065.07259969098,1897.58304930397,1696.69642510824,1656.04556560419,1711.86846983384,1716.87276777738,1658.78715619859,1759.85507767717,1769.78066362803,1982.08738353431,3124.9832590336,2150.72750649892
gene-b3234,884.882569152581,839.568644560285,907.510727999986,660.98519600643,764.399054072145,894.854897144575,640.954657613901,743.477542756259,702.372426593574,734.370505410192,894.313104837956,794.101121417713
gene-b3235,672.760308157133,555.325968658997,595.851048419083,534.699406525527,590.963974576784,589.899874056844,751.132402306058,693.620813418486,652.909579650365,634.553155160263,636.323044691211,562.525263663497
gene-b3236,15701.2065736827,12802.7638603872,11563.1023491966,10256.913908761,13270.9953421265,13768.5992313783,9357.23845992681,19147.6081040909,21064.2479992352,10549.064250393,11298.07690228,7740.48959022137
gene-b3237,1300.80857110444,1606.76068183089,1602.67028448892,1520.80333715301,1701.16260072919,1460.74256465908,2381.06348251385,1882.31020236644,1934.98657241835,2210.24132696271,1595.13366456585,2038.93226482447
gene-b3238,143.494470673392,161.860412666011,169.035758416761,282.12782756372,240.882054854668,232.117996575963,108.428891601806,75.2224337376921,56.3876455152588,480.752952224148,93.6000523093376,361.116375884927
gene-b3239,50.9509352391028,47.3737793168813,57.0495684656569,33.1388241900243,38.5411287767468,40.020344237235,16.6141043583412,13.1201919309928,9.89256938864189,17.3152546351918,18.8773214741521,19.5198041018879
gene-b3240,76.946310361094,55.2694092030281,73.953144307333,85.0861702176299,79.223431374424,80.8410953592147,38.4747679877376,43.7339731033094,30.6669651047899,67.2239297601563,40.9008631939962,64.7702590653554
gene-b3241,16.6370400780744,11.8434448292203,26.4118372526189,26.8693169108305,40.6823025976772,37.6191235830009,13.1163981776378,16.6189097792576,21.7636526550122,32.5934204897728,25.1697619655361,40.814135849402
gene-b3242,2.0796300097593,0.0,1.05647349010476,6.26950727919378,2.14117382093038,2.4012206542341,1.74885309035171,0.874679462066187,0.0,6.11126634183239,3.93277530711502,9.75990205094396
gene-b3243,360.815806693238,288.190490844361,291.586683268913,383.335587927848,418.599481991889,367.386760097817,271.94665554969,251.033005612996,233.464637571949,300.470595140093,291.811927787935,369.101750290244
gene-b3244,1927.81701904687,1772.56890943997,1797.06140666819,1367.64823076127,1695.80966617686,1220.62049923567,1590.58188567488,1673.26181093262,1591.71441463248,1325.12625178732,1728.84802500776,1341.54290009339
gene-b4472,1137.55761533834,1206.71543426611,1230.79161597204,986.999574524507,1112.33979997333,924.469951880129,1300.27227267649,1412.60733123689,1414.63742257579,985.950969815626,1197.92335854724,885.489295167461
gene-b3247,1329.92339124107,1277.77610324144,1330.10012404189,1115.97229569649,1420.66883018731,1076.54725998162,1432.31068099805,1587.54322365013,1590.72515769362,1199.84529177976,1171.96704152028,932.514277776555
gene-b3248,415.92600195186,403.993062507849,406.742293690332,376.170436751627,472.128827515148,356.181063711392,529.902486376567,593.907354742941,560.908684335995,478.715863443537,429.459063536961,448.068230520609
gene-b3249,378.492661776192,306.61362724537,307.433785620484,383.335587927848,321.176073139557,284.144444084369,649.698923065659,566.792291418889,549.037601069625,432.881365879794,275.294271498052,414.352205253712
gene-b3250,3139.20149973166,3066.1362724537,2797.5418017974,3293.28260937079,3881.94813734678,2486.86419090178,4045.97162452867,3485.59765633376,3508.89436215128,3617.86967436478,2331.34920205779,4104.48244433334
gene-b3251,5993.4936881263,5358.50081606501,5104.87990418619,5803.77245273939,6875.30913900744,4944.91373395276,8005.37502108494,7408.53504370061,7175.08057758196,8923.4674034656,4919.11535413947,8117.57671491694
gene-b3252,803.776998771969,640.861959092255,621.206412181597,532.908118731471,620.94040806981,649.930390412697,845.57046918505,928.909588714291,929.901522532337,808.724245902486,933.640857909106,668.996922401068
gene-b3253,446.08063709337,460.578410025235,471.187176586722,308.101500577523,326.529007691883,347.3765879792,303.426011176021,411.099347171108,366.02506737975,284.173884895206,445.976719826844,274.164521249244
gene-b3255,5468.38711066208,5917.77459966708,5317.23107569724,5566.42682002705,5223.39353615966,4607.94243547524,10942.5737863306,9484.14940718367,9485.98478676871,9682.28297424312,6463.90949477425,7773.31835166546
gene-b3256,12889.5468004881,15979.4389512469,14235.9802791616,14744.0898328697,15488.1808336999,12386.2965414242,29312.526647385,21989.4416763439,23957.8245454129,22919.2858706521,16082.6913409162,20385.7735929535
gene-b3257,29.1148201366302,19.7390747153672,11.6212083911523,28.6606047048859,10.7058691046519,17.6089514643834,55.0888723460788,46.3580114895079,32.6454789825182,68.2424741504617,32.2487575183432,32.8287614440842
gene-b3258,429.443597015295,367.14678970583,376.104562477294,394.083314692181,423.952416544215,380.193270253733,947.878374970625,703.242287501215,700.393912715846,887.152163956002,423.166623045577,666.335130932629
gene-b3259,764.264028586542,794.826741872119,755.378545424901,708.454322548897,814.716638864009,609.910046175462,1474.28315516649,1115.21631413439,1172.26947255406,1287.44010934602,857.345016951075,1046.08404709663
gene-b3260,5169.96020426162,6007.25840504342,6175.08754966231,8187.08086273005,7954.46074475635,5731.7137016568,11756.6648998894,5667.04823472683,5848.48702256508,13764.6088905872,3814.79204790157,12003.7922588383
gene-b3261,2112.90408991545,2273.9414072103,2807.05006320834,3093.55402033362,3019.05508751183,2443.64221912557,6912.34183961512,3742.75341818122,3615.73411154861,8029.18542877746,1973.46664911032,5239.29287371128
gene-b3262,24.9555601171116,21.055013029725,32.7506781932475,42.9909070573288,32.1176073139557,38.4195304677456,26.2327963552756,31.4884606343827,17.8066248995554,52.9643082958807,29.1025372726512,25.7306508615795
gene-b3263,45.7518602147046,65.7969157178907,61.2754624260759,23.2867413227198,32.1176073139557,37.6191235830009,135.536114502257,137.324675544391,129.592658991209,29.5377873188566,74.7227308351854,28.3924423300188
gene-b3264,1.03981500487965,2.63187662871563,4.22589396041903,0.0,0.0,4.8024413084682,6.12098581623097,4.37339731033094,3.95702775545676,7.12981073213779,0.0,1.77452764562617
gene-b3265,4.1592600195186,7.89562988614688,4.22589396041903,11.6433706613599,7.49410837325632,8.8044757321917,13.1163981776378,13.1201919309928,9.89256938864189,11.2039882933594,6.29244049138404,17.7452764562617
gene-b3266,105.021315492845,132.909769750139,134.172133243304,114.642418819543,125.258668524427,138.470391060833,114.549877418037,98.8387792134792,105.850492458468,92.6875395177913,99.1059377392986,116.231560788514
gene-b3267,34.3138951610284,21.055013029725,11.6212083911523,32.2431802929966,17.129390567443,28.8146478508092,20.1118105390446,38.4858963309122,29.6777081659257,53.9828526861861,29.8890923340742,39.0396082037758
gene-b3269,549.022322576455,507.952189342116,296.869050719437,81.5035946295191,150.952754375592,24.8126134270857,12.2419716324619,11.3708330068604,13.8495971440986,6.11126634183239,16.5176562898831,27.5051785072057
gene-b3270,198.604665932013,147.385091208075,107.760295990685,24.1823852197474,50.3175847918639,9.6048826169364,6.12098581623097,5.24807677239712,2.96777081659257,3.0556331709162,11.7983259213451,10.647165873757
gene-b3271,409.687111922582,428.995890480647,222.915906412104,91.3556774968237,125.258668524427,64.032550779576,53.3400192557271,60.3528828825669,57.376902454123,42.7788643928267,65.2840700981094,57.6721484828507
gene-b3272,1.03981500487965,1.31593831435781,0.0,0.0,5.35293455232595,1.6008137694894,4.37213272587927,10.4961535447942,3.95702775545676,5.09272195152699,0.0,7.98537440531779
gene-b3273,19.7564850927133,11.8434448292203,16.9035758416761,15.2259462494706,16.0588036569778,8.8044757321917,50.7167396201995,90.9666640548835,38.5810206157034,27.5006985382458,16.5176562898831,25.7306508615795
gene-b3274,1.03981500487965,1.31593831435781,1.05647349010476,0.0,0.0,2.4012206542341,1.74885309035171,15.7442303171914,6.92479857204932,4.07417756122159,2.35966518426901,7.98537440531779
gene-b3275,71217.969499212,110408.540512935,85469.761822965,112758.879704094,151301.765708403,102352.830793613,83844.3892841867,200497.52501266,125845.353706791,76288.9748338744,102185.30080477,77087.2554536467
gene-b3276,262.033381229672,201.338562096745,256.723058095456,279.440895872637,252.658510869785,197.700500531941,553.512003096315,509.938126384587,488.692927798909,810.761334683097,254.05728483963,475.573409027815
gene-b3277,62.388900292779,61.8491007748172,55.9930949755521,59.1124972038271,34.258781134886,46.4235993151926,79.5728156110027,130.327239847862,73.20501347595,107.965705372372,63.7109599752634,71.8683696478601
gene-b3278,22231.2448043269,30633.7280199355,19004.9016134945,29661.9345817628,43723.8400103088,29095.5906673546,28621.729676696,76634.1663894669,48926.6696823451,27118.7443918812,32207.8566551492,34939.5620785566
gene-b3279,1317.44561118252,1127.75913540465,1083.94180084748,917.139350556347,986.010544538439,1117.3680111036,463.446068943202,650.761519777243,674.673232305377,686.498919065839,1083.08631957948,780.792164075517
gene-b3280,190.286145892976,139.489461321928,127.833292302676,114.642418819543,154.164515106987,102.452081247322,183.629574486929,258.030441309525,232.475380633084,173.152546351918,224.168192505556,149.947586055412
gene-b3281,1778.0836583442,1860.73677650195,1478.00641265656,1347.94406502666,1475.26876262103,1180.60015499843,1573.09335477136,1588.4179031122,1721.30707362369,1064.37888786914,1644.6866334355,1617.48194898826
gene-b3282,1221.78263073359,1347.5208339024,1090.28064178811,1015.66017922939,1132.68095127217,921.26832434115,1183.97354216811,1168.57176132043,1295.92658991209,845.391843953481,1333.21082911199,1129.48684644106
gene-b3283,1162.51317545545,1136.97070360515,1033.23107332245,772.94068313489,811.504878132613,766.789795585423,879.673104446909,921.037473555695,934.847807226658,651.868409795455,1275.79230962811,728.443598529545
gene-b3284,1929.89664905663,1938.37713704906,1878.40986540626,1114.18100790244,1275.06901036404,1263.04206412714,1195.34108725539,1301.52303955449,1438.37958910853,967.617170790129,2511.47031112365,1141.90853996044
gene-b4473,124.777800585558,97.3794352624782,97.1955610896377,93.146965290879,94.2116481209366,88.8451642066617,77.823962520651,116.332368454803,103.87197858074,83.5206400050427,105.398378230683,102.035339623505
gene-b3287,1409.9891466168,1356.73240210291,1278.33292302676,1425.86508406807,1519.1628259501,1242.23148512377,1695.51307109598,1465.96277842293,1478.93912360196,1590.96633765703,1694.23960230515,1653.85976572359
gene-b3288,2620.33381229672,2600.29410917104,2378.12182622581,2772.01786130068,3114.33732254324,2361.20030999687,3853.59778458999,3259.05567565861,3446.57117500283,3582.22062070409,3622.87261291436,3904.8480842004
gene-b3289,1801.99940345643,2018.64937422489,1733.67299726191,1910.40843236005,2205.40903555829,1387.90553814731,2420.41267704676,1867.44065151131,2134.81647406892,2140.98030842195,2085.15746783239,2514.50567385229
gene-b3290,1191.62799559208,1104.0722457462,1114.57953206052,1171.50221731221,1206.55144809427,962.889482347874,1736.61111871925,1563.92687817434,1608.53178259317,1469.75955521069,1198.70991360866,1565.13338344229
gene-b3291,545.902877561816,476.369669797528,513.446116190912,454.987099690063,478.55234897794,508.258371812885,498.423130750237,545.799984329301,467.918532082761,728.25923906836,569.465864470255,450.730021989048
gene-b4550,69.6676053269365,50.0056559455969,75.0096177974378,92.2513213938513,73.870496822098,106.454115671045,38.4747679877376,73.4730748135597,60.3446732707155,99.817350249929,73.1496207123394,85.1773269900564
gene-b3292,241.237081132079,202.654500411103,240.875955743885,291.979910431025,256.940858511645,308.15665062671,132.038408321554,168.813136178774,197.851387772838,246.487742453906,166.749673021677,220.041428057646
gene-b3293,89.4240904196498,44.7419026881656,62.3319359161807,72.5471556592423,56.741106254655,83.2423160134488,60.3354316171339,71.7237158894274,67.2694718427648,88.6133619565697,47.1933036853803,47.9122464319067
gene-b3294,13183.8144468691,11497.3530525442,12156.8404506354,11673.8225538588,14473.2644425789,9542.45087992632,23635.7495161033,23812.2736752899,21527.2202466236,28531.4654612348,19635.5605533639,17285.6737960446
gene-b3295,103683.073581564,128997.485141553,116739.264183086,112199.997912349,133697.034552714,91941.1380368542,195434.332846803,146971.515331519,154986.884611852,188893.131359697,144588.484166084,172649.118225907
gene-b3296,70057.5359537664,79089.2086312189,72854.4118776241,64939.5563978892,71440.2645353421,56116.5266894509,129474.589691098,106026.020353277,99836.7995271128,123466.93244843,92660.9055659985,100219.997842029
gene-b3297,62863.0559350041,64499.4005399338,62874.9632900945,59412.5379093313,55240.1434061828,45459.90942596,77313.2974182683,65081.4000544967,64360.0671855653,75322.3762074745,60495.5228841661,70262.4221285684
gene-b3298,40320.9064442182,53348.1392640657,46559.8431824068,41088.559420042,39159.9280109957,34713.6465913776,68653.8513413918,49924.0796563518,54247.8827564955,65434.3472663897,52493.1116892485,67267.9067265742
gene-b3299,9518.46655466831,11139.4178310389,9440.64710757611,9862.83059406884,12092.2791537043,7512.61902021376,20098.694140867,16377.4982477273,16178.3079781849,20768.1201183271,16721.3740507917,16686.7707156457
gene-b3300,68472.8578863298,77421.9147869276,69309.9433183226,72217.5587051361,76066.2705754621,59706.3515675309,130766.117698323,102100.458927524,103107.282966998,131422.782681106,111155.174725238,108995.037049651
gene-b3301,33850.1376688521,39576.8448043112,35179.5107469983,39593.7297559028,39587.0921882713,32077.1063130286,70595.9526982274,58885.1707452199,57571.7860710792,70019.8341115446,60885.6541946319,57592.2947387975
gene-b3302,1521.24935213893,1246.19358369685,1354.3990143143,1260.17096311795,1645.492081385,1168.59405172726,2994.9109172273,3054.38068153513,2487.98120124343,3169.7101426304,2667.20821328541,2071.76102626856
gene-b3303,31718.5169088488,35747.46430953,32622.8449009448,36767.9732607804,36292.8962647699,29613.4539217844,66953.9661375699,56017.9714685669,57112.7708514462,63047.8977599042,52817.1723745548,50556.2926238897
gene-b3304,26693.0909902655,34528.9054304347,31706.882385024,31999.5651530051,37142.9422716793,25425.7251008001,51282.4935949283,35302.0630889913,36781.5622439094,41845.877731307,35534.1980099071,44232.7633587008
gene-b3305,51983.4715389483,57676.2603799886,54821.465875026,55207.4898127864,72342.7693008642,44934.8425095675,87924.4635439773,71739.4601197445,69985.9713968859,78133.5587247174,61709.9638990032,80611.4673578602
gene-b3306,29799.018409841,36725.2064770978,32788.7112388912,34579.9152203418,37796.000287063,27232.2434396689,56084.8441810341,47029.7653163748,47170.7386158611,50804.9941884333,37828.579124078,50369.967221099
gene-b3307,19387.3507659811,17519.0867790456,18489.3425503234,18724.3313112607,22262.8548031236,15575.9179771319,36439.1029905682,31598.6702466031,31937.1710142915,34469.5792567153,25133.5804327107,29838.6823612041
gene-b3308,39891.4628472029,38174.0545612058,37224.8434238411,40034.3865532404,47314.588508009,30797.2557043218,71812.280022567,66094.2788715694,60207.1665562134,70420.1220569346,48806.5281163589,53829.4088662472
gene-b3309,48744.4477987482,60329.1920217339,58076.4606980387,58225.8097457697,64998.543095073,46711.7457937007,90455.0539657162,63187.7190191234,73946.9561800981,82492.9287152245,64827.868162484,89139.8472227396
gene-b3310,71566.3075258467,83165.9855290994,79822.911018355,73832.404651477,86073.0464275803,62468.5557267849,103398.315687409,81678.4428472026,69935.5192930038,93310.8886846582,76449.2191950089,105047.600301955
gene-b3311,31715.3974638342,36146.1936187804,33394.0705487213,27733.6132714622,41608.3602752296,24895.8557430992,44965.6362325779,43150.5619021112,39398.1468472052,46744.0577042857,43564.1386319745,39829.2730060795
gene-b3312,3350.28394572223,2754.2588919509,2595.75536518739,2725.44437865524,4726.64120970381,2298.76857298678,5832.42505632294,7637.70106276195,6216.49060382256,7549.45102094361,5556.22495389211,4586.26670012085
gene-b3313,18185.3246203402,16794.0047678344,15821.7469878088,15054.8782651383,21129.103264941,13765.3976038394,35854.9860583907,40233.5058961205,33961.1907112076,39797.5849624028,33113.1815308471,30455.3307180592
gene-b3314,43680.5487249843,58148.682234843,48813.3011368002,43210.3398121006,56325.7185333945,36107.9553846029,76869.9631598641,60652.0232585936,63161.0877756619,69697.9740842081,65294.2953139079,68248.3332507827
gene-b3315,41471.9816546199,48955.5371707394,40331.9319582392,36887.9895429821,46555.5423884892,32175.5563598522,63863.7427269185,51012.1809071621,53997.6007509629,57311.4557537042,52213.8846424433,57952.5238508596
gene-b3316,15128.268505994,18513.9361447001,15587.2098730056,15388.9534387296,17767.4603660803,11212.0996415038,21889.5197053871,19319.0452786559,18153.8540850967,19797.447314366,19061.3753585251,20166.6194287187
gene-b3317,46124.1139864515,47430.3646643987,42561.0910223602,38763.4678633581,47447.3412849067,33104.8287530408,73076.7008068913,61866.0783519414,61429.8881326495,68360.6252997371,59259.0583276092,54065.4210431155
gene-b3318,20168.2518346457,22215.6706229886,18397.4293566842,18167.2408073095,21297.185409884,14188.8128458693,26427.7934748498,25008.8351793964,25650.4431678096,26687.9001147821,23073.5927268438,23772.4596046311
gene-b3319,38923.3950776599,39010.9913291374,35031.6044583836,31856.2621294806,40142.7267948027,27408.3329543128,60161.4207346439,52878.7468792114,48680.3447045679,55509.6507272539,43531.1033193948,44427.9613997197
gene-b3320,78039.1559312226,92107.7863751608,78915.400290355,72552.5295226245,91017.0167801085,58629.8043075493,120272.999156213,91584.1877551022,94848.9660413596,101737.306425655,80750.1022708699,101243.013029733
gene-b3321,31422.1696324581,28763.7796752331,26581.9294845258,24205.6719610702,32705.3595278011,20805.7765620537,44922.7893318643,37208.8643162956,37987.4664523849,43393.0466601809,33046.3243506261,37895.9251361698
gene-b3322,58.2296402732604,57.9012858317438,63.3884094062854,68.9645800711316,55.6705193441898,56.8288888168737,34.9770618070341,45.4833320274417,48.4735900043453,59.0755746377131,40.9008631939962,49.6867740775329
gene-b3323,20.796300097593,7.89562988614688,24.2988902724094,23.2867413227198,21.4117382093038,21.6109858881069,13.9908247228137,23.6163454757871,14.8388540829628,21.3894321964134,35.3949777640352,29.2797061528319
gene-b3324,53.0305652488621,36.8462728020188,44.3718865843998,21.4954535286644,28.9058465825601,36.8187166982562,14.8652512679895,15.7442303171914,23.7421665327405,20.370887806108,20.4504315969981,24.8433870387664
gene-b3325,71.7472353366958,52.6375325743125,42.2589396041903,33.1388241900243,31.0470204034905,43.2219717762138,47.2190334394961,46.3580114895079,42.5380483711601,53.9828526861861,40.9008631939962,23.0688593931403
gene-b3326,49.9111202342232,46.0578410025235,48.5977805448188,17.017234043526,36.3999549558164,29.6150547355539,40.2236210780893,38.4858963309122,38.5810206157034,28.5192429285512,29.1025372726512,39.0396082037758
gene-b3327,20.796300097593,27.6347046015141,27.4683107427237,26.8693169108305,17.129390567443,11.2056963864258,15.7396778131654,18.3682687033899,12.8603402052345,12.2225326836648,22.0235417198441,12.4216935193832
gene-b3328,12.4777800585558,2.63187662871563,11.6212083911523,9.85208286730451,8.56469528372151,8.8044757321917,6.12098581623097,7.87211515859569,8.9033124497777,5.09272195152699,6.29244049138404,2.66179146843926
gene-b3329,1.03981500487965,2.63187662871563,1.05647349010476,1.79128779405537,2.14117382093038,0.0,0.874426545175853,1.74935892413237,3.95702775545676,1.0185443903054,4.71933036853803,1.77452764562617
gene-b3330,7.27870503415754,6.57969157178906,3.16942047031427,1.79128779405537,0.0,5.6028481932129,3.49770618070341,6.9974356965295,1.97851387772838,5.09272195152699,3.14622024569202,3.54905529125235
gene-b3331,8.31852003903719,7.89562988614688,6.33884094062854,1.79128779405537,6.42352146279113,6.4032550779576,1.74885309035171,7.87211515859569,4.94628469432094,2.0370887806108,3.93277530711502,4.43631911406544
gene-b3332,17.676855082954,17.1071980866516,19.0165228218856,10.7477267643322,20.3411512988386,18.4093583491281,21.8606636293963,13.994871393059,9.89256938864189,9.16689951274859,23.5966518426901,18.6325402790748
gene-b3333,37.4333401756674,27.6347046015141,50.7107275250283,31.3475363959689,27.8352596720949,28.8146478508092,45.4701803491444,44.6086525653756,42.5380483711601,30.556331709162,41.6874182554192,25.7306508615795
gene-b3334,27.0351901268709,15.7912597722938,29.5812577229332,24.1823852197474,16.0588036569778,35.2179029287668,21.8606636293963,20.1176276275223,35.6132497991108,11.2039882933594,29.1025372726512,31.0542337984581
gene-b3335,4.1592600195186,5.26375325743125,11.6212083911523,10.7477267643322,12.8470429255823,8.004068847447,10.4931185421102,6.12275623446331,8.9033124497777,10.185443903054,18.8773214741521,10.647165873757
gene-b3336,876.564049113544,898.785868706386,1054.36054312455,757.71473688542,732.281446758189,840.427228981935,291.184039543559,361.242617833335,431.316025344786,228.153943428409,541.93643732045,302.556963579263
gene-b3337,22.8759301073523,22.3709513440828,17.9600493317809,24.1823852197474,11.7764560151171,26.4134271965751,22.7350901745722,58.6035239584346,52.430617759802,15.278165854581,50.3395239310723,7.0981105825047
gene-b3338,244.356526146718,246.080464784911,297.925524209542,288.397334842914,269.787901437228,306.55583685722,382.124400241848,355.994541060938,302.712623292442,291.303695627344,350.017002333237,310.542337984581
gene-b3339,96202.6444364603,96138.5054320387,97988.9726807063,84327.5598368474,102389.86152998,78015.6590560659,146187.504249044,139899.731880714,134062.121840997,124679.000272894,120863.623848382,103467.383433525
gene-b3340,169830.905116983,197313.106793125,175567.934006079,160329.214006926,190136.235298618,135056.655697397,320571.766873829,283779.25531383,280102.166697762,246291.163386577,249316.717484434,225577.954311999
gene-b3341,26451.8539091334,31027.1935759285,29863.3361447912,29049.3141561959,29510.7281869729,25781.9061645115,51055.1426931826,42835.6772957674,45447.4530283597,45075.6819929654,36737.6272538843,41857.5581050302
gene-b3342,33053.6393751143,41045.4319631345,37138.2125976525,37453.1408420066,47266.4120970381,33228.0914132915,59903.464903817,43633.3849651718,49600.3536577116,51091.2051621091,42429.9262334026,52463.9098429379
gene-b3343,231.878746088162,140.805399636286,144.736868144352,148.676886906595,176.646840226756,168.085445796387,243.965006104063,281.646786785312,248.303491654911,153.800202936115,167.5362280831,182.776347499496
gene-b3344,274.511161288227,194.758870524956,225.028853392313,181.81571109662,259.082032332576,210.507010687856,310.421423537428,316.63396526796,277.981199820837,204.727422451385,212.369866584211,229.80133010859
gene-b3345,575.017697698446,556.641906973355,536.688532973217,458.569675278174,463.564132231427,461.034365612947,564.005121638426,489.820498757065,542.112802497575,392.139590267578,478.225477345187,418.788524367777
gene-b3346,2363.49950609144,2904.27585978769,2575.6823688754,2098.49365073586,2738.56131696995,1896.16390996019,1854.65870231799,1667.13905469815,1759.88809423939,1466.70392203977,1855.48338989687,1741.69888418209
gene-b3347,3871.23126316693,2822.68768429751,2648.57903969263,2803.36539769665,3766.32475101654,2534.08819710172,3666.47050392235,4613.93416239914,4305.24619793695,4682.24856223392,4469.20585900551,3610.27649502645
gene-b3348,27.0351901268709,15.7912597722938,25.3553637625142,52.8429899246333,25.6940858511645,46.4235993151926,76.0751094302993,90.0919845928173,54.4091316375304,85.5577287856535,49.5529688696493,71.8683696478601
gene-b3349,10231.7796480157,8231.19415630812,8952.55635514771,8047.36041479373,10683.3867795321,6659.38528107591,11827.4934500486,12345.2259276022,10989.6553338423,13913.3163715717,10553.9958141739,10590.380989097
gene-b4551,120.618540566039,142.121337950644,151.07570908498,104.790335952239,96.352821941867,68.0345852032995,64.7075643430132,62.1022418066993,64.3017010261723,67.2239297601563,113.263928844913,78.9664802303648
gene-b3350,381.612106790831,292.138305787434,283.134895348075,251.675935064779,231.246772660481,243.323692962389,217.732209748788,290.393581405974,243.35720696059,205.74596684169,283.159822112282,215.60510894358
gene-b3351,245.396341151597,218.445760183397,201.786436610009,175.546203817426,251.587923959319,167.285038911642,183.629574486929,185.432045958032,162.238137973727,167.041280010085,121.916034520566,156.158432815103
gene-b3352,1853.99015370041,2006.80592939566,1787.55314525725,1892.49555441949,2103.7032790641,1632.83004487919,2685.36392023505,2050.24865908314,2297.05461204265,1827.26863620788,1831.88673805418,2202.18880822208
gene-b3353,285.949126341904,296.086120730508,288.417262798599,274.067032490471,319.034899318626,275.339968352177,445.957538039685,436.465051571027,439.2300808557,368.713069290554,348.443892210391,332.723933554908
gene-b3354,112.300020527002,106.591003462983,116.212083911523,92.2513213938513,87.7881266581455,100.851267477832,157.396778131654,112.833650606538,120.689346541431,106.947160982067,101.465602923568,107.358922560384
gene-b3355,730.989948430393,859.307719275652,724.740814211863,592.916259832326,632.716864084927,549.079122934864,438.962125678278,377.861527612593,430.326768405922,377.879968803303,649.694480735402,511.063961940338
gene-b3356,827.692743884201,722.450134582439,697.27250346914,527.534255349305,674.469753593069,413.81035941301,419.72474168441,491.569857681197,497.596240248687,587.700113206215,1045.33167663117,500.416796066581
gene-b3357,9929.19348159577,10619.6221968676,10655.5916211966,7737.46762642215,7909.49609451682,7821.57607772521,11601.016974848,12563.0211136566,13195.6983075094,8164.65183268807,14623.6317019765,8702.28357415076
gene-b3358,2534.02916689171,2925.33087281742,2385.51714065654,1521.69898105003,2129.39736491526,1583.20481802502,2788.5462525658,2661.64960306741,2854.00626862318,1259.93941080778,3114.7580432351,1311.37593011774
gene-b3359,336.900061581006,271.08329275771,329.619728912684,377.961724545682,448.575915484914,384.195304677456,614.721861258625,362.991976757468,374.928379829528,690.57309662706,206.077426092827,461.377187862805
gene-b3360,206.92318597105,219.761698497755,225.028853392313,241.823852197474,202.340926077921,220.111893304793,285.063053727328,264.153197543989,234.453894510813,311.674583433452,145.512686363256,246.659342742038
gene-b3361,143.494470673392,134.225708064497,153.18865606519,155.842038082817,148.811580554661,144.873646138791,52.4655927105512,46.3580114895079,53.4198746986662,88.6133619565697,99.8924928007216,117.118824611328
gene-b3362,48.8713052293435,39.4781494307344,16.9035758416761,51.9473460276056,58.8822800755854,39.2199373524903,34.1026352618583,62.1022418066993,39.5702775545676,55.0013970764915,54.2722992381873,48.7995102547198
gene-b3363,2524.67083184779,2596.34629422796,2374.95240575549,2418.23852197474,2867.03174622578,2234.7360222072,2290.99754836074,1939.16436740074,2155.59086978507,1959.67940694759,1924.70023530209,2439.08824891318
gene-b3364,239.157451122319,250.028279727984,400.403452749703,457.674031381146,548.140498158177,372.98960829103,703.038942321386,188.930763806296,164.216651851455,812.798423463708,140.793355994718,1001.72085595598
gene-b3365,122.698170575799,138.17352300757,200.729963119904,154.946394185789,154.164515106987,171.287073335366,79.5728156110027,36.7365374067799,48.4735900043453,105.928616591761,58.9916296067253,124.216935193832
gene-b3366,19.7564850927133,18.4231364010094,25.3553637625142,14.3303023524429,12.8470429255823,19.2097652338728,17.4885309035171,5.24807677239712,10.8818263275061,11.2039882933594,13.3714360441911,21.2943317475141
gene-b3367,15.5972250731947,9.21156820050469,26.4118372526189,23.2867413227198,21.4117382093038,26.4134271965751,20.1118105390446,13.994871393059,12.8603402052345,17.3152546351918,14.1579911056141,11.5344296965701
gene-b3368,842.250153952516,823.777384787991,865.251788395796,833.844468132773,824.351921058196,805.209326053168,995.971834955297,915.789396783298,979.364369475547,837.243488831038,956.450954690374,899.685516332471
gene-b3369,12.4777800585558,6.57969157178906,10.5647349010476,17.017234043526,7.49410837325632,10.4052895016811,17.4885309035171,22.7416660137209,33.6347359213824,34.6305092703835,22.0235417198441,43.4759273178413
gene-b3370,8.31852003903719,7.89562988614688,8.45178792083806,5.3738633821661,3.21176073139557,11.2056963864258,4.37213272587927,18.3682687033899,16.8173679606912,2.0370887806108,22.0235417198441,3.54905529125235
gene-b3371,44.7120452098249,26.3187662871563,19.0165228218856,24.1823852197474,25.6940858511645,28.8146478508092,32.3537821715066,34.1124990205813,35.6132497991108,28.5192429285512,40.1143081325732,28.3924423300188
gene-b4474,23.9157451122319,18.4231364010094,13.7341553713618,21.4954535286644,35.3293680453512,20.8105790033622,15.7396778131654,38.4858963309122,30.6669651047899,20.370887806108,29.1025372726512,30.166969975645
gene-b3374,49.9111202342232,43.4259643738078,57.0495684656569,43.8865509543565,54.5999324337246,45.6231924304479,44.5957538039685,64.7262801928979,64.3017010261723,44.8159531734375,73.9361757737624,55.8976208372245
gene-b3375,296.3472763907,303.981750616655,326.45030844237,299.145061607246,247.305576317459,283.344037199624,327.909954440945,330.628836661019,345.250671663602,304.544772701314,419.233847738461,290.13527005988
gene-b3376,45.7518602147046,39.4781494307344,43.315413094295,31.3475363959689,27.8352596720949,36.0183098135115,39.3491945329134,55.979485572236,55.3983885763946,23.4265209770242,36.9680878868812,41.7013996722151
gene-b3377,42.6324152000656,50.0056559455969,58.1060419557616,20.5998096316367,29.9764334930253,35.2179029287668,42.8469007136168,55.979485572236,40.5595344934317,19.3523434158026,30.6756473954972,28.3924423300188
gene-b3378,14.5574100683151,32.8984578589453,35.9200986635617,15.2259462494706,11.7764560151171,7.2036619627023,17.4885309035171,27.989742786118,19.7851387772838,9.16689951274859,27.5294271498052,11.5344296965701
gene-b3379,16.6370400780744,25.0028279727984,51.7672010151331,10.7477267643322,9.6352821941867,13.6069170406599,19.2373839938688,27.989742786118,21.7636526550122,3.0556331709162,22.8100967812671,16.8580126334487
gene-b3380,25.9953751219912,40.7940877450922,55.9930949755521,21.4954535286644,11.7764560151171,18.4093583491281,33.2282087166824,30.6137811723166,19.7851387772838,11.2039882933594,22.0235417198441,7.98537440531779
gene-b3381,25.9953751219912,27.6347046015141,30.637731213038,20.5998096316367,14.9882167465126,11.2056963864258,34.1026352618583,41.984614179177,27.6991942881973,10.185443903054,20.4504315969981,16.8580126334487
gene-b3382,35.3537101659081,63.165039089175,90.8567201490091,25.0780291167751,14.9882167465126,26.4134271965751,80.4472421561785,62.1022418066993,45.5058191877527,21.3894321964134,63.7109599752634,31.0542337984581
gene-b3383,213.162076000328,480.317484740602,609.585203790445,169.276696538232,156.305688927918,184.893990376026,534.274619102447,465.329473819212,322.497762069726,148.707480984588,320.914465060586,251.982925678917
gene-b3384,3529.13212656153,3692.52291008802,4151.9408161117,3631.83600244725,4179.5712984561,3647.4541737816,4712.28465195267,3778.61527612593,4152.90062935187,4361.40707928772,3666.13314129262,3917.26977771978
gene-b3385,1283.13171602149,1147.49821012001,1318.47891565074,1392.72625987805,1676.53910178849,1207.01358219501,1332.626054848,1147.57945423084,1187.10832663703,1465.68537764947,1001.28459319148,1128.59958261825
gene-b3386,1465.09934187543,1568.59847071451,1616.40443986028,1667.68893626555,1604.80977878732,1567.99708721487,1631.67993329814,1487.82976497458,1530.3804844229,1870.04750060071,1400.06800933295,1627.2418510392
gene-b3387,1205.14559065551,1313.3064377291,1147.33021025377,1145.52854429841,1359.64537629079,1104.56150094769,1775.08588670698,1288.40284762349,1585.77887299929,1655.13463424627,1226.23934075846,1682.25220805361
gene-b3388,6347.03078978538,6195.43758399658,6512.10259300572,5867.36316942835,7479.12015650981,5557.22500078245,9386.09453591761,7140.88312830835,7004.92838409732,7500.56089020895,5940.06382386653,7577.23304682377
gene-b3389,5243.78706960807,5133.47536430983,5104.87990418619,5120.39615930726,5430.01680987944,4683.98108952599,8156.65081340036,6710.54083297179,6708.15130243806,6996.38141700778,4510.10672219951,6180.67978971597
gene-b3390,4526.31471624111,4195.21134617271,4479.44759804417,4156.68332610548,4967.52326455848,4014.04052699467,7515.69615578646,5804.37291027122,6026.55327156064,6212.10223647263,3917.04420588656,6181.56705353878
gene-b3391,16.6370400780744,11.8434448292203,11.6212083911523,19.704165734609,12.8470429255823,17.6089514643834,11.3675450872861,20.9923070895885,21.7636526550122,11.2039882933594,17.3042113513061,7.98537440531779
gene-b3392,0.0,0.0,1.05647349010476,0.0,0.0,0.8004068847447,2.62327963552756,1.74935892413237,4.94628469432094,2.0370887806108,0.786555061423005,1.77452764562617
gene-b3393,8.31852003903719,6.57969157178906,11.6212083911523,8.06079507324915,11.7764560151171,6.4032550779576,3.49770618070341,4.37339731033094,5.93554163318513,2.0370887806108,7.86555061423005,3.54905529125235
gene-b3394,3.11944501463895,5.26375325743125,9.50826141094281,5.3738633821661,4.28234764186076,7.2036619627023,13.1163981776378,11.3708330068604,12.8603402052345,9.16689951274859,12.5848809827681,5.32358293687852
gene-b3395,28.0750051317505,30.2665812302297,25.3553637625142,38.5126875721904,29.9764334930253,29.6150547355539,33.2282087166824,34.1124990205813,29.6777081659257,32.5934204897728,45.6201935625343,24.8433870387664
gene-b3396,1192.66781059696,1209.34731089483,1165.29025958555,1565.58553200439,1524.51576050243,1369.49617979818,2313.73263853531,1966.27943072479,1859.80304506467,1988.19864987614,1051.62411712256,2297.12603726308
gene-b3397,645.725118030262,502.688436084685,489.147225918503,545.447133289859,584.540453113993,550.679936704354,689.048117598573,851.0631165904,695.447628021525,693.628729797976,429.459063536961,613.099301563843
gene-b3398,1361.11784138746,1834.41801021479,1682.96226973688,947.591243055289,1038.46930315123,1143.78143830018,1835.42131832412,1996.01853243504,2037.86929406023,886.133619565697,1246.68977235546,951.14681805563
gene-b3399,1217.62337071407,1300.14705458552,1151.55610421419,1176.87608069438,1614.44506098151,1751.2902638214,1617.68910857533,1576.17239064327,1808.36168424374,1221.23472397617,975.328276164526,1495.92680526287
gene-b3400,401.368591883545,314.509257131517,371.878668516875,386.918163515959,467.846479873288,891.653269605596,805.346848106961,1155.45156938943,1326.59355501688,561.217959058275,435.751504028345,640.604480071049
gene-b3401,1472.37804690958,1071.17378788726,1435.74747305236,1465.27341553729,1706.51553528151,3328.09182676846,3087.60013101594,3868.70726071875,4522.88272448707,1860.88060108796,1756.37745215757,2214.61050174147
gene-b3402,311.944501463895,335.564270161242,337.015043343418,229.284837639087,296.552574198857,328.166822745327,405.733916961596,442.587807805491,440.219337794564,328.989838068644,445.190164765421,365.552694998992
gene-b3403,18352.7348361258,20266.7659794247,17946.3151764095,9996.28153472597,11805.3618616996,9941.85391541392,19079.1127891919,23534.1256063528,24517.7439728101,14109.8954389007,25094.2526796395,12553.0085651596
gene-b3404,534.46491250814,594.804118089731,589.512207478454,489.021567777115,574.905170919807,473.840875768863,849.94260191093,962.147408272806,844.825425790017,811.779879073403,788.914726607274,692.953045617021
gene-b3405,1355.91876636306,1456.7437139941,1583.65376166703,1247.63194855956,1335.02187735009,1255.03799527969,1575.71663440689,1627.77847890517,1607.54252565431,1573.65108302184,1702.10515291938,1535.85367728945
gene-b3406,160.131510751466,126.33007817835,142.623921164142,163.902833156066,111.34103868838,147.274866793025,193.248266483864,204.674994123488,227.529095938763,194.541978548331,234.393408304055,141.962211650094
gene-b3407,3276.45708037577,3213.52136366178,3492.70135828633,2806.94797328476,3282.41946748627,3200.02672520931,4558.38558000172,4257.9396213382,4675.22829307216,2492.37812307731,2985.76301316173,3079.69272898423
gene-b3408,165.330585775864,164.492289294727,180.656966807913,303.623281092385,231.246772660481,326.566008975838,324.412248260242,285.145504633577,314.583706558812,188.430712206499,927.348417417722,251.982925678917
gene-b3409,666.521418127855,597.435994718447,653.957090374845,1123.13744687271,956.034111045414,1191.80585138486,1321.25850976071,1119.58971144472,1220.74306255841,703.81417370103,3605.56840156305,902.34730780091
gene-b3410,107.100945502604,89.4838053763313,125.720345322466,157.633325876872,150.952754375592,176.089514643834,226.476475200546,202.925635199355,191.915846139653,136.484948300923,488.450693143686,204.07067924701
gene-b3411,31.1944501463895,48.6897176312391,39.089519133876,42.9909070573288,35.3293680453512,32.8166822745327,27.9816494456273,32.3631400964489,27.6991942881973,34.6305092703835,47.1933036853803,29.2797061528319
gene-b3412,290.108386361422,314.509257131517,297.925524209542,306.310212783468,320.105486229092,239.321658538665,402.236210780893,395.355116853917,400.649060239997,408.436300512465,387.771645281541,367.327222644618
gene-b3413,550.062137581334,514.531880913905,695.15955648893,454.091455793035,433.587698738402,681.946665802485,590.237917993701,614.89966183253,567.833482908044,327.971293678338,430.245618598384,406.366830848394
gene-b3414,3719.41827245451,3041.13344448091,3310.98791798831,2486.30745814885,2717.14957876065,4110.88976004878,4214.73594774761,5174.60369758356,5096.6517490283,3205.35919629109,1860.98927532683,3179.06627713929
gene-b3415,1000.30203469422,1581.75785385809,1433.63452607216,548.134064980942,609.163952054693,831.622753249743,1259.17422505323,1193.93746572035,1548.18710932246,309.637494652841,1961.66832318897,559.863472195058
gene-b3416,18079.2634898425,4143.88975191275,1957.64537716411,12616.0399335319,16215.1093459058,9631.29604413298,3842.2302395027,25241.499916306,28463.8899019393,28379.7023470793,19156.5485209573,28737.5879570931
gene-b3417,57967.6068920307,17842.8076043776,7863.33218684971,36321.0469561636,52486.5938724664,32402.071508235,12814.7210195521,66799.2705179947,77654.6911869611,68090.7110363062,59896.1679273618,74547.9063927556
gene-b3418,7352.531899504,19179.8009317651,22012.6816398227,1809.20067199592,2530.86745633971,2492.467039095,22071.4004267837,13910.9021647006,10712.6633909603,1807.91629279208,15959.9887513342,2062.00112421762
gene-b4475,40.5527851903063,40.7940877450922,36.9765721536665,33.1388241900243,42.8234764186076,38.4195304677456,34.9770618070341,48.1073704136403,33.6347359213824,34.6305092703835,36.1815328254582,29.2797061528319
gene-b3421,179.887995844179,119.750386606561,108.81676948079,61.7994288949101,62.094040806981,92.8471986303852,83.9449483368819,87.4679462066187,92.9901522532338,64.1682965892401,54.2722992381873,75.4174249391124
gene-b3422,28.0750051317505,35.530334487661,45.4283600745046,29.5562486019135,39.611715687212,45.6231924304479,29.730502535979,43.7339731033094,43.5273053100243,31.5748760994674,42.4739733168422,31.0542337984581
gene-b3424,1385.03358649969,1275.14422661272,1205.43625220953,1370.33516245236,1700.09201381872,1259.84043658816,1480.40414098272,1398.61245984383,1441.34735992512,1372.99783813168,829.029034739847,1420.50938032375
gene-b3425,840.170523942757,729.029826154228,793.411591068673,781.897122105167,952.822350314018,790.802002127764,484.432306027423,598.280752053272,555.962399641674,595.848468328658,292.598482849358,618.422884500722
gene-b3426,54234.6710245127,60384.461430937,56311.0934960737,43653.6835411293,52605.429019528,38298.6690281492,502.795263476116,2756.98966443262,4090.57744220342,4274.83080611176,2035.60449896274,3380.47516491786
gene-b3427,30.1546351415098,21.055013029725,32.7506781932475,20.5998096316367,16.0588036569778,16.008137694894,14.8652512679895,10.4961535447942,12.8603402052345,17.3152546351918,13.3714360441911,20.407067924701
gene-b3428,4064.63685407455,3813.58923500894,4201.59507014662,2191.64061602674,3038.32565190021,2781.41392448783,1620.31238821086,1959.28199502826,2114.04207835277,1362.81239422862,1769.74888820176,1549.16263463165
gene-b3429,2997.78665906803,2849.00645058466,3256.05129650286,1835.17434500972,2201.12668791643,2261.14944940378,997.720688045649,1258.66374591324,1415.62667951465,776.130825412714,1220.7334553285,1106.41798704792
gene-b3430,2715.99679274564,2437.11775819067,2718.30629003954,1521.69898105003,1897.08000534431,1821.72606967894,1074.67022402112,1295.40028332002,1473.99283890764,802.612979560654,1333.99738417342,1099.31987646542
gene-b3431,1922.61794402247,1647.55476957598,1763.25425498484,1042.52949614022,1354.29244173846,1256.63880904918,735.392724492893,1106.46951951373,1109.94628540562,766.963925899965,877.795448548073,912.107209851854
gene-b3432,5518.2982308963,5271.6488873174,5204.18841225603,3218.04852202047,3794.16001068863,3912.38885263209,1951.7200488325,2437.73166077846,2919.29722658822,1813.00901474361,2926.771383555,2390.28873865846
gene-b4788,3.11944501463895,0.0,3.16942047031427,0.0,2.14117382093038,2.4012206542341,0.874426545175853,0.874679462066187,1.97851387772838,0.0,3.93277530711502,0.887263822813087
gene-b4789,17.676855082954,18.4231364010094,7.3953144307333,5.3738633821661,8.56469528372151,8.004068847447,2.62327963552756,0.874679462066187,4.94628469432094,0.0,5.50588542996103,0.0
gene-b3433,14995.1721853694,16150.5109321134,14028.9114751011,8411.887480884,9806.57609986113,8463.50239929046,4669.43775123906,5054.7726112805,5605.12981560449,4917.53231639446,8612.7779225819,5753.90589094287
gene-b3434,131.016690614836,148.701029522433,142.623921164142,205.998096316367,202.340926077921,170.486666450621,304.300437721197,216.920506592414,252.260519410368,389.083957096662,174.615223635907,306.106018870515
gene-b4476,122.698170575799,156.59665940858,132.059186263095,94.9382530849344,116.693973240706,114.458184518492,172.262029399643,183.682687033899,181.034019812147,64.1682965892401,290.238817665089,96.7117566866265
gene-b3437,170.529660800262,239.500773213122,252.497164135037,161.215901464983,153.093928196522,208.906196918367,238.718446833008,160.941021020178,213.679498794665,118.151149275426,447.54982994969,142.849475472907
gene-b3438,1099.08446015779,1048.80283654318,1071.26411896622,1012.07760364128,1083.43395339077,960.48826169364,1408.7011642783,1352.25444835433,1318.67949950596,1403.55416984084,1508.61260780932,1140.13401231482
gene-b3439,201.724110946652,200.022623782388,153.18865606519,177.337491611481,164.870384211639,181.692362837047,117.173157053564,132.95127823406,128.603402052345,165.004191229475,267.428720883822,160.594751929169
gene-b3440,1239.45948581654,1218.55887909533,1228.67866899183,852.652989970354,989.222305269835,825.219498171786,573.62381363536,582.536521736081,631.145926995353,582.607391254688,1370.17891699887,743.527083517367
gene-b4451,7.27870503415754,2.63187662871563,7.3953144307333,10.7477267643322,5.35293455232595,12.0061032711705,15.7396778131654,21.8669865516547,14.8388540829628,7.12981073213779,19.6638765355751,14.1962211650094
gene-b3441,160.131510751466,186.863240638809,152.132182575085,91.3556774968237,117.764560151171,112.857370749003,64.7075643430132,83.969228358354,87.0546106200486,76.3908292729049,261.136280392438,92.2754375725611
gene-b3442,8.31852003903719,10.5275065148625,14.7906288614666,13.4346584554152,7.49410837325632,14.4073239254046,4.37213272587927,7.87211515859569,11.8710832663703,3.0556331709162,10.2252157984991,2.66179146843926
gene-b3444,175.728735824661,247.396403099269,190.165228218856,146.88559911254,132.752776897683,113.657777633747,53.3400192557271,46.3580114895079,40.5595344934317,50.9272195152699,60.5647397295714,46.1377187862805
gene-b3445,51.9907502439825,64.4809774035328,48.5977805448188,34.9301119840796,42.8234764186076,28.8146478508092,19.2373839938688,11.3708330068604,18.7958818384196,16.2967102448864,13.3714360441911,17.7452764562617
gene-b4612,0.0,0.0,1.05647349010476,1.79128779405537,2.14117382093038,1.6008137694894,0.0,0.0,0.0,0.0,0.786555061423005,0.0
gene-b3446,65.5083453074179,50.0056559455969,33.8071516833522,8.06079507324915,13.9176298360475,13.6069170406599,7.86983890658268,8.74679462066187,3.95702775545676,11.2039882933594,9.43866073707606,11.5344296965701
gene-b3447,694.596423259606,706.658874810146,670.860666216521,436.178577852482,641.281559368648,361.783911904605,101.433479240399,107.585573834141,116.732318785974,117.132604885121,81.0151713265695,176.565500739804
gene-b3448,79.0259403708533,69.7447306609641,111.986189951104,62.6950727919378,79.223431374424,85.6435366676829,37.6003414425617,42.8592936412432,52.430617759802,62.1312078086293,118.769814274874,64.7702590653554
gene-b3449,602.052887825317,681.656046837347,549.366214854474,351.988051531879,454.999436947705,369.787980752052,338.403072983055,380.485565998791,474.843330654811,273.988440992152,350.017002333237,360.229112062113
gene-b3450,367.054696722516,418.468383965785,335.958569853313,134.346584554152,284.77611818374,192.097652338728,88.3170810627612,238.787493144069,240.389436143998,86.5762731759589,152.591681916063,85.1773269900564
gene-b3451,180.927810849059,238.184834898764,192.278175199066,38.5126875721904,73.870496822098,80.04068847447,44.5957538039685,103.21217652381,100.904207764147,32.5934204897728,30.6756473954972,22.1815955703272
gene-b3452,190.286145892976,294.77018241615,233.480641313151,78.8166629384361,109.199864867449,89.6455710914064,77.823962520651,118.956406841001,96.9471800086905,24.4450653673296,22.8100967812671,36.3778167353366
gene-b3453,1034.61592985525,1464.63934388025,1395.60148042838,337.657749179436,419.670068902354,415.411173182499,348.02176497999,523.05831831558,484.735900043453,154.818747326421,132.927805380488,165.031071043234
gene-b3454,36.3935251707877,34.2143961733031,34.863625173457,21.4954535286644,13.9176298360475,23.2117996575963,19.2373839938688,28.8644222481842,17.8066248995554,19.3523434158026,22.0235417198441,18.6325402790748
gene-b3455,38.473155180547,36.8462728020188,36.9765721536665,37.6170436751627,33.1881942244209,29.6150547355539,44.5957538039685,46.3580114895079,38.5810206157034,34.6305092703835,46.4067486239573,25.7306508615795
gene-b3456,53.0305652488621,39.4781494307344,27.4683107427237,36.721399778135,39.611715687212,22.4113927728516,36.7259148973858,44.6086525653756,41.5487914322959,27.5006985382458,37.7546429483042,23.0688593931403
gene-b3457,68.6277903220569,64.4809774035328,41.2024661140855,48.3647704394949,37.4705418662816,49.6252268541714,47.2190334394961,70.8490364273612,49.4628469432094,41.7603200025213,43.2605283782653,49.6867740775329
gene-b3458,102.941685483085,86.8519287476157,67.6143033667045,59.1124972038271,53.5293455232595,62.4317370100866,82.1960952465302,100.588138137612,92.0008953143696,47.8715863443537,55.8454093610333,62.1084675969161
gene-b3459,325.46209652733,264.50360118592,278.909001387656,262.423661829111,225.893838108155,228.916369036984,264.951243188284,333.252875047217,250.28200553264,304.544772701314,329.566570736239,270.615465957992
gene-b3460,206.92318597105,211.866068611608,171.148705396971,110.164199334405,135.964537629079,120.86143959645,367.259148973858,517.810241543183,379.874664523849,179.26381269375,195.852210294328,160.594751929169
gene-b3461,3490.65897138098,3839.9080012961,3849.78939794173,5407.89785025315,5059.59373885848,5672.48359218569,5092.66019910417,5141.36587802505,4974.97314554801,5443.10122179205,5656.11744669283,7679.26838644727
gene-b3462,1086.60668009923,892.206177134597,959.27792901512,926.991433423652,1078.08101883845,950.082972191959,1594.07959185558,1632.15187621551,1542.25156768927,1543.09475131268,1252.98221284685,1275.88537720522
gene-b3463,561.500102635011,436.891520366794,525.067324582064,506.934445717669,593.105148397715,543.476274741651,816.714393194247,930.658947638423,842.846911912289,798.538801999432,691.381898990821,694.727573262647
gene-b3464,1393.35210653873,1363.31209367469,1345.94722639346,1398.10012326021,1647.63325520593,1367.09495914395,1937.72922410969,2131.5938490553,1944.879141807,2187.833350376,1872.78760124817,1863.25402790748
gene-b3465,307.785241444376,322.404887017664,309.546732600694,283.023471460748,327.599594602348,263.333865081006,438.962125678278,390.981719543586,400.649060239997,363.620347339027,430.245618598384,400.155984088702
gene-b3466,161.171325756346,175.019795809589,146.849815124561,139.720447936319,204.482099898851,112.056963864258,182.755147941753,126.828521999597,177.07699205669,123.243871226953,175.40177869733,189.874458082001
gene-b3467,111.260205522122,103.959126834267,83.4614057182758,109.268555437377,87.7881266581455,125.663880904918,125.042995960147,141.698072854722,180.044762873282,112.039882933594,149.445461670371,115.344296965701
gene-b3468,372.253771746914,289.506429158719,326.45030844237,345.718544252686,317.964312408161,328.967229630072,264.076816643108,316.63396526796,319.529991253133,303.526228311009,489.237248205109,272.389993603618
gene-b3469,526.146392469102,465.842163282666,508.163748740388,970.877984378008,670.187405951208,929.272393188597,838.575056823644,886.924974535114,759.749329047697,1209.01219129251,1258.48809827681,1132.1486379095
gene-b3470,83.1852003903719,67.1128540322485,71.8401973271235,94.9382530849344,78.1528444639588,88.044757321917,119.796436689092,113.708330068604,124.646374296888,130.373681959091,73.9361757737624,99.3735481550658
gene-b3471,197.564850927133,210.55013029725,185.939334258437,257.945442343973,195.91740461513,243.323692962389,310.421423537428,181.933328109767,179.055505934418,426.770099537962,113.263928844913,352.243737656796
gene-b3472,1333.04283625571,1183.02854460767,1220.22688107099,1412.43042561266,1399.257091978,1098.15824586973,1664.03371546965,1804.46373024254,1517.52014421767,2159.31410744744,2287.3021186181,1629.90364250764
gene-b3473,268.27227125895,239.500773213122,246.158323194408,260.632374035056,226.96442501862,265.73508573524,247.462712284767,265.027877006055,252.260519410368,196.579067328942,467.213706485265,236.899440691094
gene-b3474,262.033381229672,269.767354443352,258.836005075666,192.563437860952,228.035011929085,213.708638226835,84.8193748820578,128.57788092373,86.0653536811844,107.965705372372,148.658906608948,133.976837244776
gene-b3475,461.677862166564,430.311828795005,433.15413094295,363.631422193239,605.952191323297,348.176994863945,515.037235108578,418.971462329704,424.391226772737,411.491933683381,431.81872872123,432.097481709974
gene-b3476,45.7518602147046,42.11002605945,31.6942047031427,64.4863605859932,78.1528444639588,73.6374333965124,49.8423130750237,36.7365374067799,44.5165622488885,46.8530419540483,44.0470834396883,91.388173749748
gene-b3477,10.3981500487965,5.26375325743125,7.3953144307333,5.3738633821661,12.8470429255823,11.2056963864258,12.2419716324619,6.9974356965295,11.8710832663703,15.278165854581,6.29244049138404,4.43631911406544
gene-b3478,17.676855082954,5.26375325743125,5.28236745052379,7.16515117622146,7.49410837325632,12.0061032711705,12.2419716324619,13.994871393059,2.96777081659257,5.09272195152699,9.43866073707606,11.5344296965701
gene-b3479,4.1592600195186,9.21156820050469,11.6212083911523,15.2259462494706,5.35293455232595,8.8044757321917,14.8652512679895,13.994871393059,14.8388540829628,13.2410770739702,9.43866073707606,7.98537440531779
gene-b3480,21.8361151024726,26.3187662871563,23.2424167823047,28.6606047048859,34.258781134886,25.6130203118304,21.8606636293963,15.7442303171914,20.774395716148,22.4079765867188,22.8100967812671,31.9414976212711
gene-b3481,214.201891005208,201.338562096745,231.367694332942,162.111545362011,211.976208272107,168.885852681132,200.24367884527,160.941021020178,183.012533689875,147.688936594283,162.816897714562,196.085304841692
gene-b3482,149.73336070267,144.753214579359,175.37459935739,145.094311318485,179.858600958152,164.883818257408,125.917422505323,136.449996082325,162.238137973727,113.058427323899,159.67067746887,175.678236916991
gene-b3483,3.11944501463895,1.31593831435781,8.45178792083806,8.06079507324915,8.56469528372151,4.8024413084682,3.49770618070341,3.49871784826475,1.97851387772838,9.16689951274859,3.14622024569202,5.32358293687852
gene-b3484,16.6370400780744,13.1593831435781,17.9600493317809,24.1823852197474,16.0588036569778,20.0101721186175,13.9908247228137,22.7416660137209,17.8066248995554,14.2596214642756,21.2369866584211,22.1815955703272
gene-b3485,247.475971161357,197.390747153672,352.862145694989,213.163247492589,142.38805909187,304.955023087731,311.295850082604,428.592936412432,425.380483711601,140.559125862145,115.623594029182,141.962211650094
gene-b3486,1218.66318571895,1102.75630743185,1836.15092580207,935.947872393929,1037.39871624077,2116.27580326499,1420.06870936559,1724.86789919452,1715.3715319905,939.097927861577,810.151713265695,742.639819694554
gene-b3487,729.950133425514,830.35707635978,1204.37977871942,797.123068354638,717.293230011677,1421.52262730659,899.784914985953,1015.50285545884,1067.40823703446,775.112281022408,718.124771079203,812.733661696788
gene-b4790,904.639054245295,911.945251849964,1068.09469849591,641.281030271821,676.610927414,960.48826169364,677.680572511287,797.707669404363,809.212175990907,613.16372296385,794.420612037235,636.168160956984
gene-b3488,30.1546351415098,42.11002605945,42.2589396041903,45.6778387484118,49.2469978813987,44.8227855457032,37.6003414425617,26.2403838619856,37.5917636768392,28.5192429285512,37.7546429483042,47.9122464319067
gene-b3491,31.1944501463895,46.0578410025235,45.4283600745046,43.8865509543565,47.1058240604683,48.8248199694267,36.7259148973858,19.2429481654561,33.6347359213824,44.8159531734375,39.3277530711502,32.8287614440842
gene-b3492,342.099136605405,355.30334487661,378.217509457503,413.78748042679,404.681852155841,407.407104335052,744.136989944651,586.909919046412,512.43509433165,708.906895652557,420.020402799884,612.21203774103
gene-b3493,3652.87011214221,3408.28023418674,3389.16695625606,4153.99639441439,5206.26414559221,3130.39132623652,11388.5313243703,8312.95360747704,8491.7815632102,10452.302533314,4445.60920716282,9191.16594052077
gene-b3494,175.728735824661,198.70668546803,211.294698020951,112.851131025488,87.7881266581455,160.08137694894,75.2006828851234,87.4679462066187,79.1405551091351,78.4279180535157,133.714360441911,74.5301611162993
gene-b3495,10811.9964207386,10557.7730960927,11705.7262703607,7205.45515158771,6141.95710533879,9749.75626307519,5350.61602993105,6984.31550459851,7812.1620462105,5165.03860323868,12105.0823953,6087.51708832059
gene-b4791,0.0,1.31593831435781,0.0,0.895643897027683,0.0,1.6008137694894,0.874426545175853,2.62403838619856,3.95702775545676,2.0370887806108,4.71933036853803,0.0
gene-b4792,0.0,0.0,0.0,0.0,0.0,0.0,0.0,0.0,0.0,0.0,0.0,0.0
gene-b3496,693.556608254726,875.098979047946,822.992848791606,592.020615935298,444.293567843053,641.125914680505,1245.18340033042,1663.64033684989,1663.93017116957,868.818364930505,4800.3455398646,1160.54108023952
gene-b3497,154.932435727068,97.3794352624782,105.647349010476,85.9818141146576,102.776343404658,235.319624114942,202.866958480798,410.224667709042,383.831692279305,117.132604885121,159.67067746887,112.682505497262
gene-b3498,3289.97467543921,2720.0444957776,3130.3309511804,2124.46732374966,2665.76140705832,5285.08665996926,2974.79910668825,4753.00819686766,5486.41898294079,1846.62097962369,2723.84017770787,2169.360046778
gene-b3499,906.718684255054,910.629313535607,881.098890747367,978.938779451257,1156.2338633024,790.001595243019,1312.51424430896,1066.23426425868,1075.32229254537,1270.12485471083,1272.64608938242,1335.3320533337
gene-b3500,1678.26141787575,1759.4095262964,1700.92231906866,1783.22699898212,2159.37379840829,1621.62434849276,2429.15694249852,2083.48647864166,2191.20411958418,2413.95020502379,2334.49542230348,2400.93590453221
gene-b4613,267.23245625407,232.921081641333,234.537114803256,494.395431159281,345.799572080256,434.620938416372,590.237917993701,471.452230053675,453.079677999798,829.095133708594,638.68270987548,771.919525847386
gene-b4712,40.5527851903063,72.3766072896797,40.1459926239808,53.738633821661,43.8940633290728,43.2219717762138,65.581990888189,54.2301266481036,49.4628469432094,118.151149275426,92.8134972479145,94.0499652181873
gene-b4713,25.9953751219912,28.9506429158719,13.7341553713618,23.2867413227198,5.35293455232595,23.2117996575963,30.6049290811549,28.8644222481842,22.7529095938763,26.4821541479404,15.7311012284601,34.6032890897104
gene-b3501,19.7564850927133,13.1593831435781,16.9035758416761,17.017234043526,18.1999774779082,15.2077308101493,28.8560759908032,30.6137811723166,23.7421665327405,19.3523434158026,17.3042113513061,24.8433870387664
gene-b3502,54.0703802537418,53.9534708886703,72.8966708172282,51.9473460276056,65.3058015383765,68.8349920880442,83.0705217917061,91.8413435169497,92.0008953143696,62.1312078086293,65.2840700981094,69.2065781794208
gene-b3503,36.3935251707877,31.5825195445875,34.863625173457,28.6606047048859,40.6823025976772,40.8207511219797,58.5865785267822,60.3528828825669,40.5595344934317,38.7046868316051,40.1143081325732,39.9268720265889
gene-b3505,2140.9790950472,2305.52392675489,2397.13834904769,2170.14516249808,1680.82144943035,2054.64447313965,2274.3834440024,2793.7262018394,2744.19874840926,1110.21338543288,1833.45984817702,1056.73121297039
gene-b3506,100.862055473326,73.6925456040375,96.1390875995329,56.425565512744,56.741106254655,52.8268543931502,48.0934599846719,66.4756391170302,35.6132497991108,69.2610185407671,58.9916296067253,47.0249826090936
gene-b3507,22.8759301073523,23.6868896584406,13.7341553713618,12.5390145583876,17.129390567443,15.2077308101493,3.49770618070341,6.12275623446331,9.89256938864189,9.16689951274859,3.14622024569202,6.21084675969161
gene-b3508,34.3138951610284,53.9534708886703,51.7672010151331,29.5562486019135,43.8940633290728,27.2138340813198,13.9908247228137,18.3682687033899,14.8388540829628,18.3337990254972,21.2369866584211,14.1962211650094
gene-b3509,276.590791297987,303.981750616655,363.426880596036,157.633325876872,131.682189987218,168.885852681132,80.4472421561785,82.2198694342216,103.87197858074,115.09551610451,117.196704152028,122.442407548206
gene-b3510,873.444604098905,1018.53625531295,1142.04784280324,512.308309099835,521.375825396547,491.449827233246,225.60204865537,226.541980675142,218.625783488986,293.340784407955,309.902694200664,319.414976212711
gene-b3511,192.365775902735,280.294860958214,297.925524209542,83.2948824235745,123.117494703497,116.058998287982,85.6938014272337,58.6035239584346,81.1190689868635,72.3166517116833,133.714360441911,113.569769320075
gene-b4704,0.0,0.0,0.0,0.0,0.0,0.0,0.874426545175853,0.0,0.0,0.0,0.0,0.887263822813087
gene-b3512,53.0305652488621,63.165039089175,68.6707768568092,46.5734826454395,47.1058240604683,36.0183098135115,17.4885309035171,11.3708330068604,20.774395716148,33.6119648800781,52.6991891153413,21.2943317475141
gene-b4718,10.3981500487965,10.5275065148625,4.22589396041903,1.79128779405537,6.42352146279113,2.4012206542341,2.62327963552756,0.0,2.96777081659257,1.0185443903054,7.07899555280704,3.54905529125235
gene-b3513,19.7564850927133,46.0578410025235,29.5812577229332,30.4518924989412,20.3411512988386,21.6109858881069,10.4931185421102,6.9974356965295,12.8603402052345,13.2410770739702,25.9563170269592,12.4216935193832
gene-b3514,100.862055473326,126.33007817835,103.534402030266,102.103404261156,74.9410837325632,96.8492330541087,77.823962520651,68.2249980411626,74.1942704148142,66.2053853698509,88.8807219407995,81.628271698804
gene-b3515,571.898252683807,671.128540322485,784.959803147835,598.290123214492,655.199189204696,818.816243093828,613.847434713449,553.672099487897,652.909579650365,555.106692716442,698.460894543628,552.765361612553
gene-b4452,18.7166700878337,28.9506429158719,13.7341553713618,8.95643897027683,18.1999774779082,12.0061032711705,17.4885309035171,33.2378195585151,37.5917636768392,77.4093736632103,45.6201935625343,25.7306508615795
gene-b3516,317.143576488293,432.94370542372,470.130703096617,542.760201598776,612.375712786088,802.00769851419,631.335965616966,593.907354742941,695.447628021525,567.329225400107,1442.54198264979,657.462492704498
gene-b3517,111.260205522122,155.280721094222,155.301603045399,94.9382530849344,100.635169583728,101.651674362577,19.2373839938688,21.8669865516547,27.6991942881973,24.4450653673296,29.1025372726512,35.4905529125235
gene-b3518,40.5527851903063,28.9506429158719,41.2024661140855,60.0081411008548,37.4705418662816,60.0305163558525,38.4747679877376,55.1048061101698,45.5058191877527,57.0384858571023,45.6201935625343,66.5447867109816
gene-b3519,294.267646380941,213.182006925966,248.271270174618,217.641466977727,241.952641765133,286.545664738603,165.266617038236,185.432045958032,154.324082462813,188.430712206499,182.480774250137,158.820224283543
gene-b3520,36.3935251707877,31.5825195445875,38.0330456437713,39.408331469218,33.1881942244209,40.020344237235,20.9862370842205,29.7391017102504,29.6777081659257,42.7788643928267,30.6756473954972,24.8433870387664
gene-b3521,120.618540566039,138.17352300757,179.600493317809,107.477267643322,96.352821941867,197.700500531941,242.216153013711,265.027877006055,275.013429004245,114.076971714205,328.780015674816,131.315045776337
gene-b3522,247.475971161357,231.605143326975,279.965474877761,205.102452419339,220.540903555829,325.765602091093,222.978769019843,240.536852068202,240.389436143998,133.429315130007,359.455663070313,151.722113701038
gene-b3523,44.7120452098249,30.2665812302297,43.315413094295,53.738633821661,74.9410837325632,60.8309232405972,29.730502535979,29.7391017102504,26.7099373493331,42.7788643928267,34.6084227026122,29.2797061528319
gene-b3524,1441.18359676319,1267.24859672657,1420.9568441909,722.78462490134,882.163614223316,581.095398324652,42.8469007136168,74.3477542756259,67.2694718427648,77.4093736632103,101.465602923568,96.7117566866265
gene-b3525,3291.01449044409,2418.69462178966,2847.19605583232,1190.31073914979,1101.63393086868,856.435366676829,8.74426545175853,5.24807677239712,14.8388540829628,6.11126634183239,6.29244049138404,3.54905529125235
gene-b3526,800.65755375733,813.249878273128,1015.27102399067,417.3700560149,461.422958410497,696.353989727889,1056.30726657243,1502.69931582971,1287.02327746231,660.016764917898,1099.60397586936,499.529532243768
gene-b3527,1621.07159260737,1630.44757148933,1298.40591933875,1214.49312436954,1824.28009543268,1073.34563244264,1602.82385730734,1556.05476301575,1458.16472788581,1033.82255615998,1753.23123191188,1364.61175948653
gene-b3528,15907.0899446489,27345.1981723554,21052.3472373175,2734.40081762552,3780.24238085258,3845.95508119828,21474.1670964286,34135.240686595,34214.4404875568,4488.72512807589,12467.684278616,4596.02660217179
gene-b3529,513.668612410547,477.685608111886,510.276695720598,527.534255349305,663.763884488417,497.853082311204,745.885843035003,683.124659873692,680.608773938562,615.200811744461,692.955009113667,625.520995083227
gene-b3530,336.900061581006,347.407714990463,405.685820200227,346.614188149713,438.940633290728,379.392863368988,386.496532967727,324.506080426556,368.003581257478,281.11825172429,337.432121350469,273.277257426431
gene-b3531,76.946310361094,34.2143961733031,53.8801479953426,51.9473460276056,81.3646051953544,57.6292957016184,61.2098581623098,56.8541650343022,80.1298120479993,63.1497521989347,65.2840700981094,61.221203774103
gene-b3532,200.684295941772,164.492289294727,193.334648689171,221.224042565838,335.093702975604,218.511079535303,260.579110462404,223.917942288944,198.840644711702,181.300901474361,195.852210294328,275.93904889487
gene-b3533,101.901870478206,84.2200521189,83.4614057182758,114.642418819543,141.317472181405,108.054929440535,129.415128686026,110.20961222034,104.861235519604,129.355137568786,107.758043414952,127.765990485085
gene-b3535,586.455662752122,640.861959092255,639.166461513378,489.021567777115,609.163952054693,580.294991439908,529.902486376567,570.291009267154,543.10205943644,599.92264588988,1037.46612601694,572.285165714441
gene-b3536,1820.71607354427,1714.66762360823,1660.77632644468,1279.87512885256,1838.19772526873,1340.68153194737,1211.95519161373,1290.15220654763,1399.79856849283,1349.57131715465,3539.49777640352,1088.67271059166
gene-b3537,129.976875609956,155.280721094222,137.341553713618,136.137872348208,142.38805909187,116.058998287982,115.424303963213,96.2147408272806,96.9471800086905,88.6133619565697,238.32618361117,122.442407548206
gene-b3538,766.343658596301,754.032654127027,647.618249434216,616.203001155046,776.175510087262,585.097432748376,640.954657613901,738.229465983862,776.566697008388,623.349166866904,1341.86293478765,655.687965058872
gene-b4453,13.5175950634354,15.7912597722938,8.45178792083806,12.5390145583876,8.56469528372151,11.2056963864258,23.609516719748,16.6189097792576,16.8173679606912,28.5192429285512,40.1143081325732,25.7306508615795
gene-b4454,1.03981500487965,1.31593831435781,1.05647349010476,1.79128779405537,5.35293455232595,4.0020344237235,0.874426545175853,4.37339731033094,5.93554163318513,2.0370887806108,0.786555061423005,1.77452764562617
gene-b3539,201.724110946652,223.709513440828,202.842910100113,302.727637195357,263.364379974437,244.924506731878,426.720154045817,300.015055488702,266.110116554467,474.641685882316,249.337954471092,426.773898773095
gene-b3540,3449.0663711858,2792.42110306728,1249.80813879393,309.892788371578,533.152281411664,357.781877480881,261.45353700758,777.590041776841,956.611459881671,187.412167816193,1006.00392356002,301.66969975645
gene-b3541,6051.72332839956,5749.33449542929,2857.76079073337,578.585957479883,1087.71630103263,627.518997639845,512.41395547305,1291.02688600969,1638.2094907591,286.210973675817,1562.09835198609,635.280897134171
gene-b3542,1816.55681352475,1592.28536037295,895.889519608834,160.320257567955,263.364379974437,156.879749409961,216.857783203612,544.050625405168,526.284691475748,104.910072201456,499.462464003608,146.398530764159
gene-b3543,4553.34990636798,6403.35583766512,3368.03748645397,423.639563294094,711.940295459351,466.63721380616,641.829084159077,1042.6179187829,1160.39838928769,187.412167816193,1219.94690026708,304.331491224889
gene-b3544,42091.7113975282,60948.9989677965,40502.0241901461,5615.68723436357,9267.00029698668,6322.41398259839,9291.65646903862,13079.0819962757,13709.1226587799,2563.67623039869,16198.3149349454,3282.87614440842
gene-b3545,16.6370400780744,26.3187662871563,21.1294698020951,12.5390145583876,16.0588036569778,14.4073239254046,25.3583698100998,28.8644222481842,25.7206804104689,19.3523434158026,27.5294271498052,14.1962211650094
gene-b3546,854.727934011072,996.165303968864,792.355117578568,472.899977630617,638.069798637253,332.168857169051,835.951777188116,862.433949597261,765.684870680882,484.82712978537,980.834161594487,597.128552753208
gene-b3547,102.941685483085,138.17352300757,132.059186263095,411.996192632734,196.987991525595,169.686259565876,147.778086134719,369.114732991931,334.368845336096,1199.84529177976,6379.74810320199,1269.67453044553
gene-b3548,279.710236312626,372.410542963261,363.426880596036,144.198667421457,186.282122420943,252.128168694581,34.9770618070341,50.7314087998389,42.5380483711601,57.0384858571023,112.47737378349,44.3631911406544
gene-b3549,293.227831376061,239.500773213122,295.812577229332,204.206808522312,256.940858511645,259.331830657283,173.136455944819,186.306725420098,171.141450423505,171.115457571307,293.385037910781,193.423513373253
gene-b3550,145.574100683151,114.48663334913,124.663871832361,104.790335952239,119.905733972101,95.2484192846193,72.5774032495958,80.4705105100892,86.0653536811844,88.6133619565697,125.062254766258,102.035339623505
gene-b3551,843.289968957396,818.51363153056,865.251788395796,646.654893653987,835.057790162847,682.747072687229,741.513710309124,690.996775032288,674.673232305377,606.033912231712,689.022233806552,670.771450046694
gene-b3552,311.944501463895,311.877380502802,378.217509457503,347.509832046741,317.964312408161,348.977401748689,1336.99818757388,1072.35702049315,1016.95613315239,641.682965892401,659.133141472478,494.20594930689
gene-b3553,2118.10316493985,2269.99359226723,2101.32577181836,1855.77415464136,2056.59745500363,1944.18832304488,1435.80838717875,1514.07014883657,1536.31602605609,1580.78089375398,2029.31205847135,1559.80980050541
gene-b3554,2396.77358624759,2255.51827080929,2441.51023563209,2611.69760373272,2948.39635142113,2258.74822874954,3073.60930629312,2669.521718226,2670.00447799445,3019.98411725551,3591.41041045744,2891.59279854785
gene-b3555,349.377841639562,373.726481277619,446.888286314312,236.449988815308,326.529007691883,384.995711562201,61.2098581623098,80.4705105100892,74.1942704148142,102.872983420845,98.3193826778756,127.765990485085
gene-b3556,13180.6950018544,16958.4970571291,10486.5558627798,12173.5918484003,11384.6212058868,4439.85698967885,10876.1173688973,7445.27158110739,5764.40018276163,8890.87398297582,29445.4752794316,8655.25859154167
gene-b4793,2.0796300097593,1.31593831435781,5.28236745052379,3.58257558811073,2.14117382093038,1.6008137694894,4.37213272587927,2.62403838619856,1.97851387772838,8.14835512244319,7.07899555280704,12.4216935193832
gene-b4455,0.0,0.0,0.0,0.895643897027683,0.0,0.8004068847447,0.0,0.874679462066187,0.0,1.0185443903054,0.0,1.77452764562617
gene-b3557,39.5129701854267,39.4781494307344,38.0330456437713,91.3556774968237,59.9528669860506,79.2402815897253,62.0842847074856,54.2301266481036,54.4091316375304,107.965705372372,101.465602923568,145.511266941346
gene-b3558,41.592600195186,47.3737793168813,40.1459926239808,60.9037849978824,55.6705193441898,59.2301094711078,59.461005071958,55.979485572236,47.4843330654811,99.817350249929,88.8807219407995,128.653254307898
gene-b3559,12378.9976330922,13680.4947160638,12332.2150499928,10776.3873690371,14903.6403805859,10522.9493137386,18620.9132795198,15729.3607663362,15947.8111114296,15099.9205862775,15653.2322773792,15379.8311046421
gene-b3560,7236.07261895748,7791.67075931261,7019.20986825601,6047.38759273092,6977.01489550164,5975.83780150393,9715.75334344891,8815.01961870304,8419.56580667311,8276.69171562167,8350.06853206662,8515.0709075372
gene-b4553,31.1944501463895,11.8434448292203,16.9035758416761,19.704165734609,14.9882167465126,12.8065101559152,8.74426545175853,6.9974356965295,5.93554163318513,5.09272195152699,9.43866073707606,11.5344296965701
gene-b3561,67.5879753171772,64.4809774035328,90.8567201490091,79.7123068354638,59.9528669860506,87.2443504371723,55.0888723460788,54.2301266481036,50.4521038820736,56.0199414667969,96.7462725550296,49.6867740775329
gene-b3562,2.0796300097593,3.94781494307344,6.33884094062854,19.704165734609,8.56469528372151,20.8105790033622,6.99541236140683,6.12275623446331,8.9033124497777,14.2596214642756,14.9445461670371,23.9561232159534
gene-b3563,3.11944501463895,0.0,1.05647349010476,4.47821948513841,4.28234764186076,5.6028481932129,5.24655927105512,6.12275623446331,3.95702775545676,4.07417756122159,7.07899555280704,5.32358293687852
gene-b3564,176.76855082954,146.069152893717,166.922811436552,138.824804039291,165.940971122104,178.490735298068,116.298730508389,195.928199502826,173.119964301233,110.002794152983,173.828668574484,153.496641346664
gene-b3565,93.5833504391684,127.646016492708,118.325030891733,95.8338969819621,71.7293230011677,139.270797945578,134.661687957081,170.562495102907,156.302596340542,94.7246282984021,133.714360441911,101.148075800692
gene-b3566,22.8759301073523,40.7940877450922,27.4683107427237,10.7477267643322,9.6352821941867,23.2117996575963,15.7396778131654,54.2301266481036,61.3339302095797,14.2596214642756,50.3395239310723,25.7306508615795
gene-b3567,42.6324152000656,27.6347046015141,26.4118372526189,20.5998096316367,27.8352596720949,46.4235993151926,36.7259148973858,60.3528828825669,54.4091316375304,21.3894321964134,37.7546429483042,23.9561232159534
gene-b3568,37.4333401756674,25.0028279727984,31.6942047031427,27.7649608078582,31.0470204034905,36.0183098135115,27.1072229004515,42.8592936412432,34.6239928602466,24.4450653673296,36.1815328254582,27.5051785072057
gene-b3569,331.700986556608,376.358357906335,361.313933615827,281.232183666692,308.329030213974,302.553802433497,256.206977736525,282.521466247378,293.809310842664,226.116854647798,404.289301571424,233.350385399842
gene-b3570,1765.60587828564,2122.60850105915,2157.31886679391,2179.10160146835,1720.43316511756,1924.978557811,2477.25040248319,2246.17685858597,2382.13070878497,2540.24970942166,1907.39602395079,2738.09615720119
gene-b4794,1.03981500487965,2.63187662871563,1.05647349010476,0.895643897027683,0.0,0.0,0.0,0.0,0.0,1.0185443903054,0.0,0.0
gene-b3571,3929.46090344019,1164.60540820666,488.090752428398,2797.99153431448,3610.01906208862,2237.93764974618,547.391017280084,3761.99636634667,4081.67412975364,3483.42181484446,5833.092335513,2617.42827729861
gene-b3572,2172.17354519359,2481.85966087884,2186.90012451685,1637.2370437666,1700.09201381872,1460.74256465908,1692.01536491528,1549.05732731922,1459.15398482468,1122.43591811655,1482.65629078236,1160.54108023952
gene-b3573,36.3935251707877,55.2694092030281,54.9366214854474,62.6950727919378,37.4705418662816,50.4256337389161,32.3537821715066,43.7339731033094,33.6347359213824,28.5192429285512,26.7428720883822,37.2650805581497
gene-b3574,294.267646380941,294.77018241615,343.353884284046,352.883695428907,269.787901437228,369.787980752052,264.076816643108,296.516337640437,292.8200539038,307.60040587223,202.144650785712,270.615465957992
gene-b3575,21.8361151024726,25.0028279727984,35.9200986635617,17.017234043526,16.0588036569778,24.8126134270857,36.7259148973858,65.600959654964,46.4950761266169,12.2225326836648,34.6084227026122,14.1962211650094
gene-b3576,5.19907502439825,9.21156820050469,4.22589396041903,3.58257558811073,2.14117382093038,4.8024413084682,13.1163981776378,13.994871393059,9.89256938864189,2.0370887806108,9.43866073707606,3.54905529125235
gene-b3577,1.03981500487965,1.31593831435781,6.33884094062854,1.79128779405537,1.07058691046519,1.6008137694894,0.874426545175853,1.74935892413237,3.95702775545676,0.0,2.35966518426901,1.77452764562617
gene-b3578,2.0796300097593,1.31593831435781,2.11294698020951,4.47821948513841,3.21176073139557,4.0020344237235,6.99541236140683,6.12275623446331,7.91405551091351,3.0556331709162,5.50588542996103,0.887263822813087
gene-b3579,6.2388900292779,3.94781494307344,6.33884094062854,2.68693169108305,6.42352146279113,12.8065101559152,13.9908247228137,16.6189097792576,16.8173679606912,6.11126634183239,17.3042113513061,7.0981105825047
gene-b3580,22.8759301073523,38.1622111163766,23.2424167823047,27.7649608078582,23.5529120302342,20.0101721186175,27.1072229004515,41.1099347171108,25.7206804104689,21.3894321964134,30.6756473954972,26.6179146843926
gene-b3581,5.19907502439825,9.21156820050469,15.8471023515714,12.5390145583876,3.21176073139557,9.6048826169364,14.8652512679895,14.8695508551252,18.7958818384196,8.14835512244319,11.0117708599221,11.5344296965701
gene-b3582,13.5175950634354,10.5275065148625,8.45178792083806,11.6433706613599,11.7764560151171,14.4073239254046,12.2419716324619,12.2455124689266,15.828111021827,11.2039882933594,14.1579911056141,10.647165873757
gene-b3583,13.5175950634354,9.21156820050469,21.1294698020951,10.7477267643322,13.9176298360475,19.2097652338728,20.9862370842205,26.2403838619856,20.774395716148,30.556331709162,25.9563170269592,13.3089573421963
gene-b3584,8.31852003903719,2.63187662871563,6.33884094062854,11.6433706613599,8.56469528372151,26.4134271965751,16.6141043583412,15.7442303171914,21.7636526550122,26.4821541479404,12.5848809827681,13.3089573421963
gene-b3585,165.330585775864,148.701029522433,150.019235594876,176.441847714454,154.164515106987,137.669984176088,134.661687957081,119.831086303068,136.517457563258,201.671789280469,198.99843054002,149.947586055412
gene-b3586,17.676855082954,21.055013029725,17.9600493317809,18.8085218375813,18.1999774779082,36.8187166982562,27.9816494456273,25.3657043999194,15.828111021827,21.3894321964134,28.3159822112282,49.6867740775329
gene-b3587,1.03981500487965,2.63187662871563,4.22589396041903,1.79128779405537,2.14117382093038,3.2016275389788,0.874426545175853,0.874679462066187,0.989256938864189,6.11126634183239,3.93277530711502,0.887263822813087
gene-b3588,202.763925951532,282.92673758693,232.424167823047,66.2776483800485,77.0822575534936,88.8451642066617,27.1072229004515,47.2326909515741,38.5810206157034,28.5192429285512,95.1731624321836,35.4905529125235
gene-b3589,5.19907502439825,1.31593831435781,6.33884094062854,4.47821948513841,3.21176073139557,7.2036619627023,5.24655927105512,8.74679462066187,8.9033124497777,7.12981073213779,10.2252157984991,14.1962211650094
gene-b3590,882.802939142822,944.84370970891,964.560296465643,869.67022401388,1058.81045445007,883.649200758149,1167.35943780976,1148.4541336929,1113.90331316108,959.468815667685,880.941668793765,939.61238835906
gene-b3591,546.942692566696,496.108744512895,554.648582304997,592.916259832326,730.140272937259,509.058778697629,664.564174333649,627.145174301456,601.468218829427,625.386255647515,577.331415084485,561.637999840684
gene-b3592,689.397348235207,677.708231894274,599.020468889397,526.638611452278,751.552011146563,449.828669226522,248.337138829942,237.912813682003,226.539838999899,349.360725874752,315.408579630625,397.494192620263
gene-b3593,147.65373069291,146.069152893717,153.18865606519,154.050750288761,169.1527318535,169.686259565876,124.168569414971,146.071470165053,120.689346541431,114.076971714205,140.793355994718,149.947586055412
gene-b3594,62.388900292779,65.7969157178907,90.8567201490091,78.8166629384361,96.352821941867,141.672018599812,73.4518297947717,73.4730748135597,107.829006336197,58.0570302474077,47.9798587468033,70.0938420022339
gene-b3596,9.35833504391684,13.1593831435781,10.5647349010476,25.0780291167751,10.7058691046519,20.8105790033622,14.8652512679895,6.9974356965295,13.8495971440986,11.2039882933594,13.3714360441911,15.0834849878225
gene-b4615,7.27870503415754,5.26375325743125,5.28236745052379,8.06079507324915,8.56469528372151,8.8044757321917,2.62327963552756,5.24807677239712,5.93554163318513,9.16689951274859,7.86555061423005,4.43631911406544
gene-b3597,50.9509352391028,72.3766072896797,79.2355117578568,26.8693169108305,36.3999549558164,71.2362127422783,31.4793556263307,52.4807677239712,43.5273053100243,32.5934204897728,51.9126340539183,23.9561232159534
gene-b3598,15.5972250731947,13.1593831435781,20.0729963119904,3.58257558811073,4.28234764186076,15.2077308101493,11.3675450872861,9.62147408272806,12.8603402052345,5.09272195152699,19.6638765355751,3.54905529125235
gene-b3599,3115.28575461943,3728.05324457568,3100.74969345746,1235.9885778982,1399.257091978,1661.64469273,1836.29574486929,2812.09447054279,2861.9203241341,1122.43591811655,2883.51085517673,1292.74338983867
gene-b3600,1244.65856084094,1339.62520401625,1318.47891565074,660.98519600643,752.622598057028,927.671579419108,945.255095335098,1352.25444835433,1231.62488888592,637.608788331179,1088.59220500944,737.316236757676
gene-b3601,493.912127317833,527.691264057483,514.502589681017,313.475363959689,320.105486229092,402.604663026584,515.037235108578,586.909919046412,567.833482908044,398.250856609411,405.86241169427,377.087124695562
gene-b4554,167.410215785624,135.541646378855,183.826387278228,172.859272126343,170.223318763965,360.183098135115,215.10893011326,283.396145709445,277.981199820837,316.767305384979,545.869212627565,344.258363251478
gene-b3602,588.535292761881,548.746277087208,583.173366537826,418.265699911928,558.846367262829,425.816462684181,655.81990888189,710.239723197744,696.436884960389,616.219356134766,837.6811404155,649.47711829918
gene-b3603,14082.2146110851,15068.8096377113,7721.76473917567,518.577816379028,1155.16327639194,1145.38225206967,4287.31335099721,15333.1309700203,15834.0465634602,872.892542491727,4167.16871541908,838.464312558368
gene-b3604,3600.87936189823,3659.62445222908,2131.9635030314,196.146013449063,511.74054320236,461.834772497692,1214.57847124926,3459.35727247177,4308.21396875354,276.025529772763,1527.48992928348,265.291883021113
gene-b3605,3629.99418203486,2985.86403527788,1829.81208486144,342.135968664575,759.046119519819,737.975147734614,951.376081151329,3201.32683116225,3628.59445175384,459.363520027735,2122.91211078069,470.249826090936
gene-b3606,219.400966029606,231.605143326975,235.593588293361,311.684076165634,282.63494436281,213.708638226835,290.309612998383,274.649351088783,259.185317982417,356.490536606889,221.808527321287,369.989014113057
gene-b3607,1695.93827295871,1939.69307536342,1765.36720196505,1096.26812996188,1179.78677533264,1111.76516291039,1566.09794240995,1930.41757278008,1723.28558750142,978.821159083488,1669.06984033962,1033.66235357725
gene-b3608,6340.7918997561,8944.43272269006,7933.05943719662,4317.89922757046,6414.95676750741,3841.95304677456,7437.87219326581,8538.62090869012,8840.98926262926,3955.00786755586,8269.83991580147,4732.66523088501
gene-b3609,4049.03962900135,4653.15787956923,4546.00542792077,2799.78282210854,3001.92569694439,2904.67658473852,5230.81959324196,6675.55365448914,6517.22471323728,4162.79092317816,6665.26759049854,3815.23443809628
gene-b3610,2976.99035897044,4180.73602471477,3625.81701803953,2854.41709982723,3818.78350962933,2716.58096682351,3902.56567111983,3279.17330328614,3626.61593787612,2917.11113383466,3663.77347610836,3407.98034342507
gene-b3611,2852.21255838488,3183.25478243155,2976.0858216251,2429.8818926361,2216.11490466294,2249.94375301735,5407.45375536748,5870.84854938825,5605.12981560449,4331.86929196886,4303.24274104526,3497.59398952919
gene-b3612,8047.1283227636,9143.13940815808,9056.09075717798,8230.96741368441,9338.72961998784,8140.1380178536,10354.9591479725,9328.45646293589,9301.98299613997,9552.92783667433,9624.28773157189,9232.86734019299
gene-b3613,1610.67344255858,1630.44757148933,1775.9319368661,1744.71431140993,1756.83312007338,1508.76697774376,2354.83068615857,2323.14865124779,2130.85944631346,2078.84910061332,1971.10698392605,1983.92190781006
gene-b3614,628.048262947308,579.012858317438,633.884094062854,647.550537551015,747.269663504702,532.270578355226,857.812440817512,775.840682852708,739.964190270413,656.961131746982,566.319644224563,465.813506976871
gene-b3615,16.6370400780744,36.8462728020188,23.2424167823047,33.1388241900243,39.611715687212,66.4337714338101,63.8331377978373,86.5932667445525,63.3124440873081,47.8715863443537,55.8454093610333,67.4320505337946
gene-b3616,4923.52404810514,4433.39618107147,4765.75191386256,3837.83409876362,4815.49992327242,4225.34794456727,5719.62403199526,7661.31740823773,6939.63742613229,4739.28704809102,6604.70285076897,4604.01197657711
gene-b3617,4106.22945426973,4129.41443045482,4239.62811579039,3421.35968664575,3905.50104937701,3506.58256206653,5316.51339466919,6777.01647208882,6305.52372832034,4748.45394760377,6695.15668283261,4454.95165434451
gene-b3618,550.062137581334,634.282267520466,626.488779632121,976.251847760174,674.469753593069,887.651235181872,1212.82961815891,1034.7458036243,1219.75380561954,2105.33125476126,1182.9788123802,1561.58432815103
gene-b3619,4580.38509649486,4442.60774927198,4351.61430574149,4462.09789499192,4537.14732655147,4001.23401683876,6377.1927939675,5275.19183572118,5386.50403211551,5942.18797304169,5477.5694477498,6015.64871867273
gene-b3620,1976.68832427621,1952.85245850699,1928.06411944118,1948.92111993224,2000.92693565944,1664.84632026898,2990.53878450142,2450.85185270946,2418.73321552294,2430.24691526868,2477.64844348246,2290.91519050339
gene-b3621,985.744624625907,971.162475996066,1031.11812634224,1012.07760364128,1181.92794915357,870.842690602234,1777.70916634251,1716.99578403593,1611.49955340976,1455.49993374641,1462.20585918537,1443.57823971689
gene-b3622,1049.17333992357,1540.963766113,1540.33834857274,1957.87755890251,1877.80944095594,1276.6489811678,1611.5681227591,1166.82240239629,1762.85586505598,1380.12764886382,1054.77033736825,1269.67453044553
gene-b4795,84.2250153952516,65.7969157178907,82.4049322281711,105.685979849267,103.846930315123,105.6537087863,113.675450872861,106.710894372075,109.807520213925,148.707480984588,103.038713046414,104.697131091944
gene-b4796,88.3842754147702,140.805399636286,138.398027203723,198.832945140146,211.976208272107,147.274866793025,150.401365770247,94.4653819031482,167.184422668048,155.837291716726,141.579911056141,175.678236916991
gene-b3623,668.601048137614,1055.38252811497,1078.65943339696,1152.69369547463,1219.39849101985,965.290703002108,1202.3364996168,948.152536879747,1264.27036786843,1125.49155128747,952.518179383259,934.288805422181
gene-b3624,316.103761483413,550.062215401566,511.333169210702,502.45622623253,664.834471398882,486.647385924778,651.447776156011,500.316652301859,721.168308431994,631.497521989347,486.091027959417,580.270540119759
gene-b3625,459.598232156805,630.334452577392,606.415783320131,644.863605859932,707.65794781749,527.468137046757,856.938014272336,672.628506328898,897.256043549819,867.7998205402,607.22050741856,663.673339464189
gene-b3626,593.73436778628,744.821085926522,874.760049806739,800.705643942749,994.575239822161,693.952769073655,1079.042356747,757.472414149318,1035.75201499081,1143.82535031296,790.48783673012,926.303431016863
gene-b3627,523.026947454464,734.29357941166,702.554870919663,685.167581226178,620.94040806981,626.7185907551,884.045237172788,708.490364273612,809.212175990907,989.006602986542,777.116400685929,765.708679087694
gene-b3628,619.729742908271,689.551676723494,696.216029979035,729.054132180534,659.481536846556,713.962941192273,914.650166253943,766.21920876998,856.696509056388,950.301916154937,775.543290563083,845.562423140872
gene-b3629,405.527851903063,602.699747975878,538.801479953426,605.455274390714,566.340475636085,520.264475084055,626.963832891087,466.204153281278,652.909579650365,707.888351262252,502.6086842493,294.571589173945
gene-b3630,305.705611434617,223.709513440828,249.327743664723,242.719496094502,274.070249079088,252.128168694581,415.35260895853,400.603193626314,412.520143506367,466.493330759872,355.522887763198,359.3418482393
gene-b3631,852.648304001312,850.096151075147,758.547965895216,914.452418865264,838.269550894243,847.630890944637,1225.94601633655,1117.84035252059,1099.06445907811,1414.7581581342,1035.8930158941,1180.94814816422
gene-b3632,1352.79932134842,1569.91440902887,1504.41824990917,1553.046517446,1226.89259939311,1375.89943487614,1801.31868306226,1421.35412585755,1494.76723462379,1921.99326450629,1540.07481026624,2064.66291568605
gene-b4760,20.796300097593,21.055013029725,15.8471023515714,17.017234043526,10.7058691046519,24.8126134270857,27.1072229004515,36.7365374067799,24.7314234716047,26.4821541479404,32.2487575183432,29.2797061528319
gene-b3633,742.42791348407,717.186381325008,806.08927294993,873.252799601991,861.822462924477,866.84065617851,1542.48842569021,1332.1368207268,1252.39928460206,1383.18328203473,860.491237196767,1220.87502019081
gene-b3634,123.737985580678,109.222880091698,137.341553713618,104.790335952239,124.188081613962,155.278935640472,263.202390097932,260.654479695724,208.733214100344,251.580464405433,146.299241424679,176.565500739804
gene-b3635,271.391716273588,205.286377039819,287.360789308494,309.892788371578,309.39961712444,641.92632156525,499.297557295412,688.372736646089,730.071620881771,597.885557109269,283.159822112282,511.063961940338
gene-b3636,9035.99239240415,7470.5818106093,7846.42861100803,8153.94203854003,8000.49598190636,6975.54600055006,10979.299701228,11023.5852604202,11208.2811173313,15958.553507305,7426.65288995601,10562.8758105898
gene-b3637,26967.6021515537,26672.7536937185,27177.7805329449,23734.5632712336,27031.2489023356,23420.7058545147,43385.5474654451,32314.1580465732,31332.7350246455,48057.9799677796,25084.8140189025,35431.106236395
gene-b3638,134.136135629475,173.703857495231,177.487546337599,112.851131025488,105.988104136054,121.661846481194,229.974181381249,316.63396526796,183.012533689875,181.300901474361,275.294271498052,148.173058409786
gene-b3639,1354.87895135818,1439.63651590745,1371.30259015597,1450.04746928782,1462.42171969545,1407.91571026593,2474.62712284767,2763.98710012915,2190.21486264531,2688.95719040625,2395.06016203305,2298.90056490871
gene-b3640,1470.29841689982,1493.58998679612,1554.0725039441,1666.79329236852,1967.73874143502,1567.99708721487,2789.42067911097,2420.23807153714,2434.56132654477,2530.06426551861,1500.74705719509,2401.82316835503
gene-b3641,865.126084059868,698.763244923999,791.298644088463,995.060369597756,975.304675433787,919.667510571661,1735.73669217407,1873.56340774577,1797.47985791623,1662.26444497841,943.079518646183,1235.95850517863
gene-b3642,36.3935251707877,26.3187662871563,29.5812577229332,53.738633821661,70.6587360907025,41.6211580067244,488.804438753302,445.211846191689,348.218442480194,315.748760994674,121.916034520566,187.212666613561
gene-b3643,718.512168371838,585.592549889227,680.368927627464,927.88707732068,971.022327791927,766.789795585423,1440.18051990463,1341.75829480953,1250.42077072433,2152.18429671531,706.326445157858,1321.13583216869
gene-b3644,1343.44098630451,1011.95656374116,1038.51344077298,1384.6654648048,1705.44494837105,970.893551195321,1646.54518456613,1786.09546153915,1478.93912360196,2315.15139916417,1673.00261564673,1489.71595850317
gene-b3645,126.857430595317,206.602315354177,170.092231906866,260.632374035056,213.046795182573,197.700500531941,155.647925041302,153.068905861583,162.238137973727,293.340784407955,380.692649728734,499.529532243768
gene-b3646,202.763925951532,197.390747153672,176.431072847494,221.224042565838,198.05857843606,250.527354925091,522.032647469985,452.209281888219,487.703670860045,746.593038093857,438.111169212614,547.441778675675
gene-b3647,59.26945527814,59.2172241461016,68.6707768568092,42.9909070573288,37.4705418662816,43.2219717762138,40.2236210780893,64.7262801928979,51.4413608209378,34.6305092703835,78.6555061423005,27.5051785072057
gene-b3648,1937.17535409079,2051.54783208383,1899.53933520835,2551.68946263187,2632.5732128339,2009.82168759394,2332.97002252918,1612.03424858798,1787.58728852759,2922.20385578619,1791.7724299216,3211.89503858338
gene-b3649,300.506536410219,343.459900047389,304.26436515017,375.274792854599,298.693748019788,291.348106047071,429.343433681344,518.684921005249,400.649060239997,631.497521989347,413.7279623085,385.07249910088
gene-b3650,4476.40359600689,3955.71057295959,3960.71911440273,4153.10075051737,4389.40633290728,3732.29730356454,6531.09186591845,6317.80975450407,5601.17278784904,5740.51618376123,4178.180486279,4846.23500020508
gene-b3651,601.013072820437,606.647562918952,627.545253122226,531.116830937416,598.458082950041,514.661626890842,1085.16334256323,1039.11920093463,977.385855597819,785.297724925462,510.47423486353,680.531352097638
gene-b3652,1185.3891055628,1383.05116839006,1379.75437807681,1157.17191495977,1461.35113278498,1151.78550714762,1938.60365065487,1981.14898157991,1974.55684997292,1342.44150642252,1087.80564994802,1156.10476112545
gene-b3653,238.11763611744,186.863240638809,227.141800372523,310.788432268606,375.776005573281,395.401001063882,498.423130750237,459.206717584748,439.2300808557,561.217959058275,397.210306018617,509.289434294712
gene-b3654,3379.39876585886,3428.0193089021,3355.35980457271,3503.7589251723,3342.37233447232,3832.34816415762,7297.96394603767,5628.56233839592,5573.47359356084,5650.88427741435,2876.43185962393,5073.37453884523
gene-b3655,764.264028586542,740.873270983449,764.886806835844,615.307357258018,646.634493920974,753.182878544763,579.744799451591,652.510878701376,638.070725567402,554.088148326137,1230.17211606558,577.60874865132
gene-b3656,134.136135629475,127.646016492708,111.986189951104,80.6079507324915,90.9998873895411,111.256556979513,98.8101996048714,118.081727378935,128.603402052345,112.039882933594,161.243787591716,117.118824611328
gene-b3657,41.592600195186,52.6375325743125,40.1459926239808,23.2867413227198,39.611715687212,30.4154616202986,40.2236210780893,28.8644222481842,27.6991942881973,17.3152546351918,39.3277530711502,25.7306508615795
gene-b3658,18.7166700878337,10.5275065148625,27.4683107427237,31.3475363959689,39.611715687212,19.2097652338728,31.4793556263307,38.4858963309122,27.6991942881973,56.0199414667969,38.5411980097272,33.7160252668973
gene-b3659,15.5972250731947,15.7912597722938,10.5647349010476,19.704165734609,18.1999774779082,29.6150547355539,18.3629574486929,15.7442303171914,14.8388540829628,18.3337990254972,13.3714360441911,18.6325402790748
gene-b3660,219.400966029606,230.289205012617,198.617016139694,285.710403151831,291.199639646531,244.124099847134,220.355489384315,215.171147668282,212.690241855801,292.322240017649,316.981689753471,259.968300084235
gene-b4797,0.0,2.63187662871563,2.11294698020951,0.895643897027683,1.07058691046519,0.8004068847447,1.74885309035171,5.24807677239712,1.97851387772838,2.0370887806108,3.14622024569202,1.77452764562617
gene-b3661,340.019506595645,285.558614215645,345.466831264256,141.511735730374,144.529232912801,184.093583491281,157.396778131654,123.329804151332,146.4100269519,249.543375624823,292.598482849358,253.757453324543
gene-b4555,16.6370400780744,44.7419026881656,34.863625173457,18.8085218375813,29.9764334930253,32.8166822745327,14.8652512679895,19.2429481654561,11.8710832663703,24.4450653673296,27.5294271498052,30.166969975645
gene-b3662,137.255580644114,65.7969157178907,67.6143033667045,191.667793963924,208.764447540712,132.86754286762,104.056758875927,61.2275623446331,45.5058191877527,258.710275137571,84.9479466336845,204.957943069823
gene-b3663,70.7074203318162,65.7969157178907,66.5578298765997,74.3384434532977,87.7881266581455,70.4358058575336,80.4472421561785,107.585573834141,85.0760967423202,105.928616591761,143.153021178987,104.697131091944
gene-b3664,20.796300097593,15.7912597722938,22.1859432921999,8.95643897027683,16.0588036569778,15.2077308101493,15.7396778131654,21.8669865516547,22.7529095938763,16.2967102448864,35.3949777640352,9.75990205094396
gene-b3665,194.445405912494,309.245503874086,343.353884284046,220.32839866881,216.258555913968,260.932644426772,679.429425601638,666.505750094435,657.855864344686,341.212370752309,712.618885649242,330.949405909282
gene-b3666,103.981500487965,90.7997436906891,122.550924852152,102.103404261156,74.9410837325632,96.048826169364,10.4931185421102,11.3708330068604,8.9033124497777,57.0384858571023,25.1697619655361,117.118824611328
gene-b3667,112.300020527002,107.906941777341,86.6308261885901,75.2340873503254,71.7293230011677,93.6476055151299,92.6892137886405,103.21217652381,102.882721641876,69.2610185407671,88.0941668793765,78.0792164075517
gene-b3668,206.92318597105,142.121337950644,152.132182575085,188.980862272841,177.717427137221,194.498872992962,183.629574486929,209.923070895885,155.313339401678,153.800202936115,171.469003390215,167.692862511674
gene-b3669,376.413031766433,335.564270161242,385.612823888236,306.310212783468,361.858375737234,331.368450284306,237.844020287832,242.286210992334,209.722471039208,249.543375624823,248.551399409669,244.884815096412
gene-b3670,292.188016371181,360.567098134041,296.869050719437,252.571578961807,196.987991525595,337.771705362264,190.624986848336,177.559930799436,155.313339401678,156.855836107031,300.464033463588,177.452764562617
gene-b3671,2127.46149998376,2587.13472602746,2271.41800372523,1757.25332596831,1647.63325520593,2225.93154647501,1586.209752949,1303.27239847862,1190.07609745362,1176.41877080274,1842.11195385268,1432.04381002032
gene-b3672,221.480596039365,264.50360118592,201.786436610009,154.946394185789,125.258668524427,192.097652338728,279.816494456273,535.303830784507,263.142345737874,220.005588305966,431.81872872123,207.619734538262
gene-b4616,6.2388900292779,15.7912597722938,9.50826141094281,2.68693169108305,5.35293455232595,11.2056963864258,11.3675450872861,7.87211515859569,10.8818263275061,9.16689951274859,13.3714360441911,24.8433870387664
gene-b4618,316.103761483413,290.822367473077,274.683107427237,586.646752553132,582.399279293063,554.681971128077,356.766030431748,368.240053529865,372.949865951799,717.055250775001,504.181794372146,1020.35339623505
gene-b4798,1.03981500487965,1.31593831435781,1.05647349010476,1.79128779405537,1.07058691046519,0.8004068847447,6.12098581623097,7.87211515859569,0.0,1.0185443903054,1.57311012284601,0.0
gene-b3673,505.35009237151,506.636251027758,581.060419557616,695.019664093482,617.728647338414,765.188981815933,1124.51253709615,929.784268176357,864.610564567301,667.146575650036,564.746534101717,755.94877703675
gene-b3674,43.6722302049453,81.5881754901844,92.9696671292186,25.0780291167751,20.3411512988386,27.2138340813198,38.4747679877376,56.8541650343022,38.5810206157034,14.2596214642756,235.966518426901,15.0834849878225
gene-b3675,32.2342651512691,43.4259643738078,22.1859432921999,45.6778387484118,29.9764334930253,44.8227855457032,24.4839432649239,32.3631400964489,15.828111021827,21.3894321964134,26.7428720883822,26.6179146843926
gene-b3676,31.1944501463895,17.1071980866516,16.9035758416761,19.704165734609,21.4117382093038,28.8146478508092,23.609516719748,20.9923070895885,20.774395716148,26.4821541479404,36.1815328254582,26.6179146843926
gene-b3677,39.5129701854267,35.530334487661,32.7506781932475,42.9909070573288,25.6940858511645,24.012206542341,30.6049290811549,41.984614179177,46.4950761266169,42.7788643928267,55.0588542996103,29.2797061528319
gene-b3678,46.7916752195842,39.4781494307344,51.7672010151331,30.4518924989412,29.9764334930253,32.016275389788,19.2373839938688,32.3631400964489,32.6454789825182,19.3523434158026,41.6874182554192,22.1815955703272
gene-b3679,11.4379650536761,13.1593831435781,17.9600493317809,11.6433706613599,6.42352146279113,16.008137694894,6.99541236140683,12.2455124689266,5.93554163318513,6.11126634183239,14.1579911056141,8.87263822813087
gene-b3680,44.7120452098249,40.7940877450922,57.0495684656569,39.408331469218,22.482325119769,39.2199373524903,26.2327963552756,38.4858963309122,44.5165622488885,37.6861424412997,70.7899555280704,31.0542337984581
gene-b3681,27.0351901268709,19.7390747153672,28.5247842328284,29.5562486019135,27.8352596720949,30.4154616202986,28.8560759908032,23.6163454757871,19.7851387772838,34.6305092703835,26.7428720883822,39.9268720265889
gene-b3682,0.0,1.31593831435781,0.0,1.79128779405537,4.28234764186076,1.6008137694894,2.62327963552756,4.37339731033094,5.93554163318513,1.0185443903054,2.35966518426901,1.77452764562617
gene-b3683,2.0796300097593,5.26375325743125,3.16942047031427,3.58257558811073,4.28234764186076,3.2016275389788,0.874426545175853,13.1201919309928,4.94628469432094,4.07417756122159,3.14622024569202,4.43631911406544
gene-b3684,9.35833504391684,5.26375325743125,2.11294698020951,8.95643897027683,3.21176073139557,11.2056963864258,10.4931185421102,10.4961535447942,14.8388540829628,31.5748760994674,8.65210567565305,10.647165873757
gene-b3685,483.513977269037,564.537536859502,619.093465201388,334.075173591326,310.470204034905,425.816462684181,584.991358722646,870.306064755856,743.92121802587,427.788643928267,1813.00941658003,324.73855914959
gene-b3686,166.370400780744,72.3766072896797,143.680394654247,761.29731247353,508.528782470965,2004.21883940073,160.020057767181,502.940690688058,1063.451209279,1182.53003714457,486.091027959417,1733.71350977677
gene-b3687,706.034388313282,421.1002605945,596.907521909188,704.871746960786,474.270001336079,2437.23896404761,612.973008168273,1831.5787935666,1923.11548915198,1037.8967337212,753.519748843238,1015.02981329817
gene-b3688,804.816813776848,790.878926929046,722.627867231654,426.326494985177,584.540453113993,458.633144958713,422.348021319937,655.134917087574,584.650850868736,285.192429285512,815.657598695656,348.694682365543
gene-b3689,307.785241444376,336.8802084756,342.297410793941,291.979910431025,290.129052736066,243.323692962389,278.067641365921,270.275953778452,288.863026148343,323.897116117117,409.795187001385,247.546606564851
gene-b3690,12.4777800585558,15.7912597722938,22.1859432921999,20.5998096316367,19.2705643883734,31.2158685050433,20.9862370842205,18.3682687033899,16.8173679606912,23.4265209770242,22.0235417198441,23.0688593931403
gene-b3691,35.3537101659081,28.9506429158719,27.4683107427237,34.9301119840796,27.8352596720949,36.0183098135115,28.8560759908032,40.2352552550446,30.6669651047899,26.4821541479404,32.2487575183432,34.6032890897104
gene-b4478,64.4685303025383,47.3737793168813,55.9930949755521,35.8257558811073,35.3293680453512,44.8227855457032,47.2190334394961,73.4730748135597,63.3124440873081,17.3152546351918,70.0034004666474,25.7306508615795
gene-b4477,20.796300097593,23.6868896584406,23.2424167823047,10.7477267643322,13.9176298360475,24.8126134270857,27.9816494456273,39.3605757929784,26.7099373493331,10.185443903054,43.2605283782653,12.4216935193832
gene-b3693,56.1500102635011,77.640360547111,90.8567201490091,52.8429899246333,50.3175847918639,67.2341783185548,98.8101996048714,119.831086303068,123.657117358024,36.6675980509943,178.547998943022,68.3193143566077
gene-b4479,247.475971161357,271.08329275771,320.111467501741,153.155106391734,154.164515106987,228.11596215224,316.542409353659,449.58524350202,415.487914322959,142.596214642756,479.01203240661,162.369279574795
gene-b3696,77.9861253659737,68.4287923466063,98.2520345797424,112.851131025488,87.7881266581455,155.278935640472,109.303318146982,117.207047916869,100.904207764147,75.3722848825995,101.465602923568,136.638628713215
gene-b3697,1167.71225047985,1165.92134652102,1096.61948272874,906.391623792015,1013.84580421053,727.569858232932,832.454071007413,821.32401488015,800.308863541129,907.52305176211,1457.48652881683,899.685516332471
gene-b3698,15.5972250731947,14.4753214579359,10.5647349010476,10.7477267643322,13.9176298360475,17.6089514643834,14.8652512679895,30.6137811723166,20.774395716148,34.6305092703835,14.9445461670371,10.647165873757
gene-b3699,7610.40602071415,8091.70469498619,8104.20814259359,9412.32171386392,11476.6916801868,8008.07088187073,12006.7508918096,9764.04683504485,10210.1208660173,13140.2411793299,9205.05388383342,11896.4333362779
gene-b3700,423.204706986017,384.253987792481,361.313933615827,348.405475943769,471.058240604683,373.790015175775,655.81990888189,608.776905598066,559.919427397131,621.312078086293,265.855610760976,448.068230520609
gene-b3701,1833.19385360282,1734.4066983236,1941.79827481254,1519.90769325598,2117.62090890014,1636.83207930291,2524.46943592269,1905.05186838016,2078.42882855366,2161.35119622806,1168.82082127458,2047.80490305261
gene-b3702,4364.10357547989,4095.20003428151,4240.68458928049,3278.95230701835,4482.54739411775,3493.77605191062,4805.84829228649,3699.89412453997,3953.0707277013,4081.30737195373,2458.77112200831,4249.99371127469
gene-b4757,9.35833504391684,19.7390747153672,9.50826141094281,17.9128779405537,9.6352821941867,16.8085445796387,1.74885309035171,3.49871784826475,0.989256938864189,3.0556331709162,3.93277530711502,14.1962211650094
gene-b3703,9226.27853829713,10116.9337607829,9587.49692270067,9002.11680902524,10530.2928513356,9053.4022733473,17623.1925914742,12756.3252747733,13660.6490687756,17396.7381864162,10448.5974359432,15823.4630160486
gene-b3704,7969.14219739763,9245.78259667799,8534.19285306623,9163.33271049022,8922.27131181688,7186.05301123792,12551.5186294542,7724.2943295065,8550.14772260318,11243.7115245813,6529.98011993378,12678.1127641762
gene-b4557,911.917759279452,835.620829617211,714.176079310816,1024.61661819967,1150.88092875008,770.791830009146,1521.50218860599,1252.54098967878,1203.92569459772,1652.07900107536,888.020664346572,1459.54898852753
gene-b3705,12386.2763381264,13987.1083433092,12715.7149269009,14075.9394856871,15164.8635867394,10830.3055574805,25957.3519935452,21408.654513532,21331.3473727285,21488.231002273,14198.1054137467,20171.9430116555
gene-b3706,1091.80575512363,1042.22314497139,1124.08779347146,1186.72816356168,1111.26921306287,1126.17248683579,1901.00330921231,1496.57655959525,1446.29364461944,1660.2273561978,1042.18545638548,1517.22113701038
gene-b3707,0.0,2.63187662871563,3.16942047031427,0.0,0.0,0.0,0.0,0.874679462066187,0.0,0.0,1.57311012284601,0.0
gene-b3708,7085.29944324993,8582.54968624166,5960.62343117104,471.108689836561,739.775555131446,959.687854808896,709.159928137617,3490.84573310615,4015.39391484974,492.975484907813,6535.48600536375,846.449686963685
gene-b3709,1273.77338097757,1546.22751937043,971.955610896377,43.8865509543565,65.3058015383765,80.04068847447,78.6983890658268,427.718256950366,461.982990449576,49.9086751249645,873.862673240958,72.7556334706732
gene-b3710,40.5527851903063,44.7419026881656,32.7506781932475,42.0952631603011,32.1176073139557,22.4113927728516,59.461005071958,70.8490364273612,74.1942704148142,77.4093736632103,49.5529688696493,58.5594123056638
gene-b3711,176.76855082954,140.805399636286,169.035758416761,136.137872348208,167.011558032569,144.873646138791,198.494825754919,252.782364537128,193.894360017381,195.560522938636,238.32618361117,160.594751929169
gene-b3712,931.674244372166,771.139852213678,627.545253122226,410.204904838679,568.481649457015,307.356243741965,355.891603886572,496.817934453594,405.595344934317,327.971293678338,582.837300514446,346.032890897104
gene-b3713,1483.81601196326,1363.31209367469,1478.00641265656,813.244658501136,1174.43384078031,743.577995927826,524.655927105512,606.152867211868,646.97403801718,679.369108333701,833.748365108385,741.752555871741
gene-b3714,4777.94994742199,4446.55556421505,3869.86239425373,5428.49765988479,5408.60507167014,3466.5622178293,8655.0739441506,5823.61585843667,5220.30886638632,7404.81771752025,4333.13183337933,6940.17762204397
gene-b3715,408.647296917702,381.622111163766,409.911714160646,474.691265424672,473.199414425614,389.798152870669,476.56246712084,453.958640812351,499.574754126415,541.865615642472,412.941407247077,601.564871867273
gene-b3716,139.335210653873,113.170695034772,121.494451362047,200.624232934201,134.893950718614,153.678121870982,126.791849050499,90.0919845928173,82.1083259257277,151.763114155504,92.8134972479145,137.525892536029
gene-b3717,53.0305652488621,46.0578410025235,44.3718865843998,95.8338969819621,51.3881717023291,80.04068847447,55.0888723460788,62.9769212687655,78.1512981702709,116.114060494815,56.6319644224563,102.035339623505
gene-b3718,16.6370400780744,23.6868896584406,24.2988902724094,9.85208286730451,25.6940858511645,21.6109858881069,18.3629574486929,24.4910249378532,16.8173679606912,15.278165854581,18.0907664127291,21.2943317475141
gene-b3719,24.9555601171116,15.7912597722938,20.0729963119904,23.2867413227198,18.1999774779082,38.4195304677456,20.9862370842205,40.2352552550446,25.7206804104689,16.2967102448864,17.3042113513061,13.3089573421963
gene-b3720,17.676855082954,21.055013029725,10.5647349010476,17.017234043526,17.129390567443,33.6170891592774,12.2419716324619,19.2429481654561,20.774395716148,29.5377873188566,13.3714360441911,31.0542337984581
gene-b3721,13.5175950634354,27.6347046015141,17.9600493317809,15.2259462494706,12.8470429255823,16.008137694894,19.2373839938688,27.989742786118,12.8603402052345,23.4265209770242,23.5966518426901,19.5198041018879
gene-b3722,10.3981500487965,7.89562988614688,11.6212083911523,6.26950727919378,3.21176073139557,12.0061032711705,7.86983890658268,6.9974356965295,5.93554163318513,11.2039882933594,8.65210567565305,15.9707488106356
gene-b3723,18.7166700878337,23.6868896584406,19.0165228218856,8.95643897027683,7.49410837325632,14.4073239254046,42.8469007136168,35.8618579447137,30.6669651047899,16.2967102448864,36.1815328254582,16.8580126334487
gene-b3724,433.602857034814,618.491007748172,1006.81923606983,514.995240790918,362.928962647699,785.199153934551,1003.84167386188,1046.11663663116,1058.50492458468,493.994029298118,740.93486786047,533.245557510666
gene-b3725,477.275087239759,688.235738409136,974.068557876586,472.004333733589,390.764222319794,891.653269605596,893.663929169722,814.32657918362,829.986571707055,449.178076124681,483.731362775148,437.421064646852
gene-b3726,126.857430595317,88.1678670619735,215.52059198137,124.494501686848,105.988104136054,325.765602091093,315.667982808483,321.007362578291,268.088630432195,222.042677086577,99.8924928007216,187.212666613561
gene-b3727,218.361151024726,176.335734123947,289.473736288703,206.893740213395,134.893950718614,509.859185582374,417.975888594058,430.342295336564,399.659803301132,391.121045877273,125.062254766258,306.106018870515
gene-b3728,353.537101659081,293.454244101792,680.368927627464,433.491646161399,272.999662168623,950.883379076704,633.959245252494,786.336836397502,764.695613742018,833.169311269816,202.931205847135,558.088944549432
gene-b3729,8611.74787041326,8466.74711457817,9367.75043675888,8309.78407662284,8681.38925696222,8819.68346300185,14726.2174473065,13069.460522193,12523.0035890818,11939.3773431599,9439.44729213748,10671.121996973
gene-b3730,6089.15666857523,7257.39980368334,7257.97287701968,6347.42829823519,6899.93263794814,5688.49172988058,10493.1185421102,8612.09398350368,8351.30707789148,8175.85582098143,6974.38372963778,7996.90883501436
gene-b3731,11053.2335018707,10074.8237347234,9806.18693515236,10257.8095526581,11789.3030580427,7601.46418442042,17149.2534039888,17071.1190611458,17496.9874776909,18204.4438879284,16292.7015423161,14564.4356514768
gene-b3732,48508.4097926405,46397.3530876278,42489.2508250331,40037.0734849315,51104.4661710558,30589.1499142882,57255.7013250245,61770.7382905762,56783.3482908044,60114.4899158246,55958.6732898782,45519.2959017798
gene-b3733,20247.2777750165,18888.978564292,16520.0759647681,16925.8783660292,20482.46877102,12459.9339748207,26021.185131343,29104.9591002524,26756.4324254597,29795.4790496038,23175.0583297674,19896.8912265835
gene-b3734,71132.7046688119,76011.228913936,66848.3600863785,63948.9742477766,75859.6473017424,48864.8403136639,92332.4477582087,85275.9994746809,84719.9642443291,96969.5001346352,77259.3709082746,78553.9025527567
gene-b3735,17410.6624417048,17767.7991204592,15813.295199888,16401.0310423709,20880.727101713,13077.0476829589,23860.4771382135,23754.5448307935,24119.0734264478,29079.4423432191,18988.2257378128,23261.3956426907
gene-b3736,17173.5846205923,19281.1281819707,16981.7548799439,17610.1503033583,20715.8567175014,14256.8474310726,25216.7127097813,23759.7929075659,25313.1065516569,30550.2204428201,19975.3523398986,23952.5741606621
gene-b3737,13156.7792567422,12438.24894731,11107.7622749614,11364.8254093843,9868.67014066811,8988.56931568298,16295.8130958972,16569.0530499198,14447.1083351726,19222.9882782338,11895.8587489615,13340.0115759948
gene-b3738,16626.6419280256,17449.3420483846,15679.1230666447,14917.8447488931,16362.85033955,11208.8980139648,18328.8548134311,17842.5863466882,15706.4324183467,20155.9749397535,11137.6196697497,16240.4770127708
gene-b3739,1481.7363819535,1258.03702852607,1298.40591933875,1144.63290040138,1079.15160574891,974.0951787343,2663.50325660565,3140.09926881761,2618.56311717351,3256.28641580636,1345.00915503334,2187.99258705707
gene-b3740,605.172332839956,560.589721916428,578.947472577407,611.724781669907,581.328692382598,564.286853745014,1153.36861308695,774.091323928576,675.662489244241,713.999617604084,568.679309408832,730.218126175171
gene-b3741,2555.86528199418,2410.79899190351,2518.63280040974,2753.2093394631,2925.91402630136,2809.4281654539,4919.52374315935,3533.7050267474,3536.59355643948,3486.47744801538,2313.25843564506,3698.11561348495
gene-b3742,1595.07621748538,1630.44757148933,1713.60000094992,2007.13797323904,1790.0213142978,1942.58750927539,2330.34674289365,2144.71404098629,2217.91405693351,2042.18150256232,1623.44964677708,2267.84633111025
gene-b3743,123.737985580678,169.756042552158,191.221701708961,403.935397559485,263.364379974437,270.537527043709,210.736797387381,143.447431778855,151.356311646221,307.60040587223,221.021972259864,422.33757965903
gene-b3744,1011.7399997479,860.62365759001,1244.5257713434,1597.82871229739,1861.75063729896,1068.54319113417,4943.1332598791,4152.10340642819,3039.98657312965,3210.45191824262,4243.46455637711,3434.59825810946
gene-b3745,263.073196234551,307.929565559728,298.981997699646,264.214949623166,319.034899318626,314.559905704667,283.314200636977,296.516337640437,328.433303702911,256.67318635696,320.914465060586,220.928691880459
gene-b3746,370.174141737155,360.567098134041,426.815290002322,243.61513999153,311.54079094537,341.773739785987,336.654219892704,397.104475778049,351.186213296787,294.35932879826,375.186764298773,237.786704513907
gene-b3747,555.261212605733,473.737793168813,533.519112502902,422.743919397066,423.952416544215,490.649420348501,1143.74992109002,972.6435618176,885.384960283449,978.821159083488,548.228877811834,658.349756527311
gene-b3748,3694.46271233739,7040.2699818143,6781.50333298244,2613.48889152678,1606.95095260825,2768.60741433192,5734.48928326325,7762.78022583741,7046.47717552962,2460.80324697784,9798.90295520779,3406.20581577944
gene-b3749,1931.97627906639,3853.06738443968,3980.79211071472,1165.23271003302,860.751876014012,1151.78550714762,3608.75835194075,4332.28737561383,3270.48343988501,1042.98945567273,5331.27020632513,994.622745373471
gene-b3750,2179.45225022774,3809.64142006587,3159.91220890333,904.60033599796,807.222530490753,902.858965992022,2157.21028694883,3479.47490009929,2612.62757554032,650.84986540515,4358.30159534487,621.084675969161
gene-b3751,7236.07261895748,7065.2728097871,5528.52577371819,1879.95653986111,2950.53752524206,1949.79117123809,3109.46079464534,8616.46738081401,7250.26410493564,1693.83932107788,8761.43682919085,1568.68243873354
gene-b3752,2538.18842691122,3597.77535145426,2860.93021120368,1076.56396422727,1111.26921306287,1003.71023346985,2325.97461016777,4178.34379029018,3994.61951913359,959.468815667685,4545.50169996354,1012.36802182973
gene-b3753,715.392723357199,1129.075073719,907.510727999986,420.952631603011,568.481649457015,426.616869568925,592.861197629229,1071.48234103108,1038.7197858074,220.005588305966,1257.70154321538,299.895172110824
gene-b3754,308.825056449256,285.558614215645,345.466831264256,369.900929472433,453.92885003724,333.76967093854,248.337138829942,168.813136178774,229.507609816492,328.989838068644,446.763274888267,316.753184744272
gene-b3755,719.551983376717,831.673014674138,797.637485029092,840.113975411967,994.575239822161,738.775554619358,601.605463080987,488.945819294999,509.467323515057,892.244885907529,1047.69134181544,871.293074002452
gene-b3756,20304.4676002849,27747.8752965488,16742.9918711802,26904.2470228146,38776.6578970491,26426.233706731,25897.0165619281,68412.1794460448,43465.9713798147,24413.4904912301,29070.2885151328,31163.3672486641
gene-b3757,120.618540566039,92.1156820050469,104.590875520371,95.8338969819621,119.905733972101,91.2463848608958,146.903659589543,195.05352004076,116.732318785974,264.821541479404,106.971488353529,139.300420181655
gene-b3758,68167.1522748952,105736.959496965,72049.3790781642,107912.550577277,142625.729385993,97793.7131781075,78876.7720810427,190578.659912829,118415.044838982,71416.2584706533,96510.3060366027,72664.2452969234
gene-b3759,2.0796300097593,6.57969157178906,4.22589396041903,3.58257558811073,1.07058691046519,4.8024413084682,3.49770618070341,15.7442303171914,2.96777081659257,2.0370887806108,2.35966518426901,7.0981105825047
gene-b3760,111.260205522122,103.959126834267,118.325030891733,95.8338969819621,92.0704743000063,83.2423160134488,215.983356658436,348.122425902343,157.291853279406,201.671789280469,109.331153537798,200.521623955758
gene-b3761,748.666803513347,605.331624604594,704.667817899873,676.211142255901,569.552236367481,563.486446860269,1388.58935373926,1144.08073638257,963.53625845372,1535.96494058054,746.440753290431,1074.47648942665
gene-b4480,356.65654667372,313.193318817159,302.151418169961,226.597905948004,231.246772660481,224.113927728516,214.234503568084,259.779800233658,231.48612369422,231.209576599325,431.032173659807,264.4046191983
gene-b3764,2538.18842691122,2363.42521258663,3258.16424348307,2762.16577843337,2504.10278357808,3631.44603608671,8176.76262393941,8134.51899721554,7725.10743559045,6999.4370501787,4200.20402799885,4777.91568584848
gene-b3765,40.5527851903063,34.2143961733031,29.5812577229332,22.3910974256921,23.5529120302342,35.2179029287668,21.8606636293963,41.984614179177,24.7314234716047,20.370887806108,51.9126340539183,30.166969975645
gene-b3766,18.7166700878337,31.5825195445875,26.4118372526189,21.4954535286644,12.8470429255823,20.0101721186175,18.3629574486929,81.3451899721554,33.6347359213824,33.6119648800781,108.544598476375,16.8580126334487
gene-b4669,21.8361151024726,18.4231364010094,15.8471023515714,16.1215901464983,16.0588036569778,26.4134271965751,22.7350901745722,24.4910249378532,21.7636526550122,13.2410770739702,45.6201935625343,9.75990205094396
gene-b3769,38.473155180547,59.2172241461016,35.9200986635617,75.2340873503254,65.3058015383765,100.050860593088,30.6049290811549,19.2429481654561,22.7529095938763,40.7417756122159,54.2722992381873,71.8683696478601
gene-b3770,891.121459181859,898.785868706386,703.611344409768,520.369104173084,601.669843681436,489.849013463757,373.380134790089,376.112168688461,402.627574117725,363.620347339027,677.223907885207,449.842758166235
gene-b3771,1493.17434700718,1534.38407454121,1205.43625220953,984.312642833424,1149.81034183961,1018.91796428,675.931719420935,694.495492880553,714.243509859944,521.494727836364,1154.66283016897,897.023724864031
gene-b3772,618.689927903391,554.010030344639,514.502589681017,386.022519618931,415.387721260493,390.598559755414,311.295850082604,316.63396526796,341.293643908145,245.469198063601,431.032173659807,313.20412945302
gene-b3773,194.445405912494,178.967610752663,186.995807748542,257.945442343973,254.799684690715,218.511079535303,240.46729992336,245.784928840599,202.797672467159,309.637494652841,343.724561841853,309.655074161768
gene-b3774,195.485220917374,206.602315354177,189.108754728752,188.980862272841,178.788014047687,195.299279877707,107.55446505663,127.703201461663,111.786034091653,132.410770739702,357.095997886044,120.66787990258
gene-b3775,259.953751219912,169.756042552158,237.70653527357,274.067032490471,223.752664287225,229.716775921729,349.770618070341,443.462487267557,347.22918554133,521.494727836364,373.613654175927,352.243737656796
gene-b3778,829.77237389396,739.557332669091,877.929470277053,920.721926144458,939.975307388436,856.435366676829,1518.87890897046,1207.9323371134,1123.79588254972,1329.20042934854,727.563431816279,1093.99629352854
gene-b3779,2370.7782111256,2439.74963481939,2200.63427988821,2258.81390830382,2632.5732128339,1613.62027964532,2724.71311476796,2720.25312702584,2765.96240106427,2232.64930354943,3113.97148817368,2213.72323791865
gene-b3780,6734.88178660549,7427.1558462355,6235.30653859828,6368.92375176385,7622.57880251215,4731.20509572592,7267.35901695652,6679.05237233741,6779.37780203629,6376.08788331179,7944.20612037235,7493.83024747934
gene-b3781,5816.72513729676,5645.37536859502,6131.77213656801,5098.9007057786,5474.98146011898,4856.0685697461,7872.46218621821,7273.83440654241,6556.79499079184,8146.31803366258,8246.24326395878,7395.34396314708
gene-b3782,1439.10396675343,1713.35168529387,1436.80394654247,1673.06279964771,1745.05666405826,1269.44531920509,1278.4116090471,1030.37240631397,940.783348859844,1242.62415617259,1231.74522618843,1373.48439771466
gene-b3783,21562.6437561893,26651.6986806888,21951.4061773966,26077.567705858,28387.682517895,19278.6002259609,26297.5039196186,21622.0763022761,23823.2856017274,21899.7229359564,19387.0091539542,28427.0456191085
gene-b3784,2425.88840638422,2579.23909614131,2334.80641313151,2242.69231815732,2415.24407000947,2116.27580326499,3691.82887373245,3461.1066313959,3452.50671663602,2983.31651920451,2704.96285623371,3142.68846040396
gene-b3785,1348.6400613289,1335.67738907318,1265.6552411455,1332.71811877719,1348.93950718614,1174.19689992048,2133.60077022908,1949.66052094553,2045.78334957114,1881.25148889407,1494.45461670371,1759.44416063835
gene-b3786,1893.50312388584,1921.26993896241,1992.50900233757,1936.38210537385,2185.06788425945,1613.62027964532,3064.86504084137,2432.48358400607,2573.05729798576,2135.88758647042,1656.48495935685,2237.67936113461
gene-b3787,1681.38086289039,1809.41518224199,1818.19087647029,1688.28874589718,2037.32689061525,1344.6835663711,2931.95220597464,2622.28902727443,2586.90689512985,2042.18150256232,1559.73868680182,1886.32288730062
gene-b3788,1199.94651563112,1446.21620747924,1314.25302169032,1196.58024642898,1438.86880766521,928.471986303852,1799.56982997191,1594.54065934666,1582.8111021827,1238.54997861136,1142.86450424763,1206.6787990258
gene-b3789,724.751058401116,592.172241461016,622.262885671702,627.846371816406,771.893162445401,472.240061999373,1022.20463131057,1134.45926229985,971.450313964633,783.260636144851,703.966779973589,594.466761284768
gene-b3790,489.752867298315,421.1002605945,497.599013839341,446.030660719786,544.928737426781,378.592456484243,831.579644462237,845.815039818003,738.974933331549,526.587449787891,589.916296067253,481.784255787506
gene-b3791,844.329783962275,881.678670619735,843.065845103596,792.644848869499,860.751876014012,650.730797297441,1295.02571340544,1139.70733907224,1152.48433377678,913.634318103942,1106.68297142217,790.552066126461
gene-b3792,472.076012215361,467.158101597024,416.250555101274,441.552441234648,486.046457351196,344.174960440221,705.662221956914,675.252544715097,579.704566174415,509.272195152699,568.679309408832,409.915886139646
gene-b4481,556.301027610612,622.438822691245,630.71467359254,540.968913804721,688.387383429117,481.044537731565,816.714393194247,830.070809500812,717.211280676537,562.23650344858,608.007062479983,591.804969816329
gene-b3793,420.085261971378,514.531880913905,432.097657452846,408.413617044623,479.622935888405,336.971298477519,715.280913953848,621.022418066993,637.081468628538,417.603200025213,405.075856632847,527.921974573787
gene-b3794,291.148201366302,251.344218042342,262.00542554598,223.015330359893,306.187856393044,200.101721186175,449.455244220389,507.314087998389,402.627574117725,305.56331709162,309.116139139241,280.375368008936
gene-b3795,1376.71506646066,1612.02443508832,1473.78051869614,954.75639423151,873.598918939594,808.410953592147,2178.19652403305,1639.14931191204,1379.02417277668,1169.2889600706,1356.80748095468,1121.50147203574
gene-b3796,44.7120452098249,48.6897176312391,48.5977805448188,35.8257558811073,41.7528895081424,41.6211580067244,74.3262563399475,92.7160229790158,55.3983885763946,56.0199414667969,46.4067486239573,31.0542337984581
gene-b3797,544.863062556936,334.248331846884,469.074229606512,412.891836529762,350.081919722117,305.755429972475,729.271738676662,794.208951556098,726.114593126315,783.260636144851,466.427151423842,502.191323712207
gene-b3798,1232.18078078238,1246.19358369685,1340.66485894294,1082.83347150647,976.375262344252,958.887447924151,2186.94078948481,2078.23840186926,1787.58728852759,1907.73364304201,1005.2173684986,1402.76410386749
gene-b3799,555.261212605733,467.158101597024,555.705055795102,491.708499468198,416.458308170959,382.594490907967,779.988478296861,586.035239584346,639.059982506266,790.390446876989,410.581742062808,560.750736017871
gene-b3800,40.5527851903063,75.0084839183953,72.8966708172282,73.44279955627,61.0234538965158,83.2423160134488,62.9587112526615,56.8541650343022,48.4735900043453,90.6504507371805,110.904263660644,77.1919525847386
gene-b3801,53.0305652488621,71.0606689753219,105.647349010476,45.6778387484118,57.8116931651202,67.2341783185548,75.2006828851234,65.600959654964,83.0975828645919,66.2053853698509,95.1731624321836,62.9957314197292
gene-b4456,1246.7381908507,1263.3007817835,1304.74476027938,1528.86413222625,1285.77487946869,1662.44509961474,4046.84605107385,4834.35338683982,2867.85586576728,3318.41762361499,3611.07428699301,3699.89014113057
gene-b3802,1687.61975291967,1629.13163317497,1553.01603045399,1468.8559911254,1585.53921439894,1308.66525655758,1775.08588670698,1963.65539233859,1843.97493404285,1462.62974447855,2032.45827871704,1610.38383840575
gene-b3803,1811.35773850035,1751.51389641025,1677.67990228635,1335.40505046828,1519.1628259501,1287.85467755422,1530.24645405774,1924.29481654561,1754.94180954507,1432.07341276939,2199.99450680014,1519.88292847882
gene-b3804,765.303843591422,688.235738409136,755.378545424901,565.151299024468,555.634606531433,476.242096423097,626.089406345911,759.221773073451,718.200537615401,451.215164905292,1153.08972004612,455.166341103114
gene-b3805,1191.62799559208,1075.12160283033,1168.45968005586,846.38348269116,937.834133567506,771.592236893891,1310.7653912186,1431.85027940235,1308.78693011732,895.300519078445,1927.84645554778,771.919525847386
gene-b3806,4381.78043056284,3189.83447400334,3373.31985390449,4299.98634962991,4345.5122695782,4074.07104335052,2473.75269630249,2489.33774904037,2516.6696524705,3555.73846655615,3668.49280647689,3201.24787270962
gene-b3807,378.492661776192,389.517741049913,469.074229606512,340.34468087052,334.023116065139,388.19733910118,675.931719420935,701.492928577082,626.199642301032,555.106692716442,557.66753854891,505.74037900346
gene-b3808,32.2342651512691,40.7940877450922,27.4683107427237,42.9909070573288,38.5411287767468,45.6231924304479,18.3629574486929,17.4935892413237,24.7314234716047,25.463609757635,47.1933036853803,39.9268720265889
gene-b4558,387.850996820109,211.866068611608,233.480641313151,177.337491611481,152.023341286057,164.083411372664,335.779793347528,441.713128343425,324.476275947454,256.67318635696,471.14648179238,154.383905169477
gene-b3809,1292.4900510654,1230.40232392456,1177.9679414668,841.009619308994,1079.15160574891,877.245945680191,1142.00106799966,1465.96277842293,1278.11996501253,963.542993228907,1716.263144025,898.798252509658
gene-b3810,1169.79188048961,1377.78741513263,1241.35635087309,904.60033599796,1160.51621094426,767.590202470167,895.412782260074,959.523369886607,1074.33303560651,749.648671264773,1201.85613385435,746.188874985806
gene-b3811,1224.90207574823,1067.22597294419,1013.15807701046,795.331780560583,1024.55167331519,770.791830009146,1166.48501126459,1400.36181876797,1398.80931155396,882.059442004475,1374.11169230599,810.071870228349
gene-b3812,768.423288606061,692.18355335221,751.152651464482,537.38633821661,732.281446758189,533.871392124715,685.550411417869,794.208951556098,853.728738239795,465.474786369567,701.60711478932,553.652625435367
gene-b3813,1376.71506646066,1300.14705458552,1235.01750993246,1253.90145583876,1376.77476685823,1113.36597667988,1700.75963036704,1669.76309308435,1579.84333136611,1732.54400790948,1636.03452775985,1575.78054931604
gene-b4482,24.9555601171116,11.8434448292203,22.1859432921999,17.9128779405537,12.8470429255823,21.6109858881069,22.7350901745722,24.4910249378532,22.7529095938763,20.370887806108,30.6756473954972,14.1962211650094
gene-b4799,57.1898252683807,100.011311891194,65.5013563864949,50.1560582335502,61.0234538965158,56.8288888168737,56.8377254364305,67.3503185790964,59.3554163318513,51.9457639055753,77.0823960194544,76.3046887619255
gene-b3816,1204.10577565063,880.362732305377,839.896424633282,875.939731293074,766.540227893075,876.445538795447,2048.78139534702,1905.05186838016,1778.68397607781,2678.7717465032,1106.68297142217,2256.31190141368
gene-b3817,32.2342651512691,39.4781494307344,44.3718865843998,51.9473460276056,50.3175847918639,50.4256337389161,62.9587112526615,52.4807677239712,60.3446732707155,116.114060494815,63.7109599752634,53.2358293687852
gene-b3818,10.3981500487965,15.7912597722938,12.6776818812571,23.2867413227198,16.0588036569778,10.4052895016811,14.8652512679895,18.3682687033899,13.8495971440986,33.6119648800781,18.8773214741521,16.8580126334487
gene-b3819,452.319527122647,459.262471710877,439.492971883579,495.291075056309,574.905170919807,451.429482996011,881.42195753726,739.104145445928,801.298120479993,727.240694678055,434.178393905499,661.01154799575
gene-b3820,193.405590907615,234.237019955691,250.384217154827,205.998096316367,194.846817704664,220.912300189537,292.932892633911,402.352552550446,320.519248191997,242.413564892685,108.544598476375,269.728202135179
gene-b3821,1579.47899241219,1587.02160711552,1707.26116000929,1758.14896986534,2284.63246693271,1531.17837051661,1893.13347030572,1716.99578403593,1658.98388647524,2180.70353964386,1196.35024842439,2161.37467237268
gene-b3822,1234.26041079214,1236.98201549634,1356.51196129451,1306.74444576339,1426.02176473963,1237.42904381531,1943.85020992592,1727.49193758072,1654.03760178092,1561.42855033818,1062.63588798248,1455.99993323628
gene-b3823,202.763925951532,173.703857495231,146.849815124561,180.024423302564,171.29390567443,132.86754286762,131.163981776378,197.677558426958,168.173679606912,188.430712206499,287.092597419397,157.045696637916
gene-b3824,70.7074203318162,48.6897176312391,41.2024661140855,36.721399778135,38.5411287767468,54.4276681626396,50.7167396201995,40.2352552550446,51.4413608209378,66.2053853698509,67.6437352823784,51.4613017231591
gene-b3825,924.395539338008,1001.4290572263,1049.07817567402,945.799955261233,1023.48108640472,978.097213158024,966.241332419318,956.024652038343,900.223814366412,1056.2305327467,1002.07114825291,952.034081878443
gene-b3826,918.15664930873,1056.69846642932,1044.8522817136,987.895218421534,1214.04555646752,874.844725025957,806.221274652137,816.075938107753,837.900627217968,911.597229323332,849.479466336845,995.510009196284
gene-b3827,325.46209652733,269.767354443352,227.141800372523,290.188622636969,267.646727616297,253.72898246407,621.717273620032,627.145174301456,515.402865148242,578.533213693466,816.444153757079,535.907348979105
gene-b3828,55.1101952586214,50.0056559455969,69.727250346914,82.3992385265468,97.4234088523322,119.26062582696,93.5636403338163,84.8439078204202,61.3339302095797,116.114060494815,44.8336385011113,73.6428972934863
gene-b3829,523.026947454464,523.74344911441,500.768434309655,232.867413227198,456.070023858171,308.15665062671,334.905366802352,334.127554509284,315.572963497676,207.783055622301,243.832069041131,268.840938312365
gene-b3830,556.301027610612,550.062215401566,462.735388665884,230.180481536115,337.234876796535,280.94281654539,77.823962520651,124.204483613399,108.818263275061,151.763114155504,210.796756461365,129.540518130711
gene-b3831,2243.92078053028,2835.84706744109,2920.09272664955,1377.50031362858,1908.85646135943,2289.16369036984,1776.83473979733,2289.03615222721,2213.95702917805,1570.59544985092,13598.7504569423,2394.72505777252
gene-b3832,431.523227025054,804.038310072624,658.182984335264,354.674983222962,313.6819647663,328.166822745327,811.467833923192,969.144843969336,779.534467824981,348.342181484446,1767.38922301749,503.965851357834
gene-b3833,2612.01529225768,2892.43241495847,2722.53218399996,2393.16049285797,2689.31431908855,2178.70754027507,3405.89139345995,3332.52875047217,3459.43151520807,3283.7871143446,3426.23384755861,3071.70735457891
gene-b3834,518.867687434945,446.103088567299,469.074229606512,437.074221749509,448.575915484914,411.409138758776,735.392724492893,711.989082121876,709.297225165623,635.571699550569,614.299502971367,590.030442170703
gene-b4707,0.0,0.0,0.0,0.0,0.0,0.0,0.0,0.0,0.0,0.0,0.0,0.0
gene-b3835,1608.59381254882,1613.34037340268,1566.75018582535,1609.47208295875,1838.19772526873,1199.00951334756,2164.20569931024,2189.32269355167,2325.74306326971,1820.13882547575,2242.46848011699,1882.77383200937
gene-b3836,774.662178635339,746.13702424088,794.468064558777,814.140302398164,754.763771877958,687.549513995697,1086.03776910841,1259.53842537531,1042.67681356286,1323.08916300671,1163.31493584462,1044.309519451
gene-b3838,1189.54836558232,1063.27815800111,1189.58914985796,1147.31983209246,1298.62192239427,1022.11959181898,1839.79345105,1968.90346911099,1818.25425363238,1830.3242693788,1676.93539095385,1692.89937392737
gene-b3839,970.147399552713,859.307719275652,852.574106514539,983.416998936396,1180.8573622431,947.681751537725,1570.47007513583,1523.6916229193,1460.14324176354,1575.68817180245,1257.70154321538,1346.86648303027
gene-b4483,428.403782010415,488.213114626749,522.954377601855,614.41171336099,639.140385547718,449.828669226522,550.014296915612,466.204153281278,452.090421060934,464.456241979262,431.032173659807,504.853115180647
gene-b3842,295.30746138582,305.297688931013,330.676202402789,302.727637195357,329.740768423278,338.572112247008,547.391017280084,426.843577488299,343.272157785874,365.657436119638,228.887522874094,350.46921001117
gene-b3843,3852.5145930791,4891.34271446799,4587.20789403486,3433.89870120414,3815.57174889793,2901.47495719954,5842.04374831988,5284.8133098039,5415.19248334257,3903.06210365029,4469.20585900551,3711.42457082714
gene-b3844,2841.81440833608,2980.60028202045,3054.26485989285,2395.84742454905,2671.11434161065,2150.69329930901,3751.28987880441,3848.58963309122,4131.13697669685,3070.91133677078,3208.35809554444,2686.63485547803
gene-b3845,553.181582595973,586.908488203585,281.021948367865,102.103404261156,148.811580554661,110.456150094769,138.159394137785,558.045496798228,525.295434536884,103.891527811151,245.405179163977,57.6721484828507
gene-b3846,2476.83934162332,4274.16764503418,2428.83255375084,742.488790635949,795.446074475635,685.948700226208,1024.8279109461,2347.63967618565,2210.98925836146,479.734407833843,834.534920169808,403.705039379955
gene-b3847,3597.75991688359,3495.13216293435,2968.69050719437,2695.88813005333,3158.23138587231,2426.03326766119,2432.65464867922,2869.82331503916,2716.49955412106,2609.51072796243,4465.2730836984,2737.20889337837
gene-b3848,776.741808645098,689.551676723494,663.465351785787,634.1158790956,763.32846716168,484.246165270544,553.512003096315,676.127224177163,674.673232305377,562.23650344858,999.711483068639,679.644088274825
gene-b3849,1053.33259994308,968.53059936735,915.962515920824,905.495979894987,885.375374954711,825.219498171786,1414.82215009453,1414.35669016102,1232.61414582478,1026.69274542784,1265.56709382961,1040.76046415975
gene-b3850,676.919568176652,579.012858317438,604.302836339921,494.395431159281,504.246434829104,517.863254429821,639.205804523549,707.615684811546,673.683975366513,535.75434930064,653.627256042517,522.598391636908
gene-b3851,19818.8739930061,27575.487377368,16809.5497010568,26551.3633273857,38710.2815086003,26151.6941452636,25810.4483339557,67764.9166441158,43175.1298397887,24181.2623702405,29212.6549812504,31164.2545124869
gene-b3852,66.5481603122976,57.9012858317438,59.1625154458664,51.0517021305779,28.9058465825601,51.2260406236608,92.6892137886405,130.327239847862,68.258728781629,100.835894640234,68.4302903438014,51.4613017231591
gene-b3853,253.714861190634,198.70668546803,245.101849704304,289.292978739942,232.317359570946,232.918403460708,557.009709277019,500.316652301859,504.521038820736,831.132222489205,296.531258156473,475.573409027815
gene-b3854,65755.8212785793,102419.479006469,69600.4735281014,104493.877822323,138629.228449227,94624.1019145185,76656.6030828412,183435.152746135,115445.295508512,70008.6301232513,94282.7821026527,70364.4574681919
gene-b3855,1.03981500487965,1.31593831435781,3.16942047031427,0.895643897027683,2.14117382093038,0.8004068847447,4.37213272587927,13.994871393059,0.989256938864189,2.0370887806108,1.57311012284601,3.54905529125235
gene-b3856,28.0750051317505,15.7912597722938,44.3718865843998,25.9736730138028,28.9058465825601,40.020344237235,37.6003414425617,61.2275623446331,38.5810206157034,29.5377873188566,58.9916296067253,23.9561232159534
gene-b3857,186.126885873457,215.813883554681,180.656966807913,133.450940657125,138.105711450009,167.285038911642,185.378427577281,220.419224440679,194.883616956245,150.744569765199,267.428720883822,116.231560788514
gene-b3858,162.211140761225,135.541646378855,180.656966807913,140.616091833346,148.811580554661,174.488700874345,180.131868306226,214.296468206216,210.711727978072,209.820144402912,271.361496190937,171.241917802926
gene-b3859,2191.9300302863,2305.52392675489,2133.0199765215,1973.99914904901,2421.66759147226,1924.978557811,2712.4711431355,2563.68550331599,2644.28379758398,2305.98449965142,2723.05362264644,2618.31554112142
gene-b3860,1207.22522066527,1139.60258023387,1175.85499448659,1220.76263164873,1177.64560151171,1094.95661833075,1700.75963036704,1720.49450188419,1581.82184524384,1818.10173669514,1270.28642419815,1371.70987006903
gene-b3861,57.1898252683807,63.165039089175,78.179038267752,91.3556774968237,77.0822575534936,94.4480123998746,89.1915076079371,81.3451899721554,90.0223814366412,88.6133619565697,84.1613915722615,129.540518130711
gene-b3862,178.8481808393,172.387919180873,150.019235594876,212.267603595561,210.905621361642,208.906196918367,409.231623142299,283.396145709445,308.648164925627,442.048265392543,229.674077935517,377.087124695562
gene-b3863,3086.1709344828,2924.01493450306,2710.91097560881,2384.20405388769,2778.17303265717,2166.7014370039,3286.96938331603,3542.45182136806,3329.83885621686,3221.65590653598,5055.18937976565,2960.79937672727
gene-b3864,123.737985580678,92.1156820050469,89.8002466589044,90.460033599796,84.5763659267499,106.454115671045,151.275792315423,145.196790702987,172.130707362369,170.096913181002,176.974888820176,165.031071043234
gene-b3865,813.135333815886,785.615173671614,821.936375301501,1063.12930577186,1086.64571412217,868.441469948,1385.09164755855,1200.93490141688,1091.1504035672,1912.82636499354,1746.15223635907,1939.55871666941
gene-b4457,343.138951610284,218.445760183397,289.473736288703,193.45908175798,157.376275838383,208.105790033622,299.928304995318,618.398379680794,310.626678803355,414.547566854297,423.953178106999,248.433870387664
gene-b3866,960.789064508796,880.362732305377,1086.05474782769,1045.21642783131,1133.75153818264,1102.9606871782,1847.66328995658,1732.74001435312,1640.18800463683,1651.06045668505,1013.08291911283,1212.00238196268
gene-b3867,1663.70400780744,1792.30798415534,1887.9181268172,1754.56639427723,1965.59756761409,1653.64062388255,2089.00501642511,1844.69898549759,1958.72873895109,2134.86904208012,1855.48338989687,1848.17054291966
gene-b4686,211.082445990569,196.074808839314,196.504069159485,102.103404261156,137.035124539544,67.2341783185548,79.5728156110027,104.961535447942,61.3339302095797,88.6133619565697,60.5647397295714,130.427781953524
gene-b3868,5477.74544570599,5380.8717674091,4613.61973128747,2625.13226218814,3143.2431691258,1187.00341007639,1341.37032029976,686.623377721957,728.093107004043,963.542993228907,1002.85770331433,2321.96942430185
gene-b3869,5087.81481887612,4445.23962590069,4014.59926239808,2624.23661829111,3047.96093409439,1038.92813639862,1359.73327774845,850.188437128334,731.060877820636,1094.9352195783,905.324875697878,1945.7695634291
gene-b3870,125302.907163022,123777.157848496,107922.992908161,60306.390518565,74702.3428515295,27962.2145185561,29250.4423626775,15634.020704971,14847.7573954126,25785.4697849715,17854.0133392408,38710.4333255122
gene-b3871,21546.0067161112,24708.0577903823,21144.2604309566,35508.6979415595,39556.0451678678,20529.6361868168,35585.6626824765,20407.1465294662,19377.5649184717,44141.6767870554,20057.940621348,39980.9951197805
gene-b3872,195.485220917374,414.520569022711,555.705055795102,109.268555437377,104.917517225589,70.4358058575336,545.642164189733,374.362809764328,330.411817580639,117.132604885121,489.237248205109,99.3735481550658
gene-b3873,321.302836507812,997.481242283222,1032.17459983235,145.094311318485,126.329255434892,152.877714986238,931.264270612284,705.866325887413,695.447628021525,118.151149275426,958.810619874643,154.383905169477
gene-b3874,139.335210653873,265.819539500278,321.167940991846,32.2431802929966,27.8352596720949,44.8227855457032,286.81190681768,362.117297295402,283.916741454022,29.5377873188566,490.023803266532,47.0249826090936
gene-b3875,3.11944501463895,2.63187662871563,5.28236745052379,13.4346584554152,13.9176298360475,25.6130203118304,7.86983890658268,13.1201919309928,9.89256938864189,18.3337990254972,7.86555061423005,17.7452764562617
gene-b3876,15.5972250731947,23.6868896584406,28.5247842328284,25.9736730138028,23.5529120302342,40.8207511219797,26.2327963552756,15.7442303171914,17.8066248995554,33.6119648800781,17.3042113513061,40.814135849402
gene-b3877,17.676855082954,15.7912597722938,16.9035758416761,20.5998096316367,14.9882167465126,20.8105790033622,17.4885309035171,15.7442303171914,19.7851387772838,19.3523434158026,16.5176562898831,10.647165873757
gene-b3878,33.2740801561488,36.8462728020188,30.637731213038,32.2431802929966,35.3293680453512,42.4215648914691,23.609516719748,20.1176276275223,24.7314234716047,10.185443903054,21.2369866584211,31.9414976212711
gene-b3879,15.5972250731947,17.1071980866516,20.0729963119904,16.1215901464983,12.8470429255823,18.4093583491281,14.8652512679895,12.2455124689266,18.7958818384196,9.16689951274859,7.86555061423005,10.647165873757
gene-b3880,41.592600195186,53.9534708886703,49.6542540349236,21.4954535286644,24.6234989406993,47.2240061999373,29.730502535979,42.8592936412432,40.5595344934317,17.3152546351918,41.6874182554192,12.4216935193832
gene-b3881,29.1148201366302,44.7419026881656,36.9765721536665,17.9128779405537,26.7646727616297,24.012206542341,8.74426545175853,34.9871784826475,29.6777081659257,5.09272195152699,27.5294271498052,14.1962211650094
gene-b3882,12.4777800585558,23.6868896584406,12.6776818812571,11.6433706613599,5.35293455232595,9.6048826169364,10.4931185421102,9.62147408272806,14.8388540829628,6.11126634183239,25.1697619655361,4.43631911406544
gene-b3883,11.4379650536761,23.6868896584406,19.0165228218856,17.9128779405537,8.56469528372151,17.6089514643834,18.3629574486929,19.2429481654561,16.8173679606912,4.07417756122159,29.8890923340742,10.647165873757
gene-b3884,510.549167395908,775.087667156752,907.510727999986,429.909070573288,423.952416544215,561.085226206035,797.477009200378,784.58747747337,737.985676392685,399.269400999716,906.111430759301,406.366830848394
gene-b3885,395.129701854267,443.471211938583,428.928236982531,250.780291167751,226.96442501862,288.946885392837,396.115224964662,571.16568872922,586.629364746464,253.617553186044,832.175254985539,245.772078919225
gene-b3886,734.109393445032,1005.37687216937,923.357830351558,464.839182557367,693.740317981443,545.077088511141,693.420250324452,819.574655956018,920.99821008256,285.192429285512,1314.33350763784,354.905529125235
gene-b3887,514.708427415426,452.682780139088,470.130703096617,255.25851065289,298.693748019788,316.961126358901,351.519471160693,571.16568872922,531.230976170069,230.19103220902,590.702851128676,244.884815096412
gene-b3888,1158.35391543593,1165.92134652102,1177.9679414668,660.089552109402,848.975419998895,753.182878544763,731.895018312189,984.889074286527,975.40734172009,454.270798076208,1041.39890132406,582.932331588198
gene-b3889,1.03981500487965,0.0,1.05647349010476,0.0,3.21176073139557,0.8004068847447,1.74885309035171,5.24807677239712,9.89256938864189,3.0556331709162,3.14622024569202,2.66179146843926
gene-b3890,12.4777800585558,22.3709513440828,13.7341553713618,15.2259462494706,8.56469528372151,21.6109858881069,18.3629574486929,20.9923070895885,24.7314234716047,18.3337990254972,21.2369866584211,18.6325402790748
gene-b3891,4604.30084160709,5142.68693251033,4539.66658698014,2762.16577843337,3669.97192907467,2342.79095164774,5247.4336976003,5018.03607387372,5219.31960944746,3948.89660121403,4731.9152495208,3846.28867189473
gene-b3892,8751.08308106713,10118.2496990972,8406.35956076355,4488.07156800572,5632.35773595736,4431.05251394666,7390.65315982631,7274.70908600448,7262.13518820201,5981.91120426361,7715.31859749825,4832.03877904007
gene-b3893,8130.31352315398,8764.14917362303,8017.577316405,4114.58806294518,6771.46220869232,4187.72882098427,7944.16516292263,7636.82638329988,8412.64100810106,6404.60712624035,7117.53675081677,5504.58475673239
gene-b3894,55332.7156696657,63538.7655704526,59787.9477520084,31344.8494642778,43974.3573473576,30108.9057834414,52992.8719172923,49867.2254913175,51982.4843664965,42783.9571147783,45485.6926470309,38954.4308767858
gene-b3895,238.11763611744,213.182006925966,249.327743664723,193.45908175798,204.482099898851,220.912300189537,326.161101350593,335.876913433416,317.551477375405,250.561920015128,354.736332701775,263.517355375487
gene-b3896,63.4287152976586,71.0606689753219,48.5977805448188,66.2776483800485,46.0352371500031,46.4235993151926,64.7075643430132,63.8516007308317,87.0546106200486,86.5762731759589,73.1496207123394,100.260811977879
gene-b3897,32.2342651512691,32.8984578589453,43.315413094295,36.721399778135,37.4705418662816,58.4297025863631,34.1026352618583,45.4833320274417,44.5165622488885,35.6490536606889,69.2168454052244,41.7013996722151
gene-b3898,21.8361151024726,26.3187662871563,19.0165228218856,24.1823852197474,33.1881942244209,48.8248199694267,47.2190334394961,31.4884606343827,44.5165622488885,34.6305092703835,42.4739733168422,21.2943317475141
gene-b3899,9.35833504391684,7.89562988614688,9.50826141094281,5.3738633821661,7.49410837325632,11.2056963864258,10.4931185421102,13.994871393059,13.8495971440986,6.11126634183239,9.43866073707606,11.5344296965701
gene-b3900,4.1592600195186,6.57969157178906,2.11294698020951,3.58257558811073,5.35293455232595,8.004068847447,6.12098581623097,0.874679462066187,2.96777081659257,2.0370887806108,2.35966518426901,5.32358293687852
gene-b3901,8.31852003903719,9.21156820050469,9.50826141094281,3.58257558811073,7.49410837325632,5.6028481932129,6.99541236140683,5.24807677239712,4.94628469432094,6.11126634183239,9.43866073707606,0.887263822813087
gene-b3902,21.8361151024726,30.2665812302297,26.4118372526189,18.8085218375813,14.9882167465126,17.6089514643834,15.7396778131654,16.6189097792576,17.8066248995554,13.2410770739702,13.3714360441911,19.5198041018879
gene-b3903,21.8361151024726,17.1071980866516,8.45178792083806,8.95643897027683,8.56469528372151,12.0061032711705,2.62327963552756,18.3682687033899,4.94628469432094,8.14835512244319,12.5848809827681,9.75990205094396
gene-b3904,3.11944501463895,10.5275065148625,6.33884094062854,7.16515117622146,4.28234764186076,16.008137694894,5.24655927105512,2.62403838619856,2.96777081659257,3.0556331709162,3.14622024569202,5.32358293687852
gene-b3905,18.7166700878337,19.7390747153672,19.0165228218856,17.017234043526,12.8470429255823,26.4134271965751,13.1163981776378,30.6137811723166,25.7206804104689,15.278165854581,14.1579911056141,8.87263822813087
gene-b3906,32.2342651512691,52.6375325743125,66.5578298765997,16.1215901464983,29.9764334930253,28.0142409660645,31.4793556263307,33.2378195585151,42.5380483711601,16.2967102448864,113.263928844913,18.6325402790748
gene-b3907,33.2740801561488,31.5825195445875,38.0330456437713,23.2867413227198,29.9764334930253,22.4113927728516,21.8606636293963,40.2352552550446,28.6884512270615,14.2596214642756,22.0235417198441,24.8433870387664
gene-b3908,31149.7381011797,28438.7429115867,27170.3852185141,26284.4614460714,26462.7672528785,21762.2627893237,31083.2404013661,34027.6551127609,28571.7189082755,22746.1333243002,24925.1433414336,20720.272054154
gene-b3909,88.3842754147702,86.8519287476157,85.5743526984853,94.9382530849344,102.776343404658,55.2280750473843,111.926597782509,111.958971144472,83.0975828645919,60.0941190280185,100.679047862145,69.2065781794208
gene-b3910,164.290770770985,118.434448292203,142.623921164142,128.077077274959,131.682189987218,120.86143959645,164.39219049306,195.928199502826,191.915846139653,200.653244890164,257.990060146746,125.104199016645
gene-b3911,1208.26503567015,939.579956451478,919.131936391139,928.782721217707,1144.45740728729,927.671579419108,1297.64899304097,1563.05219871228,1438.37958910853,946.227738593715,1465.35207943106,978.651996562835
gene-b3912,1922.61794402247,1746.25014315282,1696.69642510824,1388.24804039291,1551.28043326406,1480.7527367777,1689.39208527975,2003.01596813157,1866.72784363672,1382.16473764443,2189.76929100164,1640.5508083814
gene-b4484,1425.58637169,1468.58715882332,997.310974658891,1876.373964273,1864.96239803036,1819.3248490247,1149.87090690625,1465.08809896086,1470.03581115218,1209.01219129251,1455.91341869398,2213.72323791865
gene-b4716,4.1592600195186,1.31593831435781,0.0,2.68693169108305,8.56469528372151,3.2016275389788,1.74885309035171,1.74935892413237,0.0,1.0185443903054,0.0,3.54905529125235
gene-b3915,828.73255888908,911.945251849964,890.60715215831,933.260940702846,833.987203252382,942.879310229257,765.123227028872,703.242287501215,679.619516999698,776.130825412714,865.997122626728,875.729393116517
gene-b3916,5333.21116002772,4754.48512977478,5544.37287606977,4955.59768225417,5382.91098581897,5012.14791227131,5522.87805933069,4922.6960125085,4717.76634144332,6681.65120040341,5502.73920971534,5249.05277576222
gene-b3917,34.3138951610284,42.11002605945,31.6942047031427,92.2513213938513,81.3646051953544,69.6353989727889,52.4655927105512,61.2275623446331,46.4950761266169,77.4093736632103,64.4975150366864,78.9664802303648
gene-b3918,106.061130497724,81.5881754901844,118.325030891733,83.2948824235745,98.4939957627974,122.462253365939,218.606636293963,258.030441309525,215.658012672393,163.985646839169,131.354695257642,139.300420181655
gene-b3919,6371.98634990249,6840.24735803191,7080.48533068208,5595.08742473194,6816.42685893186,5828.56293471091,6691.98635023081,7359.5529938249,7393.70636107095,6416.82965892401,7569.805911135,6190.43969176691
gene-b3920,454.399157132407,588.224426517942,614.867571240969,478.273841012783,508.528782470965,487.447792809522,657.568761972242,621.897097529059,692.479857204932,366.675980509943,773.970180440237,380.636179986815
gene-b3921,110.220390517243,131.593831435781,99.3085080698472,118.224994407654,101.705756494193,120.061032711705,163.517763947885,161.815700482245,170.15219348464,166.02273561978,170.682448328792,196.085304841692
gene-b3922,109.180575512363,93.4316203194047,143.680394654247,84.1905263206022,103.846930315123,174.488700874345,121.545289779444,124.204483613399,151.356311646221,100.835894640234,141.579911056141,86.0645908128695
gene-b3923,386.81118181523,442.155273624225,564.15684371594,330.492598003215,292.270226556997,647.529169758462,327.909954440945,390.981719543586,450.111907183206,302.507683920703,447.54982994969,378.861652341188
gene-b3924,1074.12890004068,1035.6434533996,931.809618272396,684.27193732915,827.563681789591,646.728762873718,647.950069975307,622.771776991125,611.360788218069,507.235106372088,1332.42427405057,531.471029865039
gene-b3925,2811.65977319457,3363.53833149857,2453.13144402325,1255.69274363281,1595.17449659313,1126.17248683579,694.294676869628,988.387792134792,915.062668449375,736.407594190803,700.820559727897,706.262002959218
gene-b3926,62137.2650615981,77941.7104210989,58443.0569991051,16919.60885875,27006.6254033949,23175.7813477828,1080.79120983735,5701.16073374741,8458.14682728881,3750.28044510448,6044.67564703579,3660.8505329268
gene-b3927,15085.636090794,24592.2552187188,17915.6774451965,4839.16397564057,5663.40475636085,5113.79958663389,400.487357690541,2384.37621359243,2984.58818455326,1205.95655812159,2445.39968596412,1225.31133930487
gene-b3928,2553.78565198442,2389.74397887379,2491.16448966702,2176.41466977727,2341.37357318737,2350.79502049518,3128.6981786392,3508.33932234748,3266.52641212955,3361.19648800781,3989.40727153748,2993.62813817136
gene-b3929,569.818622674048,597.435994718447,584.229840027931,618.889932846129,556.705193441898,638.724694026271,1020.45577822022,1029.4977268519,853.728738239795,936.042294690661,1008.36358874429,834.915257267115
gene-b3930,557.340842615492,448.734965196014,517.672010151331,456.778387484118,475.340588246544,691.551548419421,1211.95519161373,1137.08330068604,1193.04386827021,728.25923906836,632.390269384096,816.28271698804
gene-b3931,8016.9736876221,5401.92678043882,7631.96449251677,6962.73565549321,9850.4701631902,20096.6160621699,13876.2748453956,18313.1638972798,23166.4189943216,6842.58121407167,8170.73397806217,9158.33717907669
gene-b3932,2094.18741982761,1558.07096419965,2043.2197298626,1781.43571118806,2394.90291871063,4929.70600314261,2959.93385542026,4204.58417415216,5311.32050476183,1687.72805473605,1765.02955783322,2188.87985087989
gene-b3933,1412.06877662656,1477.79872702382,1558.29839790452,1198.37153422304,1521.30399977103,1392.70797945578,2625.02848861791,2991.40376026636,2723.42435269311,1735.5996410804,2244.82814530126,1859.70497261623
gene-b3934,3450.10618619068,5520.36122873103,5075.29864646325,1823.53097434836,2096.20917069084,2150.69329930901,4325.78811898495,4680.40980151617,4723.7018830765,1351.60840593526,6099.7345013354,1892.53373406032
gene-b3935,716.432538362078,763.244222327531,733.192602132701,786.375341590306,862.893049834942,685.948700226208,836.826203733292,673.503185790964,688.522829449475,847.428932734092,501.822129187877,774.581317315825
gene-b3936,8356.99319421774,8252.24916933785,9005.38002965295,8246.19335993388,9917.91713854951,7470.99786220703,19867.8455329406,15620.025833578,12960.2551560597,19487.8098197132,15466.0321727605,16663.7018562526
gene-b3937,154.932435727068,168.4401042378,170.092231906866,314.371007856717,244.093815586063,312.959091935178,333.156513712,223.043262826878,230.496866755356,313.711672214063,174.615223635907,367.327222644618
gene-b3938,523.026947454464,568.485351802575,621.206412181597,648.446181448042,597.387496039575,712.362127422783,1115.76827164439,1053.98875178976,999.149508252831,1477.90791033313,671.718022455246,1059.39300443883
gene-b3939,214.201891005208,173.703857495231,167.979284926656,161.215901464983,186.282122420943,228.916369036984,377.752267515969,372.613450840196,310.626678803355,327.971293678338,250.911064593938,222.703219526085
gene-b3940,775.701993640218,786.931111985972,750.096177974378,763.088600267586,799.728422117496,882.848793873404,1390.33820682961,1285.7788092373,1155.45210459337,1027.71128981815,904.538320636455,987.524634790966
gene-b3941,66.5481603122976,72.3766072896797,83.4614057182758,101.207760364128,73.870496822098,120.86143959645,89.1915076079371,54.2301266481036,66.2802149039007,125.280960007564,48.7664138082263,153.496641346664
gene-b3942,4552.3100913631,4530.77561633395,4971.76424443299,2360.02166866794,3021.19626133276,3744.30340683571,3241.49920296689,4725.89313354361,5000.69382595847,1824.21300303697,2929.91760380069,2110.80063447233
gene-b3943,160.131510751466,128.961954807066,100.364981559952,132.555296760097,152.023341286057,133.667949752365,107.55446505663,153.068905861583,147.399283890764,139.54058147184,206.077426092827,122.442407548206
gene-b3944,12.4777800585558,5.26375325743125,11.6212083911523,11.6433706613599,11.7764560151171,8.8044757321917,7.86983890658268,17.4935892413237,3.95702775545676,12.2225326836648,15.7311012284601,18.6325402790748
gene-b3945,72.7870503415755,52.6375325743125,62.3319359161807,53.738633821661,64.2352146279113,61.6313301253419,30.6049290811549,63.8516007308317,70.2372426593574,40.7417756122159,72.3630656509164,31.0542337984581
gene-b3946,25.9953751219912,27.6347046015141,19.0165228218856,21.4954535286644,18.1999774779082,17.6089514643834,17.4885309035171,37.6112168688461,42.5380483711601,15.278165854581,46.4067486239573,19.5198041018879
gene-b3947,43.6722302049453,50.0056559455969,42.2589396041903,8.95643897027683,21.4117382093038,21.6109858881069,45.4701803491444,90.9666640548835,83.0975828645919,14.2596214642756,125.848809827681,22.1815955703272
gene-b3949,11.4379650536761,18.4231364010094,19.0165228218856,5.3738633821661,8.56469528372151,4.0020344237235,10.4931185421102,25.3657043999194,23.7421665327405,3.0556331709162,31.4622024569202,7.0981105825047
gene-b3950,9.35833504391684,22.3709513440828,27.4683107427237,7.16515117622146,7.49410837325632,11.2056963864258,7.86983890658268,20.1176276275223,23.7421665327405,6.11126634183239,24.3832069041131,7.0981105825047
gene-b3951,86.3046454050109,121.066324920919,102.477928540161,62.6950727919378,58.8822800755854,80.8410953592147,81.3216687013544,102.337497061744,113.764547969382,43.7974087831321,146.299241424679,48.7995102547198
gene-b3952,21.8361151024726,17.1071980866516,19.0165228218856,17.9128779405537,12.8470429255823,11.2056963864258,15.7396778131654,32.3631400964489,23.7421665327405,5.09272195152699,18.0907664127291,7.98537440531779
gene-b3953,3.11944501463895,5.26375325743125,3.16942047031427,0.895643897027683,4.28234764186076,2.4012206542341,7.86983890658268,9.62147408272806,7.91405551091351,2.0370887806108,6.29244049138404,6.21084675969161
gene-b3954,141.414840663632,156.59665940858,183.826387278228,111.95548712846,137.035124539544,117.659812057471,91.8147872434646,126.828521999597,99.9149508252831,91.6689951274859,182.480774250137,88.7263822813087
gene-b3955,2691.04123262853,3070.08408739678,2691.89445278692,2914.42524092808,3401.25461454791,2225.93154647501,3230.1316578796,2431.608904544,2703.63921391583,2596.26965088846,2174.03818977318,3048.63849518577
gene-b3956,15232.250006482,13421.2548681353,10275.2611647589,7109.62125460575,9743.41147214369,6650.58080534371,4381.7514178762,5498.23509854805,5324.18084496706,3906.1177368212,10743.5555839768,5478.85410587081
gene-b3957,1043.97426489917,998.79718059758,993.085080698472,640.385386374793,789.022553012844,712.362127422783,485.306732572599,509.938126384587,546.069830253032,463.437697588956,985.553491963025,602.452135690086
gene-b3958,128.937060605077,127.646016492708,101.421455050057,71.6515117622146,78.1528444639588,113.657777633747,104.931185421102,64.7262801928979,69.2479857204932,105.928616591761,102.252157984991,75.4174249391124
gene-b3959,134.136135629475,71.0606689753219,115.155610421419,91.3556774968237,97.4234088523322,96.048826169364,95.312493424168,86.5932667445525,97.9364369475547,87.5948175662643,81.0151713265695,114.457033142888
gene-b3960,243.316711141838,185.547302324452,242.988902724094,144.198667421457,190.564470062804,233.718810345452,179.25744176105,232.664736909606,195.872873895109,213.894321964134,193.492545110059,137.525892536029
gene-b4458,6.2388900292779,7.89562988614688,2.11294698020951,8.06079507324915,8.56469528372151,8.8044757321917,6.99541236140683,6.12275623446331,3.95702775545676,7.12981073213779,7.07899555280704,16.8580126334487
gene-b3961,901.519609230656,1055.38252811497,1059.64291057507,1288.83156782284,1256.86903288613,1234.22741627633,1293.27686031509,1192.18810679621,1076.31154948424,1528.8351298484,1796.49176029014,1794.04744972806
gene-b3962,12017.1420113941,14010.7952329676,10208.7033348823,8606.24220653901,12181.1378672729,5885.39182352778,7279.60098858898,10161.1513108229,11903.7287453528,6892.48988919663,4708.31859767811,7134.48839924004
gene-b3963,623.88900292779,482.949361369317,565.213317206045,471.108689836561,563.128714904689,457.832738073969,785.235037567916,865.057987983459,774.58818313066,653.905498576066,974.541721103103,544.779987207236
gene-b3964,1592.99658747562,1980.48716310851,1741.06831169264,1254.79709973578,1483.83345790475,1333.47786998467,1483.02742061825,1739.73745004965,1717.35004586823,1072.52724299158,2581.4737115903,1255.47830928052
gene-b3965,1742.72994817829,2023.91312748232,2021.0337865704,2325.09155668386,2580.11445422111,2004.21883940073,2952.06401651368,2017.88551898669,2111.07430753618,2329.41102062845,1160.95527066035,2455.05899772381
gene-b3966,3110.08667959503,3818.85298826637,3035.24833707097,2523.92450182401,2314.60890042574,2075.45505214301,3600.01408648899,3242.43676587936,3459.43151520807,2868.2210031,3637.8171590814,2907.56354735849
gene-b3967,692.516793249846,782.983297042899,840.952898123387,763.984244164614,857.540115282616,751.582064775273,1497.89267188624,1364.49996082325,1405.73411012601,1222.25326836648,1790.19931979876,1040.76046415975
gene-b3968,19999.8018038552,27532.0614129942,16987.0372473944,27063.6716364855,39112.8221869352,26294.9669776329,26069.2785913277,67729.9294656331,43009.9239309983,24369.693082447,29089.165836607,31021.405037014
gene-b3969,1144.83632037249,1238.2979538107,1267.76818812571,1269.12740208823,1421.73941709777,963.689889232619,1578.33991404242,1669.76309308435,1294.93733297322,2300.8917776999,1098.81742080794,1697.33569304144
gene-b3970,63785.3718443323,99904.7208877308,67130.4385082365,101214.925515304,134886.456610241,91556.142325292,74365.6055344805,177563.429517284,111330.975899776,68115.1561016735,91429.9468948715,67798.4904926164
gene-b3971,1.03981500487965,2.63187662871563,0.0,0.0,0.0,0.8004068847447,2.62327963552756,13.1201919309928,3.95702775545676,0.0,4.71933036853803,6.21084675969161
gene-b3972,1728.17253810998,1913.37430907626,1927.00764595108,2075.20690941314,1765.3978153571,1632.02963799444,2311.10935889978,1976.77558426958,2142.73052957983,2341.63355331211,1824.02118743995,2373.43072602501
gene-b3973,495.991757327593,425.048075537574,454.283600745046,553.507928363108,524.587586127943,449.028262341777,725.774032495958,726.858632977002,683.576544755154,879.003808833559,583.623855575869,716.021905010162
gene-b3974,1195.7872556116,1364.62803198905,1251.92108577414,856.235565558465,917.492982268667,794.804036551487,1701.63405691221,1779.97270530469,1668.87645586389,1250.77251129503,1385.91001822733,1086.01091912322
gene-b3976,18.7166700878337,25.0028279727984,12.6776818812571,17.017234043526,19.2705643883734,21.6109858881069,11.3675450872861,18.3682687033899,11.8710832663703,21.3894321964134,13.3714360441911,22.1815955703272
gene-b3977,8001.3764625489,8785.20418665276,9078.27670047018,7074.69114262167,7182.56758231095,8471.50646813791,16141.0395974011,15886.8030695082,11661.3607953311,12343.7394661111,7570.59246619642,10557.5522276529
gene-b3978,2199.20873532046,2083.13035162842,2379.17829971591,2030.42471456176,1827.49185616408,2586.11464461013,6427.03510704252,5741.39598900245,6560.7520185473,5003.09004518012,2435.17447016562,4478.02051373765
gene-b3979,4327.7100503091,4296.53859637826,4856.60863401157,4139.66609206195,5689.09884221201,4655.16644167518,6823.15033200719,5681.91778558195,6308.49149913693,5572.45635936084,2940.14281959919,5944.66761284769
gene-b3980,86518.8472960161,87055.8991863411,97817.8239753094,82808.5477874885,99209.1478189881,87379.6192006942,138578.244452924,127789.794728408,123283.178235133,122235.512280551,96754.9246607052,98760.4488535019
gene-b3981,2459.16248654037,1855.47302324452,2079.13982852616,2349.27394190361,2415.24407000947,2075.45505214301,3467.10125162226,3589.68451231963,2978.65264292007,4157.69820122664,2032.45827871704,3014.03520609606
gene-b3982,5239.62780958855,5346.65737123579,5541.20345559945,5796.60730156316,5909.63974576784,5332.31066616919,8589.49195326241,7084.90364273612,7216.62936901426,9692.46841814617,4959.22966227204,7946.33479711401
gene-b3983,35644.8583672744,45743.3317453919,45502.3132188119,38927.3706965142,42314.9476361366,33054.4031193019,58541.108346433,42442.0715378376,45011.1907183206,49085.6912575978,37653.9639004421,43949.7261992235
gene-b3984,48620.7098131675,53312.6089295781,56369.1995380294,48220.5717720734,56266.8362533189,42555.2328412215,96169.4314384404,81179.0008743628,77357.9141053018,81519.2002780926,65092.9372181836,62266.4005573768
gene-b3985,75613.2675248383,98311.1195890435,101478.504618522,81825.1307885521,96274.6690974031,69828.2970320124,146268.825917746,116047.222950169,125303.240904294,124832.80047583,96500.8673758656,108310.069378439
gene-b3986,28159.2301471458,33965.6838318895,35601.0436695501,29764.933629921,34515.7219933977,26477.4597473547,59881.6042401876,52569.985029102,56093.8362044161,56705.4218414725,41965.858747163,40818.5721685161
gene-b3987,57776.2809311328,64296.7460395227,54787.6587233426,68420.9242256358,73366.2503872689,51353.3053183352,78236.691849974,59577.0421997142,61958.151338003,88716.2349399905,63331.0538805961,74498.2196186781
gene-b3988,49130.2191655585,54887.7870918644,51446.0330741413,57975.9250984989,56872.7884446422,43506.9166271829,77906.1586158975,65784.6423419979,64978.3527723554,82201.6250195972,67521.0326927964,57793.7036265761
gene-b3989,117.4990955514,142.121337950644,100.364981559952,167.485408744177,154.164515106987,111.256556979513,90.9403606982888,69.0996775032288,84.0868398034561,92.6875395177913,110.117708599221,107.358922560384
gene-b4691,459.598232156805,405.309000822206,480.695437997664,274.962676387499,259.082032332576,284.944850969113,536.897898737974,532.679792398308,655.877350466957,440.011176611932,402.716191448578,285.698950945814
gene-b3990,5497.50193079871,5296.6517152902,5158.76005218153,3645.27066090267,3769.53651174793,3193.62347013135,5424.942286271,5353.03830784507,6269.91047852123,4310.47985977245,4285.15197463253,4071.65368288926
gene-b3991,2967.63202392652,2570.02752794081,2422.49371281021,2022.36391948851,1810.36246559663,1584.00522490976,2917.08695470665,2973.91017102504,3185.40734314269,2358.9488079473,2363.59795957613,2128.5459109286
gene-b4407,263.073196234551,198.70668546803,212.351171511056,147.781243009568,192.705643883734,120.061032711705,295.556172269438,335.00223397135,318.540734314269,241.395020502379,240.685848795439,240.448495982347
gene-b3992,4322.5109752847,3896.49334881348,3601.51812776712,2544.52431145565,3231.03129578394,2179.50794715982,3426.00320399899,3464.60534924417,3865.02686014239,2779.60764114343,2876.43185962393,3069.04556311047
gene-b3993,3014.4236991461,2212.09230643548,2050.61504429333,1553.046517446,1777.17427137221,1335.8790906389,2622.40520898238,3394.63099227887,2976.67412904234,2312.09576599325,2217.29871815145,2101.04073242139
gene-b3994,17677.8948979589,16583.4546375372,13886.2875539369,10489.7813219882,11508.8092875008,9006.17826714737,14858.2558556281,14794.3284213875,16611.6025174075,11995.3972846267,12558.1381106797,12744.6575508872
gene-b3995,1865.42811875409,2131.82006925966,1947.08064226307,925.200145629596,1158.37503712333,1061.33952917147,1314.26309739931,1527.19034076756,1713.39301811278,819.928234195846,1013.08291911283,975.102941271583
gene-b3996,680.039013191291,539.534708886703,702.554870919663,573.212094097717,612.375712786088,579.494584555163,689.922544143748,608.776905598066,591.575649440785,568.347769790412,456.201935625343,588.255914525077
gene-b3997,1267.53449094829,1085.6491093452,1152.61257770429,1074.77267643322,1343.58657263381,1054.93627409351,1448.05035881121,1494.82720067111,1276.1414511348,1397.44290349901,1444.90164783406,1271.44905809115
gene-b3998,466.876937190963,422.416198908858,446.888286314312,512.308309099835,598.458082950041,457.032331189224,595.484477264756,537.053189708639,592.564906379649,526.587449787891,634.749934568365,489.769630192824
gene-b3999,661.322343103457,667.180725379411,721.571393741549,716.515117622146,721.575577653537,646.728762873718,1098.27974074087,1046.99131609323,1041.68755662399,998.173502499291,1154.66283016897,974.21567744877
gene-b4000,7904.67366709509,7774.56356122596,8012.29494895448,6333.09799588275,8090.42528238543,7214.06725220398,9748.98155216559,12620.749958153,11969.0197033178,9489.7780844754,11530.8972004612,10021.6448786738
gene-b4001,891.121459181859,1060.6462813724,852.574106514539,633.220235198572,749.410837325632,583.496618978886,826.333085191182,942.029780645284,969.471800086905,597.885557109269,1029.60057540271,569.623374246002
gene-b4002,125.817615590438,107.906941777341,64.4448828963902,18.8085218375813,20.3411512988386,11.2056963864258,12.2419716324619,3.49871784826475,5.93554163318513,2.0370887806108,10.2252157984991,7.0981105825047
gene-b4003,164.290770770985,259.239847928489,214.464118491266,66.2776483800485,84.5763659267499,110.456150094769,217.732209748788,312.260567957629,289.852283087207,74.3537404922941,410.581742062808,86.9518546356826
gene-b4004,173.649105814901,156.59665940858,189.108754728752,166.589764847149,155.235102017452,169.686259565876,215.983356658436,378.736207074659,270.067144309924,193.523434158026,409.008631939962,204.07067924701
gene-b4005,5271.86207473982,5820.39516440461,6465.61775944111,6075.15255353877,6907.4267463214,4228.54957210625,9903.75505066172,6706.16743566146,6655.72068467826,7355.92758678559,4434.5974363029,6649.15508816128
gene-b4006,6671.45307130783,6811.29671511604,7117.46190283575,7351.44510680322,8524.01298112383,5200.24353018632,9896.75963830031,7188.99049872199,7106.82184880033,8442.71445124145,4042.89301571424,7560.37503419032
gene-b4007,20253.5166650458,27621.5452183705,17183.5413165539,26857.6735401691,38861.2342629759,26077.2563049823,25808.6994808653,67870.7528590258,43231.5174853039,24055.9814102329,29186.6986642234,31207.7304398047
gene-b4008,101.901870478206,100.011311891194,121.494451362047,112.851131025488,116.693973240706,90.4459779761511,152.150218860599,229.166019061341,137.506714502122,238.339387331463,115.623594029182,147.285794586973
gene-b4009,64354.1506520015,99625.7419650869,67763.2661288092,102553.017497464,135506.3264314,91884.3091480374,75295.9953785476,178936.676272728,112096.660770457,68494.0546148671,91944.3539050421,68399.1681006609
gene-b4010,0.0,3.94781494307344,0.0,0.0,2.14117382093038,2.4012206542341,0.0,12.2455124689266,1.97851387772838,1.0185443903054,0.786555061423005,1.77452764562617
gene-b4011,44.7120452098249,32.8984578589453,35.9200986635617,94.9382530849344,69.5881491802373,74.4378402812571,81.3216687013544,51.6060882619051,53.4198746986662,197.597611719247,66.0706251595324,148.173058409786
gene-b4012,11.4379650536761,2.63187662871563,10.5647349010476,10.7477267643322,6.42352146279113,7.2036619627023,9.61869199693439,21.8669865516547,16.8173679606912,19.3523434158026,12.5848809827681,15.0834849878225
gene-b4013,77.9861253659737,71.0606689753219,89.8002466589044,87.7731019087129,113.48221250931,128.865508443897,90.9403606982888,62.1022418066993,68.258728781629,105.928616591761,38.5411980097272,59.4466761284769
gene-b4014,7088.41888826457,7138.96535539114,5510.56572438641,4750.49522983483,5223.39353615966,4978.53082311204,1866.02624740527,2709.75697348105,2387.07699347929,2136.90613086073,2203.14072704584,1831.31253028621
gene-b4015,5143.96482913962,3705.6822932316,2725.70160447027,2621.54968660003,3241.73716488859,2456.44872928149,859.561293907864,1605.91149235352,1370.1208603269,1584.8550713152,1696.59926748942,1082.46186383197
gene-b4016,1947.57350413958,1880.47585121731,1202.26683173921,1154.48498326868,1361.78655011172,1054.13586720877,448.580817675213,575.539086039551,561.897941274859,538.809982471556,784.981951300159,543.005459561609
gene-b4017,27.0351901268709,15.7912597722938,28.5247842328284,26.8693169108305,47.1058240604683,30.4154616202986,46.3446068943202,27.1150633240518,27.6991942881973,35.6490536606889,47.1933036853803,55.0103570144114
gene-b4018,985.744624625907,900.101807020744,845.178792083806,1177.7717245914,901.434178611689,1043.73057770709,1107.89843273781,1331.26214126474,1134.67770887722,1215.12345763434,1443.32853771121,1243.94387958395
gene-b4019,3868.1118181523,4836.07330526496,3962.83206138294,2265.97905948004,3229.96070887348,2265.95189071225,2468.50613703143,2799.84895807387,2990.52372618644,1307.81099715213,3384.54642930319,2093.94262183889
gene-b4020,297.38709139558,343.459900047389,323.280887972056,291.084266533997,328.670181512813,307.356243741965,507.167396201995,525.682356701779,464.950761266169,320.841482946201,619.805388401328,368.214486467431
gene-b4021,475.19545723,501.372497770327,458.509494705465,139.720447936319,276.211422900019,190.496838569239,215.983356658436,449.58524350202,494.628469432094,149.726025374894,428.672508475538,195.198041018879
gene-b4022,241.237081132079,197.390747153672,211.294698020951,226.597905948004,236.599707212807,240.12206542341,277.193214820746,369.114732991931,270.067144309924,271.951352211541,426.312843291269,231.575857754216
gene-b4023,146.613915688031,139.489461321928,118.325030891733,150.468174700651,132.752776897683,133.667949752365,82.1960952465302,99.7134586755454,92.9901522532338,201.671789280469,255.630394962477,173.016445448552
gene-b4024,873.444604098905,917.209005107396,808.202219930139,421.848275500039,557.775780352364,625.117776985611,603.354316171339,641.140045694515,674.673232305377,286.210973675817,869.14334287242,424.999371127469
gene-b4025,10027.9759070593,10410.3880048847,10836.2485880045,8678.78936219825,10892.1512270728,8905.32699966953,8634.96213361155,7047.29242586727,7741.92480355114,7793.90167461691,9015.49411403048,8676.55292328918
gene-b4026,10.3981500487965,6.57969157178906,13.7341553713618,7.16515117622146,11.7764560151171,14.4073239254046,9.61869199693439,16.6189097792576,5.93554163318513,14.2596214642756,3.93277530711502,2.66179146843926
gene-b4027,13.5175950634354,14.4753214579359,13.7341553713618,13.4346584554152,8.56469528372151,12.8065101559152,7.86983890658268,5.24807677239712,7.91405551091351,4.07417756122159,6.29244049138404,8.87263822813087
gene-b4028,4.1592600195186,9.21156820050469,3.16942047031427,8.95643897027683,3.21176073139557,4.0020344237235,4.37213272587927,1.74935892413237,2.96777081659257,4.07417756122159,3.93277530711502,4.43631911406544
gene-b4029,74.8666803513348,67.1128540322485,78.179038267752,53.738633821661,78.1528444639588,71.2362127422783,35.85148835221,23.6163454757871,37.5917636768392,33.6119648800781,25.1697619655361,30.166969975645
gene-b4620,14.5574100683151,10.5275065148625,3.16942047031427,5.3738633821661,10.7058691046519,12.8065101559152,5.24655927105512,6.12275623446331,10.8818263275061,4.07417756122159,11.7983259213451,7.98537440531779
gene-b4030,46.7916752195842,27.6347046015141,34.863625173457,34.034468087052,26.7646727616297,26.4134271965751,3.49770618070341,1.74935892413237,0.0,16.2967102448864,6.29244049138404,23.0688593931403
gene-b4031,57.1898252683807,42.11002605945,21.1294698020951,29.5562486019135,27.8352596720949,34.4174960440221,41.0980476232651,112.833650606538,111.786034091653,63.1497521989347,98.3193826778756,47.0249826090936
gene-b4032,5927.98534281888,2283.15297541081,887.437731687996,1740.23609192479,2484.8322191897,1956.19442631605,1371.10082283574,7298.32543148027,7440.20143719756,3494.62580313782,6581.10619892628,3315.70490585251
gene-b4033,17035.2892249433,11589.4687345493,4332.59778291961,5654.19992193576,8230.67216765637,5144.21504825419,6207.55404420338,19688.1600116478,21864.5568627763,8385.67596538435,24375.3413534989,7713.87167553698
gene-b4034,87390.2122701052,48523.90940363,19845.8545116179,40542.2166428551,50386.1023541337,35177.8825845296,21948.1062839139,79130.5015742038,91799.0868988413,65389.5313132163,87976.9701752245,69134.709809773
gene-b4035,38587.5348310838,27166.2305616027,11858.9149264259,10237.2097430264,14835.1228183161,9638.49970609568,17539.2476431373,47701.5191432416,47596.1190995727,15728.362475096,58782.4059603868,14361.2522360526
gene-b4036,123774.379105849,50378.0664885602,15711.8737448379,39181.73356327,63227.7923451636,32438.0898180485,19815.37994023,101855.548678145,119385.505896008,62992.8963628277,106128.301327683,72562.2099572999
gene-b4037,40940.6361871264,15563.6024439099,4355.84019970191,6544.46995558128,15486.039659879,6845.07967833668,6893.97888216643,36708.5476639937,46148.8361980144,8839.94676346055,37508.4512140788,11965.6399144573
gene-b4039,579.176957717965,726.397949525513,798.693958519196,470.213045939534,518.164064665151,519.46406819931,1005.59052695223,900.919845928173,833.943599462511,573.440491741939,670.931467393823,593.579497461955
gene-b4040,561.500102635011,701.395121552714,788.129223618149,572.316450200689,559.916954173294,560.28481932129,1002.9672473167,1081.10381511381,908.137869877325,645.757143453623,717.33821601778,673.433241515133
gene-b4041,3729.8164225033,3916.23242352885,3867.74944727352,3629.14907075617,5349.72279159455,3417.73739785987,5885.76507557867,5010.16395871512,4884.95076411137,4105.75243732106,4243.46455637711,4535.6926622205
gene-b4042,253.714861190634,303.981750616655,300.038471189751,308.997144474551,302.976095661649,358.582284365626,406.608343506772,403.227232012512,376.906893707256,444.085354173154,336.645566289046,391.283345860572
gene-b4043,1685.54012290991,1687.03291900672,1581.54081468682,2844.56501695992,2468.77341553273,2248.34293924786,1932.48266483864,1827.20539625627,1811.32945506033,3842.96798462227,3577.25241935183,4945.60854836015
gene-b4044,302.586166419978,281.610799272572,283.134895348075,473.795621527644,512.811130112826,366.586353213073,453.827376946268,345.498387516144,378.885407584984,654.924042966371,588.343185944407,651.251645944806
gene-b4045,552.141767591094,510.584065970831,709.950185350397,562.464367333385,516.022890844221,594.702315365312,229.099754836074,247.534287764731,284.905998392886,415.566111244603,365.748103561697,518.162072522843
gene-b4046,291.148201366302,336.8802084756,286.304315818389,382.439944030821,431.446524917471,349.777808633434,320.040115534362,240.536852068202,308.648164925627,424.733010757351,726.776876754856,351.356473833983
gene-b4047,1.03981500487965,3.94781494307344,4.22589396041903,3.58257558811073,3.21176073139557,1.6008137694894,0.874426545175853,0.874679462066187,0.0,0.0,2.35966518426901,0.887263822813087
gene-b4048,8.31852003903719,13.1593831435781,10.5647349010476,17.017234043526,7.49410837325632,15.2077308101493,8.74426545175853,8.74679462066187,0.989256938864189,7.12981073213779,12.5848809827681,19.5198041018879
gene-b4049,609.331592859474,601.383809661521,549.366214854474,763.088600267586,793.304900654705,661.936493683867,1370.22639629056,1140.58201853431,1125.77439642745,1149.93661665479,833.748365108385,1041.64772798256
gene-b4050,25.9953751219912,23.6868896584406,26.4118372526189,91.3556774968237,38.5411287767468,100.050860593088,50.7167396201995,30.6137811723166,33.6347359213824,111.021338543288,24.3832069041131,214.717845120767
gene-b4758,17.676855082954,7.89562988614688,11.6212083911523,49.2604143365226,19.2705643883734,58.4297025863631,21.8606636293963,13.1201919309928,14.8388540829628,76.3908292729049,20.4504315969981,92.2754375725611
gene-b4051,799.61773875245,1055.38252811497,977.2379783469,559.777435642302,765.46964098261,673.942596955038,254.458124646173,286.020184095643,329.422560641775,261.765908308487,737.788647614778,455.166341103114
gene-b4052,2001.64388439332,2147.61132903195,2136.18939699182,1898.76506169869,2128.3267780048,1707.26788516045,2823.52331437283,2407.11787960615,2492.92748593776,2092.09017768729,1724.91524970065,1835.74884940028
gene-b4053,974.306659572231,1014.58844036987,915.962515920824,777.418902620029,1005.28110892681,709.960906768549,1075.5446505663,1009.38009922438,968.482543148041,893.263430297834,908.47109594357,792.326593772087
gene-b4054,1761.44661826613,1459.37559062281,1341.72133243304,995.060369597756,1265.43372816985,891.653269605596,739.764857218772,837.068245197341,773.598926191796,780.205002973935,1068.92832847386,893.474669572779
gene-b4621,1.03981500487965,0.0,2.11294698020951,2.68693169108305,0.0,3.2016275389788,0.874426545175853,2.62403838619856,0.989256938864189,4.07417756122159,4.71933036853803,0.0
gene-b4055,1372.55580644114,3316.16455218169,2563.00468699414,461.256606969257,570.622823277946,536.272612778949,1264.42078432428,1963.65539233859,1723.28558750142,390.102501486968,4025.58880436294,554.53988925818
gene-b4056,527.186207473982,607.96350123331,642.335881983692,351.092407634852,365.070136468629,372.98960829103,285.063053727328,313.135247419695,301.723366353578,225.098310257493,725.990321693433,270.615465957992
gene-b4057,225.639856058884,247.396403099269,249.327743664723,190.772150066896,159.517449659313,185.69439726077,132.91283486673,169.68781564084,170.15219348464,148.707480984588,302.823698647857,148.173058409786
gene-b4058,1702.17716298799,1539.64782779864,1606.89617844934,2461.22942903207,2781.38479338856,2020.22697709562,2008.55777426894,1705.62495102907,1645.13428933115,2867.2024587097,2026.95239328708,3146.23751569521
gene-b4059,597.893627805798,586.908488203585,634.940567552959,527.534255349305,730.140272937259,579.494584555163,1216.32732433961,1189.56406841001,1046.63384131831,1249.75396690472,1006.00392356002,1015.91707712099
gene-b4060,79.0259403708533,67.1128540322485,64.4448828963902,173.75491602337,167.011558032569,214.50904511158,23.609516719748,18.3682687033899,2.96777081659257,128.33659317848,35.3949777640352,220.928691880459
gene-b4061,121.658355570919,152.648844465506,173.26165237718,139.720447936319,149.882167465126,168.085445796387,133.787261411906,116.332368454803,122.667860419159,94.7246282984021,185.626994495829,92.2754375725611
gene-b4062,556.301027610612,544.798462144135,585.286313518036,1118.65922738758,745.128489683772,1287.05427066948,440.71097876863,280.772107323246,331.401074519503,1484.01917667497,630.81715926125,2628.07544317236
gene-b4063,17.676855082954,14.4753214579359,8.45178792083806,17.017234043526,25.6940858511645,31.2158685050433,11.3675450872861,29.7391017102504,16.8173679606912,28.5192429285512,27.5294271498052,54.1230931915983
gene-b4459,7.27870503415754,1.31593831435781,4.22589396041903,5.3738633821661,6.42352146279113,8.8044757321917,4.37213272587927,6.9974356965295,2.96777081659257,5.09272195152699,13.3714360441911,2.66179146843926
gene-b4064,3086.1709344828,3017.44655482247,3372.26338041438,4146.83124323817,4645.27660450846,3510.58459649026,3882.45386058079,3226.69253556216,2733.31692208175,3190.08103043651,1630.52864232989,2974.10833406947
gene-b4065,459.598232156805,409.25681576528,414.137608121065,276.753964181554,373.634831752351,350.578215518179,453.827376946268,440.838448881358,393.724261667947,343.249459532919,807.005493020003,307.880546516141
gene-b4066,13.5175950634354,19.7390747153672,17.9600493317809,10.7477267643322,7.49410837325632,14.4073239254046,6.99541236140683,19.2429481654561,22.7529095938763,7.12981073213779,14.9445461670371,10.647165873757
gene-b4067,2300.07079079378,1909.42649413319,917.018989410929,205.102452419339,308.329030213974,274.539561467432,328.784380986121,1096.848045431,1271.19516644048,208.801600012607,528.565001276259,144.624003118533
gene-b4068,952.470544469759,1367.25990861777,557.818002775312,98.5208286730451,144.529232912801,126.464287789663,133.787261411906,360.367938371269,506.499552698465,65.1868409795455,190.346324864367,67.4320505337946
gene-b4069,6862.77903220569,7946.95148040683,4528.04537858899,738.010571150811,1139.10447273496,982.099247581747,1218.07617742996,3210.94830524497,3279.38675233479,619.274989305682,1379.61757773595,557.201680726619
gene-b4070,144.534285678271,184.231364010094,159.527497005818,111.95548712846,134.893950718614,105.6537087863,93.5636403338163,139.94871393059,144.431513074172,60.0941190280185,88.8807219407995,95.8244928638134
gene-b4071,8.31852003903719,15.7912597722938,9.50826141094281,8.95643897027683,21.4117382093038,13.6069170406599,14.8652512679895,20.1176276275223,10.8818263275061,7.12981073213779,14.1579911056141,13.3089573421963
gene-b4072,5.19907502439825,11.8434448292203,3.16942047031427,5.3738633821661,3.21176073139557,6.4032550779576,3.49770618070341,8.74679462066187,6.92479857204932,4.07417756122159,5.50588542996103,5.32358293687852
gene-b4073,7.27870503415754,6.57969157178906,10.5647349010476,6.26950727919378,10.7058691046519,6.4032550779576,11.3675450872861,17.4935892413237,5.93554163318513,6.11126634183239,7.07899555280704,3.54905529125235
gene-b4074,18.7166700878337,14.4753214579359,17.9600493317809,14.3303023524429,11.7764560151171,9.6048826169364,17.4885309035171,20.1176276275223,13.8495971440986,15.278165854581,17.3042113513061,12.4216935193832
gene-b4075,11.4379650536761,3.94781494307344,2.11294698020951,4.47821948513841,2.14117382093038,4.8024413084682,6.12098581623097,6.9974356965295,4.94628469432094,1.0185443903054,2.35966518426901,0.887263822813087
gene-b4076,21.8361151024726,31.5825195445875,17.9600493317809,15.2259462494706,18.1999774779082,17.6089514643834,12.2419716324619,20.9923070895885,9.89256938864189,12.2225326836648,17.3042113513061,12.4216935193832
gene-b4077,1177.07058552376,1165.92134652102,1063.86880453549,1027.30354989075,1181.92794915357,1090.95458390703,1368.47754320021,898.295807541974,758.760072108833,1077.61996494311,1131.06617832628,1054.06942150195
gene-b4078,165.330585775864,143.437276265002,138.398027203723,126.285789480903,162.729210390709,144.873646138791,137.284967592609,228.291339599275,237.421665327405,190.46780098711,235.179963365478,161.482015751982
gene-b4079,1329.92339124107,1315.93831435781,1069.15117198601,329.596954106187,355.434854274443,308.957057511454,386.496532967727,344.623708054078,368.003581257478,250.561920015128,305.183363832126,355.792792948048
gene-b4080,19.7564850927133,22.3709513440828,10.5647349010476,17.9128779405537,19.2705643883734,12.0061032711705,8.74426545175853,14.8695508551252,20.774395716148,6.11126634183239,13.3714360441911,15.9707488106356
gene-b4081,6.2388900292779,2.63187662871563,12.6776818812571,8.06079507324915,4.28234764186076,10.4052895016811,5.24655927105512,6.9974356965295,10.8818263275061,10.185443903054,10.2252157984991,5.32358293687852
gene-b4082,2.0796300097593,3.94781494307344,2.11294698020951,4.47821948513841,8.56469528372151,5.6028481932129,3.49770618070341,2.62403838619856,0.989256938864189,4.07417756122159,5.50588542996103,3.54905529125235
gene-b4622,0.0,1.31593831435781,1.05647349010476,0.0,0.0,0.0,0.0,0.0,0.0,0.0,0.0,1.77452764562617
gene-b4083,10.3981500487965,5.26375325743125,17.9600493317809,16.1215901464983,12.8470429255823,24.012206542341,8.74426545175853,10.4961535447942,9.89256938864189,7.12981073213779,15.7311012284601,16.8580126334487
gene-b4084,163.250955766105,163.176350980369,107.760295990685,69.8602239681593,66.3763884488417,68.8349920880442,61.2098581623098,101.462817599678,118.710832663703,48.8901307346591,95.1731624321836,48.7995102547198
gene-b4085,107.100945502604,72.3766072896797,61.2754624260759,29.5562486019135,24.6234989406993,24.8126134270857,13.1163981776378,65.600959654964,94.9686661309621,25.463609757635,73.1496207123394,29.2797061528319
gene-b4086,48.8713052293435,96.0634969481203,43.315413094295,17.9128779405537,18.1999774779082,19.2097652338728,11.3675450872861,47.2326909515741,62.3231871484439,9.16689951274859,47.9798587468033,23.0688593931403
gene-b4087,91.5037204294091,185.547302324452,114.099136931314,17.017234043526,27.8352596720949,44.0223786609585,20.9862370842205,136.449996082325,132.560429807801,18.3337990254972,176.974888820176,39.0396082037758
gene-b4088,239.157451122319,390.83367936427,303.207891660065,99.4164725700728,113.48221250931,119.26062582696,125.917422505323,274.649351088783,345.250671663602,86.5762731759589,408.222076878539,109.13345020601
gene-b4089,665.481603122975,980.374044196571,920.188409881244,492.604143365226,475.340588246544,480.24413084682,534.274619102447,746.101581142458,690.501343327204,445.103898563459,1042.9720114469,439.195592292478
gene-b4090,70.7074203318162,119.750386606561,117.268557401628,51.9473460276056,47.1058240604683,51.2260406236608,67.3308439785407,146.071470165053,130.581915930073,46.8530419540483,168.322783144523,39.9268720265889
gene-b4487,103.981500487965,193.442932210599,131.00271277299,70.755867865187,57.8116931651202,90.4459779761511,90.9403606982888,144.322111240921,155.313339401678,44.8159531734375,172.255558451638,77.1919525847386
gene-b4092,67.5879753171772,76.3244222327532,85.5743526984853,67.1732922770762,79.223431374424,69.6353989727889,52.4655927105512,55.1048061101698,63.3124440873081,53.9828526861861,53.4857441767643,51.4613017231591
gene-b4093,25.9953751219912,25.0028279727984,28.5247842328284,23.2867413227198,35.3293680453512,35.2179029287668,25.3583698100998,27.989742786118,24.7314234716047,24.4450653673296,24.3832069041131,20.407067924701
gene-b4094,9.35833504391684,15.7912597722938,10.5647349010476,11.6433706613599,7.49410837325632,12.8065101559152,4.37213272587927,9.62147408272806,6.92479857204932,6.11126634183239,4.71933036853803,4.43631911406544
gene-b4095,6.2388900292779,9.21156820050469,4.22589396041903,3.58257558811073,8.56469528372151,5.6028481932129,1.74885309035171,6.12275623446331,4.94628469432094,3.0556331709162,3.14622024569202,5.32358293687852
gene-b4096,8.31852003903719,6.57969157178906,13.7341553713618,1.79128779405537,10.7058691046519,4.8024413084682,4.37213272587927,4.37339731033094,3.95702775545676,4.07417756122159,4.71933036853803,4.43631911406544
gene-b4097,1.03981500487965,0.0,1.05647349010476,1.79128779405537,5.35293455232595,3.2016275389788,1.74885309035171,0.0,1.97851387772838,2.0370887806108,0.0,0.887263822813087
gene-b4098,8.31852003903719,3.94781494307344,3.16942047031427,3.58257558811073,4.28234764186076,7.2036619627023,2.62327963552756,6.9974356965295,0.989256938864189,3.0556331709162,7.07899555280704,4.43631911406544
gene-b4099,9.35833504391684,2.63187662871563,3.16942047031427,5.3738633821661,12.8470429255823,9.6048826169364,4.37213272587927,3.49871784826475,0.989256938864189,1.0185443903054,0.786555061423005,5.32358293687852
gene-b4100,4.1592600195186,0.0,1.05647349010476,1.79128779405537,0.0,2.4012206542341,2.62327963552756,1.74935892413237,0.989256938864189,3.0556331709162,2.35966518426901,3.54905529125235
gene-b4101,0.0,1.31593831435781,0.0,0.0,3.21176073139557,3.2016275389788,0.0,0.874679462066187,0.0,0.0,0.0,1.77452764562617
gene-b4102,4.1592600195186,0.0,2.11294698020951,3.58257558811073,2.14117382093038,3.2016275389788,0.0,0.0,0.989256938864189,0.0,0.786555061423005,0.0
gene-b4105,9.35833504391684,5.26375325743125,2.11294698020951,6.26950727919378,7.49410837325632,9.6048826169364,5.24655927105512,7.87211515859569,5.93554163318513,6.11126634183239,3.93277530711502,4.43631911406544
gene-b4106,3.11944501463895,1.31593831435781,2.11294698020951,0.895643897027683,4.28234764186076,1.6008137694894,1.74885309035171,0.874679462066187,1.97851387772838,0.0,0.0,0.887263822813087
gene-b4107,30.1546351415098,32.8984578589453,27.4683107427237,22.3910974256921,25.6940858511645,28.0142409660645,3.49770618070341,2.62403838619856,1.97851387772838,11.2039882933594,5.50588542996103,15.0834849878225
gene-b4108,164.290770770985,151.332906151149,212.351171511056,130.764008966042,162.729210390709,161.682190718429,420.599168229586,296.516337640437,285.895255331751,457.326431247124,252.484174716784,303.444227402076
gene-b4109,2083.78926977882,2292.36454361131,2198.521332908,758.610380782447,814.716638864009,627.518997639845,98.8101996048714,143.447431778855,117.721575724838,111.021338543288,147.872351547525,83.4027993444302
gene-b4110,2171.13373018871,2150.24320566067,2337.97583360183,835.635755926828,730.140272937259,593.101501595823,13.1163981776378,24.4910249378532,15.828111021827,19.3523434158026,31.4622024569202,41.7013996722151
gene-b4111,3176.63483990733,2287.10079035388,2347.48409501277,4514.04524101952,5450.35796117828,2895.07170212158,715.280913953848,637.641327846251,775.577440069524,3532.31194557912,873.076118179535,3885.32828009851
gene-b4703,309.864871454135,290.822367473077,277.852527897551,471.108689836561,555.634606531433,324.965195206348,46.3446068943202,45.4833320274417,58.3661593929871,299.452050749787,95.1731624321836,340.709307960226
gene-b4112,220.440781034486,231.605143326975,208.125277550637,220.32839866881,218.399729734899,219.311486420048,224.727622110194,244.910249378532,262.15308879901,195.560522938636,436.538059089768,216.492372766393
gene-b4113,178.8481808393,227.657328383902,190.165228218856,166.589764847149,149.882167465126,195.299279877707,166.141043583412,201.176276275223,186.969561445332,157.874380497337,391.704420588656,157.93296046073
gene-b4114,85.2648304001312,121.066324920919,124.663871832361,101.207760364128,85.6469528372151,100.851267477832,62.9587112526615,63.8516007308317,41.5487914322959,42.7788643928267,42.4739733168422,62.9957314197292
gene-b4115,17.676855082954,7.89562988614688,7.3953144307333,16.1215901464983,16.0588036569778,13.6069170406599,18.3629574486929,13.994871393059,11.8710832663703,18.3337990254972,59.7781846681483,17.7452764562617
gene-b4116,11.4379650536761,27.6347046015141,32.7506781932475,17.9128779405537,17.129390567443,38.4195304677456,18.3629574486929,19.2429481654561,24.7314234716047,19.3523434158026,716.551660956357,70.981105825047
gene-b4117,93.5833504391684,197.390747153672,162.696917476133,66.2776483800485,81.3646051953544,100.050860593088,139.033820682961,159.191662096046,146.4100269519,48.8901307346591,234.393408304055,53.2358293687852
gene-b4118,296.3472763907,843.516459503358,866.308261885901,137.929160142263,146.670406733731,163.283004487919,467.818201669082,516.935562081117,436.262310039107,75.3722848825995,1535.3554798977,90.5009099269349
gene-b4119,64.4685303025383,64.4809774035328,46.4848335646093,51.9473460276056,46.0352371500031,61.6313301253419,45.4701803491444,41.984614179177,59.3554163318513,51.9457639055753,55.0588542996103,60.3339399512899
gene-b4120,86.3046454050109,90.7997436906891,82.4049322281711,57.3212094097717,79.223431374424,84.0427228981935,45.4701803491444,43.7339731033094,61.3339302095797,45.8344975637429,72.3630656509164,59.4466761284769
gene-b4121,98.7824254635667,68.4287923466063,90.8567201490091,60.9037849978824,68.5175622697721,75.2382471660018,71.70297670442,73.4730748135597,55.3983885763946,55.0013970764915,112.47737378349,53.2358293687852
gene-b4122,183.007440858818,247.396403099269,217.63353896158,111.059843231433,125.258668524427,117.659812057471,166.141043583412,174.935892413237,182.023276751011,135.466403910618,158.884122407447,118.893352256954
gene-b4123,67.5879753171772,103.959126834267,69.727250346914,33.1388241900243,37.4705418662816,51.2260406236608,74.3262563399475,72.5983953514936,68.258728781629,49.9086751249645,74.7227308351854,51.4613017231591
gene-b4124,437.762117054332,694.815429980925,703.611344409768,477.378197115755,467.846479873288,471.439655114628,728.397312131486,654.260237625508,715.232766798809,487.882762956286,841.613915722615,574.946957182881
gene-b4125,344.178766615164,372.410542963261,383.499876908027,343.031612561603,363.999549558164,335.370484708029,701.290089231035,704.991646425347,663.791405977871,445.103898563459,770.037405133122,442.744647583731
gene-b4126,62.388900292779,51.3215942599547,38.0330456437713,21.4954535286644,48.1764109709335,32.016275389788,10.4931185421102,13.994871393059,20.774395716148,19.3523434158026,29.8890923340742,23.0688593931403
gene-b4127,155.972250731947,190.811055581883,239.81948225378,137.929160142263,192.705643883734,140.871611715067,39.3491945329134,53.3554471860374,45.5058191877527,43.7974087831321,81.0151713265695,83.4027993444302
gene-b4128,9.35833504391684,18.4231364010094,23.2424167823047,12.5390145583876,16.0588036569778,11.2056963864258,4.37213272587927,3.49871784826475,8.9033124497777,2.0370887806108,9.43866073707606,2.66179146843926
gene-b4559,5.19907502439825,5.26375325743125,4.22589396041903,5.3738633821661,3.21176073139557,12.0061032711705,8.74426545175853,8.74679462066187,2.96777081659257,5.09272195152699,3.14622024569202,2.66179146843926
gene-b4129,3755.81179762529,4607.1000385667,5736.65105126883,3913.06818611395,3600.38377989443,6430.46891203892,8711.03724304185,8392.54943852507,9587.87825147172,4367.51834562955,11576.5173940238,6462.82968537053
gene-b4130,47.8314902244639,51.3215942599547,44.3718865843998,46.5734826454395,53.5293455232595,40.8207511219797,57.7121519816063,48.9820498757065,42.5380483711601,43.7974087831321,55.0588542996103,49.6867740775329
gene-b4131,30.1546351415098,28.9506429158719,53.8801479953426,28.6606047048859,25.6940858511645,42.4215648914691,18.3629574486929,22.7416660137209,15.828111021827,26.4821541479404,39.3277530711502,20.407067924701
gene-b4132,9.35833504391684,10.5275065148625,22.1859432921999,8.06079507324915,7.49410837325632,21.6109858881069,7.86983890658268,10.4961535447942,12.8603402052345,6.11126634183239,10.2252157984991,3.54905529125235
gene-b4133,126.857430595317,114.48663334913,107.760295990685,167.485408744177,171.29390567443,115.258591403237,92.6892137886405,80.4705105100892,78.1512981702709,195.560522938636,353.949777640352,220.041428057646
gene-b4134,24.9555601171116,32.8984578589453,26.4118372526189,41.1996192632734,46.0352371500031,27.2138340813198,27.9816494456273,24.4910249378532,25.7206804104689,26.4821541479404,15.7311012284601,31.9414976212711
gene-b4135,794.418663728052,818.51363153056,949.769667604177,858.02685335252,1038.46930315123,845.229670290403,501.046410385764,446.961205115822,557.940913519403,556.125237106748,550.588542996103,665.447867109816
gene-b4136,957.669619494157,1021.16813194166,890.60715215831,1187.62380745871,1276.13959727451,1103.76109406294,1037.06988257856,893.047730769577,1087.19337581174,999.192046889596,1145.22416943189,1162.31560788514
gene-b4137,96.7027954538074,71.0606689753219,89.8002466589044,125.390145583876,155.235102017452,98.4500468235981,99.6846261500473,114.583009530671,105.850492458468,111.021338543288,147.085796486102,86.9518546356826
gene-b4138,3159.99779982925,3328.00799701091,3549.75092675198,3005.7809184249,3502.9603710421,3915.59048017107,3851.84893149964,4041.89379420785,4313.16025344786,2724.60624406694,9226.29087049184,3911.9461947829
gene-b4139,18214.4394404768,36011.9679107159,32740.1134583464,4152.20510662034,4607.80606264217,6056.67889686315,28438.1001022091,47949.0534310063,51287.036738475,5438.00849984052,54095.3243493671,6692.63101547912
gene-b4140,382.651921795711,350.039591619178,428.928236982531,442.448085131675,323.317246960487,947.681751537725,327.909954440945,526.557036163845,593.554163318513,333.064015629865,370.467433930235,369.989014113057
gene-b4141,142.454655668512,126.33007817835,120.437977871942,128.972721171986,117.764560151171,122.462253365939,85.6938014272337,82.2198694342216,94.9686661309621,73.3351961019887,78.6555061423005,68.3193143566077
gene-b4142,3807.80254786928,1991.01466962337,3182.09815219553,2225.67508411379,2774.96127192577,9243.0987050318,6616.78566734568,12994.2380884553,12876.1683162563,2640.06705967159,4016.15014362586,2492.32407828196
gene-b4143,40472.7194349306,26127.9552315744,41675.7662376525,32281.6929805688,42958.3703693262,122932.092207284,80707.8212666409,118286.402373059,142170.071711928,26784.6618318611,43734.8210803033,38766.3309463494
gene-b4144,856.807564020831,838.252706245927,764.886806835844,615.307357258018,647.705080831439,528.268543931502,571.000533999832,645.513443004846,619.274843728982,685.480374675533,1018.58880454279,618.422884500722
gene-b4145,57.1898252683807,82.9041138045422,54.9366214854474,74.3384434532977,72.7999099116329,114.458184518492,83.0705217917061,109.334932758273,120.689346541431,119.169693665732,115.623594029182,118.893352256954
gene-b4146,1032.53629984549,1002.74499554065,983.576819287529,912.661131071209,1094.13982249542,800.4068847447,1173.480423626,898.295807541974,1010.03133458034,984.93242542532,1088.59220500944,1149.89391436576
gene-b4147,7987.85886748547,7041.58592012866,7967.92306237008,6627.76483800485,7185.77934304235,6496.90268347273,12615.351767252,10327.3404086155,10271.4547962269,11931.2289880374,6559.08265720644,9461.78140647876
gene-b4410,212.122260995448,163.176350980369,140.510974183933,216.745823080699,244.093815586063,170.486666450621,359.389310067276,268.52659485432,295.787824720392,444.085354173154,247.764844348246,323.851295326777
gene-b4411,167.410215785624,177.651672438305,131.00271277299,171.067984332287,165.940971122104,160.881783833685,223.853195565018,172.311854027039,194.883616956245,349.360725874752,176.188333758753,304.331491224889
gene-b4148,98.7824254635667,73.6925456040375,80.2919852479615,117.329350510626,100.635169583728,122.462253365939,124.168569414971,136.449996082325,102.882721641876,222.042677086577,201.358095724289,208.506998361076
gene-b4149,576.057512703326,640.861959092255,587.399260498245,301.831993298329,466.775892962822,348.977401748689,52.4655927105512,66.4756391170302,78.1512981702709,84.5391843953481,176.974888820176,104.697131091944
gene-b4150,314.024131473654,292.138305787434,300.038471189751,238.241276609364,215.187969003503,260.932644426772,330.533234076473,313.135247419695,311.61593574222,286.210973675817,280.800156928013,229.80133010859
gene-b4151,661.322343103457,593.488179775374,482.808384977874,170.17234043526,291.199639646531,246.525320501368,258.830257372053,553.672099487897,605.425246584884,145.651847813672,600.928066927176,208.506998361076
gene-b4152,896.320534206258,1111.96787563235,875.816523296844,276.753964181554,462.493545320962,368.187166982562,391.743092238782,662.132352784104,939.794091920979,215.931410744744,895.099659899379,346.920154719917
gene-b4153,1941.33461411031,2398.95554707429,1927.00764595108,539.177626010665,807.222530490753,712.362127422783,773.86749248063,1532.43841753996,1711.41450423505,438.992632221627,2034.03138883989,553.652625435367
gene-b4154,5042.06295866142,6986.31651092563,5728.19926334799,1576.33325876872,2266.43248945481,1924.17815092626,2649.51243188284,4852.72165554321,4987.83348575324,1275.21757666236,7101.80564958831,1528.75556670695
gene-b4155,246.436156156477,225.025451755186,234.537114803256,214.058891389616,187.352709331408,228.11596215224,642.703510704252,438.21441049516,431.316025344786,446.122442953765,271.361496190937,386.847026746506
gene-b4156,61.3490852878993,61.8491007748172,75.0096177974378,92.2513213938513,78.1528444639588,140.071204830323,247.462712284767,207.299032509686,177.07699205669,184.356534645277,180.121109065868,182.776347499496
gene-b4157,24.9555601171116,14.4753214579359,29.5812577229332,25.0780291167751,11.7764560151171,28.0142409660645,38.4747679877376,30.6137811723166,32.6454789825182,35.6490536606889,38.5411980097272,21.2943317475141
gene-b4158,16.6370400780744,11.8434448292203,17.9600493317809,24.1823852197474,11.7764560151171,28.0142409660645,17.4885309035171,12.2455124689266,11.8710832663703,17.3152546351918,19.6638765355751,12.4216935193832
gene-b4159,872.404789094026,873.783040733588,762.773859855635,849.966058279271,1089.85747485356,772.392643778636,1388.58935373926,1254.29034860291,1318.67949950596,1040.95236689212,1024.09468997275,1106.41798704792
gene-b4160,2267.83652564251,2197.61698497755,2064.3491996647,2127.15425544075,2562.98506365366,1916.17408207881,2634.64718061485,2140.34064367596,2224.83885550556,2403.76476112074,2496.52576495662,2825.04801183687
gene-b4161,2148.25780008136,1954.16839682135,1899.53933520835,2003.55539765093,2336.02063863504,1792.91142182813,2673.99637514776,2445.60377593706,2597.78872145736,2202.09297184027,2525.62830222927,2507.40756326978
gene-b4162,497.031572332472,353.987406562252,413.08113463096,429.909070573288,413.246547439563,445.826634802798,610.349728532746,607.902226136,593.554163318513,676.313475162785,556.880983487487,507.514906649086
gene-b4163,315.063946478534,348.72365330482,360.257460125722,384.231231824876,323.317246960487,384.995711562201,652.322202701187,555.421458412029,458.025962694119,597.885557109269,281.586711989436,701.825683845152
gene-b4164,702.914943298643,757.9804690701,901.171887059358,908.182911586071,799.728422117496,906.060593531001,1592.33073876523,1060.11150802422,1196.0116390868,1569.57690546062,635.536489629788,1467.53436293285
gene-b4165,698.755683279124,721.134196268081,887.437731687996,951.173818643399,777.246096997727,904.459779761511,1235.56470833348,795.95831048023,883.406446405721,1214.10491324404,540.363327197604,1021.24066005786
gene-b4670,16.6370400780744,10.5275065148625,20.0729963119904,49.2604143365226,43.8940633290728,32.016275389788,17.4885309035171,13.1201919309928,6.92479857204932,43.7974087831321,20.4504315969981,35.4905529125235
gene-b4166,278.670421307746,221.077636812113,236.650061783466,394.978958589208,331.881942244209,318.561940128391,445.083111494509,371.73877137813,357.121754929972,443.066809782848,560.813758794602,431.21021788716
gene-b4167,385.77136681035,375.042419591977,493.373119878922,322.431802929966,423.952416544215,437.022159070606,285.063053727328,314.009926881761,291.830796964936,271.951352211541,302.037143586434,269.728202135179
gene-b4168,426.324152000656,423.732137223216,506.050801760179,419.161343808956,444.293567843053,454.63111053499,453.827376946268,398.853834702181,492.649955554366,391.121045877273,314.622024569202,456.94086874874
gene-b4169,793.378848723172,782.983297042899,831.444636712444,830.261892544662,782.599031550053,811.612581131126,1024.8279109461,938.531062797019,928.912265593473,928.912483958523,927.348417417722,976.877468917209
gene-b4170,1097.00483014803,1019.85219362731,1099.78890319905,966.39976489287,1212.97496955706,852.433332253106,1416.57100318488,1218.4284906582,1156.44136153224,1151.97370543541,1035.8930158941,1109.96704233917
gene-b4171,5869.75570254562,5254.54168923075,5899.34796874496,4917.08499468198,5712.65175424225,8032.88349529781,8784.48907283662,9871.63240887899,11278.5183599906,6256.91818964606,7053.03923578008,7196.59686683695
gene-b4172,6159.86408890704,6674.43913042283,6997.02392496381,5458.94955238373,5503.88730670154,6055.8784899784,6987.54252250025,6156.86873348389,7458.99731903598,5770.05397108008,6298.73293187542,6603.90463319781
gene-b4173,6874.21699725936,6952.10211475233,6989.62861053307,5892.44119854513,6864.60326990279,6874.69473307223,6844.13656909141,7238.84722805977,8546.19069484773,4947.07010371332,6153.22024551217,6627.86075641376
gene-b4174,7088.41888826457,6907.36021206416,6609.29815409536,6745.98983241251,7974.80189605519,7350.93682949533,8958.49995532662,9426.4205626873,10341.6920388862,6278.30762184248,6783.25084971199,8133.54746372757
gene-b4175,4020.9646238696,3504.34373113486,3431.42589586025,3587.9494514929,4093.92434561888,3789.92659926616,4660.6934857873,5419.5139469621,5415.19248334257,3547.5901114337,3582.75830478179,3788.61652341188
gene-b4176,102.941685483085,97.3794352624782,77.1225647776473,105.685979849267,94.2116481209366,80.04068847447,130.289555231202,91.8413435169497,110.796777152789,124.262415617259,147.085796486102,124.216935193832
gene-b4177,25470.268544527,27293.8765780954,23653.3849699554,19073.6324311015,22731.7718699074,19491.5084573029,22220.0529394636,21062.2814465538,21218.572081698,28182.1047353601,27850.3416148657,23992.5010326887
gene-b4178,321.302836507812,313.193318817159,260.948952055875,437.969865646537,381.128940125607,369.787980752052,396.115224964662,416.347423943505,377.89615064612,521.494727836364,620.591943462751,549.216306321301
gene-b4179,2203.36799533998,2054.17970871255,1952.36300971359,2524.82014572104,2727.8554478653,2293.96613167831,2343.46314107129,2347.63967618565,2402.90510450111,3090.26368018658,4071.99555298689,3126.71771159332
gene-b4180,427.363967005536,472.421854854455,460.622441685674,539.177626010665,594.17573530818,534.67179900946,692.545823779276,600.904790439471,633.124440873081,796.501713218822,670.1449123324,852.660533723377
gene-b4181,0.0,6.57969157178906,0.0,7.16515117622146,6.42352146279113,6.4032550779576,6.99541236140683,4.37339731033094,11.8710832663703,4.07417756122159,4.71933036853803,5.32358293687852
gene-b4182,11.4379650536761,9.21156820050469,7.3953144307333,9.85208286730451,13.9176298360475,16.008137694894,6.99541236140683,16.6189097792576,20.774395716148,7.12981073213779,17.3042113513061,20.407067924701
gene-b4183,2.0796300097593,5.26375325743125,9.50826141094281,12.5390145583876,11.7764560151171,16.008137694894,13.1163981776378,14.8695508551252,10.8818263275061,16.2967102448864,20.4504315969981,17.7452764562617
gene-b4184,3.11944501463895,1.31593831435781,0.0,0.895643897027683,2.14117382093038,4.8024413084682,0.874426545175853,1.74935892413237,0.989256938864189,2.0370887806108,0.786555061423005,3.54905529125235
gene-b4185,1.03981500487965,3.94781494307344,1.05647349010476,16.1215901464983,10.7058691046519,18.4093583491281,13.1163981776378,6.12275623446331,12.8603402052345,17.3152546351918,5.50588542996103,10.647165873757
gene-b4186,14.5574100683151,7.89562988614688,7.3953144307333,15.2259462494706,9.6352821941867,18.4093583491281,9.61869199693439,9.62147408272806,6.92479857204932,7.12981073213779,7.86555061423005,8.87263822813087
gene-b4187,150.773175707549,107.906941777341,179.600493317809,99.4164725700728,115.62338633024,118.460218942216,38.4747679877376,66.4756391170302,38.5810206157034,73.3351961019887,73.9361757737624,49.6867740775329
gene-b4188,87.3444604098905,218.445760183397,214.464118491266,154.050750288761,101.705756494193,131.266729098131,478.311320211192,582.536521736081,532.220233108934,174.171090742223,1220.7334553285,222.703219526085
gene-b4189,263.073196234551,568.485351802575,483.864858467979,292.875554328052,239.811467944202,265.73508573524,792.230449929323,840.566963045606,818.115488440684,273.988440992152,2387.98116648024,383.297971455254
gene-b4190,136.215765639234,188.179178953167,129.946239282885,92.2513213938513,112.411625598845,117.659812057471,92.6892137886405,98.8387792134792,106.839749397332,105.928616591761,234.393408304055,110.020714028823
gene-b4191,159.091695746586,203.970438725461,201.786436610009,141.511735730374,170.223318763965,183.293176606536,232.597461016777,280.772107323246,244.346463899455,201.671789280469,329.566570736239,204.957943069823
gene-b4192,65.5083453074179,48.6897176312391,64.4448828963902,42.9909070573288,54.5999324337246,56.028481932129,67.3308439785407,98.8387792134792,130.581915930073,56.0199414667969,95.1731624321836,47.0249826090936
gene-b4193,45.7518602147046,73.6925456040375,76.0660912875425,29.5562486019135,19.2705643883734,28.8146478508092,56.8377254364305,106.710894372075,87.0546106200486,21.3894321964134,125.848809827681,31.0542337984581
gene-b4194,32.2342651512691,40.7940877450922,31.6942047031427,8.95643897027683,25.6940858511645,26.4134271965751,26.2327963552756,56.8541650343022,52.430617759802,13.2410770739702,58.2050745453023,23.0688593931403
gene-b4195,13.5175950634354,22.3709513440828,29.5812577229332,8.95643897027683,9.6352821941867,13.6069170406599,19.2373839938688,42.8592936412432,50.4521038820736,11.2039882933594,30.6756473954972,11.5344296965701
gene-b4196,43.6722302049453,36.8462728020188,29.5812577229332,23.2867413227198,19.2705643883734,25.6130203118304,35.85148835221,62.9769212687655,71.2264995982216,31.5748760994674,71.5765105894934,23.0688593931403
gene-b4197,58.2296402732604,52.6375325743125,50.7107275250283,50.1560582335502,44.9646502395379,48.024413084682,44.5957538039685,80.4705105100892,86.0653536811844,30.556331709162,53.4857441767643,43.4759273178413
gene-b4198,60.3092702830197,48.6897176312391,40.1459926239808,34.9301119840796,41.7528895081424,32.8166822745327,40.2236210780893,68.2249980411626,79.1405551091351,47.8715863443537,70.0034004666474,39.9268720265889
gene-b4199,10.3981500487965,18.4231364010094,29.5812577229332,23.2867413227198,8.56469528372151,34.4174960440221,12.2419716324619,13.994871393059,7.91405551091351,8.14835512244319,11.7983259213451,23.0688593931403
gene-b4200,16321.9761315959,12227.6988170128,12697.7548775691,13520.6402695299,14643.4877613429,10637.4074982571,26497.7475984639,29290.3911462104,24396.0653693298,29687.5133442315,16745.7572576958,19298.8754100075
gene-b4201,19266.732225415,20876.0454189723,20701.5980386027,19367.4036293266,23832.3352138656,15825.6449251722,37110.6625772632,27087.0735812657,28583.5899915419,32760.4617697828,20684.8250053022,30412.7420545642
gene-b4202,21451.3835506672,23721.1040546139,22234.5410727447,20297.0819944414,20541.3510510956,17153.5199469637,41986.4649931638,31312.6500625074,32784.9642108981,36800.008821734,23355.9659938947,31428.6591316852
gene-b4203,18859.1247435022,19633.7996502186,18777.759813122,18080.3633492978,22812.0658881922,14641.0427357501,35041.7693713772,31396.6192908658,31069.5926789076,35412.7513621381,21118.2168441463,28023.3405797286
gene-b4204,45.7518602147046,56.585347517386,44.3718865843998,47.4691265424672,39.611715687212,56.028481932129,82.1960952465302,59.4782034205007,51.4413608209378,69.2610185407671,75.5092858966084,94.0499652181873
gene-b4206,545.902877561816,419.784322280142,416.250555101274,371.692217266488,357.576028095373,415.411173182499,507.167396201995,590.408636894676,565.854969030316,593.811379548047,820.376929064194,490.656894015637
gene-b4207,2848.05329836536,2342.37019955691,2204.86017384863,1748.29688699804,2358.50296375481,1656.84225142153,2468.50613703143,2489.33774904037,2428.62578491158,2545.34243137319,1932.56578591632,2161.37467237268
gene-b4208,7805.89124163153,9683.99005535915,6153.95807986021,1587.97662943008,1886.37413623966,1490.35761939463,3828.23941477989,5166.73158242497,4841.42345880134,1852.73224596552,2398.99293734016,1989.24549074694
gene-b4209,30.1546351415098,34.2143961733031,46.4848335646093,36.721399778135,31.0470204034905,49.6252268541714,41.972474168441,42.8592936412432,22.7529095938763,49.9086751249645,59.7781846681483,33.7160252668973
gene-b4210,172.609290810022,176.335734123947,143.680394654247,154.946394185789,171.29390567443,115.258591403237,155.647925041302,169.68781564084,149.377797768493,161.948558058558,92.8134972479145,158.820224283543
gene-b4211,93.5833504391684,90.7997436906891,88.7437731687996,60.0081411008548,59.9528669860506,70.4358058575336,50.7167396201995,66.4756391170302,68.258728781629,48.8901307346591,77.8689510808775,55.8976208372245
gene-b4212,25.9953751219912,32.8984578589453,31.6942047031427,33.1388241900243,34.258781134886,47.2240061999373,39.3491945329134,41.984614179177,47.4843330654811,47.8715863443537,48.7664138082263,32.8287614440842
gene-b4213,1512.93083209989,1883.10772784603,1776.9884103562,667.254703285624,916.422395358202,1111.76516291039,1141.12664145449,1692.50475909807,1848.92121873717,657.979676137287,1680.08161119954,693.840309439834
gene-b4214,729.950133425514,640.861959092255,726.853761192073,387.813807412987,567.41106254655,539.474240317928,444.208684949334,538.802548632771,578.715309235551,403.343578560938,817.230708818502,503.078587535021
gene-b4215,28.0750051317505,47.3737793168813,28.5247842328284,42.9909070573288,26.7646727616297,32.016275389788,20.1118105390446,22.7416660137209,25.7206804104689,31.5748760994674,56.6319644224563,19.5198041018879
gene-b4216,411.766741932341,402.677124193491,273.626633937132,253.467222858834,248.376163227924,281.743223430134,325.286674805418,496.817934453594,501.553268004144,389.083957096662,637.109599752634,391.283345860572
gene-b4217,868.245529074507,682.971985151705,827.218742752025,708.454322548897,587.752213845389,925.270358764873,528.153633286215,872.055423679989,839.879141095696,1172.34459324151,1731.20769019203,773.694053493012
gene-b4218,573.977882693566,521.111572485694,490.203699408607,663.672127697513,668.046232130278,637.924287141526,901.533768076305,590.408636894676,617.296329851254,960.487360057991,586.770075821561,1124.16326350418
gene-b4219,959.749249503916,861.939595904367,852.574106514539,701.289171372676,933.551785925645,872.443504371723,418.850315139234,428.592936412432,495.617726370959,495.012573688424,766.104629826007,567.848846600376
gene-b4220,808.976073796367,804.038310072624,780.733909187416,599.18576711152,647.705080831439,679.54544514825,837.700630278468,788.960874783701,850.760967423202,588.71865759652,847.119801152576,570.510638068815
gene-b4221,1162.51317545545,965.898722738635,1056.47349010476,835.635755926828,979.587023075648,854.034146022595,1316.88637703484,1408.23393392656,1308.78693011732,980.858247864099,1134.9989536334,998.171800664723
gene-b4222,614.530667883873,630.334452577392,626.488779632121,542.760201598776,449.646502395379,692.351955304166,922.520005160525,895.671769155776,923.965980899152,707.888351262252,857.345016951075,781.67942789833
gene-b4224,70.7074203318162,147.385091208075,126.776818812571,88.6687458057406,43.8940633290728,88.044757321917,91.8147872434646,94.4653819031482,56.3876455152588,55.0013970764915,151.018571793217,80.7410078759909
gene-b4225,80.065755375733,100.011311891194,92.9696671292186,62.6950727919378,61.0234538965158,70.4358058575336,120.670863234268,141.698072854722,125.635631235752,83.5206400050427,167.5362280831,87.8391184584956
gene-b4226,15479.7259776433,14704.2947246342,14882.5420551057,9499.19917187561,12576.1844372346,8559.55122545982,16689.3050412263,16491.2065777959,15821.186223255,16402.6388614781,11575.7308389624,13148.3625902671
gene-b4227,325.46209652733,496.108744512895,463.791862155988,131.659652863069,137.035124539544,171.287073335366,148.652512679895,274.649351088783,295.787824720392,105.928616591761,206.86398115425,143.73673929572
gene-b4485,206.92318597105,301.349873987939,240.875955743885,75.2340873503254,96.352821941867,108.855336325279,61.2098581623098,98.8387792134792,117.721575724838,56.0199414667969,91.2403871250685,48.7995102547198
gene-b4230,59.26945527814,65.7969157178907,40.1459926239808,26.8693169108305,27.8352596720949,32.8166822745327,20.1118105390446,30.6137811723166,32.6454789825182,14.2596214642756,33.0353125797662,25.7306508615795
gene-b4231,102.941685483085,92.1156820050469,87.6872996786948,55.5299216157163,61.0234538965158,56.8288888168737,36.7259148973858,27.1150633240518,40.5595344934317,37.6861424412997,60.5647397295714,39.0396082037758
gene-b4232,2040.11703957387,1875.21209795988,2309.451049369,2026.84213897365,1991.29165346525,2138.68719603784,3034.26011176021,2954.66722285958,3051.85765639602,2733.77314357969,2128.41799621065,2230.5812505521
gene-b4233,1426.62618669488,994.849365654507,1214.94451362047,1422.28250847996,1396.04533124661,1161.39038976456,1990.19481682024,2245.3021791239,2023.03043997727,2342.65209770242,1772.10855338603,1853.49412585654
gene-b4234,1003.42147970886,829.041138045422,965.616769955748,885.791814160378,1062.02221518147,833.223567019233,1882.64035176361,1726.61725811865,1474.98209584651,2122.64650939645,1340.2898246648,1675.15409747111
gene-b4235,1911.1799789688,1648.87070789034,1723.10826236086,1387.35239649588,1842.48007291059,1393.50838634052,1673.65240746658,1662.76565738782,1673.82274055821,1747.82217376406,2133.13732657919,1693.78663775018
gene-b4237,133.096320624595,118.434448292203,78.179038267752,118.224994407654,116.693973240706,100.050860593088,71.70297670442,142.572752316789,168.173679606912,65.1868409795455,147.872351547525,109.13345020601
gene-b4238,1243.61874583606,1177.76479135024,825.105795771815,815.035946295191,904.645939343085,837.225601442956,876.175398266205,1802.71437131841,1743.0707262787,857.614376637145,1514.90504830071,990.186426259405
gene-b4239,11127.0603672171,11672.3728483538,7749.23304991839,4160.26590169359,5897.86328975273,5348.31880386409,10626.9058035221,25754.0620810768,27072.0053889574,7546.3953877727,21715.2121357663,7728.9551605248
gene-b4240,13135.9829566446,16404.4870267845,11519.7869361023,5052.32722313316,6019.91019754576,7165.24243223456,22329.3562576106,44731.9823695269,40439.8344038292,11395.4746387368,43215.6947397641,11067.7289257705
gene-b4241,214.201891005208,210.55013029725,215.52059198137,169.276696538232,178.788014047687,217.710672650558,207.239091206677,176.68525133737,189.937332261924,195.560522938636,206.077426092827,261.742827729861
gene-b4702,348.338026634682,319.773010388949,241.932429233989,303.623281092385,265.505553795367,244.124099847134,234.346314107129,224.79262175101,170.15219348464,502.142384420561,261.136280392438,502.191323712207
gene-b4242,6783.75309183483,5124.26379610932,3453.61183915245,6291.89837661947,4797.29994579451,4832.05636320376,6155.08845149283,4402.26173257912,4613.89436286258,15786.4195053434,4655.61940856276,14428.6842865864
gene-b4243,13854.4951250164,18096.7836990486,20625.5319473152,17163.2239987415,16852.1085576325,9243.0987050318,4227.85234592525,3642.1652800436,3896.68308218604,3609.72131924233,3478.14648161253,4318.3130256313
gene-b4244,8324.75892906647,10132.7250205552,11638.111966994,9432.02587959853,8655.69517111105,4151.71051117076,838.575056823644,519.559600467315,435.273053100243,580.570302474077,378.332984544465,713.360113541722
gene-b4245,11646.967869657,11869.7635955075,15416.0611676086,14258.6508406807,11949.8910946124,5841.36944486682,1072.0469443856,684.874018797825,596.521934135106,769.001014680576,438.897724274037,847.336950786499
gene-b4246,61.3490852878993,53.9534708886703,57.0495684656569,57.3212094097717,55.6705193441898,56.028481932129,39.3491945329134,45.4833320274417,29.6777081659257,29.5377873188566,33.8218676411892,39.0396082037758
gene-b4248,122.698170575799,134.225708064497,143.680394654247,109.268555437377,145.599819823266,146.47445990828,78.6983890658268,64.7262801928979,54.4091316375304,46.8530419540483,51.9126340539183,59.4466761284769
gene-b4249,72.7870503415755,35.530334487661,59.1625154458664,70.755867865187,72.7999099116329,82.4419091287041,83.9449483368819,105.836214910009,89.033124497777,80.4650068341265,74.7227308351854,79.8537440531779
gene-b4251,152.852805717308,111.854756720414,123.607398342257,107.477267643322,162.729210390709,110.456150094769,140.782673773312,204.674994123488,180.044762873282,135.466403910618,154.951347100332,120.66787990258
gene-b4252,341.059321600525,369.778666334545,367.652774556455,297.353773813191,326.529007691883,375.390828945264,244.839432649239,244.910249378532,313.594449619948,233.246665379936,300.464033463588,288.360742414253
gene-b4253,148.69354569779,221.077636812113,240.875955743885,199.728589037173,206.623273719781,197.700500531941,120.670863234268,113.708330068604,147.399283890764,82.5020956147373,122.702589581989,106.47165873757
gene-b4254,124.777800585558,105.275065148625,125.720345322466,40.3039753662457,43.8940633290728,48.8248199694267,26.2327963552756,22.7416660137209,27.6991942881973,32.5934204897728,27.5294271498052,22.1815955703272
gene-b4255,1075.16871504556,959.319031166846,1077.60295990685,1153.58933937166,1360.71596320126,946.88134465298,1223.32273670102,1422.22880531962,1122.80662561085,2008.56953768225,1510.97227299359,1483.50511174348
gene-b4256,286.988941346783,398.729309250417,381.386929927817,210.476315801505,255.87027160118,337.771705362264,334.030940257176,302.639093874901,282.927484515158,236.302298550852,339.791786534738,244.884815096412
gene-b4257,11.4379650536761,17.1071980866516,4.22589396041903,13.4346584554152,5.35293455232595,15.2077308101493,23.609516719748,20.1176276275223,20.774395716148,13.2410770739702,19.6638765355751,15.9707488106356
gene-b4258,10636.2676849139,9970.86460788915,10526.7018554038,9820.73533090854,11290.4095577659,10371.6724125218,15472.9777168867,13644.1249287705,13798.1557832777,10927.9627635866,8529.40308607106,10871.6436209288
gene-b4259,508.469537386148,476.369669797528,501.82490779976,415.578768220845,367.21131028956,437.022159070606,560.507415457722,513.436844232852,683.576544755154,437.974087831321,405.86241169427,500.416796066581
gene-b4260,3611.27751194702,3485.92059473385,3927.96843620949,2703.94892512657,3515.80741396768,3209.63160782625,4113.30246850722,3895.8223240428,4183.56759445665,3117.76437872482,2868.5663090097,3329.90112701752
gene-b4800,158.051880741707,157.912597722938,140.510974183933,122.703213892793,126.329255434892,118.460218942216,232.597461016777,271.150633240518,160.259624095999,264.821541479404,180.907664127291,222.703219526085
gene-b4261,1591.95677247074,1639.65913968984,1538.22540159253,1561.10731251925,1736.49196877454,1398.31082764899,2325.97461016777,1921.67077815941,1976.53536385065,2129.77632012859,1652.55218404973,2126.77138328297
gene-b4262,1198.90670062624,1098.80849248877,1180.08088844701,1107.01585672622,1325.3865951559,1039.72854328337,1997.19022918165,1777.34866691849,1712.40376117391,1826.25009181758,1397.70834414868,1574.00602167042
gene-b4263,241.237081132079,209.234191982892,236.650061783466,257.049798446945,266.576140705832,299.352174894518,132.038408321554,183.682687033899,178.066248995554,198.616156109553,168.322783144523,147.285794586973
gene-b4264,295.30746138582,378.99023453505,363.426880596036,293.77119822508,302.976095661649,288.146478508092,243.090579558887,175.810571875304,248.303491654911,179.26381269375,276.080826559475,210.281526006702
gene-b4265,58.2296402732604,60.5331624604594,55.9930949755521,34.9301119840796,43.8940633290728,56.8288888168737,43.7213272587927,50.7314087998389,32.6454789825182,28.5192429285512,68.4302903438014,33.7160252668973
gene-b4266,40.5527851903063,31.5825195445875,43.315413094295,32.2431802929966,22.482325119769,41.6211580067244,37.6003414425617,39.3605757929784,49.4628469432094,27.5006985382458,68.4302903438014,36.3778167353366
gene-b4267,66.5481603122976,102.643188519909,60.2189889359712,21.4954535286644,33.1881942244209,47.2240061999373,23.609516719748,69.0996775032288,61.3339302095797,27.5006985382458,118.769814274874,23.0688593931403
gene-b4268,34.3138951610284,60.5331624604594,55.9930949755521,21.4954535286644,19.2705643883734,31.2158685050433,38.4747679877376,53.3554471860374,60.3446732707155,29.5377873188566,121.129479459143,29.2797061528319
gene-b4269,200.684295941772,218.445760183397,257.779531585561,172.859272126343,195.91740461513,206.504976264133,52.4655927105512,67.3503185790964,58.3661593929871,84.5391843953481,62.1378498524174,98.4862843322527
gene-b4270,19.7564850927133,38.1622111163766,34.863625173457,51.0517021305779,34.258781134886,42.4215648914691,68.2052705237166,37.6112168688461,23.7421665327405,53.9828526861861,25.9563170269592,26.6179146843926
gene-b4272,67.5879753171772,44.7419026881656,62.3319359161807,91.3556774968237,68.5175622697721,87.2443504371723,67.3308439785407,56.8541650343022,57.376902454123,82.5020956147373,95.9597174936066,76.3046887619255
gene-b4273,83.1852003903719,98.695373576836,100.364981559952,107.477267643322,103.846930315123,132.86754286762,64.7075643430132,85.7185872824864,88.0438675589128,93.7060839080967,120.34292439772,79.8537440531779
gene-b4277,2.0796300097593,0.0,0.0,0.0,3.21176073139557,5.6028481932129,0.0,0.874679462066187,4.94628469432094,2.0370887806108,0.786555061423005,5.32358293687852
gene-b4278,244.356526146718,210.55013029725,203.899383590218,186.293930581758,178.788014047687,245.724913616623,293.807319179087,376.112168688461,338.325873091553,238.339387331463,320.127909999163,249.321134210478
gene-b4279,74.8666803513348,109.222880091698,111.986189951104,136.137872348208,124.188081613962,152.077308101493,97.9357730596956,76.9717926618245,95.9579230698263,95.7431726887075,104.61182316926,128.653254307898
gene-b4280,122.698170575799,134.225708064497,120.437977871942,186.293930581758,122.046907793032,191.297245453983,162.643337402709,223.043262826878,211.700984916936,170.096913181002,191.919434987213,199.634360132945
gene-b4655,4.1592600195186,3.94781494307344,9.50826141094281,7.16515117622146,25.6940858511645,18.4093583491281,12.2419716324619,4.37339731033094,5.93554163318513,6.11126634183239,11.0117708599221,11.5344296965701
gene-b4284,395.129701854267,432.94370542372,433.15413094295,369.005285575405,375.776005573281,372.189201406286,242.216153013711,277.273389474981,301.723366353578,266.858630260014,513.620455109222,336.27298884616
gene-b4287,2464.36156156477,2481.85966087884,1828.75561137133,1836.96563280378,2191.49140572224,890.052455836107,1513.6323496994,1340.0089358854,1244.48522909115,1771.24869474109,1380.40413279737,1510.12302642787
gene-b4288,991.983514655185,818.51363153056,613.811097750864,676.211142255901,885.375374954711,337.771705362264,822.835379010478,721.610556204605,605.425246584884,833.169311269816,603.287732111445,664.560603287002
gene-b4289,2763.82828297011,2931.91056438921,2055.89741174386,2278.51807403843,2911.99639646531,959.687854808896,1926.36167902241,1475.58425250566,1467.06804033559,2057.45966841691,1783.90687930737,1887.21015112344
gene-b4290,5299.93707987157,4875.5514546957,3375.4328008847,3710.65266538569,4589.60608516427,1356.68966964227,2622.40520898238,2415.86467422681,2279.24798714309,3044.42918262284,3091.16139139241,2902.23996442161
gene-b4291,28298.5653577997,30000.7616907294,20388.8818855317,21869.832677622,31287.9024583452,7023.57041363474,13391.8425393682,10711.3246924625,10957.9991117986,12937.5508456592,14507.2215528859,13947.7872946217
gene-b4292,212.122260995448,157.912597722938,148.962762104771,300.936349401301,307.258443303509,196.099686762452,419.72474168441,473.201588977807,459.015219632984,97.7802614693182,592.275961251523,108.246186383197
gene-b4293,297.38709139558,300.033935673581,231.367694332942,482.752060497921,387.552461588398,338.572112247008,642.703510704252,656.884276011707,632.135183934217,136.484948300923,769.250850071699,186.325402790748
gene-b4801,8.31852003903719,3.94781494307344,5.28236745052379,9.85208286730451,4.28234764186076,8.004068847447,6.99541236140683,15.7442303171914,3.95702775545676,3.0556331709162,9.43866073707606,7.0981105825047
gene-b4294,199.644480936893,177.651672438305,139.454500693828,156.737681979845,155.235102017452,180.091549067558,164.39219049306,155.692944247781,169.162936545776,143.614759033061,275.294271498052,164.143807220421
gene-b4295,777.781623649978,635.598205834824,866.308261885901,770.253751443807,744.057902773306,982.099247581747,1086.91219565359,1153.7022104653,1154.46284765451,1216.14200202465,1090.16531513228,1085.12365530041
gene-b4296,21.8361151024726,19.7390747153672,14.7906288614666,26.8693169108305,12.8470429255823,35.2179029287668,22.7350901745722,26.2403838619856,25.7206804104689,37.6861424412997,30.6756473954972,19.5198041018879
gene-b4297,170.529660800262,140.805399636286,165.866337946447,145.989955215512,119.905733972101,177.690328413323,98.8101996048714,163.565059406377,149.377797768493,119.169693665732,167.5362280831,140.187684004468
gene-b4298,74.8666803513348,134.225708064497,85.5743526984853,40.3039753662457,69.5881491802373,78.4398747049806,44.5957538039685,62.9769212687655,64.3017010261723,43.7974087831321,75.5092858966084,57.6721484828507
gene-b4299,29.1148201366302,55.2694092030281,64.4448828963902,24.1823852197474,5.35293455232595,33.6170891592774,17.4885309035171,23.6163454757871,30.6669651047899,18.3337990254972,58.9916296067253,17.7452764562617
gene-b4300,32.2342651512691,40.7940877450922,41.2024661140855,35.8257558811073,36.3999549558164,40.8207511219797,39.3491945329134,41.984614179177,35.6132497991108,33.6119648800781,40.9008631939962,35.4905529125235
gene-b4301,47.8314902244639,67.1128540322485,70.7837238370187,43.8865509543565,34.258781134886,43.2219717762138,34.9770618070341,32.3631400964489,38.5810206157034,26.4821541479404,27.5294271498052,27.5051785072057
gene-b4302,71.7472353366958,72.3766072896797,82.4049322281711,44.7821948513841,55.6705193441898,73.6374333965124,38.4747679877376,28.8644222481842,37.5917636768392,32.5934204897728,31.4622024569202,38.1523443809628
gene-b4624,10.3981500487965,10.5275065148625,3.16942047031427,6.26950727919378,3.21176073139557,8.8044757321917,13.1163981776378,9.62147408272806,4.94628469432094,3.0556331709162,16.5176562898831,4.43631911406544
gene-b4303,36.3935251707877,57.9012858317438,48.5977805448188,42.0952631603011,19.2705643883734,35.2179029287668,33.2282087166824,44.6086525653756,36.602506737975,31.5748760994674,29.8890923340742,26.6179146843926
gene-b4304,30.1546351415098,23.6868896584406,30.637731213038,25.0780291167751,25.6940858511645,28.8146478508092,21.8606636293963,21.8669865516547,25.7206804104689,24.4450653673296,35.3949777640352,23.0688593931403
gene-b4565,8.31852003903719,11.8434448292203,8.45178792083806,11.6433706613599,7.49410837325632,8.004068847447,2.62327963552756,5.24807677239712,7.91405551091351,4.07417756122159,7.07899555280704,6.21084675969161
gene-b4305,31.1944501463895,47.3737793168813,44.3718865843998,32.2431802929966,21.4117382093038,36.8187166982562,16.6141043583412,19.2429481654561,18.7958818384196,27.5006985382458,47.1933036853803,28.3924423300188
gene-b4306,47.8314902244639,55.2694092030281,42.2589396041903,93.146965290879,84.5763659267499,83.2423160134488,55.9632988912546,58.6035239584346,54.4091316375304,119.169693665732,123.489144643412,134.864101067589
gene-b4307,39.5129701854267,36.8462728020188,46.4848335646093,61.7994288949101,37.4705418662816,72.8370265117677,43.7213272587927,37.6112168688461,51.4413608209378,95.7431726887075,101.465602923568,124.216935193832
gene-b4566,69.6676053269365,147.385091208075,129.946239282885,109.268555437377,97.4234088523322,111.256556979513,166.141043583412,148.695508551252,129.592658991209,120.188238056037,270.574941129514,252.87018950173
gene-b4802,17.676855082954,35.530334487661,23.2424167823047,36.721399778135,38.5411287767468,44.0223786609585,28.8560759908032,20.9923070895885,23.7421665327405,52.9643082958807,36.9680878868812,56.7848846600376
gene-b4309,29.1148201366302,44.7419026881656,52.8236745052379,56.425565512744,58.8822800755854,84.0427228981935,31.4793556263307,29.7391017102504,31.656222043654,52.9643082958807,31.4622024569202,44.3631911406544
gene-b4310,121.658355570919,150.016967836791,156.358076535504,217.641466977727,190.564470062804,313.759498819922,99.6846261500473,96.2147408272806,139.485228379851,195.560522938636,112.47737378349,195.198041018879
gene-b4311,3.11944501463895,9.21156820050469,3.16942047031427,8.95643897027683,2.14117382093038,12.8065101559152,6.99541236140683,12.2455124689266,6.92479857204932,8.14835512244319,11.7983259213451,12.4216935193832
gene-b4312,473.11582722024,589.5403648323,578.947472577407,425.430851088149,380.058353215142,549.879529819609,297.30502535979,289.518901943908,392.735004729083,254.63609757635,507.328014617838,425.886634950282
gene-b4313,11.4379650536761,3.94781494307344,9.50826141094281,23.2867413227198,6.42352146279113,26.4134271965751,12.2419716324619,11.3708330068604,11.8710832663703,23.4265209770242,12.5848809827681,19.5198041018879
gene-b4314,2699.35975266757,4251.79669369009,3674.41479858435,1793.97472574645,1997.71517492804,1977.80541220415,687.299264508221,524.807677239712,979.364369475547,744.555949313246,431.81872872123,1113.51609763042
gene-b4315,325.46209652733,409.25681576528,378.217509457503,259.736730138028,231.246772660481,226.51514838275,65.581990888189,55.979485572236,84.0868398034561,62.1312078086293,29.1025372726512,135.751364890402
gene-b4316,119.57872556116,215.813883554681,179.600493317809,112.851131025488,110.270451777914,111.256556979513,35.85148835221,21.8669865516547,33.6347359213824,51.9457639055753,15.7311012284601,74.5301611162993
gene-b4317,170.529660800262,302.665812302297,273.626633937132,276.753964181554,190.564470062804,289.747292277581,54.2144458009029,47.2326909515741,69.2479857204932,119.169693665732,29.1025372726512,204.07067924701
gene-b4318,39.5129701854267,59.2172241461016,38.0330456437713,40.3039753662457,37.4705418662816,76.0386540507465,23.609516719748,19.2429481654561,24.7314234716047,14.2596214642756,8.65210567565305,47.0249826090936
gene-b4319,34.3138951610284,51.3215942599547,50.7107275250283,42.0952631603011,26.7646727616297,35.2179029287668,10.4931185421102,9.62147408272806,12.8603402052345,17.3152546351918,9.43866073707606,27.5051785072057
gene-b4320,81.1055703806126,131.593831435781,117.268557401628,79.7123068354638,65.3058015383765,109.655743210024,45.4701803491444,46.3580114895079,44.5165622488885,67.2239297601563,26.7428720883822,46.1377187862805
gene-b4321,165.330585775864,184.231364010094,221.859432921999,214.058891389616,88.8587135686107,250.527354925091,292.932892633911,509.063446922521,495.617726370959,198.616156109553,335.0724561662,340.709307960226
gene-b4322,691.476978244967,933.000264879689,810.315166910349,932.365296805818,513.881717023291,851.632925368361,1167.35943780976,1752.85764198064,1821.22202444897,658.998220527593,1521.98404385351,1164.09013553077
gene-b4323,485.593607278796,500.056559455969,446.888286314312,352.883695428907,280.49377054188,333.76967093854,717.904193589376,1463.33874003673,1334.50761052779,341.212370752309,977.687941348795,368.214486467431
gene-b4324,219.400966029606,184.231364010094,194.391122179275,378.85736844271,255.87027160118,406.606697450308,274.569935185218,331.503516123085,289.852283087207,366.675980509943,319.34135493774,414.352205253712
gene-b4325,2.0796300097593,2.63187662871563,3.16942047031427,8.06079507324915,5.35293455232595,6.4032550779576,6.12098581623097,0.0,7.91405551091351,7.12981073213779,6.29244049138404,9.75990205094396
gene-b4720,0.0,0.0,0.0,0.0,0.0,0.0,0.0,0.0,0.0,1.0185443903054,0.0,0.0
gene-b4721,2.0796300097593,2.63187662871563,2.11294698020951,1.79128779405537,1.07058691046519,4.0020344237235,1.74885309035171,0.0,0.989256938864189,1.0185443903054,0.786555061423005,1.77452764562617
gene-b4722,0.0,0.0,0.0,1.79128779405537,0.0,0.0,0.0,0.0,0.989256938864189,1.0185443903054,0.0,4.43631911406544
gene-b4326,22.8759301073523,21.055013029725,13.7341553713618,17.017234043526,27.8352596720949,34.4174960440221,12.2419716324619,21.8669865516547,29.6777081659257,17.3152546351918,23.5966518426901,26.6179146843926
gene-b4327,318.183391493173,365.830851391472,341.240937303837,336.762105282409,345.799572080256,297.751361125028,394.36637187431,390.10704008152,435.273053100243,351.397814655362,373.613654175927,346.032890897104
gene-b4328,1169.79188048961,1342.25708064497,1251.92108577414,1068.50316915403,1112.33979997333,1038.92813639862,1980.57612482331,1676.76052878088,1948.83616956245,1506.42715326168,1515.69160336213,1443.57823971689
gene-b4329,20.796300097593,14.4753214579359,24.2988902724094,8.06079507324915,6.42352146279113,12.0061032711705,22.7350901745722,20.9923070895885,23.7421665327405,15.278165854581,11.7983259213451,10.647165873757
gene-b4330,29.1148201366302,34.2143961733031,38.0330456437713,8.95643897027683,11.7764560151171,11.2056963864258,20.9862370842205,13.1201919309928,9.89256938864189,7.12981073213779,24.3832069041131,7.98537440531779
gene-b4331,46.7916752195842,51.3215942599547,46.4848335646093,48.3647704394949,33.1881942244209,40.020344237235,17.4885309035171,27.1150633240518,17.8066248995554,28.5192429285512,40.1143081325732,24.8433870387664
gene-b4332,80.065755375733,71.0606689753219,65.5013563864949,51.0517021305779,46.0352371500031,42.4215648914691,31.4793556263307,39.3605757929784,37.5917636768392,24.4450653673296,13.3714360441911,35.4905529125235
gene-b4333,33.2740801561488,39.4781494307344,59.1625154458664,70.755867865187,61.0234538965158,77.6394678202359,65.581990888189,45.4833320274417,64.3017010261723,48.8901307346591,60.5647397295714,45.2504549634675
gene-b4715,4.1592600195186,5.26375325743125,4.22589396041903,3.58257558811073,3.21176073139557,4.8024413084682,3.49770618070341,4.37339731033094,2.96777081659257,8.14835512244319,7.86555061423005,1.77452764562617
gene-b4334,9.35833504391684,26.3187662871563,19.0165228218856,7.16515117622146,8.56469528372151,8.004068847447,4.37213272587927,6.12275623446331,8.9033124497777,7.12981073213779,14.1579911056141,8.87263822813087
gene-b4335,30.1546351415098,64.4809774035328,60.2189889359712,55.5299216157163,37.4705418662816,32.016275389788,23.609516719748,19.2429481654561,22.7529095938763,19.3523434158026,61.3512947909944,31.0542337984581
gene-b4336,121.658355570919,117.118509977845,161.640443986028,111.95548712846,175.576253316291,146.47445990828,95.312493424168,108.460253296207,89.033124497777,93.7060839080967,94.3866073707606,57.6721484828507
gene-b4337,51.9907502439825,46.0578410025235,51.7672010151331,78.8166629384361,65.3058015383765,90.4459779761511,55.0888723460788,74.3477542756259,56.3876455152588,85.5577287856535,77.0823960194544,90.5009099269349
gene-b4340,375.373216761553,335.564270161242,313.772626561113,319.744871238883,336.164289886069,432.219717762138,355.017177341397,423.344859640035,472.864816777082,314.730216604368,198.99843054002,357.567320593674
gene-b4341,1.03981500487965,0.0,1.05647349010476,1.79128779405537,8.56469528372151,0.8004068847447,3.49770618070341,0.0,0.989256938864189,4.07417756122159,3.93277530711502,0.0
gene-b4342,1732.3317981295,3687.25915683059,3493.75783177643,760.401668576503,852.18718073029,1024.52081247322,2130.10306404838,2859.32716149437,3255.64458580205,642.701510282706,3076.21684522537,619.310148323535
gene-b4345,230.838931083282,313.193318817159,365.539827576246,334.075173591326,269.787901437228,283.344037199624,353.268324251045,341.999669667879,464.950761266169,254.63609757635,364.174993438851,296.346116819571
gene-b4346,829.77237389396,1258.03702852607,1228.67866899183,1232.40600231009,1252.58668524427,1181.40056188318,1142.00106799966,1010.25477868645,1369.13160338804,978.821159083488,1285.23097036519,1172.07550993609
gene-b4347,14.5574100683151,21.055013029725,15.8471023515714,28.6606047048859,35.3293680453512,28.8146478508092,18.3629574486929,24.4910249378532,34.6239928602466,41.7603200025213,30.6756473954972,30.166969975645
gene-b4625,4.1592600195186,6.57969157178906,4.22589396041903,7.16515117622146,3.21176073139557,9.6048826169364,13.9908247228137,12.2455124689266,8.9033124497777,7.12981073213779,11.7983259213451,16.8580126334487
gene-b4348,1000.30203469422,1304.09486952859,1235.01750993246,1062.23366187483,1184.0691229745,815.614615554849,1445.42707917569,1217.55381119613,1665.90868504729,817.891145415235,990.272822331563,1019.46613241224
gene-b4349,1529.56787217796,1765.98921786819,1601.61381099881,1352.4222845118,1580.18627984662,1367.09495914395,2224.54113092737,2093.10795272439,2043.80483569341,1349.57131715465,1358.38059107753,1629.01637868483
gene-b4350,3763.09050265945,4784.75171100501,4432.96276447956,2234.63152308407,2672.18492852111,2711.77852551504,4139.53526486249,5596.19919829947,5768.35721051709,2119.59087622553,6265.69761929565,2361.89629632844
gene-b4351,414.88618694698,369.778666334545,362.370407105932,273.171388593443,299.764334930253,390.598559755414,398.738504600189,496.817934453594,465.940018205033,410.473389293076,543.509547443296,325.625822972403
gene-b4352,2367.65876611096,2468.70027773526,1799.1743536484,921.617570041486,1424.95117782917,1345.48397325584,1442.80379954016,2109.72686250364,2721.44583881538,628.441888818431,1953.80277257474,891.700141927153
gene-b4353,283.869496332144,265.819539500278,189.108754728752,84.1905263206022,68.5175622697721,135.268763521854,292.058466088735,416.347423943505,551.016114947353,59.0755746377131,293.385037910781,82.5155355216171
gene-b4354,16395.8029969423,15092.4965273698,11362.3723860767,2925.17296769241,5632.35773595736,8814.88102169338,18296.5010312596,29867.6795911741,32560.4028857759,3603.6100529005,16957.3405692186,6025.40862072368
gene-b4355,8674.13677070603,8507.54120232326,8852.19137358776,3781.40853325088,4367.99459469797,2876.66234377245,56.8377254364305,55.1048061101698,66.2802149039007,45.8344975637429,47.1933036853803,35.4905529125235
gene-b4356,140.375025658753,203.970438725461,203.899383590218,59.1124972038271,83.5057790162847,105.6537087863,90.0659341531129,103.21217652381,109.807520213925,111.021338543288,270.574941129514,105.584394914757
gene-b4357,270.351901268709,619.80694606253,507.107275250283,51.9473460276056,56.741106254655,92.0467917456405,154.773498496126,190.680122730429,180.044762873282,59.0755746377131,958.02406481322,48.7995102547198
gene-b4358,3.11944501463895,1.31593831435781,1.05647349010476,2.68693169108305,3.21176073139557,2.4012206542341,0.874426545175853,3.49871784826475,6.92479857204932,5.09272195152699,5.50588542996103,2.66179146843926
gene-b4359,2012.04203444212,1877.8439745886,1984.05721441673,1897.86941780166,1715.08023056523,1978.6058190889,3557.16718577537,3276.54926489994,3151.77260722131,3239.98970556147,2031.67172365562,2402.71043217784
gene-b4360,615.570482888752,635.598205834824,630.71467359254,693.228376299427,599.528669860506,654.732831721165,888.417369898667,699.74356965295,804.265891296586,942.153561032494,630.030604199827,983.975579499714
gene-b4361,337.939876585886,314.509257131517,311.659679580903,356.466271017018,416.458308170959,340.973332901242,465.194922033554,359.493258909203,358.111011868836,443.066809782848,275.294271498052,434.759273178413
gene-b4362,210.042630985689,139.489461321928,180.656966807913,196.146013449063,175.576253316291,214.50904511158,314.793556263307,328.879477736886,252.260519410368,355.471992216584,228.100967812671,281.262631831749
gene-b4363,15.5972250731947,19.7390747153672,21.1294698020951,22.3910974256921,28.9058465825601,22.4113927728516,23.609516719748,21.8669865516547,21.7636526550122,27.5006985382458,25.1697619655361,17.7452764562617
gene-b4364,74.8666803513348,100.011311891194,90.8567201490091,126.285789480903,126.329255434892,111.256556979513,69.9541236140683,65.600959654964,78.1512981702709,92.6875395177913,91.2403871250685,84.2900631672433
gene-b4365,1.03981500487965,1.31593831435781,2.11294698020951,5.3738633821661,1.07058691046519,11.2056963864258,6.12098581623097,3.49871784826475,2.96777081659257,6.11126634183239,10.2252157984991,5.32358293687852
gene-b4366,7.27870503415754,22.3709513440828,12.6776818812571,20.5998096316367,6.42352146279113,20.8105790033622,10.4931185421102,4.37339731033094,5.93554163318513,11.2039882933594,7.07899555280704,23.0688593931403
gene-b4367,2541.30787192586,1916.00618570498,1436.80394654247,3865.59905957148,2813.50240070252,2082.65871410571,4244.46645028359,4800.24088781924,4897.8111043166,879.003808833559,5234.5239337701,1188.93352256954
gene-b4567,0.0,2.63187662871563,0.0,0.895643897027683,3.21176073139557,5.6028481932129,0.874426545175853,2.62403838619856,1.97851387772838,1.0185443903054,7.07899555280704,0.0
gene-b4368,310.904686459015,296.086120730508,285.247842328284,331.388241900243,321.176073139557,291.348106047071,430.21786022652,452.209281888219,397.681289423404,480.752952224148,239.899293734016,331.836669732095
gene-b4369,436.722302049453,407.940877450922,422.589396041903,489.917211674143,381.128940125607,431.419310877393,1013.46036585881,1054.86343125182,833.943599462511,1237.53143422106,493.170023512224,826.042619038984
gene-b4370,262.033381229672,213.182006925966,244.045376214199,222.119686462865,204.482099898851,196.900093647196,452.952950401092,515.186203156984,294.798567781528,432.881365879794,200.571540662866,365.552694998992
gene-b4371,555.261212605733,473.737793168813,551.479161834683,657.402620418319,723.716751474468,483.445758385799,965.366905874142,828.321450576679,736.996419453821,1012.43312396357,523.059115846298,854.435061369003
gene-b4372,230.838931083282,189.495117267525,228.198273862628,299.145061607246,248.376163227924,305.755429972475,412.729329323003,421.595500715902,315.572963497676,493.994029298118,232.820298181209,416.126732899338
gene-b4373,371.213956742035,257.923909614131,305.320838640275,382.439944030821,425.02300345468,361.783911904605,591.986771084053,488.945819294999,459.015219632984,599.92264588988,305.969918893549,476.460672850628
gene-b4374,707.074203318161,675.076355265558,777.564488717101,930.574009011763,863.963636745408,838.826415212446,1230.31814906243,795.95831048023,915.062668449375,1168.27041568029,657.560031349632,1083.34912765478
gene-b4375,4194.61372968451,4358.38769715308,4202.65154363672,4861.55507306626,4978.22913366313,3990.02832045233,8029.85896434986,5896.21425378817,6182.85586790118,7227.59099360711,3359.37666733765,6910.01065206832
gene-b4376,4114.54797430877,5167.68976048313,6368.42219835148,4217.58711110336,4958.95856927476,4933.70803756633,793.104876474499,799.457028328495,786.45926639703,1262.99504397869,814.08448857281,1718.63002478895
gene-b4568,1192.66781059696,1410.68587299158,1657.60690597436,1070.29445694808,730.140272937259,1158.18876222558,224.727622110194,206.42435304762,243.35720696059,350.379270265057,233.606853242632,471.137089913749
gene-b4377,537.584357522779,467.158101597024,474.356597057036,338.553393076464,371.493657931421,388.19733910118,132.038408321554,162.690379944311,182.023276751011,243.43210928299,279.227046805167,256.419244792982
gene-b4378,272.431531278468,186.863240638809,216.577065471475,177.337491611481,198.05857843606,183.293176606536,127.666275595675,121.5804452272,123.657117358024,180.282357084056,178.547998943022,165.031071043234
gene-b4379,17.676855082954,3.94781494307344,25.3553637625142,10.7477267643322,14.9882167465126,14.4073239254046,22.7350901745722,17.4935892413237,24.7314234716047,10.185443903054,11.0117708599221,15.9707488106356
gene-b4380,49.9111202342232,61.8491007748172,72.8966708172282,46.5734826454395,47.1058240604683,65.6333645490654,72.5774032495958,41.1099347171108,42.5380483711601,41.7603200025213,85.7345016951075,49.6867740775329
gene-b4381,719.551983376717,1048.80283654318,1182.19383542722,531.116830937416,643.422733189579,689.150327765187,1117.51712473474,929.784268176357,925.944494776881,608.071001012323,4311.89484672091,702.712947667965
gene-b4382,886.962199162341,1488.32623353869,1582.59728817693,711.14125423998,908.928286984946,844.429263405659,1125.38696364132,916.664076245364,879.449418650264,591.774290767436,3667.70625141547,845.562423140872
gene-b4383,3134.00242470726,3330.63987363962,3569.82392306397,2708.42714461171,3055.45504246765,3067.15918234169,2457.13859194415,2340.64224048912,2518.64816634823,2688.95719040625,3188.69421900886,2628.96270699518
gene-b4384,5141.88519912987,5967.78025561268,6500.48138461457,4794.38178078919,5783.31049033295,5369.92978975219,5583.21349094782,5596.19919829947,5306.37422006751,4849.289842244,5714.32252123813,5015.70239036238
gene-b4385,537.584357522779,621.122884376888,685.651295077987,485.438992189004,573.834584009341,646.728762873718,613.847434713449,593.907354742941,620.264100667846,406.399211731854,681.943238253745,410.803149962459
gene-b4386,311.944501463895,255.292032985416,244.045376214199,249.884647270724,319.034899318626,252.128168694581,314.793556263307,328.879477736886,309.637421864491,327.971293678338,441.257389458306,268.840938312365
gene-b4387,218.361151024726,228.973266698259,192.278175199066,200.624232934201,191.635056973269,220.111893304793,321.788968624714,315.759285805894,297.766338598121,239.357931721769,346.084227026122,219.154164234833
gene-b4388,1284.17153102637,1365.94397030341,1351.22959384398,1044.32078393428,1140.17505964543,1072.5452255579,1892.25904376055,1640.89867083617,1717.35004586823,1196.78965860884,1083.08631957948,1432.93107384314
gene-b4389,836.011263923238,756.664530755742,791.298644088463,602.768342699631,789.022553012844,721.166603154975,1101.77744692158,1197.43618356861,1202.93643765885,770.019559070881,702.393669850743,739.978028226115
gene-b4390,961.828879513676,1048.80283654318,1105.07127064958,738.906215047838,896.081244059363,925.270358764873,994.222981864945,1071.48234103108,1194.03312520908,778.167914193324,799.926497467196,826.042619038984
gene-b4391,6497.80396549293,5980.93963875626,5795.8135667147,5964.09271030734,7576.54356536214,6243.17370100866,9399.21093409525,9507.76575265946,9801.55775026638,7844.82889413218,6940.56186199659,7656.19952705413
gene-b4392,1008.62055473326,1184.34448292203,1162.12083911523,779.210190414084,929.269438283784,865.239842409021,863.059000088567,815.201258645687,888.352731100042,613.16372296385,1133.42584351055,752.399721745498
gene-b4393,188.206515883216,261.871724557205,254.610111115246,241.823852197474,209.835034451177,242.523286077644,296.430598814614,297.391017102504,326.454789825182,262.784452698793,296.531258156473,253.757453324543
gene-b4394,167.410215785624,146.069152893717,166.922811436552,180.920067199592,216.258555913968,189.696431684494,181.006294851402,165.314418330509,148.388540829628,232.228120989631,216.302641891326,169.4673901573
gene-b4395,489.752867298315,557.957845287713,550.422688344578,289.292978739942,329.740768423278,330.568043399561,791.356023384147,1154.57688992737,1019.92390396898,521.494727836364,534.07088670622,381.523443809628
gene-b4396,2316.70783087186,2054.17970871255,2067.51862013501,2173.72773808619,2442.0087427711,2103.46929310907,2444.89662031169,2391.37364928896,2519.63742328709,3267.49040409972,3511.18179419229,2882.72016031972
gene-b4397,364.975066712757,327.668640275095,337.015043343418,256.154154549917,270.858488347693,403.405069911329,339.277499528231,386.608322233255,424.391226772737,285.192429285512,356.309442824621,267.953674489552
gene-b4398,282.829681327265,264.50360118592,244.045376214199,212.267603595561,232.317359570946,254.529389348815,243.090579558887,285.145504633577,295.787824720392,195.560522938636,290.238817665089,207.619734538262
gene-b4399,184.047255863698,163.176350980369,154.245129555295,112.851131025488,128.470429255823,193.698466108217,188.001707212808,203.800314661422,196.862130833974,133.429315130007,180.121109065868,140.187684004468
gene-b4400,72.7870503415755,39.4781494307344,66.5578298765997,57.3212094097717,64.2352146279113,77.6394678202359,59.461005071958,41.984614179177,52.430617759802,76.3908292729049,70.7899555280704,55.8976208372245
gene-b4401,8393.38671938853,8314.09827011266,8441.22318593701,6539.99173609614,6747.90929666209,6626.56859880137,7845.35496331776,9016.19589497826,8813.29006834106,9551.90929228403,5470.490452197,8090.07153640973
gene-b4402,14.5574100683151,26.3187662871563,11.6212083911523,19.704165734609,8.56469528372151,17.6089514643834,5.24655927105512,13.1201919309928,6.92479857204932,10.185443903054,11.0117708599221,8.87263822813087
gene-b4403,323.382466517571,415.836507337069,393.00813831897,299.145061607246,325.458420781417,234.519217230197,293.807319179087,255.406402923327,305.680394109034,289.266606846733,311.47580432351,332.723933554908
