gene_id,FUNCTION,DESCRIPTION,gene,WT_1,WT_2,WT_3,WT_amox_1,WT_amox_2,WT_amox_3
b0001,thr operon leader peptide,go_process: threonine biosynthesis [goid 0009088],b0001,16.26065321,15.73928012,16.0224846,15.90039766,16.15134965,15.72286294
b0002,bifunctional aspartokinase I/homeserine dehydrogenase I,multifunctional homotetrameric enzyme that catalyzes the phosphorylation of aspartate to form aspartyl-4-phosphate as well as conversion of aspartate semialdehyde to homoserine; functions in a number of amino acid biosynthetic pathways; go_component: cytoplasm [goid 0005737]; go_process: threonine biosynthesis [goid 0009088]; go_process: methionine biosynthesis [goid 0009086]; go_process: homoserine biosynthesis [goid 0009090],b0002,15.59901512,15.60635913,15.72641391,15.8552381,15.48990033,15.70088206
b0003,homoserine kinase,catalyzes the formation of O-phospho-L-homoserine from L-homoserine in threonine biosynthesis from asparate; go_component: cytoplasm [goid 0005737]; go_process: threonine biosynthesis [goid 0009088],b0003,15.50739413,15.49706958,15.58709412,15.68369631,15.63601566,15.78021636
b0004,threonine synthase,catalyzes the formation of L-threonine fromO-phospho-L-homoserine; go_component: cytoplasm [goid 0005737]; go_process: threonine biosynthesis [goid 0009088],b0004,15.48366305,15.4754192,15.50344869,15.52215744,15.56395859,15.66687626
b0005,hypothetical protein,,b0005,10.40528151,10.6946972,10.46925291,10.57802511,11.03079151,10.99256829
b0006,hypothetical protein,,b0006,11.74934875,11.84044067,11.79027567,11.65075679,11.82193472,11.68240448
b0007,inner membrane transport protein,putative alanine/glycine transport protein (AGCS family); go_component: inner membrane [goid 0019866],b0007,10.74686424,10.3964282,11.0182677,11.02223312,10.10264889,10.43131468
b0008,transaldolase,"Maintains the balance of metabolites in the pentose-phosphate pathway; go_component: cytoplasm [goid 0005737]; go_process: pentose-phosphate shunt, non-oxidative branch [goid 0009052]",b0008,15.6903552,15.68714812,15.84966279,15.66785896,15.62389743,15.56087462
b0009,molybdenum cofactor biosynthesis protein,forms a trimer; related to eukaryotic protein gephyrin; functions during molybdenum cofactor biosynthesis; go_component: cytoplasm [goid 0005737]; go_process: Mo-molybdopterin cofactor biosynthesis [goid 0006777],b0009,11.61539044,11.74224707,11.64737571,11.78011391,11.66396084,11.66750604
b0010,"putative regulator, integral membrane protein",,b0010,10.59278101,10.48807563,10.50170223,10.59352077,10.52583264,10.64252791
b0011,hypothetical protein,,b0011,8.256689346,8.295554886,8.280880308,8.326320977,8.193531069,8.186874623
b0012,positive regulator for sigma 32 heat shock promoters,"transcriptional activator for sigma H (sigma 32) promoters, permitting growth at high temperature; go_function: transcriptional activator activity [goid 0016563]; go_process: protein folding [goid 0006457]; go_process: transcription [goid 0006350]; go_process: response to temperature [goid 0009266]",b0012,6.910049342,6.909548108,6.870784245,6.93557009,6.872100628,6.984474143
b0013,hypothetical protein,,b0013,7.079475363,6.997353533,7.008960786,7.093266266,7.082791116,7.029187208
b0014,molecular chaperone DnaK,heat shock protein 70; assists in folding of nascent polypeptide chains; refolding of misfolded proteins; utilizes ATPase activity to help fold; co-chaperones are DnaJ and GrpE; multiple copies in some bacteria; go_component: cytoplasm [goid 0005737]; go_process: protein folding [goid 0006457]; go_process: response to osmotic stress [goid 0006970],b0014,15.15636681,15.20702978,15.0278521,15.2745741,15.1206802,15.08979997
b0015,chaperone with DnaK; heat shock protein,"heat shock protein (Hsp40), co-chaperone with DnaK; go_component: cytoplasm [goid 0005737]; go_process: protein folding [goid 0006457]",b0015,13.60390365,13.80331497,13.22235799,13.43408431,13.87890875,13.80696417
b0016,IS186 hypothetical protein,"homolog, IS186 transposase",b0016,12.171172,12.52448191,12.03650695,12.10283508,12.56240553,12.52747718
b0017,IS186 and IS421 hypothetical protein,"homolog, IS186 and IS421 protein",b0017,8.327973507,7.940867112,8.431599617,8.44215247,8.015354567,7.947942623
b0018,regulatory peptide whose translation enables hokC (gef) expression,,b0018,10.82065574,10.86082109,10.91939638,11.0685337,10.71283851,10.78165969
b4412,small toxic membrane polypeptide,,b4412,10.79032414,10.64502323,10.8315161,10.91986616,10.54429315,10.63457574
b0019,"Na+/H antiporter, pH dependent",sodium:proton antiporter (NhaA family); go_component: inner membrane [goid 0019866]; go_process: response to pH [goid 0009268],b0019,12.34794046,12.34045371,12.52149692,12.50061343,12.30738272,12.26620792
b0020,transcriptional activator of cation transport (LysR family),transcriptional activator of nhaA; go_component: cytoplasm [goid 0005737]; go_function: transcriptional activator activity [goid 0016563]; go_process: transcription [goid 0006350]; go_process: response to pH [goid 0009268],b0020,11.46908117,11.48383776,11.66450084,11.576698,11.45694141,11.37924567
b0021,IS1 protein InsB,,b0021,12.38473488,12.28889555,12.38409867,12.39954689,12.33815807,12.44688563
b0022,IS1 protein InsA,,b0022,12.84100484,12.80414443,12.93308839,12.94839681,12.77867123,12.77426943
b0023,30S ribosomal protein S20,binds directly to the 16S ribosomal RNA; go_component: cytosolic ribosome (sensu Bacteria) [goid 0009281]; go_component: cytoplasm [goid 0005737]; go_function: structural constituent of ribosome [goid 0003735]; go_process: protein biosynthesis [goid 0006412],b0023,15.58009657,15.54591041,15.13860704,14.72327128,15.85889014,15.47824616
b0024,unknown CDS,,b0024,11.68035739,11.64974144,11.78837744,11.72320667,11.51570326,11.65331085
b0025,hypothetical protein,go_component: cytoplasm [goid 0005737],b0025,14.49599855,14.5416224,14.48983043,14.55541364,14.70078396,14.73839054
b0026,isoleucyl-tRNA synthetase,catalyzes the formation of isoleucyl-tRNA(Ile) from isoleucine and tRNA(Ile); go_component: cytoplasm [goid 0005737]; go_process: amino acid activation [goid 0006418],b0026,14.2200016,14.35876238,14.34906862,14.2372438,14.38588637,14.49906642
b0027,signal peptidase II,lipoprotein signal peptidase; integral membrane protein that removes signal peptides from prolipoproteins during lipoprotein biosynthesis; go_component: inner membrane [goid 0019866],b0027,13.40030415,13.52740815,13.58720797,13.43032641,13.5865622,13.69984441
b0028,FKBP-type peptidyl-prolyl cis-trans isomerase (rotamase),FKBX-type 16KD peptidyl-prolyl cis-trans isomerase (a rotamase); go_component: cytoplasm [goid 0005737]; go_process: protein folding [goid 0006457],b0028,14.43905079,14.43848604,14.42554514,14.44705031,14.56766494,14.6077679
b0029,4-hydroxy-3-methylbut-2-enyl diphosphate reductase,catalzes the conversion 1-hydroxy-2-methyl-2-(E)-butenyl 4-diphosphate into isopentenyl diphosphate (IPP) and dimethylallyl diphosphate; go_component: cytoplasm [goid 0005737]; go_process: response to drug [goid 0042493],b0029,13.05918281,13.13982812,13.01819956,12.83071089,13.27784027,13.2686913
b0030,nucleoside hydrolase,ribonucleoside hydrolase 3; go_process: nucleotide-sugar biosynthesis [goid 0009226],b0030,11.05175519,11.13480252,11.37501295,11.09481271,11.06736997,10.95364022
b0031,dihydrodipicolinate reductase,"catalyzes the reduction of 2,3-dihydrodipicolinate to 2,3,4,5-tetrahydrodipicolinate in lysine and diaminopimelate biosynthesis; go_component: cytoplasm [goid 0005737]; go_process: lysine biosynthesis via diaminopimelate [goid 0009089]",b0031,15.22931313,15.17558085,14.96739702,14.73152154,15.24183871,15.13674384
b0032,carbamoyl-phosphate synthase small subunit,"Composed of two chains; the small (or glutamine) chain promotes the hydrolysis of glutamine to ammonia, which is used by the large (or ammonia) chain to synthesize carbamoyl phosphate; go_process: arginine biosynthesis [goid 0006526]; go_process: pyrimidine nucleotide biosynthesis [goid 0006221]",b0032,14.46645311,15.00147201,14.08651209,14.3316617,15.39515192,15.35752079
b0033,carbamoyl-phosphate synthase large subunit,"composed of two chains; the small (or glutamine) chain promotes the hydrolysis of glutamine to ammonia, which is used by the large (or ammonia) chain to synthesize carbamoyl phosphate; binds manganese; involved in pyrimidine synthesis; go_process: arginine biosynthesis [goid 0006526]; go_process: pyrimidine nucleotide biosynthesis [goid 0006221]",b0033,14.93927872,14.95655001,15.03714773,15.06143642,14.99889084,15.19162927
b0034,transcriptional regulator of cai operon,EcoGene suggests alternate start codon; transcriptional regulator of carnitine metabolism; go_component: cytoplasm [goid 0005737]; go_function: transcriptional activator activity [goid 0016563]; go_process: amine catabolism [goid 0009310]; go_process: transcription [goid 0006350],b0034,12.5043022,12.25079719,12.57058365,12.60768941,12.34941779,12.42033227
b0035,possible synthesis of cofactor for carnitine racemase and dehydratase,"EcoGene suggests alternate start codon; putative acyl transferase, stimulates activity of carnitine racemase and carnitine dehydrogenase; go_process: amine catabolism [goid 0009310]; go_process: carnitine catabolism [goid 0042413]",b0035,10.10374133,9.942613584,10.12231555,10.12943722,10.01551035,10.14586239
b0036,carnitinyl-CoA dehydratase,catalyzes the dehydration fo L-carnitinyl-CoA to crotonobetainyl-Coa; go_process: amine catabolism [goid 0009310]; go_process: carnitine catabolism [goid 0042413],b0036,7.206962899,7.221688354,7.305947253,7.235449312,7.201887966,7.224331446
b0037,crotonobetaine/carnitine-CoA ligase,go_component: inner membrane [goid 0019866]; go_process: amine catabolism [goid 0009310],b0037,10.1711602,10.14530865,9.999677907,10.18872066,10.06202118,10.19261436
b0038,crotonobetainyl-CoA:carnitineCoA-transferase,catalyzes formation of L-carnitinyl-CoA by transfering the CoA moiety from crotonbetainyl-CoA; go_component: cytoplasm [goid 0005737]; go_process: carnitine catabolism [goid 0042413]; go_process: amine catabolism [goid 0009310],b0038,9.389282941,9.447927746,9.526732096,9.62432182,9.457014506,9.546403447
b0039,crotonobetainyl-CoA dehydrogenase,catalyzes the reduction of crotonobetainyl-CoA to gamma-butyrobetainyl-Coa; go_component: cytoplasm [goid 0005737]; go_function: electron acceptor activity [goid 0009054]; go_process: glyoxylate cycle [goid 0006097]; go_process: amine catabolism [goid 0009310]; go_process: carnitine catabolism [goid 0042413],b0039,11.38614095,11.21188565,11.30441825,11.32293267,11.13935959,11.23263767
b0040,L-carnitine/gamma-butyrobetaine antiporter,catalyzes the exchange of L-carnitine for gamma-butyrobetaine in carnitine metabolism; go_component: inner membrane [goid 0019866]; go_process: carbohydrate catabolism [goid 0016052],b0040,7.94323419,7.855382222,7.959503756,7.932036961,7.848878367,7.976515123
b0041,putative electron transfer flavoprotein subunit beta,thought to participate in the transfer of electrons to nitrogenase during nitrogen fixation; go_process: carbohydrate catabolism [goid 0016052],b0041,9.175175967,8.998211996,9.079482525,9.010392403,9.109683684,9.120552889
b0042,putative electron transfer flavoprotein subunit alpha,involved in electron transfer during carnitine metabolism; go_process: carbohydrate catabolism [goid 0016052],b0042,10.92215162,10.79334615,10.75986134,10.86447092,10.73583595,10.89111498
b0043,carnitine metabolism related,flavoprotein; electron transport; go_process: carnitine catabolism [goid 0042413],b0043,11.75444741,11.66256928,11.56874509,11.69130764,11.66217902,11.77804306
b0044,putative ferredoxin,"putative ferredoxin, carnitine metabolism; go_process: carnitine catabolism [goid 0042413]",b0044,10.67044531,10.42348356,10.43694168,10.48674967,10.50458879,10.65335828
b0045,putative transport protein,putative transport protein (MFS family); go_component: inner membrane [goid 0019866],b0045,7.471625064,7.46522355,7.424350896,7.412221564,7.398975273,7.469391307
b0046,glutathione-regulated potassium-efflux system ancillary protein,"Required for full activity of KefC, a potassium-proton antiporter",b0046,9.978228232,10.15181956,9.982808571,9.904697615,10.18923195,10.11674687
b0047,glutathione-regulated potassium-efflux system protein,transport system that facilitates potassium-efflux; go_component: inner membrane [goid 0019866]; go_function: potassium:hydrogen antiporter activity [goid 0015386],b0047,11.17568849,11.05014706,10.95764092,10.83463942,11.16251786,11.12276232
b0048,"dihydrofolate reductase type I, trimethoprim resistance",dihydrofolate reductase type I; trimethoprim resistance; go_process: folic acid biosynthesis [goid 0046656]; go_process: 10-formyltetrahydrofolate biosynthesis [goid 0009257],b0048,10.18912405,10.53531814,10.29989099,10.02723259,10.9881052,10.46399033
b0049,diadenosinetetraphosphatase,"hydrolyzes diadenosine 5',5'''-P1,P4-tetraphosphate to yield ADP; go_component: cytoplasm [goid 0005737]; go_process: nucleobase, nucleoside and nucleotide interconversion [goid 0015949]",b0049,11.70102972,11.94615869,11.6733586,11.63868391,12.04018505,11.98236175
b0050,hypothetical protein,,b0050,13.38217799,13.62839838,13.31859711,13.28451097,13.71675302,13.71749876
b0051,dimethyladenosine transferase,Specifically dimethylates two adjacent adenosines in the loop of a conserved hairpin near the 3'end of 16S rRNA in the 30S particle. Its inactivation leads to kasugamycin resistance; go_component: cytoplasm [goid 0005737]; go_process: RNA modification [goid 0009451]; go_process: response to drug [goid 0042493],b0051,13.51558108,13.78685412,13.35891158,13.28767423,13.85137871,13.86775559
b0052,4-hydroxythreonine-4-phosphate dehydrogenase,Catalyzes the NAD-dependent oxidation of 4-(phosphohydroxy)-L-threonine (HTP) into 2-amino-3-oxo-4-(phosphohydroxy)butyric acid which spontaneously decarboxylate to form 1-amino-3-(phosphohydroxy)propan-2-one (3-amino-2-oxopropyl phosphate); go_component: cytoplasm [goid 0005737]; go_process: pyridoxine biosynthesis [goid 0008615],b0052,12.35366621,12.86883482,12.24613053,12.28135952,12.87674878,12.96892074
b0053,"peptidyl-prolyl cis-trans isomerase (PPIase), involved in maturation of outer membrane proteins",survival protein; go_component: external outer membrane (sensu Gram-negative Bacteria) [goid 0009279]; go_process: protein folding [goid 0006457],b0053,13.44936879,13.77364502,13.63944318,13.51189216,13.71212133,13.76374556
b0054,organic solvent tolerance protein precursor,determines N-hexane tolerance and is involved in outer membrane permeability; go_component: inner membrane [goid 0019866],b0054,13.92446733,14.18666785,13.92448813,14.00525707,14.17088559,14.15452893
b0055,Dna-J like membrane chaperone protein,functions as a co-chaperone with DnaK; involved in regulation of colanic acid capsule; inner membrane protein; dimerized via transmembrane domain; J-like domain is cytoplasmic and can functionally substitute for DnaJ; stimulates synthesis of colanic acid m; go_process: protein folding [goid 0006457],b0055,12.41065476,12.21625112,12.3718624,12.23481908,12.31603391,12.30149782
b0056,hypothetical protein,,b0056,11.01318368,10.89407727,10.73649701,10.91634858,10.96625168,10.93211033
b0057,unknown CDS,,b0057,12.339717,12.41817091,12.51149501,12.50761224,12.48748775,12.2569365
b0058,23S rRNA pseudouridylate 746 synthase,Ribosomal large subunit pseudouridine synthase A; go_process: RNA modification [goid 0009451],b0058,11.82341026,11.88639556,12.03279223,11.73034525,11.88386874,11.93333264
b0059,ATP-dependent helicase HepA,"Transcription regulator that activates transcription by stimulating RNA polymerase (RNAP) recycling in case of stress conditions such as supercoiled DNA or high salt concentrations. Probably acts by releasing the RNAP, when it is trapped or immobilized on; go_process: RNA modification [goid 0009451]",b0059,11.78930481,12.04444372,11.91501609,11.89149401,12.0348001,12.14156161
b0060,DNA polymerase II,"has polymerase, DNA-binding and 3'-5' exonuclease activities; go_component: cytoplasm [goid 0005737]; go_process: DNA dependent DNA replication [goid 0006261]; go_process: DNA repair [goid 0006281]; go_process: response to radiation [goid 0009314]; go_process: SOS response [goid 0009432]",b0060,12.76575393,12.75471104,13.06869403,12.9262269,12.60901534,12.64248277
b0061,L-ribulose-5-phosphate 4-epimerase,catalyzes the formation of D-xylulose 5-phosphate from L-ribulose 5-phosphate; go_component: cytoplasm [goid 0005737]; go_process: carbohydrate catabolism [goid 0016052],b0061,8.958352895,8.828401283,9.023046744,8.865825512,8.899766967,8.893425951
b0062,L-arabinose isomerase,catalyzes the formation of L-ribulose from L-arabinose in L-arabinose catabolism; go_component: cytoplasm [goid 0005737]; go_process: carbohydrate catabolism [goid 0016052],b0062,8.966772774,8.953083261,9.075497329,8.960772797,8.848985705,8.8635908
b0063,ribulokinase,catalyzes the phosphorylation of ribulose to ribulose 5-phosphate; go_component: cytoplasm [goid 0005737]; go_process: carbohydrate catabolism [goid 0016052],b0063,9.265729256,9.225126272,9.227570259,9.326261957,9.213005103,9.253696225
b0064,transcriptional regulator for ara operon,transcriptional regulator of arabinose catabolism (AraC/XylS family); go_component: cytoplasm [goid 0005737]; go_function: transcriptional activator activity [goid 0016563]; go_function: transcriptional repressor activity [goid 0016564]; go_process: carbohydrate catabolism [goid 0016052]; go_process: transcription [goid 0006350],b0064,11.3227898,10.99405475,11.85071244,11.59950219,10.66521375,10.70838299
b0065,putative integral membrane protein,,b0065,12.07777744,11.8698614,11.87937931,11.89011185,12.01482457,12.05948603
b0066,putative ATP-binding component of a transport system,"thiamine transport protein (ABC superfamily, atp_bind); go_component: cytoplasm [goid 0005737]; go_process: thiamin biosynthesis [goid 0009228]",b0066,10.93412014,11.11026464,10.6292818,10.65993427,11.21011418,11.16480651
b0067,thiamin ABC transporter membrane component,functions in transport of thiamine and thiamine pyrophosphate into the cell; repressed in presence of exogenous thiamine; go_component: inner membrane [goid 0019866]; go_process: thiamin biosynthesis [goid 0009228],b0067,11.11798921,11.44669907,10.65849274,10.68000212,11.57025227,11.55192801
b0068,thiamin-binding periplasmic protein,"thiamine transport protein (ABC superfamily, peri_bind); go_component: periplasmic space [goid 0042597]; go_process: thiamin biosynthesis [goid 0009228]",b0068,11.34155595,11.60173496,10.98473806,11.06806705,11.93610192,11.73220584
b0069,putative periplasmic binding protein of transport system,putative transport protein; go_component: periplasmic space [goid 0042597],b0069,9.950519275,10.05335279,10.24279662,10.35037846,9.985784953,10.03822324
b0070,Sugar efflux protein,"proton-coupled beta-galactosidase, lactose and glucose efflux pump (MFS family); go_component: inner membrane [goid 0019866]; go_function: lactose/glucose efflux transporter activity [goid 0015543]; go_process: carbohydrate catabolism [goid 0016052]",b0070,11.59643859,11.51812183,11.6337265,11.73385933,11.4921867,11.62016522
b0071,isopropylmalate isomerase small subunit,catalyzes the isomerization between 2-isopropylmalate and 3-isopropylmalate in leucine biosynthesis; forms a heterodimer of LeuC/D; go_component: cytoplasm [goid 0005737]; go_process: leucine biosynthesis [goid 0009098],b0071,14.52462747,14.45402869,14.66381775,14.65868614,14.43595352,14.38348466
b0072,isopropylmalate isomerase large subunit,catalyzes the isomerization between 2-isopropylmalate and 3-isopropylmalate; go_component: cytoplasm [goid 0005737]; go_process: leucine biosynthesis [goid 0009098],b0072,14.66528409,14.77292422,14.83425525,14.85758691,14.6029503,14.71359438
b0073,3-isopropylmalate dehydrogenase,catalyzes the oxidation of 3-isopropylmalate to 3-carboxy-4-methyl-2-oxopentanoate in leucine biosynthesis; go_component: cytoplasm [goid 0005737]; go_process: leucine biosynthesis [goid 0009098],b0073,14.03442694,14.29889295,14.09369508,14.19229005,14.08589052,14.20794504
b0074,2-isopropylmalate synthase,catalyzes the formation of 2-isopropylmalate from acetyl-CoA and 2-oxoisovalerate in leucine biosynthesis; go_component: cytoplasm [goid 0005737]; go_process: leucine biosynthesis [goid 0009098],b0074,14.66094361,14.38027887,14.79045298,14.82464407,14.10310902,14.22919574
b0075,leu operon leader peptide,go_component: cytoplasm [goid 0005737]; go_process: leucine biosynthesis [goid 0009098],b0075,14.50204823,14.28909854,14.46748555,15.22410523,13.89612232,13.77528575
b0076,leucine transcriptional activator,activator for leuABCD operon; member of LysR family of transcriptional activators; go_component: cytoplasm [goid 0005737]; go_function: transcriptional activator activity [goid 0016563]; go_process: leucine biosynthesis [goid 0009098]; go_process: transcription [goid 0006350],b0076,9.773292477,9.417550622,9.81922721,9.829913488,9.205582974,9.487984924
b0077,acetolactate synthase III large subunit,"catalyzes the formation of 2-acetolactate from pyruvate, leucine sensitive",b0077,14.05521114,14.15438532,14.09167973,14.16291125,14.1083781,14.13699882
b0078,acetolactate synthase small subunit,"with IlvI catalyzes the formation of 2-acetolactate from pyruvate, the small subunit is required for full activity and valine sensitivity",b0078,14.73776345,14.72187798,14.77930142,14.88272316,14.75629667,14.70194905
b0079,fruR leader peptide,go_process: glycolysis [goid 0006096],b0079,11.92923837,12.09067042,11.90442542,12.08227414,12.13775705,12.01491749
b0080,transcriptional regulator of the control of carbon and energy metabolism (GalR/LacI family),transcriptional repressor of fru operon and others; go_component: cytoplasm [goid 0005737]; go_function: transcriptional activator activity [goid 0016563]; go_function: transcriptional repressor activity [goid 0016564]; go_process: glycolysis [goid 0006096]; go_process: transcription [goid 0006350],b0080,12.11767361,12.29975161,12.13234571,12.17985567,12.29149342,12.26862606
b0081,hypothetical protein,,b0081,14.25071314,14.0731967,14.4767938,14.49418011,14.04926797,14.06943224
b0082,S-adenosyl-methyltransferase,go_process: lipoprotein biosynthesis [goid 0042158],b0082,13.80053791,13.51262278,13.90672137,13.88655164,13.46911525,13.41783228
b0083,cell division protein; ingrowth of wall at septum,,b0083,14.24612762,13.91535788,14.26192743,14.26148284,13.90538211,13.82370418
b0084,"division-specific transpeptidase, penicillin-binding protein 3",septum formation; penicillin-binding protein 3; peptidoglycan synthetase; go_component: inner membrane [goid 0019866]; go_process: peptidoglycan biosynthesis [goid 0009252]; go_process: response to drug [goid 0042493],b0084,12.99284467,12.88721017,12.79884937,12.91156474,12.91740669,12.89117168
b0085,"UDP-N-acetylmuramoylalanyl-D-glutamate--2, 6-diaminopimelate ligase",involved in cell wall formation; peptidoglycan synthesis; cytoplasmic enzyme; catalyzes the addition of meso-diaminopimelic acid to the nucleotide precursor UDP-N-aceylmuramoyl-l-alanyl-d-glutamate; go_process: peptidoglycan biosynthesis [goid 0009252],b0085,13.01330117,13.06222634,12.90906138,12.99373509,13.19717181,13.21551234
b0086,D-alanine:D-alanine-adding enzyme,go_component: cytoplasm [goid 0005737]; go_process: peptidoglycan biosynthesis [goid 0009252]; go_process: peptidoglycan metabolism [goid 0000270],b0086,13.05648016,13.08680912,13.03830805,13.09179154,13.16139611,13.25558755
b0087,phospho-N-acetylmuramoyl-pentapeptide-transferase,catalyzes the binding of UDP-N-acetylmuramoyl (pentapeptide) to bactoprenol to produce lipid I in peptidoglycan synthesis; go_component: inner membrane [goid 0019866]; go_process: peptidoglycan biosynthesis [goid 0009252],b0087,12.50891257,12.61632758,12.50300751,12.42075905,12.71592141,12.78064754
b0088,UDP-N-acetylmuramoyl-L-alanyl-D-glutamatesynthetase,UDP-N-acetylmuramoylalanine--D-glutamate ligase; involved in peptidoglycan biosynthesis; cytoplasmic; catalyzes the addition of glutamate to the nucleotide precursor UDP-N-acetylmuramoyl-L-alanine during cell wall formation; go_component: cytoplasm [goid 0005737]; go_process: peptidoglycan biosynthesis [goid 0009252],b0088,12.8676715,12.88668687,12.83862088,12.84973678,13.01940179,13.07292187
b0089,cell division; membrane protein involved in shape determination,"essential cell division gene, stablilzes FtsZ ring, required for PBP2 expression; go_component: inner membrane [goid 0019866]",b0089,12.56810465,12.59387879,12.41220773,12.45138023,12.68993812,12.71694603
b0090,N-acetylglucosaminyl transferase,UDP-N-acetylglucosamine--N-acetylmuramyl- (pentapeptide) pyrophosphoryl-undecaprenol N-acetylglucosamine transferase; involved in cell wall formation; inner membrane-associated; last step of peptidoglycan synthesis; go_component: inner membrane [goid 0019866]; go_process: peptidoglycan biosynthesis [goid 0009252],b0090,14.25193406,14.04016134,13.97671836,13.99799603,14.21975506,14.25948122
b0091,UDP-N-acetylmuramate--L-alanine ligase,catalyzes the formation of UDP-N-acetylmuramoyl-L-alanine from UDP-N-acetylmuramate and L-alanine in peptidoglycan synthesis; go_process: peptidoglycan biosynthesis [goid 0009252],b0091,13.32245209,13.29720824,13.20861796,13.25451029,13.37795966,13.50331107
b0092,D-alanylalanine synthetase,D-alanine--D-alanine ligase; DdlA; DdlB; cytoplasmic; catalyzes the formation of D-alanyl-D-alanine from two D-alanines in peptidoglycan synthesis; there are two forms of this enzyme in Escherichia coli; go_component: cytoplasm [goid 0005737]; go_process: peptidoglycan biosynthesis [goid 0009252],b0092,14.31244288,14.18106573,14.21150827,14.41545625,14.13164411,14.24752656
b0093,cell division protein; ingrowth of wall at septum,go_component: inner membrane [goid 0019866],b0093,14.34960495,14.13112786,14.24559434,14.40214495,14.08958314,14.19921065
b0094,cell division protein,essential cell division protein; colocalizes with FtsZ through direct interaction to the septal ring structure; structurally similar to eukaryotic actin; binds directly to the cell membrane; go_component: inner membrane [goid 0019866],b0094,14.59960095,14.30869542,14.47219479,14.61933174,14.30607364,14.39736524
b0095,cell division protein FtsZ,"GTPase; similar structure to tubulin; forms ring-shaped polymers at the site of cell division; other proteins such as FtsA, ZipA, and ZapA, interact with and regulate FtsZ function; go_component: cytoplasm [goid 0005737]",b0095,15.24098827,14.95479105,15.19910662,15.16248582,15.01783854,15.00935234
b0096,UDP-3-O-[3-hydroxymyristoyl] N-acetylglucosamine deacetylase,"catalyzes the conversion of UDP-3-O-(3-hydroxytetradecanoyl-N-acetylglucosamine to UDP-3-O-(3-hydroxytetradecanoyl-glucosamine in lipid A biosynthesis; go_component: cytoplasm [goid 0005737]; go_function: cell surface antigen activity, host-interacting [goid 0042280]; go_process: lipid A biosynthesis [goid 0009245]",b0096,14.35112177,14.35859241,14.45027434,14.00275693,14.29741846,14.35596684
b0097,SecA regulator SecM,secM translational pause allows for the initiation of secA translation,b0097,13.85709837,13.97540611,13.93561227,14.11781067,13.98066022,13.93920382
b0098,translocase,go_component: cytoplasm [goid 0005737],b0098,13.09467015,13.16062212,13.1027723,13.12480487,13.1504082,13.28751565
b0099,"7,8-dihydro-8-oxoguanine-triphosphatase, prefers dGTP","7,8-dihydro-8-oxoguanine-triphosphatase, prefers dGTP, causes AT-GC transversions; go_component: cytoplasm [goid 0005737]; go_process: 2'-deoxyribonucleotide biosynthesis [goid 0009265]",b0099,10.474769,10.63240397,10.40508605,10.3387625,10.6673264,10.52495212
b0100,unknown CDS,,b0100,11.31641277,11.40073666,11.22178112,11.19243897,11.59424891,11.40262509
b0101,zinc-binding protein,,b0101,12.34454374,12.36731263,12.02145575,12.14483997,12.42472334,12.29518554
b0102,hypothetical protein,,b0102,12.39977214,12.49385454,12.27975502,12.25687526,12.61870913,12.47041028
b0103,dephospho-CoA kinase,catalyzes the phosphorylation of the 3'-hydroxyl group of dephosphocoenzyme A to form coenzyme A; involved in coenzyme A biosynthesis,b0103,12.30562083,12.23833888,12.40069108,12.31515577,12.2198119,12.11597734
b0104,guanosine 5'-monophosphate oxidoreductase,"catalyzes the NADPH-dependent deamination of GMP to inosine monophosphate; go_component: cytoplasm [goid 0005737]; go_process: purine ribonucleotide biosynthesis [goid 0009152]; go_process: nucleobase, nucleoside and nucleotide interconversion [goid 0015949]",b0104,13.25417121,13.37145123,13.26038261,13.25488065,13.42837357,13.24210891
b0105,unknown CDS,,b0105,9.158237471,8.984104174,8.990651146,9.01600874,9.006616377,9.216534458
b0106,"component in type IV pilin biogenesis, transmembrane protein","putative integral membrane protein involved in biogenesis of fimbriae, protein transport, DNA uptake; go_component: inner membrane [goid 0019866]",b0106,8.333463515,8.347473696,8.342609997,8.305571243,8.416054314,8.331050015
b0107,"putative integral membrane protein involved in biogenesis of fimbriae (type IV pilin), protein transport, DNA uptake","putative integral membrane protein involved in biogenesis of fimbriae, protein transport, DNA uptake; go_component: fimbria [goid 0009289]",b0107,9.958673941,9.767244695,9.888947594,9.862166179,9.848770074,9.833657744
b0108,prelipin peptidase dependent protein,"putative major component of type IV pilin, prelipin peptidase-dependent protein; go_component: fimbria [goid 0009289]",b0108,7.753567289,7.782541636,7.725501067,7.781224166,7.810719163,7.814535338
b0109,nicotinate-nucleotide pyrophosphorylase,"catalyzes the formation of pyridine-2,3-dicarboxylate and 5-phospho-alpha-D-ribose 1-diphosphate from nictinate D-ribonucleotide; go_process: nicotinamide adenine dinucleotide biosynthesis [goid 0009435]",b0109,11.90793748,12.06477612,12.03819496,11.9839735,12.04763095,12.01985275
b0110,N-acetyl-anhydromuramyl-L-alanine amidase,regulates ampC; go_component: cytoplasm [goid 0005737]; go_process: peptidoglycan metabolism [goid 0000270],b0110,12.52598239,12.32182013,12.7345153,12.72243165,12.11691092,12.32003454
b0111,"putative transmembrane protein, putative protease",regulates ampC; go_component: inner membrane [goid 0019866]; go_process: response to drug [goid 0042493],b0111,11.11991319,10.85303105,11.31937996,11.15813961,10.87452855,10.93137848
b0112,aromatic amino acid transport protein,aromatic amino acid transport protein (APC family); go_component: inner membrane [goid 0019866]; go_process: L-phenylalanine biosynthesis [goid 0009094]; go_process: tyrosine biosynthesis [goid 0006571],b0112,13.60425339,14.05341247,13.3622349,13.34690426,14.03674016,14.02791565
b0113,transcriptional regulator of pyruvate dehydrogenase complex,activates lctPRD operon; autoregulates itself through repression of pdhR-aceEF-lpdA operon; go_component: cytoplasm [goid 0005737]; go_function: transcriptional repressor activity [goid 0016564]; go_process: glycolysis [goid 0006096]; go_process: transcription [goid 0006350],b0113,14.02064472,14.59759142,12.9697759,13.13885958,14.59742302,14.51687913
b0114,pyruvate dehydrogenase (decarboxylase component),"pyruvate dehydrogenase, decarboxylase subunit, thiamin-binding; go_process: carbohydrate catabolism [goid 0016052]; go_process: acetyl-CoA biosynthesis from pyruvate [goid 0006086]; go_process: glycolysis [goid 0006096]; go_process: glyoxylate catabolism [goid 0009436]; go_process: anaerobic respiration [goid 0009061]",b0114,15.01573798,15.13911075,14.98198362,15.18909635,14.89742574,15.1037866
b0115,dihydrolipoamide acetyltransferase,Catalyzes the transfer of acetyl from acetyldihydrolipoamide to coenzyme A to form acetyl CoA; go_process: carbohydrate catabolism [goid 0016052]; go_process: acetyl-CoA biosynthesis from pyruvate [goid 0006086]; go_process: glycolysis [goid 0006096]; go_process: glyoxylate catabolism [goid 0009436]; go_process: anaerobic respiration [goid 0009061],b0115,14.3910736,14.65400091,14.60729022,14.68727735,14.64591532,14.78184511
b0116,dihydrolipoamide dehydrogenase,Catalyzes the oxidation of dihydrolipoamide to lipoamide; go_component: cytoplasm [goid 0005737]; go_process: carbohydrate catabolism [goid 0016052]; go_process: amino acid catabolism [goid 0009063]; go_process: glycolysis [goid 0006096]; go_process: acetyl-CoA biosynthesis from pyruvate [goid 0006086]; go_process: tricarboxylic acid cycle [goid 0006099]; go_process: aerobic respiration [goid 0009060]; go_process: anaerobic respiration [goid 0009061]; go_process: 10-formyltetrahydrofolate biosynthesis [goid 0009257]; go_process: glyoxylate catabolism [goid 0009436],b0116,16.12001465,16.09206167,15.99947244,15.8756826,16.14789336,16.20735352
b0117,hypothetical protein,,b0117,7.603342724,7.4936023,7.491233513,7.694999007,7.51814491,7.556258984
b0118,aconitate hydratase,Catalyzes the conversion of citrate to isocitrate; go_process: tricarboxylic acid cycle [goid 0006099]; go_process: aerobic respiration [goid 0009060]; go_process: anaerobic respiration [goid 0009061],b0118,15.01660263,15.35041987,15.26397082,15.28868314,15.26722802,15.40565967
b0119,hypothetical protein,EcoGene suggests alternate start codon,b0119,13.53438869,13.44461626,13.58970275,13.66076523,13.39894645,13.42473357
b0120,S-adenosylmethionine decarboxylase proenzyme,S-adenosylmethionine provides the aminopropyl moiety required for spermidine biosynthesis from putrescine; go_process: polyamine biosynthesis [goid 0006596],b0120,13.23221586,13.35287584,13.14887737,13.40816749,13.27553909,13.27469988
b0121,spermidine synthase,catalyzes the formation of spermidine from putrescine and S-adenosylmethioninamine; go_process: polyamine biosynthesis [goid 0006596],b0121,13.16297309,13.32513151,13.10756999,13.41948167,13.21797401,13.3057688
b0122,hypothetical protein,EcoGene suggests alternate start codon,b0122,13.90283948,13.62794076,13.76393514,13.91031924,13.47197803,13.53449017
b0123,Probable periplasmic copper oxidase,multicopper oxidase,b0123,12.90507188,12.62503505,12.90818017,12.86149738,12.39493117,12.4726453
b0124,glucose dehydrogenase,"glucose dehydrogenase, transmembrane domain (N-terminal); catalytic periplasmic domain (C-terminal); go_component: inner membrane [goid 0019866]; go_function: electron donor activity [goid 0009053]; go_process: glucose metabolism [goid 0006006]; go_process: carbohydrate catabolism [goid 0016052]",b0124,11.96945221,12.20608421,11.57963521,11.44823242,12.35058762,12.43370896
b0125,hypoxanthine-guanine phosphoribosyltransferase,"Catalyzes the salvage synthesis of inosine-5'-monophosphate (IMP) and guanosine-5'-monophosphate (GMP) from the purine bases hypoxanthine and guanine, respectively; go_component: cytoplasm [goid 0005737]; go_process: nucleobase, nucleoside and nucleotide interconversion [goid 0015949]",b0125,13.87081016,14.03921646,13.84171158,13.78699275,13.96042377,13.93511429
b0126,putative carbonic anhdrase,putative carbonic anhydrase,b0126,14.70619862,14.68754988,14.25718101,14.12870809,14.7220051,14.51152005
b0127,putative ATP-binding component of a transport system,"putative transport protein (ABC superfamily, atp_bind); go_component: cytoplasm [goid 0005737]",b0127,12.01158847,12.01641398,12.09670883,12.1377733,11.98345513,12.09606605
b0128,"putative transport protein (ABC superfamily, membrane)",go_component: inner membrane [goid 0019866],b0128,10.83678772,10.90071375,10.97821651,10.92243277,10.86346805,10.9364652
b0129,putative PTS enzyme II B component,putative PTS family enzyme IIA component; go_process: phosphoenolpyruvate-dependent sugar phosphotransferase system [goid 0009401],b0129,11.3624448,11.4024778,11.49924885,11.51300932,11.25880641,11.39579758
b0130,hypothetical protein,,b0130,10.368387,10.25229412,10.17457095,10.18657492,10.34771589,10.30823146
b0131,aspartate 1-decarboxylase precursor,catalyzes the formation of beta-alanine from L-aspartate; go_component: cytoplasm [goid 0005737]; go_process: coenzyme A biosynthesis [goid 0015937],b0131,13.68008776,13.56552155,13.61693311,13.2664694,13.57767235,13.42447432
b0132,putative transposase,,b0132,10.59540334,10.4437142,10.60900688,10.59544211,10.46891406,10.41323976
b0133,pantoate--beta-alanine ligase,catalyzes the formation of (R)-pantothenate from pantoate and beta-alanine; go_component: cytoplasm [goid 0005737]; go_process: coenzyme A biosynthesis [goid 0015937],b0133,14.1538083,14.19046648,14.45081629,14.26657049,14.04864446,14.06467324
b0134,3-methyl-2-oxobutanoate hydroxymethyltransferase,"Catalyzes the formation of tetrahydrofolate and 2-dehydropantoate from 5,10-methylenetetrahydrofolate and 3-methyl-2-oxobutanoate; go_component: cytoplasm [goid 0005737]; go_process: coenzyme A biosynthesis [goid 0015937]",b0134,13.81831464,13.87971423,14.02781909,13.96262966,13.74462884,13.80112903
b0135,putative fimbrial-like protein,go_component: fimbria [goid 0009289],b0135,7.359075389,7.038414757,7.343014987,7.205278436,7.051180469,7.000705352
b0136,putative adhesin-like protein,putative fimbrial protein,b0136,7.095340039,7.089581663,7.094770485,7.153210212,7.089992325,7.054712553
b0137,putative adhesin-like protein,putative fimbrial protein,b0137,7.199539707,7.117806437,7.15340376,7.136962881,7.137880444,7.124977677
b0138,putative fimbrial-like protein,EcoGene suggests alternate start codon; go_component: fimbria [goid 0009289],b0138,6.388869328,6.370339055,6.373815418,6.353130865,6.35220541,6.356241142
b0139,probable outer membrane porin protein involved in fimbrial assembly,putative outer membrane porin involved in fimbrial assembly; go_component: external outer membrane (sensu Gram-negative Bacteria) [goid 0009279],b0139,7.804473702,7.695100039,7.731607233,7.776936753,7.72390956,7.802979699
b0140,probable pilin chaperone similar to PapD,putative periplasmic pilin chaperone similar to PapD; go_component: inner membrane [goid 0019866]; go_process: protein folding [goid 0006457],b0140,6.756136066,6.677495186,6.723277236,6.732001721,6.748057095,6.701816122
b0141,putative fimbrial-like protein,go_component: fimbria [goid 0009289],b0141,6.315781676,6.298224497,6.312131823,6.275810862,6.313195659,6.328943462
b0142,"7,8-dihydro-6-hydroxymethylpterin- pyrophosphokinase","7, 8-dihydro-6-hydroxymethylpterin-pyrophosphokinase, PPPK; go_process: folic acid biosynthesis [goid 0046656]",b0142,10.5596247,11.01580978,10.32658165,10.26649507,11.26455272,10.91544965
b0143,poly(A) polymerase I,EcoGene suggests alternate start codon; go_component: cytoplasm [goid 0005737]; go_process: RNA modification [goid 0009451],b0143,12.57248775,13.02499469,12.25636618,12.13751616,13.38470198,13.1776683
b0144,glutamyl-tRNA synthetase,catalyzes the formation of L-glutamyl-tRNA(Glu) from L-glutamate and tRNA(Glu); go_process: amino acid activation [goid 0006418],b0144,10.08672208,10.66575728,10.1727819,9.897809394,10.8819995,10.61994741
b0145,dnaK suppressor protein,go_component: cytoplasm [goid 0005737]; go_process: protein folding [goid 0006457],b0145,15.05426541,14.85703943,15.05366344,14.95213328,14.77238577,14.5995769
b0146,sugar fermentation stimulation protein,Regulatory factor involved in maltose metabolism; go_process: carbohydrate catabolism [goid 0016052],b0146,14.21559509,13.99637694,14.2929249,14.32447084,13.86213435,13.81431637
b0147,2'-5' RNA ligase,EcoGene suggests alternate start codon; go_component: cytosolic ribosome (sensu Bacteria) [goid 0009281]; go_component: cytoplasm [goid 0005737]; go_process: RNA modification [goid 0009451],b0147,10.77424258,10.97912584,10.86530835,10.92311201,10.85383783,10.98502126
b0148,"helicase, ATP-dependent",EcoGene suggests alternate start codon; go_component: cytoplasm [goid 0005737]; go_process: DNA dependent DNA replication [goid 0006261],b0148,11.71005501,11.6722727,11.7393703,11.73963422,11.72919441,11.74514354
b0149,penicillin-binding protein 1b,"bifunctional periplasmic enzyme; contains transglycosylase and transpeptidase activity; major enzyme for peptidoglycan biosynthesis in Escherichia coli; transmembrane protein; forms dimers; three variants, one of which may be a degradation product, while t; go_component: inner membrane [goid 0019866]; go_process: amino sugar biosynthesis [goid 0046349]; go_process: peptidoglycan biosynthesis [goid 0009252]; go_process: response to drug [goid 0042493]",b0149,11.67523318,11.76622624,11.5144694,11.5856149,11.78145635,11.80036713
b0150,"outer membrane pore protein, receptor for ferrichrome, colicin M, and phages T1, T5 and phi80","outer membrane protein receptor for ferrichrome, colicin M, and phages T1, T5, and phi80; go_component: external outer membrane (sensu Gram-negative Bacteria) [goid 0009279]",b0150,14.17741623,14.02409797,14.47198778,14.36386345,13.8363245,13.95253603
b0151,ATP-binding component of hydroxymate-dependent iron transport,"hydroxamate-dependent iron transport protein (ABC superfamily, atp_bind); go_component: cytoplasm [goid 0005737]",b0151,12.67052364,12.66734883,12.72438915,12.60156266,12.63568836,12.5949505
b0152,"hydroxamate-dependent iron transport protein (ABC superfamily, peri_bind)","hydroxamate-dependent iron uptake, cytoplasmic membrane component; go_component: periplasmic space [goid 0042597]; go_process: iron ion transport [goid 0006826]",b0152,10.85177321,10.85675646,10.60456712,10.50573115,11.03440395,10.7581047
b0153,"hydroxamate-dependent iron transport protein (ABC superfamily, membrane)","hydroxamate-dependent iron uptake, cytoplasmic membrane component; go_component: inner membrane [goid 0019866]",b0153,11.3928563,11.4327931,11.22397654,11.24883129,11.61828712,11.63731306
b0154,glutamate-1-semialdehyde aminotransferase,catalyzes the formation of 5-aminolevulinate from (S)-4-amino-5-oxopentanoate,b0154,13.71744309,13.55336963,13.71344906,13.46475444,13.57123538,13.43326389
b0155,chloride channel protein,Acts as an electrical shunt for an outwardly-directed proton pump that is linked to amino acid decarboxylation,b0155,12.22162408,12.08755102,12.2550861,12.13204952,11.9253923,11.90313462
b0156,hypothetical protein,,b0156,13.36097326,13.26897791,13.22263395,12.98033076,13.47248165,13.27273075
b0157,hypothetical protein,,b0157,11.26611451,11.31804637,11.00080882,11.14205775,11.27657775,11.49734421
b0158,vitamin B12-transporter protein BtuF,solute binding component of the vitamin B12 transport system BtuCDF; go_component: periplasmic space [goid 0042597],b0158,9.830571066,10.41394821,9.503930238,9.31474707,10.47217263,10.20044582
b0159,5'-methylthioadenosine/S-adenosylhomocysteine nucleosidase,"Enables the cleavage of the glycosidic bond in both 5'-methylthioadenosine and S-adenosylhomocysteine; go_process: nucleobase, nucleoside and nucleotide interconversion [goid 0015949]",b0159,13.38808775,13.42160552,13.40439546,13.26534293,13.47134221,13.37824562
b0160,deoxyguanosinetriphosphate triphosphohydrolase,"forms a homotetramer; requires magnesium for activity; catalyzes the hydrolysis of dGTP to form deoxyguanosine and triphosphate; go_component: cytoplasm [goid 0005737]; go_process: nucleobase, nucleoside and nucleotide interconversion [goid 0015949]",b0160,11.13166135,11.03520015,11.21130879,11.32883853,10.86650368,10.88913803
b0161,"periplasmic serine protease Do, heat shock protein",periplasmic serine protease Do; heat shock protein HtrA; go_component: periplasmic space [goid 0042597]; go_process: response to temperature [goid 0009266],b0161,12.13865092,12.27387353,12.20538042,12.55639508,12.72605056,12.38697618
b0162,"regulator of D-galactarate, D-glucarate and D-glycerate metabolism","EcoGene suggests alternate start codon; transcriptional activator of D-galactarate, D-glucarate and D-glycerate metabolism (sugar diacid regulator)",b0162,11.27400581,11.19237333,11.19846808,11.28359041,11.14763691,11.24223272
b0163,putative structural protein,,b0163,11.19852917,11.00365219,11.47269542,11.64663009,10.68767757,10.62168464
b0164,hypothetical protein,EcoGene suggests alternate start codon,b0164,11.07867504,10.95830687,10.88663104,10.91698423,10.96994107,10.97462773
b0165,unknown CDS,,b0165,10.83392718,10.75984598,10.71940865,10.59222381,10.59680116,10.56006568
b0166,"2,3,4,5-tetrahydropyridine-2-carboxylate N-succinyltransferase",go_component: cytoplasm [goid 0005737]; go_process: lysine biosynthesis via diaminopimelate [goid 0009089],b0166,15.28007192,15.13186888,15.1052068,15.18161965,15.07916468,14.93469625
b0167,PII uridylyl-transferase,catalyzes the uridylylation or deuridylylation of the PII nitrogen regulatory protein; go_component: cytoplasm [goid 0005737]; go_process: nitrogen metabolism [goid 0006807]; go_process: glutamine biosynthesis [goid 0006542]; go_process: protein modification [goid 0006464],b0167,11.01713454,11.11480874,11.27848773,11.26251196,11.00484818,11.10823648
b0168,methionine aminopeptidase,catalyzes the removal of N-terminal amino acids from peptides and arylamides; go_process: protein folding [goid 0006457],b0168,14.36635703,14.49041283,14.34070778,14.24191814,14.4452314,14.47993044
b0169,30S ribosomal protein S2,Essential for binding of S1 to the small ribosomal subunit; go_component: cytosolic ribosome (sensu Bacteria) [goid 0009281]; go_component: cytoplasm [goid 0005737]; go_function: structural constituent of ribosome [goid 0003735]; go_process: protein biosynthesis [goid 0006412],b0169,16.44002606,16.35607291,16.36868971,16.18318394,16.38324791,16.37685737
b0170,elongation factor Ts,EF-Ts; functions during elongation stage of protein translation; forms a dimer; associates with EF-Tu-GDP complex and promotes exchange of GDP to GTP resulting in regeneration of the active form of EF-Tu; go_component: cytoplasm [goid 0005737]; go_process: protein biosynthesis [goid 0006412],b0170,15.73856809,15.71305416,15.63219532,15.51864465,15.65284752,15.70798277
b0171,uridylate kinase,"catalyzes the formation of UDP from UMP; go_component: cytoplasm [goid 0005737]; go_process: nucleobase, nucleoside and nucleotide interconversion [goid 0015949]",b0171,13.65444208,13.86100792,13.48909983,13.65885894,13.83619316,13.90154707
b0172,ribosome releasing factor,Rrf; Frr; ribosome-recycling factor; release factor 4; RF4; recycles ribosomes upon translation termination along with release factor RF-3 and elongation factor EF-G; A GTPase-dependent process results in release of 50S from 70S; inhibited by release facto; go_component: cytoplasm [goid 0005737]; go_process: protein biosynthesis [goid 0006412]; go_process: translational attenuation [goid 0009386],b0172,14.42348968,14.51526712,14.31572937,14.49448815,14.46594182,14.2559558
b0173,1-deoxy-D-xylulose 5-phosphate reductoisomerase,Catalyzes the NADP-dependent rearrangement and reduction of 1-deoxy-D-xylulose-5-phosphate (DXP) to 2-C-methyl-D-erythritol 4-phosphate,b0173,11.36069356,11.45247619,11.25641964,11.18043177,11.49337946,11.4060423
b0174,"undecaprenyl pyrophosphate synthetase (di-trans,poly-cis-decaprenylcistransferase)","go_component: cytoplasm [goid 0005737]; go_function: cell surface antigen activity, host-interacting [goid 0042280]",b0174,13.15060894,13.52219295,12.9778286,12.88749156,13.85713589,13.5757074
b0175,CDP-diglyceride synthase,EcoGene suggests alternate start codon; CDP-diglyceride synthetase; go_component: inner membrane [goid 0019866]; go_process: phospholipid biosynthesis [goid 0008654],b0175,13.03821823,13.41157888,12.9349706,12.83291745,13.58931803,13.53234221
b0176,membrane-associated protease,putative protease,b0176,13.28111573,13.49507133,13.17907914,13.29179461,13.52483949,13.56829931
b0177,putative outer membrane antigen,go_component: external outer membrane (sensu Gram-negative Bacteria) [goid 0009279],b0177,14.59462534,14.8661595,14.57912597,14.72452642,14.88403312,14.96811658
b0178,periplasmic molecular chaperone for outer membrane proteins,go_component: periplasmic space [goid 0042597]; go_process: protein folding [goid 0006457],b0178,15.43260645,15.41232677,15.49904909,15.28042627,15.4449909,15.49547791
b0179,UDP-3-O-[3-hydroxymyristoyl] glucosamine N-acyltransferase,"adds the O-linked and N-linked 3(R)-hydroxy fatty acids to the glucosamine disaccharide during lipid A biosynthesis; go_function: cell surface antigen activity, host-interacting [goid 0042280]; go_process: lipid A biosynthesis [goid 0009245]",b0179,14.48446898,14.65958346,14.53743317,14.32949072,14.70858166,14.66181903
b0180,(3R)-hydroxymyristoyl ACP dehydratase,in Pseudomonas aeruginosa this enzyme is a trimer of dimers; essential for membrane formation; performs third step of type II fatty acid biosynthesis; catalyzes dehydration of (3R)-hydroxyacyl-ACP to trans-2-acyl-ACP; go_component: cytoplasm [goid 0005737],b0180,15.34594433,15.29549141,15.2233065,15.10651722,15.31079742,15.30051299
b0181,UDP-N-acetylglucosamine acyltransferase,"catalyzes the addition of (R)-3-hydroxytetradecanoyl to the glucosamine disaccharide in lipid A biosynthesis; go_component: cytoplasm [goid 0005737]; go_function: cell surface antigen activity, host-interacting [goid 0042280]; go_process: lipid A biosynthesis [goid 0009245]",b0181,13.94577017,14.00111746,13.96083172,13.67643686,14.06844498,14.00203777
b0182,lipid-A-disaccharide synthase,"catalyzes the formation of lipid A disaccharide from UDP-2,3-diacylglucosamine and 2,3-diacylglucosamine-1-phosphate; lipid A disaccharide is a precursor of lipid A that anchors LPS to the OM; go_component: cytoplasm [goid 0005737]; go_function: cell surface antigen activity, host-interacting [goid 0042280]; go_process: lipid A biosynthesis [goid 0009245]",b0182,13.45709852,13.46156958,13.27485463,13.05880049,13.54381981,13.47659258
b0183,ribonuclease HII,RNH2; RNase HII; binds manganese; endonuclease which specifically degrades the RNA of RNA-DNA hybrids; go_component: cytoplasm [goid 0005737]; go_process: RNA catabolism [goid 0006401]; go_process: RNA catabolism [goid 0006401],b0183,12.20387471,12.55709644,11.86713004,11.65975101,12.83001786,12.70398691
b0184,DNA polymerase III subunit alpha,main replicative polymerase; go_component: cytoplasm [goid 0005737]; go_process: DNA dependent DNA replication [goid 0006261],b0184,13.22134303,13.40079008,13.07869805,12.9739771,13.56433705,13.61863912
b0185,acetyl-CoA carboxylase alpha subunit,Catalyzes the carboxylation of acetyl-CoA to malonyl-CoA; go_component: cytoplasm [goid 0005737],b0185,13.86083145,13.95929793,13.90026891,13.68396685,14.09152856,13.9462369
b0186,"lysine decarboxylase 2, constitutive",go_process: glycolysis [goid 0006096]; go_process: carbohydrate catabolism [goid 0016052],b0186,11.39184832,11.463081,11.63706311,11.66994252,11.3367956,11.36745979
b0187,putative enzyme,EcoGene suggests alternate start codon,b0187,11.20783847,11.24384654,11.06866397,10.90119723,11.3316519,11.22890039
b0188,tRNA(Ile)-lysidine synthetase,,b0188,11.36085668,11.33243001,11.0956105,10.9861809,11.62682027,11.4366414
b0189,modulator of Rho-dependent transcription termination,EcoGene suggests alternate start codon; modulator of Rho-dependent transcription termination.; go_component: cytoplasm [goid 0005737]; go_process: transcription [goid 0006350],b0189,12.15297567,11.65415427,12.52206062,12.38315465,11.5575654,11.39520762
b4406,hypothetical protein,,b4406,13.57531333,13.11719491,13.76349836,13.81855917,12.99074573,12.89796257
b0190,hypothetical protein,,b0190,12.49613976,12.47591334,12.42112991,12.53551689,12.45832661,12.51527926
b0191,hypothetical protein,,b0191,11.37533084,11.38481857,11.46887392,11.43473069,11.57516292,11.43414829
b0192,copper homeostasis protein,copper homeostasis protein (lipoprotein); go_component: external outer membrane (sensu Gram-negative Bacteria) [goid 0009279]; go_process: xenobiotic metabolism [goid 0006805],b0192,12.43349709,12.4075746,12.39842172,12.48756233,12.40475381,12.33681836
b0193,putative synthase,EcoGene suggests alternate start codon,b0193,7.065462608,7.163698935,7.072409755,6.977889478,7.330255005,7.262278564
b0194,prolyl-tRNA synthetase,catalyzes the formation of prolyl-tRNA(Pro) from proline and tRNA(Pro); go_component: cytoplasm [goid 0005737]; go_process: amino acid activation [goid 0006418],b0194,13.00470635,13.4605234,12.91526822,12.86082342,13.5063872,13.45021164
b0195,hypothetical protein,,b0195,10.65152137,10.93451872,10.73501483,10.61038803,11.1065689,10.96918447
b0196,regulator in colanic acid synthesis; interacts with RcsB,"regulator in colanic acid synthesis; overexpression confers mucoid phenotype, increases capsule synthesis; go_component: capsule (sensu Bacteria) [goid 0030113]; go_function: cell surface antigen activity, host-interacting [goid 0042280]; go_process: colanic acid biosynthesis [goid 0009242]",b0196,12.76326949,12.87945012,12.81766669,12.80884005,13.0242821,12.84105524
b0197,"D-methionine transport protein (ABC superfamily, peri_bind)",go_component: periplasmic space [goid 0042597],b0197,14.90051938,14.77353644,14.64273845,14.81156776,14.79723535,14.67806289
b0198,"D- and L-methionine transport protein (ABC superfamily, membrane)",go_component: inner membrane [goid 0019866],b0198,14.06789847,13.9025811,13.70141235,13.94783,13.83712507,13.88880551
b0199,"D- and L-methionine transport protein (ABC superfamily, atp_bind)",go_component: cytoplasm [goid 0005737],b0199,11.34162455,11.45954155,10.88538587,11.23649372,11.662824,11.43195872
b0200,hypothetical protein,,b0200,13.29162764,13.28885303,13.25767337,13.15063865,13.2068332,13.25735081
b0207,"2,5-diketo-D-gluconate reductase B",go_component: cytoplasm [goid 0005737]; go_process: carbohydrate catabolism [goid 0016052],b0207,10.56772791,10.72566854,10.60565851,10.63484814,10.65932208,10.41176691
b0208,putative transcriptional regulator (LysR family),putative transcriptional regulator LYSR-type; go_function: transcriptional activator activity [goid 0016563]; go_function: transcriptional repressor activity [goid 0016564]; go_process: transcription [goid 0006350],b0208,11.01473119,10.72956734,11.2030148,11.33301778,10.50369744,10.63778968
b0209,hypothetical protein,,b0209,13.10002708,12.75206515,13.33239861,13.17127381,12.73232293,12.67214076
b0210,putative biotin synthesis protein,putative methyltransferase; go_process: biotin biosynthesis [goid 0009102],b0210,11.38875712,11.08239554,11.61925564,11.58653197,11.27034988,11.13895513
b0211,"lytic murein transglycosylase C, membrane-bound",membrane-bound lytic murein transglycosylase D; go_component: cytoplasm [goid 0005737]; go_function: transcriptional activator activity [goid 0016563]; go_process: anaerobic respiration [goid 0009061]; go_process: cytochrome biogenesis [goid 0017004]; go_process: transcription [goid 0006350],b0211,14.41209856,14.33582205,14.1986097,14.05476229,14.52640952,14.31958521
b0212,probable hydroxyacylglutathione hydrolase,putative hydroxyacylglutathione hydrolase; go_process: methylglyoxal metabolism [goid 0009438],b0212,11.01609001,11.02275505,10.83096731,10.88535128,10.91649638,10.81681533
b0213,putative methyltransferase,EcoGene suggests alternate start codon,b0213,11.50932156,11.34919658,11.58458984,11.41072154,11.43860246,11.40155233
b0214,ribonuclease H,An endonuclease that specifically degrades the RNA strand of RNA-DNA hybrids; go_component: cytoplasm [goid 0005737]; go_process: RNA catabolism [goid 0006401]; go_process: DNA dependent DNA replication [goid 0006261]; go_process: proteolysis and peptidolysis [goid 0006508],b0214,12.0034372,11.94165695,11.81415405,11.70936504,12.02798512,11.95506772
b0215,DNA polymerase III subunit epsilon,3'-5' exonuclease of DNA polymerase III; go_component: cytoplasm [goid 0005737]; go_process: DNA dependent DNA replication [goid 0006261]; go_process: protein folding [goid 0006457],b0215,12.43960146,12.0763934,12.42812849,12.30448061,12.10423904,11.89857839
b0217,putative aminopeptidase,,b0217,9.199756438,8.846007982,8.823973103,8.93918669,8.990493804,8.966743109
b0218,hypothetical protein,,b0218,7.111103555,6.999829483,7.088968319,7.083759886,7.015706976,7.023526649
b0219,putative EC 3.5. amidase-type enzyme,putative NAD(P)-binding amidase-type enzyme (C-N hydrolase family),b0219,12.28771681,12.05250787,12.46775689,12.39897272,12.0070321,12.10051603
b0220,"inhibitor of vertebrate C-type lysozyme, periplasmic",,b0220,14.32521173,14.27808864,14.48445757,14.80113882,14.34966092,14.42038212
b0221,acyl-CoA dehydrogenase,functions in fatty acid oxidation; converts acyl-CoA and FAD to FADH2 and delta2-enoyl-CoA; go_process: fatty acid oxidation [goid 0019395],b0221,11.7193975,11.75291919,11.8964186,11.49911512,11.57969796,11.41910438
b0222,phosphoheptose isomerase,"catalyzes the isomerization of sedoheptulose 7-phosphate in D-glycero-D-manno-heptose 7-phosphate; go_component: cytoplasm [goid 0005737]; go_function: cell surface antigen activity, host-interacting [goid 0042280]; go_process: lipopolysaccharide core region biosynthesis [goid 0009244]",b0222,13.82183243,13.63795212,13.96584709,13.86113089,13.54170715,13.53753463
b0223,putative amidotransferase,,b0223,12.89525601,12.66347856,12.98160129,12.82280484,12.77286362,12.69034478
b0224,hypothetical protein,,b0224,12.52628011,12.63215431,12.66555478,12.42718431,12.82008791,12.50046968
b0225,hypothetical protein,,b0225,12.45860944,12.43984743,12.25685816,12.29887252,12.4451322,12.31508321
b0226,damage-inducible protein J,go_process: DNA repair [goid 0006281],b0226,14.37865347,14.06595416,14.36660816,14.44914349,13.91540191,13.89926146
b0227,putative lipoprotein,,b0227,9.89584701,9.819944555,9.810836192,9.960498623,9.670574077,9.769957173
b0228,hypothetical protein,,b0228,11.19210126,10.95018527,11.24949971,11.10407124,10.86538624,10.90121422
b0229,flagellar biosynthesis,"EcoGene suggests alternate start codon; putative transport protein, flagellar biosynthesis; go_component: flagellum [goid 0019861]; go_component: inner membrane [goid 0019866]",b0229,10.08478458,9.98074491,9.990092563,10.1127604,9.977635111,10.13608882
b0230,flagellar motor protein,EcoGene suggests alternate start codon; go_process: taxis [goid 0042330],b0230,9.143476721,9.06366613,9.043541874,9.166929707,9.153612365,9.216064793
b0231,DNA polymerase IV,"Poorly processive, error-prone DNA polymerase involved in untargeted mutagenesis. Copies undamaged DNA at stalled replication forks, which arise in vivo from mismatched or misaligned primer ends. These misaligned primers can be extended by polIV. Exhibits; go_component: cytoplasm [goid 0005737]; go_process: DNA dependent DNA replication [goid 0006261]; go_process: SOS response [goid 0009432]",b0231,12.68450502,12.60019965,12.84608282,12.71450259,12.39201603,12.29299382
b0232,hypothetical protein,,b0232,11.72191017,11.39903357,11.61953544,11.60286893,11.03671993,10.87751828
b0233,hypothetical protein,,b0233,11.2446873,10.73381603,10.94524931,10.723071,10.5320728,10.11653222
b0234,putative acyltransferase,,b0234,11.79048395,11.40753896,11.51947517,11.38563492,11.50443187,11.36418731
b0235,unknown CDS,EcoGene suggests alternate start codon,b0235,6.746268193,6.667877811,6.763260031,6.790981513,6.704546185,6.634482308
b0236,peptide chain release factor 2,catalyzes the release of newly synthesized polypeptide chains at the stop codons UAA and UGA; go_component: cytoplasm [goid 0005737]; go_process: protein biosynthesis [goid 0006412],b0236,10.06248444,9.800650185,9.86109813,9.78351512,9.917799734,9.970169321
b0237,aminoacyl-histidine dipeptidase (peptidase D),aminopeptidase D (aminoacyl-histidine dipeptidase); go_component: cytoplasm [goid 0005737],b0237,13.85871797,13.87731544,13.99255197,14.03765885,13.86341124,13.85282036
b0238,xanthine phosphoribosyltransferase,"Catalyses the conversion of guanine, xanthine and, to a lesser extent, hypoxanthine to GMP, XMP and IMP, respectively; go_component: cytoplasm [goid 0005737]; go_process: nucleobase, nucleoside and nucleotide interconversion [goid 0015949]",b0238,11.93238978,12.32603712,12.04837562,11.82077147,12.86472611,12.46847238
b0239,hypothetical protein,,b0239,11.69100522,11.71559551,11.91597434,11.98498631,11.61445039,11.69190731
b0240,transcriptional regulator of cryptic csgA gene for curli surface fibers,transcriptional regulator of cryptic genes for curli formation and fibronectin binding; go_component: fimbria [goid 0009289]; go_component: cytoplasm [goid 0005737]; go_function: transcriptional activator activity [goid 0016563]; go_process: transcription [goid 0006350],b0240,14.69149973,14.68429975,14.16610765,14.02960741,15.00592749,14.56117691
b0241,"outer membrane pore protein E (E,Ic,NmpAB)",go_component: external outer membrane (sensu Gram-negative Bacteria) [goid 0009279],b0241,8.799262401,8.725792228,8.680365009,8.774844401,8.762255161,8.810813076
b0242,gamma-glutamyl kinase,catalyzes the formation of glutamate 5-phosphate from glutamate in proline biosynthesis; go_component: cytoplasm [goid 0005737]; go_process: proline biosynthesis [goid 0006561],b0242,13.11546819,13.01575948,13.24582625,13.1105545,12.97858599,12.9322224
b0243,gamma-glutamyl phosphate reductase,catalyzes the reduction of L-gamma-glutamyl 5-phosphate to form L-glutamate 5-semialdehyde in proline biosynthesis; go_component: cytoplasm [goid 0005737]; go_process: proline biosynthesis [goid 0006561],b0243,12.79148512,12.79513875,12.80209181,12.74156786,12.80937322,12.74610698
b0245,CP4-6 prophage,,b0245,8.577380448,8.657277427,8.583561521,8.793347225,8.482325273,8.767615753
b0246,CP4-6 prophage,,b0246,7.932220451,7.835694833,7.786076685,7.904920171,7.8585826,7.963531932
b0247,CP4-6 prophage; putative DNA repair protein,putative DNA repair protein,b0247,9.045607872,9.051782277,8.892044206,8.938527122,9.084783957,9.205242208
b0248,CP4-6 prophage,,b0248,10.82565823,10.52691408,10.52886231,10.7422186,10.65121219,10.74378762
b0249,CP4-6 prophage,,b0249,9.360302313,9.056230282,9.06273244,9.194979121,9.247162725,9.204014712
b0250,CP4-6 prophage,,b0250,10.82489037,10.65080915,11.13033984,10.95752921,10.58922081,10.55322728
b0251,CP4-6 prophage,EcoGene suggests alternate start codon EcoGene suggests alternate start codon; hypothetical transcriptional regulator,b0251,11.23030198,11.02358449,11.23853568,11.23524011,11.0256014,11.18234432
b0252,CP4-6 prophage,EcoGene suggests alternate start codon,b0252,10.00371178,9.883528769,9.764665759,9.939697423,9.926574654,10.13081589
b0253,CP4-6 prophage; putative GTP-binding factor,EcoGene suggests alternate start codon; putative GTP-binding protein,b0253,10.11810926,10.08070621,10.13041458,10.12245586,10.09877247,10.13308839
b0254,CP4-6 prophage; putative transcriptional repressor of peroxide resistance (LysR family),peroxide resistance protein,b0254,7.246878739,7.153224505,7.242471852,7.270046621,7.227962765,7.23000414
b0255,CP4-6 prophage; IS911 homolog,transposase insN for insertion sequence element IS911A,b0255,11.87123271,11.73547497,11.741853,11.96589962,11.5774043,11.67501894
b0256,CP4-6 prophage; transposase1 for IS30,IS30 transposase,b0256,12.22015038,12.05710286,11.92998986,12.15679695,11.89362898,11.88505046
b0257,"CP4-6 prophage; IS911, putative transposase",putative transposase,b0257,11.65445,11.5645434,11.51069221,11.55535986,11.64216724,11.6391804
b0258,CP4-6 prophage; putative reverse transcriptase,EcoGene suggests alternate start codon,b0258,10.67637589,10.68609498,10.62676068,10.71341502,10.71620325,10.74828773
b0259,CP4-6 prophage; IS5 protein 1,IS5 transposase,b0259,14.51646975,14.6304462,14.38217114,14.50434125,14.49503315,14.56800767
b0260,CP4-6 prophage; putative S-methylmethionine transport protein (APC family),EcoGene suggests alternate start codon; S-methylmethionine permease; go_component: inner membrane [goid 0019866]; go_process: methionine biosynthesis [goid 0009086],b0260,11.64974769,11.4969772,11.4018844,11.509819,11.59065604,11.62782234
b0261,homocysteine methyltransferase,converts homocysteine and S-adenosyl-methionine to methionine and S-adenosyl-homocysteine or S-methyl-methionine and homocysteine to two methionines; go_process: glycerol metabolism [goid 0006071]; go_process: methionine biosynthesis [goid 0009086],b0261,11.50528152,11.36878634,11.47545409,11.48787539,11.45020623,11.53385755
b0262,"CP4-6 prophage; putative ferric transport protein (ABC superfamily, atp_bind)",EcoGene suggests alternate start codon; putative ATP-binding component of a transport system,b0262,8.573554253,8.52731537,8.6402308,8.642076297,8.593435397,8.702104192
b0263,CP4-6 prophage; putative membrane component of ferric transport system,"EcoGene suggests alternate start codon; putative transport system permease protein, partial",b0263,9.322984077,9.274949861,9.338111556,9.430751945,9.378777718,9.449126783
b0264,CP4-6 prophage; IS1 protein InsB 2,IS1 protein InsB,b0264,12.62957768,12.50298254,12.57015614,12.58263707,12.47251316,12.59275144
b0265,CP4-6 prophage; IS1 protein InsA 2,IS1 protein InsA,b0265,13.0169544,12.98608249,13.10373366,13.08759244,12.95463114,12.92853512
b0266,CP4-6 prophage,EcoGene suggests alternate start codon,b0266,10.10924319,10.41174563,10.18501872,10.18219466,10.26865953,10.24407412
b0267,CP4-6 prophage; putative transposase,,b0267,9.223618638,9.075274241,9.184911684,9.258344827,9.132506007,9.253777787
b0268,CP4-6 prophage; putative synthase,putative lyase/synthase,b0268,7.357013862,7.444381446,7.53584729,7.304508448,7.369883028,7.338769798
b0269,hypothetical protein,,b0269,9.228071987,9.165123579,9.084176326,9.210710272,9.235131368,9.256788222
b0270,CP4-6 prophage; putative sugar transport protein,putative permease,b0270,7.441378262,7.373808262,7.421028719,7.452392335,7.415255617,7.501473783
b0271,CP4-6 prophage; putative xylosidase/arabinosidase,putative beta-xylosidase,b0271,9.487643702,9.423917352,9.440648205,9.500263827,9.46724098,9.550248533
b0272,CP4-6 prophage; putative transcriptional regulator (IclR family),putative regulator; go_function: transcriptional repressor activity [goid 0016564]; go_process: transcription [goid 0006350],b0272,11.39344498,11.58306794,11.5016612,11.62011412,11.77059132,11.69643764
b0273,ornithine carbamoyltransferase,catalyzes the formation of L-citrulline from carbamoyl phosphate and L-ornithine in arginine biosynthesis and degradation; go_component: cytoplasm [goid 0005737]; go_process: arginine biosynthesis [goid 0006526],b0273,13.74119447,13.63131792,13.71082561,13.91453147,13.73666811,13.75938517
b0274,CP4-6 prophage; IS1 protein InsB,IS1 protein InsB,b0274,12.57739669,12.52691208,12.55898599,12.62526274,12.46577247,12.65361591
b0275,CP4-6 prophage; IS1 protein InsA,IS1 protein InsA,b0275,13.07345089,12.99799891,13.16677495,13.12147015,12.98202825,12.97027825
b0276,CP4-6 prophage,,b0276,10.6459301,10.41068089,10.60254531,10.54044868,10.38093007,10.38026173
b0277,CP4-6 prophage,,b0277,9.012120427,8.747401103,9.031728449,8.969464927,8.713711743,8.6650859
b0278,CP4-6 prophage; DNA-binding protein,DNA-binding protein,b0278,7.480615847,7.253083896,7.250826556,7.285416121,7.24450271,7.257048858
b0279,CP4-6 prophage,,b0279,6.537496229,6.482367062,6.469073919,6.477651669,6.496025714,6.494834239
b0280,CP4-6 prophage,,b0280,13.30303248,13.42136448,13.37608837,13.50459237,13.16861146,12.96500327
b0281,CP4-6 prophage; putative phage integrase,putative phage integrase,b0281,9.987680114,9.899031866,9.472620237,9.722758723,9.654996006,9.640209627
b0282,putative periplasmic regulator,"putative transcriptional regulator LYSR-type; go_process: regulation of transcription, DNA-dependent [goid 0006355]",b0282,8.810234868,8.675136085,8.823286883,8.516317259,8.741563691,8.579287698
b0283,hypothetical protein,,b0283,7.805451936,7.719313964,7.810804339,7.787367064,7.92970238,7.901160426
b0284,putative molybdemum cofactor-binding oxidoreductase,,b0284,11.15405569,10.96775037,10.98755344,11.05570021,11.02685828,11.13803264
b0285,"putative oxidoreductase, FAD-binding domain",,b0285,9.379808212,9.414739002,9.446678251,9.553204407,9.377962502,9.590745532
b0286,"putative oxidoreductase, Fe-S subunit",putative xanthine dehydrogenase,b0286,9.293097684,9.283420178,9.478703536,9.559019617,9.42830173,9.412877563
b0287,hypothetical protein,,b0287,14.03195885,14.00294276,14.10083983,13.92432568,13.53008623,13.88049547
b0288,putative ferredoxin,go_function: electron carrier activity [goid 0009055],b0288,11.35879296,11.17550615,11.13602812,11.27415921,11.17155006,11.35246539
b0289,hypothetical protein,EcoGene suggests alternate start codon,b0289,10.25780181,10.07398558,10.15723516,10.13223111,9.967525501,10.01453263
b0290,putative receptor,,b0290,8.766199122,8.749451378,8.832197271,8.781925409,8.860879865,8.768103504
b0291,putative enzyme,,b0291,9.693786932,9.640579804,9.52232695,9.653880449,9.614894087,9.686599581
b0292,hypothetical protein,,b0292,8.290098391,8.276958502,8.066378404,8.281722195,8.309423975,8.282828089
b0293,hypothetical protein,,b0293,10.43735761,10.52891986,10.54636348,10.32922979,10.42901131,10.28761737
b0294,putative regulator,,b0294,9.003141628,8.940816435,8.775779901,9.076243348,8.885312472,8.843184489
b0295,unknown CDS,,b0295,12.36389512,11.97404939,12.26728198,12.14770494,12.08102257,12.11979389
b0296,50S ribosomal protein L31,RpmE; RpmE2; there appears to be two types of ribosomal proteins L31 in bacterial genomes; some contain a CxxC motif while others do not; Bacillus subtilis has both types; RpmE is found in exponentially growing Bacilli while YtiA was found after exponentia; go_component: cytosolic ribosome (sensu Bacteria) [goid 0009281],b0296,9.460503987,9.190834521,9.479363024,9.454370051,9.178685112,8.854744759
b0297,"attaching and effacing protein, pathogenesis factor","outer membrane protein important for attachment to cell, pathogenesis factor; go_component: external outer membrane (sensu Gram-negative Bacteria) [goid 0009279]",b0297,8.597870963,8.490532128,8.474323592,8.59163232,8.533551125,8.672132376
b0298,putative transposase-related protein,transposase insE for insertion sequence IS3,b0298,12.01804388,11.95054474,12.17048737,12.05146383,12.0111592,11.92356491
b0299,putative IS tranposase,transposase insF for insertion sequence IS3,b0299,11.5223571,11.51749427,11.55429855,11.62330613,11.45878509,11.58954491
b0300,putative ARAC-type regulatory protein,putative transcriptional regulator (AraC/XylS family); go_function: transcriptional repressor activity [goid 0016564]; go_process: transcription [goid 0006350],b0300,11.08546442,10.87676015,11.05037568,11.01496637,10.90786786,10.90025777
b0301,hypothetical protein,EcoGene suggests alternate start codon,b0301,10.50614492,10.36609159,10.20251758,10.35755167,10.3329621,10.40647293
b0303,unknown CDS,"EcoGene suggests alternate start codon the overlapping ORF b0302 on the opposite strand is no longer thought to be an actual gene, and has been deaccessioned",b0303,6.523512883,6.533195795,6.436440069,6.385745055,6.48834648,6.426846257
b0304,pyridine nucleotide-disulfide oxidoreductase,Involved in disulfide oxidoreductase activity and electron transport,b0304,10.05464911,9.960288633,10.1387282,10.0410535,9.865548586,9.698247772
b0305,putative ARAC-type regulatory protein,putative transcriptional regulator (AraC/XylS family); go_function: transcriptional activator activity [goid 0016563]; go_process: transcription [goid 0006350],b0305,7.563599761,7.552127498,7.572519654,7.574644955,7.503991434,7.51632209
b0306,putative dehydrogenase subunit,putative oxidoreductase,b0306,11.1777064,10.96439986,11.11034764,11.07863873,10.99407256,11.14017606
b0307,putative dehydrogenase,,b0307,10.34601265,10.1090376,10.31623552,10.33655015,10.14031583,10.19263248
b0308,putative transporter,EcoGene suggests alternate start codon,b0308,10.79170715,10.7580818,10.76523142,10.87222883,10.68705653,10.81061902
b0309,unknown CDS,,b0309,6.097893467,6.134720483,6.103348646,6.132078384,6.125720508,6.106927465
b0310,hypothetical protein,,b0310,7.967521789,7.849188542,7.821727427,7.794967464,7.8905519,7.947102765
b0311,choline dehydrogenase,catalyzes the oxidation of choline to betaine aldehyde and betain aldehyde to glycine betaine; go_component: inner membrane [goid 0019866]; go_process: betaine biosynthesis [goid 0006578]; go_process: response to osmotic stress [goid 0006970],b0311,11.35754322,11.53022869,11.51208856,11.37410135,11.55541344,11.77628644
b0312,NAD+-dependent betaine aldehyde dehydrogenase,go_process: betaine biosynthesis [goid 0006578]; go_process: response to osmotic stress [goid 0006970],b0312,12.52525638,12.73364841,12.5280516,12.490278,12.78762178,12.91613032
b0313,transcriptional regulator BetI,HTH-type; bet1; Repressor involved in choline regulation of the bet genes; go_function: transcriptional repressor activity [goid 0016564]; go_process: transcription [goid 0006350]; go_process: response to osmotic stress [goid 0006970],b0313,11.89831561,12.18611707,11.73708424,11.81421237,12.42368648,12.39474805
b0314,high-affinity choline transport,high-affinity choline transport protein (BCCT family); go_component: inner membrane [goid 0019866]; go_process: betaine biosynthesis [goid 0006578],b0314,11.95301971,12.22003202,11.40648438,11.38214401,12.47767806,12.40695962
b0315,putative transcriptional repressor (LuxR/UhpA family),"go_process: regulation of transcription, DNA-dependent [goid 0006355]",b0315,9.866439784,9.633145825,9.739303731,9.687934282,9.775068237,9.663650064
b0316,putative transcriptional regulator (LysR family),putative transcriptional regulator LYSR-type; go_function: transcriptional activator activity [goid 0016563]; go_function: transcriptional repressor activity [goid 0016564]; go_process: transcription [goid 0006350],b0316,10.57790581,10.51876733,10.54069259,10.6113333,10.38265442,10.42918743
b0317,hypothetical protein,,b0317,10.06145295,9.938354016,10.01854203,10.01153867,9.951445139,10.09325372
b0318,putative transcription factor,,b0318,9.237043101,9.096035482,9.106770268,9.203442489,9.066329049,9.13356896
b0319,hypothetical protein,,b0319,8.213625235,8.191772012,8.146495018,8.258168153,8.149749282,8.32548526
b0320,putative acyl-CoA synthetase,putative oxidoreductase subunit,b0320,9.839649917,9.774087562,9.82182796,9.831458903,9.792324289,9.891113924
b0321,hypothetical protein,,b0321,10.52428945,10.48747135,10.39991447,10.55764371,10.44954901,10.60893767
b0323,carbamate kinase,forms a homodimer; may be used to synthesize carbomyl phosphate from ATP and carbamate; go_process: arginine biosynthesis [goid 0006526]; go_process: pyrimidine nucleotide biosynthesis [goid 0006221],b0323,8.336196461,8.269728835,8.252094508,8.36459909,8.324320007,8.410473072
b0324,cytosine deaminase,Catalyzes the deamination of cytosine to uracil and ammonia; go_process: amine catabolism [goid 0009310],b0324,10.97222981,10.78720448,10.94438503,10.93725891,10.83748727,10.77611774
b0325,"putative dehydrogenase, NAD(P)-binding",putative oxidoreductase,b0325,13.09007496,13.15306505,13.14850084,13.08906315,13.02931388,12.93172544
b0326,hypothetical protein,,b0326,7.759450341,7.496240178,7.571619368,7.673384217,7.656671404,7.655779709
b0327,unknown CDS,EcoGene suggests alternate start codon,b0327,9.475520515,8.731788035,9.764045532,9.511053057,8.622055231,8.539691557
b0328,putative cytochrome subunit of dehydrogenase,putative transport protein,b0328,9.744672817,9.552108353,9.797936268,9.787434625,9.677423664,9.692592096
b0329,hypothetical protein,,b0329,13.85297087,13.35825069,13.67469919,13.71531779,13.00668542,12.7961278
b0330,regulator for prp operon,transcriptional activator of propionate catabolism (EBP family); go_component: cytoplasm [goid 0005737]; go_function: transcriptional repressor activity [goid 0016564]; go_process: fatty acid oxidation [goid 0019395]; go_process: transcription [goid 0006350],b0330,9.236276244,9.282089086,9.145731568,9.166132983,9.637788648,9.45083985
b0331,putative carboxyphosphonoenolpyruvate mutase,putative phosphonomutase 2; go_component: cytoplasm [goid 0005737]; go_process: fatty acid oxidation [goid 0019395],b0331,8.935676029,8.900816701,8.814966565,8.920360392,8.900126301,8.909390577
b0333,citrate synthase,"Catalyzes the first step in the citric acid cycle. Oxaloacetate and acetyl-CoA bind to citrate synthase, which then catalyzes the reaction which joins the two compounds together; go_component: cytoplasm [goid 0005737]; go_process: fatty acid oxidation [goid 0019395]",b0333,10.01205552,9.875467463,9.860013551,10.01746775,9.863454186,9.997760759
b0334,2-methylcitrate dehydratase,"functions in propionate metabolism; involved in isomerization of (2S,3S)-methylcitrate to (2R,3S)-methylisocitrate; also encodes minor aconitase or dehydratase activity; aconitase C; go_process: carbohydrate catabolism [goid 0016052]",b0334,7.540066034,7.592822423,7.426325986,7.538396092,7.575461264,7.632727933
b0335,putative acetyl-CoA synthetase of the propionate catabolism operon,putative propionyl-CoA synthetase; go_component: cytoplasm [goid 0005737]; go_process: fatty acid oxidation [goid 0019395],b0335,10.62736308,10.35216622,10.47751335,10.42683306,10.43541047,10.53838403
b0336,cytosine permease/transport,"cytosine transport protein (NCS1 family); go_component: inner membrane [goid 0019866]; go_process: nucleobase, nucleoside and nucleotide interconversion [goid 0015949]",b0336,13.39105418,13.65748572,13.38118673,13.5239498,13.79052626,13.91552942
b0337,cytosine deaminase,"Catalyzes the deamination of cytosine to uracil and ammonia; go_component: cytoplasm [goid 0005737]; go_process: nucleobase, nucleoside and nucleotide interconversion [goid 0015949]",b0337,14.08580558,14.25917126,14.06253473,14.1993012,14.33419274,14.45218717
b0338,cyn operon positive regulator,transcriptional regulator of cyanate metabolism (LysR family); go_component: cytoplasm [goid 0005737]; go_function: transcriptional activator activity [goid 0016563]; go_function: transcriptional repressor activity [goid 0016564]; go_process: transcription [goid 0006350]; go_process: xenobiotic metabolism [goid 0006805],b0338,10.73199736,10.63818895,10.55606256,10.56182045,10.68326891,10.71649071
b0339,carbonic anhydrase,go_component: cytoplasm [goid 0005737]; go_process: cyanate catabolism [goid 0009440]; go_process: xenobiotic metabolism [goid 0006805],b0339,8.116240165,8.178858481,8.13508391,8.222371904,8.187742854,8.256907273
b0340,cyanate hydratase,catalyzes the reaction of cyanate and bicarbonate to produce ammonia and carbon dioxide; go_process: cyanate catabolism [goid 0009440]; go_process: nitrogen metabolism [goid 0006807]; go_process: xenobiotic metabolism [goid 0006805],b0340,8.088073702,8.066868844,8.17594031,8.064212083,8.139489561,8.041059521
b0341,cyanate transport,cyanate transport protein (MFS family); go_component: inner membrane [goid 0019866]; go_process: cyanate catabolism [goid 0009440]; go_process: xenobiotic metabolism [goid 0006805],b0341,8.733261453,8.631912949,8.58248937,8.686444091,8.61148155,8.69714747
b0342,thiogalactoside acetyltransferase,go_component: cytoplasm [goid 0005737]; go_process: carbohydrate catabolism [goid 0016052],b0342,8.414885541,8.405027364,8.360037636,8.46788802,8.403843276,8.410198943
b0343,"galactoside permease (lactose permease, M protein) (MFS family)",go_component: inner membrane [goid 0019866]; go_process: carbohydrate catabolism [goid 0016052],b0343,8.360709102,8.349688386,8.270122535,8.398131909,8.287653665,8.377931561
b0344,beta-D-galactosidase,go_component: cytoplasm [goid 0005737]; go_process: carbohydrate catabolism [goid 0016052],b0344,9.202733016,9.13200799,9.153507371,9.2585511,9.119137738,9.206351992
b0345,transcriptional repressor of lactose catabolism (GalR/LacI family),transcriptional repressor of the lac operon; go_component: cytoplasm [goid 0005737]; go_function: transcriptional repressor activity [goid 0016564]; go_process: carbohydrate catabolism [goid 0016052]; go_process: transcription [goid 0006350],b0345,11.18075346,11.26022339,11.14727437,11.11846297,11.38688365,11.27842346
b0346,transcriptional activator for 3-hydroxyphenylpropionate degradation (IclR family),transcriptional regulator for mhp operon; go_component: cytoplasm [goid 0005737]; go_function: transcriptional activator activity [goid 0016563]; go_process: fatty acid oxidation [goid 0019395]; go_process: transcription [goid 0006350],b0346,10.80373631,11.03737946,10.2936469,10.24850983,11.26261488,11.11536903
b0347,3-(3-hydroxyphenyl)propionate hydroxylase,"catalyzes the formation of 3-(2,3-dihydroxyphenyl)propionate from 3-hydroxyphenyl)propionate; go_process: fatty acid oxidation [goid 0019395]",b0347,9.253322023,9.256691754,9.147867043,9.204807669,9.298129523,9.445720042
b0348,"2,3-dihydroxyphenylpropionate 1,2-dioxygenase",go_process: fatty acid oxidation [goid 0019395],b0348,9.421600404,9.448899541,9.309730628,9.364234876,9.441876852,9.565866
b0349,"2-hydroxy-6-ketonona-2,4-dienedioic acid hydrolase","EcoGene suggests alternate start codon; 2-hydroxy-6-ketonone-2,4-dienedioic acid hydrolase; go_process: fatty acid oxidation [goid 0019395]",b0349,10.63828523,10.40991152,10.41619811,10.46209434,10.44040188,10.51817797
b0350,2-keto-4-pentenoate hydratase,EcoGene suggests alternate start codon; go_process: fatty acid oxidation [goid 0019395],b0350,9.9036101,9.802637221,9.839125136,9.727636004,9.875496967,10.0246318
b0351,acetaldehyde dehydrogenase,catalyzes the formation of acetyl-CoA from acetalaldehyde; go_component: cytoplasm [goid 0005737]; go_process: fatty acid oxidation [goid 0019395],b0351,10.20760665,10.09361977,10.10086705,10.1335389,10.02431789,10.18475774
b0352,4-hydroxy-2-ketovalerate aldolase,catalyzes the formation of pyruvate and acetaldehyde from 4-hydroxy-2-ketovaleric acid; go_process: fatty acid oxidation [goid 0019395],b0352,10.28220985,10.25778323,10.23748079,10.25464018,10.2469846,10.28576238
b0353,putative 3-hydroxyphenylpropionic transport protein (MFS family),EcoGene suggests alternate start codon; putative transport protein; go_component: inner membrane [goid 0019866]; go_process: fatty acid oxidation [goid 0019395],b0353,7.989390665,7.835597515,8.206100205,7.950215541,7.775817836,7.856547758
b0354,nucleoprotein/polynucleotide-associated enzyme,EcoGene suggests alternate start codon; go_component: cytoplasm [goid 0005737],b0354,12.45960679,12.23261382,12.4318932,12.35806806,12.24571145,12.16754233
b0355,putative S-formylglutathione hydrolase,,b0355,9.887405606,9.869887954,10.07955475,9.995515807,10.0107227,10.00681632
b0356,"alcohol dehydrogenase class III; formaldehyde dehydrogenase, glutathione-dependent",go_component: cytoplasm [goid 0005737]; go_process: fermentation [goid 0006113],b0356,12.08885149,12.07172404,12.19287185,12.37438427,12.06556509,12.13341474
b0357,repressor of frmRAB,EcoGene suggests alternate start codon,b0357,12.54261642,12.45417718,12.69294871,12.67094248,12.56095401,12.62632959
b0358,hypothetical protein,,b0358,10.18739723,10.00427214,10.11749166,10.21300028,9.961908048,10.01767979
b0359,putative acyl transferase,putative transferase,b0359,6.756195434,6.681283288,6.751865754,6.763571334,6.732834061,6.742229113
b0360,insertion sequence 2 OrfA protein,IS2 OrfA; forms an overlapping reading frame with orfB; may form a fusion protein OrfAB due to ribosomal frameshifting; both OrfA and OrfAB bind terminal inverted repeats,b0360,13.63211898,13.57642668,13.82305098,13.74367116,13.57846951,13.52952608
b0361,insertion sequence 2 OrfB protein,IS2 OrfB; forms an overlapping reading frame with orfA; may form a fusion protein OrfAB due to ribosomal frameshifting; in some cases OrfB is itself expressed; both OrfA and OrfAB bind terminal inverted repeats,b0361,12.98466278,12.98910062,13.15003713,13.18142236,13.02004999,13.00266185
b0362,unknown CDS,,b0362,9.013031712,8.892341247,9.15635375,9.13537667,8.957061884,8.982050319
b0363,polysaccharide metabolism,putative enzyme in polysaccharide metabolism; go_process: polysaccharide biosynthesis [goid 0000271],b0363,9.800472437,9.711667865,9.691150956,9.88379288,9.699866243,9.833777408
b0364,hypothetical protein,EcoGene suggests alternate start codon,b0364,6.405327585,6.398892487,6.404952106,6.394217277,6.384550686,6.416539218
b0365,"taurine transport protein (ABC superfamily, peri_bind)",EcoGene suggests alternate start codon; taurine transport system periplasmic protein; go_component: periplasmic space [goid 0042597]; go_process: sulfur metabolism [goid 0006790]; go_process: amine catabolism [goid 0009310],b0365,10.8089238,10.92093501,11.05853149,10.82409987,10.90441287,11.04911239
b0366,taurine ATP-binding component of a transport system,"taurine transport protein (ABC superfamily, atp_bind); go_component: cytoplasm [goid 0005737]; go_process: sulfur metabolism [goid 0006790]; go_process: amine catabolism [goid 0009310]",b0366,10.45373891,10.50315045,10.58597594,10.68536844,10.41236137,10.51142506
b0367,"taurine transport protein (ABC superfamily, membrane)",taurine transport system permease protein; go_component: inner membrane [goid 0019866]; go_process: sulfur metabolism [goid 0006790]; go_process: amine catabolism [goid 0009310],b0367,9.549804403,9.443033668,9.521713259,9.479118483,9.32233231,9.444707944
b0368,"taurine dioxygenase, 2-oxoglutarate-dependent",go_process: amine catabolism [goid 0009310]; go_process: sulfur metabolism [goid 0006790],b0368,9.748801807,9.675496306,9.826346642,9.803489862,9.588903535,9.722584069
b0369,delta-aminolevulinic acid dehydratase,catalyzes the formation of porphobilinogen from 5-aminolevulinate,b0369,12.71361482,12.84846918,12.89491314,12.82322812,12.81614833,12.8637578
b0370,unknown CDS,,b0370,6.093164882,6.065745362,6.092997468,6.078565694,6.078191585,6.079485632
b0371,hypothetical protein,,b0371,6.738963965,6.700914154,6.780966127,6.743109601,6.694761586,6.673310693
b0372,putative transposase 5 of IS3,transposase insF for insertion sequence IS3,b0372,11.52839578,11.45382184,11.50092601,11.55173435,11.41111426,11.45600379
b0373,putative transposase-related protein,transposase insE for insertion sequence IS3,b0373,12.03692516,11.97602345,12.20868649,12.09115721,12.02946123,11.97878184
b0374,flagellar protein,putative flagellin structural protein; go_component: flagellum [goid 0019861]; go_process: flagella biogenesis [goid 0009296]; go_process: taxis [goid 0042330],b0374,8.061379722,8.073516685,8.10096964,8.151450356,7.984734908,8.078967007
b0375,"putative outer membrane protein, cAMP-binding",go_component: external outer membrane (sensu Gram-negative Bacteria) [goid 0009279],b0375,6.539785705,6.426839482,6.497061139,6.543508915,6.394780168,6.418046376
b0376,"beta-lactamase/D-ala carboxypeptidase , penicilling binding protein","beta-lactamase/D-ala carboxypeptidase, penicillin-binding protein; go_process: response to drug [goid 0042493]",b0376,10.89109645,11.00103796,10.9828302,10.85744218,11.20437403,10.95469593
b0377,"microcin B17 transport protein (ABC superfamily, atp_bind and membrane)","sensitivity to microcin B17, possibly envelop protein; go_component: inner membrane [goid 0019866]; go_process: response to drug [goid 0042493]",b0377,10.54252706,10.44216748,10.57307378,10.61692446,10.5637071,10.56838745
b0378,hypothetical protein,,b0378,11.56058133,11.52800981,11.31404567,11.32553123,11.63597047,11.58421771
b0379,hypothetical protein,,b0379,9.238683414,9.128958024,9.215885673,9.333035339,9.438723016,9.558773554
b0380,unknown CDS,EcoGene suggests alternate start codon,b0380,10.98228595,11.36228828,11.043025,10.90566067,11.59729238,11.26427894
b0381,D-alanylalanine synthetase,D-alanine--D-alanine ligase; DdlA; DdlB; cytoplasmic; catalyzes the formation of D-alanyl-D-alanine from two D-alanines in peptidoglycan synthesis; there are two forms of this enzyme in Escherichia coli; go_component: cytoplasm [goid 0005737]; go_process: peptidoglycan biosynthesis [goid 0009252],b0381,12.31469758,12.10197764,12.43666418,12.2683695,11.93614255,11.91494835
b0382,hypothetical protein,,b0382,13.73881587,13.34692359,13.88018514,14.06688905,13.03384235,12.97075902
b0383,alkaline phosphatase,start codon corrected; go_component: periplasmic space [goid 0042597]; go_process: phosphorus metabolism [goid 0006793],b0383,10.51613177,10.56665897,10.55691891,10.70919487,10.6335056,10.66189803
b0384,induced by phosphate starvation,EcoGene suggests alternate start codon; go_process: phosphorus metabolism [goid 0006793]; go_process: response to starvation [goid 0042594],b0384,11.91412902,11.67814077,12.14341562,11.95323433,11.56757627,11.38078874
b0385,hypothetical protein,,b0385,9.162181663,9.136828455,9.037226021,9.190234703,9.134117704,9.263189281
b0386,pyrroline-5-carboxylate reductase,catalyzes the formation of L-proline from pyrroline-5-carboxylate; go_component: cytoplasm [goid 0005737]; go_process: proline biosynthesis [goid 0006561],b0386,12.44909525,12.45587255,12.54367769,12.53673343,12.55932601,12.33959156
b0387,hypothetical protein,EcoGene suggests alternate start codon,b0387,10.83206537,10.81201963,10.6443251,10.78768305,10.68657585,10.772003
b0388,shikimate kinase II,catalyzes the formation of shikimate 3-phosphate from shikimate in aromatic amino acid biosynthesis; go_component: cytoplasm [goid 0005737]; go_process: chorismate biosynthesis [goid 0009423],b0388,12.29205647,12.99250613,11.82714609,11.91974202,13.30347727,13.03206737
b0389,unknown CDS,,b0389,13.67709611,13.65285897,13.51657428,13.36192473,13.88198026,13.59429596
b0390,"protein of aro operon, regulated by aroR",go_process: chorismate biosynthesis [goid 0009423],b0390,11.85594974,12.07937242,11.56272797,11.39256476,12.36288723,12.04611195
b0391,hypothetical protein,,b0391,14.42194821,14.02778149,14.36879567,14.32863327,14.1171991,13.95981306
b0392,unknown CDS,,b0392,9.240573796,9.087797935,9.349935857,9.230803839,9.038960975,8.847976711
b0393,recombination associated protein,Required for efficient pilin antigenic variation; go_component: cytoplasm [goid 0005737]; go_process: DNA dependent DNA replication [goid 0006261],b0393,11.76157845,11.8344863,11.79511831,11.73551864,11.96636631,11.77878505
b0394,possible NAGC-like transcriptional regulator,EcoGene suggests alternate start codon; putative kinase/transcriptional regulator (NagC/XylR (ROK) familiy); go_process: carbohydrate catabolism [goid 0016052],b0394,12.68203158,12.4481704,12.79307823,12.76918774,12.37258726,12.3788761
b0396,arabinose polymer transport protein (MFS family),involved in either transport or processing of arabinose polymers; go_component: inner membrane [goid 0019866]; go_process: carbohydrate catabolism [goid 0016052],b0396,9.777458269,9.631294028,9.83553835,9.774347237,9.535071182,9.663193721
b0397,ATP-dependent dsDNA exonuclease,go_component: cytoplasm [goid 0005737]; go_process: DNA catabolism [goid 0006308]; go_process: DNA catabolism [goid 0006308],b0397,10.36713654,10.41756772,10.120409,10.16737251,10.3123326,10.35219753
b0398,ATP-dependent dsDNA exonuclease,go_component: cytoplasm [goid 0005737]; go_process: DNA catabolism [goid 0006308]; go_process: DNA catabolism [goid 0006308],b0398,9.988970925,10.23735539,10.12479824,10.06646854,10.3553708,10.33848415
b0399,"positive response regulator for pho regulon, sensor is PhoR (or CreC)","response regulator in two-component regulatory system with PhoR (or CreC), regulation of Pi uptake (OmpR family); go_component: cytoplasm [goid 0005737]; go_function: transcriptional activator activity [goid 0016563]; go_process: phosphorus metabolism [goid 0006793]; go_process: transcription [goid 0006350]",b0399,10.82162273,10.81080347,10.87673146,11.04609416,10.81083777,10.83295458
b0400,positive and negative sensor protein for pho regulon,"sensory histidine kinase in two-component regulatory system with PhoB, regulation of Pi uptake, senses Pi; go_component: inner membrane [goid 0019866]; go_process: phosphorus metabolism [goid 0006793]; go_process: protein modification [goid 0006464]",b0400,10.74546894,10.55366582,10.47158416,10.5585852,10.62149811,10.64052575
b0401,branched chain amino acid transport system II carrier protein,branched-chain amino acid transport system II (LIV-II) (LIVCS family); go_component: inner membrane [goid 0019866]; go_process: leucine biosynthesis [goid 0009098]; go_process: amino acid catabolism [goid 0009063],b0401,12.04159254,11.91867043,12.2863987,12.00725691,11.60779943,11.82125418
b0402,proline permease transport protein,proline transport protein (APC family); go_component: inner membrane [goid 0019866]; go_process: amino acid catabolism [goid 0009063]; go_process: arginine biosynthesis [goid 0006526],b0402,12.02368861,11.91787388,11.94485724,12.0011949,11.9826074,12.0453581
b0403,maltodextrin glucosidase,go_component: cytoplasm [goid 0005737]; go_process: carbohydrate catabolism [goid 0016052]; go_process: polysaccharide catabolism [goid 0000272],b0403,11.11367871,11.01682779,11.07876618,10.99080009,10.93290594,11.02610675
b0404,putative glycoprotein,,b0404,9.504510206,9.802794834,9.597860954,9.43886284,9.999542268,9.74530664
b0405,S-adenosylmethionine:tRNA ribosyltransferase-isomerase,Synthesizes oQ from preQ1 in a single S-adenosylmethionine-requiring step. The ribosyl moiety of AdoMet is transferred and isomerized to the epoxycyclopentane residue of oQ; go_component: cytoplasm [goid 0005737]; go_process: RNA modification [goid 0009451],b0405,10.90422303,11.31989551,10.60999881,10.63176828,11.94711986,11.68736265
b0406,queuine tRNA-ribosyltransferase,"Exchanges the guanine residue with 7-aminomethyl-7-deazaguanine in tRNAs with GU(N) anticodons (tRNA-Asp, -Asn, -His and -Tyr). After this exchange, a cyclopentendiol moiety is attached to the 7-aminomethyl group of 7-deazaguanine, resulting in the hypermo; go_component: cytoplasm [goid 0005737]; go_process: RNA modification [goid 0009451]",b0406,13.97719123,14.09779004,13.82787285,13.91209619,14.16777227,14.15391071
b0407,preprotein translocase subunit YajC,member of preprotein translocase; forms a heterotrimer with SecD and SecF; links the SecD/SecF/YajC/YidC complex with the SecY/SecE/SecG complex; go_component: inner membrane [goid 0019866],b0407,15.21840289,15.27901763,15.14736372,15.24730881,15.21720562,15.14689774
b0408,protein export protein SecD,"with SecF and SecG facilitaes the delivery of the preprotein to the translocase by SecA, SecDF is also important for the release of the preprotein from the translocase; go_component: inner membrane [goid 0019866]",b0408,13.29154604,13.5238798,13.05874631,13.02514613,13.48289711,13.42026945
b0409,protein export protein SecF,"with SecD and SecG facilitates the delivery of the preprotein to the translocase by SecA, SecDF is also important for the release of the preprotein from the translocase; go_component: inner membrane [goid 0019866]",b0409,13.36492445,13.54137333,13.22510377,13.20981034,13.4751998,13.48994757
b0410,hypothetical protein,,b0410,11.8090542,11.46771294,11.94431396,11.79272131,11.40740833,11.1933499
b0411,nucleoside channel; receptor of phage T6 and colicin K,"go_component: external outer membrane (sensu Gram-negative Bacteria) [goid 0009279]; go_process: nucleobase, nucleoside and nucleotide interconversion [goid 0015949]",b0411,14.17127255,14.43538888,14.23225176,14.15126734,14.31678346,14.36280853
b0412,"orf, hypothetical lipoprotein",EcoGene suggests alternate start codon,b0412,9.483354881,9.396374076,9.697012495,9.699137533,9.402611293,9.471847654
b0413,hypothetical protein,,b0413,13.2155384,13.34304008,13.40314175,13.35468017,13.34658022,13.40450626
b0414,bifunctional: diaminohydroxyphosphoribosylaminopyrimidine deaminase (N-terminal); 5-amino-6-(5-phosphoribosylamino) uracil reductase,diaminohydroxyphosphoribosylaminopyrimidine deaminase; 5-amino-6-(5-phosphoribosylamino)uracil reductase,b0414,12.66951963,12.82323735,12.97833055,12.98610594,12.72913839,12.8334475
b0415,riboflavin synthase subunit beta,"RibE; 6,7-diimethyl-8-ribityllumazine synthase; DMRL synthase; lumazine synthase; beta subunit of riboflavin synthase; condenses 5-amino-6-(1'-D)-ribityl-amino-2,4(1H,3H)-pyrimidinedione with L-3,4-dihydrohy-2-butanone-4-phosphate to generate 6,6-dimethyl-",b0415,14.18136043,14.21788974,14.07329337,14.03697294,14.31363965,14.20923603
b0416,transcription antitermination protein NusB,Regulates rRNA biosynthesis by transcriptional antitermination; go_component: cytoplasm [goid 0005737]; go_process: transcription [goid 0006350],b0416,13.52251165,13.61041311,13.43634386,13.3192647,13.79499588,13.63296269
b0417,thiamine monophosphate kinase,catalyzes the formation of thiamine diphosphate from thiamine phosphate ant ATP; go_process: thiamin biosynthesis [goid 0009228],b0417,11.47547656,11.69011461,11.37440219,11.26250956,11.92614255,11.7652669
b0418,phosphatidylglycerophosphatase,phosphatidylglycerophosphatase A; go_component: inner membrane [goid 0019866]; go_process: phospholipid biosynthesis [goid 0008654],b0418,13.33143173,13.26743727,13.31016932,13.26962788,13.24701201,13.2250392
b0419,putative NAD(P)H-dependent xylose reductase,"EcoGene suggests alternate start codon; putative oxidoreductase, NAD(P)-dependent",b0419,14.3591494,14.18971075,14.568108,14.68198693,14.13280571,14.16488855
b0420,1-deoxy-D-xylulose-5-phosphate synthase,Catalyzes the formation of 1-deoxy-D-xylulose 5-phosphate from pyruvate and D-glyceraldehyde 3-phosphate; go_process: pyridoxine biosynthesis [goid 0008615]; go_process: thiamin biosynthesis [goid 0009228],b0420,13.25722169,13.48787748,12.92962964,12.93010543,13.53763287,13.49560761
b0421,geranyltranstransferase (=farnesyldiphosphate synthase),geranyltranstransferase (farnesyl-diphosphate synthase); go_component: cytoplasm [goid 0005737],b0421,13.01564135,13.38925187,12.78677647,12.82351508,13.46790072,13.40857627
b0422,exodeoxyribonuclease VII small subunit,catalyzes the bidirectional exonucleolytic cleavage of DNA; go_component: cytoplasm [goid 0005737]; go_process: DNA catabolism [goid 0006308]; go_process: DNA repair [goid 0006281]; go_process: DNA catabolism [goid 0006308],b0422,14.16613222,14.31616451,14.0094453,13.90562298,14.56720182,14.35025517
b0423,thiamine biosynthesis protein ThiI,Required for the synthesis of the thiazole moiety; go_process: thiamin biosynthesis [goid 0009228]; go_process: RNA modification [goid 0009451],b0423,11.71039781,12.16458673,11.5348634,11.42781775,12.41357666,12.4382528
b0424,4-methyl-5(beta-hydroxyethyl)-thiazole monophosphate biosynthesis enzyme (thiamine biosynthesis),EcoGene suggests alternate start codon; 4-methyl-5(beta-hydroxyethyl)-thiazole monophosphate synthesis enzyme; go_process: biotin biosynthesis [goid 0009102],b0424,12.56762602,12.42659627,12.67881613,12.6236767,12.2935993,12.40567565
b0425,2-dehydropantoate 2-reductase,catalyzes the formation of 2-dehydropantoate from (R)-pantoate; go_process: pyrimidine nucleotide biosynthesis [goid 0006221],b0425,12.7780571,12.62300674,13.05421882,12.98948118,12.51881282,12.61171646
b0426,hypothetical protein,EcoGene suggests alternate start codon,b0426,13.5846386,13.47608283,13.55816547,13.69061778,13.32928394,13.17623584
b0427,putative transport protein,EcoGene suggests alternate start codon; putative transport protein (MFS family); go_component: inner membrane [goid 0019866]; go_process: response to drug [goid 0042493],b0427,10.10140883,10.59842886,10.10577601,9.915845503,10.8538328,10.60921809
b0428,protoheme IX farnesyltransferase,catalyzes the transfer of the polyprenyl moiety of farnesyl diphosphate to the vinyl group of ferrous protoheme IX in heme O synthesis; go_component: inner membrane [goid 0019866]; go_process: aerobic respiration [goid 0009060],b0428,13.84937558,14.0808357,14.14627099,14.14913507,14.06893608,14.08253201
b0429,cytochrome o ubiquinol oxidase subunit IV,"cytochrome o ubiquinol oxidase, subunit IV; go_component: inner membrane [goid 0019866]; go_function: electron acceptor activity [goid 0009054]; go_process: aerobic respiration [goid 0009060]",b0429,15.11685101,15.28407735,15.35262778,15.44851835,15.23679069,15.25332856
b0430,cytochrome o ubiquinol oxidase subunit III,"cytochrome o ubiquinol oxidase, subunit III; go_component: inner membrane [goid 0019866]; go_function: electron acceptor activity [goid 0009054]; go_process: aerobic respiration [goid 0009060]",b0430,14.94444799,15.1445288,15.22946687,15.21811147,15.10748728,15.19379983
b0431,cytochrome o ubiquinol oxidase subunit I,"cytochrome o ubiquinol oxidase, subunit I; go_component: inner membrane [goid 0019866]; go_function: electron acceptor activity [goid 0009054]; go_process: aerobic respiration [goid 0009060]",b0431,14.72722299,15.13974519,14.88196131,14.88507476,15.05020172,15.16967644
b0432,cytochrome o ubiquinol oxidase subunit II,"cytochrome o ubiquinol oxidase, subunit II; go_component: inner membrane [goid 0019866]; go_function: electron acceptor activity [goid 0009054]; go_process: aerobic respiration [goid 0009060]",b0432,15.15414911,15.77018446,15.02750518,15.03258646,15.74173591,15.81857278
b0433,muropeptide transport protein (MFS family),regulates beta-lactamase synthesis; go_component: inner membrane [goid 0019866]; go_process: peptidoglycan metabolism [goid 0000270],b0433,10.88014464,11.36359113,10.43023782,10.26791275,11.47447743,11.23388476
b0434,putative lipoprotein,EcoGene suggests alternate start codon; putative polymerase/proteinase,b0434,13.06781107,13.32120333,13.11758115,13.09617796,13.39010705,13.13828201
b0435,possible regulator of murein genes,"EcoGene suggests alternate start codon; transcriptional activator of morphogenic pathway (BolA family), important in general stress response; go_component: cytoplasm [goid 0005737]; go_process: response to osmotic stress [goid 0006970]",b0435,15.07265481,14.61171193,15.23135217,15.00401868,14.5592298,14.5080477
b0436,trigger factor,Tig; RopA; peptidyl-prolyl cis/trans isomerase; promotes folding of newly synthesized proteins; binds ribosomal 50S subunit; forms a homodimer; go_component: cytoplasm [goid 0005737]; go_process: protein folding [goid 0006457],b0436,15.01871684,15.17334522,14.91870568,14.86829838,15.27262627,15.20471708
b0437,ATP-dependent Clp protease proteolytic subunit,"hydrolyzes proteins to small peptides; with the ATPase subunits ClpA or ClpX, ClpP degrades specific substrates; go_component: cytoplasm [goid 0005737]; go_function: peptidase activity [goid 0008233]; go_process: response to temperature [goid 0009266]",b0437,13.83250913,13.78088492,14.01313661,13.86594078,13.70251501,13.71949414
b0438,ATP-dependent protease ATP-binding subunit,binds and unfolds substrates as part of the ClpXP protease; go_component: cytoplasm [goid 0005737]; go_process: protein folding [goid 0006457],b0438,14.44728977,14.42564056,14.56823371,14.36512348,14.31573888,14.33664272
b0439,DNA-binding ATP-dependent protease La; heat shock K-protein,"DNA-binding, ATP-dependent protease La; heat shock K-protein; go_component: cytoplasm [goid 0005737]; go_function: peptidase activity [goid 0008233]",b0439,13.73561227,13.74469281,13.63125943,13.64259832,13.74348055,13.72488851
b0440,"DNA-binding protein HU-beta, NS1 (HU-1)","DNA-binding protein HU-beta, NS1 (HU-1), plays a role in DNA replication and in rpo translation; go_component: cytoplasm [goid 0005737]",b0440,16.30754581,16.14638669,16.21606301,16.16186111,16.0313227,16.06253972
b0441,peptidyl-prolyl cis-trans isomerase D,"peptidyl-prolyl cis-trans isomerase, for periplasmic folding of outer membrane proteins; go_process: protein folding [goid 0006457]",b0441,13.09675949,13.09474235,13.06887073,13.15999679,13.00027779,12.96685648
b0442,hypothetical protein,,b0442,10.93476368,10.70262268,10.85621294,10.91263988,10.60877408,10.63732595
b0443,hypothetical protein,,b0443,11.56122757,11.17278678,11.46279273,11.38962527,11.23977827,11.03989687
b0444,putative (aluminum) resistance protein,go_process: xenobiotic metabolism [goid 0006805],b0444,11.53410465,11.55101397,11.62097188,11.63026592,11.57330534,11.48216016
b0445,"putative transport protein (ABC superfamily, peri_bind)",go_component: periplasmic space [goid 0042597],b0445,9.163813986,9.173917588,9.587068144,9.563957641,9.013228145,9.143905213
b0446,"putative hydrolase, contains phophatase-like domain",EcoGene suggests alternate start codon,b0446,9.383704562,9.490356889,9.476443589,9.381186192,9.503430938,9.378828331
b0447,putative LRP-like transcriptional regulator,EcoGene suggests alternate start codon; putative transcriptional regulator (AsnC familiy); go_function: transcriptional activator activity [goid 0016563]; go_function: transcriptional repressor activity [goid 0016564]; go_process: transcription [goid 0006350],b0447,10.93489869,10.98329236,10.97894906,10.73522863,11.09161262,10.82372815
b0448,ATP-binding component of a transport system,"putative transport protein, multidrug resistance-like (ABC superfamily, atp_bind); go_component: inner membrane [goid 0019866]; go_process: response to drug [goid 0042493]",b0448,9.833231298,9.869012968,9.602569019,9.610203003,9.93436647,9.821817023
b0449,putative ATP-binding component of a transport system,"putative transport protein, multidrug resistance-like (ABC superfamily, membrane (N-terminal), atp_bind (C-terminal)); go_component: inner membrane [goid 0019866]",b0449,10.58620869,10.44427826,10.39179274,10.34917164,10.54140189,10.5505387
b0450,nitrogen regulatory protein P-II 2,"regulatory protein (P-II 2) for nitrogen assimilation, regulates GlnL (NRII), GlnE (ATase), and AmtB (ammonium transporter); go_process: nitrogen metabolism [goid 0006807]",b0450,10.91017511,9.286313368,11.27011745,11.50541411,8.87223946,9.142496727
b0451,probable ammonium transporter,putative ammonium transport protein (Amt family); go_component: inner membrane [goid 0019866],b0451,13.21058781,12.63291509,12.98436978,13.12998353,12.63867733,12.82352314
b0452,acyl-CoA thioesterase II,,b0452,10.87086076,11.04276445,11.05063178,11.01542422,11.02515072,11.09686795
b0453,glycoprotein/polysaccharide metabolism,go_process: lipoprotein biosynthesis [goid 0042158]; go_process: glycoprotein biosynthesis [goid 0009101],b0453,12.99715586,12.72472674,12.91134178,12.72043983,12.87577609,12.58059968
b0454,putative methyltransferase,,b0454,12.48575563,12.2856387,12.40271308,12.35300747,12.29457098,12.41019123
b0456,hypothetical protein,,b0456,9.854045787,9.52663966,9.744190161,9.909124706,9.48155084,9.556784638
b0457,hypothetical protein,EcoGene suggests alternate start codon,b0457,10.30050489,10.34011938,10.4092721,10.35648249,10.31438166,10.25613801
b0458,hypothetical protein,EcoGene suggests alternate start codon,b0458,12.72039787,13.181759,12.43479504,12.42772952,13.29758934,13.22861915
b0459,maltose O-acetyltransferase,go_component: cytoplasm [goid 0005737]; go_process: carbohydrate catabolism [goid 0016052],b0459,10.63654371,11.0301326,10.49771969,10.61977471,11.037072,10.89176789
b0460,haemolysin expression modulating protein,hemolysin expression modulator; go_process: transcription [goid 0006350],b0460,13.71325812,13.74066952,13.34116869,13.52004369,13.84025469,13.62927638
b0461,hypothetical protein,,b0461,11.33003823,11.17642629,11.12718722,11.31583501,11.19966565,11.03600099
b0462,acridine efflux pump,acridine efflux pump (RND family); go_component: inner membrane [goid 0019866]; go_process: response to drug [goid 0042493],b0462,13.34560358,13.54706607,13.50455488,13.52045319,13.5005677,13.57452662
b0463,acridine efflux pump,component of acridine efflux pump; go_component: inner membrane [goid 0019866]; go_process: response to drug [goid 0042493],b0463,13.41935492,13.50020868,13.40068454,13.26954963,13.5499587,13.4439079
b0464,acrAB operon repressor,transcriptional repressor for multidrug efflux pump (TetR/AcrR family); go_component: cytoplasm [goid 0005737]; go_function: transcriptional repressor activity [goid 0016564]; go_process: transcription [goid 0006350]; go_process: response to drug [goid 0042493],b0464,9.206899939,9.153694313,9.551513168,9.184126519,9.138842863,8.865590493
b0465,component of the MscS mechanosensitive channel,mechanosensitive channel (MscS family); go_component: inner membrane [goid 0019866],b0465,10.9820439,10.97001479,10.83462143,10.75924022,10.9389698,10.94002235
b0466,unknown CDS,,b0466,12.7059889,12.52904887,12.54305618,12.58140969,12.56015093,12.44498793
b0467,primosomal replication protein N'',go_component: cytoplasm [goid 0005737]; go_process: DNA dependent DNA replication [goid 0006261],b0467,11.29895051,11.32518,11.30287453,11.3212159,11.25712967,11.26153186
b0468,putative gene 58,putative phage gene 58,b0468,12.0605684,12.18420173,12.02300228,11.9540146,12.24059929,12.25899737
b0469,adenine phosphoribosyltransferase,"Catalyzes a salvage reactionresulting in the formation of AMPwhich is metabolically less costlythan a de novo synthesis; go_component: cytoplasm [goid 0005737]; go_process: nucleobase, nucleoside and nucleotide interconversion [goid 0015949]",b0469,13.04963094,13.27029866,13.02913927,12.98894161,13.3730868,13.06491297
b0470,DNA polymerase III subunits gamma and tau,plays a role in assembling DnaB onto the primer template and interacts with the core polymerase; go_component: cytoplasm [goid 0005737]; go_process: DNA dependent DNA replication [goid 0006261],b0470,12.15368375,12.3747204,12.14154848,12.10554747,12.44472933,12.50263994
b0471,hypothetical protein,,b0471,14.62838001,14.7266327,14.63467698,14.57068929,14.77495153,14.70865187
b0472,recombination protein RecR,"Involved in a recombinational process of DNA repair, independent of the recBC complex; go_component: cytoplasm [goid 0005737]; go_process: DNA repair [goid 0006281]; go_process: DNA recombination [goid 0006310]",b0472,13.03114385,13.23949587,13.00349134,13.10777997,13.23005837,13.19190722
b0473,heat shock protein 90,molecular chaperone; go_process: protein folding [goid 0006457],b0473,13.17209014,13.37058128,13.30765336,13.45915389,13.25763444,13.1479059
b0474,adenylate kinase,"essential enzyme that recycles AMP in active cells; converts ATP and AMP to two molecules of ADP; go_component: cytoplasm [goid 0005737]; go_process: nucleobase, nucleoside and nucleotide interconversion [goid 0015949]; go_process: purine ribonucleotide biosynthesis [goid 0009152]",b0474,14.9881119,14.84857916,14.48790646,14.27660627,15.0710753,14.85976702
b0475,ferrochelatase,Catalyzes the ferrous insertion into protoporphyrin IX,b0475,11.55696816,11.56970429,11.73414791,11.62696456,11.67655972,11.56747276
b0476,acetyl esterase,go_component: cytoplasm [goid 0005737]; go_process: carbohydrate catabolism [goid 0016052],b0476,8.716498559,8.543295722,8.794689904,8.572290534,8.604466272,8.594556821
b0477,inosine-guanosine kinase,"go_process: nucleobase, nucleoside and nucleotide interconversion [goid 0015949]",b0477,10.88932138,11.38754696,10.76927861,10.75747795,11.6897107,11.46614433
b0478,putative transport protein,putative transport protein (CPA2 family); go_component: inner membrane [goid 0019866],b0478,13.13628618,12.95617065,13.09971883,13.14252579,12.96908673,13.06726378
b0479,fosmidomycin resistance protein,fosmidomycin/multidrug transport protein (MFS family); go_component: inner membrane [goid 0019866]; go_process: response to drug [goid 0042493],b0479,8.36387805,8.556580241,8.624454898,8.318332591,8.366185811,8.396738455
b0480,UDP-sugar hydrolase (5'-nucleotidase),UDP-sugar hydrolase 5'-nucleotidase; go_component: cytoplasm [goid 0005737]; go_process: nucleotide-sugar biosynthesis [goid 0009226],b0480,12.78140799,12.64135808,12.91549301,12.99841612,12.47399088,12.49521881
b0481,hypothetical protein,,b0481,12.09963951,11.97956233,12.05915223,12.15686076,12.05028188,11.95116507
b0482,putative ligase,,b0482,12.74930465,12.57259245,12.69543572,12.60140743,12.58819604,12.66339189
b0483,"conserved protein, DNA-binding domain",EcoGene suggests alternate start codon,b0483,12.07167804,11.94271696,12.01451718,11.82854182,11.88727858,11.72751195
b0484,Cu(I)-translocating P-type ATPase,"P-type ATPase, copper transporting, phophatase-like domain; go_component: inner membrane [goid 0019866]; go_function: ATPase activity, coupled to transmembrane movement of ions, phosphorylative mechanism [goid 0015662]",b0484,12.92122022,12.66293442,12.8929924,12.8159415,12.61012206,12.57237279
b0485,glutaminase,catalyzes the formation of glutamate from glutamine; go_process: amino acid catabolism [goid 0009063],b0485,12.71865239,12.58791285,13.23515106,13.09810206,12.30686831,12.28201504
b0486,putative amino acid/amine transport protein,putative amino-acid transport protein (APC family); go_component: inner membrane [goid 0019866]; go_process: amino acid catabolism [goid 0009063],b0486,12.61036857,12.33567883,12.74188049,12.59666763,12.28244825,12.23737564
b0487,copper responsive transcription regulator,transcriptional repressor for CopA a copper exporting ATPase (MerR family); go_function: transcriptional repressor activity [goid 0016564]; go_process: transcription [goid 0006350],b0487,12.29211297,12.17571163,12.48793744,12.53779029,12.00624526,11.98117054
b0488,hypothetical protein,,b0488,11.35037551,11.119464,11.71207201,11.47864719,11.09499213,11.16031144
b0489,putative protease,,b0489,11.73888378,11.51403037,12.21283898,12.13098024,11.39894782,11.46989992
b0490,putative ATP-binding component of a transport system,"putative putrescine/spermidine transport protein (ABC superfamily, atp_bind); go_component: cytoplasm [goid 0005737]",b0490,12.17074146,12.13290569,12.08693697,12.15101333,11.92625981,11.9605187
b0491,putative metal resistance protein,"EcoGene suggests alternate start codon; putative transport protein, metal resistance protein (YbbM family); go_component: inner membrane [goid 0019866]; go_process: response to drug [goid 0042493]",b0491,10.01262081,9.964440882,9.89323115,10.00842305,9.717567202,9.688481214
b0492,putative thioredoxin protein,EcoGene suggests alternate start codon; putative thioredoxin-like protein,b0492,12.749111,12.98520092,12.72925201,12.80445663,13.09185725,12.92609182
b0493,short chain dehydrogenase,,b0493,12.07428401,12.14873598,12.1480477,12.32369837,12.08508457,12.10833308
b0494,acyl-CoA thioesterase I; also functions as protease I,multifunctional: acyl-CoA thioesterase I; protease I; lysophospholipaseL(I); go_component: periplasmic space [goid 0042597],b0494,12.01069404,11.9909132,12.16916334,12.23957669,11.90779057,11.95459553
b0495,putative ATP-binding component of a transport system,"putative transport protein (ABC superfamily, atp_bind); go_component: cytoplasm [goid 0005737]",b0495,11.31818491,11.17400632,11.47844699,11.56640297,11.23891559,11.27857716
b0496,putative oxidoreductase,,b0496,10.58165255,10.47359631,10.40941813,10.5628574,10.6093732,10.58305071
b0497,RhsD protein in RhsD element,rhsD protein in rhs element,b0497,9.599575044,9.448620899,9.645998136,9.627325755,9.363572979,9.445833136
b0498,unknown CDS,,b0498,9.240624536,8.799686869,8.852889865,8.949072183,8.453419091,8.309210264
b0499,hypothetical protein,EcoGene suggests alternate start codon,b0499,6.682989707,6.527156448,6.558616948,6.50366573,6.521381364,6.506022052
b0500,hypothetical protein,,b0500,6.385312749,6.281326313,6.309171467,6.282139181,6.268923466,6.231812314
b0501,unknown CDS,,b0501,9.593755737,8.94855133,9.288975985,9.416370259,8.678215449,8.980246385
b0502,putative regulator,EcoGene suggests alternate start codon,b0502,9.460317327,9.448187417,9.628329501,9.604661022,9.395620793,9.314183564
b0503,putative capsule anchoring protein,,b0503,10.97499557,10.85656091,10.83331912,10.79897768,10.93685689,10.96270059
b0504,putative transcriptional regulator (LysR family),putative transcriptional regulator LYSR-type; go_function: transcriptional activator activity [goid 0016563]; go_function: transcriptional repressor activity [goid 0016564]; go_process: transcription [goid 0006350],b0504,9.728512703,9.583319457,9.639867704,9.785502632,9.530985989,9.686044266
b0505,ureidoglycolate hydrolase,catalyzes the formation of glyoxylate from (S)-ureidoglycolate; go_process: nitrogen metabolism [goid 0006807]; go_process: allantoin assimilation [goid 0009442],b0505,7.888528446,7.830785221,8.033689585,7.883786195,7.811287662,7.633142942
b0506,repressor of allantoin and glyoxylate utilization operons,transcriptional repressor of allantoin metabolism (IclR family); go_component: cytoplasm [goid 0005737]; go_function: transcriptional repressor activity [goid 0016564]; go_process: transcription [goid 0006350],b0506,12.97554562,13.01372718,13.03629213,13.07312508,12.92319298,12.80691782
b0507,glyoxylate carboligase,go_process: glycolate metabolism [goid 0009441]; go_process: allantoin assimilation [goid 0009442],b0507,9.31834784,9.169365448,9.127295836,9.137369023,9.221604127,9.238624127
b0508,hydroxpyruvate isomerase,hydroxypyruvate isomerase; go_component: cytoplasm [goid 0005737],b0508,9.733772549,9.558928789,9.595295685,9.639215469,9.606644171,9.755157542
b0509,tartronic semialdehyde reductase,go_process: carbohydrate catabolism [goid 0016052]; go_process: glycolate metabolism [goid 0009441]; go_process: allantoin assimilation [goid 0009442],b0509,7.741366508,7.59224206,7.558233455,7.682193724,7.64968181,7.737228124
b0510,unknown CDS,,b0510,6.851296964,6.786645101,6.848238671,6.879213998,6.842091504,6.84226887
b0511,putative allantoin permease,EcoGene suggests alternate start codon; putative allantoin transport protein (NCS1 family); go_component: inner membrane [goid 0019866],b0511,9.812728222,9.718339805,9.65200667,9.738212375,9.736476755,9.862864543
b0512,allantoinase,Plays a crucial role on both purine and pyrimidine metabolism; go_process: nitrogen metabolism [goid 0006807]; go_process: allantoin assimilation [goid 0009442],b0512,9.471421767,9.268198253,9.392044322,9.429766566,9.415556903,9.383811991
b0513,possible uracil transporter,EcoGene suggests alternate start codon; putative transport protein,b0513,7.798744377,7.809173444,7.778359132,7.758979071,7.77159009,7.843453661
b0514,glycerate kinase,glycerate kinase II; go_process: carbohydrate catabolism [goid 0016052]; go_process: glycolate metabolism [goid 0009441]; go_process: allantoin assimilation [goid 0009442],b0514,10.93488238,10.69360211,10.7328228,10.80057615,10.68274352,10.79708441
b0515,hypothetical protein,,b0515,10.81640283,10.71708323,10.80092752,10.8228187,10.64679914,10.7094178
b0516,N-carbamoyl-L-amino acid amidohydrolase,catalyzes the hydrolysis of the N-carbamoyl group from N-carbomyl-L-amino acid; go_process: nitrogen metabolism [goid 0006807]; go_process: allantoin assimilation [goid 0009442],b0516,10.84787038,10.60223164,10.68777065,10.78843541,10.66539292,10.77580036
b0517,ureidoglycolate dehydrogenase,go_process: nitrogen metabolism [goid 0006807]; go_process: allantoin assimilation [goid 0009442],b0517,8.552009627,8.436250387,8.299721743,8.47144523,8.453012913,8.465770429
b0518,succinyl-CoA synthetase alpha subunit,Catalyzes the only substrate-level phosphorylation in the TCA cycle; go_component: inner membrane [goid 0019866],b0518,8.35614008,8.186047872,8.260589967,8.340988516,8.305297356,8.272746554
b0519,hypothetical protein,EcoGene suggests alternate start codon,b0519,9.661990546,9.580052603,9.604980204,9.686401989,9.577818853,9.717969499
b0520,putative carboxylase,,b0520,7.704651389,7.656944686,7.643428007,7.635352391,7.641823393,7.739631527
b0521,carbamate kinase,forms a homodimer; may be used to synthesize carbomyl phosphate from ATP and carbamate; go_process: arginine biosynthesis [goid 0006526]; go_process: pyrimidine nucleotide biosynthesis [goid 0006221],b0521,10.61765695,10.46691138,10.47149608,10.58033162,10.55713978,10.51516671
b0522,phosphoribosylaminoimidazole carboxylase,Catalyzes a step in the de novo purine nucleotide biosynthetic pathway; go_component: cytoplasm [goid 0005737]; go_process: purine nucleotide biosynthesis [goid 0006164],b0522,12.75499366,13.47342249,11.96924431,11.98274659,13.82137414,13.70849171
b0523,phosphoribosylaminoimidazole carboxylase catalytic subunit,Catalyzes a step in the de novo purine nucleotide biosynthetic pathway; go_component: cytoplasm [goid 0005737]; go_process: purine nucleotide biosynthesis [goid 0006164],b0523,11.67735371,12.77607985,10.72837135,10.96997008,13.22707766,13.02091499
b0524,"UDP-2,3-diacylglucosamine hydrolase","catalyzes the formation of 2,3=diacylglucosamine 1-phosphate from UDP-2,3=diacylglucosamine; go_function: cell surface antigen activity, host-interacting [goid 0042280]; go_process: lipid A biosynthesis [goid 0009245]",b0524,11.90122868,12.14622705,11.69255349,11.56518587,12.41042397,12.2205071
b0525,peptidyl-prolyl cis-trans isomerase B (rotamase B),go_component: cytoplasm [goid 0005737]; go_process: protein folding [goid 0006457],b0525,14.30389398,14.12202239,14.09083875,14.06202695,14.19495421,14.00178021
b0526,cysteinyl-tRNA synthetase,catalyzes a two-step reaction; charges a cysteine by linking its carboxyl group to the alpha-phosphate of ATP then transfers the aminoacyl-adenylate to its tRNA; go_component: cytoplasm [goid 0005737]; go_process: amino acid activation [goid 0006418],b0526,12.4620221,12.4385687,12.30816797,12.27149734,12.51550601,12.45959347
b0527,hypothetical protein,,b0527,10.11617136,10.11248789,9.997326231,9.984254824,10.13537291,10.22407653
b0528,unknown CDS,EcoGene suggests alternate start codon,b0528,10.95373335,11.29879359,10.8595022,11.03361466,11.38810444,11.36645853
b0529,"5,10-methylene-tetrahydrofolate dehydrogenase; 5,10-methylene-tetrahydrofolate cyclohydrolase","bifunctional: 5,10-methylene-tetrahydrofolate dehydrogenase; 5,10-methylene-tetrahydrofolate cyclohydrolase; go_process: folic acid biosynthesis [goid 0046656]; go_process: 10-formyltetrahydrofolate biosynthesis [goid 0009257]",b0529,13.31805901,13.73568458,13.05340616,13.11224258,13.91783415,13.80849069
b0530,putative fimbrial-like protein,EcoGene suggests alternate start codon; go_component: fimbria [goid 0009289],b0530,7.201989385,7.21565854,7.104968182,7.233014107,7.156263418,7.111667364
b0531,putative chaperone,putative periplasmic chaperone; go_process: protein folding [goid 0006457],b0531,6.390946521,6.328769434,6.330985549,6.339479846,6.344403937,6.385930508
b0532,putative outer membrane protein,"putative outer membrane protein, export function; go_component: external outer membrane (sensu Gram-negative Bacteria) [goid 0009279]",b0532,8.369793017,8.195875654,8.281913496,8.309416249,8.239934272,8.310341728
b0533,fimbrial assembly protein,EcoGene suggests alternate start codon; involved in fimbrial asembly; go_component: flagellum [goid 0019861]; go_process: flagella biogenesis [goid 0009296]; go_process: taxis [goid 0042330],b0533,7.442599071,7.305208279,7.392351175,7.441408114,7.408515414,7.448827268
b0534,putative fimbrial-like protein,go_component: fimbria [goid 0009289],b0534,9.455929342,9.222670383,9.311254185,9.284075425,9.340648129,9.304010993
b0535,"fimbiral protein Z, putative transcriptional regulator of fimbrial expression (LuxR/UhpA family)",fimbrial Z protein; probable signal transducer; go_component: fimbria [goid 0009289]; go_function: transcriptional activator activity [goid 0016563]; go_process: transcription [goid 0006350],b0535,6.184296869,6.19558685,6.179080091,6.178809823,6.204713909,6.216756287
b0537,DLP12 prophage; integrase,prophage DLP12 integrase,b0537,11.01073985,11.04547883,10.84622952,11.05348393,10.96687631,10.9803496
b0538,DLP12 prophage; putative sensory transduction regulator,putative sensory transduction regulator,b0538,7.920418133,7.949134652,7.905387259,7.896086171,7.897433298,8.03874291
b0539,DLP12 prophage; putative exonuclease similar to lambda,EcoGene suggests alternate start codon,b0539,11.13604064,10.78960131,10.86773147,10.88326407,10.90886454,10.9628052
b0540,DLP12 prophage; putative transposase-related protein,transposase insE for insertion sequence IS3,b0540,12.0335932,12.0222735,12.20772288,12.12051515,12.03865868,11.96774574
b0541,DLP12 prophage; putative transposase for insertion sequence IS3,transposase insF for insertion sequence IS3,b0541,11.46253096,11.40630994,11.50974336,11.48321543,11.41201059,11.44794564
b0542,DLP12 prophage,EcoGene suggests alternate start codon,b0542,12.10071219,11.82610841,11.99469421,11.96433651,11.88054692,11.91672879
b0543,"DLP12 prophage; auxillary multidrug transport protein, methylviologen and ethidium resistance (SMR family)",methylviologen resistance; go_component: inner membrane [goid 0019866]; go_process: response to drug [goid 0042493],b0543,11.1361872,11.03648255,10.91714645,10.71020796,11.09929221,10.85336454
b0544,DLP12 prophage; putative recombinase,,b0544,7.018088131,7.006198363,7.077870758,7.025481423,7.052367138,7.030451531
b0545,DLP12 prophage; protein with phosphatidylethanolamine-binding domain,,b0545,8.144963947,8.144465406,8.136423987,8.270407501,7.757102163,7.978792416
b0546,DLP12 prophage; putative transcriptional regulator (AraC/XylS familiy),putative ARAC-type regulatory protein,b0546,10.83741797,10.45673289,10.75779178,10.73908934,10.35749974,10.16909969
b0547,DLP12 prophage,,b0547,6.978713646,6.950351903,6.869433468,6.939653295,6.946296272,6.973855973
b0548,DLP12 prophage; similar to phage 82 and lambda proteins,similar to phage 82 and lambda proteins,b0548,7.282197508,7.266206083,7.216088982,7.393635177,7.34838453,7.321318463
b0549,DLP12 prophage,,b0549,8.84439575,8.612447829,8.676664376,8.838754173,8.7334012,8.837534157
b0550,DLP12 prophage; endodeoxyribonuclease RUS (Holliday junction resolvase),endodeoxyribonuclease RUS (Holliday junction resolvase); go_component: cytoplasm [goid 0005737]; go_process: DNA catabolism [goid 0006308]; go_process: DNA repair [goid 0006281]; go_process: DNA catabolism [goid 0006308],b0550,8.94127831,8.947343351,8.917516441,9.024076626,8.930780104,8.981955209
b0551,DLP12 prophage; putative antitermination protein Q,,b0551,8.16064443,7.985335428,8.211130079,8.145849985,7.895936468,7.9235827
b0552,DLP12 prophage; IS 5 protein,IS5 transposase,b0552,14.46575459,14.59911767,14.35170555,14.51841689,14.471427,14.54375716
b0553,"DLP12 prophage; outer membrane porin, at locus of qsr prophage",EcoGene suggests alternate start codon; outer membrane porin protein; locus of qsr prophage,b0553,14.05418937,14.20646835,13.57418877,13.56757565,13.85056773,13.77780781
b0554,"DLP12 prophage; putative lysis protein S, homolog of Rz of phage PA-2",,b0554,11.93114932,11.59696104,11.5485345,11.60278969,11.63511487,11.7020165
b0555,"DLP12 prophage; putative lysozyme, bacteriophage lambda lysozyme homolog",bacteriophage lambda lysozyme homolog,b0555,11.29554097,11.09437128,11.06567529,11.12927535,11.09185287,11.19051097
b0556,DLP12 prophage; bacteriophage lambda endopeptidase homolog,bacteriophage lambda endopeptidase homolog,b0556,9.283973934,9.126614741,9.218561712,9.233452457,9.224327822,9.268372754
b0557,"DLP12 prophage; bacteriophage lambda Bor lipoprotein homolog, involved in serum resistance",bacteriophage lambda Bor protein homolog,b0557,14.27624074,14.58464318,13.86574501,14.06624617,14.54381866,14.18696165
b0558,DLP12 prophage; putative envelope protein,EcoGene suggests alternate start codon; putative an envelop protein,b0558,6.370876787,6.265844396,6.591394014,6.53283888,6.212693794,6.252488952
b0559,DLP12 prophage,,b0559,9.201150047,8.304055616,10.72773505,10.45790459,7.729038675,7.845105844
b0560,DLP12 prophage; bacteriophage DNA packaging protein,bacteriophage DNA packaging protein,b0560,9.873300191,9.72668372,9.877441794,10.00742137,9.736941317,9.834631294
b0561,DLP12 prophage; putative tail fiber assembly gene,,b0561,10.22911176,10.06939738,10.100083,10.25192228,10.12487195,10.28126271
b0562,"DLP12 prophage; homolog of phage 21 head protein, putative methylase",EcoGene suggests alternate start codon,b0562,6.829364368,6.719256443,6.814803994,6.888634206,6.713848642,6.70410483
b0563,DLP12 prophage,EcoGene suggests alternate start codon,b0563,7.718386736,7.472148712,7.644625441,7.510300197,7.531685316,7.535358893
b0564,DLP12 prophage; transcriptional regulator required for anaerobic and stationary phase induction of genes (AraC/XylS family),regulatory protein affecting appA and other genes; go_component: cytoplasm [goid 0005737]; go_function: transcriptional activator activity [goid 0016563]; go_function: transcriptional repressor activity [goid 0016564]; go_process: transcription [goid 0006350]; go_process: response to starvation [goid 0042594],b0564,7.431398724,7.152703783,7.950047866,7.385305505,7.099439606,7.10962277
b0565,"DLP12 prophage; protease VII, outer membrane protein 3b (a), putative porin","outer membrane protein 3b (a), protease VII; go_component: external outer membrane (sensu Gram-negative Bacteria) [goid 0009279]",b0565,16.57934649,16.24779779,15.90217694,16.31777651,15.90458467,15.93056241
b0566,envelope protein; thermoregulation of porin biosynthesis,"transcriptional activator of envelope proteins, thermoregulation of porin biosynthesis (AraC/XylS familiy); go_component: external outer membrane (sensu Gram-negative Bacteria) [goid 0009279]; go_function: transcriptional activator activity [goid 0016563]; go_process: transcription [goid 0006350]",b0566,7.416880563,7.30018216,7.413436836,7.440667388,7.327818645,7.361226051
b0567,hypothetical protein,,b0567,8.88526721,8.8434772,8.889204102,8.849240019,8.924768219,8.944306634
b0568,"bacteriophage N4 receptor, outer membrane protein","bacteriophage N4 receptor, subunit, outer membrane protein; go_component: external outer membrane (sensu Gram-negative Bacteria) [goid 0009279]",b0568,9.53413438,9.562127754,9.516552685,9.617467735,9.54909413,9.598392985
b0569,"bacteriophage N4 receptor, subunit, inner membrane protein",go_component: inner membrane [goid 0019866],b0569,8.343763217,8.321574447,8.365053793,8.426684076,8.382050577,8.42632172
b0570,sensor kinase of copper sensing two-component system.,"sensory histidine kinase in two-component regulatory system with CusR, regulation of copper resistance, senses copper ions; go_component: inner membrane [goid 0019866]; go_process: protein modification [goid 0006464]",b0570,10.22467752,10.48821935,10.01232664,9.983511199,10.71420015,10.57370801
b0571,"response regulator in two-component regulatory system with CusS, regulation of copper resistance",response regulator of copper sensing system; go_process: transcription [goid 0006350],b0571,10.70967348,10.8057221,10.92645492,10.83517067,11.06064155,10.92971687
b0572,outer membrane transport protein involved in copper (silver) tolerance,putative outer membrane protein involved in copper transport; go_component: external outer membrane (sensu Gram-negative Bacteria) [goid 0009279],b0572,8.210766265,8.494846328,8.991064763,8.932575483,8.571242745,8.467528977
b0573,putative periplasmic copper-binding protein,,b0573,8.511665847,8.466598178,8.429921332,8.510021201,8.645672411,8.614406768
b0574,outer membrane transport protein involved in copper (silver) tolerance,possible component of copper transport system; go_process: response to drug [goid 0042493],b0574,8.946322625,8.812648856,8.724526833,8.830097795,8.879532095,8.943976827
b0575,outer membrane copper (silver) and drug transport protein (RND family),putative copper transport protein; go_component: inner membrane [goid 0019866],b0575,9.757460665,9.641330744,9.647636017,9.674768785,9.726360384,9.889506704
b0576,phenylalanene transport protein (APC family),phenylalanine-specific transport system; go_component: inner membrane [goid 0019866]; go_process: L-phenylalanine biosynthesis [goid 0009094]; go_process: amino acid catabolism [goid 0009063],b0576,9.792923876,10.14005985,9.657892566,9.616660514,10.4375209,10.21216838
b0577,putative transport,putative transport protein; go_component: periplasmic space [goid 0042597],b0577,11.70374611,11.6842852,11.42813003,11.22081303,11.5244162,11.54956429
b0578,dihydropteridine reductase; oxygen-insensitive NAD(P)H nitroreductase,oxygen-insensitive NAD(P)H nitroreductase; go_process: response to drug [goid 0042493],b0578,13.18435112,13.32238045,13.15007549,13.01615657,13.43981634,13.28450693
b0579,hypothetical protein,,b0579,10.24812618,10.291554,10.69409374,10.72114011,10.22482513,10.18420724
b0580,hypothetical protein,,b0580,10.72009224,10.65552482,10.54245135,10.30271997,10.97469096,10.71305794
b0581,hypothetical protein,,b0581,11.1308171,11.0120865,11.47763816,11.52468482,10.86258014,10.99385534
b4415,small toxic membrane polypeptide,"the corresponding mokE lacks a start codon, and the regulatory RNA sokE has not been identified",b4415,12.08483583,11.69394569,11.83448888,11.71712046,11.89477496,11.94355464
b0582,IS186 hypothetical protein,IS186 protein,b0582,12.14835561,12.52979304,12.05381509,12.0762079,12.57269334,12.46722651
b0583,"enterochelin synthetase, component D","phoshpantetheinyltransferase, component of the enterobactin synthase multienzyme complex; go_component: inner membrane [goid 0019866]; go_process: enterobactin biosynthesis [goid 0009239]",b0583,10.84259965,10.89025792,10.66353685,10.75909753,10.82814409,10.98033762
b0584,"outer membrane porin, receptor for ferric enterobactin and colicins B and D",outer membrane receptor for ferric enterobactin (enterochelin) and colicins B and D; go_component: external outer membrane (sensu Gram-negative Bacteria) [goid 0009279]; go_process: iron ion transport [goid 0006826],b0584,11.89186737,12.02994077,11.756884,11.85149029,12.16420938,12.21126958
b0585,enterochelin esterase,ferric enterobactin esterase; go_component: cytoplasm [goid 0005737]; go_process: iron ion transport [goid 0006826],b0585,12.04832572,12.11344135,12.50379433,12.43341967,12.04565821,12.19778667
b0586,ATP-dependent serine activating enzyme (may be part of enterobactin synthase as component F),"serine activating enzyme, component of the enterobactin synthase multienzyme complex; go_component: cytoplasm [goid 0005737]; go_process: enterobactin biosynthesis [goid 0009239]; go_process: coenzyme A biosynthesis [goid 0015937]; go_process: nonribosomal peptide biosynthesis [goid 0019184]; go_process: iron ion transport [goid 0006826]",b0586,11.13561151,11.152839,11.29579483,11.20281843,11.08475593,11.20531905
b0587,ferric enterobactin (enterochelin) transport,ferric enterobactin transport protein; go_component: inner membrane [goid 0019866]; go_process: iron ion transport [goid 0006826],b0587,8.206573705,8.170375574,8.141129344,8.082787838,8.158982145,8.286703351
b0588,ATP-binding component of ferric enterobactin transport,"ferric enterobactin transport protein (ABC superfamily, atp_bind); go_component: cytoplasm [goid 0005737]; go_process: iron ion transport [goid 0006826]",b0588,11.41419337,11.38405935,11.28956131,11.21766081,11.38525254,11.45004574
b0589,ferric enterobactin transport protein,"ferric enterobactin transport protein (ABC superfamily, membrane); go_component: inner membrane [goid 0019866]; go_process: iron ion transport [goid 0006826]",b0589,11.10536134,11.15126843,11.11994761,11.07694451,11.19189515,11.306336
b0590,ferric enterobactin (enterochelin) transport,"ferric enterobactin transport protein (ABC superfamily, membrane); go_component: inner membrane [goid 0019866]; go_process: iron ion transport [goid 0006826]",b0590,11.48359954,11.4559674,11.568014,11.59427778,11.5974883,11.59081088
b0591,putative transport,putative transport protein (POT family); go_component: inner membrane [goid 0019866],b0591,11.22042266,11.350099,11.2126584,11.08745182,11.46340799,11.5398302
b0592,ferric enterobactin (enterochelin) binding protein; periplasmic component,"ferric enterobactin tranport protein (ABC superfamily, peri_bind); go_component: periplasmic space [goid 0042597]; go_process: iron ion transport [goid 0006826]",b0592,11.77898249,11.7166456,12.13656206,12.0866003,11.70809402,11.75873993
b0593,isochorismate synthase,synthesizes isochorismate acid from chorismate; go_process: enterobactin biosynthesis [goid 0009239],b0593,10.47525742,11.20929481,10.70680862,10.58934093,11.42487155,11.43263735
b0594,"2,3-dihydroxybenzoate-AMP ligase","2,3-dihydroxybenzoate-AMP ligase, component of the enterobactin synthase multienzyme complex; go_component: cytoplasm [goid 0005737]; go_process: enterobactin biosynthesis [goid 0009239]; go_process: nonribosomal peptide biosynthesis [goid 0019184]",b0594,10.19103057,10.70038557,10.44219601,10.32990988,10.56917172,10.73925474
b0595,"2,3-dihydro-2,3-dihydroxybenzoate synthetase, isochroismatase","bifunctional: isochorismatase (N-terminal); 2,3-dihydro-2,3-dihydroxybenzoate synthetase (C-terminal), component of the enterobactin synthase multienzyme complex; go_component: cytoplasm [goid 0005737]; go_process: enterobactin biosynthesis [goid 0009239]; go_process: nonribosomal peptide biosynthesis [goid 0019184]",b0595,11.78364756,11.90110959,11.99127923,11.88663256,11.89902638,11.9444977
b0596,"2,3-dihydroxybenzoate-2,3-dehydrogenase",go_process: enterobactin biosynthesis [goid 0009239],b0596,10.9538497,11.09099891,10.99615963,11.01710313,11.05062601,11.15351467
b0597,hypothetical protein,,b0597,12.10631636,12.14276955,12.0389504,12.05270085,12.22179215,12.25209079
b0598,carbon starvation protein,go_component: inner membrane [goid 0019866]; go_process: response to starvation [goid 0042594],b0598,13.13910923,13.00499204,13.03963587,12.64694529,12.72105714,12.78272799
b0599,putative alcohol dehydrogenase,putative oxidoreductase,b0599,10.54352732,10.67704764,10.51284183,10.53371001,10.8553093,10.89469844
b0600,putative aminotransferase,catalyzes the transfer of an amino moiety; go_process: metabolism [goid 0008152],b0600,10.53866672,10.42279406,10.24304767,10.44452432,10.49298911,10.37717526
b0601,hypothetical protein,,b0601,8.478281462,8.46814047,8.498823311,8.638252642,8.421379161,8.512008966
b0602,hypothetical protein,,b0602,7.976505432,7.851014428,7.892298768,7.946842849,7.857829938,7.935489005
b0603,putative transcriptional regulator (LysR familiy),"putative transcriptional regulator LYSR-type; go_process: transcription [goid 0006350]; go_process: regulation of transcription, DNA-dependent [goid 0006355]",b0603,6.332996963,6.306269869,6.331100744,6.315852418,6.278551295,6.296030924
b0604,"disulfide isomerase, thiol-disulphide oxidase, periplasmic",EcoGene suggests alternate start codon; thiol:disulfide interchange protein; go_component: periplasmic space [goid 0042597]; go_process: protein folding [goid 0006457],b0604,11.41966741,11.36362064,11.09293848,11.29583352,11.35418369,11.2401876
b0605,"alkyl hydroperoxide reductase, C22 subunit, thioredoxin-like, detoxification of hydroperoxides","alkyl hydroperoxide reductase, C22 subunit; detoxification of hydroperoxides; go_process: xenobiotic metabolism [goid 0006805]",b0605,15.88277184,15.93356382,15.89374745,15.9109996,15.91344607,15.81946217
b0606,"alkyl hydroperoxide reductase subunit, FAD/NAD(P)-binding, detoxification of hydroperoxides","EcoGene suggests alternate start codon; alkyl hydroperoxide reductase, F52a subunit; detoxification of hydroperoxides; go_process: xenobiotic metabolism [goid 0006805]",b0606,13.81301587,13.54557857,13.73953768,13.57090347,13.48546965,13.45536551
b0607,"conserved hypothetical protein, adenine nucleotide-binding domain",,b0607,11.15934741,10.87913391,12.02252946,11.80198465,10.95994121,10.77796154
b0608,"putative dehydrogenase, NAD(P)-binding",putative oxidoreductase,b0608,11.15546782,10.96838781,11.05175888,11.24997826,11.03431795,11.190633
b0609,unknown CDS,,b0609,7.914631339,7.83385402,7.871582997,7.926681589,8.020516292,7.982419594
b0610,nucleoside diphosphate kinase regulator,"Regulates the synthesis of nucleoside triphosphates for nucleic acid synthesis, CTP for lipid synthesis, and GTP for protein elongation; go_process: nucleobase, nucleoside and nucleotide interconversion [goid 0015949]",b0610,13.42060776,13.1441877,13.30489487,12.85454268,13.23590973,13.0406435
b0611,"RNase I, cleaves phosphodiester bond between any two nucleotides",go_component: cytoplasm [goid 0005737]; go_process: RNA catabolism [goid 0006401]; go_process: RNA catabolism [goid 0006401],b0611,11.51717284,11.66522689,11.59295473,11.62442247,11.60654803,11.56186484
b0612,citrate carrier,citrate:succinate antiporter (DASS family); go_component: inner membrane [goid 0019866]; go_process: carbohydrate catabolism [goid 0016052],b0612,9.488929467,9.354466359,9.376131849,9.465706062,9.478294686,9.493914275
b0613,triphosphoribosyl-dephospho-CoA transferase,go_process: protein biosynthesis [goid 0006412],b0613,8.42525069,8.288230433,8.262425641,8.323614664,8.326921579,8.358455619
b0614,2'-(5'-triphosphoribosyl)-3'-dephospho-CoA:apo- citrate lyase,2'-(5'-phosphoribosyl)-3'-dephospho-CoA transferase; holo-citrate lyase synthase; CitG forms the prosthetic group precursor 2'-(5'-triphosphoribosyl)-3'-dephospho-CoA which is then transferred to apo-ACP by CitX to produce holo-ACP and pyrophosphate; go_process: protein modification [goid 0006464],b0614,7.203203788,7.182781207,7.064009312,7.256382787,7.178899497,7.253753564
b0615,citrate lyase alpha chain,"citrate lyase alpha chain, citrate-ACP transferase; go_component: cytoplasm [goid 0005737]",b0615,8.508497781,8.269996422,8.358194283,8.411014632,8.441982657,8.450100656
b0616,citrate lyase beta chain (acyl lyase subunit),"EcoGene suggests alternate start codon; citrate lyase beta chain, citryl-ACP lyase; go_component: cytoplasm [goid 0005737]",b0616,7.202357169,7.036644526,7.047704276,7.154989443,7.183198581,7.131718307
b0617,citrate lyase acyl carrier protein (gamma chain),"citrate lyase gamma chain, acyl carrier protein; go_component: cytoplasm [goid 0005737]; go_process: acyl-carrier protein biosynthesis [goid 0042967]",b0617,7.242062395,7.179129571,7.186698086,7.253975953,7.124699387,7.263407148
b0618,citrate lyase synthetase (citrate (pro-3S)-lyase ligase,EcoGene suggests alternate start codon; citrate lyase synthetase (citrate (pro-3S)-lyase ligase); go_component: cytoplasm [goid 0005737]; go_process: protein modification [goid 0006464],b0618,6.862161833,6.797468839,6.833995806,6.896111559,6.809701409,6.845817763
b0619,putative sensor-type protein,"sensory histidine kinase in two-component regulatory system with DpiA, regulation of citrate fermentation and of plasmid inheritance, senses citrate; go_component: inner membrane [goid 0019866]; go_process: protein modification [goid 0006464]",b0619,8.915639727,8.9097885,8.977905843,9.026259595,8.95655171,8.93983227
b0620,"response regulator in two-component regulatory system with DpiB, regulation of citrate fermentation and of plasmid inheritance (OmpR family)",sequence similarity to Shigella regulator; go_component: cytoplasm [goid 0005737]; go_function: transcriptional activator activity [goid 0016563]; go_process: transcription [goid 0006350],b0620,10.17388539,10.06524849,10.13136988,10.15746097,10.17712227,10.10908757
b0621,dicarboxylate transport protein (DcuC family),transport of dicarboxylates; go_component: inner membrane [goid 0019866]; go_process: carbohydrate catabolism [goid 0016052],b0621,10.32026588,10.0936329,11.63351007,11.60929719,9.415468276,9.976292458
b0622,"palmitoyl transferase for Lipid A, outer membrane integral protein",,b0622,9.614890635,9.043297796,9.788137897,9.489475322,8.750136208,8.713069448
b0623,cold shock protein E,member of the CspA family; constitutively expressed RNA/ssDNA-binding protein; functions in helping cells adapt to low temperature; aids nucleic acid meling; participates in gene regulation; can act as a transcription antiterminator; go_component: cytoplasm [goid 0005737]; go_function: transcriptional activator activity [goid 0016563]; go_process: transcription [goid 0006350]; go_process: response to temperature [goid 0009266],b0623,15.54753214,15.31822365,15.25993743,15.37426424,15.54494909,15.21481026
b0624,camphor resistance protein CrcB,may be involved in chromosome condensation; overexpression in Escherichia coli protects against decondensation by camphor; overexpressing the protein results in an increase in supercoiling,b0624,10.91823748,10.9378861,11.15635123,11.09471648,10.89230502,10.79241223
b0625,unknown CDS,,b0625,9.7168045,9.553406337,9.926535333,9.907195764,9.62107822,9.535915546
b0626,putative NAD(P)-binding amidase-type enzyme (C-N hydrolase family),putative amidase,b0626,10.29965691,10.20171847,10.50431356,10.54947802,10.14291016,10.10465506
b0627,twin argininte translocase protein A,TatE; similar to TatA and found in some proteobacteria; part of system that translocates proteins with a conserved twin arginine motif across the inner membrane; capable of translocating folded substrates typically those with bound cofactors; similar to a; go_component: inner membrane [goid 0019866],b0627,11.87314577,11.85680063,11.96049108,12.13848585,12.28643652,11.81159521
b0628,lipoyl synthase,Catalyzes the radical-mediated insertion of two sulfur atoms into an acyl carrier protein (ACP) bound to an octanoyl group to produce a lipoyl group; go_component: cytoplasm [goid 0005737]; go_process: lipoate biosynthesis [goid 0009107],b0628,13.69059285,13.6206645,13.49182645,13.34723412,13.455895,13.45332827
b0629,putative transcriptional regulator (LysR family) or putative periplasmic binding protein,EcoGene suggests alternate start codon; putative transcriptional regulator LYSR-type; go_function: transcriptional activator activity [goid 0016563]; go_function: transcriptional repressor activity [goid 0016564]; go_process: transcription [goid 0006350],b0629,6.885175341,6.891103886,6.866010849,6.872916029,6.991042099,6.882173395
b0630,lipoyltransferase,lipoyl-[acyl-carrier protein]-protein-N-lipoyltransferse; lipoate-protein ligase B; transfers lipoate to apolipoproteins; involved in lipoate metabolism; go_process: lipoate biosynthesis [goid 0009107],b0630,12.22373942,12.26576665,12.12047549,12.11891059,12.41796356,12.20634556
b0631,hypothetical protein,,b0631,12.98223937,12.94101379,12.79327849,13.20339348,12.91287689,12.68952095
b0632,"D-alanyl-D-alanine carboxypeptidase, fraction A; penicillin-binding protein 5","D-alanyl-D-alanine carboxypeptidase, penicillin-binding protein 5; go_component: inner membrane [goid 0019866]; go_process: response to drug [goid 0042493]",b0632,12.66846949,12.9942643,12.549326,12.61352142,13.09610609,12.88366191
b0633,a minor lipoprotein,go_component: inner membrane [goid 0019866],b0633,12.73143117,12.76885258,12.85567532,12.7937328,12.79700334,12.72063538
b0634,rod shape-determining membrane protein; cell elongation,rod shape-determining membrane protein; sensitivity to radiation and drugs; go_component: inner membrane [goid 0019866],b0634,12.64849288,12.69514672,12.61907881,12.5806882,12.6947275,12.77464533
b0635,"cell elongation, e phase; peptidoglycan synthetase; penicillin-binding protein 2",cell elongation-specific transpeptidase of penicillin-binding protein 2 (peptidoglycan synthetase); go_component: inner membrane [goid 0019866]; go_process: peptidoglycan biosynthesis [goid 0009252]; go_process: response to drug [goid 0042493],b0635,11.29082631,11.76289712,10.99178025,10.9598411,11.97589161,11.90111921
b0636,hypothetical protein,,b0636,12.73817241,12.96221875,12.67139337,12.64169366,13.13373994,13.12780101
b0637,hypothetical protein,EcoGene suggests alternate start codon,b0637,12.12764894,12.55221929,12.15952636,12.19182037,12.7575626,12.61945399
b0638,"homolog of Salmonella cobC, a phosphohistidine protein",putative alpha-ribazole-5'-Pphosphatase (cobalamin biosynthesis); go_process: vitamin B12 biosynthesis [goid 0009236],b0638,11.02929096,11.22815354,10.780525,10.94744108,11.37585187,11.3750657
b0639,nicotinic acid mononucleotide adenyltransferase,transfers an adenyl group from ATP to NaMN to form nicotinic acid adenine dinucleotide (NaAD) which is then converted to the ubiquitous compound NAD by NAD synthetase; essential enzyme in bacteria; go_process: nicotinamide adenine dinucleotide biosynthesis [goid 0009435],b0639,11.48370072,11.94090864,11.43657336,11.56128909,12.01441708,11.92603046
b0640,DNA polymerase III subunit delta,required for the assembly and function of the DNAX complex which are required fro the assembly of the beta subunit onto primed DNA; go_component: cytoplasm [goid 0005737]; go_process: DNA dependent DNA replication [goid 0006261],b0640,12.63142662,12.88137009,12.6802944,12.72117172,12.88527266,12.874068
b0641,a minor lipoprotein,go_component: inner membrane [goid 0019866]; go_process: lipoprotein biosynthesis [goid 0042158],b0641,13.20085838,13.42905171,13.39121977,13.48430387,13.29743204,13.35247063
b0642,leucyl-tRNA synthetase,leucine--tRNA ligase; LeuRS; charges leucine by linking carboxyl group to alpha-phosphate of ATP and then transfers aminoacyl-adenylate to its tRNA; go_component: cytoplasm [goid 0005737]; go_process: amino acid activation [goid 0006418],b0642,13.56155026,13.88684969,13.64791955,13.68964733,13.93057695,13.9625738
b0643,putative alpha helical protein,,b0643,13.52920222,13.09651812,13.71304145,13.84934689,12.98786331,12.85759374
b0644,hypothetical protein,EcoGene suggests alternate start codon,b0644,7.029391165,6.951901566,7.003494796,7.019117846,6.938596861,6.961956071
b0645,hypothetical protein,,b0645,6.796007107,6.774596215,6.730257546,6.793714792,6.760899588,6.807227573
b0646,putative chaperone,putative enzyme of polynucleotide modification; go_process: protein folding [goid 0006457],b0646,6.944906829,6.930165232,6.873661601,6.904826616,6.941260929,6.981817045
b0647,hypothetical protein,,b0647,7.444579968,7.277702368,7.219009248,7.299963352,7.333675841,7.40520832
b0648,putative tRNA ligase,,b0648,7.403133936,7.325287937,7.38885328,7.41129746,7.32298938,7.317265027
b0649,"conserved protein, chaperone domain",,b0649,10.33390794,10.22927315,10.17238103,10.26960089,10.25612473,10.27476302
b0650,chaperone protein Hsc62,putative heatshock protein (Hsp70 family); go_process: protein folding [goid 0006457],b0650,9.857545639,9.795353364,9.776455563,9.785117768,9.860625125,9.88939707
b0651,pyrimidine specific nucleoside hydrolase,"ribonucleoside hydrolase 1, pyrimidine-specific; go_process: nucleotide-sugar biosynthesis [goid 0009226]",b0651,12.23690565,12.50730922,12.1586542,12.12409234,12.27813346,12.27048381
b0652,ATP-binding protein of glutamate/aspartate transport system,"glutamate/aspartate transport protein (ABC superfamily, atp_bind); go_component: cytoplasm [goid 0005737]; go_process: glutamate biosynthesis [goid 0006537]; go_process: aspartate biosynthesis [goid 0006532]",b0652,11.08385152,11.12405752,10.88377701,10.76836294,11.12088712,11.14017711
b0653,"glutamate/aspartate transport protein (ABC superfamily, membrane)",glutamate/aspartate transport system permease; go_component: inner membrane [goid 0019866]; go_process: glutamate biosynthesis [goid 0006537]; go_process: aspartate biosynthesis [goid 0006532],b0653,11.49055712,11.57084949,11.23824637,11.19592935,11.6218635,11.67351474
b0654,"glutamate/aspartate transport protein (ABC superfamily, membrane)",glutamate/aspartate transport system permease; go_component: inner membrane [goid 0019866]; go_process: glutamate biosynthesis [goid 0006537]; go_process: aspartate biosynthesis [goid 0006532],b0654,10.75238175,10.96722784,10.5361296,10.57145119,10.8884431,10.93851462
b0655,glutamate/aspartate periplasmic binding protein,"glutamate/aspartate transport protein (ABC superfamily, peri_bind); go_component: periplasmic space [goid 0042597]; go_process: glutamate biosynthesis [goid 0006537]",b0655,13.641565,13.54572236,13.42604027,13.58300032,13.3210048,13.25413642
b0656,IS5 protein,IS5 transposase,b0656,14.49512582,14.66430572,14.40249176,14.53880458,14.51601956,14.59878185
b0657,apolipoprotein N-acyltransferase,transfers the fatty acyl group on membrane lipoproteins; go_component: inner membrane [goid 0019866]; go_process: lipoprotein biosynthesis [goid 0042158],b0657,11.37980159,11.72938924,11.12172621,11.09023722,12.00976796,11.85625558
b0658,putative integral membrane protein,putative transport protein,b0658,13.1791712,13.55591866,13.16244889,13.33727384,13.59502114,13.49703282
b0659,hypothetical protein,,b0659,13.49458319,13.66133581,13.56441255,13.7213707,13.64424626,13.571657
b0660,putative ATP-binding protein in pho regulon,"putative phosphate starvation-inducible protein, ATP-binding",b0660,13.51000406,13.55853869,13.80273616,13.97877082,13.4721637,13.48789158
b0661,involved in methylthiolation of isopentenylated A37 derivatives in tRNA,go_component: cytoplasm [goid 0005737]; go_process: RNA modification [goid 0009451],b0661,11.68783506,12.15900933,11.82167287,11.82448636,12.3906377,12.31730412
b0662,"2-octaprenyl-3-methyl-6-methoxy-1,4-benzoquinol hydroxylase","catalyzes the formation of 2-octaprenyl-3-methyl-5-hydroxy-6-methoxy-1,4-benzoquinol from 2-octaprenyl-3-methyl-6-methoxy-1,4-benzoquinol",b0662,12.28554901,12.11273042,12.31623692,12.19694673,11.99108522,12.03521355
b0674,asparagine synthetase B,"functions in asparagine biosynthesis; converts glutamine, aspartate, ATP, and water to glutamate, asparagine, pyrophosphate and AMP; go_component: cytoplasm [goid 0005737]; go_process: amino acid catabolism [goid 0009063]; go_process: asparagine biosynthesis [goid 0006529]",b0674,12.87064783,13.07098257,13.37296037,13.30459512,12.98644461,13.36133417
b0675,N-acetylglucosamine metabolism,putative phosphatase in N-acetylglucosamine metabolism; go_process: amino sugar biosynthesis [goid 0046349],b0675,12.70793754,12.68182179,12.89800958,12.81446179,12.72166071,12.70082871
b0676,transcriptional repressor of genes for catabolic enzyme (NagC/XylR (ROK) family),go_component: cytoplasm [goid 0005737]; go_function: transcriptional activator activity [goid 0016563]; go_function: transcriptional repressor activity [goid 0016564]; go_process: amino sugar biosynthesis [goid 0046349]; go_process: transcription [goid 0006350]; go_process: translational attenuation [goid 0009386],b0676,12.95450993,12.80871722,13.11397854,13.11984915,12.80621985,12.89474431
b0677,N-acetylglucosamine-6-phosphate deacetylase,go_process: amino sugar biosynthesis [goid 0046349],b0677,12.3505218,12.36372849,12.63332915,12.61863891,12.35114071,12.38851247
b0678,glucosamine-6-phosphate deaminase,catalyzes the reversible formation of fructose 6-phosphate from glucosamine 6-phosphate; go_process: amino sugar biosynthesis [goid 0046349],b0678,11.52947227,11.74155422,11.73343378,11.79484564,11.76598786,11.77757264
b0679,"PTS family enzyme IIC (N-terminal); enzyme IIB (center); enzyme IIC (C-terminal), N-acetylglucosamine-specific","PTS system, N-acetylglucosamine-specific enzyme IIABC; go_component: inner membrane [goid 0019866]; go_process: amine catabolism [goid 0009310]; go_process: amino sugar biosynthesis [goid 0046349]",b0679,11.93302948,11.73093754,11.98846184,11.94491102,11.80621884,11.88091874
b0680,glutaminyl-tRNA synthetase,"Catalyzes a two-step reaction, first charging a glutamine molecule by linking its carboxyl group to the alpha-phosphate of ATP, followed by transfer of the aminoacyl-adenylate to its tRNA; go_component: cytoplasm [goid 0005737]; go_process: amino acid activation [goid 0006418]",b0680,12.93397182,13.24543058,13.13060032,13.07061747,13.170652,13.24142627
b0681,hypothetical protein,,b0681,8.165808129,8.036650332,8.106973998,8.118656063,8.185848489,8.170096828
b0682,hypothetical protein,,b0682,8.601226249,8.499953735,8.648125319,8.629673068,8.47540394,8.532737156
b0683,ferric uptake regulator,negatively regulates a number of operons that encode enzymes involved in iron transport; activated by manganese; forms a homodimer; go_component: cytoplasm [goid 0005737]; go_function: transcriptional repressor activity [goid 0016564]; go_process: transcription [goid 0006350],b0683,14.9262719,14.80592832,14.56171346,14.39773668,15.04221271,14.84281713
b0684,flavodoxin,"An electron-transfer protein; flavodoxin binds one FMN molecule, which serves as a redox-active prosthetic group; go_function: electron donor activity [goid 0009053]",b0684,13.93727234,13.89881666,13.70921843,13.67349615,13.82053872,13.77783053
b0685,"LexA regulated, possible SOS response",EcoGene suggests alternate start codon; go_process: SOS response [goid 0009432],b0685,12.61935805,12.44273877,12.46539137,12.60147272,12.56475283,12.45760158
b0686,putative enzyme,,b0686,11.91334059,11.94055283,11.96009174,11.93961308,11.96627471,11.94148071
b0687,negative modulator of initiation of replication,negative modulator of replication initiation; go_component: inner membrane [goid 0019866]; go_process: DNA dependent DNA replication [goid 0006261],b0687,13.32626764,13.33425826,13.33978501,13.377699,13.23223269,13.25592769
b0688,phosphoglucomutase,catalyzes the interconversion of alpha-D-glucose 1-phosphate to alpha-D-glucose 6-phosphate; go_component: cytoplasm [goid 0005737]; go_process: carbohydrate catabolism [goid 0016052]; go_process: glucose metabolism [goid 0006006],b0688,13.29967716,13.39482501,13.30478898,13.32329555,13.33698697,13.30838682
b0689,putative pectinase,,b0689,8.554803991,8.646264256,8.287674984,8.356112821,9.045031618,8.667991956
b0690,hypothetical protein,,b0690,7.693444898,7.487264953,7.613098865,7.53665792,7.550953266,7.539949276
b0691,hypothetical protein,,b0691,7.701589834,7.595262053,7.620143465,7.546117435,7.719035695,7.724642045
b0692,putrescine transport protein,putrescine:ornithine antiporter (APC family); go_component: inner membrane [goid 0019866]; go_function: putrescine:ornithine antiporter activity [goid 0015496]; go_process: amine catabolism [goid 0009310]; go_process: polyamine biosynthesis [goid 0006596]; go_process: response to osmotic stress [goid 0006970],b0692,8.895873288,8.861577882,9.008357669,8.96041948,8.809196921,8.805598114
b0693,"ornithine decarboxylase isozyme, inducible",go_process: polyamine biosynthesis [goid 0006596],b0693,7.229535692,7.135410986,7.152274029,7.185877988,7.206616106,7.273093666
b0694,regulator of kdp operon (transcriptional effector),"response regulator in two-component regulatory system with KdpD, regulation of potassium translocation (OmpR family); go_component: cytoplasm [goid 0005737]; go_function: transcriptional activator activity [goid 0016563]; go_process: transcription [goid 0006350]",b0694,10.85902918,10.89794168,11.07265259,11.22658459,10.74290744,10.99829232
b0695,sensor for high-affinity potassium transport system,"sensory histidine kinase in two-component regulatory system wtih KdpE, regulation of potassium translocation; go_component: inner membrane [goid 0019866]; go_process: protein modification [goid 0006464]",b0695,11.67235308,11.77366907,11.65063452,11.65760486,11.69397346,11.93597606
b0696,potassium-transporting ATPase subunit C,"One of the components of the high-affinity ATP-driven potassium transport (or KDP) system, which catalyzes the hydrolysis of ATP coupled with the exchange of hydrogen and potassium ions. The C subunit may be involved in assembly of the KDP complex; go_component: inner membrane [goid 0019866]; go_function: ATPase activity, coupled to transmembrane movement of ions, phosphorylative mechanism [goid 0015662]",b0696,11.98643125,12.03163548,12.0678701,11.90592388,11.94985314,12.22609296
b0697,potassium-transporting ATPase subunit B,"One of the components of the high-affinity ATP-driven potassium transport (or KDP) system, which catalyzes the hydrolysis of ATP coupled with the exchange of hydrogen and potassium ions; go_component: inner membrane [goid 0019866]; go_function: ATPase activity, coupled to transmembrane movement of ions, phosphorylative mechanism [goid 0015662]",b0697,11.5593616,11.67491433,11.72001515,11.56897154,11.49827695,11.84355685
b0698,potassium-transporting ATPase subunit A,"catalyzes the hydrolysis of ATP coupled with the exchange of hydrogen and potassium ions; go_component: inner membrane [goid 0019866]; go_function: ATPase activity, coupled to transmembrane movement of ions, phosphorylative mechanism [goid 0015662]",b0698,11.73996546,11.95202403,11.46845926,11.29488943,11.98140876,12.3343735
b0699,unknown CDS,,b0699,12.94973789,12.46037801,12.96359462,12.82993989,12.0290144,12.18065384
b0700,RhsC protein in RhsC element,rhsC protein in rhs element,b0700,6.681189231,6.650536696,6.793341947,6.777499586,6.607915681,6.596026729
b0701,part of RhsC protein (b0700) in RhsC element,,b0701,10.65037973,10.48488018,10.65917376,10.79492618,10.52510285,10.52388791
b0702,hypothetical protein,,b0702,6.771702954,6.725887051,6.749790025,6.748307186,6.703537929,6.658881965
b0703,putative rhs protein,EcoGene suggests alternate start codon,b0703,7.368855126,7.185708814,7.279783168,7.225776078,7.182888906,7.151099043
b0704,unknown CDS,,b0704,6.82421469,6.671725933,6.815256096,6.648687993,6.685127297,6.625551141
b0705,putative receptor protein,EcoGene suggests alternate start codon; putative transposase,b0705,9.870508038,9.561457822,9.65226579,9.553984032,9.777249097,9.715820122
b0706,putative DNA ligase,,b0706,6.76722016,6.640346424,6.655725356,6.599199002,6.647193022,6.71732394
b0707,hypothetical protein,,b0707,13.2182727,13.08444735,13.22687347,13.25907361,13.11796729,13.06421638
b0708,deoxyribodipyrimidine photolyase (photoreactivation),"deoxyribodipyrimidine photolyase (photoreactivation), FAD-binding; go_component: cytoplasm [goid 0005737]; go_process: DNA repair [goid 0006281]",b0708,11.25040766,11.40140738,11.29925867,11.15290885,11.51340673,11.52128969
b0709,putative transport protein,putative transport protein (POT family); go_component: inner membrane [goid 0019866]; go_process: amino acid catabolism [goid 0009063],b0709,10.4526767,10.81900379,10.38317584,10.54190201,11.05134846,10.9751224
b0710,hypothetical protein,,b0710,13.86887212,13.62594672,13.858062,13.87486867,13.5611159,13.61458978
b0711,putative carboxylase,,b0711,13.57502856,13.46833084,13.64117192,13.67419599,13.46659186,13.51047541
b0712,putative carboxylase,,b0712,13.38960201,13.29850082,13.38191719,13.34059156,13.40881539,13.38793056
b0713,hypothetical protein,go_process: carbohydrate catabolism [goid 0016052]; go_process: response to drug [goid 0042493],b0713,12.39541336,12.4028631,12.31169647,12.3156224,12.530295,12.49316276
b0714,endonuclease VIII,endonuclease VIII and DNA N-glycosylase with an AP lyase activity; go_component: cytoplasm [goid 0005737]; go_process: DNA repair [goid 0006281],b0714,11.37031731,11.79356964,11.05580245,11.11389414,12.08777511,12.03830816
b0715,putative transport protein,EcoGene suggests alternate start codon; go_component: inner membrane [goid 0019866],b0715,11.11295855,10.96446388,11.27762405,11.43265566,10.78603743,11.11798561
b0716,hypothetical protein,EcoGene suggests alternate start codon,b0716,6.489446584,6.425344149,6.495457711,6.497200862,6.438466837,6.482891638
b0717,putative chaperone,putative periplasmic fimbrial chaperone; go_process: protein folding [goid 0006457],b0717,7.45463273,7.367745021,7.453485351,7.462048428,7.350539205,7.396583121
b0718,putative outer membrane protein,EcoGene suggests alternate start codon; go_component: external outer membrane (sensu Gram-negative Bacteria) [goid 0009279],b0718,8.63513297,8.488360593,8.433370667,8.527602924,8.489801196,8.586569763
b0719,putative fimbrial-like protein,go_component: fimbria [goid 0009289],b0719,7.492958916,7.375468701,7.325967364,7.381547744,7.440979691,7.491929013
b0720,citrate synthase,"Catalyzes the first step in the citric acid cycle. Oxaloacetate and acetyl-CoA bind to citrate synthase, which then catalyzes the reaction which joins the two compounds together; go_process: tricarboxylic acid cycle [goid 0006099]; go_process: anaerobic respiration [goid 0009061]",b0720,15.86235601,16.06765457,15.85596886,15.96522157,15.97296454,16.03096738
b0721,succinate dehydrogenase cytochrome b556 large membrane subunit,go_component: inner membrane [goid 0019866]; go_function: electron donor activity [goid 0009053]; go_process: tricarboxylic acid cycle [goid 0006099]; go_process: aerobic respiration [goid 0009060]; go_process: cytochrome biogenesis [goid 0017004],b0721,14.48310282,15.26696374,14.38142451,14.32292087,15.67136067,15.71673356
b0722,succinate dehydrogenase cytochrome b556 small membrane subunit,go_component: inner membrane [goid 0019866]; go_function: electron donor activity [goid 0009053]; go_process: tricarboxylic acid cycle [goid 0006099]; go_process: aerobic respiration [goid 0009060],b0722,14.46189937,15.0353892,14.42254652,14.33081295,15.37885856,15.44463155
b0723,succinate dehydrogenase catalytic subunit,part of four member succinate dehydrogenase enzyme complex that forms a trimeric complex (trimer of tetramers); SdhA/B are the catalytic subcomplex and can exhibit succinate dehydrogenase activity in the absence of SdhC/D which are the membrane components; go_component: cytoplasm [goid 0005737]; go_function: electron donor activity [goid 0009053]; go_process: tricarboxylic acid cycle [goid 0006099]; go_process: aerobic respiration [goid 0009060],b0723,15.09388641,15.21468159,15.18597118,15.10207223,15.17343951,15.25262306
b0724,succinate dehydrogenase catalytic subunit,part of four member succinate dehydrogenase enzyme complex that forms a trimeric complex (trimer of tetramers); SdhA/B are the catalytic subcomplex and can exhibit succinate dehydrogenase activity in the absence of SdhC/D which are the membrane components; go_component: cytoplasm [goid 0005737]; go_function: electron donor activity [goid 0009053]; go_process: tricarboxylic acid cycle [goid 0006099]; go_process: aerobic respiration [goid 0009060],b0724,15.15879669,15.18834733,15.33298365,15.07021938,15.16190248,15.17992876
b0725,unknown CDS,,b0725,14.71340324,14.71500993,14.59624995,14.75742266,14.54317267,14.63202546
b0726,"2-oxoglutarate decarboxylase, component of the 2-oxoglutarate dehydrogenase complex, thiamin-binding",2-oxoglutarate dehydrogenase (decarboxylase component); go_process: tricarboxylic acid cycle [goid 0006099],b0726,15.27381843,15.45817756,15.41223638,15.46878949,15.36090488,15.49080458
b0727,dihydrolipoamide acetyltransferase,Catalyzes the transfer of acetyl from acetyldihydrolipoamide to coenzyme A to form acetyl CoA; go_process: tricarboxylic acid cycle [goid 0006099],b0727,15.60924368,15.86281757,15.82418354,15.7606528,15.78207871,15.94030561
b0728,succinyl-CoA synthetase subunit beta,catalyzes the interconversion of succinyl-CoA and succinate; go_process: tricarboxylic acid cycle [goid 0006099],b0728,15.82887954,15.878685,15.99474793,16.01604633,15.80591676,15.94334134
b0729,succinyl-CoA synthetase alpha subunit,Catalyzes the only substrate-level phosphorylation in the TCA cycle; go_process: tricarboxylic acid cycle [goid 0006099],b0729,15.3271003,15.30158007,15.47370187,15.43904488,15.29125272,15.26934519
b0730,transcriptional regulator of succinylCoA synthetase operon,"transcriptional repressor for TCA cycle, fatty acyl-responsive transcriptional regulator (GntR family); go_component: cytoplasm [goid 0005737]; go_function: transcriptional repressor activity [goid 0016564]; go_process: tricarboxylic acid cycle [goid 0006099]; go_process: transcription [goid 0006350]; go_process: regulation of transcription, DNA-dependent [goid 0006355]",b0730,10.33819622,10.16194952,10.32649522,10.34942891,10.02631562,9.973343155
b0731,"PTS family enzyme IIA (N-terminal); enzyme IIBC (C-terminal), induction of ompC","protein modification enzyme, induction of ompC; go_component: inner membrane [goid 0019866]; go_process: carbohydrate catabolism [goid 0016052]; go_process: protein modification [goid 0006464]; go_process: response to temperature [goid 0009266]",b0731,7.900335604,7.731839464,7.795154364,7.857791854,7.807312671,7.92111269
b0732,putative sugar hydrolase,go_process: carbohydrate catabolism [goid 0016052],b0732,8.351062069,8.282961088,8.448014473,8.402629739,8.207130901,8.286704984
b0733,"cytochrome d terminal oxidase, polypeptide subunit I",EcoGene suggests alternate start codon; go_component: inner membrane [goid 0019866]; go_function: electron acceptor activity [goid 0009054],b0733,13.46395597,13.26597874,14.11137927,14.16220747,12.78691692,13.0043187
b0734,cytochrome d terminal oxidase polypeptide subunit II,"cytochrome d terminal oxidase, polypeptide subunit II; go_component: inner membrane [goid 0019866]; go_function: electron acceptor activity [goid 0009054]",b0734,12.49937185,12.76608321,12.97550858,13.01534811,12.61393782,12.74240851
b0735,hypothetical protein,,b0735,12.93388723,13.14333283,13.1650875,13.11797727,13.14363182,13.25283909
b0736,hypothetical protein,,b0736,11.13126921,11.62450725,11.27605293,11.11217577,11.8440679,11.61837691
b0737,"inner membrane protein required for outer membrane integrity, uptake of group A colicins and phage DNA","inner membrane protein, membrane-spanning, maintains integrity of cell envelope; tolerance to group A colicins; go_component: inner membrane [goid 0019866]",b0737,11.93870493,12.33218265,11.9087581,11.8192398,12.53490368,12.35489215
b0738,"putative inner membrane protein, involved in the tonB-independent uptake of group A colicins","tol protein, role in outer membrane integrity, uptake of group A colicins (TonB-independent), and phage DNA; go_component: inner membrane [goid 0019866]",b0738,11.57134181,11.9112773,11.15063969,11.16870698,11.99566023,11.92556063
b0739,cell envelope integrity inner membrane protein TolA,"inner membrane component of 7 member Tol-Pal envelope-spanning complex; involved in maintaining cell envelope integrity; utilized by colicins and filamentous phages for import; interacts with TolB, Pal, and through TolB to various outer membrane porins; go_component: inner membrane [goid 0019866]",b0739,12.39536742,12.70655787,12.12534385,12.20595387,12.69287494,12.65024738
b0740,translocation protein TolB precursor,forms dimers; may be involved in cell envelope integrity; interacts with outer membrane proteins and with the C-terminal domain of inner membrane protein TolA; go_component: periplasmic space [goid 0042597],b0740,14.12763907,14.19184348,14.02655524,13.94799711,14.19832836,14.20574437
b0741,peptidoglycan-associated lipoprotein,"required for outer membrane integrity, uptake of group A colicins, and translocation of phage DNA; go_component: inner membrane [goid 0019866]",b0741,15.97471538,16.01475177,15.84641973,15.56820708,15.94820189,15.91430458
b0742,putative periplasmic protein,go_component: periplasmic space [goid 0042597],b0742,14.55517009,14.73901263,14.42188755,14.1791186,14.78850035,14.71438216
b0750,quinolinate synthetase,3 different subfamilies; catalyzes the formation of quinolinate from iminoaspartate and dihydroxyacetone phosphate; go_component: cytoplasm [goid 0005737]; go_process: nicotinamide adenine dinucleotide biosynthesis [goid 0009435],b0750,13.33134789,13.47644719,13.44562741,13.61309955,13.42938526,13.40550662
b0751,nucleoside/purine/pyrimidine transport protein (NMN family),"required for NMN transport; go_component: inner membrane [goid 0019866]; go_process: nucleobase, nucleoside and nucleotide interconversion [goid 0015949]",b0751,13.76820673,13.72878936,13.93552975,13.93753953,13.72449685,13.6967693
b0752,zinc transporter ZitB,involved in zinc efflux across the cytoplasmic membrane; go_component: inner membrane [goid 0019866],b0752,11.83993327,11.67282807,12.068014,11.93722962,11.58590012,11.65313882
b0753,putative homeobox protein,,b0753,11.48108702,11.17234038,11.64564418,11.65466125,11.25973899,11.09439258
b0754,3-deoxy-7-phosphoheptulonate synthase,catalyzes the formation of 3-deoxy-D-arabino-hept-2-ulosonate 7 phosphate from phosphoenolpyruvate and D-erythrose 4-phosphate; go_process: L-phenylalanine biosynthesis [goid 0009094],b0754,16.63533329,16.43956055,16.46123524,16.53655465,16.44492953,16.51286476
b0755,phosphoglyceromutase,catalyzes the interconversion of 2-phosphoglycerate to 3-phosphoglycerate; go_process: glycolysis [goid 0006096]; go_process: gluconeogenesis [goid 0006094],b0755,16.03181718,15.85939543,15.95268659,16.02002988,15.87468823,15.82911372
b0756,galactose-1-epimerase (mutarotase),go_component: periplasmic space [goid 0042597]; go_process: carbohydrate catabolism [goid 0016052],b0756,13.55703204,13.58240785,13.7761453,13.51432732,13.52460746,13.46563543
b0757,galactokinase,"catalyzes the formation of alpha-D-galactose 1-phosphate from D-galactose in galactose metabolism; go_component: capsule (sensu Bacteria) [goid 0030113]; go_component: cytoplasm [goid 0005737]; go_function: cell surface antigen activity, host-interacting [goid 0042280]; go_process: galactose metabolism [goid 0006012]; go_process: colanic acid biosynthesis [goid 0009242]; go_process: carbohydrate catabolism [goid 0016052]; go_process: response to dessication [goid 0009269]",b0757,11.80245028,12.07863793,12.18026638,11.97968376,11.80938752,11.85207229
b0758,galactose-1-phosphate uridylyltransferase,"go_component: capsule (sensu Bacteria) [goid 0030113]; go_component: cytoplasm [goid 0005737]; go_function: cell surface antigen activity, host-interacting [goid 0042280]; go_process: galactose metabolism [goid 0006012]; go_process: colanic acid biosynthesis [goid 0009242]; go_process: carbohydrate catabolism [goid 0016052]; go_process: response to dessication [goid 0009269]",b0758,11.82397248,12.13492822,12.22081785,12.14841038,11.85565548,11.95521654
b0759,UDP-galactose 4-epimerase,"UDP-galactose-4-epimerase; go_component: capsule (sensu Bacteria) [goid 0030113]; go_component: cytoplasm [goid 0005737]; go_function: cell surface antigen activity, host-interacting [goid 0042280]; go_process: galactose metabolism [goid 0006012]; go_process: colanic acid biosynthesis [goid 0009242]; go_process: carbohydrate catabolism [goid 0016052]; go_process: nicotinamide adenine dinucleotide biosynthesis [goid 0009435]; go_process: response to dessication [goid 0009269]",b0759,12.51848378,12.65033989,12.67246304,12.69769934,12.43801769,12.48387313
b0760,ATP-binding component of molybdate transport system,"molybdenum transport protein (ABC superfamily, atp_bind); go_component: cytoplasm [goid 0005737]; go_function: molybdenum ion transporter activity [goid 0042888]; go_process: Mo-molybdopterin cofactor biosynthesis [goid 0006777]",b0760,11.35788891,11.67785853,11.19577488,11.35391288,11.93946411,11.75565992
b0761,molybdate uptake regulatory protein,transcriptional repressor for molybdate uptake; go_component: cytoplasm [goid 0005737]; go_function: transcriptional repressor activity [goid 0016564]; go_process: Mo-molybdopterin cofactor biosynthesis [goid 0006777]; go_process: transcription [goid 0006350],b0761,11.79712463,11.73004755,11.74494182,11.73162994,11.71540951,11.71406576
b0762,unknown CDS,,b0762,13.35102476,12.97587781,13.19948402,13.07360147,13.09410299,12.72941002
b0763,"molybdate transport protein (ABC superfamily, peri_bind)",molybdate-binding periplasmic protein; permease; go_component: periplasmic space [goid 0042597]; go_process: Mo-molybdopterin cofactor biosynthesis [goid 0006777],b0763,11.23290326,11.2763938,11.25974665,11.2461755,11.27881967,11.2785113
b0764,molybdate transport permease protein,part of ModCBA molybdate transporter; member of ABC superfamily; inner membrane component; regulated by repressor protein ModE; go_component: inner membrane [goid 0019866],b0764,10.45146501,10.53536105,10.57814328,10.42627851,10.57883457,10.48077517
b0765,ATP-binding component of molybdate transport,"molybdate transport protein (ABC superfamily, atp_bind); go_component: cytoplasm [goid 0005737]; go_process: Mo-molybdopterin cofactor biosynthesis [goid 0006777]",b0765,10.37892538,10.27927523,10.30180964,10.22995095,10.28237525,10.24197591
b0766,putative phosphatase,,b0766,11.06256484,11.38605711,11.05644156,11.07446054,11.50233141,11.39710371
b0767,putative isomerase,,b0767,13.22821686,13.21637358,13.46927031,13.22286632,13.20247276,13.163272
b0768,putative transcriptional regulator (LysR family),EcoGene suggests alternate start codon; putative transcriptional regulator LYSR-type; go_function: transcriptional activator activity [goid 0016563]; go_function: transcriptional repressor activity [goid 0016564]; go_process: transcription [goid 0006350],b0768,7.44380411,7.418858728,7.44203343,7.486820972,7.449851557,7.500496492
b0769,hypothetical protein,,b0769,7.38749084,7.258584163,7.132695939,7.289226452,7.344304473,7.364040716
b0770,putative membrane pump protein,putative transport protein (DASS family); go_component: inner membrane [goid 0019866],b0770,8.221088647,8.179112554,8.127805946,8.232742102,8.210187326,8.263911489
b0771,putative enzyme,EcoGene suggests alternate start codon; putative hydratase,b0771,9.28793194,9.108037595,9.117215734,9.215116305,9.17830208,9.281156275
b0772,putative pectinesterase,go_process: metabolism [goid 0008152],b0772,12.45726897,12.54888669,12.27351307,12.2729143,12.71499042,12.59581554
b0773,"conserved protein, phosphatidylethanolamine-binding domain",,b0773,13.12881121,13.06396309,13.06737215,12.93432577,13.10597806,12.88813466
b0774,adenosylmethionine--8-amino-7-oxononanoate transaminase,"catalyzes the formation of S-adenosyl-4-methylthionine-2-oxobutanoate and 7,8-diaminononanoate from S-adenosyl-L-methionine and 8-amino-7-oxononanoate; go_process: biotin biosynthesis [goid 0009102]",b0774,11.71703444,11.98621574,11.53442578,11.49346836,12.02002941,12.12842292
b0775,"biotin synthesis, sulfur insertion?",biotin synthetase; go_process: biotin biosynthesis [goid 0009102],b0775,12.56741863,12.86233187,12.0867038,12.17774909,12.7723991,12.76689401
b0776,8-amino-7-oxononanoate synthase,catalyzes the formation of 8-amino-7-oxononanoate from 6-carboxyhexanoyl-CoA and L-alanine; go_process: biotin biosynthesis [goid 0009102],b0776,11.50765555,11.78861516,11.337879,11.31023408,11.70632221,11.8287557
b0777,biotin biosynthesis; reaction prior to pimeloyl CoA,go_process: biotin biosynthesis [goid 0009102],b0777,10.95106325,11.40097578,10.97174539,10.85093851,11.25120087,11.34758216
b0778,dithiobiotin synthetase,"DTB synthetase; dethiobiotin synthase; involved in production of dethiobiotin from ATP and 7,8-diaminononanoate and carbon dioxide; contains magnesium; go_process: biotin biosynthesis [goid 0009102]",b0778,11.86114266,12.08773144,11.8583142,11.85038811,12.07944809,12.09382076
b0779,excinuclease ABC subunit B,"The UvrABC repair system catalyzes the recognition and processing of DNA lesions. The beta-hairpin of the Uvr-B subunit is inserted between the strands, where it probes for the presence of a lesion; go_component: cytoplasm [goid 0005737]; go_process: DNA catabolism [goid 0006308]; go_process: DNA repair [goid 0006281]; go_process: DNA catabolism [goid 0006308]; go_process: response to radiation [goid 0009314]; go_process: SOS response [goid 0009432]",b0779,12.93290115,13.05487981,13.18547695,13.12606881,12.92495146,12.96189162
b0780,putative phosphatase/sulfatase,putative structural protein,b0780,12.06291107,11.78448685,11.94961845,11.8399191,11.92322443,11.92167539
b0781,molybdenum cofactor biosynthesis protein A,"Together with moaC, is involved in the conversion of a guanosine derivative (GXP) into molybdopterin precursor Z; go_process: Mo-molybdopterin cofactor biosynthesis [goid 0006777]",b0781,12.4277661,12.04953254,12.88856445,12.7100623,11.87919256,11.78159888
b0782,molybdopterin biosynthesis protein B,"molybdopterin biosynthesis, protein B; go_process: Mo-molybdopterin cofactor biosynthesis [goid 0006777]",b0782,13.42748451,13.07496228,13.56620027,13.42325551,12.93968006,12.72196822
b0783,molybdenum cofactor biosynthesis protein C,MoaC; along with MoaA is involved in conversion of a guanosine derivative into molybdopterin precursor Z; involved in molybdenum cofactor biosynthesis; go_process: Mo-molybdopterin cofactor biosynthesis [goid 0006777],b0783,13.31566324,13.0796464,13.34957169,13.204308,12.94706878,12.76613195
b0784,molybdopterin biosynthesis,molybdopterin biosynthesis protein D; go_process: Mo-molybdopterin cofactor biosynthesis [goid 0006777],b0784,12.99450422,12.74586651,12.88500118,12.79698743,12.65440933,12.45243917
b0785,"molybdopterin converting factor, subunit 2",go_process: Mo-molybdopterin cofactor biosynthesis [goid 0006777],b0785,13.0748373,12.94468798,12.98703781,12.96048903,12.8639354,12.69312562
b0786,putative transport protein,go_component: inner membrane [goid 0019866],b0786,13.50700151,13.19939714,13.63569049,13.86900442,13.05746213,12.95050342
b0787,"putative integral membrane protein, transport",,b0787,8.684104596,8.44810462,8.581881835,8.563896335,8.39628679,8.364688464
b0788,putative negative regulator,,b0788,10.62366827,10.57620295,10.60654653,10.66747052,10.66033122,10.71289635
b0789,cardiolipin (CL) synthase 2,cardiolipin synthase activity; go_process: phospholipid biosynthesis [goid 0008654],b0789,12.07828723,11.82123566,12.22946212,12.21662605,11.88518758,11.91200084
b0790,putative DNase,go_process: DNA catabolism [goid 0006308],b0790,12.00933175,11.70478824,12.28441845,12.11796834,11.71992221,11.82777479
b0791,hypothetical protein,,b0791,11.74920017,11.5942023,11.68222884,11.54994572,11.69401825,11.70145007
b0792,"putative transport protein (ABC superfamily, membrane)",go_component: inner membrane [goid 0019866],b0792,10.3801453,10.46691132,10.43496227,10.40214105,10.48106169,10.45506081
b0793,"putative transport protein (ABC superfamily, membrane)",go_component: inner membrane [goid 0019866],b0793,10.891558,10.9137005,10.91350618,10.97061614,10.88432831,11.01540953
b0794,putative ATP-binding component of a transport system,"EcoGene suggests alternate start codon; putative transport protein (ABC superfamily, atp_bind); go_component: cytoplasm [goid 0005737]",b0794,11.90796278,11.89220325,11.88426382,11.89336264,11.92929143,11.91008258
b0795,hypothetical protein,go_component: external outer membrane (sensu Gram-negative Bacteria) [goid 0009279],b0795,12.39132272,12.22990414,12.5542021,12.50072732,12.17661105,12.2379428
b0796,putative transcriptional regulator,EcoGene suggests alternate start codon; putative transcriptional repressor (TetR/AcrR family); go_component: cytoplasm [goid 0005737]; go_function: transcriptional repressor activity [goid 0016564]; go_process: transcription [goid 0006350],b0796,10.88106611,10.92575918,11.20230082,11.26166171,10.9005226,10.93820632
b0797,putative ATP-dependent RNA helicase,go_process: RNA modification [goid 0009451],b0797,10.93829406,11.2840243,10.70880253,10.65766646,11.82905801,11.90312539
b0798,hypothetical protein,,b0798,10.13525355,10.15272746,10.51174496,10.19761565,10.00767083,9.788170383
b0799,LexA-regulated (SOS) repair enzyme,probably ATP-dependent helicase; go_component: cytoplasm [goid 0005737]; go_process: DNA repair [goid 0006281]; go_process: SOS response [goid 0009432],b0799,12.29677541,12.18459358,12.32195325,12.10621237,12.23020688,12.30232463
b0800,hypothetical protein,,b0800,13.06495529,12.78583783,13.19453319,13.13633114,12.72335157,12.76047264
b0801,putative dehydrogenase,,b0801,14.02807468,13.960658,13.99141569,14.21872706,13.88974273,13.94374632
b0802,hypothetical protein,,b0802,13.20408166,13.07060832,12.59109882,12.74326551,12.98095393,13.14037741
b0803,hypothetical protein,,b0803,10.59885051,10.50232476,10.78924267,10.67289488,10.38175901,10.27633023
b0804,putative hydroxylase,EcoGene suggests alternate start codon,b0804,9.349317695,9.532259473,9.287013897,9.358634217,9.504028058,9.556871266
b0805,"outer membrane porin protein, putative ferrisiderophore receptor",putative outer membrane receptor for iron transport; go_component: external outer membrane (sensu Gram-negative Bacteria) [goid 0009279]; go_process: iron ion transport [goid 0006826],b0805,9.843828011,10.13273299,9.613281967,9.599152956,10.3138251,10.37278037
b0806,hypothetical protein,EcoGene suggests alternate start codon,b0806,10.60271939,10.48305975,10.76002783,11.08650942,10.27296355,10.25284227
b0807,putative methyltransferase,EcoGene suggests alternate start codon,b0807,10.42560774,10.71661433,10.48330375,10.48715682,10.96543646,10.96977385
b0808,putative transport protein,"EcoGene suggests alternate start codon; putative transport protein, integral membrane location",b0808,10.10481835,9.959703292,10.34263769,10.25939251,9.85362128,9.906437991
b0809,glutamine ABC transporter ATP-binding component,similar to ATP-binding component of ABC transporters; go_component: cytoplasm [goid 0005737]; go_process: glutamine biosynthesis [goid 0006542],b0809,12.7303935,12.42488024,12.65644439,12.69774356,12.43535145,12.2980956
b0810,glutamine ABC transporter permease component,similar to permease component of ABC transporters; mutations impair ability of Escherichia coli to transport and utilize glutamine; go_component: inner membrane [goid 0019866]; go_process: glutamine biosynthesis [goid 0006542],b0810,13.46657763,12.6544262,13.70209467,13.59134709,12.24645689,12.35227651
b0811,glutamine ABC transporter periplasmic-binding protein,similar to periplasmic-binding component of ABC transporters; go_component: periplasmic space [goid 0042597]; go_process: glutamine biosynthesis [goid 0006542],b0811,15.34979337,14.91916558,15.7981594,15.98319236,14.64607018,14.88585521
b0812,DNA protection during starvation conditions,binds DNA in a non-sequence-specific manner and is abundant during stationary phase; forms a DNA-protein crystal that protects DNA from damage; required for normal starvation response and long-term stationary viability; forms a homododecameric complex and; go_component: cytoplasm [goid 0005737]; go_process: response to starvation [goid 0042594],b0812,15.40920967,15.06271573,15.51322181,15.65631335,14.90544921,14.86200438
b0813,putative transmembrane subunit,,b0813,9.884391948,9.774221587,9.805858383,9.767753897,9.892653515,9.857001877
b0814,outer membrane protein X,OmpX; involved in cell adhesion; forms an eight-stranded antiparallel beta-barrel that protrudes from the cell surface; mutations in the gene increase cell-surface contact in fimbriated strains but decrease contact in nonfimbriated strains; go_component: external outer membrane (sensu Gram-negative Bacteria) [goid 0009279],b0814,16.02778929,15.76781448,15.94004565,15.98025748,15.77771199,15.64167588
b0815,putative enzyme,putative transmembrane protein,b0815,8.074094266,8.243032306,8.033397273,7.964353597,8.572661823,8.406366635
b0816,unknown CDS,,b0816,9.437619407,9.330030345,9.398893208,9.500577456,9.295218455,9.339824711
b0817,"conserved protein, Winged helix domain",transcriptional regulator MntR,b0817,13.04304505,13.23679155,12.85521307,12.88743061,13.38172542,13.27567266
b0818,putative transport protein,,b0818,12.45133292,12.49863998,12.18790933,12.22381787,12.5635583,12.71328857
b0819,hypothetical protein,,b0819,12.61894737,12.69539129,12.49315215,12.41263566,12.8824227,12.66599857
b0820,putative ATP-binding component of a transport system,"putative transport protein (ABC superfamily, atp_bind); go_component: cytoplasm [goid 0005737]",b0820,13.20680537,13.3492319,12.89715244,12.7651846,13.5364858,13.44372872
b0821,hypothetical protein,,b0821,11.1001229,11.06697247,11.03203922,10.96186995,11.18863051,11.08744049
b0822,"conserved protein, phophatase-like domain",,b0822,11.24786652,11.59831482,11.13115753,11.33646478,11.59336576,11.57864065
b0823,putative formate acetyltransferase 3,putative pyruvate formate lyase; go_process: fermentation [goid 0006113],b0823,8.528366138,8.412172881,8.530785566,8.513261631,8.483832109,8.526267104
b0824,putative pyruvate formate lyase activating enzyme,putative pyruvate formate-lyase 3 activating enzyme; go_process: anaerobic respiration [goid 0009061]; go_process: protein modification [goid 0006464],b0824,8.498848769,8.434570543,8.408244017,8.644567963,8.369593356,8.627261727
b0825,fructose-6-phosphate aldolase,catalyzes the formation of glycerone and D-glyxeraldehyde 3-phosphate from D-fructose 6-phosphate,b0825,11.10765151,10.93906476,11.21880076,11.29372299,10.84204006,10.91835856
b0826,molybdopterin biosynthesis protein MoeB,"ATP-dependent adenylate transferase, transfers adenyl moiety to the MoeD subunit of molybdopterin synthase; go_process: Mo-molybdopterin cofactor biosynthesis [goid 0006777]",b0826,10.9815396,10.98146774,11.24204027,11.14908043,10.92489022,11.01687771
b0827,molybdopterin biosynthesis,molybdopterin biosynthesis protein; go_process: Mo-molybdopterin cofactor biosynthesis [goid 0006777],b0827,12.42886667,12.39408882,12.65514576,12.57556826,12.36865243,12.41010955
b0828,L-asparaginase,putative asparaginase; go_process: amino acid catabolism [goid 0009063],b0828,14.71185783,14.40719562,14.8861567,15.0685093,14.22987507,14.34839307
b0829,putative ATP-binding component of a transport system,"EcoGene suggests alternate start codon; putative oligopeptide transport protein (ABC superfamily, atp_bind); go_component: cytoplasm [goid 0005737]",b0829,13.75472174,13.62697193,13.90217611,13.87311685,13.41491199,13.52320909
b0830,"putative dipeptide transport protein (ABC superfamily, peri_bind)",putative transport protein; go_component: periplasmic space [goid 0042597],b0830,13.3806309,13.51787669,13.35386932,13.36589972,13.54512013,13.55812067
b0831,"putative dipeptide transport protein (ABC superfamily, membrane)",putative transport system permease protein; go_component: inner membrane [goid 0019866],b0831,12.02199961,12.12968638,11.92671247,11.9212968,12.16540638,12.29675495
b0832,"putative dipeptide transport protein (ABC superfamily, membrane)",putative transport system permease protein; go_component: inner membrane [goid 0019866],b0832,11.54088136,11.59286603,11.4333601,11.4447941,11.60078578,11.64320841
b0833,hypothetical protein,,b0833,10.36550159,10.81520965,9.661012263,9.641417839,10.8360069,10.49597199
b0834,hypothetical protein,,b0834,11.21914853,11.32522542,10.70946061,10.78024269,11.39418944,11.36551524
b0835,hypothetical protein,,b0835,10.39055671,11.32674448,10.24951776,10.19409317,11.66285942,11.62568938
b0836,putative receptor,,b0836,12.79840962,12.43719864,12.81308893,13.1188474,12.06869053,12.23029854
b0837,putative dehydrogenase,,b0837,10.74560685,10.56849154,10.58180218,10.60765713,10.73710613,10.63942997
b0838,putative glutathione S-transferase,EcoGene suggests alternate start codon; putative transferase,b0838,13.26411049,13.11667013,13.34789603,13.35300196,13.09868804,12.91738919
b0839,D-alanyl-D-alanine carboxypeptidase; penicillin-binding protein 6,D-alanyl-D-alanine carboxypeptidase; penicillin-binding protein 6a; go_component: periplasmic space [goid 0042597]; go_process: response to drug [goid 0042493],b0839,14.33308343,14.07354274,14.47021713,14.35618775,14.11571094,14.06698332
b0840,"transcriptional repressor for deo operon, tsx, nupG","transcriptional repressor for nucleotide catabolism (DeoR family); go_component: cytoplasm [goid 0005737]; go_function: transcriptional repressor activity [goid 0016564]; go_process: nucleobase, nucleoside and nucleotide interconversion [goid 0015949]; go_process: transcription [goid 0006350]",b0840,12.30037585,12.20612763,12.34020562,12.2993146,12.32363322,12.30641035
b0841,putative permease,,b0841,11.52572895,11.81180259,11.6576369,11.53936647,11.92959183,11.48676932
b0842,multidrug/chloramphenicol efflux transport protein (MFS family),proton motive force efflux pump; go_component: inner membrane [goid 0019866]; go_process: response to drug [goid 0042493],b0842,9.889361451,10.01374782,10.02920769,10.01703085,10.10970877,10.0775463
b0843,unknown CDS,,b0843,9.306095357,9.158406897,9.12970115,9.150169948,9.245609117,9.208437989
b0844,"conserved protein, phophatase-like domain",EcoGene suggests alternate start codon,b0844,11.23270238,11.19068962,11.05193034,11.18729165,11.12746015,11.13590735
b0845,putative DEOR-type transcriptional regulator,putative transport protein; putative regulator,b0845,11.23858909,11.10399776,11.14021077,11.13265164,11.1959515,11.20794446
b0846,putative DEOR-type transcriptional regulator,putative transcriptional regulator (TetR family),b0846,11.46078959,11.3145442,11.4026817,11.31245277,11.42799518,11.38098462
b0847,hypothetical protein,,b0847,11.12460612,11.13357453,11.07015644,11.01700467,11.27706576,11.25226034
b0848,hypothetical protein,,b0848,11.92917406,11.24337384,12.91530411,12.81597705,10.61956254,11.19441873
b0849,glutaredoxin 1 redox coenzyme for glutathione-dependent ribonucleotide reductase,glutaredoxin1 redox coenzyme for glutathione-dependent ribonucleotide reductase,b0849,11.62361797,11.21611888,11.60348626,11.5206935,11.30696226,11.03106383
b0850,hypothetical protein,,b0850,13.34225418,13.20344885,13.28036594,13.40070435,13.17736025,13.22902101
b0851,oxygen insensitive NADPH nitroreductase (nitrofuran reductase I activity B),oxygen-insensitive NADPH nitroreductase; go_process: anaerobic respiration [goid 0009061],b0851,13.20161802,13.12097911,13.17988621,13.25968103,13.02906222,13.0344097
b0852,ribosomal protein S6 modification protein,go_component: cytosolic ribosome (sensu Bacteria) [goid 0009281]; go_component: cytoplasm [goid 0005737]; go_function: structural constituent of ribosome [goid 0003735]; go_process: protein biosynthesis [goid 0006412],b0852,11.83705866,11.82715331,11.7124154,11.7749126,11.88359252,11.83034421
b0853,putative sensory transduction regulator,,b0853,12.69006481,12.60587295,12.70734147,12.77216962,12.47827991,12.50306068
b0854,periplasmic putrescine-binding protein; permease protein,"putrescine transport protein (ABC superfamily, peri_bind); go_component: periplasmic space [goid 0042597]; go_process: polyamine biosynthesis [goid 0006596]; go_process: amine catabolism [goid 0009310]; go_process: putrescine transport [goid 0015847]",b0854,12.26196946,12.22037087,12.00165528,12.05051128,12.3111742,12.31285971
b0855,ATP-binding component of putrescine transport system,"EcoGene suggests alternate start codon; putrescine transport protein (ABC superfamily, atp_bind); go_component: cytoplasm [goid 0005737]; go_process: polyamine biosynthesis [goid 0006596]; go_process: amine catabolism [goid 0009310]; go_process: putrescine transport [goid 0015847]",b0855,11.19395564,11.37349163,11.00983535,11.18431243,11.42397119,11.33313117
b0856,"putrescine transport protein (ABC superfamily, membrane)",putrescine transport protein; permease; go_component: inner membrane [goid 0019866]; go_process: polyamine biosynthesis [goid 0006596]; go_process: amine catabolism [goid 0009310]; go_process: putrescine transport [goid 0015847],b0856,11.37229778,11.23590678,11.13369996,11.11669853,11.37541047,11.33697831
b0857,"putrescine transport protein (ABC superfamily, membrane)",putrescine transport protein; permease; go_component: inner membrane [goid 0019866]; go_process: polyamine biosynthesis [goid 0006596]; go_process: amine catabolism [goid 0009310]; go_process: putrescine transport [goid 0015847],b0857,11.50327597,11.37181566,11.29023132,11.32434346,11.43919754,11.56056594
b0858,hypothetical protein,,b0858,9.457628879,9.616692996,9.585844043,9.430302216,9.88725835,9.62298558
b0859,23S rRNA (uracil-5-)-methyltransferase,Catalyzes the formation of 5-methyl-uridine at position 747 in 23S rRNA; go_process: RNA modification [goid 0009451],b0859,9.741645524,9.986696678,9.617780607,9.604609503,10.30196805,10.15219559
b0860,arginine 3rd transport system periplasmic binding protein,"arginine transport protein (ABC superfamily, peri_bind); go_component: periplasmic space [goid 0042597]; go_process: arginine biosynthesis [goid 0006526]",b0860,14.58830504,14.42257749,14.66272024,14.96344423,14.38218821,14.33929705
b0861,arginine 3rd transport system permease protein,"arginine transport protein (ABC superfamily, membrane); go_component: inner membrane [goid 0019866]; go_process: arginine biosynthesis [goid 0006526]; go_process: amino acid catabolism [goid 0009063]",b0861,13.30143039,13.26500269,13.04578924,13.00401755,13.34302334,13.2383396
b0862,arginine 3rd transport system permease protein,"arginine transport protein (ABC superfamily, membrane); go_component: inner membrane [goid 0019866]; go_process: arginine biosynthesis [goid 0006526]",b0862,12.52231034,12.58152738,12.35805209,12.10635982,12.50559972,12.41768281
b0863,arginine 3rd transport system periplasmic binding protein,"arginine transport protein (ABC superfamily, peri_bind); go_component: periplasmic space [goid 0042597]; go_process: glutamine biosynthesis [goid 0006542]",b0863,13.6592106,13.65251135,13.75440623,13.53801606,13.53500752,13.44782981
b0864,ATP-binding component of 3rd arginine transport system,"arginine transport protein (ABC superfamily, atp_bind and membrane); go_component: cytoplasm [goid 0005737]; go_process: arginine biosynthesis [goid 0006526]",b0864,13.41874261,13.52581194,13.39720637,13.37732884,13.5508041,13.3843247
b0865,putative lipoprotein,,b0865,13.26908451,13.15813002,13.68682209,13.74013923,12.94911839,12.89303915
b0866,hypothetical protein,,b0866,13.85813691,13.47766038,13.90801313,13.91437312,13.45175534,13.52138088
b0867,probable N-acetylmuramoyl-L-alanine amidase,putative amidase,b0867,11.9954869,11.66457705,12.13887502,11.97669576,11.56892363,11.65514098
b0868,"putative dehydrogenase, NAD(P)-binding",EcoGene suggests alternate start codon,b0868,10.70156053,11.02290843,10.68617414,10.71635874,11.16340727,11.12664336
b0869,"conserved protein, ATP-binding",EcoGene suggests alternate start codon,b0869,12.05512824,12.14802207,11.86784686,11.98339797,12.22173862,12.20769342
b0870,"L-allo-threonine aldolase, PLP-dependent",low-specificity L-threonine aldolase; go_component: cytoplasm [goid 0005737]; go_process: glycine biosynthesis [goid 0006545],b0870,12.58918968,12.54789895,12.50765722,12.53316456,12.61894009,12.55945773
b0871,pyruvate dehydrogenase,catalyzes the formation of acetate from pyruvate; go_component: cytoplasm [goid 0005737]; go_function: electron donor activity [goid 0009053]; go_process: carbohydrate catabolism [goid 0016052]; go_process: pyruvate catabolism [goid 0042867],b0871,13.449858,13.34191356,13.66361457,13.58061763,13.45823024,13.38204779
b0872,NADH oxidoreductase for HCP,NADH oxidoreductase for hcp gene product,b0872,10.58183718,10.30278406,10.88248813,10.8982279,10.18865548,10.33953189
b0873,hydroxylamine reductase,catalyzes the reduction of hydroxylamine to ammonia and water,b0873,9.286923123,9.098333493,9.313736763,9.28763733,9.10339957,9.147220623
b0874,putative surface protein,EcoGene suggests alternate start codon,b0874,9.629568452,10.05679283,9.32591793,9.350138498,10.41200786,10.16380347
b0875,aquaporin Z,porin involved in osmoregulation allowing water to move into and out of the cell inresponse to osmotic pressure; go_component: inner membrane [goid 0019866]; go_process: response to osmotic stress [goid 0006970],b0875,10.41443276,10.25829149,10.48902464,10.4886651,10.30969166,10.3672156
b0876,"conserved protein, nucleotide triphosphate hydrolase domain",,b0876,10.24024059,10.29713679,10.70025049,10.69335038,10.25534777,10.25123509
b0877,putative enzyme,,b0877,14.11017504,14.20159312,14.32520985,14.17588926,14.25149075,13.96640474
b0878,accessory protein to ABC-type macrolide transport protein MacB,EcoGene suggests alternate start codon; macrolide-specific efflux protein; go_component: inner membrane [goid 0019866],b0878,11.58702496,11.38934403,11.57905182,11.71531183,11.32134257,11.34922086
b0879,"macrolide transport protein (ABC superfamily, atp_bind (N-terminal), membrane (C-terminal))",macrolide-specific ABC-type efflux carrier; go_component: inner membrane [goid 0019866],b0879,10.76433363,10.68886989,10.65090862,10.61743779,10.76537216,10.75685449
b0880,"DNA replication inhibitor, nucleic acid-binding domain",stress induced DNA replication inhibitor.; go_component: cytoplasm [goid 0005737],b0880,13.91882987,13.66369119,14.47618379,13.96688521,13.58467985,13.20002533
b0881,ATP-dependent Clp protease adaptor protein ClpS,involved in the modulation of the specificity of the ClpAP-mediated ATP-dependent protein degradation; binds to the N-terminal domain of the chaperone ClpA,b0881,14.86287266,14.80205117,14.8661952,15.20880909,14.67106878,14.74479342
b0882,ATP-binding component of serine protease,ATP-dependent specificity subunit of clpA-clpP serine protease; go_component: cytoplasm [goid 0005737],b0882,14.82936834,14.55344338,14.87157953,14.89701518,14.48073458,14.48399056
b0884,translation initiation factor IF-1,Stimulates the activities of initiation factors IF-2 andIF-3; go_component: cytoplasm [goid 0005737]; go_process: protein biosynthesis [goid 0006412],b0884,14.64481161,14.83553232,14.18782264,14.18322392,15.30641257,14.97848815
b0885,leucyl/phenylalanyl-tRNA--protein transferase,"leucyltransferase; phenylalanyltransferse; functions in the N-end rule pathway; transfers Leu, Phe, Met, from aminoacyl-tRNAs to N-terminal of proteins with Arg or Lys; go_component: cytoplasm [goid 0005737]; go_process: proteolysis and peptidolysis [goid 0006508]",b0885,10.43306391,10.49525059,10.62208393,10.40708109,10.69705967,10.64804673
b0886,ATP-binding component of cytochrome-related transport,"cytochrome-related transport protein (ABC superfamily, membrane (N-terminal), atp_bind (C-terminal)); go_component: inner membrane [goid 0019866]",b0886,11.75783257,11.75925834,11.83871079,11.78308904,11.68934023,11.73507389
b0887,"ATP-binding component of cytochrome-related transport, Zn sensitive","cytochrome-related transport protein (ABC superfamily, membrane (N-terminal), atp_bind (C-terminal)); go_component: inner membrane [goid 0019866]",b0887,12.24767844,12.20614149,12.26713237,12.17657872,11.95836358,11.9945537
b0888,thioredoxin reductase,"thioredoxin reductase, FAD/NAD(P)-binding; go_component: cytoplasm [goid 0005737]",b0888,13.28068748,13.20693883,13.15877857,13.08653539,13.27630951,13.13874854
b0889,regulator for leucine (or lrp) regulon and high-affinity branched-chain amino acid transport system,transcriptional regulator of lrp regulon and for high-affinity branched-chain amino acid transport system (AsnC family); go_component: cytoplasm [goid 0005737]; go_function: transcriptional activator activity [goid 0016563]; go_function: transcriptional repressor activity [goid 0016564]; go_process: leucine biosynthesis [goid 0009098]; go_process: transcription [goid 0006350],b0889,13.78157359,13.69182983,13.64571453,13.69183768,13.61864855,13.4832395
b0890,cell division protein,"cell division protein, required for chromosome partitioning; go_component: inner membrane [goid 0019866]; go_process: SOS response [goid 0009432]",b0890,13.34426712,13.34214893,13.39470282,13.30131533,13.31018355,13.36457144
b0891,outer-membrane lipoprotein carrier protein precursor,participates with LolB in the incorporation of lipoprotein into the outer membrane; go_component: periplasmic space [goid 0042597],b0891,14.59332808,14.45162609,14.60310909,14.69318284,14.39494078,14.50560335
b0892,putative polynucleotide enzyme,,b0892,12.35426432,12.33583095,12.36868548,12.37874071,12.43573647,12.46615941
b0893,seryl-tRNA synthetase,"catalyzes a two-step reaction, first charging a serine molecule by linking its carboxyl group to the alpha-phosphate of ATP, followed by transfer of the aminoacyl-adenylate to its tRNA; go_component: cytoplasm [goid 0005737]; go_process: amino acid activation [goid 0006418]",b0893,14.24865999,14.28473715,14.44325237,14.39620785,14.20721525,14.32734715
b0894,"anaerobic dimethyl sulfoxide (DMSO) reductase, subunit A",EcoGene suggests alternate start codon; anaerobic dimethyl sulfoxide reductase subunit A; go_component: inner membrane [goid 0019866]; go_function: electron acceptor activity [goid 0009054]; go_process: anaerobic respiration [goid 0009061],b0894,11.90936387,11.22738626,12.87377764,12.83467297,10.10338969,10.79086724
b0895,"anaerobic dimethyl sulfoxide (DMSO) reductase, subunit B",anaerobic dimethyl sulfoxide reductase subunit B; go_component: inner membrane [goid 0019866]; go_function: electron acceptor activity [goid 0009054]; go_process: anaerobic respiration [goid 0009061],b0895,8.931535285,8.820661775,9.875381167,9.682452506,8.488143662,8.57425284
b0896,"anaerobic dimethyl sulfoxide (DMSO) reductase, subunit C",anaerobic dimethyl sulfoxide reductase subunit C; go_component: inner membrane [goid 0019866]; go_function: electron acceptor activity [goid 0009054]; go_process: anaerobic respiration [goid 0009061],b0896,8.182043138,8.300334999,8.575033323,8.469954771,8.202137981,8.331171835
b0897,putative cysteine hydrolase,go_process: amino acid catabolism [goid 0009063],b0897,12.21658861,12.02525429,12.45901823,12.35117836,11.95361936,11.78010864
b0898,putative MFS family transporter protein,go_component: inner membrane [goid 0019866],b0898,9.280791724,9.328664806,9.267578003,9.230662068,9.37527813,9.355688889
b0899,putative amino-acid transport protein (APC family),EcoGene suggests alternate start codon; putative transporter; go_component: inner membrane [goid 0019866],b0899,8.51541441,8.351222778,8.522269701,8.387485796,8.480339452,8.644110844
b0900,putative transcriptional regulator (LysR family),putative transcriptional regulator LYSR-type; go_function: transcriptional activator activity [goid 0016563]; go_function: transcriptional repressor activity [goid 0016564]; go_process: transcription [goid 0006350],b0900,8.241873259,7.965805525,8.43803136,8.447813352,7.926602484,7.952938416
b0901,putative electron transfer flavoprotein-NAD/FAD/quinone oxidoreductase,go_function: electron carrier activity [goid 0009055],b0901,11.04270339,10.84399544,10.91123508,11.10309517,10.88519776,10.92101438
b0902,pyruvate formate lyase activating enzyme 1,go_component: cytoplasm [goid 0005737]; go_process: anaerobic respiration [goid 0009061]; go_process: protein modification [goid 0006464],b0902,12.4246158,12.32913963,12.38193313,12.49457662,12.23658224,12.25306263
b0903,formate acetyltransferase 1,"pyruvate formate lyase I, induced anaerobically; go_component: cytoplasm [goid 0005737]; go_process: anaerobic respiration [goid 0009061]; go_process: amino acid catabolism [goid 0009063]",b0903,15.08201992,15.1838428,15.31042034,15.47161631,14.65118158,14.74801546
b0904,formate transport protein (formate channel 1) (FNT family),probable formate transporter (formate channel 1); go_component: inner membrane [goid 0019866]; go_process: carbohydrate catabolism [goid 0016052],b0904,15.54783256,15.13137336,15.54940469,15.46264592,14.56793958,14.76518816
b0905,hypothetical protein,EcoGene suggests alternate start codon,b0905,11.29687178,11.72467693,11.28197757,11.20799455,11.86879354,11.77847555
b0906,hypothetical protein,,b0906,12.75168972,12.52481086,12.49478635,12.68752015,12.53871208,12.59242272
b0907,phosphoserine aminotransferase,catalyzes the formation of 3-phosphonooxypyruvate and glutamate from O-phospho-L-serine and 2-oxoglutarate; go_component: cytoplasm [goid 0005737]; go_process: L-serine biosynthesis [goid 0006564],b0907,15.67879786,15.83000541,15.21340557,15.19847218,15.94433693,15.85412393
b0908,3-phosphoshikimate 1-carboxyvinyltransferase,catalyzes the formation of 5-O-(1-carboxyvinyl)-3-phosphoshikimate from phosphoenolpyruvate and 3-phosphoshikimate in tryptophan biosynthesis; go_process: chorismate biosynthesis [goid 0009423],b0908,14.61234607,14.75087876,14.24318981,14.31045563,14.79290519,14.80325149
b0909,putative heat shock protein,EcoGene suggests alternate start codon; go_process: response to temperature [goid 0009266],b0909,8.686921531,8.589249909,8.545552191,8.557302926,8.928029422,8.687625849
b0910,cytidylate kinase,"catalyzes the formation of (d)CDP from ATP and (d)CMP; go_component: cytoplasm [goid 0005737]; go_process: nucleobase, nucleoside and nucleotide interconversion [goid 0015949]",b0910,12.51483198,12.82675195,12.33533272,12.33572956,13.15771701,13.02578386
b0911,30S ribosomal protein S1,Binds mRNA to the ribosomes and plays a role in delivering transfer-messenger RNA to stalled ribosomes; go_component: cytosolic ribosome (sensu Bacteria) [goid 0009281]; go_component: cytoplasm [goid 0005737]; go_function: structural constituent of ribosome [goid 0003735]; go_process: protein biosynthesis [goid 0006412],b0911,16.88936261,17.11791833,16.5989833,16.50275303,17.19705543,17.27161976
b0912,integration host factor beta subunit,"This protein is one of the two subunits of integration host factor, a specific DNA-binding protein that functions in genetic recombination as well as in transcriptional and translational control; go_component: cytoplasm [goid 0005737]; go_process: DNA recombination [goid 0006310]",b0912,15.72702869,15.52974865,15.88068376,15.67370009,15.51665062,15.50268327
b0913,"putative recombination protein, metallo-hydrolase domain",EcoGene suggests alternate start codon,b0913,8.055983228,8.086254639,8.125541509,8.069478937,8.045150554,8.13780044
b0914,ATP-binding transport protein; multicopy suppressor of htrB,"multidrug transport protein (ABC superfamily, membrane (N-terminal), atp_bind (C-terminal)); go_component: inner membrane [goid 0019866]",b0914,11.67115677,12.07249154,11.57758846,11.40116726,12.21762659,12.07784268
b0915,tetraacyldisaccharide 4'-kinase,"Transfers the gamma-phosphate of ATP to the 4' position of a tetraacyldisaccharide 1-phosphate intermediate to form tetraacyldisaccharide 1,4'-bis-phosphate; go_component: capsule (sensu Bacteria) [goid 0030113]; go_component: inner membrane [goid 0019866]; go_function: cell surface antigen activity, host-interacting [goid 0042280]; go_process: lipopolysaccharide core region biosynthesis [goid 0009244]; go_process: lipid A biosynthesis [goid 0009245]; go_process: K antigen biosynthesis [goid 0009248]",b0915,11.49105196,11.58020953,11.23052022,11.24039178,11.76936323,11.76574363
b0916,hypothetical protein,,b0916,9.875423959,9.885769546,9.682053328,9.607567217,10.0046837,10.05745448
b0917,unknown CDS,,b0917,13.41625802,13.45234457,13.4282937,13.27197687,13.50078676,13.44425187
b0918,3-deoxy-manno-octulosonate cytidylyltransferase,"catalyzes the formation of CMP-3-deoxy-D-manno-octulosonate from CTP and 3-deoxy-D-manno-octulosonate which is incorporated into LPS; go_component: capsule (sensu Bacteria) [goid 0030113]; go_component: cytoplasm [goid 0005737]; go_function: cell surface antigen activity, host-interacting [goid 0042280]; go_process: lipopolysaccharide core region biosynthesis [goid 0009244]; go_process: lipid A biosynthesis [goid 0009245]; go_process: K antigen biosynthesis [goid 0009248]",b0918,12.93713175,13.04917835,13.08644517,12.86944968,13.08635727,13.00981908
b0919,hypothetical protein,,b0919,11.77181736,11.49053195,12.48969211,12.54193543,10.93785155,11.62562003
b0920,putative enzyme,,b0920,9.965207673,9.918109299,9.976909465,9.934431526,10.03033579,9.965434499
b0921,S-adenosylmethionine-dependentmethyltransferase,go_process: glycerol metabolism [goid 0006071],b0921,12.92933508,12.99557782,12.99117548,13.13900728,13.03324948,13.09863285
b0922,condesin subunit F,acts with MukB and MukE to condense the chromosome and allow for segregation during cell division,b0922,12.20906443,12.40567461,12.25526622,12.30151118,12.40833711,12.47671852
b0923,condesin subunit E,acts with MukB and MukF to condense the chromosome and allow for segregation during cell division,b0923,12.39805951,12.6486555,12.28147426,12.53396951,12.62845482,12.75584072
b0924,condesin subunit B,the structural maintenance of chromosomes (SMC) moiety of the condensin MukBEF,b0924,12.81441948,12.8854458,12.81098933,12.83757284,12.8679305,13.00099593
b0925,putative amidase,putative carboxypeptidase (N-terminal),b0925,12.07346041,11.95460897,12.54420579,12.57230716,11.94345125,12.0021123
b0926,hypothetical protein,,b0926,14.52296774,14.35210446,14.33564417,14.44054336,14.41651507,14.35300724
b0927,putative enzyme,,b0927,13.50178972,13.49204004,13.32055784,13.16420716,13.70965182,13.55372434
b0928,aspartate aminotransferase,catalyzes the formation of L-glutamate and oxaloacetate from L-aspartate and 2-oxoglutarate; go_component: cytoplasm [goid 0005737]; go_process: amino acid catabolism [goid 0009063]; go_process: aspartate biosynthesis [goid 0006532],b0928,14.68235545,14.85056142,14.59924026,14.56746168,15.05376819,14.99236857
b0929,outer membrane pore protein 1a (Ia;b;F),outer membrane protein 1a (Ia;b;F); go_component: external outer membrane (sensu Gram-negative Bacteria) [goid 0009279],b0929,16.09994633,15.98675933,15.76188224,15.14038538,15.52823344,15.65151776
b0930,asparaginyl-tRNA synthetase,"Catalyzes a two-step reaction, first charging an asparagine molecule by linking its carboxyl group to the alpha-phosphate of ATP, followed by transfer of the aminoacyl-adenylate to its tRNA; go_component: cytoplasm [goid 0005737]; go_process: amino acid activation [goid 0006418]",b0930,14.49283659,14.74539296,14.21484731,14.14733648,14.94736394,14.80748201
b0931,nicotinate phosphoribosyltransferase,catalyzes the formation of nictonate and 5-phospho-alpha-D-ribose 1-diphosphate from nicotinate D-ribonucleotide and diphosphate; go_component: periplasmic space [goid 0042597]; go_process: nicotinamide adenine dinucleotide biosynthesis [goid 0009435],b0931,13.35842952,13.77454694,13.39390231,13.36508763,13.93706914,13.79914477
b0932,aminopeptidase N,"aminopeptidase N, a cysteinylglycinase",b0932,13.02613074,13.1109291,13.22582971,13.31467657,13.03971787,13.17948685
b0933,"alkanesulfonate transport protein (ABC superfamily, atp_bind)",probable ATP-binding component of ABC transporter; go_component: cytoplasm [goid 0005737]; go_process: sulfur metabolism [goid 0006790],b0933,9.989538935,10.03930228,9.947597642,10.0970478,10.01280171,10.13630341
b0934,"alkanesulfonate transport protein (ABC superfamily, membrane)",EcoGene suggests alternate start codon; probable permease component of ABC transporter; go_component: periplasmic space [goid 0042597]; go_process: phosphorus metabolism [goid 0006793],b0934,10.89237651,10.91631464,10.86536015,10.96536061,10.8719718,11.10209611
b0935,alkanesulfonate monooxygenase,catalyzes the release of sulfite from alkanesulfonates; go_process: sulfur metabolism [goid 0006790],b0935,10.46293748,10.36923649,10.29781745,10.39038413,10.32779276,10.4617596
b0936,"alkanesulfonate transport protein (ABC superfamily, peri_bind)",EcoGene suggests alternate start codon; putative aliphatic sulfonates binding protein; go_component: periplasmic space [goid 0042597]; go_process: phosphorus metabolism [goid 0006793],b0936,7.723794444,7.788206392,7.640733849,7.590122085,7.732381486,7.875240814
b0937,NAD(P)H-dependent FMN reductase,"NAD(P)H-dependent FMN reductase, sulfate starvation-induced protein; go_function: electron carrier activity [goid 0009055]; go_process: sulfur metabolism [goid 0006790]; go_process: response to starvation [goid 0042594]",b0937,7.480312385,7.761803784,7.48930106,7.692100371,7.704270255,7.764004113
b0938,putative fimbrial-like protein,EcoGene suggests alternate start codon; go_component: fimbria [goid 0009289],b0938,7.999288722,7.723724513,7.853783531,7.729172463,7.735718314,7.663181757
b0939,putative fimbrial chaperone,putative periplasmic chaperone; go_process: protein folding [goid 0006457],b0939,7.077043757,7.009653999,6.975269846,7.004309075,6.963211927,7.08713071
b0940,putative outer membrane usher protein,go_component: external outer membrane (sensu Gram-negative Bacteria) [goid 0009279],b0940,9.044811744,8.976889145,8.943149796,9.06823039,9.015710654,9.092973543
b0941,putative fimbrial-like protein,go_component: fimbria [goid 0009289],b0941,8.635361572,8.582679727,8.579347597,8.639757537,8.602618337,8.593269756
b0942,putative fimbrial-like protein,go_component: fimbria [goid 0009289],b0942,10.93587522,10.84241249,10.78990656,10.97058075,10.75460928,10.97334387
b0943,putative fimbrial-like protein,EcoGene suggests alternate start codon; go_component: fimbria [goid 0009289],b0943,8.255960592,8.189443519,8.176854161,8.146911307,8.210660849,8.297246399
b0944,putative fimbrial chaperone,EcoGene suggests alternate start codon; putative periplasmic chaperone; go_process: protein folding [goid 0006457],b0944,9.643002125,9.395514188,9.441597349,9.453136608,9.486986361,9.532745908
b0945,dihydroorotate dehydrogenase,Catalyzes (S)-dihydroorotate + O(2) = orotate + H(2)O(2) in the pyrimidine biosynthesis pathway; go_component: cytoplasm [goid 0005737]; go_process: pyrimidine nucleotide biosynthesis [goid 0006221],b0945,12.022226,12.99481434,11.84161868,11.99789339,13.04550786,13.00869818
b0946,hypothetical protein,EcoGene suggests alternate start codon,b0946,11.71408218,11.69093483,11.88636518,11.68727304,11.9051855,11.68992168
b0947,putative Fe-S protein,go_function: electron carrier activity [goid 0009055],b0947,11.1793695,11.32501982,11.27264903,11.2703397,11.31299738,11.33593558
b0948,putative methyltransferase,putative oxidoreductase,b0948,11.31084351,11.74934669,11.25202111,11.24409458,12.01157795,11.97765796
b0949,putative ATP-binding component of a transport system,"putative transport protein (ABC superfamily, atp_bind); go_component: cytoplasm [goid 0005737]",b0949,12.43657541,12.41431413,12.18369114,12.1920305,12.47040186,12.47704473
b0950,paraquat-inducible protein A,"paraquat-inducible protein A, membrane",b0950,11.19990458,11.24192183,11.18057876,11.30181714,11.28612495,11.31225325
b0951,paraquat-inducible protein B,,b0951,10.97952216,11.19923447,10.81390221,11.0012533,11.10632121,11.12472407
b0952,hypothetical protein,,b0952,12.16809717,12.14972071,11.9852263,12.13017885,12.09019647,12.11710361
b0953,ribosome modulation factor,go_component: cytosolic ribosome (sensu Bacteria) [goid 0009281]; go_component: cytoplasm [goid 0005737]; go_process: protein folding [goid 0006457],b0953,16.48426101,16.06364072,16.54269031,16.40354322,16.14353995,15.89073904
b0954,3-hydroxydecanoyl-ACP dehydratase,"catalyzes the dehydration of (3R)-3-hydroxydecanoyl-ACP to 2,3-decenoyl-ACP or 3,4-decenoyl-ACP",b0954,14.25364977,14.29381692,13.97010642,14.01585702,14.42748981,14.25458466
b0955,putative ATP-dependent protease,go_process: proteolysis and peptidolysis [goid 0006508],b0955,12.56104062,12.65543979,12.54974304,12.42536927,12.72526886,12.76929595
b0956,hypothetical protein,,b0956,10.5912882,10.38782304,10.70857196,10.87610433,10.42826309,10.39630711
b0957,outer membrane protein 3a (II*;G;d),go_component: external outer membrane (sensu Gram-negative Bacteria) [goid 0009279],b0957,17.05819454,16.894347,17.1316891,16.93619496,16.9492201,16.88827162
b0958,suppressor of lon; inhibitor of cell division and FtsZ ring formation upon DNA damage/inhibition,suppressor of lon; inhibits cell division and ftsZ ring formation; go_component: periplasmic space [goid 0042597]; go_process: DNA repair [goid 0006281]; go_process: SOS response [goid 0009432],b0958,15.79484635,15.7650566,15.88654311,15.83399133,15.45704656,15.35762916
b0959,hypothetical protein,,b0959,11.63789318,11.43809373,11.81898187,11.84226913,11.31081419,11.27200264
b0960,putative efflux transport protein (PET family),EcoGene suggests alternate start codon,b0960,9.988412675,10.36147155,9.914941799,9.814949513,10.5187021,10.39235194
b0961,hypothetical protein,,b0961,10.976209,11.22420682,11.11356642,10.9935868,11.27221733,11.2251162
b0962,DNA helicase IV,go_component: cytoplasm [goid 0005737]; go_process: DNA dependent DNA replication [goid 0006261],b0962,12.57957273,12.37072798,12.69064993,12.67977883,12.27549339,12.33961099
b0963,methylglyoxal synthase,catalyzes the formation of methylglyoxal from glycerone phosphate; go_component: cytoplasm [goid 0005737]; go_process: methylglyoxal metabolism [goid 0009438],b0963,14.37143386,14.14804635,14.37364405,14.20835541,14.12635005,14.01575653
b0964,hypothetical protein,,b0964,9.154534467,8.91226102,9.309050842,9.061707205,8.922360096,8.88874615
b0965,protein (unknown function),EcoGene suggests alternate start codon; putative NAD(P)-binding enzyme,b0965,13.26910388,13.32298775,13.11941033,13.28791304,13.3381131,13.18149052
b0966,hypothetical protein,EcoGene suggests alternate start codon,b0966,12.719692,12.72742017,12.90656487,12.9037734,12.69378896,12.72941692
b0967,putative methyltransferase,EcoGene suggests alternate start codon; putative oxidoreductase,b0967,11.73856758,12.07727216,11.57915056,11.65107556,12.31439235,12.29041785
b0968,putative phosphohydrolase,,b0968,11.94840907,11.76466153,11.90477332,11.95024974,11.70027765,11.76812885
b0969,putative sulfite reductase,EcoGene suggests alternate start codon,b0969,11.29549275,11.45504463,11.22447369,11.20001057,11.60122744,11.3578275
b0970,putative carrier/transport protein,putative transport protein (TEGT family); go_component: cytoplasm [goid 0005737],b0970,14.63045109,14.66026133,14.66137631,14.72837648,14.76114611,14.60100229
b0972,hydrogenase-1 small subunit,"hydrogenase-1, small subunit; go_component: inner membrane [goid 0019866]; go_function: electron donor activity [goid 0009053]; go_process: aerobic respiration [goid 0009060]; go_process: anaerobic respiration [goid 0009061]",b0972,8.52970705,8.524469839,8.64694136,8.706502603,8.471240414,8.503544516
b0973,hydrogenase-1 large subunit,"hydrogenase-1, large subunit; go_component: inner membrane [goid 0019866]; go_function: electron donor activity [goid 0009053]; go_process: aerobic respiration [goid 0009060]; go_process: anaerobic respiration [goid 0009061]",b0973,9.106462055,9.186719736,9.104260418,9.218295794,9.086622222,9.278287094
b0974,probable Ni/Fe-hydrogenase 1 b-type cytochrome subunit,"putative Ni/Fe-hydrogenase, 1 b-type cytochrome subunit; go_component: inner membrane [goid 0019866]; go_function: electron donor activity [goid 0009053]; go_process: aerobic respiration [goid 0009060]; go_process: anaerobic respiration [goid 0009061]; go_process: cytochrome biogenesis [goid 0017004]",b0974,11.07083537,10.83821962,10.91664567,10.80966183,11.00105123,11.01570567
b0975,processing of HyaA and HyaB proteins,go_process: aerobic respiration [goid 0009060]; go_process: anaerobic respiration [goid 0009061]; go_process: protein folding [goid 0006457],b0975,10.30382811,10.15496878,10.17820603,10.24977961,10.1450847,10.32138699
b0976,processing of HyaA and HyaB proteins,"processing of HyaA and HyaB proteins, thioredoxin-like domain; go_process: aerobic respiration [goid 0009060]; go_process: anaerobic respiration [goid 0009061]; go_process: protein folding [goid 0006457]",b0976,10.68614676,10.50852348,10.50750122,10.62109487,10.55274519,10.59417682
b0977,nickel incorporation into hydrogenase-1 proteins,go_process: aerobic respiration [goid 0009060]; go_process: anaerobic respiration [goid 0009061]; go_process: protein folding [goid 0006457],b0977,9.598921974,9.403485499,9.4838972,9.456536565,9.557121128,9.507894097
b0978,"cytochrome oxidase bd-II, subunit I","probable third cytochrome oxidase, subunit I; go_component: inner membrane [goid 0019866]; go_function: electron acceptor activity [goid 0009054]",b0978,8.838071342,8.935172118,8.914229479,8.944792245,8.91786393,8.966890232
b0979,"cytochrome oxidase bd-II, subunit II","probable third cytochrome oxidase, subunit II; go_component: inner membrane [goid 0019866]; go_function: electron acceptor activity [goid 0009054]",b0979,10.02596292,9.945510768,9.868863536,9.964666507,9.96020546,10.0546415
b0980,phosphoanhydride phosphorylase; pH 2.5 acid phosphatase; periplasmic,phytase and phosphoanhydride phosphorylase (pH 2.5 acid phosphatase); go_component: periplasmic space [goid 0042597]; go_process: phosphorus metabolism [goid 0006793]; go_process: response to starvation [goid 0042594],b0980,9.822649461,9.759005329,9.79195065,9.855555521,9.765940917,9.820706021
b0981,"tyrosine-protein kinase ETK, autophosphorylates",go_component: inner membrane [goid 0019866]; go_process: protein modification [goid 0006464],b0981,8.217952212,8.234164422,8.168815448,8.24774373,8.244627537,8.171212206
b0982,putative phosphatase,EcoGene suggests alternate start codon; putative protein-tyrosine-phosphatase; go_process: protein modification [goid 0006464],b0982,9.054063244,8.991512125,9.130323725,9.200999717,8.941756632,9.010085852
b0983,putative function in exopolysaccharide production,putative outer membrane protein; go_component: external outer membrane (sensu Gram-negative Bacteria) [goid 0009279],b0983,7.382608263,7.382514024,7.354734359,7.443486248,7.402075701,7.430818353
b0984,hypothetical protein,,b0984,7.973686685,7.810567383,7.710133816,7.865086209,7.860065851,7.949465803
b0985,hypothetical protein,,b0985,6.986885865,7.045666771,6.94306065,7.031613027,7.041212058,7.048338814
b0986,putative regulator,putative synthetase,b0986,6.546452271,6.523176519,6.506991824,6.524584555,6.484152213,6.568067816
b0987,putative membrane glycoprotein,EcoGene suggests alternate start codon,b0987,9.987838261,10.0460254,9.909911747,10.06247644,10.01385226,10.18099032
b0988,IS1 protein InsB,,b0988,12.70250796,12.54297,12.60096388,12.66059724,12.52891607,12.65604
b0989,cold shock-like protein,"cold shock-like protein, nucleic acid-binding domain; go_process: response to temperature [goid 0009266]",b0989,12.55383686,11.5622836,11.88007455,11.9466353,11.99271235,11.68176624
b0990,homolog of Salmonella cold shock protein,"low-temperature-responsive gene, nucleic acid-binding domain; go_process: response to temperature [goid 0009266]",b0990,16.35509455,15.8513031,15.39720823,15.28640767,16.09681583,16.18232204
b0991,suppresses fabA and ts growth mutation,,b0991,9.90501192,9.693598096,8.924863268,9.324737942,9.836067482,9.97980348
b0992,putative ferredoxin-type protein,,b0992,9.340960525,9.023176513,9.669509096,9.760542637,8.78562576,9.004157208
b0993,"hybrid sensory histidine kinase in two-component regulatory system with TorR, regulates TMAO reductase regulatory system I, senses TMAO",EcoGene suggests alternate start codon; sensor protein torS (regulator TorR); go_component: inner membrane [goid 0019866]; go_process: anaerobic respiration [goid 0009061]; go_process: protein modification [goid 0006464],b0993,9.188994678,9.130968669,9.135271492,9.261825307,9.116075484,9.215624497
b0994,"part of regulation of tor operon, periplasmic",periplasmic sensory protein associated with the TorRS two-component regulatory system; go_component: periplasmic space [goid 0042597]; go_process: anaerobic respiration [goid 0009061]; go_process: protein modification [goid 0006464],b0994,10.30718527,10.18712637,10.46861106,10.47071733,10.20705,10.26784035
b0995,"response regulator in two-component regulatory system with TorS, regulates TMAO reductase regulatory system I (torCAD)",response transcriptional regulator for torA (sensor TorS); go_component: cytoplasm [goid 0005737]; go_function: transcriptional activator activity [goid 0016563]; go_process: anaerobic respiration [goid 0009061]; go_process: transcription [goid 0006350],b0995,11.1026688,10.99374487,11.16157451,11.25600336,11.02394976,10.95892377
b0996,"cytochrome c-type protein in TMAO respiration; with TorA, also negativer regulator of tor operon","trimethylamine N-oxide reductase, cytochrome c-type subunit; go_component: periplasmic space [goid 0042597]; go_function: electron carrier activity [goid 0009055]; go_function: transcriptional repressor activity [goid 0016564]; go_process: anaerobic respiration [goid 0009061]; go_process: cytochrome biogenesis [goid 0017004]; go_process: transcription [goid 0006350]",b0996,7.168953111,7.122943076,7.143634587,7.243806311,7.152202638,7.198428564
b0997,trimethylamine N-oxide reductase subunit,"trimethylamine N-oxide reductase system I, with TorC; go_component: periplasmic space [goid 0042597]; go_function: electron acceptor activity [goid 0009054]; go_process: anaerobic respiration [goid 0009061]",b0997,9.709485442,9.668336919,9.656257026,9.769004494,9.645354112,9.796855361
b0998,chaperone protein TorD,"TorD;Involved in the biogenesis of torA. Acts on torA before the insertion of the molybdenum cofactor and, as a result, probably favors a conformation of the apoenzyme that is competent for acquiring the cofactor; go_component: cytoplasm [goid 0005737]; go_process: protein folding [goid 0006457]",b0998,9.562681658,9.395784216,9.551515036,9.431550172,9.472362183,9.553306139
b0999,hypothetical protein,,b0999,12.18677538,12.05026306,12.61378188,12.3853899,11.96448035,11.86230928
b1000,"curved DNA-binding protein, co-chaperone of DnaK (Hsp40 family)",curved DNA-binding protein; functions closely related to DnaJ; go_component: cytoplasm [goid 0005737]; go_process: protein folding [goid 0006457],b1000,13.72144739,13.53960366,14.06880195,14.01597583,13.40434598,13.39538152
b1001,putative hemoglobin-binding protein,,b1001,7.054336038,6.985026247,7.008216273,7.04229955,6.975743604,7.002934564
b1002,glucose-1-phosphatase,periplasmic glucose-1-phosphatase; go_component: periplasmic space [goid 0042597]; go_process: glucose metabolism [goid 0006006],b1002,12.40963552,12.28588215,12.56055798,12.45479419,12.24924757,12.18281253
b1003,unknown CDS,,b1003,14.24621551,13.95084534,14.60491063,14.9102106,13.55561544,13.44283723
b1004,TrpR binding protein WrbA,stationary phase protein that binds TrpR repressor; go_component: cytoplasm [goid 0005737]; go_process: tryptophan biosynthesis [goid 0000162],b1004,14.65725938,14.30583465,14.95901339,14.95148349,14.05289839,14.0927766
b1005,unknown CDS,,b1005,13.5610624,13.17715191,13.49259683,13.8299294,13.55366226,12.9954424
b1006,putative transport protein,EcoGene suggests alternate start codon; putative uracil transport protein (NCS2 family); go_component: inner membrane [goid 0019866],b1006,9.725839594,9.675587133,9.705612846,9.896272251,9.681187308,9.791913046
b1007,putative flavin:NADH reductase,EcoGene suggests alternate start codon; putative oxidoreductase component,b1007,7.976775048,8.05325583,7.898163841,8.052489199,7.912607888,8.060360409
b1008,hypothetical protein,,b1008,8.010332729,8.065509673,7.950424077,8.21183161,8.003241109,8.132442432
b1009,putative hydrolase,,b1009,7.768811213,7.727138141,7.691207801,7.839603308,7.745215608,7.847116999
b1010,hypothetical protein,,b1010,10.12725272,10.05951439,10.0518199,10.2490561,9.940488719,10.14135949
b1011,hypothetical isochorismatase family protein,EcoGene suggests alternate start codon; putative amidohydrolase,b1011,7.993247814,7.84418658,7.857292253,7.972341743,7.85561362,7.946625434
b1012,putative enzyme,putative monooxygenase,b1012,8.947146832,8.864918061,8.719462181,8.993554687,8.817228025,8.943180633
b1013,hypothetical transcriptional regulator,putative transcriptional repressor (TetR/AcrR family); go_function: transcriptional repressor activity [goid 0016564]; go_process: transcription [goid 0006350],b1013,12.37615913,12.07634144,12.32594128,12.3159445,12.12555751,12.0748577
b1014,multifunctional: proline dehydrogenase (in membrane); pyrroline-5-carboxylate dehydrogenase (in membrane); transcriptional repressor of proline synthesis (in cytoplasm),"proline dehydrogenase, P5C dehydrogenase; go_component: cytoplasm [goid 0005737]; go_function: electron donor activity [goid 0009053]; go_function: transcriptional repressor activity [goid 0016564]; go_process: amino acid catabolism [goid 0009063]; go_process: transcription [goid 0006350]",b1014,10.61360194,10.75783079,10.83456782,10.7453377,10.67138581,10.85502622
b1015,major sodium/proline symporter,major sodium:proline symporter (SSS family); go_component: inner membrane [goid 0019866]; go_function: proline:sodium symporter activity [goid 0005298]; go_process: proline biosynthesis [goid 0006561],b1015,11.75173567,11.94470525,11.63375215,11.63863539,12.04175527,12.07020202
b1018,hypothetical protein,,b1018,12.23566591,12.65449755,11.94078972,11.96444708,12.5994679,12.70231001
b1019,hypothetical protein,,b1019,10.98874327,11.45880532,10.81476916,10.63982937,11.4034995,11.58499692
b1020,"PhoB-dependent, ATP-binding pho regulon component","PhoB-dependent, ATP-binding pho regulon component; may be helicase; induced by P starvation; go_component: cytoplasm [goid 0005737]; go_process: phosphorus metabolism [goid 0006793]; go_process: response to starvation [goid 0042594]",b1020,10.40159156,10.34347854,10.60374546,10.51255885,10.95148693,10.71626835
b1021,hypothetical protein,,b1021,9.173768588,8.888048405,9.012830537,9.079594451,9.026230992,8.72907579
b1022,putative transport protein (VGP family),go_component: inner membrane [goid 0019866],b1022,7.056916498,7.017632567,6.899729838,6.894799824,7.04722974,7.111825859
b1023,putative lipoprotein,go_component: inner membrane [goid 0019866],b1023,6.669415968,6.695725884,6.622622577,6.710942737,6.633897826,6.709019068
b1024,putative outer membrane protein,go_component: external outer membrane (sensu Gram-negative Bacteria) [goid 0009279],b1024,9.229178003,9.148160403,9.131567756,9.20179489,8.99677689,9.128420631
b1025,putative transmembrane protein,,b1025,7.86169428,7.434571247,7.610808439,7.551458028,7.419069053,7.477518733
b1026,putative transposase for IS3,transposase insF for insertion sequence IS3,b1026,11.60796105,11.56546031,11.70070179,11.62620402,11.52225307,11.62177377
b1027,putative transposase-related protein,transposase insE for insertion sequence IS3,b1027,12.00834277,11.97358747,12.17173723,12.07377004,12.03735164,11.91400413
b1028,putative malonyl-CoA:Acyl carrier protein transacylase,EcoGene suggests alternate start codon,b1028,6.629311753,6.578820717,6.591831794,6.560057921,6.604361215,6.593654994
b1029,putative enzyme,,b1029,7.497578832,7.404219292,7.392902814,7.422810734,7.435811169,7.377735961
b1033,2-ketoacid reductase,putative dehydrogenase,b1033,13.01454424,13.0446268,13.06806956,13.30575864,12.91181122,12.95034337
b1034,hypothetical protein,go_process: DNA dependent DNA replication [goid 0006261],b1034,13.39023674,13.33596396,13.27834318,13.34127624,13.42125228,13.40686646
b1035,putative oxidoreductase component,,b1035,12.6563562,12.74684083,12.50727363,12.45379613,12.78511474,12.75894092
b1036,putative transport protein,EcoGene suggests alternate start codon,b1036,11.03941832,11.2616644,10.977268,10.76263987,11.45273417,11.30381917
b1037,"curli production assembly/transport component, 2nd curli operon","putative transcriptional regulator in curly assembly/transport, 2nd curli operon; go_component: fimbria [goid 0009289]; go_component: external outer membrane (sensu Gram-negative Bacteria) [goid 0009279]",b1037,8.932894255,8.829242208,8.829606007,8.823278944,8.899961987,8.777994663
b1038,"curli production assembly/transport component, 2nd curli operon",go_component: fimbria [goid 0009289],b1038,6.74487219,6.921561631,6.620526023,6.630566469,6.839142584,6.788983544
b1039,"curli production assembly/transport component, 2nd curli operon",go_component: fimbria [goid 0009289],b1039,7.577809951,7.46748537,7.438250048,7.355095432,7.508583252,7.467272122
b1040,putative 2-component transcriptional regulator for 2nd curli operon,putative transcriptional activator for curli fiber formation and fibronectin binding (LuxR/UhpA family); go_function: transcriptional activator activity [goid 0016563]; go_process: transcription [goid 0006350],b1040,8.267350343,8.117211891,8.364973179,8.060544311,7.921009358,7.846907904
b1041,"minor curlin subunit precursor, nucleator for assembly of adhesive surface organelles","minor curlin subunit precursor, similar ro CsgA; go_component: fimbria [goid 0009289]; go_component: external outer membrane (sensu Gram-negative Bacteria) [goid 0009279]; go_process: glycoprotein biosynthesis [goid 0009101]",b1041,8.958090479,8.937562408,8.937688079,9.040372719,8.809790003,9.042089571
b1042,"curlin major subunit, coiled surface structures, cryptic","curlin major subunit, coiled surface structures; cryptic; go_component: fimbria [goid 0009289]; go_component: external outer membrane (sensu Gram-negative Bacteria) [goid 0009279]; go_process: glycoprotein biosynthesis [goid 0009101]",b1042,10.35853112,10.32243937,10.31741921,10.31647642,10.13501725,10.32634732
b1043,putative curli production protein,go_component: fimbria [goid 0009289],b1043,6.227360942,6.190395789,6.233281074,6.209647053,6.224089164,6.225985022
b1044,hypothetical protein,,b1044,7.379009405,7.345247642,7.291504284,7.368098735,7.495815711,7.402491673
b1045,hypothetical protein,,b1045,12.87089995,12.81764547,12.89528178,12.94639789,12.74997668,12.88325855
b1046,putative synthase,EcoGene suggests alternate start codon,b1046,11.01339131,11.12832756,11.07265971,11.05632959,11.1410594,11.17549227
b1047,glucans biosynthesis protein,required for the transfer of succinyl residues to the glucan backbone; go_component: inner membrane [goid 0019866]; go_process: glucan biosynthesis [goid 0009250]; go_process: response to osmotic stress [goid 0006970],b1047,7.761859668,8.162187322,7.609943843,7.50908816,8.822742837,8.330982533
b1048,periplasmic glucans biosynthesis protein,go_component: periplasmic space [goid 0042597]; go_process: glucan biosynthesis [goid 0009250]; go_process: response to osmotic stress [goid 0006970],b1048,12.75184952,12.8462825,12.51412333,12.73426886,12.86626785,12.84738023
b1049,glucosyltransferase MdoH,necessary for biosynthesis of osmoregulated periplasmic glucans possibly involved in the transfer to the periplasmic space; go_component: inner membrane [goid 0019866]; go_process: response to osmotic stress [goid 0006970],b1049,12.04548413,12.36391724,11.99738694,12.05352073,12.43267524,12.51704132
b1050,unknown CDS,,b1050,11.11917984,10.97902657,11.02339279,11.06752967,11.0412913,11.1572747
b1051,acidic protein suppresses mutants lacking function of protein export,EcoGene suggests alternate start codon,b1051,14.78057213,14.73047947,14.96866434,15.21522368,14.66933939,14.5299414
b1052,unknown CDS,,b1052,7.383870142,7.935111485,7.594020745,7.745834049,7.763019973,7.793437626
b1053,fosfomycin/multidrug transport protein (MFS family),putative transport protein; go_component: inner membrane [goid 0019866],b1053,8.98464691,9.141853379,9.094089744,9.101914734,9.091105306,9.157151304
b1054,lipid A biosynthesis lauroyl acyltransferase,"Acylates the intermediate (KDO)2-lipid IVA to form (KDO)2-(lauroyl)-lipid IVA; go_component: inner membrane [goid 0019866]; go_function: cell surface antigen activity, host-interacting [goid 0042280]; go_process: lipid A biosynthesis [goid 0009245]",b1054,11.65716813,11.58047882,12.03269021,12.05605606,11.63771079,11.63714175
b1055,hypothetical protein,go_process: cell cycle [goid 0007049],b1055,10.49663458,10.96500465,10.13122861,9.995105053,11.64342243,11.20370157
b1056,hypothetical protein,,b1056,11.91143793,12.07359224,11.92594568,12.02583098,12.18688172,12.01950174
b1057,cytochrome b561 homolog 2,go_process: cytochrome biogenesis [goid 0017004],b1057,9.312715802,9.411755913,9.170048395,9.32200818,9.569760736,9.50271783
b1058,unknown CDS,,b1058,6.867766966,6.777057815,6.894329754,6.756097898,6.714945073,6.679247146
b1059,"N-methyltryptophan oxidase, FAD-binding",sarcosine oxidase-like protein,b1059,12.95536754,12.98277231,12.81782416,12.85290208,13.04472016,12.94373425
b1060,hypothetical protein,,b1060,12.57833951,12.2306903,12.49498186,12.34408464,12.30955545,12.14439006
b1061,"DNA damage-inducible protein I, inhibits UmuD processing",damage-inducible protein I; go_component: cytoplasm [goid 0005737]; go_process: DNA repair [goid 0006281]; go_process: SOS response [goid 0009432],b1061,16.17645838,15.82289579,16.05488325,15.84316494,15.79004285,15.50491668
b1062,dihydroorotase,catalyzes the formation of N-carbamoyl-L-aspartate from (S)-dihydroorotate in pyrimidine biosynthesis; go_component: cytoplasm [goid 0005737]; go_process: pyrimidine nucleotide biosynthesis [goid 0006221],b1062,13.15364152,13.67489235,13.05497966,13.19204678,13.88689378,13.82390355
b1063,hypothetical protein,,b1063,12.52078931,12.51589005,12.61914355,12.80473873,12.37384189,12.18492688
b1064,glutaredoxin 2,,b1064,15.09979136,14.97734538,15.2882037,15.32630749,14.86152981,14.83786484
b1065,multidrug transport protein (MFS family),EcoGene suggests alternate start codon; go_component: inner membrane [goid 0019866],b1065,9.658936838,9.502671277,9.485078594,9.609099036,9.563806231,9.713791061
b1066,acetylation of N-terminal alanine of 30S ribosomal subunit protein S5,go_component: cytosolic ribosome (sensu Bacteria) [goid 0009281]; go_component: cytoplasm [goid 0005737]; go_process: protein modification [goid 0006464],b1066,12.308488,11.99087734,12.49828198,12.44223769,11.96792673,11.91119551
b1067,hypothetical protein,,b1067,12.27683984,12.016051,12.51434145,12.40375106,12.02799504,11.98478247
b1068,putative NAD(P)-binding virulence factor,putative virulence factor,b1068,12.15586333,11.9524941,12.35777408,12.23292904,11.98633928,11.95283115
b1069,putative virulence factor,,b1069,10.46784546,10.59144498,10.35007727,10.36096479,10.87757155,10.76755135
b1070,flagellar biosynthesis; believed to be export chaperone for FlgK and FlgL,protein of flagellar biosynthesis; go_component: flagellum [goid 0019861]; go_process: flagella biogenesis [goid 0009296]; go_process: protein folding [goid 0006457]; go_process: taxis [goid 0042330],b1070,10.18807582,10.14702769,10.11620162,10.38601729,9.865311451,9.955717277
b1071,anti-FliA (anti-sigma) factor; also known as RflB protein,go_component: flagellum [goid 0019861]; go_component: cytoplasm [goid 0005737]; go_process: transcription [goid 0006350]; go_process: taxis [goid 0042330],b1071,10.93518214,10.97400275,10.95507358,11.06178842,10.84588742,10.93053995
b1072,flagellar basal body P-ring biosynthesis protein,go_component: flagellum [goid 0019861]; go_process: flagella biogenesis [goid 0009296]; go_process: taxis [goid 0042330],b1072,8.10122829,8.114176113,8.119095516,8.128032633,8.019295655,8.052510146
b1073,flagellar basal body rod protein,go_component: flagellum [goid 0019861]; go_component: periplasmic space [goid 0042597]; go_process: flagella biogenesis [goid 0009296]; go_process: taxis [goid 0042330],b1073,8.277929026,8.245912369,8.171273173,8.281048749,8.176990642,8.324595979
b1074,flagellar basal body rod protein,go_component: flagellum [goid 0019861]; go_component: periplasmic space [goid 0042597]; go_process: flagella biogenesis [goid 0009296]; go_process: taxis [goid 0042330],b1074,7.882654677,7.746603901,7.793828397,7.698640903,7.726928253,7.822819166
b1075,"flagellar biosynthesis, initiation of hook assembly",flagellar biosynthesis; initiation of hook assembly; go_component: flagellum [goid 0019861]; go_process: flagella biogenesis [goid 0009296]; go_process: taxis [goid 0042330],b1075,8.709323125,8.611761085,8.58423626,8.589719618,8.608584011,8.702265024
b1076,flagellar hook protein,go_component: flagellum [goid 0019861]; go_process: flagella biogenesis [goid 0009296]; go_process: taxis [goid 0042330],b1076,9.306763588,9.22918465,9.199515837,9.204838331,9.231904351,9.325216995
b1077,"flagellar biosynthesis, cell-proximal portion of basal-body rod",flagellar biosynthesis; cell-proximal portion of basal-body rod; go_component: flagellum [goid 0019861]; go_component: periplasmic space [goid 0042597]; go_process: flagella biogenesis [goid 0009296]; go_process: taxis [goid 0042330],b1077,10.70963758,10.66068756,10.55804228,10.59968235,10.62226137,10.7178384
b1078,"flagellar biosynthesis, cell-distal portion of basal-body rod",flagellar biosynthesis; cell-distal portion of basal-body rod; go_component: flagellum [goid 0019861]; go_component: periplasmic space [goid 0042597]; go_process: flagella biogenesis [goid 0009296]; go_process: taxis [goid 0042330],b1078,9.851611561,9.685766437,9.682265921,9.652289498,9.744286897,9.806045093
b1079,flagellar L-ring protein precursor,part of the flagellar basal body; go_component: flagellum [goid 0019861]; go_component: external outer membrane (sensu Gram-negative Bacteria) [goid 0009279]; go_process: flagella biogenesis [goid 0009296]; go_process: taxis [goid 0042330],b1079,7.387301123,7.46247668,7.424145144,7.528785212,7.451637401,7.506615534
b1080,flagellar P-ring protein precursor,part of the flagellar basal body; go_component: flagellum [goid 0019861]; go_process: flagella biogenesis [goid 0009296]; go_process: taxis [goid 0042330],b1080,9.246791344,9.097916948,9.09338313,9.239098774,9.180139731,9.216647828
b1081,flagellar biosynthesis protein,go_component: flagellum [goid 0019861]; go_process: flagella biogenesis [goid 0009296]; go_process: taxis [goid 0042330],b1081,8.228364313,8.09003855,8.025310169,8.098845726,8.183946145,8.182597065
b1082,flagellar hook-associated protein,go_component: flagellum [goid 0019861]; go_process: flagella biogenesis [goid 0009296]; go_process: protein folding [goid 0006457]; go_process: taxis [goid 0042330],b1082,8.013397076,7.96643693,7.926166019,8.14163228,7.950835491,7.997677295
b1083,flagellar hook-associated protein,go_component: flagellum [goid 0019861]; go_process: flagella biogenesis [goid 0009296]; go_process: protein folding [goid 0006457]; go_process: taxis [goid 0042330],b1083,9.146379241,9.005361576,9.142790308,9.185722706,9.042249244,9.00715229
b1084,"RNase E, membrane attachment, mRNA turnover, maturation 5S RNA",RNase E: endoribonuclease for rRNA processing and mRNA degradation; go_component: cytoplasm [goid 0005737]; go_process: RNA catabolism [goid 0006401]; go_process: RNA catabolism [goid 0006401],b1084,12.18999547,12.54755002,12.33285413,12.36921643,12.54320975,12.6459216
b1085,unknown CDS,,b1085,8.180099279,8.097976588,8.137932347,8.184099066,8.064898694,8.197232051
b1086,23S rRNA pseudouridylate synthase,Ribosomal large subunit pseudouridine synthase C; go_component: cytoplasm [goid 0005737]; go_process: RNA modification [goid 0009451],b1086,11.5197417,11.87832504,11.24493057,11.14492944,12.26458233,11.99759229
b1087,Maf-like protein,overexpression in Bacillus subtilis inhibits septation in the dividing cell,b1087,12.69261204,12.72572137,12.79114195,12.73668978,12.72530405,12.61913566
b1088,hypothetical protein,,b1088,15.95648341,15.94446136,15.68238716,15.60351542,16.16874076,16.06891129
b1089,50S ribosomal protein L32,The binding of the L32 protein causes the formation of the ribosomal splicosome to stall shortly after the recognition of the substrate by the U1 snRNP; go_component: cytosolic ribosome (sensu Bacteria) [goid 0009281]; go_component: cytoplasm [goid 0005737]; go_function: structural constituent of ribosome [goid 0003735]; go_process: protein biosynthesis [goid 0006412],b1089,15.86507246,15.75161008,15.69911522,15.2564213,16.00218506,15.85369782
b1090,fatty acid/phospholipid synthesis protein,poorly understood protein involved in fatty acid and phospholipid biosynthesis; go_process: phospholipid biosynthesis [goid 0008654],b1090,14.51234868,14.70419783,14.16861718,14.09724224,14.75703711,14.87769769
b1091,3-oxoacyl-(acyl carrier protein) synthase,beta-ketoacyl-ACP synthase III; KAS III; forms 3-oxoacyl-ACP from acyl-ACP and malonyl-ACP; catalyzes condensation reaction of fatty acid syntheiss by addition of two carbons from malonyl-ACP to an acyl acceptor which is the first reaction in fatty acid sy; go_component: cytoplasm [goid 0005737],b1091,14.65526765,14.71596026,14.40045033,14.37464873,14.75160816,14.85530929
b1092,acyl carrier protein S-malonyltransferase,go_component: cytoplasm [goid 0005737],b1092,15.34806951,15.30275362,15.20503762,15.20699782,15.29876983,15.42882009
b1093,3-ketoacyl-(acyl-carrier-protein) reductase,Catalyzes the first of the two reduction steps in the elongation cycle of fatty acid synthesis; go_component: cytoplasm [goid 0005737],b1093,16.23758657,16.17407562,16.15273393,16.13537784,16.20920868,16.20447424
b1094,acyl carrier protein,carries the fatty acid chain in fatty acid biosynthesis; go_process: acyl-carrier protein biosynthesis [goid 0042967],b1094,17.4449085,17.39984469,17.50168504,17.3469481,17.52691964,17.34715463
b1095,3-oxoacyl-(acyl carrier protein) synthase,Catalyzes a condensation reaction in fatty acid biosynthesis: addition of an acyl acceptor of two carbons from malonyl-ACP; go_component: cytoplasm [goid 0005737],b1095,14.15754694,14.45111197,14.12084728,14.02891783,14.45803797,14.50425862
b1096,4-amino-4-deoxychorismate lyase,catalyzes the formation of 4-aminobenzoate and pyruvate from 4-amino-4-deoxychorismate; go_process: folic acid biosynthesis [goid 0046656],b1096,10.74886534,10.77229651,10.8645636,10.81085612,10.7594165,10.78383762
b1097,putative thymidylate kinase,,b1097,10.83510327,10.95589495,10.94978555,10.95014503,11.00984431,10.9734266
b1098,thymidylate kinase,"catalyzes the phosphorylation of dTMP to form dTDP; go_process: nucleobase, nucleoside and nucleotide interconversion [goid 0015949]",b1098,12.38623805,12.4001191,12.20558671,12.20921511,12.41876969,12.53835599
b1099,DNA polymerase III subunit delta,catalyzes the DNA-template-directed extension of the 3'-end of a DNA strand; go_component: cytoplasm [goid 0005737]; go_process: DNA dependent DNA replication [goid 0006261],b1099,11.41956874,11.71039429,11.30871937,11.29491964,11.90202632,11.84855065
b1100,putative hydrolase,,b1100,11.3755571,11.62356592,11.28220638,11.25184442,11.82457287,11.84823033
b1101,"PTS family enzyme IIC (N-terminal); enzyme IIB (C-terminal), glucose-specific","PTS system, glucose-specific IIBC component; go_component: inner membrane [goid 0019866]; go_process: carbohydrate catabolism [goid 0016052]; go_process: protein modification [goid 0006464]",b1101,15.2519356,15.3922632,15.38933714,15.09634783,15.46174973,15.48335758
b1102,"outer membrane pore protein, receptor for Fe(III)-coprogen, Fe(III)-ferrioxamine B and Fe(III)-rhodotrulic acid",outer membrane receptor for ferric iron uptake; go_component: external outer membrane (sensu Gram-negative Bacteria) [goid 0009279]; go_process: iron ion transport [goid 0006826],b1102,9.710192796,9.851265776,9.783491504,9.997614172,9.759226316,9.750228413
b1103,putative protein kinase C inhibitor,go_process: protein biosynthesis [goid 0006412],b1103,12.40284453,12.43740804,12.6045787,12.61869514,12.29562403,12.29662853
b1104,hypothetical protein,,b1104,13.22750471,13.17139447,13.38945462,13.25639106,13.09904153,13.11109075
b1105,putative fibronectin-binding protein,,b1105,12.85596336,12.85317626,12.91273292,12.84709225,12.92704344,12.87748812
b1106,putative beta-glucosidase,,b1106,12.28258513,12.50804329,12.1674931,12.27921825,12.50923568,12.59193567
b1107,beta-hexosaminidase,hydrolyzes the terminal non-reducing N-acetyl-D-hexosamine residues in N-acetyl-beta-D-hexosaminides; go_process: peptidoglycan metabolism [goid 0000270],b1107,13.57811096,13.55338057,13.55558248,13.66158271,13.57572453,13.68788398
b1108,hypothetical protein,EcoGene suggests alternate start codon,b1108,14.66263501,14.47162037,14.74612403,14.89867108,14.22456447,14.455921
b1109,respiratory NADH dehydrogenase,respiratory NADH dehydrogenase 2; cupric reductase; go_component: cytoplasm [goid 0005737]; go_function: electron donor activity [goid 0009053]; go_process: aerobic respiration [goid 0009060]; go_process: anaerobic respiration [goid 0009061],b1109,12.52194975,12.71150211,12.32024102,12.43087673,12.21286546,12.36613579
b1110,hypothetical protein,go_component: external outer membrane (sensu Gram-negative Bacteria) [goid 0009279],b1110,9.486721333,9.572808615,9.361453585,9.729764931,9.603203659,9.831720701
b1111,putative regulator (TetR/AcrR family),"EcoGene suggests alternate start codon; go_process: regulation of transcription, DNA-dependent [goid 0006355]",b1111,11.02098912,11.14930093,11.18895416,11.20854655,11.16142328,11.1053192
b1112,hypothetical protein,,b1112,11.40865885,11.09521777,11.26842576,11.74960887,11.00168109,11.09983971
b1113,putative enzyme,,b1113,10.88689792,10.95526461,10.66943246,10.64611328,11.17371617,11.09170606
b1114,transcription-repair ATP-dependent coupling factor,transcription-repair coupling factor; mutation frequency decline; go_component: cytoplasm [goid 0005737]; go_process: transcription [goid 0006350],b1114,12.41384092,12.43705544,12.43665216,12.36137214,12.3819244,12.53095414
b1115,putative transport protein,,b1115,7.554889766,7.438255556,7.395601522,7.518166714,7.471997491,7.487375373
b1116,"transport protein of outer membrane lipoproteins (ABC superfamily, membrane)",go_component: inner membrane [goid 0019866],b1116,12.39379525,12.50346213,12.17193337,12.10815544,12.64849997,12.55828898
b1117,putative ATP-binding component of a transport system,"EcoGene suggests alternate start codon; transport protein of outer membrane lipoproteins (ABC superfamily, atp_bind); go_component: cytoplasm [goid 0005737]",b1117,11.84040662,11.99996234,11.4627402,11.54203347,12.18283656,12.17019064
b1118,putative kinase,"transport protein of outer membrane lipoproteins (ABC superfamily, membrane); go_component: inner membrane [goid 0019866]",b1118,12.82507031,12.84233573,12.6968408,12.69354189,12.91698571,13.03450239
b1119,putative NAGC-like transcriptional regulator,"putative transcriptional regulator (NagC/XylR (ROK) family); go_process: regulation of transcription, DNA-dependent [goid 0006355]",b1119,12.94090236,12.97022515,12.98367406,12.95592596,13.03659759,13.10718002
b1120,NAD-dependent deacetylase,"Modulates the activities of several enzymes which are inactive in their acetylated form; go_process: regulation of transcription, DNA-dependent [goid 0006355]",b1120,12.13792562,12.09474426,12.24236299,12.21185638,12.15849735,12.16893324
b1121,hypothetical protein,,b1121,7.120849522,7.19639476,7.011432425,7.035574902,7.236956975,7.243756663
b1122,hypothetical protein,EcoGene suggests alternate start codon,b1122,7.736892957,7.927165523,7.5430929,7.611499551,7.958258272,7.866785829
b1123,spermidine/putrescine ABC transporter periplasmic substrate-binding component,can transport spermidine and putrescine but affinity is higher for spermidine; forms a complex of PotA2BCD; PotD is a periplasmic component that binds the substrate; go_component: periplasmic space [goid 0042597]; go_process: polyamine biosynthesis [goid 0006596]; go_process: amine catabolism [goid 0009310],b1123,13.54808617,13.562627,13.65482433,13.77415623,13.37316184,13.39544266
b1124,spermidine/putrescine ABC transporter membrane component,can transport spermidine and putrescine but affinity is higher for spermidine; forms a complex of PotA2BCD; PotC is a membrane component; go_component: inner membrane [goid 0019866]; go_process: polyamine biosynthesis [goid 0006596]; go_process: amine catabolism [goid 0009310],b1124,11.96450738,12.30791976,11.80717115,12.03435225,12.12044664,12.41281749
b1125,spermidine/putrescine ABC transporter membrane component,can transport spermidine and putrescine but affinity is higher for spermidine; forms a complex of PotA2BCD; PotB is a membrane component; go_component: inner membrane [goid 0019866]; go_process: polyamine biosynthesis [goid 0006596]; go_process: amine catabolism [goid 0009310],b1125,11.64503013,12.1448258,11.46515607,11.57121498,12.16504187,12.38206928
b1126,putrescine/spermidine ABC transporter ATPase,functions together with PotBCD (A2BCD) in ATP-dependent polyamine transport; PotA is the membrane-associated ATPase; go_component: cytoplasm [goid 0005737]; go_process: polyamine biosynthesis [goid 0006596]; go_process: amine catabolism [goid 0009310],b1126,11.62028028,12.22257622,11.45746028,11.51399436,12.42365004,12.42494656
b1127,peptidase T,catalyzes the release of the N-terminal amino acid from a tripeptide,b1127,13.10666628,12.54664064,13.50298923,13.42623114,12.24396878,12.36206132
b1128,putative enzyme,EcoGene suggests alternate start codon,b1128,12.24669963,12.30723172,12.21771754,12.25147055,12.53034537,12.50149178
b1129,sensor protein PhoQ,"sensory histidine kinase in two-component regulatory system with PhoP, regulates gene expression at low [Mg+], senses Mg+; go_component: inner membrane [goid 0019866]; go_process: protein modification [goid 0006464]",b1129,12.44871412,12.5203106,12.27933635,12.32027822,12.45301853,12.35079169
b1130,"response regulator in two-component regulatory system with PhoQ, regulates gene expression at low [Mg+] (OmpR family)",transcriptional regulatory protein; go_component: cytoplasm [goid 0005737]; go_function: transcriptional activator activity [goid 0016563]; go_process: transcription [goid 0006350],b1130,13.99595624,13.87710953,13.96869637,13.93460697,13.67080391,13.58456032
b1131,adenylosuccinate lyase,Catalyzes two discrete reactions in the de novo synthesis of purines: the cleavage of adenylosuccinate and succinylaminoimidazole carboxamide ribotide; go_component: cytoplasm [goid 0005737]; go_process: purine nucleotide biosynthesis [goid 0006164],b1131,13.12723454,13.69143825,13.17781297,13.1758569,13.78341714,13.7534094
b1132,hypothetical protein,go_component: inner membrane [goid 0019866],b1132,12.27566946,12.97657018,12.16674671,12.12268855,13.25327128,13.26644191
b1133,tRNA (5-methylaminomethyl-2-thiouridylate)-methyltransferase,Enables the biosynthesis of the modified nucleoside 5-methylaminomethyl-2-thiouridine (mnm5s2U) present in the wobble position of some tRNAs; go_component: cytoplasm [goid 0005737]; go_process: RNA modification [goid 0009451],b1133,12.82588795,13.41556118,12.68284063,12.68445229,13.76408751,13.72066587
b1134,putative Nudix hydrolase,putative hydrolase (Nudix family),b1134,11.29453102,11.66272369,11.17468537,11.09112942,11.70483741,11.76747182
b1135,pseudouridine synthase (makes pseudouridine2457 in 23 S RNA),EcoGene suggests alternate start codon; go_process: RNA modification [goid 0009451],b1135,11.65967625,11.98174983,11.46355545,11.54782185,12.04193505,12.03948683
b1136,isocitrate dehydrogenase,Converts isocitrate to alpha ketoglutarate; go_process: tricarboxylic acid cycle [goid 0006099]; go_process: anaerobic respiration [goid 0009061],b1136,16.51999749,16.56503114,16.58262286,16.64330811,16.58469001,16.59196324
b1137,e14 prophage; putative methyltransferase,,b1137,8.162143071,7.900594791,7.444718847,7.119575817,7.628910736,7.432515734
b1138,e14 prophage,,b1138,8.949482975,8.848888136,8.46028474,8.284768599,8.543238087,8.509278363
b1139,e14 prophage; like phage T4 late gene expression,phage T4 late gene expression; at locus of e14 element,b1139,9.001986943,8.882038747,8.295126775,8.197873574,8.734980804,8.532652928
b1140,e14 prophage; integrase,prophage e14 integrase,b1140,11.22204827,10.95613173,10.91649667,10.88732943,10.5882926,10.29914773
b1141,e14 prophage; putative exisionase,excisionase-like protein from lambdoid prophage e14,b1141,12.04380719,11.8090786,11.82107128,11.48433176,11.2243689,10.91654307
b1142,e14 prophage,hypothetical protein in lambdoid prophage e14 region,b1142,13.40628447,13.17675004,13.12376817,13.09142075,12.92957485,12.90153737
b1143,e14 prophage,EcoGene suggests alternate start codon; hypothetical protein in lambdoid prophage e14 region,b1143,11.33875349,11.20618902,11.30904389,11.61335762,11.10191041,11.01475235
b1144,e14 prophage,hypothetical protein in lambdoid prophage e14 region,b1144,11.95855238,12.13687119,12.17075091,11.74211585,11.46596547,11.25700072
b1145,e14 prophage; putative phage repressor,putative lambdoid prophage e14 repressor protein,b1145,12.10640992,11.82578023,12.01245926,11.94056058,11.76428614,11.45195943
b1146,e14 prophage; putative regulator,,b1146,8.125373975,7.981317756,7.950450307,8.009334675,8.042399095,8.084319982
b1147,e14 prophage; putative negative regulator,hypothetical protein in lambdoid prophage e14 region,b1147,11.22062908,11.30020757,11.40039793,10.74208189,11.05930929,10.93063865
b1148,e14 prophage,hypothetical protein in lambdoid prophage e14 region,b1148,12.3929472,12.5982109,12.65327835,12.34187447,12.21179369,12.03979506
b1149,e14 prophage; putative terminase,hypothetical protein in lambdoid prophage e14 region,b1149,12.2936218,12.28505263,12.2681689,11.88857215,11.91498585,11.78130143
b1150,e14 prophage,hypothetical protein in lambdoid prophage e14 region,b1150,12.99341418,12.86692708,12.91318142,12.66175801,12.82555612,12.86990885
b1151,e14 prophage,hypothetical protein in lambdoid prophage e14 region,b1151,11.37863437,11.58189664,11.30697355,10.94043899,11.18584956,10.90338371
b1152,e14 prophage,EcoGene suggests alternate start codon; hypothetical protein in lambdoid prophage e14 region,b1152,11.15740892,11.10110326,10.96669337,10.88972117,10.8676057,10.86555103
b1153,e14 prophage,hypothetical protein in lambdoid prophage e14 region,b1153,10.19557503,10.2105069,10.04303276,9.98150828,9.977715031,10.06653539
b1154,e14 prophage,hypothetical protein in lambdoid prophage e14 region,b1154,8.46661786,8.420243201,8.479085925,8.263245612,8.323667593,8.248066266
b1155,e14 prophage,hypothetical protein in lambdoid prophage e14 region,b1155,10.79045649,10.7716369,10.71427508,10.73193827,10.63520554,10.74669778
b1156,e14 prophage; putative tail fiber assembly,tail fiber assembly protein homolog from lambdoid prophage e14,b1156,7.777276887,7.847705432,7.73806903,7.550375863,7.710591406,7.575645744
b1157,e14 prophage; putative tail fiber protein,side tail fiber protein homolog from lambdoid prophage e14 (fragment),b1157,8.647119996,8.858698059,8.629055979,8.300464201,8.457435249,8.383111475
b1158,e14 prophage; inversion of adjacent DNA,inversion of adjacent DNA; at locus of e14 element,b1158,8.227096572,8.142101552,8.121826494,8.224573907,8.162728026,8.249979725
b1159,e14 prophage; restriction of DNA at 5-methylcytosine residues,restriction of DNA at 5-methylcytosine residues; at locus of e14 element,b1159,7.971490035,7.761349841,7.792062429,7.915785389,7.698768694,7.66724431
b1160,hypothetical protein,,b1160,7.981113374,7.82367675,7.549302497,6.938988263,7.53127394,6.897923537
b1161,hypothetical protein,,b1161,6.8790977,6.673304038,6.727979597,6.695549628,6.652602728,6.633749675
b1162,putative transcriptional regulator,putative transcriptional repressor (MerR family); go_function: transcriptional repressor activity [goid 0016564]; go_process: transcription [goid 0006350],b1162,13.17736161,13.20743965,13.03671383,13.36731967,13.1398043,13.23308094
b1163,hypothetical protein,,b1163,9.983950175,10.14183959,9.45567802,9.618210444,10.67788778,10.51324433
b1164,unknown CDS,,b1164,7.738502934,8.100098918,7.30704647,7.185839991,8.289778896,7.705997036
b1165,unknown CDS,,b1165,8.981059501,8.886916806,8.473867094,9.019318684,8.623248215,8.493094003
b1166,unknown CDS,,b1166,11.26660564,10.97423742,11.02338952,11.01998787,10.98186086,11.00959795
b1167,unknown CDS,,b1167,7.004963777,6.885134922,6.867115035,6.710929641,6.886073441,6.82274461
b1168,putative protease,EcoGene suggests alternate start codon,b1168,6.588946927,6.562626726,6.576787896,6.555859278,6.585843229,6.590867816
b1171,unknown CDS,EcoGene suggests alternate start codon,b1171,11.69511536,11.43836981,11.67459823,12.28106286,12.16080436,12.16478307
b1172,hypothetical protein,,b1172,13.64763182,13.34731854,13.42267922,13.8286418,13.6463118,13.81346489
b1173,unknown CDS,,b1173,11.25962162,11.13705498,11.27850718,11.3452394,11.17876579,11.20956301
b1174,cell division topological specificity factor MinE,works in conjunction with MinC and MinD to enable cell division at the micpoint of the long axis of the cell; go_component: cytoplasm [goid 0005737],b1174,11.85058264,11.92145059,11.9618147,12.10342724,11.90811781,11.72390157
b1175,"cell division inhibitor, a membrane ATPase, activates minC","cell division inhibitor, membrane ATPase, activates MinC; go_component: inner membrane [goid 0019866]",b1175,12.89055853,12.94121156,12.92799767,13.05212777,12.83615191,12.84308565
b1176,septum formation inhibitor,Blocks the formation of polar Z-ring septums; go_component: cytoplasm [goid 0005737],b1176,13.34724131,13.42774168,13.32227026,13.51004603,13.46182188,13.46964579
b1177,unknown CDS,,b1177,12.47436469,12.20997427,12.25467367,12.32376205,12.31391538,12.34605924
b1178,unknown CDS,,b1178,12.13880185,11.91347899,12.47988708,12.55533628,11.61357627,11.56882378
b1179,hypothetical protein,,b1179,12.40763556,12.2480699,12.51764474,12.4986788,12.19677246,12.01537705
b1180,putative isomerase,,b1180,11.87672522,11.72070409,12.08774921,12.08350788,11.58459096,11.5814528
b1181,hypothetical protein,EcoGene suggests alternate start codon,b1181,10.49450764,10.46995623,10.43317341,10.49805854,10.45234385,10.35094057
b1182,hemolysin E,EcoGene suggests alternate start codon; go_component: extracellular [goid 0005576],b1182,8.892221013,8.705317863,8.882368816,8.848237749,8.635674039,8.578010818
b1183,SOS mutagenesis; error-prone repair; processed to UmuD'; forms complex with UmuC,"component of DNA polymerase V, signal peptidase with UmuC; go_component: cytoplasm [goid 0005737]; go_process: DNA dependent DNA replication [goid 0006261]; go_process: DNA repair [goid 0006281]; go_process: transcription [goid 0006350]; go_process: SOS response [goid 0009432]",b1183,13.05226896,12.8571306,13.12451081,12.60662372,12.43380614,12.21237109
b1184,DNA polymerase IV,"Poorly processive, error-prone DNA polymerase involved in untargeted mutagenesis. Copies undamaged DNA at stalled replication forks, which arise in vivo from mismatched or misaligned primer ends. These misaligned primers can be extended by polIV. Exhibits; go_component: cytoplasm [goid 0005737]; go_process: DNA dependent DNA replication [goid 0006261]; go_process: DNA repair [goid 0006281]; go_process: SOS response [goid 0009432]",b1184,12.53480416,12.45078339,12.55104298,12.09644134,12.03953086,11.90420222
b1185,disulfide bond formation protein B,disulfide oxidoreductase; integral membrane protein; required for perioplasmic disulfide bond formation; oxidizes DsbA protein; go_component: flagellum [goid 0019861]; go_component: fimbria [goid 0009289]; go_component: inner membrane [goid 0019866]; go_process: flagella biogenesis [goid 0009296]; go_process: protein folding [goid 0006457]; go_process: taxis [goid 0042330],b1185,10.24402813,10.26151545,10.53877498,10.24092026,10.3897195,10.18104623
b1186,"Na+/H+ antiporter, pH independent","sodium:proton antiporter, regulator of intracellular pH (NhaB family); go_component: inner membrane [goid 0019866]; go_process: response to pH [goid 0009268]",b1186,11.2788045,11.49634011,11.24682261,11.12234134,11.52661512,11.57976524
b1187,fatty acid metabolism regulator,Multifunctional regulator of fatty acid metabolism; go_component: cytoplasm [goid 0005737]; go_function: transcriptional activator activity [goid 0016563]; go_function: transcriptional repressor activity [goid 0016564]; go_process: fatty acid oxidation [goid 0019395]; go_process: transcription [goid 0006350],b1187,13.08087462,13.07281208,12.91395761,12.99288932,13.10614441,13.21073858
b1188,putative sporulation protein,,b1188,12.82941602,12.60133964,13.42111045,13.48413612,12.45765167,12.51198371
b1189,D-amino acid dehydrogenase small subunit,catalyzes the oxidative deamination of D-amino acids; go_process: amino acid catabolism [goid 0009063],b1189,13.07926293,12.59676516,12.91081538,12.84093788,12.17756255,12.6211059
b1190,alanine racemase,converts L-alanine to D-alanine which is used in cell wall biosynthesis; binds one pyridoxal phosphate per monomer; forms a homodimer; go_process: amino acid catabolism [goid 0009063]; go_process: alanine biosynthesis [goid 0006523],b1190,12.48364653,11.98013467,12.56222579,12.477693,11.82260481,11.96400029
b1191,cell volume regulation protein CvrA,EcoGene suggests alternate start codon; go_component: inner membrane [goid 0019866],b1191,11.18616199,11.28764814,10.9474788,10.89373676,11.37936626,11.45416231
b1192,"L, D-carboxypeptidase A (in murein recycling)","L,D-carboxypeptidase; go_component: cytoplasm [goid 0005737]; go_process: peptidoglycan metabolism [goid 0000270]",b1192,11.95694094,11.94881638,12.03275238,12.01453065,11.83220324,11.9842441
b1193,"lytic murein endotransglycosylase E, membrane-bound",EcoGene suggests alternate start codon; murein transglycosylase E; go_component: inner membrane [goid 0019866]; go_process: peptidoglycan biosynthesis [goid 0009252],b1193,12.4065854,12.40146871,12.3303396,12.4105847,12.48663054,12.41020037
b1194,putative regulator (TetR/AcrR family),"go_process: regulation of transcription, DNA-dependent [goid 0006355]",b1194,7.391497036,7.305197711,7.23505391,7.3434929,7.265758337,7.344775513
b1195,transglycosylase asociated protein,,b1195,11.609566,11.37555693,11.59670948,11.71507908,11.39657874,11.43844507
b1196,putative enzyme,,b1196,7.335156511,7.138858426,7.368270545,7.251238661,7.160641649,7.114751283
b1197,"trehalase, periplasmic",go_component: periplasmic space [goid 0042597]; go_process: glucose metabolism [goid 0006006]; go_process: response to osmotic stress [goid 0006970],b1197,10.73622772,10.98124542,10.83363487,10.94710006,10.89489294,10.74860463
b1198,PTS hybrid protein,putative PTS family enzyme I and HPr components,b1198,13.25785647,13.20295327,13.62180784,13.62025061,13.04581488,13.18353778
b1199,"dihydroxyacetone kinase, C-terminal domain",putative dihydroxyacetone kinase,b1199,12.94209872,12.77898243,13.48689955,13.37171224,12.59098026,12.79128484
b1200,"dihydroxyacetone kinase, N-terminal domain",EcoGene suggests alternate start codon; putative dihydroxyacetone kinase,b1200,13.73922099,13.5893775,14.10957257,14.13215614,13.50043263,13.77962563
b1201,probable transcription activator for the dha operon; Sigma54-dependent activator,EcoGene suggests alternate start codon; putative transcriptional regulator in two-component regulatory system (EBP family); go_function: transcriptional activator activity [goid 0016563]; go_process: transcription [goid 0006350],b1201,10.63726171,10.51361171,10.57299432,10.70017849,10.5701911,10.502211
b1202,putative adhesion and penetration protein,putative outer membrane protein; go_component: external outer membrane (sensu Gram-negative Bacteria) [goid 0009279],b1202,9.248599159,9.021165865,9.270650212,9.32568002,9.127897908,9.092689378
b1203,putative GTP-binding protein,,b1203,13.35471707,13.65292131,12.98050755,12.96870195,13.86400608,13.62358499
b1204,peptidyl-tRNA hydrolase,Enables the recycling of peptidyl-tRNAs produced at termination of translation; go_component: cytoplasm [goid 0005737]; go_process: amino acid activation [goid 0006418],b1204,11.38695781,11.86780609,11.30303485,11.23430394,11.98547994,11.85347641
b1205,hypothetical protein,,b1205,13.13563185,13.31489761,13.64986317,13.31797985,13.29529326,13.09704872
b1206,putative sulfate transporter,EcoGene suggests alternate start codon; putative transport protein (SulP family); go_component: inner membrane [goid 0019866],b1206,8.385870497,8.567797363,8.42057095,8.523940745,8.667638987,8.700267635
b1207,ribose-phosphate pyrophosphokinase,catalyzes the formation of 5-phospho-alpha-D-ribose 1-phosphate from D-ribose 5-phosphate and ATP; go_process: purine ribonucleotide biosynthesis [goid 0009152],b1207,13.89996262,14.36769444,13.90491921,13.73194227,14.41953188,14.45014503
b1208,4-diphosphocytidyl-2-C-methyl-D-erythritol kinase,catalyzes the phosphorylation of 4-diphosphocytidyl-2-C-methyl-D-erythritol in the nonmevalonate pathway of isoprenoid biosynthesis; go_component: cytoplasm [goid 0005737],b1208,13.47103308,13.61379799,13.2195768,13.41933491,13.63183374,13.70238645
b1209,outer membrane lipoprotein LolB precursor,Incorporates lipoproteins in the outer membrane after they are released by the LolA protein; go_component: external outer membrane (sensu Gram-negative Bacteria) [goid 0009279],b1209,12.89284016,13.06685602,12.70472094,12.70849466,13.10078088,13.11446275
b1210,glutamyl-tRNA reductase,catalyzes the formation of glutamate-1-semialdehyde from glutamyl-tRNA(Glu) and NADPH in prophyrin biosynthesis; go_component: cytoplasm [goid 0005737]; go_process: response to drug [goid 0042493],b1210,12.63371002,12.56696827,12.57804515,12.65952475,12.62983998,12.7328957
b1211,peptide chain release factor 1,Directs the termination of translation in response to the peptide chain termination codons UAG and UAA; go_component: cytoplasm [goid 0005737]; go_process: protein biosynthesis [goid 0006412],b1211,11.8180427,11.98999417,11.75531062,11.80782314,12.11016009,12.21143795
b1212,N5-glutamine S-adenosyl-L-methionine-dependent methyltransferase,HemK; PrmC; transfers a methyl group from S-adenosylmethionine to amide nitrogen of specific glutamine residues in protein chain release factors PrfA and PrfB,b1212,10.70464124,10.95620788,10.51615853,10.35483244,11.12201822,11.19532539
b1213,putative transcriptional regulator,"go_process: regulation of transcription, DNA-dependent [goid 0006355]",b1213,9.479141685,9.975625892,9.434569037,9.336270494,10.0212449,10.15406494
b1214,putative transcriptional regulator,"go_process: regulation of transcription, DNA-dependent [goid 0006355]",b1214,12.48290126,12.6274461,12.42079975,12.57762346,12.64573261,12.71229663
b1215,2-dehydro-3-deoxyphosphooctonate aldolase,"catalyzes the formation of 2-dehydro-3-deoxy-D-octonate 8-phosphate from phosphoenolpyruvate and D-arabinose 5-phosphate in LPS biosynthesis; go_component: capsule (sensu Bacteria) [goid 0030113]; go_component: cytoplasm [goid 0005737]; go_function: cell surface antigen activity, host-interacting [goid 0042280]; go_process: lipopolysaccharide core region biosynthesis [goid 0009244]; go_process: K antigen biosynthesis [goid 0009248]",b1215,13.04084464,13.16554063,13.03570273,13.07430296,13.11207532,13.08999672
b4419,small toxic polypeptide,,b4419,10.6811536,10.71874582,10.657969,10.97762842,10.72258908,10.81531489
b4421,small toxic polypeptide,,b4421,12.01928779,11.83458112,11.89071371,12.07912139,11.85530436,11.98197327
b4423,small toxic polypeptide,,b4423,10.62316783,10.67344807,10.69782536,10.93953162,10.69742654,10.76041564
b1216,sodium-calcium/proton antiporter,sodium/calcium:proton antiporter (CaCA family); go_component: inner membrane [goid 0019866],b1216,10.87835843,11.11867765,10.90818341,10.75910882,11.36975515,11.29888166
b1217,cation transport regulator,go_component: cytoplasm [goid 0005737]; go_process: transcription [goid 0006350],b1217,12.31392214,12.20044268,12.37576911,12.39184035,12.20010763,12.14999418
b1218,cation transport regulator,EcoGene suggests alternate start codon; go_component: cytoplasm [goid 0005737]; go_process: transcription [goid 0006350],b1218,11.71085533,11.62573488,11.74475745,11.81934,11.62336037,11.65873165
b1219,putative phosphatase,,b1219,13.96244656,13.68013916,13.77762778,13.84266743,13.64743429,13.57824568
b1220,"conserved protein, invasin-like",EcoGene suggests alternate start codon; putative factor,b1220,10.49304825,10.59912876,10.36802485,10.53034486,10.61092061,10.65727751
b1221,"pleiotrophic regulation of anaerobic respiration: response regulator for nar, frd, dms and tor genes","response regulator in two-component regulatory system with NarX (or NarQ), regulates anaerobic respiration and fermentation (LuxR/UhpA familiy); go_component: cytoplasm [goid 0005737]; go_function: transcriptional activator activity [goid 0016563]; go_function: transcriptional repressor activity [goid 0016564]; go_process: anaerobic respiration [goid 0009061]; go_process: transcription [goid 0006350]",b1221,12.29413753,12.30121056,12.43950552,12.4603131,12.25190073,12.22865295
b1222,"nitrate/nitrate sensor, histidine protein kinase acts on NarL regulator","sensory histidine kinase in two-component regulatory system with NarL, regulation of anaerobic respiration and fermentation, senses nitrate/nitrite; go_component: inner membrane [goid 0019866]; go_process: anaerobic respiration [goid 0009061]; go_process: protein modification [goid 0006464]",b1222,11.24255972,11.11510146,11.38676928,11.38103479,11.07810041,11.12947116
b1223,nitrite extrusion protein,nitrite extrusion protein (MFS family); go_component: inner membrane [goid 0019866]; go_process: nitrogen metabolism [goid 0006807],b1223,11.72030051,11.66682398,12.30791786,12.22158883,10.73568272,11.3000051
b1224,"nitrate reductase 1, alpha subunit",go_component: inner membrane [goid 0019866]; go_function: electron acceptor activity [goid 0009054]; go_process: anaerobic respiration [goid 0009061],b1224,12.90798951,12.53807338,13.62007574,13.65230692,11.61624575,12.31459223
b1225,"nitrate reductase 1, Fe-S (beta) subunit","nitrate reductase 1, beta subunit; go_component: inner membrane [goid 0019866]; go_function: electron acceptor activity [goid 0009054]; go_process: anaerobic respiration [goid 0009061]",b1225,9.267776118,9.164956817,9.665459355,9.559959348,9.187212821,9.421292746
b1226,"nitrate reductase 1, delta subunit, assembly function","nitrate reductase 1, delta subunit, chaperone required for molybdenum cofactor assembly; go_process: anaerobic respiration [goid 0009061]; go_process: protein folding [goid 0006457]",b1226,7.840254321,7.986087405,7.983584108,8.020060917,7.979809787,8.11671317
b1227,"nitrate reductase 1, cytochrome b(NR), gamma subunit",go_component: inner membrane [goid 0019866]; go_function: electron acceptor activity [goid 0009054]; go_process: anaerobic respiration [goid 0009061]; go_process: cytochrome biogenesis [goid 0017004],b1227,7.739972781,7.869876235,7.793199283,7.963492071,7.708323821,8.034037122
b1228,unknown CDS,,b1228,8.699226985,8.652393994,8.598986268,8.803829097,8.683492292,8.743507799
b1229,a protamine-like protein,EcoGene suggests alternate start codon; a protaminelike protein; go_component: cytoplasm [goid 0005737],b1229,10.71216976,10.44649722,10.61954153,10.79581601,10.78864956,10.53566633
b1232,formyltetrahydrofolate deformylase,Important for interconversion of one-carbon donors of the serine cycle; go_component: cytoplasm [goid 0005737]; go_process: 10-formyltetrahydrofolate biosynthesis [goid 0009257]; go_process: purine ribonucleotide biosynthesis [goid 0009152],b1232,13.81181668,13.94504313,13.58164426,13.65614462,14.07091885,13.96900342
b1233,hypothetical protein,,b1233,13.16025608,13.17204045,12.98090126,13.02905935,13.28995641,13.29182463
b1234,putative transmembrane protein,,b1234,12.21360334,12.25837281,12.24645671,12.18011452,12.34487774,12.29302577
b1235,Hnr protein,"response regulator involved in protein turnover, controls stability of RpoS; go_component: cytoplasm [goid 0005737]; go_process: transcription [goid 0006350]",b1235,11.59694988,11.7631937,11.63548485,11.64471377,11.75097957,11.80558918
b1236,glucose-1-phosphate uridylyltransferase,go_component: capsule (sensu Bacteria) [goid 0030113]; go_process: galactose metabolism [goid 0006012]; go_process: glucose metabolism [goid 0006006]; go_process: colanic acid biosynthesis [goid 0009242]; go_process: carbohydrate catabolism [goid 0016052]; go_process: response to dessication [goid 0009269],b1236,13.61094528,13.57873002,13.56352265,13.44291872,13.65140255,13.54317779
b1237,"DNA-binding protein HLP-II (HU, BH2, HD, NS); pleiotropic regulator","transcriptional regulator, DNA-binding protein HLP-II (HU, BH2, HD, NS), increases DNA thermal stability; go_component: flagellum [goid 0019861]; go_component: cytoplasm [goid 0005737]; go_process: transcription [goid 0006350]; go_process: regulation of transcription, DNA-dependent [goid 0006355]; go_process: taxis [goid 0042330]",b1237,15.87648798,15.97253147,15.8109404,15.83670579,16.00119913,15.7833774
b1238,thymidine kinase,"catalyzes the formation of thymidine 5'-phosphate from thymidine; go_process: nucleobase, nucleoside and nucleotide interconversion [goid 0015949]",b1238,10.16438711,10.53539544,9.769780689,9.743851267,10.76420027,10.42888402
b1239,putative IS4 insertion sequence,,b1239,9.696624781,9.466037565,9.506267883,9.457802527,9.600695003,9.579297702
b1240,unknown CDS,,b1240,10.92651479,10.8696823,10.84626802,10.91551137,10.86022704,11.00514145
b1241,CoA-linked acetaldehyde dehydrogenase and iron-dependent alcohol dehydrogenase; pyruvate-formate-lyase deactivase,multifunctional: acetaldehyde-CoA dehydrogenase (N-terminal); iron-dependent alcohol dehydrogenase (C-terminal); pyruvate-formate lyase deactivase; go_process: fermentation [goid 0006113],b1241,14.45090726,14.55026853,14.6796413,14.87197634,14.1292484,14.35981749
b1242,putative channel protein,,b1242,9.663616129,9.393861733,9.545831405,9.560979331,9.22838449,9.311219136
b1243,"oligopeptide transport protein (ABC superfamily, peri_bind)",oligopeptide transport; periplasmic binding protein; go_component: periplasmic space [goid 0042597]; go_process: peptidoglycan metabolism [goid 0000270]; go_process: protein folding [goid 0006457],b1243,14.36085449,14.37519887,14.44697933,14.6277185,14.13586714,14.23137879
b1244,oligopeptide permease ABC transporter membrane component,go_component: inner membrane [goid 0019866]; go_process: peptidoglycan metabolism [goid 0000270],b1244,11.73788879,12.15423717,11.59766371,11.73150742,12.0080582,12.12142743
b1245,homolog of Salmonella oligopeptide transport permease protein,"oligopeptide transport protein (ABC superfamily, membrane); go_component: inner membrane [goid 0019866]; go_process: peptidoglycan metabolism [goid 0000270]",b1245,12.26359431,12.52443329,12.26841682,12.34491069,12.51198862,12.62314619
b1246,oligopeptide transporter ATP-binding component,go_component: cytoplasm [goid 0005737]; go_process: peptidoglycan metabolism [goid 0000270],b1246,12.18693545,12.4882234,12.40039856,12.52899895,12.47532303,12.53820594
b1247,homolog of Salmonella ATP-binding protein of oligopeptide ABC transport system,"oligopeptide transport protein (ABC superfamily, atp_bind); go_component: cytoplasm [goid 0005737]; go_process: peptidoglycan metabolism [goid 0000270]",b1247,11.56647727,11.80432337,12.0132547,11.89598839,11.8465739,11.86475303
b1248,hypothetical protein,EcoGene suggests alternate start codon,b1248,12.34945568,12.30379485,12.17561367,12.26562548,12.18798098,12.12177827
b1249,cardiolipin synthetase,catalyzes the transfer of a phosphatidyl group to phosphodidylglycerol to form cardiolipin (diphosphatidylglycerol); go_component: inner membrane [goid 0019866]; go_process: phospholipid biosynthesis [goid 0008654]; go_process: response to drug [goid 0042493],b1249,13.13995951,12.89773773,13.16415796,13.1109931,12.72135043,12.86840565
b1250,putative potassium channel protein,putative potassium channel protein (VIC family); go_component: inner membrane [goid 0019866]; go_function: voltage-gated ion channel activity [goid 0005244],b1250,10.65680436,10.5573223,10.46378374,10.47369098,10.38860767,10.29236326
b1251,hypothetical protein,EcoGene suggests alternate start codon,b1251,13.91508672,13.92250636,13.994425,14.06468678,13.73686722,13.679226
b1252,"energy transducer; uptake of iron, cyanocobalimin; sensitivity to phages, colicins",go_component: inner membrane [goid 0019866],b1252,13.10770188,13.13177861,13.38706354,13.40747404,13.05785971,13.18046512
b1253,putative enzyme,,b1253,12.29518719,12.20481699,12.00436381,11.995288,12.30094038,12.14428756
b1254,putative intracellular septation protein,Involved in cell division; probably involved in intracellular septation,b1254,12.29665536,12.32893822,12.23198258,12.19465751,12.30461121,12.25377211
b1255,hypothetical protein,,b1255,11.77573894,11.84105287,11.75639389,11.65256675,11.82501512,11.82272827
b1256,outer membrane protein W; colicin S4 receptor; putative transport protein,putative outer membrane protein; go_component: external outer membrane (sensu Gram-negative Bacteria) [goid 0009279],b1256,12.04295962,12.03775271,12.54031833,12.4739761,11.38406183,11.43328433
b1257,hypothetical protein,,b1257,9.018283624,8.626807122,8.746227184,8.978763218,8.346647548,8.060581878
b1258,putative structural proteins,,b1258,11.22154979,10.98294024,11.03895218,11.10969313,10.92371322,10.92606002
b1259,hypothetical protein,EcoGene suggests alternate start codon,b1259,12.79545332,12.51854641,12.82880326,12.67101534,12.45731332,12.32625944
b1260,tryptophan synthase subunit alpha,converts serine and 1-(indol-3-yl)glycerol 3-phosphate to tryptophan and glyceraldehyde 3-phosphate; functions in trytophan synthesis from chorismate; forms a tetramer of alpha(2)beta(2); go_component: cytoplasm [goid 0005737]; go_process: tryptophan biosynthesis [goid 0000162],b1260,12.7213092,12.96076663,12.94192091,13.03060482,12.92615614,12.9630691
b1261,tryptophan synthase subunit beta,catalyzes the formation of L-tryptophan from L-serine and 1-(indol-3-yl)glycerol 3-phosphate; go_component: cytoplasm [goid 0005737]; go_process: tryptophan biosynthesis [goid 0000162],b1261,13.53635533,13.78813697,13.64777569,13.81346734,13.80852296,13.94798539
b1262,bifunctional indole-3-glycerol phosphate synthase/phosphoribosylanthranilate isomerase,monomeric bifunctional protein; functions in tryptophan biosynthesis pathway; phosphoribosylanthranilate is rearranged to carboxyphenylaminodeoxyribulosephosphate which is then closed to form indole-3-glycerol phosphate; go_component: cytoplasm [goid 0005737]; go_process: tryptophan biosynthesis [goid 0000162],b1262,13.27495542,13.47341316,13.26924025,13.4696426,13.52987013,13.66799974
b1263,anthranilate phosphoribosyltransferase,catalyzes the formation of N-(5-phospho-D-ribosyl)-anthranilate from athranilate and 5-phospho-alpha-D-ribose 1-diphosphate in tryptophan biosynthesis; go_component: cytoplasm [goid 0005737]; go_process: tryptophan biosynthesis [goid 0000162],b1263,12.56987427,12.8529029,12.73624634,12.89860387,12.82009481,12.98998113
b1264,anthranilate synthase component I,catalyzes the formation of anthranilate and glutamate from chorismate and glutamine; go_process: tryptophan biosynthesis [goid 0000162],b1264,11.76752333,12.32946217,12.10462843,12.2756194,12.29143063,12.76286079
b1265,trp operon leader peptide,go_component: cytoplasm [goid 0005737]; go_process: tryptophan biosynthesis [goid 0000162],b1265,11.31563785,12.06777028,11.44590584,11.51953285,12.14128792,12.60773296
b1266,putative enzyme,,b1266,10.62882232,10.75990954,10.4718381,10.57001073,10.85082698,10.95179021
b1267,hypothetical protein,EcoGene suggests alternate start codon,b1267,12.70434327,12.67761999,12.92026376,12.89606022,12.5620915,12.71363428
b1268,hypothetical protein,,b1268,8.960434631,8.951757404,8.832876013,9.039038371,8.97807402,9.067263356
b1269,pseudouridine synthase (makes pseudouridine2605 in 23 S RNA),go_process: RNA modification [goid 0009451],b1269,13.60555613,13.56513386,13.31949417,13.34023882,13.79442424,13.84092778
b1270,"cob(I)yrinic acid a,c-diamide adenosyltransferase","catalyzes the formation of adenosylcob(III)yrinic acid a,c-diamide from cob(I)yrinic acid a,c-diamide; go_component: cytoplasm [goid 0005737]; go_process: vitamin B12 biosynthesis [goid 0009236]",b1270,11.0033205,11.09163706,11.2194191,11.24876367,11.01698486,11.07217456
b1271,short chain dehydrogenase,,b1271,11.19366235,11.33136013,11.44666358,11.62194152,11.17086584,11.16536394
b1272,putative peptidase,putative protease,b1272,12.91934247,12.76714006,12.89002419,12.90017946,12.72554124,12.72422324
b1273,hypothetical protein,,b1273,12.29804605,12.39664864,12.43658432,12.32999455,12.37337779,12.25422968
b1274,DNA topoisomerase I,"catalyzes the ATP-dependent breakage of signle-stranded DNA followed by passage and rejoining, maintains net negative superhelicity; go_component: cytoplasm [goid 0005737]; go_process: DNA dependent DNA replication [goid 0006261]; go_process: transcription [goid 0006350]",b1274,12.23957855,12.76298297,12.04321692,12.11677251,12.8656176,12.79748225
b1275,transcriptional regulator for cysteine regulon,controls expression of cysteine regulon which consists of 10 or more loci involved in the synthesis of cysteine; belongs to LysR family of transcriptional regulators; go_component: cytoplasm [goid 0005737]; go_function: transcriptional activator activity [goid 0016563]; go_function: transcriptional repressor activity [goid 0016564]; go_process: cysteine biosynthesis [goid 0019344]; go_process: transcription [goid 0006350],b1275,13.51077251,13.57144221,13.30204517,13.5339668,13.45567154,13.51357488
b1276,aconitate hydratase,Catalyzes the conversion of citrate to isocitrate; go_process: tricarboxylic acid cycle [goid 0006099]; go_process: anaerobic respiration [goid 0009061],b1276,13.65940493,13.66959772,13.76001242,13.75135092,13.68643681,13.69411174
b1277,GTP cyclohydrolase II protein,"catalyzes the conversion of GTP to formate and 2,5-diamino-6-hydroxy-4-(5-phosphoribosylamino)pyrimidine and diphosphate",b1277,12.18490276,12.33498399,12.21747856,12.2463946,12.29336393,12.32618037
b1278,"non-essential phosphatidylglycerophosphate phosphatase, membrane bound",phosphatidylglycerophosphate phosphatase B; go_component: inner membrane [goid 0019866]; go_process: phospholipid biosynthesis [goid 0008654],b1278,12.64757021,12.50438539,12.6219345,12.70709447,12.49381989,12.5957507
b1279,hypothetical protein,,b1279,11.93987307,11.66534735,11.94791619,11.99512563,11.70265373,11.66878608
b1280,putative heat shock protein,,b1280,12.03553567,11.77916596,11.99230354,12.02318078,11.89586045,11.74169273
b1281,orotidine 5'-phosphate decarboxylase,"OMP decarboxylase; OMPDCase; OMPdecase; type 1 subfamily; involved in last step of pyrimidine biosynthesis; converts orotidine 5'-phosphate to UMP and carbon dioxide; go_process: pyrimidine nucleotide biosynthesis [goid 0006221]; go_process: nucleobase, nucleoside and nucleotide interconversion [goid 0015949]",b1281,11.6570358,12.20246623,11.3414052,11.2069756,12.67537831,12.45081782
b1282,hypothetical protein,,b1282,13.18958968,13.28828105,12.86388068,12.90362244,13.50709096,13.48596588
b1283,"lipoprotein, osmotically inducible",osmotically inducible lipoprotein; go_process: response to osmotic stress [goid 0006970],b1283,14.06334083,13.68929363,14.37925917,14.48646997,13.64880119,13.61660357
b1284,putative DEOR-type transcriptional regulator,putative transcriptional regulator (DeoR family); go_function: transcriptional repressor activity [goid 0016564]; go_process: transcription [goid 0006350],b1284,11.24733145,11.15899787,11.55450771,11.51412866,10.85964133,10.93657829
b1285,RNase II modulator,,b1285,10.86701364,10.86577141,11.04956781,11.225797,10.76419037,10.64586154
b1286,exoribonuclease II,Involved in mRNA degradation. Hydrolyzes single-stranded polyribonucleotides processively in the 3' to 5' direction; go_process: RNA catabolism [goid 0006401]; go_process: RNA catabolism [goid 0006401],b1286,13.53592562,14.04493482,13.57729219,13.63601198,14.04842557,14.12292118
b1287,putative oxidoreductase,EcoGene suggests alternate start codon,b1287,12.81941057,13.25372383,12.79215525,13.15807322,13.05647036,13.20444571
b1288,enoyl-(acyl carrier protein) reductase,Catalyzes a key regulatory step in fatty acid biosynthesis; go_component: cytoplasm [goid 0005737],b1288,14.8506379,14.90147963,14.82991127,14.70537198,14.94351648,14.85555155
b1289,hypothetical protein,,b1289,10.551839,10.53086028,10.53461664,10.65872955,10.54425723,10.70853593
b1290,"peptide transport protein (ABC superfamily, atp_bind)",putative ATP-binding protein of peptide transport system; go_component: cytoplasm [goid 0005737]; go_process: amino acid catabolism [goid 0009063],b1290,12.04729812,12.05830755,11.96953606,11.96580446,12.11867993,12.24962841
b1291,"peptide transport protein (ABC superfamily, atp_bind)",putative ATP-binding protein of peptide transport system; go_component: cytoplasm [goid 0005737]; go_process: amino acid catabolism [goid 0009063],b1291,11.21065986,11.31801518,11.18929207,11.22149934,11.3816068,11.48796307
b1292,homolog of Salmonella peptide transport permease protein,"peptide transport protein (ABC superfamily, membrane); go_component: inner membrane [goid 0019866]",b1292,10.02863261,10.22365759,9.959453751,10.10587058,10.25561708,10.31676895
b1293,homolog of Salmonella peptide transport permease protein,"peptide transport protein (ABC superfamily, membrane); go_component: inner membrane [goid 0019866]",b1293,10.50250957,10.76573694,10.47542063,10.59834708,10.77802268,10.90068102
b1294,homolog of Salmonella peptide transport periplasmic protein,"peptide transport protein (ABC superfamily, peri_bind); go_component: periplasmic space [goid 0042597]; go_process: amino acid catabolism [goid 0009063]",b1294,10.64434623,10.95539666,10.66999121,10.81771206,11.10252688,11.10623868
b1295,unknown CDS,,b1295,11.3636742,11.62076054,11.47127668,11.45035617,11.71947845,11.67864002
b1296,putative amino acid/amine transport protein,EcoGene suggests alternate start codon; putative transport protein (APC family); go_component: inner membrane [goid 0019866],b1296,10.63801203,10.64008301,10.55078337,10.59558456,10.69140666,10.81120211
b1297,putative glutamine synthetase,EcoGene suggests alternate start codon; go_process: glutamine biosynthesis [goid 0006542]; go_process: nitrogen metabolism [goid 0006807],b1297,10.12946868,10.38385122,9.979225952,10.04641995,10.68834507,10.65836366
b1298,probable amidotransferase subunit,EcoGene suggests alternate start codon; putative glutamine amidotransferase; go_process: amine catabolism [goid 0009310],b1298,11.7473727,11.79462053,11.61228958,11.60330056,12.09508618,12.16492661
b1299,putative oxidoreductase/putative regulator,,b1299,12.54415855,12.45824448,12.37764349,12.35615949,12.63569161,12.67906867
b1300,"aldehyde dehydrogenase, prefers NADP over NAD",go_component: cytoplasm [goid 0005737]; go_process: fermentation [goid 0006113],b1300,9.566893428,9.584214885,9.661134974,9.703409836,9.751075416,9.800376133
b1301,probable oxidoreductase,putative oxidoreductase,b1301,9.732893011,9.779971944,9.756210214,9.851786283,9.8138305,9.984644972
b1302,4-aminobutyrate aminotransferase,"4-aminobutyrate aminotransferase, PLP-dependent; go_component: cytoplasm [goid 0005737]; go_process: amine catabolism [goid 0009310]; go_process: pyridoxine biosynthesis [goid 0008615]",b1302,7.925153845,8.028844355,8.055550352,8.115135014,8.101623964,8.140644411
b1303,psp operon transcriptional activator,EcoGene suggests alternate start codon; transcriptional activator of phage shock (EBP family); go_component: cytoplasm [goid 0005737]; go_function: transcriptional activator activity [goid 0016563]; go_process: transcription [goid 0006350],b1303,10.0511235,10.07513344,10.23587743,10.31401415,9.928523121,10.11774586
b1304,"phage shock protein, inner membrane protein",phage shock protein; negative regulatory gene for the psp opreon; go_component: cytoplasm [goid 0005737]; go_function: transcriptional repressor activity [goid 0016564]; go_process: transcription [goid 0006350],b1304,11.25074126,11.19451465,10.98767024,11.24919178,11.19332822,11.02960875
b1305,phage shock protein B,"acts together with PspC to induce psp operon during infection with phage, exposure to ethanol or osmotic shock; forms a complex with PspA and C; PspC is required for PspAB binding; go_component: cytoplasm [goid 0005737]; go_function: transcriptional activator activity [goid 0016563]; go_process: transcription [goid 0006350]",b1305,10.85057361,10.88838804,10.84716153,11.13698299,10.56089263,10.73411027
b1306,phage shock protein: activates phage shock-protein expression,phage shock protein; transcriptional activator of phage-shock protein with PspB; go_component: cytoplasm [goid 0005737]; go_function: transcriptional activator activity [goid 0016563]; go_process: transcription [goid 0006350],b1306,10.03716068,10.05132026,10.18706061,10.26295812,9.863168582,9.895766622
b1307,phage shock protein,,b1307,11.34859213,11.34284819,11.36830701,11.50759204,11.22187817,11.30515786
b1308,phage shock protein,"thiosulfate:cyanide sulfurtransferase (rhodanese), phage shock protein",b1308,12.67684706,12.45858444,12.73699437,12.75748349,12.30276551,12.17241129
b1309,putative polysaccharide hydrolase,EcoGene suggests alternate start codon; putative sucrose phosphorylase; go_process: polysaccharide catabolism [goid 0000272],b1309,7.041485855,7.010780682,6.971779231,7.026840107,7.044646658,7.085155728
b1310,putative ABC transporter periplasmic binding protein,"putative transport protein (ABC superfamily, peri_bind); go_component: periplasmic space [goid 0042597]",b1310,9.062211797,8.930724736,8.877441415,9.053505134,9.005393944,9.083666565
b1311,putative binding-protein dependent transport protein,"putative transport protein (ABC superfamily, membrane); go_component: inner membrane [goid 0019866]",b1311,8.864678593,8.868920733,8.775954324,8.847895216,8.848417551,8.973111477
b1312,"putative transport protein (ABC superfamily, membrane)",putative transport system permease protein; go_component: inner membrane [goid 0019866],b1312,10.24306915,10.21643401,10.17482992,10.32628882,10.22116552,10.31454523
b1313,"putative dehydrogenase, NAD(P)-binding",putative oxidoreductase,b1313,7.500985416,7.472777544,7.416212315,7.563021859,7.500400363,7.540338516
b1314,putative epimerase/isomerase,EcoGene suggests alternate start codon,b1314,10.33435419,10.23650453,10.23433671,10.29936735,10.29179841,10.44808205
b1315,putative NADH-dependent dehydrogenase,putative dehydrogenase,b1315,8.850537837,8.786782115,8.839986154,8.891690977,8.758057499,8.969533326
b1316,putative enzyme,,b1316,7.562851043,7.593555555,7.517617383,7.564071245,7.605084708,7.595151296
b1317,"putative beta phosphoglucomutase, contains a phophatase-like domain",putative beta-phosphoglucomutase,b1317,6.947890517,6.924233335,6.929976124,6.990630382,6.885575395,6.968702338
b1318,putative ATP-binding component of a transport system,"putative sugar transport protein (ABC superfamily, atp_bind); go_component: cytoplasm [goid 0005737]",b1318,7.816233731,7.551782471,7.563749538,7.664964646,7.619353276,7.695366368
b1319,outer membrane pore protein,outer membrane protein; go_component: external outer membrane (sensu Gram-negative Bacteria) [goid 0009279],b1319,11.96470683,11.74134045,11.81800839,11.83819219,11.87689141,11.93740721
b1320,putative LACI-type transcriptional regulator,putative transcriptional repressor (GalR/LacI family); go_component: periplasmic space [goid 0042597]; go_function: transcriptional repressor activity [goid 0016564]; go_process: transcription [goid 0006350],b1320,8.478716032,8.656133255,8.436399908,8.210229833,8.956348511,8.631474505
b1321,putative EC 2.1 enzyme,,b1321,10.98717553,10.79339857,10.86861476,11.02065102,10.94502467,10.88480058
b1322,hypothetical protein,,b1322,11.01101676,10.92637374,10.84474842,10.88846662,11.02501097,11.07748016
b1323,"transcriptional regulation of aroF, aroG, tyrA and aromatic amino acid transport",transcriptional regulator of aromatic amino acid biosynthesis and aromatic amino acid transport (EBP family); go_component: cytoplasm [goid 0005737]; go_function: transcriptional activator activity [goid 0016563]; go_function: transcriptional repressor activity [goid 0016564]; go_process: transcription [goid 0006350],b1323,12.36471147,12.46164116,12.74500584,12.84845873,12.28800142,12.49268734
b1324,thiol peroxidase,antioxidant activity; thioredoxin-dependent thiol peroxidase; forms homodimers in solution; shows substrate specificity to alkyl hydroperoxides; periplasmic protein; go_component: periplasmic space [goid 0042597]; go_process: xenobiotic metabolism [goid 0006805],b1324,14.62416017,14.8311162,14.6986551,14.49247602,14.94095066,14.86486228
b1325,"L-Ala-D/L-Glu epimerase, a muconate lactonizing enzyme",EcoGene suggests alternate start codon; putative muconate cycloisomerase I,b1325,11.16959306,11.03469994,11.3493329,11.3046528,11.03744438,11.15662049
b1326,putative carboxypeptidase,,b1326,11.09670525,11.20319219,11.26912476,11.39250562,11.1719442,11.23837091
b1327,"conserved hypothetical protein, alpha/beta-hydrolase domain",,b1327,7.452112814,7.53652875,7.320049365,7.412420971,7.356575601,7.369452928
b1328,putative transcriptional regulator (LysR family),putative transcriptional regulator LYSR-type; go_function: transcriptional activator activity [goid 0016563]; go_function: transcriptional repressor activity [goid 0016564]; go_process: transcription [goid 0006350],b1328,9.920138331,9.731673687,9.772535987,9.793776542,9.66302399,9.598820277
b1329,periplasmic murein tripeptide (L-Ala-gamma-D-Glut-m-DAP) permease,EcoGene suggests alternate start codon; periplasmic murein tripeptide transport protein; negative regulator of multiple antibiotic resistance; go_component: periplasmic space [goid 0042597]; go_process: peptidoglycan metabolism [goid 0000270],b1329,9.573471108,9.766436563,9.314265628,9.314492231,9.84063564,9.615372342
b1330,putative transmembrane protein,,b1330,10.25278333,10.10105188,10.20300267,10.25498706,9.891875811,9.816083832
b1331,IS5 protein,IS5 transposase,b1331,14.51185192,14.66309902,14.41907944,14.54140812,14.52728908,14.59354597
b1332,hypothetical protein,,b1332,14.5681978,14.54797139,13.88786503,13.90729447,14.82816861,14.47159192
b1333,"conserved protein, adenine nucleotide-binding domain",,b1333,14.00597774,13.6665026,14.53278688,14.54226626,13.32474804,13.61462249
b1334,"transcriptional regulation of aerobic, anaerobic respiration, osmotic balance","transcriptional regulator of aerobic, anaerobic respiration, osmotic balance (CAMP-binding family); go_component: cytoplasm [goid 0005737]; go_function: transcriptional activator activity [goid 0016563]; go_function: transcriptional repressor activity [goid 0016564]; go_process: anaerobic respiration [goid 0009061]; go_process: transcription [goid 0006350]",b1334,14.05641478,14.23732673,13.90645058,13.78223978,14.50153111,14.42503343
b1335,O-6-alkylguanine-DNA/cysteine-protein methyltransferase,go_component: cytoplasm [goid 0005737]; go_process: DNA methylation [goid 0006306],b1335,9.671602901,9.717443121,9.801592194,9.910883611,9.642691036,9.67148068
b1336,aminobenzoyl-glutamate transport protein,EcoGene suggests alternate start codon; putative p-aminobenzoyl-glutamate transport protein (AbgT family); go_component: inner membrane [goid 0019866],b1336,7.96558279,7.962487755,7.90199826,7.991021913,7.936032714,8.068144467
b1337,aminobenzoyl-glutamate utilization protein,"putative amidohydrolase (aminoacylase), p-aminobenzoyl-glutamate utilization; go_process: carbohydrate catabolism [goid 0016052]",b1337,9.140657145,9.089747296,9.090273868,9.196280764,9.185907885,9.150999415
b1338,aminobenzoyl-glutamate utilization protein,"EcoGene suggests alternate start codon; putative indole-3-acetyl-L-aspartic acid hydrolase, p-aminobenzoyl-glutamate utilization; go_process: carbohydrate catabolism [goid 0016052]",b1338,9.022150635,9.040019353,8.920001064,9.051667598,8.976209316,9.064975021
b1339,putative transcriptional regulator LYSR-type,putative transcriptional regulator of p-aminobenzoyl-glutamate utilization (LysR familiy); go_component: cytoplasm [goid 0005737]; go_function: transcriptional activator activity [goid 0016563]; go_function: transcriptional repressor activity [goid 0016564]; go_process: carbohydrate catabolism [goid 0016052]; go_process: transcription [goid 0006350],b1339,9.524615838,9.742623167,9.340799999,9.369697047,9.884110935,9.889165016
b1340,hypothetical protein,,b1340,10.41532572,10.42386117,10.55915726,10.66762395,10.66036803,10.55016448
b1341,hypothetical protein,,b1341,11.84528642,12.07171048,11.71618145,11.48499752,11.91333327,11.85785871
b1342,putative membrane associated protein,,b1342,11.70361095,11.60940745,12.06907013,12.08904711,11.56806012,11.5422778
b1343,ATP-dependent RNA helicase,"ATP-dependent RNA helicase, stimulated by 23S rRNA; go_component: cytosolic ribosome (sensu Bacteria) [goid 0009281]; go_component: cytoplasm [goid 0005737]; go_process: RNA modification [goid 0009451]",b1343,10.53736739,10.91600851,10.27841484,10.24118039,11.18668942,11.10089447
b1344,hypothetical protein,,b1344,11.96125321,12.02320922,11.68649376,11.66125174,12.16087548,12.16119432
b1345,Rac prophage; putative transposase/integrase,lambdoid prophage Rac integrase,b1345,8.013491735,7.956740913,7.944849174,8.014798504,7.985531357,7.947028016
b1346,Rac prophage,EcoGene suggests alternate start codon; putative lambdoid prophage Rac excisionase,b1346,12.14227685,11.93408563,11.92423213,12.08966735,11.91074301,12.03136512
b1347,Rac prophage,,b1347,6.104329921,6.105695606,6.074368369,6.115359225,6.124795086,6.121111928
b1348,Rac prophage; modifies activity of EcoKI,restriction alleviation and modification enhancement,b1348,7.273505187,7.205377005,7.237566535,7.223848963,7.327540332,7.356160023
b1349,"Rac prophage; recombinase, DNA renaturation","recombinase, DNA renaturation",b1349,7.816893885,7.722254029,7.833089179,7.810817782,7.722111556,7.764803022
b1350,"Rac prophage; exonuclease VIII, ds DNA exonuclease, 5' -> 3'-specific","exonuclease VIII, ds DNA exonuclease, 5' --> 3' specific; go_component: cytoplasm [goid 0005737]; go_process: DNA catabolism [goid 0006308]; go_process: DNA repair [goid 0006281]; go_process: DNA catabolism [goid 0006308]",b1350,8.471565848,8.291771061,8.412606889,8.356235682,8.416227786,8.438040689
b1351,Rac prophage; contains recE and oriJ,RacC protein,b1351,6.43607189,6.421344087,6.416537576,6.475834658,6.402553394,6.453321489
b1352,Kil protein (killing function) of lambdoid prophage Rac,EcoGene suggests alternate start codon; Rac prophage; inhibitor of ftsZ,b1352,8.659919988,8.489395811,8.455747095,8.549803369,8.653482889,8.65611018
b1353,Rac prophage; phage superinfection exclusion protein,EcoGene suggests alternate start codon; phage superinfection exclusion protein,b1353,6.245553895,6.218077364,6.28240932,6.249048778,6.217170462,6.214079697
b1354,Rac prophage,,b1354,7.49082075,7.434762642,7.387871965,7.450369042,7.488681588,7.501307696
b1355,Rac prophage,EcoGene suggests alternate start codon,b1355,8.478902308,8.090155328,8.154739867,8.161074873,8.087633817,8.215139577
b1356,Rac prophage repressor,Rac prophage; putative prophage repressor,b1356,12.89042913,12.901518,12.69993727,13.25705961,12.54530459,12.79181124
b1357,Rac prophage; repressor protein,,b1357,8.224957351,8.148251176,8.03438869,8.144059491,8.181905482,8.242681459
b1358,Rac prophage,,b1358,9.602304941,9.44787876,9.384998449,9.420669082,9.473844133,9.55903158
b1359,Rac prophage,,b1359,8.509034145,8.384910117,8.304927378,8.425550045,8.394738453,8.397181589
b1360,DNA replication protein DnaC,acts to load the DnaB helicase onto the intiation site durning DNA replication,b1360,11.03077411,10.90467025,10.82103983,10.98834303,10.87267855,11.031015
b1361,Rac prophage; putative transcriptional regulator,,b1361,9.102177565,8.955055319,8.989794606,8.991732868,8.94098998,9.05495692
b1362,Rac prophage; putative prophage lambda endopeptidase,EcoGene suggests alternate start codon; putative Rac prophage endopeptidase,b1362,7.975472744,7.926782997,7.996845537,8.125120122,7.97020761,7.9782196
b1363,Rac prophage; Trk system potassium uptake,trk system potassium uptake protein; go_component: inner membrane [goid 0019866],b1363,11.17787747,11.0055159,10.93863096,10.88356998,11.16162241,11.11255917
b1364,Rac prophage,,b1364,7.229434472,7.58599448,6.88693415,6.905394418,7.622773841,7.427969466
b1365,Rac prophage,,b1365,10.5216008,10.30542476,10.30549971,10.29573307,10.40429628,10.46248869
b1366,Rac prophage,,b1366,6.719360856,6.824816449,6.681857367,6.749723887,6.86736309,6.852564028
b1367,Rac prophage,,b1367,7.080110511,7.010332256,7.012861767,6.964405886,7.050469726,7.061660449
b1368,Rac prophage; putative tail protein,putative alpha helix protein,b1368,11.14031652,11.00901801,10.99496289,11.10896927,11.00514873,11.18529658
b1369,Rac prophage; putative outer membrane protein,,b1369,12.69329406,12.2989248,12.43254126,12.31881226,12.49539015,12.53780496
b1370,IS5Y transposase,Rac prophage; IS5 protein,b1370,13.53579223,13.67040317,13.47500524,13.60553133,13.58577096,13.64287588
b1371,Rac prophage; putative outer membrane protein,,b1371,12.11589506,11.99507742,11.93814853,11.98353334,11.9771705,12.06017661
b1372,Rac prophage; putative tail fiber protein,EcoGene suggests alternate start codon; side tail fiber protein homolog from lambdoid prophage Rac,b1372,9.92265725,9.737573501,9.782298089,9.841083586,9.798062036,9.918611998
b1373,Rac prophage; putative tail fiber assembly,tail fiber assembly protein homolog from lambdoid prophage Rac,b1373,8.327133438,8.142094992,8.36582714,8.308068315,8.261722885,8.091780653
b1374,Rac prophage; putative transposon resolvase,putative DNA-invertase from lambdoid prophage Rac,b1374,9.269126861,9.195375155,9.237742534,9.295071099,9.285616603,9.211152622
b1375,Rac prophage,,b1375,12.67059223,12.06835309,11.94979698,12.04942586,12.12039232,12.09139487
b1376,"conserved hypothetical protein, adenine nucleotide-binding domain",EcoGene suggests alternate start codon; putative filament protein,b1376,13.76017411,13.36608709,14.39316315,14.79881568,12.9550724,13.04258136
b1377,"outer membrane pore protein N, non-specific",outer membrane porin; go_component: external outer membrane (sensu Gram-negative Bacteria) [goid 0009279],b1377,7.866107774,7.784209329,7.623156538,7.877122837,7.762955606,7.887011987
b1378,"putative oxidoreductase, Fe-S subunit","putative pyruvate-flavodoxin oxidoreductase, Fe-S subunit",b1378,12.2863356,12.3102918,12.49518387,12.57998374,12.47614624,12.25367156
b1379,heat shock protein hslJ,go_process: response to temperature [goid 0009266],b1379,13.33522064,13.09321859,13.09135558,13.08478806,13.25385394,13.34748551
b1380,D-lactate dehydrogenase,"Catalyzes the reduction of sulfopyruvate to (R)-sulfolactate much more efficiently than the reverse reaction. Also catalyzes the reduction of oxaloacetate, alpha-ketoglutarate, and to a much lower extent, KHTCA, but not pyruvate. Involved in the biosynthes; go_process: fermentation [goid 0006113]",b1380,11.33967417,11.25118156,11.49161787,11.72121726,11.1111291,11.00774015
b1381,hypothetical protein,,b1381,10.588761,10.52852087,10.58885974,10.68706553,10.59611073,10.62930411
b1382,unknown CDS,,b1382,10.68507273,10.6114674,10.27643171,10.4985092,10.40980438,10.45864659
b1383,hypothetical protein,EcoGene suggests alternate start codon,b1383,11.42244653,11.28619555,11.04651331,11.29181418,11.1035444,11.13803532
b1384,regulatory protein for 2-phenylethylamine catabolism,transcriptional activator of 2-phenylethylamine catabolism (AraC/XylS family); go_component: cytoplasm [goid 0005737]; go_function: transcriptional activator activity [goid 0016563]; go_process: amino acid catabolism [goid 0009063]; go_process: amine catabolism [goid 0009310]; go_process: transcription [goid 0006350],b1384,7.9274263,8.16017358,7.672875229,7.683979471,8.671970279,8.322331391
b1385,phenylacetaldehyde dehydrogenase,EcoGene suggests alternate start codon; go_process: amine catabolism [goid 0009310]; go_process: nicotinamide adenine dinucleotide biosynthesis [goid 0009435],b1385,10.45179825,10.41423044,10.30871991,10.31123412,10.52007708,10.50509959
b1386,copper amine oxidase (tyramine oxidase),go_component: periplasmic space [goid 0042597]; go_process: amino acid catabolism [goid 0009063]; go_process: amine catabolism [goid 0009310],b1386,9.693884699,9.459084632,9.507353385,9.6378829,9.539904672,9.579611937
b1387,phenylacetic acid degradation protein; putative aldehyde dehydrogenase,"putative aldehyde dehydrogenase, putative phenylacetic acid degradation protein; go_process: carbohydrate catabolism [goid 0016052]",b1387,8.826602351,8.676694166,8.725325913,8.724488056,8.801868358,8.82918746
b1388,phenylacetic acid degradation protein,"putative phenylacetic acid degradation protein, possibly part of multicomponent oxygenase; go_process: carbohydrate catabolism [goid 0016052]",b1388,8.205283009,8.191595351,8.078146006,8.180677135,8.267276243,8.247779543
b1389,phenylacetic acid degradation protein,"putative phenylacetic acid degradation protein, possibly part of multicomponent oxygenase; go_process: carbohydrate catabolism [goid 0016052]",b1389,7.651128868,7.630233185,7.626713646,7.660173847,7.630809474,7.681906912
b1390,phenylacetic acid degradation protein,"putative phenylacetic acid degradation protein, possibly part of multicomponent oxygenase; go_process: carbohydrate catabolism [goid 0016052]",b1390,8.143711539,8.059651726,8.060954084,8.171446529,8.141023157,8.180618194
b1391,phenylacetic acid degradation protein,"putative phenylacetic acid degradation protein, possibly part of multicomponent oxygenase; go_process: carbohydrate catabolism [goid 0016052]",b1391,7.893300701,7.874621509,7.736075353,7.977950449,7.809561046,7.915957537
b1392,probable phenylacetic acid degradation NADH oxidoreductase,"putative phenylacetic acid degradation protein, putative NAD/FAD oxidoreductase; go_process: carbohydrate catabolism [goid 0016052]",b1392,7.933329626,7.832085165,7.871518302,7.8877648,7.907362703,7.981081747
b1393,probable enoyl-CoA hydratase,putative enoyl-CoA hydratase-isomerase in phenylacetic acid degradation; go_process: carbohydrate catabolism [goid 0016052],b1393,8.399955749,8.390150265,8.279741757,8.340751472,8.392932991,8.461677589
b1394,enoyl-CoA hydratase,Catalyzes the reversible hydration of unsaturated fatty acyl-CoA to beta-hydroxyacyl-CoA; go_process: carbohydrate catabolism [goid 0016052],b1394,7.973838621,8.086559773,7.959283131,8.024319042,8.057193322,8.184593031
b1395,3-hydroxybutyryl-CoA dehydrogenase,Converts (S)-3-hydroxybutanoyl-CoA to 3-acetoacetyl-CoA; go_process: carbohydrate catabolism [goid 0016052],b1395,10.79377684,10.61663478,10.72942855,10.65889083,10.70946451,10.83736315
b1396,phenylacetic acid degradation protein,putative phenylacetic acid degradation protein; go_process: carbohydrate catabolism [goid 0016052],b1396,7.875708416,7.942226564,7.913176349,7.895078021,7.958363821,8.014732022
b1397,acetyl-CoA acetyltransferase,"Catalyzes the synthesis of acetoacetyl coenzyme A from two molecules of acetyl coenzyme A. It can also act as a thiolase, catalyzing the reverse reaction and generating two-carbon units from the four-carbon product of fatty acid oxidation; go_process: carbohydrate catabolism [goid 0016052]",b1397,9.75397536,9.745871311,9.594280667,9.686912126,9.800385208,9.891016295
b1398,phenylacetate-CoA ligase,putative phenylacetyl-CoA ligase of phenylacetic acid degradation; go_process: carbohydrate catabolism [goid 0016052],b1398,9.046634437,9.000653748,8.89780894,8.870548392,9.272384711,9.169037651
b1399,transcriptional repressor for phenylacetic acid degradation,go_process: carbohydrate catabolism [goid 0016052],b1399,11.30581166,11.12737129,11.46406937,11.45748815,11.12738626,11.15257514
b1400,phenylacetic acid degradation protein; putative transferase,"putative acyl transferase, iron-binding",b1400,11.73148449,11.46509349,11.88323952,11.92978058,11.38370958,11.42058396
b1406,putative dehydrogenase,"putative oxidoreductase, NAD(P)-linked",b1406,10.55306552,10.59517389,10.70073102,10.87996406,10.5622717,10.58343652
b1407,hypothetical protein,EcoGene suggests alternate start codon,b1407,8.564953793,8.475911138,8.38380059,8.535767668,8.470543933,8.58584138
b1408,putative enzyme,EcoGene suggests alternate start codon,b1408,7.716501188,7.62497698,7.664364633,7.702029297,7.712469885,7.852471367
b1409,putative phosphatidate cytidiltransferase,"go_process: nucleobase, nucleoside and nucleotide interconversion [goid 0015949]",b1409,9.233861791,8.994191321,9.067356787,9.09058883,9.245192834,9.203019724
b1410,putative methylase,,b1410,9.473631927,9.446525448,9.390179638,9.546528376,9.400038295,9.53221063
b1411,putative enzyme,,b1411,9.40000847,9.412629283,9.341214701,9.472399821,9.404030881,9.473264057
b1412,acyl carrier protein phosphodiesterase,catalyzes the hydrolytic cleavage of the 4'-phosphopantetheine residue from ACP,b1412,13.60992868,13.83873603,13.39557631,13.48833052,13.69799119,13.8388551
b1413,"helicase, ATP-dependent",EcoGene suggests alternate start codon; go_component: cytoplasm [goid 0005737]; go_process: DNA dependent DNA replication [goid 0006261],b1413,11.83051132,11.91232001,12.00610534,12.0384328,11.91470122,12.01018027
b1414,hypothetical protein,,b1414,11.91196262,11.8108889,12.01001807,12.0220143,11.75051562,11.7049918
b1415,"aldehyde dehydrogenase A, NAD-linked","aldehyde dehydrogenase, NAD-linked; go_process: carbohydrate catabolism [goid 0016052]; go_process: methylglyoxal metabolism [goid 0009438]; go_process: fermentation [goid 0006113]; go_process: glycolate metabolism [goid 0009441]",b1415,14.75219427,14.75373469,14.4652633,14.59510196,14.80368822,14.74475809
b1418,cytochrome b561,EcoGene suggests alternate start codon; go_function: electron carrier activity [goid 0009055]; go_process: cytochrome biogenesis [goid 0017004],b1418,12.22759753,12.49171154,11.89713632,12.24536232,12.36020938,12.34332114
b1419,unknown CDS,,b1419,13.49350325,13.45539684,13.25738134,13.68403173,13.4078533,13.41778088
b4428,small toxic membrane polypeptide,,b4428,12.87476508,12.7724518,12.86513727,12.93455314,12.75921194,12.87298168
b1420,regulatory peptide whose translation enables hokB expression,,b1420,12.00828313,11.90585647,12.10828075,12.21531586,11.86164318,11.8809742
b1421,"methyl-accepting chemotaxis protein III, ribose and galactose sensor receptor","methyl-accepting chemotaxis protein III, ribose sensor receptor; go_component: inner membrane [goid 0019866]; go_process: taxis [goid 0042330]",b1421,9.28557799,9.173551407,9.208607833,9.287043616,9.211433457,9.31236903
b1422,putative transcriptional regulator (LysR familiy),EcoGene suggests alternate start codon; putative transcriptional regulator LYSR-type; go_function: transcriptional activator activity [goid 0016563]; go_function: transcriptional repressor activity [goid 0016564]; go_process: transcription [goid 0006350],b1422,10.35360455,11.3618354,9.798630814,9.809694116,12.34582809,11.9546652
b1423,hypothetical protein,,b1423,10.45862022,10.50682022,10.58006623,10.48812329,10.57607609,10.62615843
b1424,putative enzyme,EcoGene suggests alternate start codon; putative glycoprotein; go_component: periplasmic space [goid 0042597]; go_process: response to osmotic stress [goid 0006970],b1424,10.86199153,10.94541617,10.76594464,10.62316709,11.09335361,11.04162279
b1425,unknown CDS,,b1425,6.16246504,6.167616504,6.19486135,6.226908239,6.136888166,6.202205752
b1426,hypothetical protein,EcoGene suggests alternate start codon,b1426,11.14588368,10.86288243,11.66707977,11.65199291,10.69771527,10.49029744
b1427,"acetyl transferase, modifies N-terminal serine of 50S ribosomal subunit protein L7/L12",ribosomal-protein-serine acetyltransferase; go_component: cytosolic ribosome (sensu Bacteria) [goid 0009281]; go_component: cytoplasm [goid 0005737]; go_process: protein modification [goid 0006464],b1427,10.62924831,10.72123573,10.82714077,10.81615118,10.69966012,10.65609089
b1428,putative LpxA-like enzyme,,b1428,11.3443023,11.00359244,11.76510696,11.74934487,10.90788014,10.95929828
b1429,K+-tellurite ethidium and proflavin transport protein (TDT family),tellurite resistance protein; go_component: inner membrane [goid 0019866]; go_process: response to drug [goid 0042493],b1429,9.986419505,9.925661213,10.02736597,10.11639955,9.949748101,10.00213372
b1430,putative methyltransferase; tellurite resistance,tellurite resistance protein; go_process: response to drug [goid 0042493],b1430,11.8115601,12.0003331,11.8338127,12.026494,11.87791774,11.89870556
b1431,hypothetical protein,,b1431,11.1648707,11.16401887,11.21812629,11.29817609,11.23170049,11.03359211
b1432,putative transposase,,b1432,11.03268998,11.10054108,11.11113319,11.23536624,11.15629819,11.21296446
b1433,putative benzoate transport protein (MFS family),EcoGene suggests alternate start codon; putative membrane transport protein; go_component: inner membrane [goid 0019866],b1433,9.194203462,9.218939505,9.184970306,9.191477676,9.292233538,9.316117546
b1434,putative regulator,,b1434,9.634657483,10.08953365,9.759701941,9.878904425,10.12603179,10.16924465
b1435,putative protease,EcoGene suggests alternate start codon,b1435,10.46290053,10.88728265,10.40855411,10.33247115,11.10135268,10.98098275
b1436,unknown CDS,,b1436,12.90786791,12.65700751,12.74016554,12.8288608,12.71660706,12.79150257
b1437,unknown CDS,,b1437,6.778521505,6.767643451,6.754733478,6.872624097,6.763284015,6.81298932
b1438,putative regulator,,b1438,9.693683254,9.814712188,9.864076074,9.722657332,9.844427578,9.698282274
b1439,bifunctional: putative transcriptional regulator (GntR family) (N-terminal); putative ATP-binding component of a transport system (C-terminal),"multi modular; putative transcriptional regulator; also putative ATP-binding component of a transport system; go_function: ATP-binding cassette (ABC) transporter activity [goid 0004009]; go_process: regulation of transcription, DNA-dependent [goid 0006355]",b1439,9.495908887,9.818543253,9.351718463,9.269633069,10.08573907,9.7718316
b1440,putative ABC transporter periplasmic binding protein,"putative transport protein (ABC superfamily, peri_bind); go_component: periplasmic space [goid 0042597]",b1440,9.638855973,9.650309438,10.27688506,9.83109578,9.624941006,9.609486559
b1441,putative ABC transporter ATP-binding protein,"putative sperimidine/putrescine transport protein (ABC superfamily, atp_bind); go_component: cytoplasm [goid 0005737]",b1441,11.16615207,10.91280733,11.02157426,10.97681516,10.96884744,11.01644297
b1442,putative ABC transporter permease protein,"putative sperimidine/putrescine transport protein (ABC superfamily, membrane); go_component: inner membrane [goid 0019866]",b1442,9.12744048,9.252780956,9.15310824,9.109551084,9.34337763,9.30952559
b1443,putative ABC transporter permease protein,"putative sperimidine/putrescine transport protein (ABC superfamily, membrane); go_component: inner membrane [goid 0019866]",b1443,10.38675292,10.23110034,10.30726057,10.24809857,10.25946139,10.37337192
b1444,putative aldehyde dehydrogenase,,b1444,11.30954478,11.31365983,11.55569789,11.39075809,11.22661559,11.17560961
b1445,unknown CDS,EcoGene suggests alternate start codon,b1445,10.12022681,9.942125332,10.02836219,10.16605012,10.53520149,10.32033832
b1446,unknown CDS,,b1446,13.20639851,13.05725416,13.33351705,13.50501219,12.94460726,12.84034295
b1447,putative transport protein,,b1447,11.79149633,11.56490095,11.76578313,11.89098214,11.55070385,11.59488598
b1448,hypothetical acetyltransferase,putative N-acetyltransferase; go_process: response to drug [goid 0042493],b1448,12.65612949,12.41246758,12.69215226,12.82584841,12.27944188,12.45879752
b1449,"putative dehydrogenase, NAD(P)-binding",EcoGene suggests alternate start codon; putative oxidoreductase,b1449,12.75562673,12.60272087,12.88082884,12.84210152,12.57570625,12.56638438
b1450,hypothetical transcriptional regulator,"EcoGene suggests alternate start codon; putative transcriptional regulator (GntR familiy); go_process: transcription [goid 0006350]; go_process: regulation of transcription, DNA-dependent [goid 0006355]",b1450,10.47370234,10.21796287,10.16583515,10.40823131,10.13615564,10.08370999
b1451,probable tonB-dependent receptor,putative outer membrane porin/receptor; go_component: external outer membrane (sensu Gram-negative Bacteria) [goid 0009279],b1451,10.66735882,11.106115,10.22071458,10.29991792,11.45853294,11.3053808
b1452,putative receptor,,b1452,14.18759402,13.93020669,13.92506667,14.04098516,13.96752351,13.91990146
b1453,L-asparagine permease,EcoGene suggests alternate start codon; L-asparagine transport protein (APC family); go_component: inner membrane [goid 0019866]; go_process: asparagine biosynthesis [goid 0006529],b1453,10.13102413,10.1732329,9.945384914,9.882464612,10.396279,10.39004968
b1454,hypothetical GST-like protein,putative glutathione S-transferase,b1454,11.19252213,10.89306638,11.03103826,11.03184268,10.91741107,10.97191118
b1455,unknown CDS,,b1455,6.213107483,6.178044152,6.164277792,6.178442016,6.164777114,6.184646395
b1456,rhsE protein,,b1456,9.439703392,9.132846807,9.314978503,9.248596652,9.244318889,9.181214832
b1457,unknown CDS,,b1457,8.038170007,8.015263939,7.781494088,7.99439413,7.765660934,7.687743601
b1458,hypothetical protein,,b1458,8.724804963,8.471210894,8.505576742,8.53761805,8.467149057,8.340413985
b1459,hypothetical protein,,b1459,8.255391512,8.158909732,8.10455379,8.123291049,8.206455235,8.129792714
b1460,H repeat-associated protein (ORF-H),"conserved protein, similar to H-repeat associated proteins",b1460,9.629296304,9.565142,9.568434809,9.642033471,9.508578098,9.610566201
b1461,4-oxalocrotonate tautomerase,4-OT; member of subfamily 5; forms a dimer; the function in the Escherichia coli cell is unknown,b1461,11.60161188,11.504618,11.39484333,11.39697749,11.36338717,11.23716193
b1462,putative enzyme,EcoGene suggests alternate start codon,b1462,9.454929665,9.276589272,10.05412409,9.809285765,9.311334123,9.297899061
b1463,N-hydroxyarylamine O-acetyltransferase,go_process: metabolism [goid 0008152],b1463,11.03205795,10.85291737,10.89130039,10.92516042,10.91043806,10.86153835
b1464,hypothetical protein,,b1464,11.28260778,11.40503498,11.3358801,11.44690534,11.34608695,11.49540903
b1465,cryptic nitrate reductase 2 gamma subunit,"nitrate reductase 2, gamma subunit; go_component: inner membrane [goid 0019866]; go_function: electron acceptor activity [goid 0009054]; go_process: anaerobic respiration [goid 0009061]",b1465,10.38126539,10.1638739,10.25577865,10.18206766,10.30372795,10.38760186
b1466,cryptic nitrate reductase 2 delta subunit,"nitrate reductase 2, delta subunit, assembly function; go_process: anaerobic respiration [goid 0009061]; go_process: protein folding [goid 0006457]",b1466,10.17441185,10.02785561,10.06803813,10.09622258,10.09787433,10.22246205
b1467,cryptic nitrate reductase 2 beta subunit,"nitrate reductase 2, beta subunit; go_component: inner membrane [goid 0019866]; go_function: electron acceptor activity [goid 0009054]; go_process: anaerobic respiration [goid 0009061]",b1467,9.169167324,9.11824251,9.227792386,9.226373743,9.273717616,9.278190409
b1468,cryptic nitrate reductase 2 alpha subunit,"nitrate reductase 2, alpha subunit; go_component: inner membrane [goid 0019866]; go_function: electron acceptor activity [goid 0009054]; go_process: anaerobic respiration [goid 0009061]",b1468,8.610536447,8.694883181,8.758881354,8.875774003,8.822516343,8.856269652
b1469,nitrate extrusion protein (MFS family),nitrite extrusion protein 2; go_component: inner membrane [goid 0019866]; go_process: nitrogen metabolism [goid 0006807],b1469,7.340944524,7.241160553,7.605153547,7.744079869,7.453517985,7.263395585
b1470,unknown CDS,,b1470,6.562177628,6.504784997,6.551882312,6.583414386,6.515671909,6.503536172
b1471,putative glycoportein,EcoGene suggests alternate start codon; putative glycoprotein with ribonuclease inhibitor domain; go_process: glycoprotein biosynthesis [goid 0009101],b1471,6.114188891,6.090148765,6.100751018,6.094322174,6.101815705,6.108934017
b1472,putative outer membrane porin protein,go_component: external outer membrane (sensu Gram-negative Bacteria) [goid 0009279],b1472,8.601081152,8.346482802,8.567588411,8.429003504,8.502377813,8.483793759
b1473,putative transmembrane protein,,b1473,11.74241177,11.72888236,11.83503665,11.90727737,11.70004129,11.64433742
b1474,"formate dehydrogenase-N, alpha subunit, nitrate-inducible","formate dehydrogenase-N, nitrate-inducible, alpha subunit; go_component: cytoplasm [goid 0005737]; go_function: electron donor activity [goid 0009053]; go_process: anaerobic respiration [goid 0009061]",b1474,9.405455002,9.453521161,9.359725571,9.525178368,9.320108259,9.403950917
b1475,"formate dehydrogenase-N, Fe-S beta subunit, nitrate-inducible","formate dehydrogenase-N, nitrate-inducible, iron-sulfur beta subunit; go_component: inner membrane [goid 0019866]; go_function: electron donor activity [goid 0009053]; go_process: anaerobic respiration [goid 0009061]",b1475,7.020507643,7.041269749,6.986696032,7.145005876,7.085099282,7.168623583
b1476,"formate dehydrogenase-N, cytochrome B556(Fdn) gamma subunit, nitrate-inducible","formate dehydrogenase-N, nitrate-inducible, cytochrome B556(Fdn) gamma subunit; go_component: inner membrane [goid 0019866]; go_function: electron donor activity [goid 0009053]; go_process: anaerobic respiration [goid 0009061]; go_process: cytochrome biogenesis [goid 0017004]",b1476,7.940636734,8.034870583,7.959242926,8.008637017,7.940173409,8.062189885
b1477,putative transcriptional regulator (OmpR family),"EcoGene suggests alternate start codon; go_process: regulation of transcription, DNA-dependent [goid 0006355]",b1477,11.47109142,11.42359443,11.59200556,11.5700356,11.34482462,11.33864206
b1478,alcohol dehydrogenase,similar to zinc-dependent eukaryotic ADH enzymes and distinct from fermentative ADHs; go_process: anaerobic respiration [goid 0009061],b1478,13.12840479,13.17279456,13.30814125,13.19846942,13.19867041,13.14167824
b1479,NAD-linked malate dehydrogenase,EcoGene suggests alternate start codon; NAD-linked malate dehydrogenase (malic enzyme); go_process: gluconeogenesis [goid 0006094],b1479,13.36006948,13.47404687,13.45163401,13.56133161,13.46224511,13.40515686
b1480,30S ribosomal subunit protein S22; stationary phase-induced ribosome-associated protein,go_component: cytosolic ribosome (sensu Bacteria) [goid 0009281]; go_component: cytoplasm [goid 0005737]; go_function: structural constituent of ribosome [goid 0003735]; go_process: protein biosynthesis [goid 0006412],b1480,16.82434487,16.38007727,16.85249774,16.81241911,16.49508872,16.29042099
b1481,biofilm-dependent modulation protein,EcoGene suggests alternate start codon; unknown CDS,b1481,12.57177759,12.35967381,12.61223603,13.19849206,12.98292783,13.18285479
b1482,osmotically inducible protein,"resistance protein, osmotically inducible; go_process: response to osmotic stress [goid 0006970]",b1482,14.53556089,14.3151353,14.72026683,15.06612759,14.19444413,13.97556013
b1483,putative ABC transport system ATP-binding protein,"putative dipeptide transport protein (ABC superfamily, atp_bind); go_component: cytoplasm [goid 0005737]",b1483,9.753007309,9.646961511,9.664211031,9.686134221,9.631176413,9.74451764
b1484,putative ABC transport system ATP-binding protein,"putative dipeptide transport protein (ABC superfamily, atp_bind); go_component: cytoplasm [goid 0005737]",b1484,9.090793269,9.074545954,9.050108947,9.04085384,9.120157449,9.140780944
b1485,putative ABC transport system permease protein,"putative dipeptide transport protein (ABC superfamily, membrane); go_component: inner membrane [goid 0019866]",b1485,11.70687694,11.56593348,11.51244795,11.53703333,11.60307784,11.76183395
b1486,putative ABC transport system permease protein,"putative dipeptide transport protein (ABC superfamily, membrane); go_component: inner membrane [goid 0019866]",b1486,7.823274272,7.698244811,7.718932544,7.742686787,7.821149564,7.990662203
b1487,putative ABC transport system periplasmic binding protein,"putative dipeptide transport protein (ABC superfamily, peri_bind); go_component: periplasmic space [goid 0042597]",b1487,8.928203336,8.87590519,8.732062602,8.884051257,8.946263904,9.075678441
b1488,"D-Ala-D-Ala dipeptidase, Zn-dependent",D-alanyl-D-alanine dipeptidase; go_component: periplasmic space [goid 0042597]; go_process: response to osmotic stress [goid 0006970],b1488,7.177396506,7.35448828,7.020791629,7.1925309,7.42943208,7.485404335
b1489,"putative phosphodiesterase, oxygen-sensing protein",EcoGene suggests alternate start codon,b1489,8.38139746,8.526279015,8.15581271,8.263746311,8.45791601,8.478700827
b1490,hypothetical protein,,b1490,10.09595057,10.07736472,9.892425514,10.17192137,9.991895491,9.97282294
b1491,"conserved protein, glycosyltransferase domain",,b1491,9.456277953,9.722788373,9.439970636,9.44354953,9.926987612,9.710919776
b1492,"acid sensitivity protein, putative transporter",putative glutamate:gamma-aminobutyric acid antiporter (APC family); go_component: inner membrane [goid 0019866],b1492,11.79663011,11.98291564,12.42621992,12.0627502,11.64475074,11.62773247
b1493,glutamate decarboxylase isozyme,"glutamate decarboxylase, PLP-dependent, isozyme beta; go_component: cytoplasm [goid 0005737]; go_process: amino acid catabolism [goid 0009063]; go_process: amino acid metabolism [goid 0006520]",b1493,13.22044371,13.35837563,13.7610589,13.46317397,12.89456,12.77373181
b1494,putative zinc protease,redox cofactor for pyrroloquinoline quinone synthesis (cryptic in K-12); go_component: cytoplasm [goid 0005737],b1494,8.695174238,8.516689513,8.45753767,8.50551205,8.548097069,8.650286825
b1495,hypothetical protein,,b1495,8.018650135,7.895441111,7.92103271,7.916070861,7.947848992,7.956058585
b1496,putative ABC transport system ATP-binding protein,"putative transport protein (ABC superfamily, membrane (N-terminal), atp_bind (C-terminal)); go_component: inner membrane [goid 0019866]",b1496,6.73303929,6.683826591,6.696083244,6.658692016,6.739511516,6.749459775
b1497,putative enzyme,EcoGene suggests alternate start codon; putative regulator,b1497,7.117335795,7.033920883,6.997371151,7.033101738,7.100639015,7.174567462
b1498,putative sulfatase,EcoGene suggests alternate start codon; go_process: sulfur metabolism [goid 0006790],b1498,8.421601149,8.382721438,7.964734679,8.706111611,8.413074591,8.620165642
b1499,putative ARAC-type regulatory protein,putative transcriptional regulator (AraC/XylS family); go_function: transcriptional repressor activity [goid 0016564]; go_process: transcription [goid 0006350],b1499,7.158140638,6.980622228,7.018975652,6.969559365,7.051249162,7.045519817
b1500,unknown CDS,,b1500,6.176737266,6.192856842,6.192220285,6.190560133,6.19635807,6.198126532
b1501,bifunctional: putative reductase (N-terminal); putative formate dehydrogenase (C-terminal),"putative oxidoreductase, major subunit",b1501,9.107207534,9.113403902,9.103678498,9.065928185,9.047565223,9.128058081
b1502,putative adhesin; similar to FimH protein,,b1502,6.824181774,6.727843498,6.70854551,6.709879207,6.722584719,6.765148815
b1503,putative fimbrial-like protein,go_component: fimbria [goid 0009289],b1503,10.22135812,10.00180636,10.00144313,10.03385209,10.0949023,10.12799589
b1504,putative fimbrial-like protein,go_component: fimbria [goid 0009289],b1504,7.088081568,7.120678309,7.041308741,7.126619594,7.119576311,7.101529942
b1505,putative outer membrane protein,EcoGene suggests alternate start codon; go_component: external outer membrane (sensu Gram-negative Bacteria) [goid 0009279],b1505,7.303185982,7.324762625,7.215569505,7.275705193,7.323093395,7.3374241
b1506,hypothetical protein,,b1506,6.746011004,6.695138115,6.651428654,6.714259313,6.697665975,6.664231435
b1507,"persistence to inhibition of murein or DNA biosynthesis, DNA-binding regulator",transcriptional repressor which interacts with HipB; go_component: cytoplasm [goid 0005737]; go_process: peptidoglycan biosynthesis [goid 0009252]; go_process: DNA metabolism [goid 0006259],b1507,10.46349015,10.30601977,10.39243112,10.54833667,10.27175273,10.33946881
b1508,persistence to inhibition of murein or DNA biosynthesis; regulatory protein,transcriptional repressor which interacts with HipA; go_component: cytoplasm [goid 0005737]; go_process: peptidoglycan biosynthesis [goid 0009252]; go_process: DNA metabolism [goid 0006259],b1508,8.899718131,8.781683587,8.947366206,9.20624863,8.552372286,8.406183921
b1509,putative ATP-binding component of a transport system and adhesin protein,,b1509,11.16317721,11.00530925,10.99897488,11.10348667,11.07469705,11.16950404
b1510,hypothetical protein,,b1510,10.50496275,10.47715804,10.39550998,10.56868899,10.44655695,10.57465446
b1511,putative kinase,putative sugar kinase,b1511,9.879542645,9.794879251,9.802209757,9.902641902,9.756371976,9.889801891
b1512,"putative transcriptional regulator, sorC family",putative transcriptional repressor; go_function: transcriptional repressor activity [goid 0016564],b1512,9.923870729,10.01338707,9.962116799,10.13098074,9.879221256,9.879864592
b1513,putative ATP-binding component of a transport system; essential for aerobic growth,"putative sugar transport protein (ABC superfamily, atp_bind); go_component: cytoplasm [goid 0005737]",b1513,8.446018083,8.43237311,8.372687016,8.504212416,8.341403311,8.455252606
b1514,putative ABC transport system permease protein,"putative sugar transport protein (ABC superfamily, membrane); go_component: inner membrane [goid 0019866]",b1514,8.861292122,8.915853377,8.937565072,8.957669224,8.902598528,9.064044893
b1515,putative ABC transport system permease protein,"putative sugar transport protein (ABC superfamily, membrane); go_component: inner membrane [goid 0019866]",b1515,7.657484708,7.64403975,7.579374573,7.668270298,7.669600995,7.676112972
b1516,putative LACI-type transcriptional regulator,"putative sugar transport protein (ABC superfamily, peri_bind); go_component: periplasmic space [goid 0042597]",b1516,9.370417785,9.252936195,9.196208184,9.272856789,9.286217206,9.364759626
b1517,hypothetical protein,,b1517,10.44469443,10.42234416,10.36060608,10.49044989,10.39680156,10.46612928
b1518,hypothetical protein,,b1518,8.252291489,8.435788484,8.25780941,8.532710316,8.301789153,8.23747177
b1519,trans-aconitate 2-methyltransferase,catalyzes the formation of (E)-3-(methoxycarbonyl)pent-2-enedioate and S-adenosyl-L-homocysteine from S-adenosyl-L-methionine and trans-aconitate; go_component: cytoplasm [goid 0005737],b1519,10.8199555,10.87493855,11.07168787,11.07011063,10.92481248,10.90273446
b1520,hypothetical protein,EcoGene suggests alternate start codon,b1520,7.840298485,8.252959069,7.657184642,7.564947585,8.760006779,8.406749855
b1521,tagaturonate reductase,catalyzes the formation of D-tagaturonate from D-altronate; go_process: carbohydrate catabolism [goid 0016052],b1521,8.85348938,8.887313025,8.918638998,9.014715049,8.853279182,8.972320809
b1522,putative transport protein,,b1522,8.930810018,8.833657919,8.702815527,8.870267233,8.895796048,8.937412032
b1523,hypothetical protein,,b1523,9.548145876,9.810617536,9.358557783,9.265781712,10.03805441,10.06435194
b1524,glutaminase,catalyzes the formation of glutamate from glutamine; go_process: amino acid catabolism [goid 0009063],b1524,10.63789215,10.91829214,10.49187298,10.52601563,11.05985485,11.01369172
b1525,putative aldehyde dehydrogenase,EcoGene suggests alternate start codon,b1525,10.84951322,10.82452961,10.92211804,10.98488898,10.85869478,10.81568599
b1526,putative transcriptional regulator (LysR family),putative transcriptional regulator LYSR-type; go_function: transcriptional activator activity [goid 0016563]; go_function: transcriptional repressor activity [goid 0016564]; go_process: transcription [goid 0006350],b1526,9.571753561,9.549150117,9.475222107,9.546307282,9.622999602,9.707367303
b1527,hypothetical protein,,b1527,6.812966008,6.749150702,6.757243256,6.744986303,6.8109152,6.792758794
b1528,sugar efflux transporter,go_component: inner membrane [goid 0019866]; go_function: L-arabinose/beta-D-thiogalactopyranoside:hydrogen antiporter activity [goid 0015524]; go_process: carbohydrate catabolism [goid 0016052],b1528,9.232895977,9.362923178,9.13652514,9.259596757,9.413169005,9.51584432
b1529,multiple antibiotic resistance protein,"putative MarC transport protein, multiple antibiotic resistance protein",b1529,11.61650058,11.45502061,11.80351075,11.74422999,11.49191863,11.3895911
b1530,multiple antibiotic resistance protein; repressor of mar operon,EcoGene suggests alternate start codon; transcriptional repressor for antibiotic resistance and oxidative stress; go_component: cytoplasm [goid 0005737]; go_function: transcriptional repressor activity [goid 0016564]; go_process: transcription [goid 0006350]; go_process: response to drug [goid 0042493],b1530,9.784472201,10.27328513,9.713652339,9.803773045,10.43095871,10.11551148
b1531,multiple antibiotic resistance; transcriptional activator of defense systems,EcoGene suggests alternate start codon; transcriptional activator for multiple antibiotic resistance (AraC/XylS family); go_component: cytoplasm [goid 0005737]; go_function: transcriptional activator activity [goid 0016563]; go_process: transcription [goid 0006350]; go_process: response to drug [goid 0042493]; go_process: xenobiotic metabolism [goid 0006805],b1531,10.78821188,11.1299566,10.4430804,10.55406268,11.09965117,11.00853306
b1532,multiple antibiotic resistance protein,go_process: response to drug [goid 0042493]; go_process: xenobiotic metabolism [goid 0006805],b1532,10.71992361,10.67630328,10.45354189,10.40499055,10.79523204,10.70133308
b1533,amino acid metabolite efflux pump,EcoGene suggests alternate start codon; cysteine pathway metabolite transport protein (MFS family),b1533,12.3487507,12.36058143,11.78686546,11.94085675,12.47315689,12.43823185
b1534,putative transport protein,putative transport protein (MFS family); go_component: inner membrane [goid 0019866],b1534,9.784064161,9.718172682,9.338055019,9.452352249,9.585894124,9.588049759
b1535,hypothetical protein,,b1535,9.744409282,9.747797945,9.53663725,9.602206491,10.10544132,9.74695699
b1536,hypothetical protein,,b1536,10.36188833,10.23912335,10.42355989,10.57139168,10.31850622,10.21438423
b1537,competence damage-inducible protein A,,b1537,8.208121419,8.273993464,8.073880754,8.255515171,8.224703007,8.260223129
b1538,dipeptidyl carboxypeptidase II,,b1538,12.69962059,12.76841945,12.72329143,12.9438576,12.70219784,12.6922713
b1539,putative oxidoreductase,"putative oxidoreductase, NAD(P)-binding",b1539,13.60126974,13.4567974,13.53823466,13.62686212,13.45549186,13.42905389
b1540,putative transcriptional repressor (GntR family),go_function: transcriptional repressor activity [goid 0016564]; go_process: transcription [goid 0006350],b1540,11.58294418,11.58545666,11.46893921,11.44205463,11.62478408,11.61049277
b1541,unknown CDS,,b1541,13.06403616,12.65141335,13.34549931,13.51926063,12.01690739,12.23312914
b1542,putative mannitol dehydrogenase,putative oxidoreductase,b1542,8.147432749,7.97246029,8.023109937,8.112141641,8.119118496,8.118666534
b1543,putative transport protein,putative transport protein (MFS family); go_component: inner membrane [goid 0019866],b1543,9.351681227,9.197842303,9.299053113,9.241292957,9.348862796,9.379815037
b1544,Qin prophage,,b1544,12.58897908,12.04230513,11.8891487,12.03940385,12.07138003,12.05645322
b1545,Qin prophage; putative resolvase (recombinase),putative DNA-invertase from lambdoid prophage Qin,b1545,9.311434844,9.213091847,9.097222479,9.234026298,9.296337027,9.2626281
b1546,Qin prophage; putative tail fiber assembly,tail fiber assembly protein homolog from lambdoid prophage Qin,b1546,8.244479541,8.005650925,8.296578655,8.231338543,8.148947132,8.039277047
b1547,Qin prophage; putative tail fiber protein,side tail fiber protein homolog from lambdoid prophage Qin,b1547,10.40778461,10.28844908,10.31336054,10.40734876,10.28206177,10.45595624
b1548,DNA packaging protein NU1 homolog from lambdoid prophage Qin,Qin prophage; packaging protein NU1,b1548,10.14827583,9.987935506,10.15323771,10.2606674,10.03025798,10.05852174
b1549,Qin prophage,EcoGene suggests alternate start codon,b1549,6.774245542,6.637382942,6.920548374,6.767378939,6.609342049,6.643485285
b1550,GnsB protein,"EcoGene suggests alternate start codon; Qin prophage; suppressor of cold/temperature-sensitive mutants, affects levels of unsaturated fatty acids, similar to GnsA",b1550,8.910271246,9.166998584,8.825000569,8.652834668,9.515455454,9.320534958
b1551,Qin prophage,EcoGene suggests alternate start codon,b1551,7.128340996,6.985324305,6.818433379,6.963406665,6.930244204,7.003367838
b1552,Qin prophage; cold shock-like protein,cold shock-like protein,b1552,10.01962708,9.344060078,9.082935391,8.744989194,9.617515751,9.190409679
b1553,Qin prophage,,b1553,8.165328014,8.0382744,8.116226418,8.114313141,8.068710964,8.136000973
b1554,Qin prophage; putative lysozyme,probable lysozyme from lambdoid prophage Qin,b1554,11.0249502,10.9760061,10.9294132,11.05481155,10.90289576,11.13152841
b1555,Qin prophage,,b1555,6.826120867,6.721741096,6.874624949,6.761083715,6.752883335,6.785980977
b1556,Qin prophage,EcoGene suggests alternate start codon; lysis protein S homolog from lambdoid prophage Qin,b1556,8.106924791,7.994720799,8.090840395,8.018346118,8.124860407,8.216313969
b1557,Qin prophage; cold shock protein,cold shock-like protein,b1557,16.08635406,15.50345161,15.38758604,14.98973304,15.81573525,15.87422293
b1558,Qin prophage; cold shock protein,cold shock-like protein,b1558,11.35293355,10.85004382,10.96189402,10.93099595,11.38925663,10.99384282
b1559,Qin prophage; putative antitermination potein Q,EcoGene suggests alternate start codon; antitermination protein Q homolog from lambdoid prophage Qin,b1559,10.96072511,10.85457562,10.7307376,10.93728426,10.81817791,10.94627296
b1560,Qin prophage,EcoGene suggests alternate start codon,b1560,9.057100306,8.924667465,8.873829057,8.957788028,8.962261489,9.028839098
b1561,Qin prophage,,b1561,9.672692263,9.510907751,9.671310426,9.864725432,9.43591152,9.514458701
b1562,Qin prophage; cytotoxin (host killing protein),"hokD (relF) regulatory elements are deleted, and the gene is fused to the relBE transcript; evolutionary relic?; polypeptide destructive to membrane potential",b1562,10.42838988,10.45946525,10.66489043,10.66627429,10.28036989,10.19320383
b1563,"Qin prophage; part of two-component toxin-antitoxin system with RelB, transcriptional corepressor of relBE operon",go_component: cytoplasm [goid 0005737]; go_function: transcriptional repressor activity [goid 0016564]; go_process: transcription [goid 0006350],b1563,12.08746395,11.95054987,12.26081081,12.01799641,11.93197895,11.77618956
b1564,"Qin prophage; part of two-component toxin-antitoxin system with RelE, transcriptional repressor of relBE operon",negative regulator of translation; go_component: cytoplasm [goid 0005737]; go_function: transcriptional repressor activity [goid 0016564]; go_process: transcription [goid 0006350],b1564,12.40255768,12.27168111,12.50476337,12.56322044,12.16421148,11.99221947
b1565,Qin prophage,,b1565,8.14430906,8.015598905,7.934758448,8.145617128,8.013579968,8.145806079
b1566,Qin prophage,,b1566,11.58261534,11.37548691,11.35765779,11.46011197,11.40847489,11.5062783
b1567,Qin prophage,,b1567,7.363593814,7.338240642,7.42478053,7.356465916,7.451680174,7.32722731
b1568,Qin prophage,,b1568,10.0616269,9.98737915,9.909207872,10.03772015,9.937802306,10.10926333
b1569,Qin prophage; transcriptional repressor of cell division inhibition protein,regulator of dicB,b1569,10.78318839,10.65613732,10.63115873,10.62544275,10.65082165,10.81327214
b1570,Qin prophage; transcriptional repressor of cell division inhibition protein,regulator of dicB,b1570,13.5576709,13.35246524,13.45156805,13.47021133,13.3381947,13.29630462
b1571,Qin prophage,,b1571,7.77397093,7.899246352,7.751615148,7.821363413,7.902700509,7.861932318
b1572,Qin prophage,EcoGene suggests alternate start codon,b1572,8.304304134,8.19257239,8.23784984,7.993203321,8.317632803,8.304800883
b1573,Qin prophage,EcoGene suggests alternate start codon,b1573,10.09045394,9.862497571,9.985875497,9.961776966,9.929252671,10.04180281
b1575,Qin prophage; inhibitior of cell division,inhibition of cell division,b1575,6.819392783,6.730338973,6.773469109,6.90221334,6.814646056,6.780564468
b1576,Qin prophage,,b1576,7.922694415,7.616516852,7.773812419,7.694599575,7.763498737,7.834275392
b1577,Qin prophage,,b1577,8.499347446,8.371258652,8.396831684,8.494137888,8.393583854,8.394330891
b1578,Qin prophage; IS2 homolog,,b1578,13.29584625,13.22299934,13.34129418,13.33271078,13.24830801,13.23637396
b1579,Qin prophage; putative transposase,EcoGene suggests alternate start codon; putative lambdoid prophage Qin defective integrase,b1579,7.015271451,6.889244411,6.961579773,7.012284796,7.004762852,6.978442101
b1580,"putative dehydrogenase, NAD(P)-binding, starvation-sensing protein",starvation sensing protein; go_process: response to starvation [goid 0042594],b1580,9.916347728,9.746075529,9.814938401,9.865327303,9.809648907,9.863363072
b1581,"putative dehydratase, starvation-sensing protein",starvation sensing protein; go_process: response to starvation [goid 0042594],b1581,9.105935169,9.043994454,8.937008822,9.004308483,9.053523452,9.050258392
b1582,hypothetical protein,,b1582,13.75542463,13.53868619,13.63512119,13.6302327,13.60064812,13.75790739
b1583,hypothetical protein,,b1583,13.79461662,13.87695291,13.80783252,13.97848768,13.74353819,13.72197595
b1584,spermidine N1-acetyltransferase,go_process: polyamine biosynthesis [goid 0006596],b1584,12.2517882,12.35114229,12.26190656,12.4001134,12.14127403,12.14246283
b1585,hypothetical protein,EcoGene suggests alternate start codon,b1585,10.08186533,10.03371824,10.15520183,10.28991884,10.00541585,9.898730302
b1586,hypothetical protein,EcoGene suggests alternate start codon,b1586,13.02671507,12.86144947,13.35254749,13.69461723,12.6006354,12.68422666
b1587,"putative dimethyl sulfoxide reductase, major subunit",putative reductase subunit,b1587,10.03113917,9.587761866,10.70659194,10.93067084,8.92166626,9.275798865
b1588,"putative dimethyl sulfoxide reductase, major subunit",EcoGene suggests alternate start codon; putative reductase subunit,b1588,8.967939649,9.03427363,9.007179183,9.143745092,8.929471466,9.081936164
b1589,"putative dimethyl sulfoxide reductase, Fe-S subunit",,b1589,9.823956761,9.764756348,9.834250939,9.868255174,9.799570556,9.843226138
b1590,"putative dimethyl sulfoxide reductase, anchor subunit",,b1590,11.02603383,10.99971246,10.98412873,10.97324734,11.03595098,11.0989901
b1591,putative dimethyl sulfoxide reductase component,EcoGene suggests alternate start codon; twin-arginine leader-binding protein,b1591,11.11161447,11.18073027,11.08331606,10.91197349,11.32908352,11.29105622
b1592,putative voltage-gated ClC-type chloride channel ClcB,EcoGene suggests alternate start codon,b1592,7.40118313,7.657574303,7.485506647,7.416351745,7.894343591,7.765896611
b1593,dithiobiotin synthetase,"DTB synthetase; dethiobiotin synthase; involved in production of dethiobiotin from ATP and 7,8-diaminononanoate and carbon dioxide; contains magnesium; go_process: biotin biosynthesis [goid 0009102]",b1593,13.78161698,13.28710473,14.16490865,14.27177236,12.94001041,13.40529918
b1594,putative NAGC-like transcriptional regulator,"transcriptional repressor for glucose uptake and glycolysis, global repressor of carbohydrate metabolism (NagC/XylR (ROK) family); go_component: cytoplasm [goid 0005737]; go_function: transcriptional repressor activity [goid 0016564]; go_process: polysaccharide biosynthesis [goid 0000271]; go_process: transcription [goid 0006350]",b1594,12.29734157,12.39851507,12.4649415,12.69371721,12.29904288,12.38820016
b1595,putative transcriptional regulator (LysR family),"putative transcriptional regulator LYSR-type; go_process: regulation of transcription, DNA-dependent [goid 0006355]",b1595,9.778969801,9.629726941,9.75818173,9.774975472,9.694698185,9.714698118
b1596,putative transport protein,putative transport protein (MFS family); go_component: inner membrane [goid 0019866],b1596,10.79758083,10.94820442,10.88978865,10.95709974,10.98614355,11.21912321
b1597,acid shock protein precursor,required for growth and survival under moderately acid conditions; go_process: response to pH [goid 0009268],b1597,9.981952356,9.934378189,9.960723979,10.29703704,9.925996516,9.835957396
b1598,putative enzyme,putative protease,b1598,12.21564899,12.03811529,12.33897338,12.50192347,11.9807583,12.02708761
b1599,multidrug transport protein (SMR superfamily),possible chaperone,b1599,9.613946616,9.829201419,9.385137637,9.233177555,10.17105831,9.997959706
b1600,multidrug transport protein (SMR superfamily),possible chaperone; go_component: inner membrane [goid 0019866],b1600,11.27797472,11.40392141,10.93747962,11.06961592,11.76050125,11.54762198
b1601,putative integral membrane transport protein,putative transport protein,b1601,10.91184735,10.78831643,10.84789502,10.93508241,10.70249316,10.92161277
b1602,pyridine nucleotide transhydrogenase,catalyzes reversible transfer of hydride ion equivalent between NAD and NADP; membrane-bound proton pump that translocates protons from cytosolic to periplasmic side of the inner membrane; forms a tetramer composed of two alpha and 2 beta subunits; AB-ster; go_component: inner membrane [goid 0019866],b1602,14.50817502,14.65102578,14.57609445,14.73077789,14.60333189,14.59360905
b1603,NAD(P) transhydrogenase subunit alpha,forms a tetramer composed of 2 alpha subunits and 2 beta subunits in the inner membrane; involved in catalyzing transfer of hydride ion equivalents between NAD and NADP; stereospecific (AB-specific); functions as a proton pump by translocating protons from; go_component: inner membrane [goid 0019866],b1603,15.07072795,15.24367854,14.95400867,15.07433365,15.09258855,15.14522218
b1604,hypothetical protein,,b1604,13.21680577,13.41629176,13.26405005,13.3914076,13.38341457,13.20500583
b1605,putative arginine/ornithine antiporter,putative arginine:ornithine antiporter (APC family); go_component: inner membrane [goid 0019866],b1605,10.11582164,10.18491464,10.20834919,10.2566369,10.1942834,10.2348435
b1606,short chain dehydrogenase,,b1606,10.05263277,10.12762067,10.29182856,10.39846276,10.0966127,10.07115249
b1607,hypothetical protein,,b1607,12.32626385,12.22246881,12.11067213,12.02760365,12.51791733,12.39758136
b1608,response regulator (activator) in two-component regulatory system with RstB (OmpR family),EcoGene suggests alternate start codon; response transcriptional regulatory protein (RstB sensor); go_component: cytoplasm [goid 0005737]; go_function: transcriptional activator activity [goid 0016563]; go_process: transcription [goid 0006350],b1608,12.35906527,12.48807495,12.32884141,12.21227351,12.40424854,11.98083887
b1609,sensor histidine protein kinase (RstA regulator),sensory histidine kinase in two-component regulatory system with RstA; go_component: inner membrane [goid 0019866]; go_process: protein modification [goid 0006464],b1609,11.08270894,11.26547471,10.9891718,10.71406263,11.20570893,10.92264976
b1610,DNA replication terminus site-binding protein,go_component: cytoplasm [goid 0005737]; go_process: DNA dependent DNA replication [goid 0006261],b1610,10.04050382,10.16357158,10.2139691,10.18389367,10.21113091,10.08809531
b1611,fumarate hydratase,class II family; tetrameric enzyme; fumarase C; reversibly converts (S)-malate to fumarate and water; functions in the TCA cycle; go_process: tricarboxylic acid cycle [goid 0006099]; go_process: fermentation [goid 0006113]; go_process: anaerobic respiration [goid 0009061],b1611,10.96213921,10.98540531,10.81565768,10.79850421,11.13351243,11.032841
b1612,"fumarase A (fumarate hydratase class I), aerobic isozyme",fumarase A = fumarate hydratase Class I; aerobic isozyme; go_process: tricarboxylic acid cycle [goid 0006099],b1612,13.33146923,13.42768629,13.20364555,13.36845157,13.42389138,13.38530001
b1613,mannose-6-phosphate isomerase,go_component: capsule (sensu Bacteria) [goid 0030113]; go_component: cytoplasm [goid 0005737]; go_process: carbohydrate catabolism [goid 0016052]; go_process: nucleotide-sugar biosynthesis [goid 0009226]; go_process: colanic acid biosynthesis [goid 0009242]; go_process: response to dessication [goid 0009269],b1613,11.82073633,11.9018397,11.81561949,11.97198544,11.72881636,11.79798945
b1614,hypothetical protein,,b1614,13.93356439,13.7265633,13.80113997,13.91161199,13.61457702,13.60616281
b1615,membrane-associated protein,go_component: inner membrane [goid 0019866],b1615,10.8308212,10.63783155,10.73950351,10.75361645,10.7399546,10.84502532
b1616,glucuronide permease,glucuronide transport protein (GPH family); go_component: inner membrane [goid 0019866]; go_process: carbohydrate catabolism [goid 0016052],b1616,8.917068677,8.760085474,8.764999863,8.864546255,8.813434844,8.879236289
b1617,beta-D-glucuronidase,go_process: carbohydrate catabolism [goid 0016052],b1617,10.85404167,10.83059371,10.72016236,10.77440781,10.76864359,10.87771791
b1618,repressor for uid operon,transcriptional repressor for glucuronide metabolism (TetR/AcrR family); go_component: cytoplasm [goid 0005737]; go_function: transcriptional repressor activity [goid 0016564]; go_process: carbohydrate catabolism [goid 0016052]; go_process: transcription [goid 0006350],b1618,11.58952443,11.64004155,11.57462501,11.64043315,11.55017565,11.57484652
b1619,7-alpha-hydroxysteroid dehydrogenase,Acts on the hydroxyl group at position 7 of the steroid frame; go_component: cytoplasm [goid 0005737],b1619,13.24512851,12.87993924,13.32977615,13.47282735,12.72102621,12.54139487
b1620,maltose regulon regulatory protein,transcriptional repressor of maltose regulon (GalR/LacI family); go_component: cytoplasm [goid 0005737]; go_function: transcriptional repressor activity [goid 0016564]; go_process: carbohydrate catabolism [goid 0016052]; go_process: transcription [goid 0006350],b1620,10.68029517,10.66701863,10.73560795,10.89893991,10.62533306,10.80382024
b1621,"PTS family enzyme IIC (N-terminal); enzyme IIB (C-terminal), maltose/glucose-specific","PTS system, maltose and glucose-specific IIABC component; go_process: carbohydrate catabolism [goid 0016052]",b1621,9.160537266,9.153001737,9.245782799,9.077596444,9.215962032,9.25376685
b1622,bifunctional: PLP-dependent beta-cystathionase; repressor of maltose regulon through interaction with MalT,cystathionine beta-lyase; maltose regulon modulator; go_component: cytoplasm [goid 0005737]; go_process: carbohydrate catabolism [goid 0016052],b1622,10.90471032,10.93569411,11.22175338,11.21110828,10.74594481,10.79654807
b1623,adenosine deaminase,"catalyzes the formation of inosine from adenosine; go_process: nucleobase, nucleoside and nucleotide interconversion [goid 0015949]",b1623,11.27560628,11.12869943,11.89441734,11.81753681,10.8890771,11.20271761
b1624,hypothetical oxidoreductase,EcoGene suggests alternate start codon; putative NAD(P)-binding dehydrogenase,b1624,12.55416954,12.5137772,12.23701492,12.12150596,12.72806753,12.62037944
b4409,beta-lactam resistance protein,,b4409,11.96078201,11.42576253,12.11767394,11.99426548,11.31026513,11.31903849
b1625,hypothetical protein,,b1625,9.988109787,9.712509664,10.23984209,10.52247296,9.406649451,9.491728427
b1626,putative oxidoreductase,EcoGene suggests alternate start codon,b1626,11.34468895,11.23124305,11.44685434,11.47473863,11.35474509,11.17848213
b1627,Na(+)-translocating NADH-quinone reductase subunit E,,b1627,9.513837581,9.687345761,9.464750332,9.169577174,10.2296774,9.736266454
b1628,electron transport complex protein RnfB,part of membrane-bound complex hought to be involved in electron transport to nitrogen; go_function: electron carrier activity [goid 0009055],b1628,11.7364936,12.10895612,11.28771695,11.28455821,12.43411456,12.33687132
b1629,electron transport complex protein RnfC,part of membrane-bound complexthought to be involved in electrontransport to nitrogen; go_component: inner membrane [goid 0019866],b1629,11.35830279,11.57213143,10.9688001,11.02561198,11.71483184,11.85927319
b1630,electron transport complex protein RnfD,RnfD; RsxD; required for nitrogen fixation in Rhodobacter capsulatus; part of a membrane-bound complex thought to be involved in electron transport to nitrogenase; in Escherichia coli this gene is part of a cluster controlling SoxR-mediated induction of th,b1630,10.88914088,11.20136406,10.71150035,10.69379409,11.38637315,11.3720465
b1631,electron transport complex protein RnfG,part of membrane-bound complex hought to be involved in electron transport to nitrogen,b1631,11.49559318,11.61987774,11.43791113,11.5316882,11.63501254,11.67944514
b1632,NADH-ubiquinone oxidoreductase,"Provides the input to the respiratory chain from the NAD-linked dehydrogenases of the citric acid cycle. The complex couples the oxidation of NADH and the reduction of ubiquinone, to the generation of a proton gradient which is then used for ATP synthesis",b1632,10.30748868,10.50116728,10.34381782,10.36678774,10.54833277,10.60510766
b1633,endonuclease III; DNA glycosylase/apyrimidinic (AP) lyase,endonuclease III; specific for apurinic and/or apyrimidinic sites; go_component: cytoplasm [goid 0005737]; go_process: DNA catabolism [goid 0006308]; go_process: DNA catabolism [goid 0006308]; go_process: response to radiation [goid 0009314],b1633,10.79051177,10.89339782,10.7873513,10.76874911,10.90386266,10.87758453
b1634,putative peptide transport protein (POT family),putative transport protein; go_component: inner membrane [goid 0019866],b1634,11.44171881,11.1753968,11.44994117,11.41979045,11.3760248,11.36708328
b1635,glutathionine S-transferase,,b1635,12.76236841,12.58866328,12.9103066,12.95843705,12.41156601,12.40733449
b1636,pyridoxine kinase,catalyzes the formation of pyridoxal 5'-phosphate from pyridoxal; go_process: pyridoxal 5'-phosphate salvage [goid 0009443],b1636,10.92332216,10.95039655,10.73445765,10.64717179,11.1892389,11.13754221
b1637,tyrosyl-tRNA synthetase,catalyzes the formation of tyrosyl-tRNA(Tyr) from tyrosine and tRNA(Tyr); go_component: cytoplasm [goid 0005737]; go_process: amino acid activation [goid 0006418],b1637,13.65311215,13.62662183,13.51873216,13.49183632,13.64560611,13.62283101
b1638,pyridoxamine 5'-phosphate oxidase,catalyzes the formation of pyridoxal 5'-phosphate from pyridoxamine 5'-phosphate; go_process: pyridoxine biosynthesis [goid 0008615]; go_process: pyridoxal 5'-phosphate salvage [goid 0009443],b1638,12.26999142,12.53735701,12.18222375,12.20487784,12.60599841,12.64571681
b1639,hypothetical protein,,b1639,9.610604462,9.468095248,9.682495438,9.714093744,9.584227943,9.552688218
b1640,hypothetical protein,,b1640,12.03195888,11.91456051,12.06013689,12.00890814,11.87782793,11.92052383
b1641,putative outer membrane lipoprotein,putative outer membrane protein; go_component: inner membrane [goid 0019866],b1641,15.57664455,15.34972052,15.67876653,15.3138093,15.31178063,15.14140654
b1642,transcriptional regulator SlyA,Transcription regulator that can both activate or repress expression; go_component: cytoplasm [goid 0005737]; go_function: transcriptional activator activity [goid 0016563]; go_process: transcription [goid 0006350],b1642,13.34895321,13.01545242,13.41814568,13.38763456,12.94587552,12.89573892
b1643,unknown CDS,,b1643,10.01697763,9.938329025,10.18517739,10.25785976,9.912219737,10.0020478
b1644,putative multidrug resistance protein,EcoGene suggests alternate start codon; go_component: inner membrane [goid 0019866],b1644,9.515490405,9.598629787,9.604982074,9.598790718,9.655863085,9.623943775
b1645,hypothetical protein,,b1645,8.51969027,8.576931262,8.356282888,8.458960009,8.74741093,8.704259845
b1646,superoxide dismutase precursor (Cu-Zn),go_component: periplasmic space [goid 0042597]; go_process: xenobiotic metabolism [goid 0006805],b1646,12.72034673,12.47500367,13.16697145,13.21193942,12.42097045,12.48793227
b1647,"putative oxidoreductase, NAD(P)-linked",,b1647,12.21650935,12.08218393,12.43502602,12.43705102,11.99576765,12.05132636
b1648,unknown CDS,EcoGene suggests alternate start codon,b1648,6.982832908,6.860117889,6.949413549,6.969814415,6.908205564,6.939946326
b1649,hypothetical transcriptional regulator,"putative transcriptional regulator (TetR/AcrR family); go_process: regulation of transcription, DNA-dependent [goid 0006355]",b1649,9.727853162,9.829873853,9.669989355,9.538792417,10.11854859,9.887072951
b1650,N-ethylmaleimide reductase,"N-ethylmaleimide reductase, FMN-linked; go_process: xenobiotic metabolism [goid 0006805]",b1650,10.85246396,10.91143929,10.92349102,10.63921241,11.00206898,10.92267817
b1651,"glyoxalase I, nickel isomerase",lactoylglutathione lyase; go_process: methylglyoxal metabolism [goid 0009438],b1651,14.15715725,14.16944812,14.26382282,14.21194768,14.21073584,14.07429045
b1652,ribonuclease T,Responsible for the end-turnover of tRNA: specifically removes the terminal AMP residue from uncharged tRNA (tRNA-C-C-A); go_process: RNA catabolism [goid 0006401]; go_process: DNA catabolism [goid 0006308]; go_process: RNA catabolism [goid 0006401]; go_process: DNA catabolism [goid 0006308],b1652,10.91808488,11.23119481,10.84051817,10.77787749,11.56695144,11.38453378
b1653,member of ATP-dependent helicase superfamily II,"putative ATP-dependent helicase, superfamily II; go_component: cytoplasm [goid 0005737]; go_process: DNA dependent DNA replication [goid 0006261]",b1653,10.5237032,10.48303964,10.48664922,10.56174538,10.53151616,10.63131319
b1654,hypothetical protein,,b1654,14.45072939,14.29988627,14.1138938,14.18643306,14.28561285,14.26152781
b1655,putative lipoprotein,,b1655,9.139033646,9.37396373,9.382795122,9.289966041,9.470845699,9.272440498
b1656,"superoxide dismutase, iron",go_component: cytoplasm [goid 0005737]; go_process: xenobiotic metabolism [goid 0006805],b1656,15.66044213,15.57863745,15.75294515,15.79874653,15.5764392,15.66217612
b1657,putative transport protein,putative transport protein (MFS family); go_component: inner membrane [goid 0019866],b1657,10.03128489,10.20688857,9.694837928,9.863884234,10.37654385,10.39339256
b1658,transcriptional repressor for de novo purine nucleotide synthesis (GalR/LacI family),"transcriptional repressor for pur regulon, glyA, glnB, prsA, speA; go_component: cytoplasm [goid 0005737]; go_function: transcriptional repressor activity [goid 0016564]; go_process: purine nucleotide biosynthesis [goid 0006164]; go_process: polyamine biosynthesis [goid 0006596]; go_process: histidine biosynthesis [goid 0000105]; go_process: amino acid catabolism [goid 0009063]; go_process: glycine biosynthesis [goid 0006545]; go_process: nitrogen metabolism [goid 0006807]; go_process: 10-formyltetrahydrofolate biosynthesis [goid 0009257]; go_process: pyrimidine nucleotide biosynthesis [goid 0006221]; go_process: nucleobase, nucleoside and nucleotide interconversion [goid 0015949]; go_process: transcription [goid 0006350]",b1658,12.16675182,12.61344019,11.98126437,12.02561894,12.79289936,12.59862279
b1659,putative transcriptional regulator (LysR familiy),putative transcriptional regulator LYSR-type; go_function: transcriptional activator activity [goid 0016563]; go_function: transcriptional repressor activity [goid 0016564]; go_process: transcription [goid 0006350],b1659,11.13734314,10.87487881,10.97557008,10.97614631,11.03014377,10.94526984
b1660,putative transport protein,putative transport protein (MFS family); go_component: inner membrane [goid 0019866],b1660,10.49477285,9.922172459,10.92709984,10.93148315,10.1522257,10.32895705
b1661,cyclopropane fatty acyl phospholipid synthase,cyclopropane fatty acyl phospholipid synthase (unsaturated-phospholipid methyltransferase),b1661,13.39323006,13.28984536,13.76291992,13.75918385,13.27556776,13.17656174
b1662,riboflavin synthase subunit alpha,"catalyzes the formation of riboflavin from 6,7-dimethyl-8-(1-D-ribityl)lumazine",b1662,12.52465301,12.20693015,12.55072767,12.68911114,12.12503484,11.97634207
b1663,multidrug efflux protein NorA,functions as a Na(+)/drug antiporter; go_component: inner membrane [goid 0019866]; go_process: response to drug [goid 0042493],b1663,10.81254564,10.67418616,11.17820145,11.05079701,10.50981601,10.55264415
b1664,possible enzyme,putative enzyme,b1664,12.93791081,12.9596605,13.0827905,13.23906218,12.81011458,12.871362
b1667,protein ofunknown function,,b1667,13.56328486,13.10410933,13.70211836,13.65667785,13.13728533,12.91542361
b1668,putative oxidoreductase,,b1668,10.38315363,10.33780784,10.33128155,10.48189288,10.13301917,10.18561782
b1669,hypothetical protein,,b1669,10.80626265,10.62731526,10.7378314,10.75043107,10.70095628,10.78490094
b1670,"putative oxidoreductase, integral membrane protein",go_component: inner membrane [goid 0019866],b1670,11.2148085,10.97491184,11.07628389,11.09469743,11.01713957,11.1351899
b1671,"putative oxidoreductase, Fe-S subunit",EcoGene suggests alternate start codon,b1671,8.143741245,8.03632757,8.314932293,8.326931869,8.071255529,8.180549299
b1672,hypothetical protein,,b1672,10.99262879,10.84948013,10.94605903,11.00890885,10.82133901,11.01519669
b1673,putative oxidoreductase,,b1673,7.658488671,7.455869424,7.565609626,7.570805993,7.493276275,7.477865547
b1674,"putative oxidoreductase, Fe-S subunit",,b1674,8.729301151,8.593582025,8.815754838,8.963193489,8.480029245,8.547159738
b1675,hypothetical protein,,b1675,12.6586768,12.41136244,12.77690996,12.72599955,12.42473199,12.19741896
b1676,pyruvate kinase,catalyzes the formation of phosphoenolpyruvate from pyruvate; go_process: glycolysis [goid 0006096]; go_process: fermentation [goid 0006113]; go_process: anaerobic respiration [goid 0009061],b1676,13.862939,13.96324186,13.97977241,13.98766306,14.02415822,13.95616996
b1677,murein lipoprotein,"murein lipoprotein, links outer and inner membranes; go_component: inner membrane [goid 0019866]; go_process: peptidoglycan biosynthesis [goid 0009252]",b1677,16.1522664,15.82575116,16.2260303,15.62427726,15.92393339,15.89753763
b1678,putative ATP synthase subunit,,b1678,13.20870622,12.84138034,13.62286601,13.32915719,12.62485644,12.69118868
b1679,cysteine desufuration protein SufE,Acts with SufS to catalyze the formation of L-alanine from L-cysteine,b1679,12.0310297,12.2869501,12.23153419,12.29515609,12.23952259,12.25451025
b1680,selenocysteine lyase,Catalyzes the formation of L-alanine and selenide from selenocysteine,b1680,12.00269158,12.26280756,12.22942295,12.32134584,12.11810564,12.20480432
b1681,required for stability of iron-sulfur component of FhuF,required for stability of the [2Fe-2S] FhuF protein,b1681,11.70714048,11.98161327,11.89926612,11.89026512,11.86962148,11.9496798
b1682,putative ATP-binding component of a transport system,"putative transport protein (ABC superfamily, atp_bind); go_component: cytoplasm [goid 0005737]",b1682,11.56682209,11.81337091,11.72081159,11.70263352,11.66851336,11.68781253
b1683,putative transport protein,EcoGene suggests alternate start codon; go_process: protein folding [goid 0006457],b1683,12.27073056,12.27715518,12.46193667,12.46557244,12.12488895,12.14861844
b1684,iron-sulfur cluster assembly scaffold protein,functions as a scaffold on which iron-sulfur clusters ([2Fe-2S]; [4Fe-4S]) are assembled; forms a homodimer; similar to IscA protein,b1684,13.24469495,13.16165649,13.37993874,13.53823972,12.94009102,12.98401043
b1685,unknown CDS,,b1685,14.82222094,14.60334426,14.75327348,15.04185561,14.59792519,14.65302979
b1686,hypothetical protein,,b1686,13.56236968,13.55265417,13.57579291,13.76027928,13.53036207,13.60580833
b1687,putative oxidase,"putative oxidase, FAD-binding",b1687,13.12369273,13.32660814,13.13916285,13.26679176,13.30071807,13.45913324
b1688,putative transport protein,,b1688,11.65870295,11.42620596,11.77185741,11.81059787,11.46682115,11.36130318
b1689,hypothetical protein,EcoGene suggests alternate start codon,b1689,8.09497496,7.939710772,7.975303068,7.987957185,7.917351688,8.062901147
b1690,putative transport protein (MFS family),putative transport system permease protein; go_component: inner membrane [goid 0019866],b1690,7.54159953,7.427337581,7.423450504,7.515866978,7.437057267,7.552783722
b1691,putative amino acid/amine transport protein,putative transport protein (MFS family); go_component: inner membrane [goid 0019866],b1691,8.816562281,8.666314495,8.705522249,8.711719868,8.717751473,8.778565937
b1692,shikimate 5-dehydrogenase,catalyzes the formation of shikimate from 3-dehydroshikimate in aromatic amino acid biosynthesis,b1692,12.0096415,11.89615398,11.99313552,11.9156015,11.96799231,12.01546822
b1693,3-dehydroquinate dehydratase,catalyzes the dehydration of 3-dehydroquinate to form 3-dehydroshikimate in aromatic amino acid biosynthesis; go_process: chorismate biosynthesis [goid 0009423],b1693,10.26403101,10.51046022,10.55638073,10.56186624,10.45023221,10.41049875
b1694,bifunctional putative acetyl-CoA:acetoacetyl-CoA transferase: alpha subunit (N-terminal); beta subunit (C-terminal),putative enzyme; go_process: fatty acid oxidation [goid 0019395],b1694,8.245570752,8.17288375,8.218980425,8.23494579,8.236878106,8.274706327
b1695,crotonobetainyl-CoA dehydrogenase,catalyzes the reduction of crotonobetainyl-CoA to gamma-butyrobetainyl-Coa,b1695,7.362258886,7.271155608,7.281510059,7.277277217,7.304847269,7.366118457
b1696,putative ARAC-type regulatory protein,"putative transcriptional regulator (AraC/XylS family); go_process: transcription [goid 0006350]; go_process: regulation of transcription, DNA-dependent [goid 0006355]",b1696,7.797673448,7.578735668,7.740165037,7.841367572,7.603920768,7.493452689
b1697,putative electron transfer flavoprotein subunit beta,thought to participate in the transfer of electrons to nitrogenase during nitrogen fixation,b1697,8.361209773,8.215925837,8.326142575,8.446372458,8.221665204,8.302122881
b1698,putative electron transfer flavoprotein subunit alpha,involved in electron transfer during carnitine metabolism; go_function: electron carrier activity [goid 0009055],b1698,10.43241687,10.29698017,10.3168848,10.41117139,10.35262792,10.42645501
b1699,flavoprotein; probably electron transport,"putative electron transfer flavoprotein, NAD/FAD-binding domain; go_function: electron carrier activity [goid 0009055]",b1699,8.142285805,8.090936509,8.030265582,8.110622125,8.008315486,8.158375068
b1700,putative ferredoxin,go_function: electron carrier activity [goid 0009055],b1700,7.379554375,7.325584043,7.423094906,7.504446623,7.390903776,7.443729422
b1701,hypothetical protein,possible ligase/synthase involved in anaerobic growth on fatty acids,b1701,8.586344135,8.534510751,8.529753987,8.592362507,8.615532969,8.667734933
b1702,phosphoenolpyruvate synthase,catalyzes the formation of phosphoenolpyruvate from pyruvate; go_process: gluconeogenesis [goid 0006094],b1702,13.33770343,13.63211137,13.34155429,13.40134967,13.72146604,13.63338763
b1703,hypothetical protein,,b1703,10.73072055,10.85344892,10.80362528,10.95967721,10.79725759,10.74593014
b1704,3-deoxy-7-phosphoheptulonate synthase,catalyzes the formation of 3-deoxy-D-arabino-hept-2-ulosonate 7 phosphate from phosphoenolpyruvate and D-erythrose 4-phosphate; go_process: tryptophan biosynthesis [goid 0000162],b1704,11.31074301,11.70217236,11.18941225,11.1206926,12.09197842,11.90880156
b1705,hypothetical protein,,b1705,12.75523864,12.87730425,12.89490598,12.96039337,13.02812177,12.9723707
b1706,hypothetical protein,,b1706,11.79922743,12.0224356,11.56280747,11.59775204,12.18512886,12.16741614
b1707,hypothetical protein,,b1707,9.445550274,9.415643139,9.248037095,9.410153542,9.552922297,9.532246973
b1708,lipoprotein,go_component: inner membrane [goid 0019866],b1708,11.28340642,11.16021857,11.31940367,11.17375072,11.20547827,11.03011449
b1709,vitamin B12-transporter ATPase,ATP-binding protein that acts with the transmembrane protein BtuC and the solute binding protein BtuF to transport vitamin B12 into the cell; go_component: cytoplasm [goid 0005737]; go_process: vitamin B12 biosynthesis [goid 0009236],b1709,11.75277163,11.87675357,11.55018261,11.53333064,11.94634911,11.85189101
b1710,vitamin B12 transport,"vitamin B12 transport protein (ABC superfamily, peri_bind); go_component: periplasmic space [goid 0042597]; go_process: vitamin B12 biosynthesis [goid 0009236]",b1710,12.65610281,12.70262999,12.54063456,12.47238288,12.74167732,12.63130277
b1711,vtamin B12-transporter permease,with BtuD and BtuF transports vitamin B12 into the cell; go_component: inner membrane [goid 0019866]; go_process: vitamin B12 biosynthesis [goid 0009236],b1711,10.60930605,10.59968007,10.58970567,10.56793145,10.68177162,10.71810145
b1712,integration host factor alpha subunit,"This protein is one of the two subunits of integration host factor, a specific DNA-binding protein that functions in genetic recombination as well as in transcriptional and translational control; go_component: cytoplasm [goid 0005737]; go_process: DNA recombination [goid 0006310]",b1712,14.34240201,14.40606381,14.6967213,14.58116576,14.49097938,14.33438267
b1713,phenylalanyl-tRNA synthetase beta subunit,"catalyzes a two-step reaction, first charging a phenylalanine molecule by linking its carboxyl group to the alpha-phosphate of ATP, followed by transfer of the aminoacyl-adenylate to its tRNA; forms a tetramer of alpha(2)beta(2); binds two magnesium ions p; go_component: cytoplasm [goid 0005737]; go_process: amino acid activation [goid 0006418]",b1713,13.48289664,13.57168739,13.61195268,13.60257627,13.58102537,13.72258199
b1714,phenylalanyl-tRNA synthetase alpha subunit,"catalyzes a two-step reaction, first charging a phenylalanine molecule by linking its carboxyl group to the alpha-phosphate of ATP, followed by transfer of the aminoacyl-adenylate to its tRNA; forms a heterotetramer of alpha(2)beta(2); binds two magnesium; go_component: cytoplasm [goid 0005737]; go_process: amino acid activation [goid 0006418]",b1714,13.64477016,13.83657489,13.56488955,13.6045175,13.8948405,14.04475721
b1715,phenylalanyl-tRNA synthetase (pheST) operon leader peptide,go_component: cytoplasm [goid 0005737]; go_process: amino acid activation [goid 0006418],b1715,6.371085983,6.390848607,6.376445471,6.525639512,6.438699485,6.347737339
b1716,50S ribosomal protein L20,This protein binds directly to 23S ribosomal RNA and is necessary for the in vitro assembly process of the 50S ribosomal subunit; go_component: cytosolic ribosome (sensu Bacteria) [goid 0009281]; go_component: cytoplasm [goid 0005737]; go_function: structural constituent of ribosome [goid 0003735]; go_process: protein biosynthesis [goid 0006412],b1716,14.27401705,14.33409423,14.06982654,13.86120089,14.40085418,14.17591324
b1717,50S ribosomal protein L35,go_component: cytosolic ribosome (sensu Bacteria) [goid 0009281]; go_component: cytoplasm [goid 0005737]; go_function: structural constituent of ribosome [goid 0003735]; go_process: protein biosynthesis [goid 0006412],b1717,16.2289278,16.26936107,16.11756784,16.18269567,16.16950922,16.14941611
b1718,translation initiation factor IF-3,Binds to the 30S ribosomal subunit and enhances its availability for the initiation of protein synthesis; go_component: cytoplasm [goid 0005737]; go_process: protein biosynthesis [goid 0006412],b1718,16.3692061,16.38180044,16.06947463,16.1207188,16.46712663,16.38750442
b1719,threonyl-tRNA synthetase,"Catalyzes a two-step reaction, first charging a threonine molecule by linking its carboxyl group to the alpha-phosphate of ATP, followed by transfer of the aminoacyl-adenylate to its tRNA; go_component: cytoplasm [goid 0005737]; go_process: amino acid activation [goid 0006418]",b1719,14.80722761,14.77218406,14.63200776,14.75498911,14.69197013,14.71308067
b1722,hypothetical protein,,b1722,8.546311597,8.749357875,8.531202218,8.463803109,9.184304845,8.881006691
b1723,6-phosphofructokinase II,6-phosphofructokinase II; suppressor of pfkA; go_component: cytoplasm [goid 0005737]; go_process: carbohydrate catabolism [goid 0016052],b1723,14.14774643,14.08749172,14.19441092,14.37137046,14.06022371,14.08541686
b1724,hypothetical protein,,b1724,13.13127756,13.13920854,13.18284796,13.41623861,12.96032353,12.98292014
b1725,"conserved protein, protein kinase-like",,b1725,11.60606881,11.83416209,12.09031531,12.06106406,11.78764946,11.70994101
b1726,putative transmembrane protein,,b1726,13.69519569,13.49049764,13.63316634,13.68586404,13.35339711,13.38285403
b1727,"putative enzyme, with a phophatase-like domain",putative phosphatase,b1727,11.23571233,11.36946844,11.40606729,11.35255479,11.44698768,11.28718097
b1728,"LexA regulated gene, possible SOS response",go_process: SOS response [goid 0009432],b1728,9.780892202,9.662408087,10.05482842,9.708868962,9.597984112,9.416326984
b1729,bifunctional: putative transport protein (N-terminal); putative kinase (C-terminal),hypothetical symporter,b1729,14.03921983,14.26540411,13.87759468,13.8550781,14.3246336,14.32573851
b1730,putative enzyme,,b1730,6.360133258,6.323344651,6.330535147,6.33849201,6.328066673,6.342581214
b1731,cell division activator,"cell division modulator, affects inhibition after overreplication of chromosome in dnaAcos mutants",b1731,11.53275759,11.2972059,11.42768901,11.5171303,11.38659971,11.37388892
b1732,"catalase; hydroperoxidase HPII (III), RpoS-dependent",catalase; hydroperoxidase HPII(III); go_component: cytoplasm [goid 0005737]; go_process: xenobiotic metabolism [goid 0006805],b1732,12.92178598,13.13225681,13.13902528,13.32515355,13.10482819,13.05798095
b1733,hypothetical protein,,b1733,9.300459216,9.241756368,9.549787284,9.367909455,9.430867312,9.39581298
b1734,"phospho-beta-glucosidase, NAD(P)-binding (cellobiose-6-phosphate hydrolase)",phospho-beta-glucosidase; cryptic; go_component: cytoplasm [goid 0005737]; go_process: carbohydrate catabolism [goid 0016052]; go_process: nicotinamide adenine dinucleotide biosynthesis [goid 0009435],b1734,9.037952418,8.934957021,9.059942281,9.093338649,8.933788462,9.054589238
b1735,negative transcriptional regulator of cel operon,transcriptional repressor of carbon uptake (AraC/XylS family); go_component: cytoplasm [goid 0005737]; go_function: transcriptional repressor activity [goid 0016564]; go_process: carbohydrate catabolism [goid 0016052]; go_process: transcription [goid 0006350],b1735,7.696026386,7.511530516,7.529762891,7.59059778,7.501922499,7.56535825
b1736,"PEP-dependent phosphotransferase enzyme III for cellobiose, arbutin, and salicin","PTS family enzyme IIA, cellobiose/arbutin/salicin sugar-specific; go_process: carbohydrate catabolism [goid 0016052]",b1736,9.522113717,9.390776943,9.47352874,9.547967797,9.309864167,9.363789863
b1737,"PEP-dependent phosphotransferase enzyme II for cellobiose, arbutin, and salicin","PTS family enzyme IIC, cellobiose/arbutin/salicin sugar-specific; go_component: inner membrane [goid 0019866]; go_process: carbohydrate catabolism [goid 0016052]",b1737,9.456434554,9.461418317,9.302964046,9.418923803,9.432257699,9.641672615
b1738,"PEP-dependent phosphotransferase enzyme IV for cellobiose, arbutin, and salicin","PTS family enzyme IIB, cellobiose/arbutin/salicin sugar-specific; go_process: carbohydrate catabolism [goid 0016052]",b1738,11.68679676,11.52962544,11.63383127,11.67041816,11.71693561,11.68803232
b1739,activator of ntrL gene,transcriptional activator of ntrL gene; go_component: cytoplasm [goid 0005737]; go_function: transcriptional activator activity [goid 0016563]; go_process: transcription [goid 0006350]; go_process: response to osmotic stress [goid 0006970],b1739,14.90910932,14.39863728,14.7971314,15.13239283,14.3678324,14.05947369
b1740,NAD(+) synthetase,catalyzes the formation of NAD(+) from deamido-NAD(+) using ammonia; go_process: nicotinamide adenine dinucleotide biosynthesis [goid 0009435],b1740,13.58906273,13.60073495,13.62592085,13.74834643,13.51625335,13.46778065
b1741,endonuclease in nucleotide excision repair,putative excinuclease subunit,b1741,13.0017402,12.9786497,12.90459428,12.75245873,12.96046744,12.94239274
b1742,hypothetical protein,EcoGene suggests alternate start codon,b1742,10.37438337,10.25551647,10.1288865,10.21808005,10.19958392,10.34142379
b1743,periplasmic protein related to spheroblast formation,go_component: periplasmic space [goid 0042597],b1743,10.49493018,10.35909498,10.44404144,10.57906992,10.54117972,10.46949624
b1744,succinylglutamate desuccinylase,catalyzes the formation of succinate and glutamate from N(2)-succinylglutamate in arginine catabolism; go_process: amino acid catabolism [goid 0009063],b1744,9.379199919,9.383653747,9.284778311,9.336734146,9.325991265,9.499609569
b1745,succinylarginine dihydrolase,go_process: amino acid catabolism [goid 0009063],b1745,11.45779332,11.31708445,11.41535786,11.38424066,11.4209335,11.46125478
b1746,aldehyde dehyrogenase,go_process: amino acid catabolism [goid 0009063],b1746,9.366506906,9.414941775,9.469320422,9.497507353,9.404098103,9.540338891
b1747,arginine succinyltransferase,go_process: amino acid catabolism [goid 0009063],b1747,8.202931748,8.252609675,8.138623376,8.179227888,8.304086702,8.314275438
b1748,bifunctional N-succinyldiaminopimelate-aminotransferase/ acetylornithine transaminase protein,DapATase; bifunctional enzyme that functions in arginine and lysine biosynthetic pathways; catalyzes the formation of N-acetyl-L-glutamate 5-semialdehyde from 2-oxoglutarate and N(2)-acetyl-L-ornithine or N-succinyl-2-L-amino-6-oxoheptanedioate from 2-oxog; go_process: amino acid catabolism [goid 0009063],b1748,9.369536139,9.134595622,9.428134542,9.299884847,9.32225372,9.323913482
b1749,exonuclease III,go_process: DNA catabolism [goid 0006308]; go_process: DNA catabolism [goid 0006308]; go_process: response to radiation [goid 0009314],b1749,12.06093924,12.27071858,11.88111583,11.74704509,12.49641066,12.35002581
b1750,hypothetical protein,EcoGene suggests alternate start codon,b1750,9.833291542,9.440350543,10.13156481,10.45654432,9.24638444,9.321371696
b1751,"conserved protein, 4Fe-4S protein",EcoGene suggests alternate start codon,b1751,11.75520989,11.76523955,11.67436113,11.76742455,11.36256576,11.46846483
b1752,hypothetical protein,,b1752,9.093786576,9.351165219,9.101224768,8.883935203,8.336956086,8.690591387
b1753,hypothetical protein,,b1753,10.19203447,10.14425557,10.2197655,10.19822776,9.837918005,9.906682478
b1754,hypothetical protein,EcoGene suggests alternate start codon,b1754,10.37560042,10.50097661,10.43192679,10.41420746,10.47009492,10.43557488
b1755,"putative transport protein (ABC superfamily, membrane)",EcoGene suggests alternate start codon; putative transport system permease protein; go_component: inner membrane [goid 0019866],b1755,8.811888145,8.911007653,8.60934871,8.653351851,8.928850523,8.983801646
b1756,putative ATP-binding component of a transport system,"putative transport protein (ABC superfamily, atp_bind); go_component: cytoplasm [goid 0005737]",b1756,9.560947573,9.64377518,9.387551666,9.307941808,9.81906427,9.813999746
b1757,putative thiosulfate sulfur transferase,EcoGene suggests alternate start codon; go_process: sulfur metabolism [goid 0006790],b1757,11.92693133,11.76127173,12.096163,12.12917398,11.34808155,11.49176741
b1758,putative cytochrome oxidase,EcoGene suggests alternate start codon; putative transferase,b1758,10.64577444,10.74987272,10.72405208,10.7651271,10.70612736,10.81755613
b1759,CTP pyrophosphohydrolase,,b1759,9.161428178,8.966256318,9.102025255,9.13095416,9.297254414,9.186165843
b1760,hypothetical protein,,b1760,8.593835088,8.376624211,8.59547441,8.602284729,8.462663925,8.388983849
b1761,glutamate dehydrogenase,converts 2-oxoglutarate to glutamate; in Escherichia coli this enzyme plays a role in glutamate synthesis when the cell is under energy restriction; uses NADPH; forms a homohexamer; go_component: cytoplasm [goid 0005737]; go_process: glutamate biosynthesis [goid 0006537],b1761,14.56047914,14.34661673,14.22027787,14.11798033,14.3626046,14.347951
b1762,hypothetical protein,EcoGene suggests alternate start codon,b1762,7.84848375,8.058496792,7.545580524,7.577278079,8.208038729,8.102514698
b1763,DNA topoisomerase III,decatenates replicating daughter chromosomes; go_component: cytoplasm [goid 0005737]; go_process: DNA dependent DNA replication [goid 0006261]; go_process: transcription [goid 0006350],b1763,12.55591576,12.63567017,12.38547927,12.40246143,12.79525789,12.79019986
b1764,selenophosphate synthetase,catalyzes the formation of selenophosphate from selenide and ATP; go_component: cytoplasm [goid 0005737]; go_process: amino acid activation [goid 0006418],b1764,14.06382318,13.9137848,14.04311284,14.10853496,13.95699512,14.03150456
b1765,hypothetical protein,,b1765,14.12031994,14.16181859,13.97138067,14.04932869,14.16575927,14.29508084
b1766,"protease IV, a signal peptide peptidase",,b1766,11.86800655,11.91313681,11.62006466,11.61100264,12.03391386,11.97383245
b1767,cytoplasmic asparaginase I,converts asparagine to aspartate and ammonia; go_component: cytoplasm [goid 0005737]; go_process: amino acid catabolism [goid 0009063],b1767,11.71851934,12.06734669,11.48506346,11.62442872,12.20000231,12.16397833
b1768,nicotinamidase and pyrazinamidase,EcoGene suggests alternate start codon; nicotinamidase/pyrazinamidase; go_component: cytoplasm [goid 0005737]; go_process: nicotinamide adenine dinucleotide biosynthesis [goid 0009435],b1768,11.1574516,11.49653749,10.93046744,10.92066139,11.60298636,11.52766286
b1769,putative transport protein,putative transport protein (MFS family); go_component: inner membrane [goid 0019866],b1769,9.598111077,9.445944975,9.547765971,9.526545184,9.553559657,9.526273868
b1770,putative DEOR-type transcriptional regulator,"putative transcriptional regulator (DeoR family); go_process: transcription [goid 0006350]; go_process: regulation of transcription, DNA-dependent [goid 0006355]",b1770,8.153788327,8.080129696,7.946574001,8.056951914,7.975462286,7.862160613
b1771,hypothetical oxidoreductase,putative oxidoreductase,b1771,8.561469387,8.479690067,8.452622646,8.45821313,8.402457189,8.475059039
b1772,putative kinase,EcoGene suggests alternate start codon; putative sugar kinase,b1772,12.61888168,12.43627657,12.39596568,12.51347386,12.44026349,12.56969081
b1773,putative aldolase,putative fructose-bisphosphate aldolase,b1773,7.874487705,7.72851498,7.759590321,7.789499061,7.704577285,7.798049467
b1774,"putative dehydrogenase, NAD(P)-binding",putative oxidoreductase,b1774,7.207557651,7.085577915,7.126867223,7.226123055,7.14891617,7.214482047
b1775,putative transport protein,putative transport protein (MFS family); go_component: inner membrane [goid 0019866],b1775,8.760640223,8.696433854,8.684619524,8.730953917,8.771594147,8.788978156
b1776,hypothetical zinc-type alcohol dehydrogenase-like protein,"putative dehydrogenase, NAD(P)-binding",b1776,8.187074026,8.246109756,8.101650163,8.210499164,8.226511942,8.338295487
b1777,hypothetical protein,EcoGene suggests alternate start codon,b1777,12.1372033,12.37849753,11.77711194,11.43432683,12.64224111,12.38036827
b1778,methionine sulfoxide reductase B,this stereospecific enzymes reduces the R isomer of methionine sulfoxide while MsrA reduces the S form; provides protection against oxidative stress,b1778,13.10920114,13.46855218,12.43833832,12.58152031,13.68848212,13.47049549
b1779,glyceraldehyde-3-phosphate dehydrogenase,catalyzes the formation of 3-phospho-D-glyceroyl phosphate from D-glyceraldehyde 3-phosphate; go_component: cytoplasm [goid 0005737]; go_process: glycolysis [goid 0006096]; go_process: pyridoxine biosynthesis [goid 0008615]; go_process: gluconeogenesis [goid 0006094],b1779,16.80687349,16.65310115,16.73113524,16.89576076,16.681841,16.70842768
b1780,hypothetical protein,EcoGene suggests alternate start codon,b1780,12.64820331,12.83218816,12.81975823,12.83919335,12.80068461,12.80057741
b1781,putative an aldehyde reductase,"putative oxidoreductase, NAD(P)-linked",b1781,11.52115457,11.46091623,11.50756129,11.5376848,11.47389878,11.64591862
b1782,scaffolding protein for murein-synthesising holoenzyme,"scaffolding protein for murein-synthesizing holoenzyme, outer membrane protein; go_component: external outer membrane (sensu Gram-negative Bacteria) [goid 0009279]; go_process: peptidoglycan biosynthesis [goid 0009252]",b1782,14.53584646,14.70027899,14.49260906,14.67935462,14.81300567,14.70460074
b1783,hypothetical protein,,b1783,12.86663976,12.63647008,13.13168182,13.24642697,12.47966676,12.47716201
b1784,hypothetical protein,,b1784,9.731702799,9.810597219,9.920111292,9.881983317,9.7271752,9.627172421
b1785,hypothetical protein,,b1785,6.747338289,6.689040988,6.686861449,6.688449102,6.696461168,6.699863351
b1786,hypothetical protein,EcoGene suggests alternate start codon,b1786,7.877062895,7.810520871,7.805561165,7.790798681,7.943799074,7.782082714
b1787,hypothetical protein,,b1787,11.45117588,11.38249728,11.51389806,11.54733627,11.27544036,11.26928321
b1788,unknown CDS,,b1788,7.776405414,7.770137222,7.766521346,7.829592596,7.888930342,7.749771494
b1789,hypothetical protein,,b1789,10.43294472,10.32209114,10.34399231,10.44173365,10.49847289,10.36578843
b1790,putative ARAC-type regulatory protein,"putative transcriptional regulator (AraC/XylS family); go_process: transcription [goid 0006350]; go_process: regulation of transcription, DNA-dependent [goid 0006355]",b1790,11.46832431,11.39061916,11.46429928,11.5699883,11.3278463,11.46012719
b1791,putative amino acid/amine transport protein,putative transport protein (MFS family)/putative histidine kinase regulator; go_component: inner membrane [goid 0019866]; go_process: amide transport [goid 0042886],b1791,8.982235993,9.047583175,8.942513559,8.992214023,9.014754923,9.182460357
b1792,hypothetical protein,EcoGene suggests alternate start codon,b1792,12.63339897,12.50400061,12.80196771,12.97058342,12.2195916,12.41447166
b1793,hypothetical protein,,b1793,11.95798645,11.83143077,11.89268414,12.05601454,11.87471774,11.91468965
b1794,hypothetical protein,EcoGene suggests alternate start codon,b1794,11.83338331,12.1314048,11.72058421,11.75031928,12.17842239,12.18136276
b1795,hypothetical protein,,b1795,14.57331732,13.99324136,14.45688996,14.48204668,14.10136054,13.88299593
b1796,unknown CDS,,b1796,8.552039316,8.481474345,8.557874943,8.637975578,8.437363773,8.592322574
b1797,putative tellurite resistance protein,go_process: xenobiotic metabolism [goid 0006805],b1797,9.221301684,9.203813274,9.205336766,9.192662245,9.187516114,9.327889301
b1798,putative transport protein,,b1798,9.845850786,9.391354267,9.80342735,9.696705264,9.257156825,9.299808966
b1799,putative transcriptional regulator (LysR family),EcoGene suggests alternate start codon; putative transcriptional regulator LYSR-type; go_function: transcriptional activator activity [goid 0016563]; go_function: transcriptional repressor activity [goid 0016564]; go_process: transcription [goid 0006350],b1799,11.49471331,11.40102337,11.68844306,11.60409131,11.31456601,11.21537086
b1800,putative tartrate dehydrogenase,go_process: fermentation [goid 0006113],b1800,9.981873956,9.864916665,10.02120834,10.04000909,9.885972664,9.960615953
b1801,putative betaine/choline/glycine transport protein (BCCT family),putative transport protein; go_component: inner membrane [goid 0019866],b1801,7.65911859,7.58191345,7.676308469,7.732032331,7.651944114,7.770051485
b1802,"putative di(mono)oxygenase, alpha subunit",,b1802,8.086119806,8.100054215,8.005237928,8.173682006,8.161979606,8.349775752
b1803,putative diogenase beta subunit,putative oxidoreductase,b1803,6.885799332,6.831478327,6.895771191,6.825308452,6.842174649,6.907989266
b1804,"RNase D, processes tRNA precursor",go_component: cytoplasm [goid 0005737]; go_process: RNA catabolism [goid 0006401]; go_process: RNA modification [goid 0009451],b1804,10.88605307,11.03701552,10.84347173,10.86425586,11.28377999,11.13238128
b1805,acyl-CoA synthase,Activates fatty acids by binding to coenzyme A; go_process: fatty acid oxidation [goid 0019395]; go_process: phospholipid biosynthesis [goid 0008654],b1805,10.25194593,10.3805599,10.10994787,10.08853149,10.66389168,10.54628117
b1806,putative outer membrane protein,go_component: inner membrane [goid 0019866],b1806,11.98643918,12.08133736,11.76978008,11.87149283,12.29439573,12.33247028
b1807,putative glycoprotein endopeptidase,,b1807,10.22391642,10.66400731,10.01207317,9.911475504,11.04372437,10.8767474
b1808,"putative ATP-dependent helicase, SOS repair",putative enzyme; go_component: cytoplasm [goid 0005737],b1808,11.95726685,12.26608793,11.8333768,11.8844954,12.4509323,12.37577059
b1809,hypothetical protein,EcoGene suggests alternate start codon,b1809,14.91033033,14.85273362,14.69213553,14.61651947,14.80294358,14.74001762
b1810,hypothetical protein,,b1810,12.29613623,11.98765685,12.22332598,12.41756801,11.95265623,11.74290763
b1811,hypothetical protein,,b1811,12.53232122,12.34797737,12.38077076,12.36785271,12.41381789,12.3447255
b1812,para-aminobenzoate synthase component I,catalyzes the formation of 4-amino-4-deoxychorismate from chorismate and glutamine; go_process: folic acid biosynthesis [goid 0046656],b1812,10.0444476,10.46890138,9.932138156,10.05839138,10.65573997,10.49008619
b1813,"conserved hypothetical protein, MutT-like",,b1813,11.43174615,11.43170431,11.49220202,11.58292436,11.35749483,11.38967953
b1814,L-serine deaminase,L-serine deaminase I; go_process: amino acid catabolism [goid 0009063],b1814,11.18533075,10.98248739,11.68412773,11.74902745,10.91453903,11.04565195
b1815,hypothetical protein,EcoGene suggests alternate start codon,b1815,7.59680267,7.55639255,7.811337919,7.815262629,7.49348666,7.560967321
b1816,putative transmembrane protein,putative transport protein,b1816,10.21763002,10.45137359,10.05112277,10.14415847,10.47209045,10.55768756
b1817,"PTS enzyme IIAB, mannose-specific","PTS family enzyme IIA (N-terminal); enzyme IIB (C-terminal), mannose-specific; go_component: cytoplasm [goid 0005737]; go_process: carbohydrate catabolism [goid 0016052]",b1817,13.89266013,14.15433392,14.19856609,14.46167466,14.12381392,14.27574018
b1818,"PTS enzyme IIC, mannose-specific","PTS family enzyme IIC, mannose-specific; go_component: inner membrane [goid 0019866]; go_process: carbohydrate catabolism [goid 0016052]",b1818,14.30656759,14.53382406,14.56447494,14.88686716,14.47332068,14.57499406
b1819,"PTS enzyme IID, mannose-specific","PTS family enzyme IID, mannose-specific; go_component: inner membrane [goid 0019866]; go_process: carbohydrate catabolism [goid 0016052]",b1819,12.74758903,13.06588298,13.09716414,13.19139081,12.98162135,13.14164813
b1820,hypothetical protein,,b1820,7.909995041,8.104028317,7.990403359,7.994611916,8.378870481,8.329173314
b1821,"putative membrane protein, terpenoid synthase-like",EcoGene suggests alternate start codon,b1821,9.618400553,9.511476386,9.493499564,9.472043622,9.680825689,9.643907064
b1822,23S rRNA m1G745 methyltransferase,go_component: cytoplasm [goid 0005737]; go_process: RNA modification [goid 0009451],b1822,11.44583074,11.48407518,11.2387856,11.2017239,11.70646128,11.62546297
b1823,cold shock protein,"cold shock protein, transcription antiterminator, affects expression of rpoS and uspA; go_function: transcriptional activator activity [goid 0016563]; go_process: transcription [goid 0006350]; go_process: response to temperature [goid 0009266]",b1823,16.92218571,16.6310114,16.73996989,16.42008934,16.71842413,16.69953764
b1824,unknown CDS,,b1824,16.99860833,16.67819497,16.77263488,16.54600377,16.84046172,16.70346161
b1825,hypothetical protein,,b1825,12.15514837,11.82717446,11.87957902,11.85437451,11.84448345,11.69105549
b1826,unknown CDS,,b1826,14.85397724,14.55890321,14.52602546,14.3083794,14.57692993,14.2855086
b1827,putative transcriptional repressor (IclR family),"regulator of kdgK, kdgT, and eda; go_component: cytoplasm [goid 0005737]; go_function: transcriptional repressor activity [goid 0016564]; go_process: transcription [goid 0006350]",b1827,12.78416027,12.92969498,12.76112845,12.79442609,12.82961543,12.74246707
b1828,putative transport protein,EcoGene suggests alternate start codon; putative transport protein (MFS family); go_component: inner membrane [goid 0019866],b1828,8.361583154,8.35137862,8.27762099,8.367878647,8.40887821,8.488728181
b1829,heat shock protein HtpX,putative metalloprotease; go_component: inner membrane [goid 0019866]; go_process: response to temperature [goid 0009266],b1829,13.09286087,13.20800035,12.90440603,12.95272995,13.35101268,13.16052113
b1830,carboxy-terminal protease for penicillin-binding protein 3,go_process: peptidoglycan biosynthesis [goid 0009252]; go_process: protein folding [goid 0006457]; go_process: response to drug [goid 0042493],b1830,12.78954935,13.24895732,12.44712776,12.42531434,13.35932791,13.27040584
b1831,putative solute/DNA competence effector,affects solute and DNA transport through an unknown mechanism; go_process: response to osmotic stress [goid 0006970],b1831,14.69840933,14.94249679,14.3294105,14.33315162,15.1321327,14.9816988
b1832,hypothetical protein,,b1832,13.98337632,14.02550765,13.82179631,13.70062718,14.1118878,14.0302101
b1833,hypothetical protein,,b1833,10.62342917,10.63665757,10.48340502,10.4312051,10.68276293,10.73136894
b1834,hypothetical protein,EcoGene suggests alternate start codon,b1834,11.55914988,11.71730295,11.3994108,11.5570719,11.73143094,11.81817375
b1835,putative methyltransferase,EcoGene suggests alternate start codon; go_component: cytoplasm [goid 0005737]; go_process: RNA modification [goid 0009451],b1835,10.0058845,10.47830258,9.911294051,10.01349734,10.74563046,10.6341835
b1836,unknown CDS,EcoGene suggests alternate start codon,b1836,14.41256995,14.08431354,14.34881466,14.05683012,14.15394003,13.91424064
b1837,unknown CDS,EcoGene suggests alternate start codon,b1837,12.16546749,12.10342725,12.24849294,12.17181056,11.98070527,12.04914738
b1838,protein phosphatase 1,"EcoGene suggests alternate start codon; serine/threonine-specific protein phosphatase 1, signals protein misfolding; go_component: cytoplasm [goid 0005737]; go_process: protein modification [goid 0006464]; go_process: response to temperature [goid 0009266]",b1838,11.42205751,10.88875722,11.26964598,11.44524599,11.03329046,10.97110031
b1839,hypothetical protein,,b1839,13.22621668,13.27548858,13.04479437,12.94065012,13.33465668,13.25388499
b1840,putative resistance protein,go_process: response to drug [goid 0042493],b1840,13.31059012,13.40352694,13.15583967,13.24787732,13.37156196,13.45590774
b1841,hypothetical protein,,b1841,12.38207204,12.56768101,12.33714432,12.43775578,12.52137897,12.50406471
b1842,"DNA polymerase III, theta subunit",go_component: cytoplasm [goid 0005737]; go_process: DNA dependent DNA replication [goid 0006261],b1842,10.31756862,10.44793514,10.068924,10.43113563,10.75324445,10.79122968
b1843,hypothetical protein,,b1843,11.13091909,11.13805221,11.29263719,11.43098484,11.30362329,11.21285096
b1844,exodeoxyribonuclease X,3'-5' exonuclease activity on single or double-strand DNA; go_component: cytoplasm [goid 0005737]; go_process: DNA catabolism [goid 0006308]; go_process: DNA repair [goid 0006281]; go_process: DNA catabolism [goid 0006308],b1844,11.81796283,11.73481043,12.11543638,12.0534964,11.65876064,11.71119695
b1845,protease II,,b1845,10.92957505,11.01820805,11.01402668,10.99001116,11.05213067,11.02389412
b1846,hypothetical protein,,b1846,11.71064787,11.42479203,11.74775423,11.98777438,11.48989952,11.47409047
b1847,hypothetical protein,,b1847,15.27630817,15.30662109,15.15529526,15.10913686,15.23672945,15.03815447
b1848,"DNA damage-inducible gene in SOS regulon, dependent on cyclic AMP and H-NS",go_component: cytoplasm [goid 0005737]; go_process: DNA repair [goid 0006281]; go_process: SOS response [goid 0009432],b1848,15.95651935,16.00137479,15.88776556,15.70756366,15.87446049,15.65999931
b1849,5'-phosphoribosylglycinamide transformylase,Involved in de novo purine biosynthesis; go_component: cytoplasm [goid 0005737]; go_process: purine nucleotide biosynthesis [goid 0006164],b1849,11.72283739,12.08682431,11.80584572,11.8888001,12.36844691,12.2415591
b1850,keto-hydroxyglutarate-aldolase/keto-deoxy- phosphogluconate aldolase,catalyzes the formation of pyruvate and glyoxylate from 4-hydroxy-2-oxoglutarate; or pyruvate and D-glyceraldehyde 3-phosphate from 2-dehydro-3-deoxy-D-glyconate 6-phosphate; go_component: cytoplasm [goid 0005737]; go_process: carbohydrate catabolism [goid 0016052]; go_process: Entner-Doudoroff pathway [goid 0009255]; go_process: glyoxylate catabolism [goid 0009436],b1850,13.4457121,13.54975791,13.57227574,13.6773506,13.60442633,13.54459594
b1851,phosphogluconate dehydratase,catalyzes the formation of 2-dehydro-3-deoxy-6-phospho-D-gluconate from 6-phospho-D-gluconate; go_process: Entner-Doudoroff pathway [goid 0009255],b1851,10.57252121,10.45711898,10.67077979,10.63404033,10.571236,10.87430146
b1852,glucose-6-phosphate 1-dehydrogenase,"catalyzes the formation of D-glucono-1,5-lactone 6-phosphate from D-glucose 6-phosphate; go_component: cytoplasm [goid 0005737]; go_process: carbohydrate catabolism [goid 0016052]; go_process: pentose-phosphate shunt, oxidative branch [goid 0009051]",b1852,13.71326028,13.65551831,13.74675182,13.67265595,13.65491838,13.58917017
b1853,putative transcriptional regulator (N-terminal); putative sugar-binding domain of regulator protein (C-terminal),"go_process: regulation of transcription, DNA-dependent [goid 0006355]",b1853,12.00323629,12.07794617,12.15680538,12.05810769,11.96340296,12.0644345
b1854,pyruvate kinase,catalyzes the formation of phosphoenolpyruvate from pyruvate; go_process: glycolysis [goid 0006096]; go_process: fermentation [goid 0006113]; go_process: anaerobic respiration [goid 0009061],b1854,13.5895785,13.48424579,13.8414009,13.68360215,13.27429264,13.26447354
b1855,lipid A biosynthesis lauroyl acyltransferase,"Acylates the intermediate (KDO)2-lipid IVA to form (KDO)2-(lauroyl)-lipid IVA; go_component: inner membrane [goid 0019866]; go_function: cell surface antigen activity, host-interacting [goid 0042280]; go_process: lipid A biosynthesis [goid 0009245]",b1855,11.71688432,11.78252019,11.70422647,11.75224727,11.97402391,11.93382933
b1856,hypothetical protein,EcoGene suggests alternate start codon,b1856,11.55947946,11.93399248,11.34300241,11.49465403,12.39265403,12.11594828
b1857,High-affinity zinc uptake system periplasmic protein,"high-affinity Zn transport protein (ABC superfamily, peri_bind); go_component: periplasmic space [goid 0042597]",b1857,11.6563229,11.85916552,11.4445257,11.58035357,11.99690045,11.9818109
b1858,High-affinity zinc uptake system ATP-binding protein,"high-affinity Zn transport protein (ABC superfamily, atp_bind); go_component: cytoplasm [goid 0005737]",b1858,10.78959808,11.08004363,10.8557611,10.9655712,11.08718804,11.10784822
b1859,High-affinity zinc uptake system membrane protein,"high-affinity Zn transport protein (ABC superfamily, membrane); go_component: inner membrane [goid 0019866]",b1859,11.32333864,11.29657035,11.18671358,11.2337683,11.30353258,11.39877309
b1860,Holliday junction DNA helicase RuvB,promotes strand exchange during homologous recombination; RuvAB complex promotes branch migration; RuvABC complex scans the DNA durin gbranch migration and resolves Holliday junctions at consensus sequences; forms hexameric rings around opposite DNA arms; go_component: cytoplasm [goid 0005737]; go_process: DNA repair [goid 0006281]; go_process: DNA recombination [goid 0006310]; go_process: SOS response [goid 0009432],b1860,12.4622073,12.46594706,12.6159554,12.39001715,12.46311744,12.42380061
b1861,Holliday junction DNA helicase motor protein,plays an essential role in ATP-dependent branch migration of the Holliday junction; go_component: cytoplasm [goid 0005737]; go_process: DNA repair [goid 0006281]; go_process: DNA recombination [goid 0006310]; go_process: SOS response [goid 0009432],b1861,13.11821232,13.10735543,13.13164957,13.00082763,13.10112293,12.96151806
b1862,hypothetical protein,EcoGene suggests alternate start codon,b1862,6.920732167,6.874833537,6.873509199,6.858808931,6.826666778,6.806391038
b1863,Holliday junction resolvase,Cleaves the cruciform structure in supercoiled DNA by nicking strands with the same polarity at sites symmetrically opposed at the junction in the homologous arms; go_component: cytoplasm [goid 0005737]; go_process: DNA repair [goid 0006281]; go_process: DNA recombination [goid 0006310],b1863,10.82947334,11.02069068,10.87667817,10.86058371,11.11726863,11.0765433
b1864,hypothetical protein,,b1864,13.85309788,13.94987522,13.89132069,13.91414296,14.05701757,14.07527876
b1865,dATP pyrophosphohydrolase,"converts dATP to dAMP and pyrophosphate; go_process: nucleobase, nucleoside and nucleotide interconversion [goid 0015949]",b1865,12.96771283,13.22859445,13.05057712,13.00572696,13.33675148,13.34876356
b1866,aspartyl-tRNA synthetase,"Catalyzes a two-step reaction, first charging an aspartate molecule by linking its carboxyl group to the alpha-phosphate of ATP, followed by transfer of the aminoacyl-adenylate to its tRNA; go_component: cytoplasm [goid 0005737]; go_process: amino acid activation [goid 0006418]",b1866,13.11864363,13.44111558,13.13834143,13.18008945,13.47534468,13.52920026
b1867,putative enzyme,EcoGene suggests alternate start codon,b1867,12.20959255,12.30545623,12.22235025,12.30518256,12.6105267,12.43375869
b1868,hypothetical protein,,b1868,10.90530559,11.14646975,10.77741852,10.94828847,11.35136159,11.27888565
b1869,hypothetical protein,EcoGene suggests alternate start codon,b1869,11.92539206,11.95047271,12.01674309,12.09649544,11.99744769,12.02952054
b1870,putative methyltransferase,,b1870,11.35874896,11.58949488,11.36953518,11.21945424,11.80938767,11.731362
b1871,putative methyltransferase,,b1871,11.70773291,11.89807489,11.55022094,11.48894944,12.07468645,12.01999689
b1872,TMAO-reductase,EcoGene suggests alternate start codon; trimethylamine N-oxide reductase in TMAO system III with TorY; go_component: cytoplasm [goid 0005737]; go_function: electron acceptor activity [goid 0009054],b1872,8.475736493,8.40737874,8.478345325,8.611173021,8.400304802,8.434917821
b1873,cytochrome c-type protein in TMAO system III with TorZ,pentahaem c-type cytochrome; go_function: electron carrier activity [goid 0009055],b1873,9.536214433,9.388247501,9.335776402,9.543883533,9.461420508,9.518025103
b1874,copper homeostasis protein,EcoGene suggests alternate start codon; go_component: cytoplasm [goid 0005737]; go_process: xenobiotic metabolism [goid 0006805],b1874,13.21777742,12.94113762,12.94377185,13.15410831,13.23544908,13.16501549
b1875,hypothetical protein,EcoGene suggests alternate start codon,b1875,11.17683655,11.10408654,11.18891187,11.20378819,11.12906688,11.0276288
b1876,arginyl-tRNA synthetase,"Catalyzes a two-step reaction, first charging an arginine molecule by linking its carboxyl group to the alpha-phosphate of ATP, followed by transfer of the aminoacyl-adenylate to its tRNA; go_component: cytoplasm [goid 0005737]; go_process: amino acid activation [goid 0006418]",b1876,11.93447419,12.54725728,11.75050735,11.68215591,12.72130052,12.64259413
b1877,unknown CDS,EcoGene suggests alternate start codon,b1877,6.607194915,6.616108263,6.54557674,6.574318082,6.728459102,6.658605901
b1878,flagellar protein,go_component: flagellum [goid 0019861]; go_process: flagella biogenesis [goid 0009296]; go_process: taxis [goid 0042330],b1878,9.551948214,9.398372761,9.298103683,9.539540055,9.358092692,9.53078715
b1879,flagellar biosynthesis protein,go_component: flagellum [goid 0019861]; go_component: inner membrane [goid 0019866]; go_process: flagella biogenesis [goid 0009296]; go_process: taxis [goid 0042330],b1879,8.796075916,8.556426477,8.629775791,8.635918069,8.645515021,8.68002926
b1880,flagellar biosynthesis protein,go_component: flagellum [goid 0019861]; go_component: inner membrane [goid 0019866],b1880,10.54856721,10.47175117,10.37822748,10.45549681,10.41957637,10.61562381
b1881,"chemotactic response, CheY protein phophatase",chemotactic response; CheY protein phophatase; antagonist of CheY as switch regulator; go_process: protein modification [goid 0006464]; go_process: taxis [goid 0042330],b1881,10.20981246,10.00830195,10.12647687,10.10161888,10.11666477,10.14021023
b1882,"chemotactic response regulator in two-component regulatory system with CheA, transmits signals to FliM flagelllar motor component",chemotaxis regulator transmits chemoreceptor signals to flagelllar motor components; go_component: cytoplasm [goid 0005737]; go_process: taxis [goid 0042330],b1882,11.8005318,11.57167307,11.56621281,11.72470457,11.5283152,11.71675859
b1883,chemotaxis-specific methylesterase,regulates chemotaxis by demethylation of methyl-accepting chemotaxis proteins; go_component: cytoplasm [goid 0005737]; go_process: protein modification [goid 0006464]; go_process: taxis [goid 0042330],b1883,10.89535047,10.73152529,10.74491621,10.82898715,10.82513403,10.92622382
b1884,"chemotactic response, glutamate methyltransferase",response regulator for chemotaxis; protein glutamate methyltransferase; go_component: cytoplasm [goid 0005737]; go_process: protein modification [goid 0006464]; go_process: taxis [goid 0042330],b1884,7.829382348,7.77205734,7.766435239,7.857414336,7.777566246,7.93140625
b1885,"methyl-accepting chemotaxis protein IV, peptide sensor receptor",go_component: inner membrane [goid 0019866]; go_process: taxis [goid 0042330],b1885,9.455444338,9.324109187,9.323899406,9.353554974,9.30321115,9.526860868
b1886,"methyl-accepting chemotaxis protein II, aspartate sensor receptor",go_component: inner membrane [goid 0019866]; go_process: taxis [goid 0042330],b1886,7.443822737,7.339979901,7.327739353,7.384462088,7.3665473,7.40858605
b1887,positive regulator of CheA protein activity,purine-binding chemotaxis protein; regulation; go_component: inner membrane [goid 0019866]; go_process: taxis [goid 0042330],b1887,9.566410781,9.407448336,9.466682322,9.510827051,9.321598726,9.506875002
b1888,"chemotactic sensory histidine kinase (soluble) in two-component regulatory system with CheB and CheY, senses chemotactic signal",sensory transducer kinase between chemo- signal receptors and CheB and CheY; go_process: protein modification [goid 0006464]; go_process: taxis [goid 0042330],b1888,7.928806673,7.945638967,7.835074403,7.996278441,7.96181893,8.045908719
b1889,flagellar motor protein,go_component: flagellum [goid 0019861]; go_component: inner membrane [goid 0019866]; go_process: taxis [goid 0042330],b1889,10.50682731,10.46593775,10.45071454,10.49251808,10.43922292,10.52544684
b1890,flagellar motor protein,go_component: inner membrane [goid 0019866]; go_process: taxis [goid 0042330],b1890,6.874521085,6.885031348,6.904502008,6.862002387,6.921006942,6.947805139
b1891,regulator of flagellar biosynthesis acting on class 2 operons; transcription initiation factor?,"transcriptional activator of flagellar class II biosynthesis, tetramer with FlhD; go_component: flagellum [goid 0019861]; go_component: cytoplasm [goid 0005737]; go_function: transcriptional activator activity [goid 0016563]; go_process: flagella biogenesis [goid 0009296]; go_process: transcription [goid 0006350]; go_process: taxis [goid 0042330]",b1891,10.69732372,11.10064945,10.55005698,10.27914985,10.92247891,10.81491599
b1892,transcriptional activator FlhD,with FlhC isinvolved in the activation of class 2 flagellar genes and is involved in the regulation of a number of other genetic systems; go_component: flagellum [goid 0019861]; go_component: cytoplasm [goid 0005737]; go_function: transcriptional activator activity [goid 0016563]; go_process: flagella biogenesis [goid 0009296]; go_process: transcription [goid 0006350]; go_process: taxis [goid 0042330],b1892,9.684350784,10.42123109,9.600615438,9.040835389,10.14823674,9.923565735
b1893,IS1 protein InsB,,b1893,12.43117286,12.29617399,12.31933885,12.42350571,12.33808796,12.37124801
b1894,IS1 protein InsA,,b1894,12.87951957,12.83406392,12.97668015,12.977684,12.76960287,12.80484665
b1895,putative regulator,,b1895,11.16234605,11.06741187,11.35286701,11.17151391,11.01613011,11.29394088
b1896,trehalose-6-phosphate synthase,go_process: glucose metabolism [goid 0006006]; go_process: response to osmotic stress [goid 0006970],b1896,12.80476364,12.82273336,12.9845597,13.13345482,12.78541476,12.75009714
b1897,"trehalose-6-phosphate phophatase, biosynthetic","trehalose-6-phosphate phosphatase, biosynthetic; go_component: cytoplasm [goid 0005737]; go_process: glucose metabolism [goid 0006006]; go_process: response to osmotic stress [goid 0006970]",b1897,13.72977292,13.596517,13.84606763,13.97650128,13.58333102,13.63257839
b4460,"high-affinity L-arabinose transport protein (ABC superfamily, membrane)",go_component: inner membrane [goid 0019866]; go_process: carbohydrate catabolism [goid 0016052],b4460,10.24759055,10.04226859,10.22126886,10.29789286,10.0636007,10.18962222
b1900,ATP-binding component of high-affinity L-arabinose transport system,"high-affinity L-arabinose transport protein (ABC superfamily, atp_bind); go_component: cytoplasm [goid 0005737]; go_process: carbohydrate catabolism [goid 0016052]",b1900,8.40372386,8.200192644,8.25409493,8.299986633,8.185778599,8.317899201
b1901,L-arabinose-binding periplasmic protein,"high-affinity L-arabinose transport protein (ABC superfamily, peri_bind); go_component: periplasmic space [goid 0042597]; go_process: carbohydrate catabolism [goid 0016052]",b1901,7.776831266,7.674682182,7.848421823,7.747137311,7.69642794,7.68141842
b1902,ferritin-like protein,putative ferritin-like protein; go_component: cytoplasm [goid 0005737]; go_process: iron ion transport [goid 0006826],b1902,11.21710043,11.1323738,11.64473816,11.35957278,11.05771982,10.84160667
b1903,unknown CDS,,b1903,8.996001682,8.777264838,8.848163078,8.949127031,8.779892247,8.936771634
b1904,hypothetical protein,,b1904,6.213447339,6.24596378,6.173306102,6.203849314,6.338136861,6.263760736
b1905,cytoplasmic ferritin (an iron storage protein),cytoplasmic ferritin (iron storage protein); go_component: cytoplasm [goid 0005737]; go_process: iron ion transport [goid 0006826],b1905,12.02664338,12.04240276,11.8763632,12.43857863,11.88393569,11.88323385
b1906,unknown CDS,,b1906,12.10187402,11.76462112,12.44588556,12.62172516,11.28024574,11.52399824
b1907,tyrosine-specific transport protein (HAAAP family),tyrosine-specific transport system; go_component: inner membrane [goid 0019866]; go_process: tyrosine biosynthesis [goid 0006571],b1907,11.12918672,11.15661108,10.79038449,10.82143625,11.47033359,11.35169877
b1908,putative protein translocase subunit,,b1908,12.8603144,12.62949217,12.93177825,13.04852158,12.61651852,12.67427152
b1912,"phosphatidylglycerophosphate synthetase (CDP-1,2-diacyl-sn-glycero-3-phosphate phosphatidyl transferase)","phosphatidylglycerophosphate synthetase = CDP-1,2-diacyl-sn-glycero-3-phosphate phosphatidyl transferase; go_component: inner membrane [goid 0019866]; go_process: phospholipid biosynthesis [goid 0008654]",b1912,12.50994983,12.40991174,12.51715406,12.45396677,12.41794933,12.48304366
b1913,excinuclease ABC subunit C,The UvrABC repair system catalyzes the recognition and processing of DNA lesions. UvrC both incises the 5' and 3' sides of the lesion. The N-terminal is responsible for the 3' incision and the C-terminal is responsible for the 5' incision; go_component: cytoplasm [goid 0005737]; go_process: DNA catabolism [goid 0006308]; go_process: DNA repair [goid 0006281]; go_process: DNA catabolism [goid 0006308]; go_process: response to radiation [goid 0009314],b1913,12.71831441,12.91090105,12.68679185,12.70212927,12.99089312,12.97973206
b1914,response regulator,in Escherichia coli the protein UvrY is part of a two-component system along with BarA that is needed for efficient switching between glycolytic and gluconeogenic carbon sources possibly by regulating the Csr system; in Salmonella SirA and BarA regulate vi; go_function: transcriptional activator activity [goid 0016563]; go_process: transcription [goid 0006350],b1914,13.48650921,13.42607994,13.61544413,13.5117686,13.48126904,13.45062277
b1915,unknown CDS,,b1915,11.04530477,11.08627289,10.92439393,11.28723353,11.08586924,10.81206354
b1916,transcriptional activator for cell division (LuxR/UhpA family),transcriptional regulator of ftsQAZ gene cluster; go_component: cytoplasm [goid 0005737]; go_function: transcriptional activator activity [goid 0016563]; go_process: transcription [goid 0006350],b1916,11.55736714,11.3063264,11.58946492,11.65708148,11.30422711,11.3067626
b1917,putative ATP-binding component of a transport system,"putative amino acid transport protein (ABC superfamily, atp_bind); go_component: cytoplasm [goid 0005737]",b1917,10.71234169,10.75475852,10.74147102,10.50843301,10.87408236,10.81103063
b1918,"putative amino acid transport protein (ABC superfamily, membrane)",putative transport system permease protein (former yecC); go_component: inner membrane [goid 0019866],b1918,12.00617574,12.10443281,12.25465094,12.03830166,12.11447541,12.15714756
b1919,D-cysteine desulfhydrase,catalyzes the formation of pyruvate from D-cysteine,b1919,12.97219684,13.05666573,13.31425787,13.30332621,12.84690146,13.06126231
b1920,"cysteine transport protein (ABC superfamily, peri_bind)",putative periplasmic binding transport protein; go_component: periplasmic space [goid 0042597]; go_process: cysteine biosynthesis [goid 0019344]; go_process: L-cysteine transport [goid 0042883],b1920,15.29039333,15.1632914,15.35274818,15.44920403,15.06744429,15.11549961
b1921,putative regulator of FliA,EcoGene suggests alternate start codon,b1921,7.548660769,7.471606868,7.650502285,7.586415418,7.286582251,7.239288351
b1922,flagellar biosynthesis sigma factor FliA,directs late flagellar gene expression; go_component: flagellum [goid 0019861]; go_component: cytoplasm [goid 0005737]; go_process: transcription [goid 0006350]; go_process: taxis [goid 0042330],b1922,8.363496019,8.240311898,8.15986102,8.265218082,8.205810863,8.396387423
b1923,flagellar biosynthesis protein,go_component: flagellum [goid 0019861]; go_process: flagella biogenesis [goid 0009296]; go_process: taxis [goid 0042330],b1923,10.83768002,10.63120499,10.77920878,10.78364108,10.63693073,10.5306016
b1924,flagellar hook-associated protein,go_component: flagellum [goid 0019861]; go_process: flagella biogenesis [goid 0009296]; go_process: taxis [goid 0042330],b1924,8.539786779,8.303449082,8.404162394,8.426152177,8.408332223,8.452931763
b1925,flagellar protein FliS,flagellin specific chaperone; go_component: flagellum [goid 0019861]; go_process: flagella biogenesis [goid 0009296]; go_process: taxis [goid 0042330],b1925,9.616817043,9.4606211,9.508398484,9.637583557,9.501302434,9.57930601
b1926,flagellar biosynthesis; putative export chaperone for FliD,flagellar biosynthesis; repressor of class 3a and 3b operons (RflA activity); go_component: flagellum [goid 0019861]; go_process: flagella biogenesis [goid 0009296]; go_process: protein folding [goid 0006457]; go_process: taxis [goid 0042330],b1926,8.941798299,8.820013762,8.857742309,8.871946038,8.850284737,9.025452747
b1927,cytoplasmic alpha-amylase,"converts 1,4-alpha-D-glucans to maltodextrin; go_component: cytoplasm [goid 0005737]; go_process: carbohydrate catabolism [goid 0016052]; go_process: polysaccharide catabolism [goid 0000272]",b1927,11.92457576,11.79254209,11.98376119,11.93980138,11.89307332,11.77004372
b1928,hypothetical protein,,b1928,14.21354571,14.01449746,14.04402752,14.04048648,14.0248332,14.07540023
b1929,putative membrane component of transport system,putative transport system permease protein,b1929,12.46939802,12.56090161,12.55382454,12.44466327,12.45184058,12.47311424
b1930,hypothetical protein,,b1930,12.46678613,12.61561009,12.58322422,12.54781355,12.365082,12.38618409
b1931,hypothetical protein,,b1931,9.538616424,9.590159946,9.530444134,9.89736486,9.476922656,9.568431849
b1932,putative acyl-CoA N-acyltransferase,,b1932,10.20352277,10.1301171,10.13995786,10.20237868,10.21409335,9.984574781
b1935,unknown CDS,,b1935,6.690082549,6.670985266,6.688338324,6.691565288,6.685323606,6.661863429
b1936,unknown CDS,,b1936,6.950205617,6.925774124,6.867418375,6.977059301,6.974942498,6.926969067
b1937,flagellar basal body protein,Forms a junction betwene the M-ring and FlgB during the construction of the flagellum; go_component: flagellum [goid 0019861]; go_process: flagella biogenesis [goid 0009296]; go_process: taxis [goid 0042330],b1937,10.97106247,10.78669575,10.79878176,10.89386574,10.8404682,10.8716263
b1938,flagellar M-ring protein,go_component: flagellum [goid 0019861]; go_component: inner membrane [goid 0019866]; go_process: flagella biogenesis [goid 0009296]; go_process: taxis [goid 0042330],b1938,9.15659696,8.961691286,8.995978874,8.978907168,9.04714598,9.096787735
b1939,flagellar motor protein,go_component: flagellum [goid 0019861]; go_process: flagella biogenesis [goid 0009296]; go_process: taxis [goid 0042330],b1939,9.098055622,8.931350662,8.84522106,8.968998617,8.912687295,9.032139294
b1940,flagellar assembly protein,EcoGene suggests alternate start codon; go_component: flagellum [goid 0019861]; go_process: flagella biogenesis [goid 0009296]; go_process: taxis [goid 0042330],b1940,9.033613256,8.933597518,8.889208582,8.980728051,9.070644272,9.114882941
b1941,flagellum-specific ATP synthase,go_component: flagellum [goid 0019861]; go_process: ATP synthesis coupled proton transport [goid 0015986],b1941,8.132845243,8.011774952,7.953033467,8.078286051,8.069712612,8.148147436
b1942,flagellar protein,go_component: flagellum [goid 0019861]; go_process: flagella biogenesis [goid 0009296]; go_process: taxis [goid 0042330],b1942,9.123525211,8.983405109,8.886736083,8.984016889,8.999290385,9.109999385
b1943,flagellar hook-length control protein,go_component: flagellum [goid 0019861]; go_process: flagella biogenesis [goid 0009296]; go_process: taxis [goid 0042330],b1943,7.577391153,7.531189887,7.511156546,7.547322981,7.51753366,7.676126648
b1944,flagellar biosynthesis protein,go_component: flagellum [goid 0019861]; go_process: flagella biogenesis [goid 0009296]; go_process: taxis [goid 0042330],b1944,7.360984256,7.338801359,7.355179549,7.323131862,7.325874998,7.385606381
b1945,flagellar motor switch protein,go_component: flagellum [goid 0019861]; go_process: flagella biogenesis [goid 0009296]; go_process: taxis [goid 0042330],b1945,8.457086811,8.423750076,8.303592367,8.429638207,8.436631886,8.520880796
b1946,flagellar motor switch protein,go_component: flagellum [goid 0019861]; go_process: flagella biogenesis [goid 0009296]; go_process: taxis [goid 0042330],b1946,8.541044929,8.605950631,8.367388749,8.640143587,8.477031097,8.621684108
b1947,flagellar biosynthesis,EcoGene suggests alternate start codon; go_component: flagellum [goid 0019861]; go_process: flagella biogenesis [goid 0009296]; go_process: taxis [goid 0042330],b1947,12.89013304,12.74229475,12.7159784,12.90360368,12.77326549,12.84252643
b1948,flagellar biosynthesis protein,go_component: flagellum [goid 0019861]; go_process: flagella biogenesis [goid 0009296]; go_process: taxis [goid 0042330],b1948,6.957534883,6.990396093,6.881152499,6.959236485,6.94687448,7.02083459
b1949,flagellar biosynthesis protein,go_component: flagellum [goid 0019861]; go_process: glycoprotein biosynthesis [goid 0009101]; go_process: flagella biogenesis [goid 0009296],b1949,7.996938778,7.924522071,7.958542527,8.042055576,8.017865063,8.071468282
b1950,flagellar biosynthesis protein,go_component: flagellum [goid 0019861],b1950,7.845669869,7.7728836,7.691777963,7.914320716,7.812160377,7.865013843
b1951,"positive regulator for ctr capsule biosynthesis, positive transcription factor","transcriptional activator of capsular/exo- polysaccharide synthesis (LuxR/UhpA family); go_component: cytoplasm [goid 0005737]; go_function: transcriptional activator activity [goid 0016563]; go_function: cell surface antigen activity, host-interacting [goid 0042280]; go_process: colanic acid biosynthesis [goid 0009242]; go_process: K antigen biosynthesis [goid 0009248]; go_process: transcription [goid 0006350]",b1951,9.072612472,8.900663494,8.865340839,8.949937814,9.073756038,9.123013444
b1952,hypothetical protein,go_component: cytoplasm [goid 0005737],b1952,11.72677445,11.54182917,11.7613669,11.83208196,11.54632623,11.46506334
b1953,unknown CDS,EcoGene suggests alternate start codon,b1953,13.5091001,13.00208359,13.65835941,13.44090154,12.9150373,12.86579918
b1955,hypothetical protein,,b1955,11.34059901,11.0293623,11.82312187,11.72524336,11.03657633,10.99132384
b1956,hypothetical protein,EcoGene suggests alternate start codon,b1956,11.37745178,11.35265987,11.56036584,11.53681648,11.30764174,11.40752483
b1957,unknown CDS,,b1957,14.16773112,13.94136793,14.16806629,14.37734783,13.88168009,13.8821711
b1958,putative transmembrane protein,,b1958,12.92213949,12.89020783,13.00018867,13.17994376,12.75051944,12.88531112
b1959,putative transmembrane protein,putative transmembrane subunit,b1959,10.48219828,10.24301917,10.31739605,10.34543977,10.33577773,10.51236833
b1960,"DNA mismatch endonuclease, patch repair protein",go_process: DNA catabolism [goid 0006308]; go_process: DNA repair [goid 0006281]; go_process: DNA catabolism [goid 0006308],b1960,10.2879729,10.42351295,10.19963045,10.34972273,10.47792702,10.49036946
b1961,DNA cytosine methylase,go_component: cytoplasm [goid 0005737]; go_process: DNA methylation [goid 0006306],b1961,11.07657757,11.31232466,11.05103711,11.0242613,11.46816967,11.42771335
b1962,hypothetical protein,,b1962,10.72220406,10.62239285,10.63547358,10.69870473,10.71587798,10.70764382
b1963,unknown CDS,EcoGene suggests alternate start codon,b1963,11.03058415,10.75649649,10.92214341,11.11638175,10.83858689,10.77035539
b1967,chaperone protein HchA,Hsp31 stabilizes early unfolding protein intermediates under severe heat stress,b1967,11.90065632,11.82961087,12.250654,12.35341628,11.73260081,11.58644731
b1968,putative 2-component sensor protein,putative sensory kinase in regulatory system; go_process: protein modification [goid 0006464],b1968,9.16572981,9.164059171,8.221504646,8.259246659,8.900860208,8.647818929
b1969,putative 2-component transcriptional regulator,EcoGene suggests alternate start codon; putative transcriptional regulator (OmpR family); go_function: transcriptional activator activity [goid 0016563]; go_process: transcription [goid 0006350],b1969,11.98579219,12.01093414,11.87393796,11.91565078,11.92175396,11.81354331
b1970,transthyretin-like protein,,b1970,9.517634595,9.611369796,8.897030834,9.073081594,9.437076227,9.502646173
b1971,hypothetical protein,,b1971,10.59877914,10.39672553,10.52802351,10.59043182,10.38154601,10.34594454
b1972,hypothetical protein,,b1972,10.68148834,10.47777812,10.69984593,10.60266248,10.49260585,10.54161494
b1973,hypothetical protein,,b1973,8.882866253,8.61034986,8.46234472,8.66924462,8.536840352,8.435986887
b1974,cytochrome b561 homolog 1,EcoGene suggests alternate start codon; go_process: cytochrome biogenesis [goid 0017004],b1974,7.674682185,7.566237537,7.525686599,7.374896238,7.604203384,7.359656872
b1976,hypothetical protein,EcoGene suggests alternate start codon,b1976,12.65921057,12.84446681,13.02891271,12.88371805,12.60769026,12.61859337
b1978,putative factor,"EcoGene suggests alternate start codon; putative transcriptional regulator; go_process: regulation of transcription, DNA-dependent [goid 0006355]",b1978,8.679303602,8.605401258,8.515669643,8.635163752,8.608231972,8.654980146
b1981,shikimate and dehydroshikimate transport protein (MFS family),shikimate transporter; go_component: inner membrane [goid 0019866]; go_process: chorismate biosynthesis [goid 0009423],b1981,12.22833063,12.09500862,12.16080792,12.076637,12.08638971,12.09319756
b1982,AMP nucleosidase,"Catalyzes the hydrolysis of AMP to form adenine and ribose 5-phosphate using water as the nucleophile; go_component: periplasmic space [goid 0042597]; go_process: nucleobase, nucleoside and nucleotide interconversion [goid 0015949]",b1982,12.91102191,13.03712527,12.88398715,13.16162173,12.89956005,12.97456675
b1983,hypothetical protein,,b1983,12.92036822,12.88013678,12.80943983,12.81251369,12.79903565,12.57272267
b1985,putative transport protein (MATE family),go_component: inner membrane [goid 0019866],b1985,11.28211815,11.15910187,11.16896133,11.40838907,11.15529939,11.14090477
b1987,transcriptional regulator cys regulon; accessory regulatory circuit affecting cysM,transcriptional regulator of cysteine biosynthesis (LysR family); go_component: cytoplasm [goid 0005737]; go_function: transcriptional activator activity [goid 0016563]; go_function: transcriptional repressor activity [goid 0016564]; go_process: cysteine biosynthesis [goid 0019344]; go_process: sulfur metabolism [goid 0006790]; go_process: transcription [goid 0006350],b1987,11.5680656,11.64054521,12.03716312,12.04813515,11.41681048,11.55416882
b1988,nitrogen assimilation control protein,transcriptional repressor of histidine utilization/nitrogen assimilation (LysR family); go_component: cytoplasm [goid 0005737]; go_function: transcriptional repressor activity [goid 0016564]; go_function: transcriptional activator activity [goid 0016563]; go_process: nitrogen metabolism [goid 0006807]; go_process: transcription [goid 0006350],b1988,10.34444087,9.581113487,10.52746853,10.72450705,9.626500057,9.732725008
b1990,hypothetical protein,,b1990,11.82361045,11.50143406,12.21953757,12.0878665,11.36558289,11.51907466
b1991,nicotinate-nucleotide--dimethylbenzimidazolephosphoribosyltransferase,"catalyzes the formation of alpha-ribazole-5'-phosphate from nicotinate mononucleotide and 5,6-dimethylbenzimidazole; go_process: vitamin B12 biosynthesis [goid 0009236]",b1991,11.96110663,11.96580571,11.90182419,12.12460668,11.95454685,11.98017905
b1992,cobalamin synthase,catalyzes the formation of adenosylcobalamin from Ado-cobamide-GDP and alpha-ribazole; go_process: vitamin B12 biosynthesis [goid 0009236],b1992,12.12566114,12.04243005,12.2966349,12.34054555,11.98535064,12.04886888
b1993,adenosylcobinamide kinase,catalyzes the formation of adenosyl-GDP-cobinamide from adenosylcobinamide; go_process: vitamin B12 biosynthesis [goid 0009236],b1993,11.86949252,11.65088552,12.03965795,12.12390183,11.51086298,11.65101469
b1994,IS5 protein,IS5 transposase,b1994,14.47903165,14.65421284,14.39753251,14.52713711,14.47784053,14.57380555
b1995,CP4-44 prophage; putative hemine receptor,,b1995,13.29794418,13.09190331,13.20386361,13.52772895,12.88602279,13.35323097
b1996,insertion sequence 2 OrfB protein,IS2 OrfB; forms an overlapping reading frame with orfA; may form a fusion protein OrfAB due to ribosomal frameshifting; in some cases OrfB is itself expressed; both OrfA and OrfAB bind terminal inverted repeats,b1996,13.02358793,12.98109277,13.08226406,13.10930334,12.95710551,12.95052851
b1997,insertion sequence 2 OrfA protein,IS2 OrfA; forms an overlapping reading frame with orfB; may form a fusion protein OrfAB due to ribosomal frameshifting; both OrfA and OrfAB bind terminal inverted repeats,b1997,13.65367478,13.61254958,13.85293176,13.76725756,13.63997035,13.57303928
b1998,CP4-44 prophage; putative outer membrane protein,,b1998,12.53302742,12.4293268,12.51590137,12.4787352,12.43967756,12.57848296
b1999,CP4-44 prophage; putative GTP-binding factor,EcoGene suggests alternate start codon; putative histone,b1999,9.221812816,9.155369987,9.16748821,9.337189796,9.174188347,9.140263646
b2000,CP4-44 prophage; phase-variable outer membrane-associated fluffing protein,"revised start codon, based on EcoGene 17; antigen 43, phase-variable bipartite outer membrane fluffing protein",b2000,11.96789697,11.73036361,11.9823456,11.92962167,11.72230186,12.05669229
b2001,CP4-44 prophage; putative membrane protein,EcoGene suggests alternate start codon,b2001,9.178917578,9.06522304,9.042798219,9.085841165,9.149561832,9.259342592
b2002,CP4-44 prophage; putative DNA repair protein (RadC family),"putative DNA repair protein, RADC family",b2002,8.97603913,8.974861811,8.872857564,9.080591835,8.967617689,9.076564981
b2003,CP4-44 prophage,,b2003,10.82951244,10.67107471,10.63038975,10.7269497,10.72502648,10.84401625
b2004,CP4-44 prophage; putative structural protein,putative structural protein,b2004,7.278195415,7.216543733,7.163411456,7.214712977,7.280248678,7.272962125
b2005,CP4-44 prophage,,b2005,7.235327421,7.125267328,7.127820187,7.231716117,7.20360871,7.224687847
b2006,CP4-44 prophage,,b2006,10.58736629,10.35613402,10.52715567,10.37480113,10.4937747,10.36937324
b2007,hypothetical protein,EcoGene suggests alternate start codon,b2007,15.67217962,15.34591526,15.67270324,15.69350212,15.21397987,15.21416566
b2008,"putative membrane protein, transport",,b2008,11.13931117,11.01365712,11.48788741,10.9259156,10.85246364,10.53093477
b2009,DNA gyrase inhibitor,SbmC protein; go_component: cytoplasm [goid 0005737]; go_process: DNA dependent DNA replication [goid 0006261]; go_process: DNA repair [goid 0006281]; go_process: SOS response [goid 0009432],b2009,14.38963095,14.28112548,14.74394277,14.54197873,13.99516566,13.94319193
b2010,"DD-carboxypeptidase, penicillin-binding protein 6b",EcoGene suggests alternate start codon; penicillin binding protein 6b,b2010,7.469421901,7.691276267,7.536850902,7.730656352,7.775144673,7.845291377
b2011,"exonuclease I, 3' --> 5' specific; deoxyribophosphodiesterase","exonuclease I, 3' --> 5'-specific; deoxyribophosphodiesterase; go_process: DNA catabolism [goid 0006308]; go_process: DNA catabolism [goid 0006308]",b2011,11.96663012,12.04379967,12.04559426,12.20856854,11.89490892,12.06185304
b2012,hypothetical protein,,b2012,13.36880339,13.33106074,13.32729932,13.4200303,13.39396199,13.32509389
b2013,putative membrane component of transport system,putative transport system permease protein,b2013,12.84371884,12.90707743,12.823159,13.03231343,12.8847816,12.91818174
b2014,putative amino acid transport protein (APC family),EcoGene suggests alternate start codon; putative amino acid/amine transport protein; go_component: inner membrane [goid 0019866],b2014,10.26757395,10.96590947,9.920495187,9.684682578,11.46385778,11.0491451
b2015,putative transcriptional regulator (LysR family),EcoGene suggests alternate start codon; putative transcriptional regulator LYSR-type; go_function: transcriptional activator activity [goid 0016563]; go_function: transcriptional repressor activity [goid 0016564]; go_process: transcription [goid 0006350],b2015,12.22890172,11.93754554,12.41573901,12.49914533,11.86786545,12.1049868
b2016,putative enzyme,putative enzyme of sugar metabolism; go_process: carbohydrate catabolism [goid 0016052],b2016,13.43162972,13.44632689,13.52935619,13.67718925,13.40391142,13.47071813
b2017,hypothetical protein,EcoGene suggests alternate start codon,b2017,13.23019159,13.20951379,13.13065907,13.34050636,13.09766968,13.033552
b2018,his operon leader peptide,go_process: histidine biosynthesis [goid 0000105],b2018,15.1762747,14.98175252,15.11195165,15.44705393,14.96472504,15.01078926
b2019,ATP phosphoribosyltransferase,catalyzes the formation of N'-5'-phosphoribosyl-ATP from phosphoribosyl pyrophosphate; crucial role in histidine biosynthesis; forms active dimers and inactive hexamers which is dependent on concentration of substrates and inhibitors; go_component: cytoplasm [goid 0005737]; go_process: histidine biosynthesis [goid 0000105],b2019,14.57851626,14.9009614,14.82358218,15.04762018,15.14447764,15.47355612
b2020,histidinol dehydrogenase,catalyzes the formation of L-histidine from L-histidinol; go_process: histidine biosynthesis [goid 0000105],b2020,13.05379223,13.39229506,13.94639489,13.94362409,13.12548104,13.59974763
b2021,histidinol-phosphate aminotransferase,catalyzes the formation of L-histidinol phosphate from imidazole-acetol phosphate and glutamate in histidine biosynthesis; go_process: histidine biosynthesis [goid 0000105],b2021,12.40211497,12.78679595,13.1435952,13.20898961,12.47504925,12.73239185
b2022,imidazole glycerol-phosphate dehydratase/histidinol phosphatase,catalyzes the formation of 3-(imidazol-4-yl)-2-oxopropyl phosphate from D-ethythro-1-(imidazol-4-yl)glycerol 3-phosphate and histidinol from histidinol phosphate; go_process: histidine biosynthesis [goid 0000105],b2022,12.44144464,12.86508821,12.81992424,12.83936782,12.7609648,12.93717946
b2023,imidazole glycerol phosphate synthase subunit HisH,"catalyzes the conversion of 5-[(5-phospho-1-deoxyribulos-1-ylamino)methylideneamino]- 1-(5-phosphoribosyl)imidazole-4-carboxamide and glutamine to imidazole-glycerol phosphate, 5-aminoimidazol-4-carboxamide ribonucleotide and glutamate; go_process: histidine biosynthesis [goid 0000105]",b2023,12.49180287,12.80949455,12.66495799,12.68343414,12.72140358,12.87641544
b2024,1-(5-phosphoribosyl)-5-[(5- phosphoribosylamino)methylideneamino] imidazole-4-carboxamide isomerase,catalyzes the formation of 5-(5-phospho-1-deoxyribulos-1-ylamino)methylideneamino-l- (5-phosphoribosyl)imidazole-4-carboxamide from 1-(5-phosphoribosyl)-5-[(5- phosphoribosylamino)methylideneamino] imidazole-4-carboxamide; go_component: cytoplasm [goid 0005737]; go_process: histidine biosynthesis [goid 0000105],b2024,13.09713732,13.17920886,13.05101285,13.20590531,13.15532013,13.33125897
b2025,imidazole glycerol phosphate synthase subunit HisF,"catalyzes the conversion of 5-[(5-phospho-1-deoxyribulos-1-ylamino)methylideneamino]- 1-(5-phosphoribosyl)imidazole-4-carboxamideand glutamine to imidazole-glycerolphosphate, 5-aminoimidazol-4-carboxamideribonucleotide and glutamate; the HisF subunit acts a; go_component: cytoplasm [goid 0005737]; go_process: histidine biosynthesis [goid 0000105]",b2025,13.52790006,13.53131705,13.46189313,13.5024029,13.53696459,13.69313174
b2026,bifunctional phosphoribosyl-AMP cyclohydrolase/phosphoribosyl-ATP pyrophosphatase protein,catalyzes the formation of 1-(5-phosphoribosyl)-AMP from 1-(5-phosphoribosyl)-ATP and the subsequent formation of 1-(5-phosphoribosyl)-5-((5- phosphoribosylamino)methylideneamino)imidazole-4- carboxamide from 1-(5-phosphoribosyl)-AMP in histidine biosynthesi; go_component: cytoplasm [goid 0005737]; go_process: histidine biosynthesis [goid 0000105],b2026,12.91953358,12.95709996,12.90997522,12.88845586,12.98005454,13.0706168
b2027,regulator of length of O-antigen component of lipopolysaccharide chains,"EcoGene suggests alternate start codon; go_function: cell surface antigen activity, host-interacting [goid 0042280]; go_process: O antigen biosynthesis [goid 0009243]",b2027,13.42108056,13.52714584,12.88520839,13.09060842,13.59880259,13.39121815
b2028,UDP-glucose 6-dehydrogenase,"go_component: capsule (sensu Bacteria) [goid 0030113]; go_function: cell surface antigen activity, host-interacting [goid 0042280]; go_process: colanic acid biosynthesis [goid 0009242]; go_process: response to dessication [goid 0009269]",b2028,8.098022448,8.208856198,7.742487953,7.795828482,8.428603181,8.314079183
b2029,6-phosphogluconate dehydrogenase,"catalyzes the formation of D-ribulose 5-phosphate from 6-phospho-D-gluconate; go_process: carbohydrate catabolism [goid 0016052]; go_process: pentose-phosphate shunt, oxidative branch [goid 0009051]; go_process: pentose-phosphate shunt, non-oxidative branch [goid 0009052]",b2029,15.28842715,15.28368807,15.09337565,14.96082448,15.22835442,15.22902292
b2030,IS5 protein,IS5 transposase,b2030,14.51989039,14.68368466,14.42252295,14.5693316,14.52067676,14.59456337
b2031,putative lipopolysaccharide biosynthesis glycosyl transferase,,b2031,11.7512447,11.66653146,11.19408491,11.50885176,11.4421696,11.593253
b2032,putative glucose transferase,putative transferase,b2032,11.16630913,10.90023001,10.51570411,10.77657376,10.48917434,10.87373775
b2033,putative O-acetyl transferase,putative acyl transferase; go_process: lipopolysaccharide biosynthesis [goid 0009103],b2033,11.67600732,11.47822826,11.11617903,11.3857473,11.20538121,11.48601485
b2034,putative Galf transferase,unknown CDS,b2034,12.05194807,11.65902891,11.48864095,11.5277856,11.42026494,11.58269397
b2035,O-antigen polymerase,"go_function: cell surface antigen activity, host-interacting [goid 0042280]; go_process: O antigen biosynthesis [goid 0009243]",b2035,11.50294805,11.17138095,10.97896746,10.85949918,10.9948112,11.0860442
b2036,UDP-galactopyranose mutase,"UDP-galactopyranose mutase, FAD/NAD(P)-binding domain; go_function: cell surface antigen activity, host-interacting [goid 0042280]; go_process: O antigen biosynthesis [goid 0009243]",b2036,12.85555225,12.44644174,12.27897123,12.29773958,12.14499105,12.23391948
b2037,bifunctional: putative histidine kinase (N-terminal); putative transport protein (PST family) (C-terminal),"putative O-antigen transporter; go_component: inner membrane [goid 0019866]; go_function: cell surface antigen activity, host-interacting [goid 0042280]; go_process: O antigen biosynthesis [goid 0009243]",b2037,10.94764854,11.01604049,10.43804375,10.74535017,10.72723776,10.96136156
b2038,"dTDP-4,deoxyrhamnose 3,5 epimerase","dTDP-6-deoxy-D-glucose-3,5 epimerase; go_component: cytoplasm [goid 0005737]; go_function: cell surface antigen activity, host-interacting [goid 0042280]; go_process: nucleotide-sugar biosynthesis [goid 0009226]; go_process: O antigen biosynthesis [goid 0009243]",b2038,10.93835306,10.89912291,10.18800372,10.38636282,10.76018399,10.84009188
b2039,dTDP-glucose pyrophosphorylase,"glucose-1-phosphate thymidylyltransferase; go_component: cytoplasm [goid 0005737]; go_function: cell surface antigen activity, host-interacting [goid 0042280]; go_process: O antigen biosynthesis [goid 0009243]; go_process: nucleotide-sugar biosynthesis [goid 0009226]",b2039,12.13466572,12.01283339,11.56942597,11.90055718,11.79258499,11.9529737
b2040,"TDP-rhamnose synthetase, NAD(P)-binding","dTDP-6-deoxy-L-mannose-dehydrogenase; go_component: cytoplasm [goid 0005737]; go_function: cell surface antigen activity, host-interacting [goid 0042280]; go_process: O antigen biosynthesis [goid 0009243]; go_process: nucleotide-sugar biosynthesis [goid 0009226]",b2040,12.54933677,12.57070216,12.01084038,12.30980339,12.39128747,12.46285758
b2041,"dTDP-glucose 4,6 dehydratase","dTDP-glucose 4,6 dehydratase, NAD(P)-binding; go_component: cytoplasm [goid 0005737]; go_function: cell surface antigen activity, host-interacting [goid 0042280]; go_process: O antigen biosynthesis [goid 0009243]; go_process: nucleotide-sugar biosynthesis [goid 0009226]; go_process: nicotinamide adenine dinucleotide biosynthesis [goid 0009435]",b2041,12.22807206,12.31485744,11.51354963,11.87965254,12.24364235,12.26223457
b2042,"homolog of Salmonella UTP--glucose-1-P uridyltransferase, probably a UDP-gal transferase","putative glucose-1-phosphate uridylyltransferase, non-catalytic subunit; go_component: cytoplasm [goid 0005737]; go_process: nucleotide-sugar biosynthesis [goid 0009226]",b2042,14.32628239,14.34487085,14.30043261,14.04299931,14.58295874,14.38647211
b2043,putative colanic acid biosynthesis protein,go_process: colanic acid biosynthesis [goid 0009242],b2043,8.086915975,8.030848646,7.985467086,8.116689926,7.957215898,7.983819963
b2044,putative colanic acid biosynthesis glycosyl transferase,"putative glycosyl transferase, colanic acid synthesis; go_process: colanic acid biosynthesis [goid 0009242]",b2044,9.507384007,9.449804883,9.382854902,9.557030297,9.485126229,9.579569714
b2045,putative galactokinase .,"putative galactokinase, colanic acid synthesis; go_process: colanic acid biosynthesis [goid 0009242]",b2045,8.928308546,8.946170919,8.842807561,9.008592123,9.005277653,9.239777689
b2046,probable export protein,"putative export protein, colanic acid synthesis",b2046,10.56313292,10.3103077,10.45436843,10.44383071,10.41566084,10.56165945
b2047,putative UDP-glucose lipid carrier transferase,putative colanic acid biosynthsis UDP-glucose lipid carrier transferase; go_process: colanic acid biosynthesis [goid 0009242],b2047,10.09042445,9.836550109,9.88110654,9.913764065,9.95899157,10.0444744
b2048,phosphomannomutase,"phosphomannomutase, colanic acid synthesis; go_component: capsule (sensu Bacteria) [goid 0030113]; go_function: cell surface antigen activity, host-interacting [goid 0042280]; go_process: nucleotide-sugar biosynthesis [goid 0009226]; go_process: colanic acid biosynthesis [goid 0009242]; go_process: response to dessication [goid 0009269]",b2048,7.868095707,7.775163202,7.759518072,7.899348325,7.816820606,7.946391587
b2049,mannose-1-phosphate guanyltransferase,"mannose-1-phosphate guanyltransferase, colanic acid synthesis; go_component: capsule (sensu Bacteria) [goid 0030113]; go_function: cell surface antigen activity, host-interacting [goid 0042280]; go_process: colanic acid biosynthesis [goid 0009242]; go_process: carbohydrate catabolism [goid 0016052]; go_process: nucleotide-sugar biosynthesis [goid 0009226]; go_process: response to dessication [goid 0009269]",b2049,10.20932501,10.03262056,10.10477044,10.21092529,10.24586977,10.26288902
b2050,putative colanic biosynthesis glycosyl transferase,"putative glycosyl transferase, colanic acid synthesis; go_process: colanic acid biosynthesis [goid 0009242]",b2050,9.581945739,9.403810842,9.394568973,9.558342482,9.555117182,9.625144278
b2051,GDP-mannose mannosyl hydrolase,"EcoGene suggests alternate start codon; GDP-mannose mannosyl hydrolase, colanic acid synthesis; go_process: nucleotide-sugar biosynthesis [goid 0009226]; go_process: colanic acid biosynthesis [goid 0009242]",b2051,7.524726983,7.400652245,7.34105776,7.448902305,7.593841233,7.698389925
b2052,"bifunctional GDP-fucose synthetase: GDP-4-dehydro-6-dexoy-D-mannose epimerase; GDP-4-dehydro-6-L-deoxygalactose reductase, has NAD(P)-binding site, colanic acid synthesis","putative nucleotide di-P-sugar epimerase or dehydratase; go_component: capsule (sensu Bacteria) [goid 0030113]; go_component: cytoplasm [goid 0005737]; go_function: cell surface antigen activity, host-interacting [goid 0042280]; go_process: colanic acid biosynthesis [goid 0009242]; go_process: response to dessication [goid 0009269]",b2052,9.320572724,9.304383496,9.236329235,9.566763458,9.419718384,9.679697309
b2053,GDP-D-mannose dehydratase,"GDP-D-mannose dehydratase, NAD(P)-binding, colanic acid synthesis; go_component: capsule (sensu Bacteria) [goid 0030113]; go_component: cytoplasm [goid 0005737]; go_function: cell surface antigen activity, host-interacting [goid 0042280]; go_process: colanic acid biosynthesis [goid 0009242]; go_process: nicotinamide adenine dinucleotide biosynthesis [goid 0009435]; go_process: response to dessication [goid 0009269]",b2053,7.509625872,7.614324076,7.491932105,7.833248367,7.801030972,8.123113462
b2054,"putative acyl transferase, colanic acid synthesis",putative transferase; go_process: colanic acid biosynthesis [goid 0009242],b2054,8.629082236,8.521006405,8.461889526,8.618339127,8.646159131,8.753158961
b2055,putative colanic acid biosynthesis glycosyl transferase,"putative transferase, colanic acid synthesis; go_process: colanic acid biosynthesis [goid 0009242]",b2055,6.656658733,6.659804592,6.605028644,6.655505259,6.721090321,6.758309863
b2056,putative colanic acid polymerase,"putative colanic acid polymerase, colanic acid synthesis",b2056,6.660551149,6.591436587,6.5695539,6.655805732,6.649079657,6.729544206
b2057,putative glycosyl transferase,"putative glycosyl transferase, colanic acid synthesis; go_process: colanic acid biosynthesis [goid 0009242]",b2057,9.304697001,9.294190543,9.182838596,9.413354906,9.281772475,9.504938441
b2058,"putative acyl transferase, colanic acid synthesis",putative transferase; go_process: colanic acid biosynthesis [goid 0009242],b2058,6.835708195,6.826353,6.785741626,6.852386121,6.826456763,6.917520508
b2059,"putative glycosyl transferase, colanic acid synthesis",putative regulator; go_process: colanic acid biosynthesis [goid 0009242],b2059,7.149579774,6.970933805,7.059956088,7.224172666,7.189273379,7.183367291
b2060,tyrosine-protein kinase,"EcoGene suggests alternate start codon; tyrosine-protein kinase, colanic acid export; go_process: colanic acid biosynthesis [goid 0009242]; go_process: protein modification [goid 0006464]",b2060,8.002731146,7.816786683,7.879696141,7.982965062,7.965653615,8.156230671
b2061,low molecular weight protein-tyrosine-phosphatase,"protein-tyrosine-phosphatase, colanic acid export; go_process: colanic acid biosynthesis [goid 0009242]",b2061,6.99602484,6.91705239,6.871965821,7.020727908,7.041533485,7.164942916
b2062,putative polysaccharide export protein,"putative polysaccharide export protein, outer membrane; go_process: colanic acid biosynthesis [goid 0009242]",b2062,7.260274704,7.213550305,7.153288977,7.305422425,7.350070747,7.440959054
b2063,putative transmembrane protein,EcoGene suggests alternate start codon; putative transport protein,b2063,10.90565187,10.9768042,11.18986646,11.12742474,10.87321122,11.14192591
b2064,suppressor of ompF assembly mutants,"go_function: cell surface antigen activity, host-interacting [goid 0042280]; go_process: lipopolysaccharide biosynthesis [goid 0009103]",b2064,12.39215048,12.28965326,12.39280389,12.40255186,12.2498008,12.20994793
b2065,deoxycytidine triphosphate deaminase,"catalyzes the formation of dUTP from dCTP in tymidylate biosynthesis; go_process: nucleobase, nucleoside and nucleotide interconversion [goid 0015949]",b2065,13.3308046,13.18202289,13.33260223,13.38999598,13.20873339,13.25072762
b2066,uridine kinase,"catalyzes the formation of uridine monophosphate or cytidine monophosphate from uridine or cytidine and ATP; go_process: nucleobase, nucleoside and nucleotide interconversion [goid 0015949]",b2066,11.19939689,11.50544018,11.07270759,10.74717142,12.01913581,11.77477809
b2067,putative sensor-type protein,putative sensory transducing histidine kinase; go_process: protein modification [goid 0006464],b2067,10.58842746,10.62230893,10.29927281,10.40459894,10.60778938,10.59876425
b2068,"3-methyl-adenine DNA glycosylase II, inducible",go_component: cytoplasm [goid 0005737]; go_process: DNA repair [goid 0006281],b2068,10.32799763,10.20761922,10.39406021,10.36052884,10.14679973,10.35684311
b2069,putative heat shock protein,EcoGene suggests alternate start codon; putative heat shock protein (Hsp70 family); go_process: protein folding [goid 0006457],b2069,9.644401868,9.745374312,9.445741043,9.354225338,9.969534288,9.889878335
b2070,putative chaperonin,unknown CDS,b2070,8.588855555,8.440626286,8.552098225,8.591362116,8.529892226,8.540700401
b2071,unknown CDS,,b2071,8.815525735,8.595171391,8.703842646,8.770059594,8.680379874,8.680175565
b2072,hypothetical protein,,b2072,8.784681175,8.619805848,8.605431345,8.677384404,8.649133534,8.732196254
b2073,hypothetical protein,,b2073,6.690526147,6.621946197,6.722308114,6.617609715,6.673010543,6.694363297
b2074,membrane protein inolved in drug resistance,EcoGene suggests alternate start codon; go_component: inner membrane [goid 0019866],b2074,9.455538065,9.396777406,9.441956336,9.474210956,9.419532819,9.487779813
b2075,multidrug transport protein (RND family),go_component: external outer membrane (sensu Gram-negative Bacteria) [goid 0009279],b2075,8.603038737,8.718254951,8.558307824,8.49947773,8.750689592,8.841651031
b2076,"multidrug transport protein, outer membrane (RND family)",go_component: external outer membrane (sensu Gram-negative Bacteria) [goid 0009279],b2076,9.992598976,9.916685531,9.824619702,9.889248546,9.9772379,10.1052658
b2077,multidrug transport protein (MFS family),putative transport protein; go_component: inner membrane [goid 0019866],b2077,9.263364555,9.323925979,9.163924388,9.25569697,9.365111004,9.395785968
b2078,sensor protein (for BaeR),sensory histidine kinase in two-component regulatory system wtih BaeR; go_component: inner membrane [goid 0019866]; go_process: protein modification [goid 0006464],b2078,9.190478916,9.206326651,9.222193479,9.126817877,9.304298948,9.376293124
b2079,response regulator in two-component regulatory system with BaeS (OmpR family),transcriptional response regulatory protein (sensor BaeS); go_component: cytoplasm [goid 0005737]; go_function: transcriptional activator activity [goid 0016563]; go_process: transcription [goid 0006350],b2079,11.91204656,11.89791176,12.11190392,12.27378194,11.66791777,11.84227501
b2080,hypothetical protein,,b2080,13.0015579,12.51186136,13.31949924,13.09742869,12.41666482,12.2716513
b2081,putative protease,,b2081,10.63693596,11.09227404,10.44536538,10.27439454,11.4220466,11.15132454
b2082,prophage P2 ogr protein,prophage P2; transcriptional activator for bacteriophage P2 late genes,b2082,10.56425489,10.51247527,10.99002598,11.06986997,10.26467477,10.09064572
b2083,putative phage protein (D protein),EcoGene suggests alternate start codon,b2083,10.3271408,10.04050863,10.02676853,10.03990975,10.12948344,10.03646437
b2084,unknown CDS,,b2084,10.63667401,10.40734244,10.49360416,10.38369245,10.43957293,10.60236309
b2085,unknown CDS,EcoGene suggests alternate start codon,b2085,11.50603198,11.08887733,11.24992869,11.20309695,11.21909768,11.29620779
b2086,hypothetical protein,,b2086,11.7258973,11.49377246,11.74945947,11.65311794,11.55035783,11.48236528
b2091,galactitol-1-phosphate dehydrogenase,"galactitol-1-phosphate dehydrogenase, NAD-binding; go_process: carbohydrate catabolism [goid 0016052]",b2091,14.04795581,14.13331954,13.98559007,13.9629891,14.11086688,14.07067946
b2092,"PTS family enzyme IIC, galactitol-specific",PTS system galactitol-specific enzyme IIC; go_component: inner membrane [goid 0019866]; go_process: carbohydrate catabolism [goid 0016052],b2092,15.55452192,15.45783824,15.47682331,15.42800848,15.35587433,15.25874486
b2093,"PTS family enzyme IIB, galactitol-specific",galactitol-specific enzyme IIB of phosphotransferase system; go_component: cytoplasm [goid 0005737]; go_process: carbohydrate catabolism [goid 0016052],b2093,15.39653957,15.33767943,15.2465929,15.25962264,15.02180381,15.07683906
b2094,"PTS family enzyme IIA, galactitol-specific",galactitol-specific enzyme IIA of phosphotransferase system; go_component: cytoplasm [goid 0005737]; go_process: carbohydrate catabolism [goid 0016052],b2094,15.49103391,15.30902542,15.0543643,15.062121,15.08713364,15.06081981
b2095,putative tagatose 6-phosphate kinase 1,"tagatose 6-phosphate aldolase 2, subunit with GatY; go_process: carbohydrate catabolism [goid 0016052]",b2095,16.43883019,16.19204841,16.28560215,16.29414592,16.13379089,16.14651886
b2096,"tagatose 1,6-diphosphate aldolase",catalyzes the formation of dihydroxyacetone phosphate and glyceraldehyde phospthate from tagatose 1.6-bisphosphate; go_process: carbohydrate catabolism [goid 0016052],b2096,16.503216,16.29685916,16.49987246,16.50596562,16.20975475,16.25806147
b2097,fructose-bisphosphate aldolase,"catalyzes the formation of glycerone phosphate and D-glyceraldehyde 3-phosphate from D-fructose 1,6-bisphosphate; go_process: glycolysis [goid 0006096]",b2097,14.96492367,14.7149195,15.05403388,15.02333841,14.56323312,14.55319754
b2098,putative nucleoside permease protein,putative transport protein (MFS family); go_component: inner membrane [goid 0019866],b2098,9.736717258,9.789533211,9.754106456,9.707714218,9.819145213,9.894418032
b2099,putative glycohydrolase,,b2099,10.41601787,10.42071537,10.31771629,10.47368004,10.38220368,10.49555794
b2100,putative kinase,putative sugar kinase,b2100,8.84983726,8.78626269,8.730130256,8.716479243,8.912979516,8.964071122
b2101,putative transcriptional regulator,putative transcriptional repressor; go_function: transcriptional repressor activity [goid 0016564]; go_process: transcription [goid 0006350],b2101,11.17909079,11.17188221,11.42574989,11.40217436,11.21517343,11.27843832
b2102,putative hydrolase,EcoGene suggests alternate start codon,b2102,11.3123363,11.25188376,11.09939073,11.06319206,11.30067436,11.40241192
b2103,phosphomethylpyrimidine kinase,catalyzes the formation of 4-amino-2-methyl-5-diphosphomethylpyrimidine; go_process: thiamin biosynthesis [goid 0009228],b2103,11.6768139,11.85055514,11.54795469,11.46383079,11.89822192,11.93085556
b2104,hydroxyethylthiazole kinase,catalyzes the formation of 4-methyl-5-(2-phosphoethyl)-thiazole and ADPfrom 4-methyl-5-(2-hydroxyethyl)-thiazole and ATP; go_process: thiamin biosynthesis [goid 0009228],b2104,13.29793882,13.35153199,13.09752395,13.1042711,13.34561354,13.40452406
b2105,hypothetical protein,,b2105,12.04553806,11.94343008,11.95049548,12.0404517,11.92559941,11.97110171
b2106,putative transmembrane protein,,b2106,9.967491027,9.899747567,9.882435774,9.99976362,9.915139775,10.02562235
b2107,unknown CDS,,b2107,11.35043187,11.25159236,11.35110305,11.40893451,11.44344166,11.36278084
b2108,putative type-1 fimbrial protein,,b2108,7.322637824,7.206120909,7.199522608,7.254707512,7.198511523,7.240650247
b2109,putative outer membrane protein,go_component: external outer membrane (sensu Gram-negative Bacteria) [goid 0009279],b2109,7.953141036,7.937264048,7.887194539,7.948995236,7.926597566,7.96190735
b2110,putative chaperone,putative periplasmic chaperone protein; go_process: protein folding [goid 0006457],b2110,8.24531566,7.923648019,7.963734796,7.955170108,7.989740521,8.074757899
b2111,putative fimbrial-like protein,go_component: fimbria [goid 0009289],b2111,9.397466643,9.013890269,9.108799739,9.130843492,8.830723972,8.932460767
b2112,hypothetical protein,,b2112,11.88206114,11.39938212,12.21380303,12.05976939,11.23602508,11.02213401
b2113,putative ATP-binding protein,EcoGene suggests alternate start codon; putative ATPase,b2113,14.20338275,14.06678912,14.23605524,14.10513267,14.11189747,14.0915542
b2114,methionyl-tRNA synthetase,Required for both initiation of translation and elongation of protein synthesis; go_component: cytoplasm [goid 0005737]; go_process: amino acid activation [goid 0006418],b2114,13.07475445,13.44003163,13.12572896,13.26341484,13.41982419,13.5448119
b2118,putative regulator,,b2118,7.76361294,7.64395911,7.627067921,7.691329528,7.642973644,7.76166658
b2119,"putative transport protein (ABC superfamily, atp_bind)",EcoGene suggests alternate start codon; go_function: ATP-binding cassette (ABC) transporter activity [goid 0004009],b2119,7.720673922,7.569331011,7.584325793,7.578146202,7.652617596,7.684497872
b2120,hypothetical protein,,b2120,8.854071111,8.83829154,8.687839947,8.87072331,8.827195475,8.968763286
b2121,hypothetical protein,,b2121,9.52756248,9.344448475,9.381031218,9.450425948,9.400393179,9.43996103
b2122,hypothetical protein,EcoGene suggests alternate start codon,b2122,8.895555594,8.762044435,8.733198362,8.865445734,8.765910527,8.854744702
b2123,putative lipoprotein,EcoGene suggests alternate start codon,b2123,6.735969421,6.705895099,6.734890217,6.745335784,6.729021086,6.753040332
b2124,hypothetical protein,,b2124,12.01305369,11.90324654,11.84884869,11.65732713,11.95829662,11.76578974
b2125,putative response regulator in two-compoent regulatory system,EcoGene suggests alternate start codon,b2125,11.86812058,11.84991039,11.81064378,11.78531236,11.79774284,11.81767548
b2126,putative 2-component sensor protein,putative sensory kinase in two-component regulatory system; go_process: protein modification [goid 0006464],b2126,10.63351372,10.80331584,10.60746266,10.63427709,10.748755,10.7844577
b2127,putative transcriptional regulator,transcriptional regulator of curli and extracellular matrix synthesis (MerR family); go_function: transcriptional repressor activity [goid 0016564]; go_process: transcription [goid 0006350],b2127,11.41029851,11.28278151,11.60935547,11.54710853,11.2701734,11.11184027
b2128,"putative glycine/betaine/choline transport protein, osmoprotection (ABC superfamily, membrane)",putative transport system permease protein; go_component: inner membrane [goid 0019866],b2128,14.21188756,13.94616593,13.97651755,13.98023822,14.05634011,14.13864406
b2129,putative ATP-binding component of a transport system,"putative glycine/betaine/choline transport protein, osmoprotection (ABC superfamily, atp_bind); go_component: cytoplasm [goid 0005737]",b2129,12.29442244,12.33522477,12.1039412,12.11827489,12.40053816,12.50991743
b2130,"putative glycine/betaine/choline transport protein, osmoprotection (ABC superfamily, membrane)",putative transport system permease protein; go_component: inner membrane [goid 0019866],b2130,11.79355811,11.84055141,11.68727891,11.59844975,11.9318247,11.94428503
b2131,"putative glycine/betaine/choline transport protein, osmoprotection (ABC superfamily, peri_bind)",putative transport system permease protein; go_component: periplasmic space [goid 0042597],b2131,12.57330789,12.58712778,12.58073347,12.67511361,12.44523577,12.58430313
b2132,"beta-D-glucoside glucohydrolase, periplasmic",go_component: periplasmic space [goid 0042597]; go_process: carbohydrate catabolism [goid 0016052],b2132,11.94473316,11.91355099,11.88000867,12.02563767,11.90687903,11.90992355
b2133,"D-lactate dehydrogenase, FAD protein, NADH independent","D-lactate dehydrogenase, NADH-independent, FAD-binding domain; go_component: cytoplasm [goid 0005737]; go_function: electron donor activity [goid 0009053]; go_process: aerobic respiration [goid 0009060]",b2133,12.99605622,12.95547466,13.02176712,13.0646634,12.9062543,12.949124
b2134,D-alanyl-D-alanine endopeptidase; penicillin-binding proteins 7 and 8,EcoGene suggests alternate start codon; penicillin-binding protein 7; go_component: periplasmic space [goid 0042597]; go_process: peptidoglycan biosynthesis [goid 0009252]; go_process: response to drug [goid 0042493],b2134,11.3426213,11.34273045,11.51162447,11.30721601,11.56397052,11.32766867
b2135,putative transport protein,EcoGene suggests alternate start codon,b2135,10.18373576,9.912773464,10.67322615,10.55588678,9.74171538,9.821086463
b2136,putative integral membrane protein,EcoGene suggests alternate start codon,b2136,12.49995283,12.29340946,12.53561033,12.45157726,12.43192038,12.34738493
b2137,oxidoreductase,,b2137,11.74272414,11.29389197,11.71863204,11.77939194,11.32354411,11.3515316
b2138,putative channel/filament proteins,putative outer membrane protein,b2138,9.150955706,9.08270256,9.04921258,9.17843477,9.130290151,9.183988721
b2139,unknown CDS,,b2139,9.377359458,9.307338715,9.196345864,9.346343285,9.301937555,9.390888158
b2140,"conserved protein, FMN-linked",putative regulator protein,b2140,10.43126147,10.43275418,10.2217806,10.23584904,10.50154144,10.55485093
b2141,hypothetical protein,,b2141,10.58823364,10.87255559,10.53917651,10.6094698,11.03716455,11.16475748
b2142,putative seritonin transporter,putative transmembrane protein,b2142,9.294666868,9.246399805,9.615622577,9.650557151,9.289507027,9.514983124
b2143,cytidine deaminase,"Reclaims exogenous and endogenous cytidine and 2'-deoxycytidine molecules for UMP synthesis; go_process: nucleobase, nucleoside and nucleotide interconversion [goid 0015949]",b2143,11.14978015,11.12428662,11.333049,11.37538297,11.05942982,11.25730094
b2144,vancomycin sensitivity,"vancomycin sensitivity, putative oxidoreductase; go_process: response to drug [goid 0042493]",b2144,7.042932891,7.226192498,7.347415592,7.013584365,7.086276132,6.941671976
b2145,unknown CDS,,b2145,9.521808956,9.637494998,9.741901855,9.424731582,9.681830331,9.285721557
b2146,bifunctional: putative glutamate synthase (N-terminal); putative oxidoreductase (C-terminal),putative oxidoreductase,b2146,8.394406337,8.372088311,8.452689598,8.59145072,8.246040273,8.269700341
b2147,dihydropyrimidine dehydrogenase,"Catalyzes the first step in pyrimidine degradation: the NADPH-dependent reduction of uracil and thymine to the corresponding 5,6-dihydropyrimidines",b2147,8.44670998,8.450661769,8.536384483,8.536256659,8.427321887,8.447310319
b2148,beta-methylgalactoside transporter inner membrane component,ABC transporter; functions in galactose transport; part of MglA2C2B transporter complex; go_component: inner membrane [goid 0019866]; go_process: carbohydrate catabolism [goid 0016052],b2148,10.41274802,10.51060243,10.1557627,10.11671052,10.3158889,10.43571968
b2149,ATP-binding component of methyl-galactoside transport and galactose taxis,"galactose (methyl-galactoside) transport protein (ABC superfamily, atp_bind); go_component: cytoplasm [goid 0005737]; go_process: carbohydrate catabolism [goid 0016052]",b2149,9.346389658,10.01392531,8.804855476,8.738308335,9.644146974,9.357137091
b2150,"galactose transport protein (ABC superfamily, peri_bind)",galactose-binding transport protein; receptor for galactose taxis; go_component: periplasmic space [goid 0042597]; go_process: carbohydrate catabolism [goid 0016052]; go_process: protein folding [goid 0006457],b2150,9.834423878,10.15018688,9.273075848,9.06718564,10.1770504,9.725994411
b2151,"mgl repressor, galactose operon inducer",transcriptional repressor for galactose utilization (GalR/LacI family); go_component: cytoplasm [goid 0005737]; go_function: transcriptional repressor activity [goid 0016564]; go_process: carbohydrate catabolism [goid 0016052]; go_process: transcription [goid 0006350],b2151,9.212140024,9.342575873,8.97140563,9.056241642,9.469241375,9.472633802
b2152,putative flavoprotein,,b2152,11.9168263,12.10738908,11.7043508,11.72757615,12.36450331,12.32985558
b2153,GTP cyclohydrolase I,"involved in the first step of tetrahydrofolate biosynthesis; catalyzes the formation of formate and 2-amino-4-hydroxy-6-(erythro-1,2, 3-trihydroxypropyl)dihydropteridine triphosphate from GTP and water; forms a homopolymer; go_process: folic acid biosynthesis [goid 0046656]",b2153,14.50852467,14.47929624,14.32423273,14.13142623,14.7995518,14.8015216
b2154,putative esterase,putative esterase .,b2154,13.3876835,13.42080483,13.48857651,13.44848058,13.47376509,13.41155242
b2155,"outer membrane pore protein, receptor for colicin I, requires TonB",outer membrane receptor for iron-regulated colicin I receptor; porin; requires tonB gene product; go_component: external outer membrane (sensu Gram-negative Bacteria) [goid 0009279],b2155,12.28877951,12.5043839,12.09478961,12.0695101,12.50921403,12.56870648
b2156,lysine-specific permease,lysine-specific permease (APC family); go_component: inner membrane [goid 0019866]; go_process: lysine biosynthesis via diaminopimelate [goid 0009089],b2156,13.43020706,14.09695495,13.24927158,13.21045348,14.16912013,14.14084005
b2157,putative transcriptional regulator (LysR familiy),putative transcriptional regulator LYSR-type; go_function: transcriptional activator activity [goid 0016563]; go_function: transcriptional repressor activity [goid 0016564]; go_process: transcription [goid 0006350],b2157,12.29859811,11.91401102,12.52501171,12.29541799,11.95295525,12.05685674
b2158,hypothetical protein,,b2158,11.15337568,11.18142897,11.08766413,11.1773606,11.20670325,11.27105243
b2159,endonuclease IV,Assists in DNA repair by cleaving phosphodiester bonds at apurinic or apyrimidinic sites to produce new 5' ends that are base-free deoxyribose 5-phosphate residues; go_process: DNA catabolism [goid 0006308]; go_process: DNA catabolism [goid 0006308]; go_process: response to radiation [goid 0009314],b2159,12.22191919,12.15440188,12.36249117,12.31323161,12.1370358,12.0627858
b2160,putative (sugar/sugar-nucleotide) kinase,putative kinase,b2160,12.05218171,11.99090424,12.03310771,12.01758008,12.02211508,12.0185829
b2161,putative pyrimidine nucleoside transporter,putative transport protein (NUP family); go_component: inner membrane [goid 0019866],b2161,9.580671854,9.403775511,9.486261728,9.495027523,9.542530798,9.500161153
b2162,pyrimidine specific nucleoside hydrolase,"ribonucleoside hydrolase 2, pyrimidine-specific, silent",b2162,9.021674458,8.839836614,8.838903081,8.926066346,8.968546754,8.98322935
b2163,stationary phase nitrogen starvation regulator,"transcription regulator with Fe-S center, cAMP-binding; go_process: regulation of transcription, DNA-dependent [goid 0006355]",b2163,8.255674102,8.109100054,8.123772575,8.169069267,8.114039212,8.188053948
b2164,putative transport protein (NUP family),putative transport system permease protein; go_component: inner membrane [goid 0019866],b2164,8.547206781,8.471040644,8.649491359,8.423209716,8.50691174,8.416798128
b2165,hypothetical protein,,b2165,7.387471185,7.372215348,7.37757186,7.327097649,7.331213999,7.455833262
b2166,putative kinase,putative sugar kinase,b2166,8.462082612,8.313549606,8.369104778,8.304650037,8.400039332,8.453998011
b2167,"PTS family enzyme IIB'BC, fructose-specific","PTS system, fructose-specific transport protein; go_component: inner membrane [goid 0019866]; go_process: carbohydrate catabolism [goid 0016052]",b2167,11.14993347,11.13795106,11.8357964,11.84753457,11.15258512,11.25801475
b2168,1-phosphofructokinase,"converts fructose-1-phosphate and ATP to fructose-1,6-bisphosphate and ADP; highly specific for fructose-1-phopshate; similar to PfkB; forms homodimers; go_process: glycolysis [goid 0006096]",b2168,11.28737869,10.78687472,12.56738826,12.39544551,10.65158151,10.8267389
b2169,"PTS family enzyme IIA (N-terminal); FPr (C-terminal), fructose-specific","PTS system, fructose-specific IIA/fpr component; go_component: cytoplasm [goid 0005737]; go_process: carbohydrate catabolism [goid 0016052]",b2169,11.37604012,11.35857562,12.68014214,12.65738697,10.99416961,11.81441737
b2170,lactose/glucose:proton efflux pump (MFS family),sugar efflux protein; go_component: inner membrane [goid 0019866]; go_process: carbohydrate catabolism [goid 0016052],b2170,9.089996249,9.06455453,9.061939702,9.122699309,9.063781637,9.214448266
b2171,elongation factor P,"Stimulates the peptidyltransferase activity of the 70S ribosome and enhances dipeptide synthesis with N-formylmethionyl-tRNA and puromycin in vitro, suggesting its involvement in the formation of the first peptide bond of a protein; go_process: protein biosynthesis [goid 0006412]",b2171,12.20885598,12.39388869,12.08026212,12.0129438,12.61748164,12.41773911
b2172,putative mannitol dehydrogenase,putative oxidoreductase,b2172,8.709075205,9.085513928,8.655055607,8.765737161,9.138355437,9.192031548
b2173,putative enzyme,,b2173,10.60712467,10.81488974,10.49414478,10.41419799,10.96473942,10.82933182
b2174,putative permease,EcoGene suggests alternate start codon,b2174,10.78811322,11.364431,10.42246191,10.27797119,11.62669346,11.17550258
b2175,putative lipoprotein,suppresses thermosensitivity of prc mutants at low osmolality (lipoprotein); go_component: inner membrane [goid 0019866],b2175,13.55278046,13.5454255,13.6401498,13.39822304,13.84808324,13.37872113
b2176,putative membrane protein involved in resistance to lambda and N4 phages,,b2176,11.51440155,11.63907176,11.34237801,11.43632878,11.69688972,11.63915579
b2177,"putative oligopeptide transport protein (ABC superfamily, peri_bind)",EcoGene suggests alternate start codon; go_component: periplasmic space [goid 0042597],b2177,11.14498639,10.91956691,11.1009761,11.14054215,10.94091625,10.89812464
b2178,"putative oligopeptide transport protein (ABC superfamily, membrane)",putative transport system permease protein; go_component: inner membrane [goid 0019866],b2178,10.44791441,10.43001798,10.35770036,10.37387348,10.36149967,10.38195936
b2179,"putative oligopeptide transport protein (ABC superfamily, membrane)",putative transport system permease protein; go_component: inner membrane [goid 0019866],b2179,9.385449201,9.587716674,9.094217586,9.171099872,9.593430251,9.636131347
b2180,putative ATP-binding component of a transport system,"putative oligopeptide transport protein (ABC superfamily, atp_bind); go_component: cytoplasm [goid 0005737]",b2180,10.20061956,10.40536063,10.06673784,10.17752782,10.42188935,10.53973265
b2181,hypothetical protein,,b2181,11.78373752,12.46580604,11.34461319,11.27275846,13.36682965,12.94033752
b2182,bicyclomycin resistance protein; transmembrane protein,bicyclomycin/multidrug transport protein (MFS family); go_component: inner membrane [goid 0019866]; go_process: response to drug [goid 0042493],b2182,11.43989253,11.60494254,11.2680605,11.20153702,11.75828087,11.64199941
b2183,16S pseudouridylate 516 synthase,16S rRNA pseudouridylate 516 synthase; go_component: cytosolic ribosome (sensu Bacteria) [goid 0009281]; go_component: cytoplasm [goid 0005737]; go_process: RNA modification [goid 0009451],b2183,13.63343661,13.5998641,13.5149811,13.32262755,13.84901575,13.70567643
b2184,putative ATP-dependent helicase,,b2184,9.376324687,9.696701934,9.388183976,9.493980465,9.697813394,9.779216416
b2185,50S ribosomal protein L25,go_component: cytosolic ribosome (sensu Bacteria) [goid 0009281]; go_component: cytoplasm [goid 0005737]; go_function: structural constituent of ribosome [goid 0003735]; go_process: protein biosynthesis [goid 0006412],b2185,16.14934815,16.11880906,16.02581368,15.83231627,16.40625713,16.19363733
b2186,nucleoid-associated protein NdpA,go_component: cytoplasm [goid 0005737],b2186,11.74190837,12.02487577,11.59768745,11.54540758,12.21279913,12.03721317
b2187,hypothetical protein,,b2187,12.59437298,12.75908723,12.47564304,12.35791627,12.94404394,12.69580459
b2188,putative phopshatase/sulphatase,putative sulfatase,b2188,11.50692016,11.88762643,11.42271564,11.27275399,11.99740153,11.85060116
b2190,putative ATP-binding component of a transport system,putative outer membrane protein; go_component: external outer membrane (sensu Gram-negative Bacteria) [goid 0009279],b2190,10.87904969,10.78157356,10.85928571,10.96562094,10.78092247,10.84800918
b2191,unknown CDS,,b2191,6.756782555,6.78771341,6.97897243,6.989999129,6.760660966,6.79000906
b2192,IS5 protein,IS5 transposase,b2192,14.45683032,14.6821179,14.43616015,14.56255006,14.50608784,14.59655268
b2193,nitrate/nitrite response regulator (sensor NarQ),"response regulator in two-component regulatory system with NarQ (or NarX), regulates anaerobic respiratory gene expression; go_component: cytoplasm [goid 0005737]; go_function: transcriptional activator activity [goid 0016563]; go_function: transcriptional repressor activity [goid 0016564]; go_process: anaerobic respiration [goid 0009061]; go_process: transcription [goid 0006350]",b2193,11.92310596,11.72470024,12.01469843,11.93333772,11.7377568,11.61548172
b2194,possible subunit of heme lyase,"putative heme lyase subunit, cytochrome c-type biogenesis; go_component: inner membrane [goid 0019866]; go_process: cytochrome biogenesis [goid 0017004]; go_process: protein folding [goid 0006457]",b2194,10.37285503,10.21363961,10.19333737,10.09700249,10.28539123,10.42496937
b2195,heme lyase/disulfide oxidoreductase (thiol:disulfide interchange protein),"heme lyase/disulfide oxidoreductase, cytochrome c-type biogenesis; go_component: inner membrane [goid 0019866]; go_process: cytochrome biogenesis [goid 0017004]; go_process: protein folding [goid 0006457]",b2195,10.83565632,10.79798936,10.68988111,10.76969855,10.81761943,10.92047752
b2196,cytochrome c-type biogenesis protein,go_component: inner membrane [goid 0019866]; go_process: cytochrome biogenesis [goid 0017004],b2196,10.30920149,10.330701,10.16864497,10.23554735,10.388926,10.5019488
b2197,"cytochrome c biogenesis, possible subunit of a heme lyase",periplasmic heme-dependent peroxidase; go_component: inner membrane [goid 0019866]; go_process: cytochrome biogenesis [goid 0017004]; go_process: protein folding [goid 0006457],b2197,11.00300788,10.86753058,10.84550467,10.81279099,11.01095841,11.02610915
b2198,heme exporter protein C,"heme exporter protein C, cytochrome c-type biogenesis protein; go_component: inner membrane [goid 0019866]; go_process: cytochrome biogenesis [goid 0017004]; go_process: protein folding [goid 0006457]",b2198,11.54390357,11.35780785,11.36676506,11.32208955,11.41365676,11.53927018
b2199,"heme export protein (ABC superfamily, membrane)",heme exporter protein C; go_component: inner membrane [goid 0019866]; go_process: cytochrome biogenesis [goid 0017004]; go_process: protein folding [goid 0006457],b2199,9.332921535,9.321572755,9.399876397,9.42019074,9.252498208,9.268484307
b2200,"heme export protein (ABC superfamily, membrane)","heme exporter protein B, cytochrome c-type biogenesis protein; go_component: inner membrane [goid 0019866]; go_process: cytochrome biogenesis [goid 0017004]; go_process: protein folding [goid 0006457]",b2200,9.995821423,9.734804831,10.12451876,10.15699891,9.55386972,9.803696886
b2201,ATP binding protein of heme exporter A,"EcoGene suggests alternate start codon; heme export protein (ABC superfamily, atp_bind); go_component: cytoplasm [goid 0005737]; go_process: cytochrome biogenesis [goid 0017004]; go_process: protein folding [goid 0006457]",b2201,9.905359851,9.774231837,10.30324265,10.3594325,9.618176532,9.927420379
b2202,cytochrome c-type protein,"periplasmic nitrate reductase, cytochrome c-type protein; go_component: inner membrane [goid 0019866]; go_function: electron acceptor activity [goid 0009054]; go_process: anaerobic respiration [goid 0009061]; go_process: cytochrome biogenesis [goid 0017004]",b2202,10.73363347,10.43154843,10.92444303,11.00832369,10.25244884,10.54124551
b2203,cytochrome c-type protein,"EcoGene suggests alternate start codon; periplasmic nitrate reductase, small subunit, cytochrome C550, in complex with NapA; go_component: periplasmic space [goid 0042597]; go_function: electron acceptor activity [goid 0009054]; go_process: anaerobic respiration [goid 0009061]; go_process: cytochrome biogenesis [goid 0017004]",b2203,9.731803839,9.637720956,9.791615258,9.692038196,9.776906141,9.832277589
b2204,quinol dehydrogenase membrane component,part of NapHG quinol dehydrogenase; couples electron transfer from ubiquinone-ubiquinol couple via NapC/B to NapA; go_function: electron carrier activity [goid 0009055]; go_process: anaerobic respiration [goid 0009061],b2204,11.57224144,11.40106507,11.58676457,11.51281402,11.45444925,11.58607876
b2205,quinol dehydrogenase periplasmic component,part of NapHG quinol dehydrogenase; couples electron transfer from ubiquinone-ubiquinol couple via NapC/B to NapA; secreted by twin arginine translocation pathway; go_function: electron carrier activity [goid 0009055]; go_process: anaerobic respiration [goid 0009061],b2205,11.18408455,11.03621427,11.14868306,11.15573144,11.00186032,11.1974918
b2206,"periplasmic nitrate reductase, large subunit, in complex with NapB",probable nitrate reductase 3; go_component: periplasmic space [goid 0042597]; go_function: electron acceptor activity [goid 0009054]; go_process: anaerobic respiration [goid 0009061],b2206,11.94675024,11.76348335,12.43154371,12.34611875,11.41333419,11.49359352
b2207,periplasmic nitrate reductase assembly protein,go_component: periplasmic space [goid 0042597]; go_process: anaerobic respiration [goid 0009061]; go_process: protein modification [goid 0006464],b2207,12.15746983,11.97262099,12.76030098,12.63105453,11.24257839,11.72824688
b2208,"Fe-S ferredoxin-type protein, electron transfer",ferredoxin-type protein: electron transfer; go_function: electron carrier activity [goid 0009055]; go_process: anaerobic respiration [goid 0009061],b2208,12.53512726,12.29619842,13.03382189,12.99578887,11.70963221,12.18497209
b2209,ecotin precursor,go_component: periplasmic space [goid 0042597],b2209,11.70462519,11.39936342,11.94530791,11.93670076,11.23894948,11.27922831
b2210,malate:quinone oxidoreductase,go_process: tricarboxylic acid cycle [goid 0006099],b2210,12.30079396,12.82039797,11.60580317,11.68021058,13.25525494,13.18832625
b2211,putative ATP-binding component of a transport system,"putative transport proteins (ABC superfamily, membrane (N-terminal), atp_bind (C-terminal)); go_component: inner membrane [goid 0019866]",b2211,10.80213705,11.06521217,10.85789372,10.67208909,11.48485934,11.15083935
b2212,DNA repair system specific for alkylated DNA,go_component: cytoplasm [goid 0005737]; go_process: DNA repair [goid 0006281],b2212,10.44320576,10.30738202,10.6063734,10.46079886,10.35986656,10.38910498
b2213,O6-methylguanine-DNA methyltransferase; transcription activator/repressor,bifunctional: transcriptional regulator of DNA repair (AraC/Xyl family) (N-terminal); O6-methylguanine-DNA methyltransferase; go_component: cytoplasm [goid 0005737]; go_function: transcriptional activator activity [goid 0016563]; go_function: transcriptional repressor activity [goid 0016564]; go_process: DNA repair [goid 0006281]; go_process: transcription [goid 0006350],b2213,10.72834577,10.69477839,10.88138735,10.97121087,10.66316903,10.71668419
b2214,putative thiamine biosynthesis lipoprotein,go_process: thiamin biosynthesis [goid 0009228],b2214,10.29425179,10.28558164,10.15743222,10.33295311,10.36460368,10.41544459
b2215,outer membrane pore protein 1b (Ib;c),outer membrane protein 1b (Ib;c); go_component: external outer membrane (sensu Gram-negative Bacteria) [goid 0009279],b2215,16.98944844,16.87539757,17.10284773,16.77223257,16.9514599,16.74699846
b2216,putative 2-component sensor protein,putative sensory histidine kinase associated with the RcsBC two-component regulatory system; go_process: protein modification [goid 0006464],b2216,12.04075417,12.26028714,11.90671654,11.97964469,12.25309828,12.26284031
b2217,"positive response regulator for colanic capsule biosynthesis, (sensor, RcsC)","response regulator (positive) in two-component regulatory system with RcsC, regulates capsule biosynthesis, cell division genes, OsmC expression (LuxR/UhpA familiy); go_component: capsule (sensu Bacteria) [goid 0030113]; go_component: cytoplasm [goid 0005737]; go_function: transcriptional activator activity [goid 0016563]; go_function: transcriptional repressor activity [goid 0016564]; go_function: cell surface antigen activity, host-interacting [goid 0042280]; go_process: colanic acid biosynthesis [goid 0009242]; go_process: transcription [goid 0006350]",b2217,15.24178751,15.16962641,15.21918137,15.22048957,15.18409893,15.1591291
b2218,"hybrid sensory histidine kinase in two-component regulatory system with RcsB, regulates capsule biosynthesis, cell division genes, OsmC expression","EcoGene suggests alternate start codon; sensor for ctr capsule biosynthesis, probable histidine kinase acting on RcsB; go_component: capsule (sensu Bacteria) [goid 0030113]; go_component: inner membrane [goid 0019866]; go_function: cell surface antigen activity, host-interacting [goid 0042280]; go_process: colanic acid biosynthesis [goid 0009242]; go_process: protein modification [goid 0006464]",b2218,11.4077035,11.68148637,11.22534762,11.19525835,11.76145204,11.74235891
b2219,sensor protein AtoS for response regulator AtoC,"sensory histidine kinase in two-component regulatory system with AtoC, regulates acetoacetate metabolism; go_component: inner membrane [goid 0019866]; go_process: fatty acid oxidation [goid 0019395]; go_process: protein modification [goid 0006464]",b2219,7.437682968,7.683522836,7.659978575,7.742939059,7.505260281,7.547041304
b2220,"response regulator in two-component regulatory system with AtoS, regulates acetoacetate metabolism (EBP family)","response regulator of ato, ornithine decarboxylase antizyme (sensor ATOS); go_component: cytoplasm [goid 0005737]; go_function: transcriptional activator activity [goid 0016563]; go_process: fatty acid oxidation [goid 0019395]; go_process: polyamine biosynthesis [goid 0006596]; go_process: transcription [goid 0006350]",b2220,8.018815813,8.18481858,8.068667084,8.124178732,8.085424728,8.150426636
b2221,acetyl-CoA:acetoacetyl-CoA transferase alpha subunit,"acetyl-CoA:acetoacetyl-CoA transferase, alpha subunit; go_process: fatty acid oxidation [goid 0019395]",b2221,10.31985037,10.29402786,10.18904847,10.45402693,10.26678402,10.2627914
b2222,acetyl-CoA:acetoacetyl-CoA transferase beta subunit,"acetyl-CoA:acetoacetyl-CoA transferase, beta subunit; go_process: fatty acid oxidation [goid 0019395]",b2222,9.730648312,9.658252544,9.676865164,9.779630607,9.596248184,9.80330283
b2223,short chain fatty acid transporter,short-chain fatty acid transport protein (scFAT family); go_component: inner membrane [goid 0019866]; go_process: fatty acid oxidation [goid 0019395],b2223,7.162651455,7.099648751,7.11754496,7.130506496,7.130675256,7.177751718
b2224,acetyl-CoA acetyltransferase,acetyl-CoA acetyltransferase with thiolase domain; go_process: fatty acid oxidation [goid 0019395],b2224,8.77257148,8.756093092,8.814345614,8.953575994,8.802934772,8.855990507
b2225,hypothetical protein,,b2225,9.524527774,9.455865976,9.38804351,9.581308524,9.328987854,9.63380767
b2226,hypothetical protein,,b2226,7.499117203,7.483878628,7.453225018,7.5011166,7.50721372,7.52731237
b2229,hypothetical protein,EcoGene suggests alternate start codon,b2229,7.532565574,7.401777359,7.525039125,7.379396669,7.570730099,7.532036046
b2230,hypothetical protein,EcoGene suggests alternate start codon,b2230,8.516570397,8.436706226,8.484785907,8.483177211,8.489212119,8.624152352
b2231,DNA gyrase subunit A,negatively supercoils closed circular double-stranded DNA; go_component: cytoplasm [goid 0005737]; go_process: DNA dependent DNA replication [goid 0006261]; go_process: transcription [goid 0006350],b2231,13.90309419,14.04493269,13.7647636,13.79710917,14.09815097,14.08748338
b2232,3-demethylubiquinone-9 3-methyltransferase,Involved in ubiquinone biosynthesis; go_component: inner membrane [goid 0019866]; go_process: aerobic respiration [goid 0009060],b2232,12.85729189,13.06138585,12.7289744,12.83314386,13.14966075,13.11528948
b2233,putative ATP-binding component of a transport system,,b2233,9.841253295,9.788001004,9.807173518,9.898244707,9.799396338,9.90185415
b2234,ribonucleotide-diphosphate reductase alpha subunit,"Catalyzes the rate-limiting step in dNTP synthesis; go_process: nucleobase, nucleoside and nucleotide interconversion [goid 0015949]",b2234,13.08152995,13.4697258,13.18445026,13.09891868,13.50142076,13.39658377
b2235,ribonucleotide-diphosphate reductase beta subunit,"Catalyzes the rate-limiting step in dNTP synthesis; go_process: nucleobase, nucleoside and nucleotide interconversion [goid 0015949]",b2235,13.09730781,13.13949948,13.23653554,13.04134951,13.05161851,12.99769132
b2236,"conserved hypothetical protein, 2Fe-2S ferredoxin-related",,b2236,12.4462075,12.52831047,12.58712592,12.35304633,12.48662728,12.42715449
b2237,pH-inducible protein involved in stress response,"pH-inducible protein involved in stress response, protein kinase-like",b2237,12.31626308,12.31134073,12.18885259,12.16176963,12.43283923,12.38466139
b2238,unknown CDS,,b2238,7.068230236,6.97450947,7.077043965,7.066634296,7.054786856,7.056973992
b2239,"glycerophosphodiester phosphodiesterase, periplasmic",go_component: periplasmic space [goid 0042597]; go_process: glycerol metabolism [goid 0006071],b2239,10.42285069,10.15370599,10.33426323,10.42289807,10.0506115,9.994093929
b2240,sn-glycerol-3-phosphate permease,sn-glycerol-3-phosphate transport protein (MFS family); go_component: inner membrane [goid 0019866]; go_process: aerobic respiration [goid 0009060]; go_process: anaerobic respiration [goid 0009061]; go_process: glycerol metabolism [goid 0006071],b2240,8.325114714,8.284513116,8.271372315,8.184858795,8.255408855,8.275484094
b2241,"sn-glycerol-3-phosphate dehydrogenase (anaerobic), large subunit","sn-glycerol-3-phosphate dehydrogenase FAD/NAD(P)-binding (anaerobic), large subunit; go_component: inner membrane [goid 0019866]; go_function: electron donor activity [goid 0009053]; go_process: anaerobic respiration [goid 0009061]; go_process: glycerol metabolism [goid 0006071]",b2241,10.00837242,9.724784197,9.955173005,10.13430812,9.835317807,9.860100277
b2242,anaerobic glycerol-3-phosphate dehydrogenase subunit B,catalyzes the formation of dihydroxyacetone from glycerol 3-phosphate; go_component: inner membrane [goid 0019866]; go_function: electron donor activity [goid 0009053]; go_process: anaerobic respiration [goid 0009061]; go_process: glycerol metabolism [goid 0006071],b2242,7.526014287,7.540603395,7.583502284,7.621840161,7.45911275,7.590079154
b2243,"sn-glycerol-3-phosphate dehydrogenase (anaerobic), K-small subunit",go_component: inner membrane [goid 0019866]; go_function: electron donor activity [goid 0009053]; go_process: anaerobic respiration [goid 0009061]; go_process: glycerol metabolism [goid 0006071],b2243,7.767130794,7.732149504,7.661745224,7.831626034,7.75197754,7.799344542
b2244,putative transposase,,b2244,9.130040201,9.13693809,9.087575949,9.244520821,9.087235884,9.058544529
b2245,"putative 2,4-dihydroxyhept-2-ene-1,7-dioic acid aldolase",,b2245,11.66716277,11.44850235,11.44151789,11.59312244,11.45826698,11.60060012
b2246,putative transport protein,EcoGene suggests alternate start codon; putative transport protein (MFS family); go_component: inner membrane [goid 0019866],b2246,10.26711755,10.12690735,10.07831835,10.26619471,10.10698499,10.28658922
b2247,putative dehydratase,putative racemase,b2247,8.273294095,8.200701699,8.248838811,8.248360125,8.198510896,8.222215068
b2248,putative regulator,"putative transcriptional regulator (IclR family); go_process: transcription [goid 0006350]; go_process: regulation of transcription, DNA-dependent [goid 0006355]",b2248,7.764150017,7.788683089,7.893356524,7.792082389,7.752463491,7.885632557
b2249,competence damage-inducible protein A,,b2249,10.86771747,11.0172742,10.99680802,10.97055336,10.98926402,11.0640012
b2250,putative porin,EcoGene suggests alternate start codon; go_component: external outer membrane (sensu Gram-negative Bacteria) [goid 0009279],b2250,10.08621847,10.05995551,9.98562445,10.02542303,10.19880057,10.21098567
b2251,putative enzyme (Nudix hydrolase),,b2251,11.58602289,11.22593879,11.45757384,11.29650948,11.22499701,11.10764793
b2252,protein induced by aluminum,"protein induced by aluminum, phosphoglycerate mutase-like domain",b2252,8.046300647,7.924498507,7.965089241,7.933281307,8.031576758,7.995850948
b2253,putative aminotransferase,EcoGene suggests alternate start codon; putative enzyme,b2253,10.13662534,10.02701952,10.32924404,10.61503138,9.995069775,10.04034715
b2254,putative sugar transferase,,b2254,9.389751299,9.584892262,9.310422964,9.669374835,9.556287425,9.618737652
b2255,hypothetical protein,,b2255,9.754973951,9.961785777,9.882045371,9.996962705,9.977578285,10.02242418
b2256,hypothetical protein,,b2256,9.801350124,9.726262932,9.732039894,9.65203474,9.860755069,9.89196457
b2257,4-amino-4-deoxy-L-arabinose transferase (lipid A modification),go_process: response to stress [goid 0006950],b2257,10.51373375,10.48863053,10.54032458,10.51955364,10.47488294,10.53976343
b2258,hypothetical protein,EcoGene suggests alternate start codon,b2258,10.22292356,10.03366685,10.22315442,10.25174154,10.15995279,10.16916449
b2259,polymyxin resistance protein B,EcoGene suggests alternate start codon; go_process: response to drug [goid 0042493],b2259,13.24704331,13.25808228,13.3636751,13.1376355,13.10376767,12.86131549
b2260,O-succinylbenzoic acid--CoA ligase,go_process: anaerobic respiration [goid 0009061],b2260,12.41308171,12.34757141,12.22421798,12.20392168,12.40906528,12.41479755
b2261,O-succinylbenzoate synthase,"catalyzes the dehydration of 2-succinyl-6-hydroxy-2,4-cyclohexadiene-1-carboxylic acid to form O-succinylbenzoate; go_process: anaerobic respiration [goid 0009061]",b2261,11.83339548,11.82640356,11.81260698,11.65684425,11.85875796,11.89815913
b2262,naphthoate synthase,"catalyzes the formatino of 1,4-dihydroxy-2-naphthoate from O-succinylbenzoyl-CoA; go_process: anaerobic respiration [goid 0009061]",b2262,13.36826481,13.3845681,13.4248348,13.2799157,13.40489606,13.45120485
b2263,putative enzyme,,b2263,10.98997943,10.98379486,10.87018513,10.76622252,11.02670237,11.03346816
b2264,2-oxoglutarate decarboxylase,catalyzes the formation of succinate semialdehyde from 2-oxoglutarate; go_process: anaerobic respiration [goid 0009061],b2264,11.93373911,11.80645123,11.95629502,11.90498715,11.76252856,11.84073195
b2265,menaquinone-specific isochorismate synthase,synthesizes isochorismate acid from chorismate; go_process: anaerobic respiration [goid 0009061],b2265,11.10047874,11.31839215,11.04362599,11.02603353,11.3622519,11.36254704
b2266,unknown CDS,,b2266,15.38308611,15.36127172,15.45766793,15.44673199,15.43025905,15.12149998
b2267,putative transferase,,b2267,11.84437423,11.92228498,11.84351458,12.00013843,11.90385884,11.82911314
b2268,ribonuclease Z,member of metallo-beta-lactamase family; the purified enzyme from Escherichia coli forms dimeric zinc phosphodiesterase; in Bacillus subtilis this protein is a 3'-tRNA processing endoribonuclease and is essential while in Escherichia coli it is not; associ,b2268,10.78869493,10.907511,10.73735743,10.70431572,10.9513465,10.92179211
b2269,putative sulfatase / phosphatase,,b2269,6.393791289,6.364654567,6.31843705,6.380372907,6.391842214,6.386343613
b2270,hypothetical protein,,b2270,7.598683741,7.466764626,7.593445076,7.642148403,7.512996958,7.616016063
b2271,putative aminopeptidase,EcoGene suggests alternate start codon; putative peptidase,b2271,8.099090397,7.999867773,8.018670295,8.139342722,8.015664636,8.098883045
b2272,hypothetical protein,,b2272,9.398310352,9.205099869,9.207711434,9.385524681,9.176372643,9.194948212
b2273,hypothetical protein,,b2273,6.428857229,6.386450889,6.37439054,6.36535139,6.385027766,6.37718619
b2274,unknown CDS,,b2274,6.724737235,6.711657109,6.621723456,6.600655543,6.678305836,6.609068666
b2275,unknown CDS,,b2275,8.380674844,8.209840258,8.255730606,8.356127734,8.238563335,8.303446704
b2276,NADH dehydrogenase subunit N,Catalyzes the transfer of electrons from NADH to ubiquinone; go_component: inner membrane [goid 0019866]; go_function: electron donor activity [goid 0009053]; go_process: aerobic respiration [goid 0009060]; go_process: anaerobic respiration [goid 0009061],b2276,13.01542088,13.32507999,13.29430113,13.03672137,13.37743285,13.45971907
b2277,NADH dehydrogenase subunit M,Catalyzes the transfer of electrons from NADH to ubiquinone; go_component: inner membrane [goid 0019866]; go_function: electron donor activity [goid 0009053]; go_process: aerobic respiration [goid 0009060]; go_process: anaerobic respiration [goid 0009061],b2277,12.90176126,13.34511634,13.29627415,13.25991652,13.33526365,13.44905301
b2278,NADH dehydrogenase subunit L,Catalyzes the transfer of electrons from NADH to ubiquinone; go_component: inner membrane [goid 0019866]; go_function: electron donor activity [goid 0009053]; go_process: aerobic respiration [goid 0009060]; go_process: anaerobic respiration [goid 0009061],b2278,13.42273415,13.91632143,13.84436039,13.67048738,13.79796632,14.05517964
b2279,NADH dehydrogenase kappa subunit,Catalyzes the transfer of electrons from NADH to ubiquinone; go_component: inner membrane [goid 0019866]; go_function: electron donor activity [goid 0009053]; go_process: aerobic respiration [goid 0009060]; go_process: anaerobic respiration [goid 0009061],b2279,13.66914078,14.11823452,14.03746708,14.13520172,14.05616384,14.21036736
b2280,NADH dehydrogenase subunit J,Catalyzes the transfer of electrons from NADH to ubiquinone; go_component: inner membrane [goid 0019866]; go_function: electron donor activity [goid 0009053]; go_process: aerobic respiration [goid 0009060]; go_process: anaerobic respiration [goid 0009061],b2280,13.58628182,13.90984454,13.85839706,13.88737773,13.8765409,13.97367533
b2281,NADH dehydrogenase subunit I,Catalyzes the transfer of electrons from NADH to ubiquinone; go_component: cytoplasm [goid 0005737]; go_function: electron donor activity [goid 0009053]; go_process: aerobic respiration [goid 0009060]; go_process: anaerobic respiration [goid 0009061],b2281,14.20106256,14.48302021,14.45584327,14.47339844,14.48322526,14.59962289
b2282,NADH dehydrogenase subunit H,Catalyzes the transfer of electrons from NADH to ubiquinone; go_component: inner membrane [goid 0019866]; go_function: electron donor activity [goid 0009053]; go_process: aerobic respiration [goid 0009060]; go_process: anaerobic respiration [goid 0009061],b2282,14.13670039,14.46796714,14.38654335,14.40649343,14.33264487,14.53459846
b2283,NADH dehydrogenase gamma subunit,Catalyzes the transfer of electrons from NADH to ubiquinone; go_component: cytoplasm [goid 0005737]; go_function: electron donor activity [goid 0009053]; go_process: aerobic respiration [goid 0009060]; go_process: anaerobic respiration [goid 0009061],b2283,14.42283686,14.53795805,14.51637033,14.46475487,14.49763667,14.63482105
b2284,NADH dehydrogenase I chain F,go_component: cytoplasm [goid 0005737]; go_function: electron donor activity [goid 0009053]; go_process: aerobic respiration [goid 0009060]; go_process: anaerobic respiration [goid 0009061],b2284,14.77743741,14.787351,14.84964768,14.86515936,14.71898633,14.84963578
b2285,ATP synthase subunit E,Produces ATP from ADP in the presence of a proton gradient across the membrane. Rotates with gamma and delta subunits in a cylinder formed of alternating alpha and beta subunits; go_component: cytoplasm [goid 0005737]; go_function: electron donor activity [goid 0009053]; go_process: aerobic respiration [goid 0009060]; go_process: anaerobic respiration [goid 0009061],b2285,15.43124006,15.33722344,15.55148897,15.59885398,15.37635044,15.48416564
b2286,"NADH dehydrogenase I chain C, D",EcoGene suggests alternate start codon; go_component: cytoplasm [goid 0005737]; go_function: electron donor activity [goid 0009053]; go_process: aerobic respiration [goid 0009060]; go_process: anaerobic respiration [goid 0009061],b2286,14.46287578,14.66331063,14.47975556,14.55167422,14.53148613,14.74010232
b2287,NADH dehydrogenase beta subunit,The point of entry for the majority of electrons that traverse the respiratory chain eventually resulting in the reduction of oxygen; go_component: cytoplasm [goid 0005737]; go_function: electron donor activity [goid 0009053]; go_process: aerobic respiration [goid 0009060]; go_process: anaerobic respiration [goid 0009061],b2287,14.10395447,14.54735391,14.08581265,14.3730587,14.43039584,14.51169639
b2288,NADH dehydrogenase alpha subunit,Catalyzes the transfer of electrons from NADH to ubiquinone; go_component: inner membrane [goid 0019866]; go_function: electron donor activity [goid 0009053]; go_process: aerobic respiration [goid 0009060]; go_process: anaerobic respiration [goid 0009061],b2288,14.26327128,14.66030649,14.13890674,14.26070269,14.62521203,14.65942651
b2289,"NADH dehydrogenase transcriptional regulator, LysR family; modulates SprE(RssB) activity",transriptional repressor for proton translocating NADH dehydrogenase (LysR family); go_component: cytoplasm [goid 0005737]; go_function: transcriptional repressor activity [goid 0016564]; go_process: aerobic respiration [goid 0009060]; go_process: transcription [goid 0006350],b2289,11.22167745,11.2893716,11.50775674,11.3264896,11.23371914,11.26213463
b2290,aspartate aminotransferase,catalyzes the formation of oxalozcetate and L-glutamate from L-aspartate and 2-oxoglutarate,b2290,11.33491777,11.76780096,11.12057997,11.11390813,11.91567438,11.77340213
b2291,hypothetical protein,,b2291,10.99489903,10.96644729,10.97122112,10.94018813,10.93319637,10.96971319
b2292,"putative response regulator, membrane protein",putative transport protein,b2292,11.56706834,11.409792,11.93707904,11.99796147,11.1965568,11.51600889
b2293,putative phosphatase,"EcoGene suggests alternate start codon; putative phosphatase, contains a phophatase-like domain",b2293,13.24456819,13.12478938,13.47312062,13.23201619,13.06249592,12.97925396
b2294,hypothetical protein,EcoGene suggests alternate start codon,b2294,13.77592772,13.63908154,14.03332818,13.84233399,13.50988236,13.4933707
b2295,hypothetical protein,,b2295,11.73692472,11.75827586,11.979961,11.95358504,11.80212465,11.75540345
b2296,acetate/propionate kinase,AckA; TdcD; acetate/propionate kinase; TdcD has both and functions in anerobic threonine catabolism; AckA utilizes acetate and can acetylate CheY which increases signal strength during flagellar rotation; utilizes magnesium and ATP; also involved in conver; go_component: cytoplasm [goid 0005737]; go_process: carbohydrate catabolism [goid 0016052]; go_process: amino acid catabolism [goid 0009063]; go_process: pyruvate catabolism [goid 0042867]; go_process: acetate catabolism [goid 0045733],b2296,14.37015128,14.33305629,14.63063699,14.75644556,13.91686897,14.18878901
b2297,phosphate acetyltransferase,Catalyses the synthesis of acetylphosphate from acetyl-CoA and inorganic phosphate; go_process: carbohydrate catabolism [goid 0016052]; go_process: amino acid catabolism [goid 0009063]; go_process: pyruvate catabolism [goid 0042867]; go_process: acetate catabolism [goid 0045733],b2297,11.52090184,12.0210684,11.99424701,12.13078421,11.73254645,11.84092642
b2298,putative S-transferase,EcoGene suggests alternate start codon; putative integral membrane protein,b2298,10.23440499,9.57672817,10.78709708,10.71040828,9.359804022,9.836103153
b2299,putative enzyme (Nudix hydrolase),putative regulator,b2299,12.35947077,12.3833749,12.36189719,12.27391742,12.43296093,12.21658706
b2300,phosphodiesterase,,b2300,13.10366172,13.15434124,13.13106777,13.10674522,13.13815235,13.07782789
b2301,putative glutathione S-transferase,,b2301,11.54660674,11.62424808,11.54759088,11.42813501,11.78837489,11.66766901
b2302,putative S-transferase,putative glutathione S-transferase,b2302,10.07518575,10.20647997,10.4909029,10.4170657,10.18607519,10.07517459
b2303,"D-erythro-7,8-dihydroneopterin tri P epimerase","D-erythro-7,8-dihydroneopterin triphosphate 2'-epimerase (with dihydroneopterin aldolase activity)",b2303,13.7146912,13.91228843,13.58446441,13.69215162,13.86615415,13.81359938
b2304,"putative cell division inhibitor, NAD(P)-binding",putative sugar nucleotide epimerase,b2304,12.39179469,12.52002907,12.40739703,12.4083912,12.50685801,12.48755332
b2305,putative transposase,,b2305,10.74426833,10.44475036,10.6746189,10.56306742,10.4959312,10.51675684
b2306,ATP-binding component of histidine transport,"histidine and lysine/arginine/ornithine transport protein (ABC superfamily, atp_bind); go_component: cytoplasm [goid 0005737]; go_process: lysine biosynthesis via diaminopimelate [goid 0009089]; go_process: arginine biosynthesis [goid 0006526]; go_process: histidine biosynthesis [goid 0000105]; go_process: amino acid catabolism [goid 0009063]",b2306,13.27953723,13.35681151,13.0425046,13.07850443,13.48707464,13.47358219
b2307,"histidine and lysine/arginine/ornithine transport protein (ABC superfamily, membrane)","histidine transport, membrane protein M; go_component: inner membrane [goid 0019866]; go_process: lysine biosynthesis via diaminopimelate [goid 0009089]; go_process: arginine biosynthesis [goid 0006526]",b2307,11.87217773,12.36058384,11.74978173,11.84231155,12.3016716,12.27629099
b2308,"histidine and lysine/arginine/ornithine transport system (ABC superfamily, membrane)",histidine transport system permease protein; go_component: inner membrane [goid 0019866]; go_process: lysine biosynthesis via diaminopimelate [goid 0009089]; go_process: arginine biosynthesis [goid 0006526],b2308,13.0615131,13.38006317,12.91513014,13.0471305,13.32240918,13.33702089
b2309,"histidine transport protein (ABC superfamily, peri_bind)",histidine-binding periplasmic protein of high-affinity histidine transport system; go_component: periplasmic space [goid 0042597]; go_process: histidine biosynthesis [goid 0000105],b2309,14.39741406,14.67277911,14.32269779,14.42237459,14.55422587,14.58750929
b2310,"lysine-, arginine-, ornithine-binding periplasmic protein","lysine/arginine/ornithine transport protein (ABC superfamily, peri_bind); go_component: periplasmic space [goid 0042597]; go_function: histidine/arginine/lysine/ornithine porter activity [goid 0015597]; go_process: lysine biosynthesis via diaminopimelate [goid 0009089]; go_process: arginine biosynthesis [goid 0006526]",b2310,12.61006477,12.70272217,12.37066149,12.43858949,12.63751656,12.42996773
b2311,3-octaprenyl-4-hydroxybenzoate carboxy-lyase,catalyzes the formation of 2-octaprenylphenol from 3-octaprenyl-4-hydroxybenzoate; go_process: aerobic respiration [goid 0009060],b2311,10.58554457,11.00117919,10.38725953,10.20235427,11.3943198,11.00126237
b2312,amidophosphoribosyltransferase,Catalyzes first step of the de novo purine nucleotide biosynthetic pathway; go_component: cytoplasm [goid 0005737]; go_process: purine nucleotide biosynthesis [goid 0006164],b2312,12.86629351,13.63344703,12.66158626,12.76856473,13.74539979,13.64928112
b2313,membrane protein required for colicin V production,go_component: inner membrane [goid 0019866],b2313,13.43162446,14.26037818,13.21697994,13.36152595,14.44271209,14.41472889
b2314,putative lipoprotein,EcoGene suggests alternate start codon,b2314,12.90329903,12.86292238,12.74919566,12.61453187,12.99870305,12.85408597
b2315,dihydrofolate:folylpolyglutamate synthetase; dihydrofolate synthetase,folylpolyglutamate synthase; has both dihydrofolate synthase and formylTHF polyglutamate synthase activity; go_process: folic acid biosynthesis [goid 0046656]; go_process: 10-formyltetrahydrofolate biosynthesis [goid 0009257],b2315,12.57951568,12.74017267,12.21299056,12.14748538,13.04492883,12.74712989
b2316,acetyl-CoA carboxylase beta subunit,Catalyzes the carboxylation of acetyl-CoA to malonyl-CoA; go_component: cytoplasm [goid 0005737],b2316,14.56131591,14.58105345,14.5790284,14.35043736,14.83868933,14.60308148
b2317,putative integral membrane protein,,b2317,12.59087213,12.68915314,12.57500665,12.51272441,12.70635247,12.79187095
b2318,tRNA pseudouridine synthase A,"Enables the formation of pseudouridine at positions 38, 39 and 40 in the anticodon stem and loop of tRNAs; go_component: cytoplasm [goid 0005737]; go_process: amino acid activation [goid 0006418]",b2318,12.46864717,12.54371222,12.43532083,12.31525171,12.5781978,12.6153909
b2319,hypothetical protein,,b2319,11.80865987,12.16710285,11.66149984,11.64043646,12.27038874,12.29579356
b2320,erythronate-4-phosphate dehydrogenase,catalyzes the formation of 3-hydroxy-4-phospho-hydroxy-alpha-ketobutyrate from erythronate-4-phosphate; go_process: pyridoxine biosynthesis [goid 0008615],b2320,12.24871124,12.50711434,12.2554518,12.26365024,12.5888356,12.49566627
b2321,flagellar assembly protein,,b2321,10.93882075,11.22443835,10.83400025,10.83952699,11.47426336,11.30516607
b2322,hypothetical protein,go_component: inner membrane [goid 0019866],b2322,10.32538037,10.30384263,10.18959117,10.2115928,10.29652298,10.41454738
b2323,3-oxoacyl-(acyl carrier protein) synthase,Catalyzes a condensation reaction in fatty acid biosynthesis: addition of an acyl acceptor of two carbons from malonyl-ACP; go_component: cytoplasm [goid 0005737],b2323,13.70015266,13.95155474,13.78838761,13.90820308,14.01912475,13.89081196
b2324,hypothetical protein,EcoGene suggests alternate start codon,b2324,11.06799526,11.20120093,10.87616539,10.94109858,11.18267836,11.25517032
b2325,hypothetical protein,,b2325,12.28279365,12.44523904,11.83948065,11.73267966,12.68507725,12.56504643
b2326,putative transporting ATPase,,b2326,12.71913953,12.95824611,12.38298492,12.55953053,13.1283707,13.16846831
b2327,putative structural protein,,b2327,13.559317,13.74911579,13.18983947,13.16616065,13.89128229,13.98114185
b2328,penicillin-insensitive murein endopeptidase,D-alanyl-D-alanine endopeptidase; functions in hydrolyzing cell wall peptidoglycan; similar to LAS metallopeptidases; forms a dimer in peiplasm; go_process: peptidoglycan biosynthesis [goid 0009252]; go_process: response to drug [goid 0042493],b2328,12.1580236,12.44341666,11.91115984,11.84368127,12.59705386,12.52234925
b2329,chorismate synthase,catalyzes the formation of chorismate from 5-O-(1-carboxyvinyl)-3-phosphoshikimate in aromatic amino acid biosynthesis; go_process: chorismate biosynthesis [goid 0009423],b2329,13.62125832,13.60306849,13.51377845,13.56853464,13.6283354,13.61675116
b2330,putative adenine-specific methylase,EcoGene suggests alternate start codon; putative methyltransferase,b2330,12.88462619,12.84483932,12.77186271,12.86825164,12.9421057,12.90318027
b2331,hypothetical protein,,b2331,12.49683989,12.36250588,12.44813024,12.37217986,12.43129702,12.35735319
b2332,hypothetical protein,EcoGene suggests alternate start codon,b2332,11.34998221,11.26620943,11.48169281,11.45575055,11.27124371,11.18870322
b2333,putative fimbrial-like protein,go_component: fimbria [goid 0009289],b2333,9.924207231,9.733903842,9.804511235,9.833047911,9.713667901,9.818842139
b2334,putative fimbrial-like protein,go_component: fimbria [goid 0009289],b2334,6.915516454,6.943879928,6.994502803,7.049461425,6.908827203,6.963402525
b2335,putative fimbrial protein,putative fimbrial-like protein; go_component: fimbria [goid 0009289],b2335,7.7529114,7.580131124,7.710721707,7.784802058,7.649497629,7.725089816
b2336,putative chaperone,putative periplasmic fimbrial chaperone; go_process: protein folding [goid 0006457],b2336,9.595748597,9.527980799,9.506190155,9.543173511,9.58451519,9.575584919
b2337,putative outer membrane protein,go_component: external outer membrane (sensu Gram-negative Bacteria) [goid 0009279],b2337,8.93032073,8.895762201,8.936158667,9.001424601,8.930081994,9.013045638
b2338,putative outer membrane protein,go_component: external outer membrane (sensu Gram-negative Bacteria) [goid 0009279],b2338,10.10659516,9.95556417,10.05824459,10.24904681,9.99507675,10.03595009
b2339,putative fimbrial-like protein,go_component: fimbria [goid 0009289],b2339,6.49347477,6.412456552,6.458794922,6.418922263,6.46606124,6.447891681
b2340,phosphohistidine phosphatase,go_process: protein modification [goid 0006464],b2340,12.51089995,12.60578635,12.3600015,12.09672248,12.83331729,12.52465241
b2341,bifunctional fatty acid oxidation complex protein: putative enoyl-CoA hydratase/isomerase (N-terminal); putative NAD(P)-binding dehydrogenase (C-terminal),putative enzyme; go_process: fatty acid oxidation [goid 0019395],b2341,10.8738143,10.82331493,10.80161674,10.57682868,10.65236673,10.63334561
b2342,acetyl-CoA acetyltransferase,"Catalyzes the synthesis of acetoacetyl coenzyme A from two molecules of acetyl coenzyme A. It can also act as a thiolase, catalyzing the reverse reaction and generating two-carbon units from the four-carbon product of fatty acid oxidation",b2342,9.771255884,10.27686662,9.467080576,9.404391922,10.58812246,10.47108383
b2343,hypothetical protein,EcoGene suggests alternate start codon,b2343,13.41958536,13.13776827,13.80121521,13.75416133,12.88267542,12.8885376
b2344,long-chain fatty acid transport protein (outer membrane flp protein),"EcoGene suggests alternate start codon; outer membrane porin, transport of long-chain fatty acids, sensitivity to phage T2; go_component: external outer membrane (sensu Gram-negative Bacteria) [goid 0009279]; go_process: fatty acid oxidation [goid 0019395]",b2344,10.95836938,11.54017736,10.85074934,10.62717379,11.63915153,11.39011144
b2345,putative DNA modification enzyme,go_process: DNA metabolism [goid 0006259],b2345,6.654752552,6.60224375,6.606843057,6.555345263,6.579730059,6.579336833
b2346,lipoprotein precursor,go_component: inner membrane [goid 0019866],b2346,12.64414307,12.69787099,12.66040872,12.46948107,12.8055996,12.66555418
b2347,putative transport protein,,b2347,10.23430598,10.16716524,10.28392751,10.3507718,10.13003633,10.03539065
b2349,CPS-53 (KpLE1) prophage; Sf6-like integrase,putative prophage CPS-53 integrase,b2349,10.55230991,10.56293829,10.2912491,10.23701527,10.58281755,10.51777393
b2350,CPS-53 (KpLE1) prophage; putative integral membrane protein,bactoprenol-linked glucose translocase homolog from prophage CPS-53,b2350,12.8704498,12.70109377,12.48945551,12.46080113,12.82201705,12.70340334
b2351,CPS-53 (KpLE1) prophage; putative bactoprenol glucosyl transferase,bactoprenol glucosyl transferase homolog from prophage CPS-53,b2351,12.01947161,11.92025217,11.19900607,11.20228208,11.84955658,11.66391012
b2352,CPS-53 (KpLE1) prophage; putative ligase,putative ligase,b2352,11.63452081,11.44824579,11.07882923,10.92915521,11.17515433,11.06084158
b2353,CPS-53 (KpLE1) prophage,EcoGene suggests alternate start codon; tail fiber assembly protein homolog from prophage CPS-53,b2353,11.12477115,10.84869905,11.05056418,10.93299847,10.75891417,10.70775666
b2354,CPS-53 (KpLE1) prophage; putative tail fiber assembly,,b2354,8.340384888,8.187411825,8.38313634,8.351201279,8.118670361,8.014045029
b2355,CPS-53 (KpLE1) prophage,EcoGene suggests alternate start codon; putative RNA polymerase beta,b2355,7.319989143,7.194162851,7.244343092,7.266700721,7.298037628,7.296865932
b2356,CPS-53 (KpLE1) prophage; putative transferase,EcoGene suggests alternate start codon,b2356,10.08207169,9.895561623,9.800163087,9.936783451,9.863110702,10.05397905
b2357,CPS-53 (KpLE1) prophage; putative transcriptional regulator,,b2357,11.88966561,11.67525372,11.6528921,11.7508132,11.74130907,11.86753095
b2358,CPS-53 (KpLE1) prophage; putative replication protein,EcoGene suggests alternate start codon,b2358,9.060799364,9.025070143,9.008676095,8.924055904,9.08256238,9.111299212
b2359,CPS-53 (KpLE1) prophage,,b2359,7.825072377,7.75587966,7.740389251,7.812696465,7.787661302,7.831623074
b2360,CPS-53 (KpLE1) prophage,,b2360,8.139100265,8.227839849,8.060223146,8.186519231,8.137309404,8.181758434
b2361,CPS-53 (KpLE1) prophage,EcoGene suggests alternate start codon,b2361,6.926378545,6.860504021,6.908908348,6.951816844,6.934595904,6.944600636
b2362,CPS-53 (KpLE1) prophage,,b2362,9.077374913,8.998737975,8.959256053,8.890569201,8.953242482,9.095295572
b2363,CPS-53 (KpLE1) prophage,,b2363,8.203943979,8.014596722,8.150855522,8.050247703,8.05311648,8.088294691
b2364,D-serine dehydratase (deaminase) transcriptional activator,transcriptional regulator of D-serine dehydratase (deaminase) (LysR family); go_component: cytoplasm [goid 0005737]; go_function: transcriptional activator activity [goid 0016563]; go_process: amino acid catabolism [goid 0009063]; go_process: transcription [goid 0006350],b2364,9.206280667,9.361223827,9.226664164,9.245740414,9.278971591,9.272348372
b2365,transport protein (Gnt family),transport system permease (serine?); go_component: inner membrane [goid 0019866],b2365,8.369262865,8.235125794,8.369068506,8.342213369,8.24978371,8.23062331
b2366,D-serine dehydratase,catalyzes the formation of pyruvate from serine; go_component: cytoplasm [goid 0005737]; go_process: amino acid catabolism [goid 0009063],b2366,11.06448346,10.98142623,11.04732047,11.00378006,11.01680774,11.10129481
b2367,multidrug resistance protein Y,"transport protein, multidrug resistance protein Y (MFS family); go_component: inner membrane [goid 0019866]; go_process: response to drug [goid 0042493]",b2367,9.151543214,9.054036569,8.974761528,9.111639641,9.109520889,9.119797328
b2368,multidrug resistance protein K,go_process: response to drug [goid 0042493],b2368,6.77644144,6.749639755,6.710678708,6.762445678,6.766440428,6.806345737
b2369,putative positive transcription regulator (sensor EvgS),"response regulator (activator) in two-component regulatory system with EvgS, regulates multidrug resistance (LuxR/UhpA family); go_component: cytoplasm [goid 0005737]; go_function: transcriptional activator activity [goid 0016563]; go_process: transcription [goid 0006350]",b2369,13.52479838,13.15972908,12.89926122,13.11789122,12.77875031,12.71302196
b2370,"hybrid sensory histidine kinase in two-component regulatory system with EvgA, regulates multidrug resistance",putative sensor for regulator EvgA; go_component: inner membrane [goid 0019866]; go_process: protein modification [goid 0006464],b2370,10.06080836,10.47812365,8.932090271,9.05053791,10.49884736,10.28350099
b2371,putative enzyme,"EcoGene suggests alternate start codon; putative formyl-CoA transferase, NAD(P)-binding",b2371,8.204970776,8.093367878,8.114943952,8.121180801,8.124099645,8.216393606
b2372,putative receptor protein,putative transport protein (AEC family),b2372,7.583431466,7.568834257,7.491606022,7.539244789,7.574226289,7.630831041
b2373,hypothetical protein,,b2373,8.843331324,8.70862785,8.697186,8.725319249,8.708594436,8.814526691
b2374,formyl-coenzyme A transferase,catalyzes the formation of oxalyl-CoA from oxalate and Formyl-CoA,b2374,8.530843999,8.403240171,8.37019459,8.443417217,8.517132066,8.42565586
b2375,hypothetical protein,,b2375,7.648510359,7.615154676,7.445774799,7.638898241,7.551774804,7.630472191
b2376,unknown CDS,,b2376,8.207775725,8.093721882,8.084325993,8.112052197,8.091229079,8.029445241
b2377,unknown CDS,,b2377,12.40242553,12.26242218,12.66917744,12.75325902,11.99831534,12.06592388
b2378,lipid A biosynthesis lauroyl acyltransferase,"Acylates the intermediate (KDO)2-lipid IVA to form (KDO)2-(lauroyl)-lipid IVA; go_component: inner membrane [goid 0019866]; go_function: cell surface antigen activity, host-interacting [goid 0042280]; go_process: lipid A biosynthesis [goid 0009245]; go_process: response to temperature [goid 0009266]",b2378,12.97188407,12.95282152,12.40399539,12.73168294,12.90280451,13.08668516
b2379,hypothetical protein,,b2379,12.60262522,12.47127161,12.73552788,12.72395604,12.56934477,12.48517765
b2380,putative sensor protein,,b2380,11.25538186,11.16270317,11.33647179,11.3447343,11.00034155,11.08513227
b2381,putative 2-component transcriptional regulator,putative regulator; go_process: transcription [goid 0006350],b2381,10.83081059,10.73027456,11.24173147,11.12295428,10.68316163,10.67364133
b2382,putative ARAC-type regulatory protein,putative transcriptional regulator (AraC/XylS familiy); go_function: transcriptional activator activity [goid 0016563]; go_process: transcription [goid 0006350],b2382,10.17906121,10.19190148,10.3434729,10.21865508,10.16500207,10.25284958
b2383,putative PTS family Hpr component (N-terminal); enzyme I component (middle); enzyme IIA component (C-terminal),"putative PTS system enzyme IIA component, enzyme I; go_process: phosphoenolpyruvate-dependent sugar phosphotransferase system [goid 0009401]",b2383,8.934370218,8.789361845,8.864863287,8.910347879,8.905787058,8.97814782
b2384,putative endoglucanase,,b2384,7.87683195,7.797200417,7.852225935,7.866485891,7.810442538,7.965383887
b2385,putative peptidase,,b2385,7.847526052,7.821658602,7.797175397,7.83614681,7.811961787,7.926002235
b2386,"putative PTS family enzyme IIC component, fructose-specific",putative PTS system enzyme IIC component; go_process: carbohydrate catabolism [goid 0016052],b2386,7.334985416,7.238031159,7.240848165,7.270392317,7.302102038,7.341102076
b2387,putative PTS family enzyme IIB component,putative PTS system enzyme IIB component; go_process: phosphoenolpyruvate-dependent sugar phosphotransferase system [goid 0009401],b2387,8.669640602,8.52924435,8.518463255,8.711610243,8.61566367,8.585655295
b2388,glucokinase,catalyzes the conversion of ATP and D-glucose to ADP and D-glucose 6-phosphate; go_component: cytoplasm [goid 0005737]; go_process: carbohydrate catabolism [goid 0016052],b2388,13.48160302,13.35087099,13.87048261,13.68895005,13.15399954,13.25837439
b2389,hypothetical protein,,b2389,8.90624005,8.846895162,9.263829613,9.264564791,8.709308673,8.637684928
b2390,unknown CDS,"the overlapping reading frame (b2391) is no longer thought to be an actual gene, and has been deaccessioned",b2390,9.027875043,8.858064047,9.032351729,9.240421117,9.192459559,9.294798627
b2392,putative manganese transport protein MntH,go_component: inner membrane [goid 0019866]; go_process: xenobiotic metabolism [goid 0006805],b2392,11.19807246,11.17038507,11.03321,11.06769628,11.30954759,11.3166192
b2393,nucleoside transport protein (NUP family),"permease of transport system for 3 nucleosides; go_component: inner membrane [goid 0019866]; go_process: nucleobase, nucleoside and nucleotide interconversion [goid 0015949]",b2393,11.40027204,12.03494453,11.34564327,11.24185992,11.99023883,11.92988218
b2394,putative transposase insL for insertion sequence IS186,"putative transposase, IS186 homolog",b2394,12.1385225,12.49287641,12.03730669,12.06602132,12.58396937,12.4889906
b2395,hypothetical protein,EcoGene suggests alternate start codon,b2395,9.065182515,9.250642933,9.087390844,9.193297863,9.388925765,9.306245369
b2398,putative negative regulator,EcoGene suggests alternate start codon,b2398,11.84426823,11.85119095,11.73885374,11.7794577,11.73766777,11.72196919
b2399,putative negative regulator,EcoGene suggests alternate start codon,b2399,10.27138353,10.27337428,10.29507004,10.16085043,10.21780501,10.1646149
b2400,glutamyl-tRNA synthetase,Charges one glutamine molecule and pairs it to its corresponding RNA trinucleotide during protein translation; go_component: cytoplasm [goid 0005737]; go_process: amino acid activation [goid 0006418],b2400,14.10481655,14.3432934,13.87744069,13.89551893,14.39554177,14.39895968
b2405,regulator for xapA,"transcriptional regulator of nucleotide interconversions (LysR family); go_component: cytoplasm [goid 0005737]; go_function: transcriptional activator activity [goid 0016563]; go_process: nucleobase, nucleoside and nucleotide interconversion [goid 0015949]; go_process: transcription [goid 0006350]",b2405,9.637890461,9.275953359,9.658489312,9.428444628,9.423871188,9.234922781
b2406,xanthosine permease,xanthosine permease (MFS family); go_component: inner membrane [goid 0019866]; go_process: carbohydrate catabolism [goid 0016052],b2406,9.559967195,9.400830701,9.427756704,9.404113822,9.44735551,9.528503742
b2407,purine nucleoside phosphorylase,"Catalyzes the phosphorolytic cleavage of 6-oxopurine nucleosides; go_process: nucleobase, nucleoside and nucleotide interconversion [goid 0015949]",b2407,8.853428487,8.729107902,8.793730579,8.824465531,8.732388387,8.796771587
b2408,putative sugar hydrolase,,b2408,8.981896237,8.9409225,9.025327266,8.980663925,8.873353671,8.940650567
b2409,putative transcriptional regulator (LysR family),putative transcriptional regulator LYSR-type; go_function: transcriptional activator activity [goid 0016563]; go_function: transcriptional repressor activity [goid 0016564]; go_process: transcription [goid 0006350],b2409,11.20436588,11.15529596,11.13240383,11.21725327,11.11749289,11.25147639
b2410,putative cytochrome oxidase,,b2410,11.92009586,11.96670223,11.95275465,11.91541123,11.87814973,11.93544833
b2411,DNA ligase,go_component: cytoplasm [goid 0005737]; go_process: DNA repair [goid 0006281],b2411,12.44968713,12.31162032,12.19611613,12.17960896,12.48285828,12.43378417
b2412,cell division protein ZipA,interacts with cell division protein FitsZ and may be required to anchor septal ring structure; go_component: inner membrane [goid 0019866],b2412,13.72167839,13.52340671,13.8237514,13.61342866,13.45114021,13.45278269
b2413,putative sulfate transport protein CysZ,go_component: inner membrane [goid 0019866]; go_process: sulfur metabolism [goid 0006790],b2413,11.34730228,11.34384163,11.42802483,11.41148702,11.29868607,11.25416557
b2414,"cysteine synthase A, O-acetylserine sulfhydrolase A","subunit of cysteine synthase A and O-acetylserine sulfhydrolase A, PLP-dependent enzyme; go_component: cytoplasm [goid 0005737]; go_process: cysteine biosynthesis [goid 0019344]",b2414,16.94793485,16.75884063,16.86245531,16.88154028,16.67438637,16.64507712
b2415,"PTS family Hpr protein, phosphohistidinoprotein-hexose phosphotransferase",PTS system protein HPr; go_process: carbohydrate catabolism [goid 0016052],b2415,15.82156027,15.93548384,15.72410439,16.08006328,15.94425612,15.92752455
b2416,PEP-protein phosphotransferase system enzyme I,"PTS family enzyme I and Hpr components, PEP-protein phosphotransferase; go_process: carbohydrate catabolism [goid 0016052]",b2416,14.92171323,14.94526957,14.93749849,14.96025821,14.89224844,14.97996992
b2417,glucose-specific PTS system enzyme IIA component,functions in phosphoenolpyruvate-(PEP)-dependent phosphotransferase (PTS) system; functions in the transport and phosphorylation of glucose; go_component: cytoplasm [goid 0005737]; go_process: carbohydrate catabolism [goid 0016052],b2417,15.39762754,15.32631835,15.49818202,15.23898509,15.29657017,15.28058202
b2418,pyridoxine kinase,catalyzes the formation of pyridoxal 5'-phosphate from pyridoxal; go_process: pyridoxal 5'-phosphate salvage [goid 0009443],b2418,12.37315384,12.3040768,12.52819136,12.4471921,12.25784394,12.2463153
b2419,hypothetical protein,,b2419,10.08542757,9.8932705,9.972384736,10.17753149,9.976340647,9.99310566
b2420,hypothetical protein,,b2420,7.692587063,7.460226057,7.834940844,7.774006207,7.543632941,7.484632241
b2421,cysteine synthase B (O-acetylserine sulfhydrolase B),"cysteine synthase B, O-acetylserine sulfhydrolase B; go_process: cysteine biosynthesis [goid 0019344]",b2421,14.31545946,14.29555231,13.90105934,13.86143632,14.34146895,14.43598921
b2422,ATP-binding component of sulfate permease A protein; chromate resistance,"sulfate permease A protein, chromate resistance (ABC superfamily, atp_bind); go_component: cytoplasm [goid 0005737]; go_function: sulfate-transporting ATPase activity [goid 0015419]; go_process: sulfur metabolism [goid 0006790]; go_process: response to drug [goid 0042493]",b2422,14.16443798,14.17818004,14.16888377,14.07326955,14.24754628,14.29662955
b2423,sulfate transport system permease W protein,"EcoGene suggests alternate start codon; thiosulfate permease W protein (ABC superfamily, membrane); go_component: inner membrane [goid 0019866]; go_process: sulfur metabolism [goid 0006790]",b2423,13.97162234,13.96444921,14.02976204,14.18305947,13.95757602,14.03333767
b2424,"sulfate, thiosulfate transport system permease T protein","thiosulfate transport protein (ABC superfamily, membrane); go_component: inner membrane [goid 0019866]; go_process: sulfur metabolism [goid 0006790]",b2424,14.26821365,14.16871359,14.5080651,14.55223979,14.04517635,14.11479192
b2425,thiosulfate binding protein,"thiosulfate transport protein (ABC superfamily, peri_bind); go_component: periplasmic space [goid 0042597]; go_process: sulfur metabolism [goid 0006790]",b2425,15.36898068,15.46190733,15.29984181,15.57844883,15.41651314,15.53104329
b2426,short chain dehydrogenase,EcoGene suggests alternate start codon,b2426,13.33263217,13.22716271,13.56269179,13.44699034,13.16109205,13.1515051
b2427,hypothetical protein,,b2427,8.743069147,8.733171869,8.903025601,9.48623171,9.310738497,9.268061955
b2428,hypothetical protein,,b2428,10.71979858,10.58150021,10.65765426,10.95398454,10.79118347,10.86597426
b2429,putative PTS enzyme IIBC component,"putative PTS family enzyme IIBC, sucrose-specific; go_process: carbohydrate catabolism [goid 0016052]",b2429,9.757408972,9.615428663,9.554405521,9.726021726,9.710469116,9.849976089
b2430,hypothetical protein,EcoGene suggests alternate start codon; go_process: carbohydrate catabolism [goid 0016052],b2430,8.933721893,8.915672424,8.840138908,9.044855319,9.179167992,9.116215071
b2431,hypothetical protein,EcoGene suggests alternate start codon,b2431,12.77653271,12.62919514,13.01587783,12.98961924,12.30375809,12.48719923
b2432,hypothetical protein,,b2432,11.9581326,12.01186522,11.91414455,11.97231057,12.25553408,12.01178949
b2433,hypothetical protein,EcoGene suggests alternate start codon,b2433,10.73601324,10.84638718,10.84300746,10.73958923,10.84047795,10.71654285
b2434,putative acetyltransferase,EcoGene suggests alternate start codon,b2434,12.62561255,12.50977845,12.6058987,12.63124095,12.57491679,12.56192502
b2435,N-acetylmuramoyl-l-alanine amidase I,go_process: peptidoglycan biosynthesis [goid 0009252],b2435,11.57659061,11.51095319,11.48262767,11.35744489,11.63650347,11.48299044
b2436,coproporphyrinogen III oxidase,catalyzes the formation of protoporphyrinogen IX from coproporphyrinogne; go_component: cytoplasm [goid 0005737],b2436,10.78495698,10.90929728,10.68752724,10.62926337,11.00502651,10.82269234
b2437,putative ARAC-type regulatory protein,putative transcriptional regulator ethanolamine degradation (AraC/XylS family); go_function: transcriptional activator activity [goid 0016563]; go_process: amine catabolism [goid 0009310]; go_process: transcription [goid 0006350],b2437,8.834340025,8.961651934,9.108904273,9.148671384,8.947896667,9.012803109
b2438,"putative carboxysome structural protein, ethanolamine utilization",EcoGene suggests alternate start codon; go_process: amine catabolism [goid 0009310],b2438,10.05342627,10.09503132,10.21876819,10.16104118,10.15719623,10.23089055
b2439,"putative carboxysome structural protein, ethanolamine utilization",go_process: amine catabolism [goid 0009310],b2439,9.847559648,10.06810415,10.17950673,10.17268552,9.987810119,10.10145817
b2440,ethanolamine ammonia-lyase small subunit,catalyzes the formation of acetaldehyde from ethanolamine; go_process: amine catabolism [goid 0009310],b2440,10.12250659,10.29910421,10.43831946,10.4556351,10.34473252,10.36879333
b2441,"ethanolamine ammonia-lyase, heavy chain",EcoGene suggests alternate start codon; go_process: amine catabolism [goid 0009310],b2441,10.23525895,10.12163266,10.28760506,10.28873095,10.20095999,10.18830764
b2442,CPZ-55 prophage; putative integrase,EcoGene suggests alternate start codon; putative prophage integrase,b2442,12.33698683,12.49837361,11.88274594,11.904266,12.6405333,12.52669056
b2443,CPZ-55 prophage,,b2443,10.85844646,10.47438468,10.65971176,10.69503605,10.5054904,10.37301695
b2444,CPZ-55 prophage,,b2444,8.215287233,7.997382568,8.034278699,8.210059915,7.991463509,8.129626887
b2445,CPZ-55 prophage,EcoGene suggests alternate start codon,b2445,10.58000942,10.4136289,10.48085987,10.47546761,10.40263137,10.54896054
b2446,CPZ-55 prophage,,b2446,11.02377825,10.79641751,10.90893556,10.97982535,10.87943614,10.95885494
b2447,CPZ-55 prophage,,b2447,8.033678769,7.926862699,8.020561795,8.100383536,7.93330605,7.972248663
b2448,CPZ-55 prophage,EcoGene suggests alternate start codon,b2448,12.13142497,11.86453315,12.04138641,12.00618894,11.95432638,12.04767335
b2449,CPZ-55 prophage,,b2449,10.57342159,10.42558557,10.90784846,10.94276114,10.2289367,10.05645095
b2450,CPZ-55 prophage; putative transcriptional regulator,EcoGene suggests alternate start codon,b2450,12.53611837,12.49273852,12.42675634,12.72193803,12.40094576,12.37844239
b2451,CPPZ-55 prophage; chaperonin in ethanolamine utilization,,b2451,7.933453675,7.963780935,7.946121477,7.948687664,7.949741533,8.070648447
b2452,ethanolamine utilization; homolog of Salmonella putative transport protein,"putative transport protein, ethanolamine utilization; go_component: inner membrane [goid 0019866]; go_process: amine catabolism [goid 0009310]",b2452,9.527939153,9.442024427,9.473524286,9.477279897,9.507475776,9.585728833
b2453,"ethanolamine utilization; homolog of Salmonella enzyme, similar to iron-containing alcohol dehydrogenase",EcoGene suggests alternate start codon; putative alcohol dehydrogenase in ethanolamine utilization; go_process: amine catabolism [goid 0009310],b2453,10.43534236,10.22917407,10.28883452,10.3311815,10.33918715,10.37362656
b2454,ethanolamine utilization; homolog of Salmonella gene,putative ethanolamine utilization protein; go_process: amine catabolism [goid 0009310]; go_process: protein folding [goid 0006457],b2454,6.573473895,6.506636561,6.523962487,6.526609139,6.510081064,6.545215476
b2455,ethanolamine utilization; similar to acetaldehyde dehydrogenase,putative aldehyde oxidoreductase in ethanolamine utilization; go_process: amine catabolism [goid 0009310],b2455,8.355519742,8.177297202,8.162927404,8.255052709,8.271908023,8.297207499
b2456,detox protein,detox protein in ethanolamine utilization; go_process: xenobiotic metabolism [goid 0006805],b2456,7.380137399,7.297272427,7.305763246,7.403358655,7.291394747,7.376855629
b2457,detox protein,EcoGene suggests alternate start codon; detox protein in ethanolamine utilization; go_process: xenobiotic metabolism [goid 0006805],b2457,12.47437197,12.3708968,12.36200482,12.43988272,12.36731961,12.52441661
b2458,phosphate acetyltransferase,Catalyses the synthesis of acetylphosphate from acetyl-CoA and inorganic phosphate; go_process: amine catabolism [goid 0009310],b2458,8.675475298,8.629111799,8.536983143,8.676833443,8.636604628,8.706307367
b2459,putative cobalamin adenosyltransferase in ethanolamine utilization,go_process: amine catabolism [goid 0009310],b2459,8.703778905,8.529843464,8.556749981,8.63089738,8.558788698,8.619926444
b2460,putative regulator of ethanolamine utilization,go_process: amine catabolism [goid 0009310],b2460,10.8425733,10.72497753,10.65670591,10.76885422,10.67540613,10.82359899
b2461,putative ethanolamine utilization protein,go_process: amine catabolism [goid 0009310],b2461,9.454142679,9.382087861,9.361228441,9.385950415,9.458839853,9.519507623
b2462,"putative carboxysome structural protein, ethanol utilization",EcoGene suggests alternate start codon; go_process: amine catabolism [goid 0009310],b2462,8.865421277,8.783419679,8.729059138,8.739016313,8.811594961,8.87767795
b2463,phosphate acetyltransferase,Catalyses the synthesis of acetylphosphate from acetyl-CoA and inorganic phosphate,b2463,13.439711,13.4821361,13.4933247,13.46437989,13.39321004,13.36364669
b2464,transaldolase,"Maintains the balance of metabolites in the pentose-phosphate pathway; go_process: pentose-phosphate shunt, non-oxidative branch [goid 0009052]",b2464,13.97692632,13.94346024,14.08215845,14.21866216,13.89106448,13.92268037
b2465,transketolase,"catalyzes the formation of ribose 5-phosphate and xylulose 5-phosphate from sedoheptulose 7-phosphate and glyxeraldehyde 3-phosphate; go_process: carbohydrate catabolism [goid 0016052]; go_process: pentose-phosphate shunt, non-oxidative branch [goid 0009052]; go_process: nucleobase, nucleoside and nucleotide interconversion [goid 0015949]",b2465,13.58018598,13.62588601,13.75390183,13.72940843,13.57765944,13.5380283
b2466,hypothetical protein,,b2466,10.61608542,10.48792622,10.50880899,10.69651372,10.6312969,10.78113787
b2467,"conserved protein, MutT-like",,b2467,12.70522514,12.44390177,12.59441478,12.48712607,12.51770739,12.51217044
b2468,"putative oxidoreductase, Fe-S subunit (anaerobically expressed gene)",,b2468,10.04365187,9.937198394,10.09860393,10.14427624,9.911201976,10.09451893
b2469,"sensor for nitrate reductase system, protein histidine kinase (acts on NarP and narL)","sensory histidine kinase in two-component regulatory system with NarP (NarL), regulates anaerobic respiratory gene expression, senses nitrate/nitrite; go_component: inner membrane [goid 0019866]; go_process: anaerobic respiration [goid 0009061]; go_process: protein modification [goid 0006464]",b2469,10.16912813,9.923312451,10.24083149,10.16366115,9.910233958,9.924645396
b2470,aminoglycoside efflux pump,aminoglycoside/multidrug efflux pump (RND family); go_component: inner membrane [goid 0019866]; go_process: response to drug [goid 0042493],b2470,9.620263799,9.66722085,9.538586469,9.700170187,9.742250835,9.749325626
b2471,conserved thioredoxin-like protein,,b2471,12.30515362,12.09836377,12.21043606,12.05867762,12.03874884,12.0716053
b2472,succinyl-diaminopimelate desuccinylase,"catalyzes the formation of LL-2,6-diaminoheptanedioate and succinate from N-succinyl-LL-2,6-diaminoheptanedioate; go_process: lysine biosynthesis via diaminopimelate [goid 0009089]",b2472,12.53740615,12.44054836,12.42899637,12.42984933,12.47118718,12.46980569
b2473,hypothetical protein,EcoGene suggests alternate start codon,b2473,11.28710511,11.12424352,11.28630158,11.15445669,11.10753399,11.14878354
b2474,putative acyl-CoA N-acyltransferase,,b2474,11.94357334,11.96993509,11.77522936,11.65230441,12.1061156,12.11858557
b2475,hypothetical protein,,b2475,12.92526642,12.92597574,12.90026049,12.80795772,13.05965234,12.99243921
b2476,phosphoribosylaminoimidazole-succinocarboxamidesynthase,catalyzes the formation of (S)-2-(5-amino-1-(5-phospho-D-ribosyl)imidazole-4- carboxamido)succinate from 5-amino-1-(5-phospho-D-ribosyl)imidazole-4-carboxylate and L-aspartate in purine biosynthesis; go_component: cytoplasm [goid 0005737]; go_process: purine nucleotide biosynthesis [goid 0006164],b2476,14.64707679,15.09906418,14.27434755,14.31559924,15.27350491,15.05051349
b2477,lipoprotein-34,EcoGene suggests alternate start codon; go_component: inner membrane [goid 0019866],b2477,14.00054953,13.99512528,13.98564874,13.88440882,13.99708118,13.96853424
b2478,dihydrodipicolinate synthase,catalyzes the formation of dihydrodipicolinate from L-aspartate 4-semialdehyde and pyruvate in lysine and diaminopimelate biosynthesis; go_component: cytoplasm [goid 0005737]; go_process: lysine biosynthesis via diaminopimelate [goid 0009089],b2478,15.44313177,15.24424302,15.41491847,15.41308169,15.35562733,15.29672819
b2479,transcriptional regulation of gcv operon,EcoGene suggests alternate start codon; transcriptional repressor for cleavage of glycine; go_component: cytoplasm [goid 0005737]; go_function: transcriptional repressor activity [goid 0016564]; go_process: amino acid catabolism [goid 0009063]; go_process: 10-formyltetrahydrofolate biosynthesis [goid 0009257]; go_process: transcription [goid 0006350],b2479,13.97468723,13.99449022,14.14163335,13.90696655,13.90170659,13.78979341
b2480,bacterioferritin comigratory protein,thiol peroxidase; thioredoxin-dependent hydroperoxide peroxidase; antioxidant protein; go_component: cytoplasm [goid 0005737]; go_process: xenobiotic metabolism [goid 0006805],b2480,14.22153171,14.24213707,14.16860282,13.84861691,14.47269624,14.06963106
b2481,hydrogenase 4 Fe-S subunit,"EcoGene suggests alternate start codon; putative hydrogenase 4, Fe-S subunit; go_process: anaerobic respiration [goid 0009061]",b2481,8.796719303,8.66748373,8.673809889,8.751135075,8.701718941,8.738153913
b2482,NADH dehydrogenase subunit N,Catalyzes the transfer of electrons from NADH to ubiquinone; go_component: inner membrane [goid 0019866]; go_process: anaerobic respiration [goid 0009061],b2482,8.700597425,8.67278695,8.685780454,8.724664017,8.689800855,8.784238374
b2483,hydrogenase 4 membrane subunit,"EcoGene suggests alternate start codon; hydrogenase 4, C (membrane) subunit; go_component: inner membrane [goid 0019866]; go_process: anaerobic respiration [goid 0009061]",b2483,7.249436747,7.136143814,7.099260974,7.266593236,7.19126473,7.248147064
b2484,hydrogenase 4 membrane subunit,go_component: inner membrane [goid 0019866]; go_process: anaerobic respiration [goid 0009061],b2484,8.756947151,8.605339741,8.608097769,8.644698805,8.733098269,8.818227016
b2485,hydrogenase 4 membrane subunit,"hydrogenase 4, E (membrane) subunit; go_component: inner membrane [goid 0019866]; go_process: anaerobic respiration [goid 0009061]",b2485,7.248602328,7.17275118,7.169650674,7.236622687,7.226714809,7.249663076
b2486,NADH dehydrogenase subunit N,Catalyzes the transfer of electrons from NADH to ubiquinone; go_component: inner membrane [goid 0019866]; go_process: anaerobic respiration [goid 0009061],b2486,7.803743546,7.674922495,7.711259795,7.650089758,7.763370585,7.773825519
b2487,hydrogenase 4 subunit,go_process: anaerobic respiration [goid 0009061],b2487,10.87330565,10.68947246,10.80068241,10.80833177,10.70069917,10.76421954
b2488,hydrogenase 4 Fe-S subunit,go_process: anaerobic respiration [goid 0009061],b2488,9.864244137,9.759257923,9.646356073,9.804828589,9.776269882,9.950209756
b2489,hydrogenase 4 Fe-S subunit,"hydrogenase 4, Fe-S subunit; go_process: anaerobic respiration [goid 0009061]",b2489,8.208958107,8.136465045,8.095467821,8.05442538,8.226291677,8.279608673
b2490,putative protein processing element for hydrogenase 4,EcoGene suggests alternate start codon; putative protein processing element; hydrogenase 4 component J; go_process: protein biosynthesis [goid 0006412],b2490,9.41613231,9.261876025,9.258193717,9.419733091,9.344442775,9.419539287
b2491,"putative 2-component regulator, interaction with sigma 54","EcoGene suggests alternate start codon; transcriptional activator for expression of hydrogenase 4 genes, interacts with sigma 54 (EBP family); go_component: cytoplasm [goid 0005737]; go_function: transcriptional activator activity [goid 0016563]; go_process: anaerobic respiration [goid 0009061]; go_process: transcription [goid 0006350]",b2491,7.81611711,7.730535716,7.754929669,7.749465908,7.840806349,7.893037394
b2492,probable formate transporter (formate channel 2),putative formate transport protein (formate channel 2) (FNT family); go_component: inner membrane [goid 0019866],b2492,7.892790252,7.845778707,8.069378878,8.026482846,7.927825284,7.988987018
b2493,putative permease,putative permease (PerM family); go_component: inner membrane [goid 0019866],b2493,11.7235359,11.46518903,11.62371884,11.52653302,11.50305473,11.5447459
b2494,hypothetical protein,,b2494,12.10786352,12.07641346,12.23321488,12.3787418,12.03150203,12.05918169
b2495,putative arsenate reductase,putative oxidoreductase; go_process: xenobiotic metabolism [goid 0006805],b2495,12.40041516,12.50196547,12.2946135,12.43616067,12.52654012,12.38457559
b2496,DNA replication initiation factor,"controls initiation of DNA replication by inhibiting re-initiation of replication, promotes hydrolysis of DnaA-bound ATP; go_process: DNA dependent DNA replication [goid 0006261]",b2496,11.84105333,11.93919284,11.83584429,11.71517809,12.03580097,11.94377387
b2497,uracil transport,"uracil transport protein (NCS2 family); go_component: inner membrane [goid 0019866]; go_process: nucleobase, nucleoside and nucleotide interconversion [goid 0015949]",b2497,11.98899464,12.29394222,12.08826175,11.9580907,12.36000869,12.43982632
b2498,uracil phosphoribosyltransferase,"catalyzes the formation of uracil and 5-phospho-alpha-D-ribosy 1-diphosphate from UMP and diphosphate; go_process: nucleobase, nucleoside and nucleotide interconversion [goid 0015949]",b2498,14.6891093,14.7427836,14.6899112,14.65180877,14.9594452,14.92128158
b2499,phosphoribosylaminoimidazole synthetase,catalyzes the formation of 1-(5-phosphoribosyl)-5-aminoimidazole from 2-(formamido)-N1-(5-phosphoribosyl)acetamidine and ATP in purine biosynthesis; go_component: cytoplasm [goid 0005737]; go_process: purine nucleotide biosynthesis [goid 0006164],b2499,13.02282479,14.21571375,12.38034443,12.47900594,14.53862646,14.33206524
b2500,phosphoribosylglycinamide formyltransferase,"Catalyzes two reactions: the first one is the production of beta-formyl glycinamide ribonucleotide (GAR) from formate, ATP and beta GAR; the second, a side reaction, is the production of acetyl phosphate and ADP from acetate and ATP; go_component: cytoplasm [goid 0005737]; go_process: purine nucleotide biosynthesis [goid 0006164]",b2500,13.05544943,13.86217827,12.58523145,12.64525587,14.1520398,14.04040862
b2501,polyphosphate kinase,catalyzes the reversible transfer of the terminal phosphate of ATP to form a long chain polyphosphate; go_process: phosphorus metabolism [goid 0006793],b2501,12.09470608,12.12331273,12.11048574,12.27240801,11.98711319,12.08022754
b2502,exopolyphosphatase,go_process: phosphorus metabolism [goid 0006793],b2502,12.20951281,12.26920019,11.99620244,11.97035739,12.40446948,12.3189421
b2503,putative cytochrome C-type biogenesis protein,putative oxidative protein,b2503,7.99018055,7.840130009,8.064021663,7.994554075,7.847438227,7.868535042
b2504,unknown CDS,,b2504,13.50862371,13.4979259,13.69882542,13.57179539,13.49380947,13.30839303
b2505,putative outer membrane lipoprotein,go_component: external outer membrane (sensu Gram-negative Bacteria) [goid 0009279],b2505,7.702833642,7.511169266,7.468344568,7.537594686,7.637138257,7.603419205
b2506,hypothetical protein,go_component: inner membrane [goid 0019866],b2506,6.792084104,6.690094321,6.820284562,6.662976277,6.64092992,6.645460102
b2507,bifunctional GMP synthase/glutamine amidotransferase protein,"contains glutamine-hydrolyzing domain and glutamine amidotransferase; GMP-binding domain; functions to produce GMP from XMP in the IMP pathway; go_component: cytoplasm [goid 0005737]; go_process: purine nucleotide biosynthesis [goid 0006164]; go_process: nucleobase, nucleoside and nucleotide interconversion [goid 0015949]",b2507,14.86308148,15.00550947,14.88690975,14.85312352,15.14944467,15.16506245
b2508,inositol-5-monophosphate dehydrogenase,"go_component: cytoplasm [goid 0005737]; go_process: purine nucleotide biosynthesis [goid 0006164]; go_process: nucleobase, nucleoside and nucleotide interconversion [goid 0015949]",b2508,14.4066312,14.84006102,14.47756116,14.52509182,14.82442597,14.93652677
b2509,exodeoxyribonuclease VII large subunit,Bidirectionally degrades single-stranded DNA into large acid-insoluble oligonucleotides; go_process: DNA catabolism [goid 0006308]; go_process: DNA catabolism [goid 0006308],b2509,12.18406984,12.12464307,11.98802771,11.90380461,12.17714403,12.05347481
b2510,putative cytochrome,EcoGene suggests alternate start codon; go_process: biotin carboxyl carrier protein biosynthesis [goid 0042966],b2510,10.5499812,10.57085995,10.45455305,10.35892211,10.6183808,10.62720506
b2511,GTP-binding protein EngA,EcoGene suggests alternate start codon,b2511,12.19006304,12.35159388,12.1075574,12.11246634,12.41549563,12.43407406
b2512,putative dehydrogenase,putative serine/threonine protein kinase; go_process: protein modification [goid 0006464],b2512,13.32369154,13.50937421,13.18147451,13.25057814,13.66610537,13.59845253
b2513,hypothetical protein,,b2513,13.97963603,14.28534321,13.85183061,13.83751272,14.3836455,14.42620242
b2514,histidyl-tRNA synthetase,"Catalyzes a two-step reaction, first charging a histidine molecule by linking its carboxyl group to the alpha-phosphate of ATP, followed by transfer of the aminoacyl-adenylate to its tRNA; go_component: cytoplasm [goid 0005737]; go_process: amino acid activation [goid 0006418]",b2514,14.1940004,14.34275474,14.09172537,14.12316401,14.43590763,14.39575772
b2515,4-hydroxy-3-methylbut-2-en-1-yl diphosphate synthase,"catalyzes the conversion of 2C-methyl-D-erythritol 2,4-clclodiphosphate into 4-hydroxy-3-methyl-2-en-1-yl diphosphate",b2515,13.69824584,13.72744125,13.77983122,13.74730223,13.68436366,13.68233126
b2516,hypothetical protein,,b2516,12.95062577,13.16619955,13.10861713,13.23196493,13.14047322,13.22615549
b2517,putative pyruvate formate lyase activating enzyme 2,,b2517,12.06532408,12.41256088,12.02244892,11.968109,12.66995775,12.53308035
b2518,nucleoside diphosphate kinase,"catalyzes the formation of nucleoside triphosphate from ATP and nucleoside diphosphate; go_component: periplasmic space [goid 0042597]; go_process: nucleobase, nucleoside and nucleotide interconversion [goid 0015949]; go_process: purine ribonucleotide biosynthesis [goid 0009152]",b2518,13.2294246,13.98245569,12.65054366,12.34502787,14.37100473,13.96109936
b2519,penicillin binding protein 1C (PBP 1C),transglycosylase of penicillin-binding protein 1c; go_process: peptidoglycan biosynthesis [goid 0009252],b2519,9.762707045,9.986850483,9.592392791,9.641400323,10.04094028,10.08504264
b2520,hypothetical protein,,b2520,11.74102772,11.73736798,11.86426007,11.88317527,11.66579451,11.70891893
b2521,3-mercaptopyruvate sulfurtransferase,EcoGene suggests alternate start codon; putative thiosulfate sulfurtransferase; go_process: sulfur metabolism [goid 0006790],b2521,13.24186331,12.96355248,13.52961283,13.3506333,12.86868213,12.91043593
b2522,enhanced serine sensitivity,EcoGene suggests alternate start codon; enhances serine sensitivity; go_process: sulfur metabolism [goid 0006790],b2522,11.9875522,11.9665729,11.92594401,11.89109012,11.96569875,11.83711904
b2523,aminopeptidase B,catalyzes the removal of an N-terminal amino acid from a peptide or arylamide,b2523,12.90755485,12.96092899,13.01754168,13.00655107,12.8569332,12.86287769
b2524,putative protein believed to be involved in assembly of Fe-S clusters,go_process: protein folding [goid 0006457],b2524,13.51650016,13.61643258,13.38238045,13.51962003,13.51122252,13.47155878
b2525,"[2FE-2S] ferredoxin, electron carrer protein","[2FE-2S] ferredoxin, electron carrier protein, believed to be involved in assembly of Fe-S clusters; go_function: electron carrier activity [goid 0009055]",b2525,13.96469326,13.98061516,13.84318463,13.67763071,14.02156018,13.95469179
b2526,chaperone protein HscA,involved in the maturation of iron-sulfur cluster-containing proteins; go_component: cytoplasm [goid 0005737]; go_process: protein folding [goid 0006457],b2526,13.41729759,13.4419157,13.28867806,13.21279323,13.46301195,13.43663116
b2527,co-chaperone HscB,J-type co-chaperone that regulates the ATPase and peptide-binding activity of Hsc66 chaperone; may function in biogenesis of iron-sulfur proteins; go_process: protein folding [goid 0006457],b2527,11.90000992,12.09159065,11.70276093,11.72781639,12.1723216,12.21028937
b2528,iron-sulfur cluster assembly protein,forms iron-sulfur clusters of ferredoxin [2FE-2S]; binds iron in the presence of the thioredoxin reductase system; forms homodimers and tetramers; similar to SufA protein; go_process: protein folding [goid 0006457],b2528,13.68512548,13.71435232,13.56375818,13.68871311,13.71773412,13.67564197
b2529,involved in Fe-S biosynthesis,putative Fe-S assembly protein; go_process: protein biosynthesis [goid 0006412],b2529,14.16051352,14.17043863,14.1054767,14.10918659,14.20115656,14.20243428
b2530,cysteine desulfurase,catalyzes the removal of sulfur from cysteine to form alanine; go_process: RNA modification [goid 0009451],b2530,13.29349523,13.44932406,13.25666307,13.4113995,13.47480025,13.53344778
b2531,Fe-S cluster-containing transcription factor,transcriptional repressor of iscRSUA operon; go_process: protein biosynthesis [goid 0006412],b2531,12.192681,12.25978704,12.10438096,12.16739392,12.50081743,12.47062615
b2532,hypothetical tRNA/rRNA methyltransferase,putative methyl transferase in Fe-S cluster assembly,b2532,13.83449269,13.80023598,13.75925248,13.68554646,13.87490837,13.94306913
b2533,inositol monophosphatase,inositol-1-monophosphatase; go_component: cytoplasm [goid 0005737]; go_process: transcription [goid 0006350],b2533,11.87713469,12.11907152,11.85139324,11.70532774,12.79724995,12.37883017
b2534,putative enzyme (3.4.-),putative methylase or hydrolase,b2534,7.289652797,7.284694801,7.256127648,7.259655498,7.438529594,7.463740988
b2535,stationary phase inducible protein,EcoGene suggests alternate start codon; stationary phase-inducible protein,b2535,10.37653112,10.39097452,11.23202352,10.9562431,10.26741709,10.07908151
b2536,MFS (major facilitator superfamily) transporter,putative 3-phenylpropionic acid transport protein (MFS family); go_component: inner membrane [goid 0019866]; go_process: 3-phenylpropionic acid transport [goid 0042889],b2536,9.821198852,9.985861038,9.727129934,9.797061853,10.23599392,10.24388252
b2537,bifunctional: transcriptional activator of hca cluster (LysR family) (N-terminal); putative oxidoreductase (C-terminal),transcriptional activator of hca cluster; go_component: cytoplasm [goid 0005737]; go_function: transcriptional activator activity [goid 0016563]; go_function: transcriptional repressor activity [goid 0016564]; go_process: carbohydrate catabolism [goid 0016052]; go_process: transcription [goid 0006350],b2537,10.90842354,11.46261586,10.47107418,10.46378387,11.86725834,11.57612191
b2538,"3-phenylpropionate dioxygenase, alpha subunit",go_process: carbohydrate catabolism [goid 0016052],b2538,10.78359873,10.70253438,10.6606667,10.73530005,10.75122622,10.71753489
b2539,"3-phenylpropionate dioxygenase, beta subunit",small terminal subunit of phenylpropionate dioxygenase; go_process: carbohydrate catabolism [goid 0016052],b2539,9.735023159,9.712174586,9.76532246,9.734454108,9.815145992,9.739330075
b2540,ferredoxin subunit of phenylpropionate dioxygenase,"phenylpropionate dioxygenase, ferredoxin subunit; go_process: carbohydrate catabolism [goid 0016052]",b2540,10.00164167,10.06828882,9.962278818,10.07222311,10.09233315,10.20282108
b2541,"2,3-dihydroxy-2,3-dihydrophenylpropionate dehydrogenase","Converts cis-3-(3-carboxyethyl)-3,5-cyclohexadiene-1,2-diol (PP-dihydrodiol) into 3-(2,3-dihydroxylphenyl)propionate; go_process: carbohydrate catabolism [goid 0016052]",b2541,9.249172735,9.237149627,9.174353066,9.141301572,9.317137349,9.337103967
b2542,ferredoxin reductase subunit of phenylpropionate dioxygenase,"phenylpropionate dioxygenase, ferredoxin reductase subunit; go_process: carbohydrate catabolism [goid 0016052]",b2542,9.491840365,9.43702397,9.479565801,9.447242993,9.46562836,9.525526766
b2543,putative transmembrane protein,EcoGene suggests alternate start codon,b2543,12.36032022,12.21152287,12.41852803,12.24889229,12.15816598,12.16828824
b2544,hypothetical protein,,b2544,10.53566431,10.42308733,10.46039863,10.5684562,10.43507618,10.52013139
b2545,"putative dehydrogenase, NAD(P)-binding",EcoGene suggests alternate start codon; putative oxidoreductase,b2545,11.63142781,11.45790878,11.54840406,11.66764499,11.54137934,11.58407699
b2546,"putative sugar transport protein (ABC superfamily, membrane)",putative transport system permease protein; go_component: inner membrane [goid 0019866],b2546,10.2491649,10.17526693,10.21587501,10.20082645,10.21604066,10.30014385
b2547,putative ATP-binding component of a transport system,"putative transport protein (ABC superfamily, atp_bind); go_component: cytoplasm [goid 0005737]",b2547,8.411548003,8.320392138,8.299967287,8.377369131,8.321217873,8.447313126
b2548,putative LACI-type transcriptional regulator,"putative transport protein (ABC superfamily, peri_bind); go_component: periplasmic space [goid 0042597]",b2548,9.49113819,9.390641814,9.325593272,9.502435701,9.379020418,9.602752345
b2549,putative transferase,EcoGene suggests alternate start codon,b2549,8.923124889,8.732685511,8.751710619,8.792529444,8.776269012,8.846985324
b2550,putative NAGC-like transcriptional regulator,"EcoGene suggests alternate start codon; putative transcriptional repressor (NagC/XylR (ROK) family); go_process: regulation of transcription, DNA-dependent [goid 0006355]",b2550,10.04651523,9.848824866,10.21133154,10.08787039,9.912572463,9.923740026
b2551,serine hydroxymethyltransferase,"catalyzes the reaction of glycine with 5,10-methylenetetrahydrofolate to form L-serine and tetrahydrofolate; go_component: cytoplasm [goid 0005737]; go_process: amino acid catabolism [goid 0009063]; go_process: glycine biosynthesis [goid 0006545]; go_process: folic acid biosynthesis [goid 0046656]; go_process: 10-formyltetrahydrofolate biosynthesis [goid 0009257]",b2551,15.84487875,15.8618845,15.62993703,15.67875739,15.99479243,15.94027468
b2552,"dihydropteridine reductase, ferrisiderophore reductase activity",multifunctional: nitric oxide dioxygenase; dihydropteridine reductase 2; ferrisiderophore reductase,b2552,10.01057723,9.993063267,9.985219835,10.05540885,9.948156805,9.908591836
b2553,regulatory protein (P-II) for nitrogen assimilation by glutamine synthetase (ATase),regulatory protein P-II for glutamine synthetase; go_component: cytoplasm [goid 0005737]; go_process: glutamine biosynthesis [goid 0006542]; go_process: transcription [goid 0006350],b2553,13.63607103,13.46903641,13.33006959,13.17658316,13.52065453,13.26720798
b2554,putative 2-component transcriptional regulator,putative response regulator in two-component regulatory system (EBP family); go_process: protein modification [goid 0006464],b2554,11.22419736,11.31090268,10.95378117,10.9632978,11.39441443,11.48995744
b2555,putative alpha helix protein,,b2555,12.06376507,12.08754856,12.12215256,11.99159388,12.30080307,12.21838808
b2556,putative 2-component sensor protein,EcoGene suggests alternate start codon; putative sensory kinase in regulatory system; go_process: protein modification [goid 0006464],b2556,11.78557447,11.65182129,11.82261392,11.77331133,11.68876474,11.6995827
b2557,phosphoribosylformylglycinamidine synthase,catalyzes the formation of 2-(formamido)-N1-(5-phospho-D-ribosyl)acetamidine from N2-formyl-N1-(5-phospho-D-ribosyl)glycinamide and L-glutamine in purine biosynthesis; go_component: cytoplasm [goid 0005737]; go_process: purine nucleotide biosynthesis [goid 0006164],b2557,13.36023181,13.52677229,13.38171082,13.30306681,13.48391959,13.61427462
b2558,putative periplasmic binding protein of transport system,putative periplasmic binding transport protein; go_component: periplasmic space [goid 0042597],b2558,9.786100116,9.861088762,9.600926623,9.470365582,10.04882912,9.861963415
b2559,tRNA-specific adenosine deaminase,EcoGene suggests alternate start codon; go_process: RNA modification [goid 0009451],b2559,12.36063985,12.19740084,12.326987,12.37444228,12.37228577,12.24570073
b2560,hypothetical protein,EcoGene suggests alternate start codon,b2560,12.74831285,12.63748491,12.78888673,12.71823858,12.58097231,12.49079986
b2561,"putative transport protein (ABC superfamily, membrane)",EcoGene suggests alternate start codon; go_component: inner membrane [goid 0019866],b2561,10.27683731,10.3509285,10.63375013,10.63084444,10.36940911,10.33543694
b2562,putative ferredoxin,go_function: electron carrier activity [goid 0009055],b2562,11.5115674,10.87518664,11.34024857,11.36260528,11.15876784,10.87303033
b2563,4'-phosphopantetheinyl transferase,catalyzes the transfer of the 4'-phosphopantetheine moiety of coenzyme A to acyl-carrier protein; go_component: cytoplasm [goid 0005737],b2563,14.23127079,13.86449541,14.23327043,14.23555689,13.85486293,13.85068617
b2564,pyridoxal phosphate biosynthetic protein,Involved in the de novo synthesis of pyridoxine (Vitamin B6); go_component: cytoplasm [goid 0005737]; go_process: pyridoxine biosynthesis [goid 0008615],b2564,13.48724233,13.18650125,13.52166314,13.51279006,13.15088343,13.17513403
b2565,DNA repair protein RecO,Involved in DNA repair and recF pathway recombination; go_component: cytoplasm [goid 0005737]; go_process: DNA repair [goid 0006281]; go_process: DNA recombination [goid 0006310],b2565,11.77626207,12.0728186,11.59582345,11.39834576,12.23240275,12.25338542
b2566,GTP-binding protein Era,essential protein in Escherichia coli that is involved in many cellular processes; GTPase; binds the cell membrane through apparent C-terminal domain; mutants are arrested during the cell cycle; Streptococcus pneumoniae Era binds to RNA and Escherichia col; go_process: cell cycle [goid 0007049],b2566,12.87870347,13.38505362,12.77525603,12.75906205,13.62650478,13.50990181
b2567,ribonuclease III,cytoplasmic enzyme involved in processing rRNA and some mRNAs; substrates typically have dsRNA regions; forms a homodimer; have N-terminal nuclease and C-terminal RNA-binding domains; requires magnesium as preferred ion for activity; go_process: RNA catabolism [goid 0006401]; go_process: RNA catabolism [goid 0006401],b2567,13.35364703,13.70442987,13.35190355,13.34757441,13.94935699,13.87027517
b2568,leader peptidase (signal peptidase I),"leader peptidase (signal peptidase I), serine protease; go_component: inner membrane [goid 0019866]",b2568,13.28309604,13.35109714,13.22256578,13.15246305,13.47813195,13.41490755
b2569,GTP-binding protein LepA,Binds to the ribosome on the universally-conserved alpha-sarcin loop; go_process: protein biosynthesis [goid 0006412],b2569,13.4135446,13.72016052,13.34704843,13.37851773,13.81058886,13.79442153
b2570,regulator of sigma E (sigma 24) factor,"sigma-E factor, negative regulatory protein; go_component: inner membrane [goid 0019866]; go_process: transcription [goid 0006350]; go_process: response to starvation [goid 0042594]",b2570,11.43497037,11.7449852,11.3811431,11.39104453,12.19979057,12.0018604
b2571,periplasmic negative regulator of sigmaE,periplasmic protein; interacts with the C-terminal domain of RseA and stimulates RseA binding to sigmaE via the cytoplasmic RseA N-terminal domain which then sequesters sigmaE in the membrane thereby preventing sigmaE associated with core RNAP; go_component: cytoplasm [goid 0005737]; go_process: transcription [goid 0006350]; go_process: response to starvation [goid 0042594],b2571,12.79773202,13.00005993,13.00090182,13.13516526,13.29978522,13.21490766
b2572,"anti sigma E (sigma 24) factor, negative regulator","sigma-E factor, negative regulatory protein; go_component: cytoplasm [goid 0005737]; go_process: transcription [goid 0006350]; go_process: response to temperature [goid 0009266]",b2572,14.91613081,14.80582232,15.10475527,15.17077422,15.11396182,15.17422571
b2573,RNA polymerase sigma-70 factor,DNA-dependent RNA polymerase catalyzes the transcription of DNA into RNA using the four ribonucleoside triphosphates as substrates; go_component: cytoplasm [goid 0005737]; go_process: transcription [goid 0006350]; go_process: response to temperature [goid 0009266],b2573,15.34393847,15.11536729,15.33600981,15.39799245,15.39111161,15.5006569
b2574,L-aspartate oxidase,catalyzes the formation of oxaloacetate from L-aspartate; go_process: nicotinamide adenine dinucleotide biosynthesis [goid 0009435],b2574,12.75502884,12.77790738,12.53573933,12.72337652,12.9392099,12.9231139
b2575,putative enzyme,EcoGene suggests alternate start codon; putative methyltransferase,b2575,9.627021268,10.0646005,9.628794283,9.477272379,10.55241267,10.1807276
b2576,ATP-dependent RNA helicase,go_component: cytosolic ribosome (sensu Bacteria) [goid 0009281]; go_component: cytoplasm [goid 0005737]; go_process: RNA modification [goid 0009451],b2576,11.71425726,12.01110012,11.76522818,11.71552333,12.43025978,12.30067208
b2577,putative transcriptional regulator (LysR family),EcoGene suggests alternate start codon; putative transcriptional regulator LYSR-type; go_function: transcriptional activator activity [goid 0016563]; go_function: transcriptional repressor activity [goid 0016564]; go_process: transcription [goid 0006350],b2577,10.3932247,10.37739257,10.46297901,10.39063645,10.41524695,10.38647916
b2578,putative transport protein,,b2578,8.284994639,8.174055234,8.200139009,8.228474362,8.28595731,8.266164016
b2579,putative formate acetyltransferase,go_process: anaerobic respiration [goid 0009061],b2579,16.97076895,16.58031092,16.99408643,17.10965643,16.06033319,16.10131972
b2580,uracil-DNA glycosylase,Excises uracil residues from the DNA which can arise as a result of misincorporation of dUMP residues by DNA polymerase or due to deamination of cytosine; go_component: cytoplasm [goid 0005737]; go_process: DNA repair [goid 0006281],b2580,12.49563217,12.40927218,12.62541968,12.77924678,12.21565482,12.28340011
b2581,putative tRNA/rRNA methyltransferase,go_component: cytoplasm [goid 0005737]; go_process: RNA modification [goid 0009451],b2581,13.36166377,13.25932893,13.31283195,13.35278906,13.34103544,13.33123833
b2582,putative thioredoxin-like protein,"thioredoxin 2, redox factor",b2582,11.50529183,11.67749264,11.26759881,11.20052949,11.91036552,11.6287555
b2583,hypothetical protein,EcoGene suggests alternate start codon,b2583,10.12652468,10.40173217,9.997133826,9.920618588,10.55959608,10.39510266
b2584,"putative acyl-CoA synthetase, NAD(P)-binding, ATP-binding",,b2584,11.39065857,11.38611226,11.82821385,11.62267724,11.21671995,11.23903284
b2585,phosphatidylserine synthase,catalyzes de novo synthesis of phosphatidylserine from CDP-diacylglycerol and L-serine which leads eventually to the production of phosphatidylethanolamine; bounds to the ribosome; go_component: inner membrane [goid 0019866]; go_process: phospholipid biosynthesis [goid 0008654],b2585,13.42331118,13.46022284,13.42417357,13.43230199,13.39893775,13.33719036
b2586,hypothetical protein,EcoGene suggests alternate start codon,b2586,10.20388745,10.05272998,10.06399429,10.02844112,10.06868376,10.13256531
b2587,alpha-ketoglutarate permease,alpha-ketoglutarate permease (MFS family); go_component: inner membrane [goid 0019866]; go_process: carbohydrate catabolism [goid 0016052],b2587,14.9910032,15.37536493,14.47478671,14.34456988,15.59369345,15.51973691
b2592,"ATP-dependent protease, Hsp 100, part of multi-chaperone system with DnaK, DnaJ, and GrpE",heat shock protein; go_component: cytoplasm [goid 0005737]; go_process: protein folding [goid 0006457],b2592,12.99920471,13.24965346,13.21966562,13.43837237,13.0368646,13.05374052
b2593,hypothetical protein,,b2593,11.92764427,12.12100956,11.90970785,11.84505887,12.1538515,12.09844063
b2594,23S rRNA pseudouridine synthase,"pseudouridine synthase (pseudouridines 1911, 1915, 1917 in 23S RNA); go_component: cytoplasm [goid 0005737]; go_process: RNA modification [goid 0009451]",b2594,12.19159206,12.34275605,12.22467286,12.05329021,12.35827861,12.35831716
b2595,putative lipoprotein,,b2595,14.76317191,14.73879949,14.5241382,14.57233407,14.78241483,14.70758149
b2596,unknown CDS,,b2596,6.437083644,6.413035264,6.314565759,6.321468682,6.438773629,6.385038804
b2597,putative yhbH sigma 54 modulator,"ribosome associated factor, stabilizes ribosomes against dissociation; go_component: cytosolic ribosome (sensu Bacteria) [goid 0009281]; go_process: protein biosynthesis [goid 0006412]",b2597,16.39403637,16.03116771,17.09022387,16.88244735,15.96272979,16.03995308
b2598,chorismate mutase-P-prephenate dehydratase leader peptide,leader peptide of chorismate mutase-P-prephenate dehydratase; go_process: L-phenylalanine biosynthesis [goid 0009094],b2598,7.154363038,7.188914967,7.17685057,7.382101624,7.223778678,7.110313871
b2599,bifunctional: chorismate mutase P (N-terminal); prephenate dehydratase (C-terminal),chorismate mutase-P and prephenate dehydratase; go_component: cytoplasm [goid 0005737]; go_process: L-phenylalanine biosynthesis [goid 0009094]; go_process: tyrosine biosynthesis [goid 0006571],b2599,12.60622857,12.83485234,12.44937226,12.47934004,12.75474905,12.62252358
b2600,bifunctional: chorismate mutase T (N-terminal); prephenate dehydrogenase (C-terminal),chorismate mutase-T and prephenate dehydrogenase; go_component: cytoplasm [goid 0005737]; go_process: L-phenylalanine biosynthesis [goid 0009094]; go_process: tyrosine biosynthesis [goid 0006571],b2600,13.72039556,13.91159202,13.48069419,13.40588808,14.19629166,14.07741271
b2601,3-deoxy-7-phosphoheptulonate synthase,catalyzes the formation of 3-deoxy-D-arabino-hept-2-ulosonate 7 phosphate from phosphoenolpyruvate and D-erythrose 4-phosphate; go_process: chorismate biosynthesis [goid 0009423],b2601,13.95440991,14.3659943,13.55622771,13.54456887,14.89382401,14.74257507
b2602,unknown CDS,EcoGene suggests alternate start codon,b2602,10.25496691,10.20052409,10.23492619,10.30049813,10.12981933,9.848175713
b2603,hypothetical protein,,b2603,13.65100945,13.39775546,13.52154066,13.82255634,13.32437904,13.40802182
b2604,hypothetical protein,,b2604,10.49531547,10.77896413,10.34004938,10.46736967,10.78566621,10.88628276
b2605,putative outer membrane protein,go_component: inner membrane [goid 0019866],b2605,10.890371,11.14393852,10.7353619,10.94435565,11.12289279,11.27122651
b2606,50S ribosomal protein L19,This protein is located at the 30S-50S ribosomal subunit interface and may play a role in the structure and function of the aminoacyl-tRNA binding site; go_component: cytosolic ribosome (sensu Bacteria) [goid 0009281]; go_component: cytoplasm [goid 0005737]; go_function: structural constituent of ribosome [goid 0003735]; go_process: protein biosynthesis [goid 0006412],b2606,14.09397519,14.31642418,14.17471187,14.08575367,14.31042695,14.32426318
b2607,tRNA (guanine-N(1)-)-methyltransferase,methylates guanosine-37 in various tRNAs; uses S-adenosyl-L-methionine to transfer methyl group to tRNA; go_component: cytoplasm [goid 0005737]; go_process: RNA modification [goid 0009451],b2607,16.5824047,16.68725443,16.49719187,16.46759527,16.74846551,16.75599839
b2608,16S rRNA-processing protein,An accessory protein needed for efficient assembly of the 30S subunit prior to the maturation of 16S rRNA; go_process: RNA modification [goid 0009451],b2608,16.77551971,16.88021148,16.71462378,16.60348204,16.94322841,16.95927575
b2609,30S ribosomal protein S16,Required for ribosome assembly; go_component: cytosolic ribosome (sensu Bacteria) [goid 0009281]; go_component: cytoplasm [goid 0005737]; go_function: structural constituent of ribosome [goid 0003735]; go_process: protein biosynthesis [goid 0006412],b2609,16.28820125,16.42110468,16.2392279,16.00027017,16.49859356,16.56515033
b2610,"4.5S-RNP protein, GTP-binding export factor, part of signal recognition particle with 4.5 RNA","GTP-binding export factor binds to signal sequence, GTP and RNA",b2610,13.82054273,13.9786274,13.92107602,13.87626289,14.05816933,14.07690982
b2611,hypothetical protein,EcoGene suggests alternate start codon,b2611,11.43887419,11.50468468,11.65493658,11.612747,11.41969893,11.37967382
b4461,hypothetical protein,,b4461,11.64336795,11.7127595,11.48893472,11.51777,11.68000114,11.64438179
b2614,Hsp 24 nucleotide exchange factor,phage lambda replication; host DNA synthesis; heat shock protein; protein repair; go_component: cytoplasm [goid 0005737]; go_process: protein folding [goid 0006457],b2614,14.9890998,14.93665166,14.88426889,15.02118318,14.94107634,14.75649726
b2615,inorganic polyphosphate/ATP-NAD kinase,catalyzes the phosphorylation of NAD to NADP,b2615,12.49117257,12.43377197,12.64790001,12.61410609,12.30386434,12.29461081
b2616,protein used in recombination and DNA repair,go_component: cytoplasm [goid 0005737]; go_process: DNA recombination [goid 0006310]; go_process: DNA repair [goid 0006281]; go_process: SOS response [goid 0009432],b2616,15.406659,15.29474351,15.51373755,15.36520738,14.88522581,14.84128718
b2617,small membrane protein A,EcoGene suggests alternate start codon; go_component: inner membrane [goid 0019866],b2617,12.29138786,12.13475467,12.51320174,12.2663369,11.88728227,11.64206709
b2618,hypothetical protein,EcoGene suggests alternate start codon,b2618,11.85350871,11.98413741,11.72835542,11.68473876,12.07661888,11.87160329
b2619,hypothetical protein,,b2619,13.27072377,13.36062114,13.14026229,13.01985066,13.44227228,13.27668037
b2620,SsrA-binding protein,binds to ssrA RNA and is required for its sucessful binding to ribosomes,b2620,13.99937329,14.0801803,13.94683447,13.91100551,14.01608923,13.99226059
b2622,CP4-57 prophage; integrase,prophage CP4-57 integrase,b2622,11.54345263,11.35491866,11.59565004,11.59336501,11.06850395,11.09759052
b2623,CP4-57 prophage,putative histone,b2623,9.932516766,9.545337679,9.794246217,9.725677945,9.566000577,9.6372673
b2624,CP4-57 prophage; transcriptional acitvator of a P4-like cryptic prophage,prophage CP4-57 regulatory protein alpA; go_function: transcriptional activator activity [goid 0016563]; go_process: transcription [goid 0006350],b2624,10.66766689,10.44414011,10.480988,10.54121718,10.45571884,10.5508396
b2625,CP4-57 prophage,,b2625,10.93468633,10.88934043,10.89227455,10.94190147,10.84927304,10.91957912
b2626,CP4-57 prophage,,b2626,7.555615972,7.461167908,7.462511144,7.506685566,7.463727625,7.455562443
b2627,CP4-57 prophage,,b2627,9.967782368,10.11546749,9.885305824,9.964285547,9.998456434,10.06033135
b2628,CP4-57 prophage,,b2628,10.15239392,10.19434439,10.27270328,10.44801185,9.956189721,9.966435468
b2629,CP4-57 prophage,,b2629,8.795547805,8.502583751,8.808066078,8.712380858,8.570290541,8.606716568
b2630,CP4-57 prophage; putative cell division protein,putative cell division protein,b2630,12.28667371,12.11914881,12.22937234,12.26437211,11.99824097,12.03247228
b2631,CP4-57 prophage,EcoGene suggests alternate start codon,b2631,11.62592364,11.4158256,11.69929954,12.03769271,11.39748894,11.32780515
b2632,CP4-57 prophage; putative GTP-binding factor,"revised start codon, based on EcoGene 17; putative GTP-binding protein",b2632,7.409765253,7.365939739,7.742986904,7.583746153,7.302918957,7.249538359
b2633,CP4-57 prophage,,b2633,11.80582085,11.78973635,11.73040157,11.87639286,11.82122929,11.96877476
b2634,CP4-57 prophage; putative transcriptional repressor (DeoR family),,b2634,6.940350539,6.892047716,6.84410893,6.869198216,6.912536935,6.988552079
b2635,CP4-57 prophage,EcoGene suggests alternate start codon,b2635,8.830124658,8.791505431,8.69346169,8.807186853,8.80449244,8.832836974
b2636,CP4-57 prophage,EcoGene suggests alternate start codon,b2636,11.08095165,10.67858433,10.76601491,10.76855044,10.82804857,10.90133675
b2637,CP4-57 prophage,,b2637,7.826712657,7.794074018,7.881270193,7.910699468,7.763453241,7.80305383
b2638,CP4-57 prophage,,b2638,9.42860478,9.192828295,9.77284668,9.54525571,9.199455859,8.934630605
b2639,CP4-57 prophage; putative arsenical pump protein,putative pump protein,b2639,11.14338912,10.96770384,10.94341489,10.99416218,11.05240459,11.05850813
b2640,CP4-57 prophage,,b2640,7.5304053,7.43426714,7.4256659,7.525985396,7.4568414,7.504519902
b2641,CP4-57 prophage,,b2641,8.842004796,8.605374919,8.623535882,8.574780039,8.521255969,8.704281077
b2642,CP4-57 prophage,,b2642,8.266293044,8.017578713,7.740057844,7.596550141,7.922157615,7.660337728
b2643,CP4-57 prophage,,b2643,7.824360822,7.76983854,7.828993044,7.870823117,7.786185198,7.837607387
b2644,CP4-57 prophage; putative DNA repair protein,putative DNA repair protein,b2644,8.695248983,8.545571974,8.479687136,8.655619289,8.581598237,8.611014359
b2645,CP4-57 prophage,,b2645,7.226569443,7.202479342,7.193263776,7.138335416,7.18278545,7.294266664
b2646,CP4-57 prophage,,b2646,6.759810535,6.734622944,6.686552174,6.789979968,6.726285172,6.631716811
b2647,putative ATP-binding component of a transport system,EcoGene suggests alternate start codon; putative outer membrane protein; go_component: external outer membrane (sensu Gram-negative Bacteria) [goid 0009279],b2647,10.10008998,10.00311354,10.05174106,10.09675489,10.00643988,10.0944826
b2648,"homolog of pin/cin, phage invertible sequence",EcoGene suggests alternate start codon,b2648,11.24511153,10.72066916,11.07821653,10.82752923,10.99842586,11.06640922
b2649,hypothetical protein,,b2649,6.90205889,6.893556272,6.931201892,6.875174495,6.899018033,6.880677699
b2650,unknown CDS,,b2650,8.806862458,8.645088251,8.633507219,8.763639965,8.675058722,8.808479951
b2651,unknown CDS,,b2651,7.686438658,7.671488063,7.647495603,7.75156586,7.663472485,7.71971828
b2653,unknown CDS,,b2653,7.188580976,7.12912896,7.179811541,7.207633819,7.154713216,7.190720967
b2654,unknown CDS,,b2654,6.657794848,6.489422845,6.553590683,6.570547638,6.598636236,6.56203507
b4462,hypothetical protein,,b4462,6.212403437,6.173656342,6.207287958,6.207019214,6.186083665,6.185108331
b2657,putative enzyme,putative glycosyltransferase,b2657,6.349816745,6.280681979,6.319300629,6.309574198,6.256101123,6.279580244
b2658,unknown CDS,EcoGene suggests alternate start codon,b2658,9.997023521,9.724086263,9.841135915,9.837979547,9.894225933,9.924803802
b2659,hypothetical protein,EcoGene suggests alternate start codon,b2659,11.11067093,11.19272045,11.13533479,10.98932591,11.19391687,11.00296325
b2660,putative enzyme,EcoGene suggests alternate start codon,b2660,11.61329384,11.56832055,11.6918236,11.52046064,11.5550879,11.43479239
b2661,"succinate-semialdehyde dehydrogenase I, NADP-dependent","succinate-semialdehyde dehydrogenase, NADP-dependent activity; go_process: aminobutyrate catabolism [goid 0009450]; go_process: putrescine catabolism [goid 0009447]",b2661,11.95008742,11.94854035,12.15407404,11.74237336,11.8976463,11.81959201
b2662,4-aminobutyrate aminotransferase,catalyzes the formation of succinate semialdehyde and glutamate from 4-aminobutanoate and 2-oxoglutarate; go_process: aminobutyrate catabolism [goid 0009450]; go_process: putrescine catabolism [goid 0009447],b2662,11.98951,11.89038972,12.08434345,11.7326833,11.92249478,11.79582108
b2663,"gamma-aminobutyrate transport protein, RpoS-dependent (APC family)",transport permease protein of gamma-aminobutyrate; go_component: inner membrane [goid 0019866]; go_process: carbohydrate catabolism [goid 0016052],b2663,10.75784985,10.71979778,10.90369259,10.57150795,10.68903275,10.50508879
b2664,putative transcriptional regulator,EcoGene suggests alternate start codon; putative transcriptional repressor (GntR familiy); go_function: transcriptional repressor activity [goid 0016564]; go_process: transcription [goid 0006350],b2664,11.63689404,11.42851818,11.61815923,11.66791988,11.38814552,11.41391752
b2665,hypothetical protein,,b2665,14.24461306,13.85456547,14.42391119,14.3651853,13.74785284,13.60631995
b2666,putative transport protein (YqaE family),,b2666,12.57405839,12.30432614,12.89981667,12.59133982,12.37180926,12.18023246
b2667,hypothetical protein,,b2667,9.547377064,9.789750761,9.679272133,9.666953239,9.811330836,9.816625536
b2668,putative phosphatase,,b2668,10.08343542,10.25946537,10.12682985,10.12444534,10.29499337,10.19715178
b2669,DNA-bending protein with chaperone activity,DNA-binding protein; H-NS-like protein; chaperone activity; RNA splicing?; go_component: cytoplasm [goid 0005737]; go_process: protein folding [goid 0006457],b2669,13.99962351,14.15016008,13.87976879,13.67848979,14.2570038,13.80770024
b2670,hypothetical protein,,b2670,10.53516851,10.34656289,11.31034148,11.19797057,10.29120507,10.61955098
b2671,hypothetical protein,,b2671,10.64837081,10.61275698,10.81832578,10.55753951,10.68438569,10.66118649
b2672,hypothetical protein,,b2672,15.74888527,15.35877133,15.77382218,15.71864211,15.32559436,15.1243041
b2673,glutaredoxin-like protein; hydrogen donor,,b2673,12.25072558,12.29106228,12.43308413,12.18617861,12.40774689,12.29328329
b2674,hypothetical protein,has a stimulatory effect on the ribonucleotide reductase activity of NrdH with NrdEF,b2674,9.925453334,10.28590437,10.22443037,10.10659049,10.32540736,10.22056791
b2675,ribonucleotide-diphosphate reductase alpha subunit,"Catalyzes the rate-limiting step in dNTP synthesis; go_component: cytoplasm [goid 0005737]; go_process: nucleobase, nucleoside and nucleotide interconversion [goid 0015949]",b2675,10.6153856,10.92309301,10.54991552,10.46385323,10.86132619,10.787284
b2676,ribonucleotide-diphosphate reductase beta subunit,"Catalyzes the rate-limiting step in dNTP synthesis; go_component: cytoplasm [goid 0005737]; go_process: nucleobase, nucleoside and nucleotide interconversion [goid 0015949]",b2676,9.97131539,10.25583332,9.738077311,9.625560825,10.13896707,9.974202574
b2677,"ATP-binding component of transport system for glycine, betaine and proline","glycine/betaine/proline transport protein (ABC superfamily, atp_bind); go_component: cytoplasm [goid 0005737]; go_function: glycine betaine/proline porter activity [goid 0015596]; go_process: proline biosynthesis [goid 0006561]",b2677,15.46028441,15.59967218,15.06947705,14.92564849,15.67582457,15.52352696
b2678,"glycine/betaine/proline transport protein (ABC superfamily, membrane)",high-affinity transport system for glycine betaine and proline; go_component: inner membrane [goid 0019866]; go_function: glycine betaine/proline porter activity [goid 0015596]; go_process: proline biosynthesis [goid 0006561],b2678,15.5235369,15.59567537,15.40201908,15.50245286,15.54016595,15.57143854
b2679,"glycine/betaine/proline transport protein (ABC superfamily, peri_bind)",high-affinity transport system for glycine betaine and proline; go_component: periplasmic space [goid 0042597]; go_function: glycine betaine/proline porter activity [goid 0015596]; go_process: carbohydrate catabolism [goid 0016052]; go_process: proline biosynthesis [goid 0006561]; go_process: glycine biosynthesis [goid 0006545]; go_process: betaine biosynthesis [goid 0006578]; go_process: response to osmotic stress [goid 0006970],b2679,16.29210836,16.21601997,16.20317928,16.25903408,16.27865228,16.16220583
b2680,"putative resistance protein, possible transport protein",go_process: response to stress [goid 0006950],b2680,10.55296228,10.80458512,10.42320163,10.26895413,11.01280359,10.85012336
b2681,putative integral membrane protein,putative transport protein,b2681,10.25593989,10.33883437,10.02855809,9.994049013,10.59237551,10.55548953
b2682,putative amino acid transport protein,,b2682,12.21559491,12.8086027,12.11739998,12.07538733,12.76038837,12.64326015
b2683,putative transport protein,,b2683,11.8554717,12.55942693,11.74251443,11.83218988,12.42432513,12.3662531
b2684,regulator of plasmid mcrB operon (microcin B17 synthesis),transcriptional repressor of multidrug resistance pump (MarR family); go_component: cytoplasm [goid 0005737]; go_function: transcriptional repressor activity [goid 0016564]; go_process: transcription [goid 0006350]; go_process: response to drug [goid 0042493],b2684,13.73047352,13.93924036,13.82627135,13.82549478,13.89234275,13.70229856
b2685,multidrug resistance secretion protein,go_component: inner membrane [goid 0019866]; go_process: response to drug [goid 0042493],b2685,11.62041568,11.89176545,11.45817307,11.47864034,11.85981142,11.86720305
b2686,multidrug resistance; probably membrane translocase,multidrug transport protein (MFS family); go_component: inner membrane [goid 0019866]; go_process: response to drug [goid 0042493],b2686,11.23750695,11.3728292,11.06556192,11.10759326,11.28693459,11.39184677
b2687,S-ribosylhomocysteinase,catalyzes the hydrolyses of S-ribosylhomocysteine to homocysteine and autoinducer-2,b2687,14.79840026,14.54174915,14.80052613,14.77124582,14.35841628,14.22987028
b2688,glutamate--cysteine ligase,Involved in the first step of glutathione biosynthesis; go_process: glutathione biosynthesis [goid 0006750],b2688,12.98294605,13.22596805,13.13860326,13.03233994,13.07973888,13.0921623
b2689,putative integral membrane protein,,b2689,13.49538834,13.63773733,13.65928046,13.69805871,13.60499658,13.6605716
b2690,putative phosphatase,"putative phosphoglucomutase, contains a phophatase-like domain",b2690,12.89674768,12.94164685,13.05100063,13.00165118,12.93510656,13.00357082
b2696,carbon storage regulator,affects carbohydrate metabolism; has regulatory role in many processes; go_component: cytoplasm [goid 0005737]; go_process: carbohydrate catabolism [goid 0016052]; go_process: glycolysis [goid 0006096]; go_process: gluconeogenesis [goid 0006094]; go_process: RNA catabolism [goid 0006401]; go_process: translational attenuation [goid 0009386]; go_process: taxis [goid 0042330],b2696,16.03561686,15.59127596,15.96520728,15.72640952,15.68745622,15.59533127
b2697,alanyl-tRNA synthetase,"Catalyzes a two-step reaction, first charging an alanine molecule by linking its carboxyl group to the alpha-phosphate of ATP, followed by transfer of the aminoacyl-adenylate to its tRNA; go_component: cytoplasm [goid 0005737]; go_process: amino acid activation [goid 0006418]",b2697,14.5073808,14.72638743,14.43936299,14.42663478,14.67200324,14.82417765
b2698,RecA regulator RecX,binds RecA and inhibits RecA-mediated DNA strand exchange and ATP hydrolysis and coprotease activities,b2698,12.37247316,12.30744323,12.48184483,12.24731883,11.93116164,11.88432614
b2699,recombinase A,"catalyzes the hydrolysis of ATP in the presence of single-stranded DNA, the ATP-dependent uptake of single-stranded DNA by duplex DNA, and the ATP-dependent hybridization of homologous single-stranded DNAs; go_component: cytoplasm [goid 0005737]; go_function: peptidase activity [goid 0008233]; go_process: DNA recombination [goid 0006310]; go_process: DNA repair [goid 0006281]; go_process: proteolysis and peptidolysis [goid 0006508]; go_process: SOS response [goid 0009432]",b2699,17.2902287,16.92920817,17.35701029,16.89973602,16.73863991,16.55677192
b2700,competence damage-inducible protein A,,b2700,12.34946375,12.31647121,12.25721253,12.07466689,12.38180195,12.31687658
b2701,membrane-bound lytic murein transglycosylase B,go_component: external outer membrane (sensu Gram-negative Bacteria) [goid 0009279]; go_process: peptidoglycan biosynthesis [goid 0009252],b2701,11.26528956,11.3482189,11.20916523,11.07621733,11.58304757,11.3663001
b2702,"PTS family enzyme IIC, glucitol/sorbitol-specific","PTS system, glucitol/sorbitol-specific IIC component, one of two; go_process: carbohydrate catabolism [goid 0016052]",b2702,9.91510014,9.99863376,10.22246516,10.00197514,9.65711067,9.615553999
b2703,"PTS family enzyme IIBC, glucitol/sorbitol-specific","PTS system, glucitol/sorbitol-specific IIB component and second of two IIC components; go_process: carbohydrate catabolism [goid 0016052]",b2703,9.950843176,9.883553377,9.989002769,9.882884223,9.684493088,9.709413162
b2704,"PTS family enzyme IIA, glucitol/sorbitol-specific","PTS system, glucitol/sorbitol-specific enzyme IIA component; go_process: carbohydrate catabolism [goid 0016052]",b2704,9.621402745,9.76747532,9.814659621,9.51524485,9.684027301,9.576697144
b2705,sorbitol-6-phosphate 2-dehydrogenase,Converts D-sorbitol-dphosphate to D-fructose-6-phosphate; go_process: carbohydrate catabolism [goid 0016052],b2705,10.74128599,10.73956698,10.81248634,10.63529478,10.59624903,10.5301712
b2706,glucitol operon activator,transcriptional activator for glucitol utilization; go_process: carbohydrate catabolism [goid 0016052],b2706,7.716153273,7.848103693,7.845499155,7.703965367,7.816869534,7.751229516
b2707,"regulator for gut (srl), glucitol operon","transcriptional repressor for glucitol utilization (DeoR family); go_component: cytoplasm [goid 0005737]; go_process: carbohydrate catabolism [goid 0016052]; go_process: transcription [goid 0006350]; go_process: regulation of transcription, DNA-dependent [goid 0006355]",b2707,11.45605219,11.40366999,11.79851965,11.86477746,11.21113756,11.30485007
b2708,putative polysialic acid capsule expression protein,EcoGene suggests alternate start codon; go_component: capsule (sensu Bacteria) [goid 0030113],b2708,11.30491362,11.13553232,11.39110016,11.3876483,11.10834579,11.18529027
b2709,anaerobic nitric oxide reductase transcription regulator,Required for the expression of anaerobic nitric oxide (NO) reductase; acts as a transcriptional activator for the norVW operon; go_function: transcriptional activator activity [goid 0016563]; go_process: transcription [goid 0006350],b2709,11.5160297,11.19835634,11.42481079,11.31661971,11.28802831,11.29116515
b2710,anaerobic nitric oxide reductase flavorubredoxin,detoxifies nitric oxide using NADH; go_function: electron carrier activity [goid 0009055],b2710,8.450413052,8.320992425,8.395696477,8.417630008,8.406042957,8.39667933
b2711,nitric oxide reductase,catalyzes the reduction of tne rubredoxin moiety of nitric oxide reductase,b2711,11.38090637,11.18509094,11.33176754,11.24332903,11.2451605,11.35550608
b2712,hydrogenase maturation protein,transcriptional regulatory protein; go_component: cytoplasm [goid 0005737]; go_process: anaerobic respiration [goid 0009061]; go_process: protein folding [goid 0006457],b2712,10.78457315,10.67579289,10.96670567,11.02836094,10.37784263,10.57934119
b2713,"electron transport protein (formate to hydrogen), Fe-S center","involved in electron transport from formate to hydrogen, Fe-S centers; go_process: anaerobic respiration [goid 0009061]",b2713,11.00453884,10.80112293,10.89350325,10.97937682,10.90034752,10.90055175
b2714,ascBF operon repressor,transcriptional repressor of carbon metabolism (GalR/LacI family); go_component: cytoplasm [goid 0005737]; go_function: transcriptional repressor activity [goid 0016564]; go_process: carbohydrate catabolism [goid 0016052]; go_process: transcription [goid 0006350],b2714,12.35616238,12.17646307,12.45232327,12.4334319,12.07688677,12.10119177
b2715,"PTS family enzyme IIBC component, cellobiose/salicin/arbutin-specific","PTS system enzyme II ABC (asc), cryptic, transports specific beta-glucosides; go_component: inner membrane [goid 0019866]; go_process: carbohydrate catabolism [goid 0016052]",b2715,10.92166741,10.72420979,10.85568197,10.80845925,10.81182521,10.88727537
b2716,6-phospho-beta-glucosidase; cryptic,go_process: carbohydrate catabolism [goid 0016052],b2716,10.02877257,9.887794976,9.927052511,10.03420948,9.932599035,10.00994062
b2717,protease involved in processing C-terminal end of HycE,protease involved in processing C-terminal end of the large subunit of hydrogenase 3; go_process: protein folding [goid 0006457],b2717,9.932417751,9.638003917,10.17664744,10.28244582,9.656954761,9.47284291
b2718,processing of HycE (part of the FHL complex),processing of large subunit (HycE) of hydrogenase 3 (part of the FHL complex); go_process: fermentation [goid 0006113],b2718,10.14639209,10.04507832,10.19482704,10.22423409,10.0091095,10.08552124
b2719,hydrogenase activity,subunit of hydrogenase 3 and formate hydrogenase complex; go_component: inner membrane [goid 0019866]; go_process: fermentation [goid 0006113]; go_process: anaerobic respiration [goid 0009061],b2719,11.84574891,11.77751796,11.7410264,11.84744712,11.72462561,11.83893136
b2720,hydrogenase 4 Fe-S subunit,go_component: inner membrane [goid 0019866]; go_process: fermentation [goid 0006113]; go_process: anaerobic respiration [goid 0009061],b2720,9.666966741,9.533044024,9.474188718,9.591981464,9.539253425,9.665776096
b2721,"hydrogenase 3, large subunit (part of FHL complex)",large subunit of hydrogenase 3 (part of FHL complex); go_component: inner membrane [goid 0019866]; go_process: fermentation [goid 0006113]; go_process: anaerobic respiration [goid 0009061],b2721,7.85988799,7.828649711,7.888424201,7.896667916,7.913340246,8.014470985
b2722,"hydrogenase 3, membrane subunit (part of FHL complex)",membrane-spanning protein of hydrogenase 3 (part of FHL complex); go_component: inner membrane [goid 0019866]; go_process: fermentation [goid 0006113],b2722,10.21469316,10.06177819,9.973769164,10.0561723,10.05920686,10.20507178
b2723,NADH dehydrogenase subunit N,Catalyzes the transfer of electrons from NADH to ubiquinone; go_component: inner membrane [goid 0019866]; go_process: fermentation [goid 0006113],b2723,8.796751352,8.674240968,8.661063144,8.753935812,8.695319025,8.806301983
b2724,"hydrogenase-3, Fe-S subunit (part of FHL complex)","probable small subunit of hydrogenase-3, iron-sulfur protein (part of formate hydrogenlyase (FHL) complex); go_process: fermentation [goid 0006113]; go_process: anaerobic respiration [goid 0009061]",b2724,6.892824921,6.808091702,6.780634887,6.882341782,6.852876582,6.889497346
b2725,regulatory protein for HycE (part of the FHL complex),transcriptional repression of hyc and hyp operons; go_component: cytoplasm [goid 0005737]; go_function: transcriptional repressor activity [goid 0016564]; go_process: fermentation [goid 0006113]; go_process: transcription [goid 0006350],b2725,6.937984601,6.837937667,6.873338031,6.936754652,6.896496228,6.955774998
b2726,hydrogenase nickel incorporation protein,plays a role in hydrogenase nickel cofactor insertion; go_process: anaerobic respiration [goid 0009061],b2726,12.86816761,12.53009931,13.69567794,13.74693511,12.030881,12.45667906
b2727,"guanine-nucleotide binding protein, functions as nickel donor for large subunit of hydrogenase 3","hydrogenase-3 accessory protein, assembly of metallocenter; go_process: fermentation [goid 0006113]; go_process: protein folding [goid 0006457]",b2727,11.56995436,11.24102643,12.615501,12.56307572,10.57758556,11.06197027
b2728,hydrogenase expression/formation protein,pleiotrophic effects on 3 hydrogenase isozymes; go_process: anaerobic respiration [goid 0009061]; go_process: protein modification [goid 0006464],b2728,11.04695488,10.7142938,12.06165922,12.05203725,9.906448671,10.26691364
b2729,hydrogenase expression/formation protein,pleiotrophic effects on 3 hydrogenase isozymes; go_process: anaerobic respiration [goid 0009061]; go_process: protein modification [goid 0006464],b2729,11.82203236,11.86644111,12.39649701,12.24887288,11.64604346,11.74949338
b2730,plays structural role in maturation of all 3 hydrogenase,go_process: anaerobic respiration [goid 0009061]; go_process: protein folding [goid 0006457],b2730,10.90534067,10.77191317,11.05772546,11.02504669,10.70850159,10.75033435
b2731,"formate hydrogen-lyase transcriptional activator for fdhF, hyc and hyp operons",transcriptional activator for induction of formate hydrogen-lyase (EBP family); go_component: cytoplasm [goid 0005737]; go_function: transcriptional activator activity [goid 0016563]; go_process: fermentation [goid 0006113]; go_process: transcription [goid 0006350],b2731,10.13875757,10.10392648,10.34476423,10.41309538,10.08511592,10.01433113
b2732,hypothetical protein,,b2732,10.97432347,10.73126715,10.78997386,10.65780678,10.85716636,10.98189059
b2733,DNA mismatch repair protein,This protein performs the mismatch recognition step during the DNA repair process; go_component: cytoplasm [goid 0005737]; go_process: DNA repair [goid 0006281],b2733,11.42931277,11.40124741,11.24235326,11.23962843,11.4793855,11.4980345
b2734,protein phosphatase 2,serine/threonine-specific protein phosphatase 2; go_component: cytoplasm [goid 0005737]; go_process: protein modification [goid 0006464],b2734,7.001075084,6.951365619,6.845877049,6.886764474,6.965137896,6.977997962
b2735,putative DEOR-type transcriptional regulator,putative transcriptional repressor (DeoR family); go_function: transcriptional repressor activity [goid 0016564]; go_process: transcription [goid 0006350],b2735,11.75721182,11.60324154,11.84740211,11.8481024,11.57137939,11.54159273
b2736,putative dehydrogenase,"putative dehydrogenase, NAD(P)-binding",b2736,12.18250021,11.912321,11.94859013,11.94869819,12.02120725,12.12945466
b2737,hypothetical protein,,b2737,8.760689965,8.784517905,8.778321525,8.87058813,8.789016489,8.919764436
b2738,hypothetical protein,,b2738,9.783742282,9.605056478,9.623819292,9.753244018,9.625043746,9.780000912
b2739,putative epimerase/isomerase,,b2739,8.483052216,8.492750266,8.481104716,8.575370703,8.466883202,8.549718556
b2740,putative transport protein,putative transport protein (GntP family); go_component: inner membrane [goid 0019866],b2740,8.950118677,8.940975956,8.934771034,8.894436002,8.947555177,9.051790307
b2741,RNA polymerase sigma factor,Binds with the catalytic core of RNA polymerase to produce the holoenzyme; go_component: cytoplasm [goid 0005737]; go_process: transcription [goid 0006350]; go_process: response to osmotic stress [goid 0006970],b2741,14.9769692,14.80170454,15.27783155,14.86970714,14.79122219,14.70861046
b2742,lipoprotein,go_component: inner membrane [goid 0019866],b2742,12.96148524,13.10420604,13.06766018,13.12242334,13.10002705,13.1070455
b2743,protein-L-isoaspartate O-methyltransferase,catalyzes the methyl esterification of L-isoaspartyl residues that are formed in damaged proteins; go_process: protein modification [goid 0006464],b2743,13.4536232,13.50000691,13.47434203,13.59047766,13.47581342,13.56114377
b2744,acid phosphatase,catalyzes the conversion of a phosphate monoester to an alcohol and a phosphate; go_process: response to stress [goid 0006950],b2744,13.61911059,13.64678038,13.56628817,13.65641777,13.72178048,13.70144654
b2745,tRNA pseudouridine synthase D,catalyzes the modification of U13 in tRNA(Glu),b2745,13.04878187,13.18631104,12.97741241,13.04594755,13.22971872,13.29794049
b2746,"2-C-methyl-D-erythritol 2,4-cyclodiphosphate synthase","catalyzes the conversion of 4-diphosphocytidyl-2-C-methyl-D-erythritol 2-phosphate into 2-C-methyl-D-erythritol 2,4-cyclodiphosphate; go_component: cytoplasm [goid 0005737]",b2746,12.41833822,12.71870886,12.28534846,12.37013913,12.80203112,12.82928483
b2747,2-C-methyl-D-erythritol 4-phosphate cytidylyltransferase,4-diphosphocytidyl-2C-methyl-D-erythritol synthase; MEP cytidylyltransferase; MCT; catalyzes the formation of 4-diphosphocytidyl-2-C-methyl-D-erythritol from CTP and 2-C-methyl-D-erythritol 4-phosphate; involved in isoprenoid and isopentenyl-PP biosynthesi; go_component: cytoplasm [goid 0005737],b2747,11.7467846,12.09081303,11.60338364,11.63053634,12.34300092,12.32067473
b2748,cell divison protein FtsB,forms a complex with FtsL and FtsQ; colocalizes to the septal region of the dividing cell; membrane protein,b2748,12.88265869,13.06336807,12.74615914,12.77402791,13.36220783,13.24540313
b2749,putative cytochrome oxidase subunit,,b2749,12.7245583,13.01943573,12.84384327,12.9892443,13.06303746,13.04393786
b2750,adenylylsulfate kinase,converts ATP and adenylyl sulfate to ADP and 3'-phosphoadenylyl sulfate; in Escherichia coli this enzyme functions in cysteine biosynthesis; go_process: sulfur metabolism [goid 0006790],b2750,13.81804237,13.84809763,14.02376353,13.81564434,13.80769075,13.8363757
b2751,sulfate adenylyltransferase subunit 1,may be GTPase that regulates ATP sulfurylase activity that is involved in converting ATP and sulfate to diphosphate and adenylylsulfate; in Escherichia coli this enzyme functions in cysteine biosynthesis in the first step; forms a heterodimer with CysD; pa; go_process: sulfur metabolism [goid 0006790],b2751,15.28099222,15.25067756,15.51489217,15.49705242,15.08739602,15.19971565
b2752,sulfate adenylyltransferase subunit 2,with CysN catalyzes the formation of adenylylsulfate from sulfate and ATP; go_process: sulfur metabolism [goid 0006790],b2752,16.07413739,16.18830895,16.15962018,16.38454627,16.06240973,16.24276243
b2753,alkaline phosphatase isozyme conversion protein; aminopeptidase,aminopeptidase in alkaline phosphatase isozyme conversion; go_process: protein modification [goid 0006464],b2753,10.64861125,10.74062267,10.56638433,10.64649113,10.88106991,10.88371526
b2754,hypothetical protein,EcoGene suggests alternate start codon,b2754,12.07769846,11.85904714,11.9390912,11.85919705,11.9904131,11.97703865
b2755,hypothetical protein,,b2755,10.02581655,9.971144313,9.980882302,10.0560899,10.02859732,10.03417084
b2756,unknown CDS,,b2756,10.0455858,10.05392505,10.04071601,10.13426449,10.04373071,10.12084109
b2757,unknown CDS,EcoGene suggests alternate start codon,b2757,9.744411486,9.537580932,9.562702284,9.568661404,9.594623598,9.631461846
b2758,hypothetical protein,,b2758,7.092469066,7.078156906,7.014441073,6.986685195,7.030277132,7.05657339
b2759,unknown CDS,,b2759,7.585021218,7.446781675,7.386225526,7.38874995,7.447565411,7.503794022
b2760,unknown CDS,,b2760,6.728318551,6.900903687,6.666507606,6.736809244,6.754339524,6.845896857
b2761,putative enzyme,,b2761,7.741497721,7.639736333,7.714115103,7.717794685,7.704039958,7.646848147
b2762,phosphoadenosine phosphosulfate reductase,catalyzes the reduction of 3'-phosphoadenylyl sulfate into sulfite; go_process: sulfur metabolism [goid 0006790],b2762,14.86089338,14.85177118,15.04006987,14.94503437,14.76608936,14.78804414
b2763,"sulfite reductase, alpha subunit","sulfite reductase, alpha subunit, NADPH-dependent hemoprotein; go_process: sulfur metabolism [goid 0006790]",b2763,14.97140241,14.97725801,15.17209332,15.13645374,14.85935451,14.97791251
b2764,"sulfite reductase (NADPH), flavoprotein beta subunit","sulfite reductase, beta (flavoprotein) subunit; go_process: sulfur metabolism [goid 0006790]",b2764,15.13387149,15.07093012,15.1130055,15.15190201,14.93262278,15.12093789
b2765,putative 6-pyruvoyl tetrahydrobiopterin synthase,putative synthase,b2765,10.24029699,10.7123046,10.25369105,10.07269913,11.3129997,10.88190328
b2766,putative electron transfer flavoprotein-NAD/FAD/quinone oxidoreductase,EcoGene suggests alternate start codon; go_function: electron carrier activity [goid 0009055],b2766,10.73709668,10.76597401,10.74364352,10.76421854,10.8837179,10.83847783
b2767,putative ferredoxin,EcoGene suggests alternate start codon; go_function: electron carrier activity [goid 0009055],b2767,8.615993449,8.77688689,8.626464526,8.739273511,8.695777083,8.782360544
b2768,putative anti-terminator regulatory protein,,b2768,7.710486926,7.769028889,7.797610696,7.749300721,7.754576082,7.763139412
b2769,"putative electron transfer flavoprotein, NAD/FAD-binding domain",EcoGene suggests alternate start codon; putative flavoprotein; go_function: electron carrier activity [goid 0009055],b2769,9.362276788,9.200306341,9.245676761,9.296204261,9.240845035,9.34058371
b2770,putative electron transfer flavoprotein,EcoGene suggests alternate start codon; putative transport protein; go_function: electron carrier activity [goid 0009055],b2770,10.63950951,10.47256261,10.44059049,10.50024482,10.47810352,10.67715693
b2771,putative benzoate transport protein (MFS family),EcoGene suggests alternate start codon; putative transport protein; go_component: inner membrane [goid 0019866],b2771,10.33542617,10.22131387,10.23260581,10.31269652,10.30334158,10.36949817
b4463,hypothetical protein,,b4463,7.789798556,7.674960081,7.771997343,7.716231745,7.788502273,7.700717037
b2774,putative deoxygluconate dehydrogenase,EcoGene suggests alternate start codon; putative oxidoreductase,b2774,6.427374906,6.439674856,6.448269836,6.396544562,6.448750664,6.409967745
b2775,putative transport protein,putative transport protein (MFS family),b2775,7.610333912,7.522141325,7.589605563,7.567290989,7.585485082,7.564788177
b2776,putative kinase,putative sugar kinase,b2776,8.216862839,8.25319446,8.202442189,8.368119056,8.187992693,8.224506145
b2777,"putative coenzyme PQQ synthesis protein, nitrogenase iron-molybdenum domain",go_process: coenzymes and prosthetic group biosynthesis [goid 0046138],b2777,12.64987344,12.64921994,12.210476,12.43846378,12.62680579,12.44026224
b2778,hypothetical protein,EcoGene suggests alternate start codon,b2778,6.845757317,6.798126937,6.741849012,6.784914785,6.798817101,6.826116893
b2779,phosphopyruvate hydratase,enolase; catalyzes the formation of phosphoenolpyruvate from 2-phospho-D-glycerate in glycolysis; go_component: cytoplasm [goid 0005737]; go_process: glycolysis [goid 0006096]; go_process: anaerobic respiration [goid 0009061]; go_process: gluconeogenesis [goid 0006094],b2779,16.08043974,16.11523635,16.17570529,16.12071132,16.06738754,16.10353427
b2780,CTP synthetase,"CTP synthase; catalyzes the ATP-dependent amination of UTP to CTP with either L-glutamine or ammonia as the source of nitrogen; go_process: nucleobase, nucleoside and nucleotide interconversion [goid 0015949]",b2780,14.77480448,14.76744056,14.75694608,14.80742943,14.72359768,14.82109418
b2781,hypothetical protein,,b2781,11.8577679,11.87982329,11.72529951,11.87137132,11.91773905,11.8372805
b2782,"part of proteic killer gene system, putative growth inhibitor A","probable growth inhibitor, PemK-like, autoregulated",b2782,11.31706136,11.3215909,11.28197378,11.33188176,11.33478053,11.21771571
b2783,"part of proteic killer gene system, suppressor of inhibitory function of ChpA","suppressor of inhibitory function of ChpA, PemI-like, autoregulated",b2783,12.92152592,12.79749906,12.88659561,12.92725293,12.7384202,12.67563756
b2784,(p)ppGpp synthetase I (GTP pyrophosphokinase),"(p)ppGpp synthetase I (GTP pyrophosphokinase); regulation of RNA synthesis; stringent factor; go_component: cytosolic ribosome (sensu Bacteria) [goid 0009281]; go_component: cytoplasm [goid 0005737]; go_process: nucleobase, nucleoside and nucleotide interconversion [goid 0015949]",b2784,13.02988233,13.00891978,13.18881918,13.29689663,12.977939,12.98820405
b2785,23S rRNA (uracil-5-)-methyltransferase,transfers methyl group from SAM to 23S rRNA at position 1939 to form 5-methyl-uridine; binds iron-sulfur clusters; go_process: RNA modification [goid 0009451],b2785,11.58936785,11.62943882,11.62480454,11.69975457,11.65273077,11.69433287
b2786,hybrid sensory histidine kinase in two-component regulatory system with UvrY,"sensor-regulator, activates OmpR by phophorylation; go_component: inner membrane [goid 0019866]; go_process: protein modification [goid 0006464]",b2786,10.49974512,10.54095215,10.33892441,10.43584436,10.4967495,10.50409966
b2787,(D)-glucarate dehydratase 1,(D)-glucarate epimerase; (L)-idarate dehydratase; (L)-idarate epimerase; go_process: carbohydrate catabolism [goid 0016052],b2787,10.56188207,10.45048061,10.56505678,10.63689157,10.433912,10.6173778
b2788,putative (D)-glucarate dehydratase 2,go_process: carbohydrate catabolism [goid 0016052],b2788,9.695518459,9.548383343,9.61261601,9.681440844,9.63572257,9.691296382
b2789,putative D-glucarate permease (MFS family),go_component: inner membrane [goid 0019866]; go_process: carbohydrate catabolism [goid 0016052],b2789,8.473667311,8.375120128,8.391013577,8.465387886,8.437322324,8.581037235
b2790,flavodoxin,"An electron-transfer protein; flavodoxin binds one FMN molecule, which serves as a redox-active prosthetic group",b2790,11.9389326,11.85218209,12.06422407,11.88026032,11.85172651,11.73275561
b2791,pseudouridine synthase,,b2791,10.53188727,10.93957712,10.3745101,10.34405314,11.10778714,11.02364295
b2792,hypothetical protein,,b2792,12.23165777,12.3182179,12.04720027,12.06565544,12.49198617,12.48619882
b2793,SecY interacting protein Syd,putative SecY regulator that either chelates excess SecY or negatively regulates the SecYE translocase function; go_component: cytoplasm [goid 0005737],b2793,13.38720589,13.15344954,13.37083833,13.2588995,13.04232322,12.9659339
b2794,hypothetical protein,,b2794,11.84401211,12.03788822,11.72209253,11.80357634,12.02685261,11.89464733
b2795,hypothetical protein,,b2795,12.82158762,13.08869754,12.88667594,12.82605117,12.93433019,13.00801577
b2796,probable serine transporter,putative serine transport protein (HAAAP family); go_component: inner membrane [goid 0019866]; go_process: L-serine biosynthesis [goid 0006564],b2796,10.14528904,10.40635964,10.21414879,9.978049156,10.43490478,10.34998672
b2797,L-serine deaminase 2,"L-serine dehydratase (deaminase), L-SD2; go_process: fatty acid oxidation [goid 0019395]; go_process: amino acid catabolism [goid 0009063]",b2797,10.17884679,10.37063722,10.14051017,10.02251967,10.29614656,10.23701437
b2798,exonuclease IX,has 3'-5' exonuclease activity that preferentially acts on ssDNA; also 3'-phosphodiesterase activity at sites with 3' incised apurinic/apyrimidinic sites; can remove 3' phosphoglycolate groups; go_process: DNA catabolism [goid 0006308]; go_process: DNA catabolism [goid 0006308],b2798,9.935341123,10.09803864,10.26539083,9.919971454,10.26053087,10.07717985
b2799,"L-1,2-propanediol oxidoreductase",go_process: carbohydrate catabolism [goid 0016052]; go_process: glycolate metabolism [goid 0009441],b2799,11.57552772,11.3482205,11.50614903,11.53363318,11.32162073,11.46747025
b2800,L-fuculose phosphate aldolase,catalyzes the formation of glycerone phosphate and (S)-lactaldehyde from L-fuculose 1-phosphate; go_process: carbohydrate catabolism [goid 0016052],b2800,8.504502107,8.566686552,8.657188909,8.688046971,8.4479818,8.563353052
b2801,fucose permease,fucose transport protein (MFS family); go_component: inner membrane [goid 0019866]; go_process: carbohydrate catabolism [goid 0016052],b2801,6.633518709,6.719139786,6.636385579,6.684328724,6.75552157,6.698763492
b2802,L-fucose isomerase,go_process: carbohydrate catabolism [goid 0016052],b2802,8.815166509,8.830560252,8.908501955,8.822305803,8.899168289,8.925538727
b2803,L-fuculokinase,go_process: carbohydrate catabolism [goid 0016052],b2803,9.837183598,9.682835984,9.787966053,9.807341251,9.700908961,9.798973784
b2804,conserved protein of fucose operon,protein of fucose operon,b2804,10.84707385,10.62330653,11.23320548,11.2332127,10.50153718,10.2712555
b2805,positive regulator of the fuc operon,transcriptional activator for L-fucose utilization (DeoR family); go_component: cytoplasm [goid 0005737]; go_function: transcriptional activator activity [goid 0016563]; go_process: carbohydrate catabolism [goid 0016052]; go_process: transcription [goid 0006350],b2805,11.67115287,11.46051109,12.04897956,11.73256236,11.23867851,11.22063949
b2806,putative RNA 2'-O-ribose methyltransferase,,b2806,11.88379144,11.67870588,11.76444239,11.73085538,11.74563823,11.67893922
b2807,hypothetical protein,,b2807,12.47324409,12.31223757,12.43904689,12.46367628,12.31115086,12.34227493
b2808,positive regulator of gcv operon,transcriptional regulator (postitive) of cleavage of glycine (LysR family); go_component: cytoplasm [goid 0005737]; go_function: transcriptional activator activity [goid 0016563]; go_function: transcriptional repressor activity [goid 0016564]; go_process: amino acid catabolism [goid 0009063]; go_process: 10-formyltetrahydrofolate biosynthesis [goid 0009257]; go_process: transcription [goid 0006350],b2808,11.78694894,11.81220054,11.94086948,11.92564639,11.85565636,11.84982775
b2809,unknown CDS,EcoGene suggests alternate start codon,b2809,11.29834265,11.25211046,11.50202841,11.77223663,11.29596625,11.3382217
b2810,cysteine sulfinate desulfinase,go_process: sulfur metabolism [goid 0006790]; go_process: amino acid metabolism [goid 0006520],b2810,11.97365053,12.00846488,11.90369716,11.94031693,12.06509378,12.08151388
b2811,hypothetical protein,,b2811,12.23358138,12.15541877,12.13174195,12.13187285,12.21613075,12.17160038
b2812,putative enzyme,"putative enzyme, NAD(P)-binding",b2812,13.18791048,13.03092545,13.01648042,13.11081291,13.09242551,13.15491866
b2813,membrane-bound lytic murein transglycosylase A,go_component: external outer membrane (sensu Gram-negative Bacteria) [goid 0009279]; go_process: peptidoglycan biosynthesis [goid 0009252],b2813,12.48649392,12.71432324,12.18780703,12.14512207,12.98754364,12.84244985
b2817,N-acetylmuramoyl-L-alanine amidase,EcoGene suggests alternate start codon; go_process: peptidoglycan biosynthesis [goid 0009252],b2817,11.74350885,11.77378269,11.86797674,11.76655659,11.82144764,11.49434063
b2818,N-acetylglutamate synthase,catalyzes the formation of N-acetyl-L-glutamate from L-glutamate and acetyl-CoA in arginine biosynthesis; go_component: cytoplasm [goid 0005737]; go_process: arginine biosynthesis [goid 0006526],b2818,12.59427505,12.52926532,12.54449358,12.72020424,12.53399738,12.23727186
b2819,"DNA helicase, ATP-dependent dsDNA/ssDNA exonuclease V subunit, ssDNA endonuclease","exonuclease V, alpha chain with recC and recD: 5' and 3' nuclease, ATPase, recombinase, helicase; go_process: DNA catabolism [goid 0006308]; go_process: DNA catabolism [goid 0006308]; go_process: DNA recombination [goid 0006310]",b2819,11.04935189,10.77505246,11.10663165,11.04208839,10.8762352,10.91375205
b2820,"DNA helicase, ATP-dependent dsDNA/ssDNA exonuclease V subunit, ssDNA endonuclease","exonuclease V, beta chain with recC and recD: 5' and 3' nuclease, ATPase, recombinase, helicase; go_process: DNA catabolism [goid 0006308]; go_process: DNA catabolism [goid 0006308]; go_process: DNA recombination [goid 0006310]",b2820,11.76348006,11.8229945,11.63451528,11.74822555,11.92349342,12.00355062
b2821,protease III,,b2821,11.44951913,11.39041287,11.34428695,11.4919774,11.49076727,11.56437208
b2822,"DNA helicase, ATP-dependent dsDNA/ssDNA exonuclease V subunit, ssDNA endonuclease","exonuclease V, gamma chain with recB and recD: 5' and 3' nuclease, ATPase, recombinase, helicase; go_process: DNA catabolism [goid 0006308]; go_process: DNA catabolism [goid 0006308]; go_process: DNA recombination [goid 0006310]",b2822,11.51689964,11.72555375,11.68412082,11.74411466,11.69280562,11.78939247
b2823,prepilin peptidase dependent protein C,"prepilin peptidase-dependent protein C, possibly in type IV pilin biogenesis; go_component: fimbria [goid 0009289]; go_process: glycoprotein biosynthesis [goid 0009101]",b2823,9.4747267,9.58700426,9.595014371,9.478475182,9.729924982,9.704730089
b2824,hypothetical protein,EcoGene suggests alternate start codon,b2824,8.654100658,8.749127524,8.723703646,8.60191491,8.908846576,8.883778938
b2825,prepilin peptidase dependent protein B,"prepilin peptidase-dependent protein B, possibly in type IV pilin biogenesis; go_component: fimbria [goid 0009289]; go_process: glycoprotein biosynthesis [goid 0009101]",b2825,11.07270116,10.89676154,10.85824542,11.0191037,10.96287887,11.05954147
b2826,prepilin peptidase dependent protein A,"prepilin peptidase-dependent protein A, possibly in type IV pilin biogenesis; go_component: fimbria [goid 0009289]; go_process: glycoprotein biosynthesis [goid 0009101]",b2826,10.30235067,10.3047254,10.21010702,10.32377323,10.26631027,10.43759229
b2827,thymidylate synthase,"catalyzes the formation of dihydrofolate from 5,10-methylenetetrahydrofolate; go_component: cytoplasm [goid 0005737]; go_process: nucleobase, nucleoside and nucleotide interconversion [goid 0015949]; go_process: 10-formyltetrahydrofolate biosynthesis [goid 0009257]",b2827,12.96320274,13.26020432,12.8848039,12.7870026,13.31978761,13.353929
b2828,prolipoprotein diacylglyceryl transferase,transfers the N-acyl diglyceride moiety to the prostepctive N-terminalcysteine in prolipoprotein; go_component: inner membrane [goid 0019866]; go_process: phospholipid biosynthesis [goid 0008654]; go_process: protein modification [goid 0006464],b2828,13.43519988,13.55857883,13.33721812,13.28194468,13.6488766,13.66004846
b2829,"PTS family enzyme I, transcriptional regulator (with NPR and NTR proteins)","PTS system, enzyme I, transcriptional regulator (with NPR and NTR proteins); go_process: carbohydrate catabolism [goid 0016052]",b2829,12.98114721,13.04184453,13.02805124,12.97772748,13.01341425,13.09140413
b2830,dinucleoside polyphosphate hydrolase,Hydrolyzes diadenosine polyphosphate,b2830,14.73471726,14.67166723,14.72226784,14.90080115,14.65378207,14.71922842
b2831,DNA mismatch repair protein,MutH; Sequence-specific endonuclease that cleaves unmethylated GATC sequences during DNA repair; go_component: cytoplasm [goid 0005737]; go_process: DNA repair [goid 0006281],b2831,10.87766996,10.69326893,10.86589313,10.86838383,10.81794005,10.82734727
b2832,"putative transmembrane protein, transport",putative transport protein,b2832,10.30666993,10.34925047,10.37240917,10.24535407,10.45773045,10.30865177
b2833,hypothetical protein,,b2833,12.08784651,11.83427151,12.42098693,12.18647581,11.84858402,11.62597587
b2834,"putative reductase, NAD(P)-linked",,b2834,12.7277935,12.78226163,12.92032387,12.76493824,12.77169023,12.71092322
b2835,"putative efflux protein, resistance protein",putative resistance proteins; go_process: response to drug [goid 0042493],b2835,10.64873238,10.56948027,10.54918543,10.63356817,10.73686385,10.73295321
b2836,2-acyl-glycerophospho-ethanolamine acyltransferase,go_component: inner membrane [goid 0019866]; go_process: protein modification [goid 0006464],b2836,10.78349163,10.76065993,10.66310668,10.68433466,10.95009009,10.83565691
b2837,repressor of galETK operon,transcriptional repressor for galactose utilization (GalR/LacI family); go_component: cytoplasm [goid 0005737]; go_function: transcriptional repressor activity [goid 0016564]; go_process: carbohydrate catabolism [goid 0016052]; go_process: transcription [goid 0006350],b2837,11.17119596,11.187483,11.38360299,11.50705061,11.1700555,11.39632764
b2838,diaminopimelate decarboxylase,"diaminopimelate decarboxylase, PLP-binding; go_process: lysine biosynthesis via diaminopimelate [goid 0009089]",b2838,11.82258337,12.14920876,11.78005869,11.59534022,12.46722574,12.24549064
b2839,positive regulator for lys,transcriptional activator for lysine biosynthesis (LysR family); go_component: cytoplasm [goid 0005737]; go_function: transcriptional repressor activity [goid 0016564]; go_function: transcriptional activator activity [goid 0016563]; go_process: lysine biosynthesis via diaminopimelate [goid 0009089]; go_process: transcription [goid 0006350],b2839,10.13657238,10.35774794,10.22340131,10.25868871,10.42345109,10.39478279
b2840,putative aspartate racemase,putative resistance proteins; go_process: response to drug [goid 0042493],b2840,11.88536561,11.83498472,11.91837564,11.98819786,11.82677721,11.82565598
b2841,low-affinity L-arabinose transport system proton symport protein,low-affinity L-arabinose:proton symporter (MFS family); go_component: inner membrane [goid 0019866]; go_function: L-arabinose/beta-D-thiogalactopyranoside:hydrogen antiporter activity [goid 0015524]; go_process: carbohydrate catabolism [goid 0016052],b2841,10.59927174,10.44284239,10.54938053,10.66533135,10.49045391,10.46721612
b2842,2-deoxy-D-gluconate 3-dehydrogenase,,b2842,11.60350126,11.33690266,11.53782636,11.5225544,11.41663176,11.43414886
b2843,5-keto-4-deoxyuronate isomerase,"catalyzes the interconversion of 4-deoxy-L-threo-5-hexosulose uronate to 3-deoxy-D-glycero-2,5-hexodiulosonate; go_process: carbohydrate catabolism [goid 0016052]",b2843,10.18163772,10.20498273,10.11097389,10.25020278,10.18356394,10.27561177
b2844,acetyl-CoA acetyltransferase,"Catalyzes the synthesis of acetoacetyl coenzyme A from two molecules of acetyl coenzyme A. It can also act as a thiolase, catalyzing the reverse reaction and generating two-carbon units from the four-carbon product of fatty acid oxidation",b2844,10.97923263,11.445046,10.53983455,10.54136001,11.85034453,11.61473153
b2845,putative transport protein (HAAAP family),putative transporter protein; go_component: inner membrane [goid 0019866],b2845,7.343854251,7.30285377,7.11861291,6.940114376,7.364193256,7.205154558
b2846,hypothetical protein,EcoGene suggests alternate start codon,b2846,7.338754972,7.060356412,7.412393776,7.165461514,6.908424335,6.970481144
b2847,putative sensory transducer,,b2847,7.996546316,7.397707283,8.219099127,8.392828233,7.170478619,7.312845213
b2848,hypothetical protein,EcoGene suggests alternate start codon,b2848,7.675197442,7.039172006,8.821448156,7.951394765,6.893053702,6.860940046
b2849,unknown CDS,EcoGene suggests alternate start codon,b2849,6.152178633,6.133690642,6.143990369,6.128423186,6.119605624,6.113001844
b2850,hypothetical protein,,b2850,6.197864628,6.162755746,6.184634734,6.194448514,6.1865031,6.165259899
b2851,hypothetical protein,,b2851,6.255583338,6.215162244,6.241703391,6.263235727,6.219943336,6.228909825
b2852,putative invasion (regulator) protein,putative invasion protein,b2852,6.406330849,6.365936565,6.392271213,6.372523581,6.338115199,6.325636133
b2853,unknown CDS,,b2853,7.689124172,7.455019893,7.721893891,7.611320414,7.393091119,7.448741893
b2854,"conserved protein, lysozyme-like",EcoGene suggests alternate start codon,b2854,6.290407731,6.199413824,6.257951276,6.248617269,6.242609066,6.229796522
b2855,putative 2-component transcriptional regulator,putative regulator (LuxR/UhpA family); go_function: transcriptional activator activity [goid 0016563]; go_process: transcription [goid 0006350],b2855,6.253157017,6.215207521,6.202573879,6.182889439,6.194904441,6.185558583
b2856,unknown CDS,,b2856,7.569125342,7.398229724,7.53183923,7.555091022,7.49352246,7.478969973
b2857,unknown CDS,,b2857,6.21394,6.186393747,6.237920272,6.182905877,6.189199612,6.170790937
b2858,unknown CDS,,b2858,6.241609235,6.188127937,6.209888138,6.216358893,6.202009914,6.165502703
b2859,hypothetical protein,,b2859,6.720925975,6.654363213,6.644417052,6.527518539,6.637546207,6.588958851
b2860,insertion sequence 2 OrfB protein,IS2 OrfB; forms an overlapping reading frame with orfA; may form a fusion protein OrfAB due to ribosomal frameshifting; in some cases OrfB is itself expressed; both OrfA and OrfAB bind terminal inverted repeats,b2860,13.02207446,12.97235891,13.12224117,13.10306232,13.00035739,13.00261476
b2861,insertion sequence 2 OrfA protein,IS2 OrfA; forms an overlapping reading frame with orfB; may form a fusion protein OrfAB due to ribosomal frameshifting; both OrfA and OrfAB bind terminal inverted repeats,b2861,13.62713624,13.58062138,13.8377796,13.7567543,13.62433324,13.55659195
b2862,unknown CDS,,b2862,7.505938692,7.637661366,7.710764658,7.629902898,7.538787527,7.386570052
b2863,unknown CDS,EcoGene suggests alternate start codon,b2863,10.07262938,9.894280241,9.922888857,9.928920285,9.966114966,9.851771319
b2865,putative lipoprotein,"EcoGene suggests alternate start codon; putative lipoprotein, outer membrane; go_component: external outer membrane (sensu Gram-negative Bacteria) [goid 0009279]",b2865,12.68861573,12.66753509,12.7360594,12.77843573,12.70158939,12.62087086
b2866,"putative xanthine dehydrogenase subunit, molybdemum cofactor-binding domain","xanthine dehydrogenase, molybdenum binding subunit",b2866,8.711094063,8.654822634,8.820215253,8.907294124,8.732867135,8.69890279
b2867,"putative xanthine dehydrogenase subunit, FAD-binding domain","xanthine dehydrogenase, FAD binding subunit",b2867,7.658697832,7.834187924,7.876684312,7.941309644,7.813524678,7.829057454
b2868,"putative xanthine dehydrogenase, Fe-S subunit",xanthine dehydrogenase iron-sulfur binding subunit,b2868,10.0560609,9.859284264,9.913688901,10.02917161,9.907589397,9.921041881
b2869,putative transcriptional regulator,"putative transcriptional regulator protein, nucleotide triP hydrolysis and FIS-like domains; go_function: transcriptional activator activity [goid 0016563]; go_process: transcription [goid 0006350]",b2869,9.4678325,9.15188595,10.42488359,10.11144767,8.75534108,8.769568941
b2870,ornithine carbamoyltransferase,catalyzes the formation of L-citruline from L-ornithine and carbamoylphosphate,b2870,8.050567272,7.852090445,7.972162927,7.982989029,7.976904894,7.974197126
b2871,diaminopropionate ammonia-lyase,"catalyzes the formation of pyruvate from 2,3-diaminopropionate",b2871,8.019775921,7.977758563,7.907950443,8.065749152,7.962491803,8.093196849
b2872,hypothetical protein,,b2872,9.155162191,9.028582546,9.063480734,9.077371921,9.113470859,9.168388705
b2873,dihydropyrimidinase,"Catalyses the hydrolytic cleavage of imides that range from linear to heterocyclic and that include hydantoins, dihydropyrimidines and phthalimides",b2873,7.176894356,7.171094917,7.218241097,7.238298844,7.156541597,7.259322654
b2874,carbamate kinase,forms a homodimer; may be used to synthesize carbomyl phosphate from ATP and carbamate,b2874,9.095134208,9.046141648,9.187042714,9.203717095,9.081859884,9.086541878
b2875,putative synthase,,b2875,9.345760092,9.366327623,9.683751731,9.652503639,9.326197514,9.292468224
b2876,hypothetical protein,EcoGene suggests alternate start codon,b2876,9.491132136,9.318771939,9.801450925,9.826701173,9.334490246,9.331923844
b2877,hypothetical protein,,b2877,10.22704897,9.834737413,10.69694578,10.76817442,9.24879375,9.512722715
b2878,"putative oxidoreductase, Fe-S subunit",,b2878,8.564572304,8.474795703,8.421121963,8.552260452,8.524498401,8.594611388
b2879,proteoglycan,EcoGene suggests alternate start codon; go_process: cell cycle [goid 0007049],b2879,8.233097378,8.12692452,8.19844669,8.200204676,8.169992147,8.298903757
b2880,"putative oxidoreductase, FAD-binding domain",,b2880,8.621444802,8.63108358,8.636904906,8.70833301,8.682432177,8.733691575
b2881,possible hypoxanthine oxidase,putative oxidoreductase,b2881,8.17084432,8.081527772,8.25901583,8.25220265,8.143337703,8.304555412
b2882,probable guanine/xanthin permease,EcoGene suggests alternate start codon; putative transport protein (NCS2 family); go_component: cytoplasm [goid 0005737],b2882,8.443598948,8.367931678,8.410721646,8.440742805,8.429945141,8.481737309
b2883,guanine deaminase,Catalyzes the deamination of guanine,b2883,7.944107884,7.990881742,7.895019753,8.088831403,8.025184185,7.988966666
b4464,hypothetical protein,,b4464,9.885017398,9.827012076,9.83858095,9.841869339,9.882766052,9.934587848
b2886,"putative oxidoreductase, Fe-S protein","EcoGene suggests alternate start codon; putative oxidoreductase, Fe-S subunit",b2886,11.98089743,11.67304165,11.7127583,11.81492517,11.82014717,11.83220644
b2887,"putative oxidoreductase, Fe-S subunit",EcoGene suggests alternate start codon; putative oxidoreductase: Fe-S subunit (N-terminal); nucleotide-binding domain (C-terminal),b2887,9.521223445,9.441242048,9.382634478,9.34785265,9.398170467,9.452477073
b2888,putative permease,EcoGene suggests alternate start codon; putative transport protein (NCS2 family); go_component: inner membrane [goid 0019866],b2888,6.840578234,6.753643655,6.745927702,6.858873285,6.810276438,6.8495874
b2889,isopentenyl-diphosphate delta-isomerase,catalyzes the rearrangement of isopentenyl diphosphate to dimethylallyl phosphate; go_component: cytoplasm [goid 0005737],b2889,9.831641219,9.873398028,10.16932799,9.884423798,9.906314247,9.743782531
b2890,lysyl-tRNA synthetase,"catalyzes a two-step reaction, first charging a lysine molecule by linking its carboxyl group to the alpha-phosphate of ATP, followed by transfer of the aminoacyl-adenylate to its tRNA; go_component: cytoplasm [goid 0005737]; go_process: amino acid activation [goid 0006418]",b2890,13.70971624,14.10221394,13.79988817,13.91527799,14.0382551,14.06838839
b2891,peptide chain release factor 2,Directs the termination of translation in response to the peptide chain termination codons UGA and UAA; go_component: cytoplasm [goid 0005737]; go_process: protein biosynthesis [goid 0006412],b2891,13.56490134,13.86285828,13.3824973,13.55704348,13.82756989,13.84646691
b2892,"ssDNA exonuclease, 5' --> 3' specific","ssDNA exonuclease, 5' --> 3'-specific, Mg-dependent; go_process: DNA catabolism [goid 0006308]; go_process: DNA catabolism [goid 0006308]",b2892,12.99803542,12.95340757,12.85001304,12.83733047,13.07904874,13.15204544
b2893,protein disulfide isomerase II,"protein disulfide isomerase II, activated by N-terminal of DsbD; go_component: periplasmic space [goid 0042597]; go_process: protein folding [goid 0006457]",b2893,13.39702655,13.29207864,13.28635319,13.42103579,13.36710055,13.36847703
b2894,tyrosine recombinase,"Site-specific tyrosine recombinase, which acts by catalyzing the cutting and rejoining of the recombining DNA molecules. Binds cooperatively to specific DNA consensus sequences that are separated from xerC binding sites by a short central region, forming t; go_process: DNA recombination [goid 0006310]",b2894,12.84282341,12.91554259,12.80851747,13.14206571,13.03286944,13.03678195
b2895,flavodoxin,"An electron-transfer protein; flavodoxin binds one FMN molecule, which serves as a redox-active prosthetic group; go_function: electron carrier activity [goid 0009055]; go_process: aerobic respiration [goid 0009060]",b2895,12.30352442,12.29237732,12.56576715,12.53832255,12.25643014,12.1914999
b2896,hypothetical protein,,b2896,12.26413803,12.32211899,12.17858752,12.28455791,12.23027564,12.2456944
b2897,hypothetical protein,,b2897,13.57075679,13.57335097,13.5433933,13.49324572,13.60688723,13.5267886
b2898,putative enzyme,,b2898,13.52226988,13.62862544,13.82071749,13.86479548,13.5747326,13.47657893
b2899,putative oxidoreductase,putative transmembrane protein,b2899,12.4028532,12.35302472,12.63459534,12.7329819,12.15759975,12.2816046
b2900,hypothetical protein,,b2900,12.15666408,11.97602595,12.19626791,11.97442078,11.86363511,11.73428064
b2901,6-phospho-beta-glucosidase A,6-phospho-beta-glucosidase A; cryptic; go_process: carbohydrate catabolism [goid 0016052],b2901,12.75781896,12.9021553,12.86930696,13.00755001,12.77157827,12.80640395
b2902,putative oxidoreductase,"putative oxidoreductase, NAD(P)-binding",b2902,10.52422542,10.60328155,10.46028489,10.56521958,10.68369272,10.70901496
b2903,glycine dehydrogenase,acts in conjunction with GvcH to form H-protein-S-aminomethyldihydrolipoyllysine from glycine; go_process: amino acid catabolism [goid 0009063]; go_process: 10-formyltetrahydrofolate biosynthesis [goid 0009257],b2903,13.17758605,13.24346606,13.20968123,13.16198804,13.20488606,13.35807883
b2904,glycine cleavage system protein H,"part of multienzyme complex composed of H, L, P, and T proteins which catalyzes oxidation of glycine to yield carbon dioxide, ammonia, 5,10-CH2-H4folate and a reduced pyridine nucleotide; protein H is involved in transfer of methylamine group from the P to; go_process: amino acid catabolism [goid 0009063]; go_process: 10-formyltetrahydrofolate biosynthesis [goid 0009257]",b2904,14.19609791,14.13964978,14.15124086,14.22192507,14.0936071,14.18730401
b2905,aminomethyltransferase,catalyzes the formation of dihydrolipoylprotein from S-aminomethyldihydrolipoprotein in the glycine cleavage system; go_process: amino acid catabolism [goid 0009063]; go_process: 10-formyltetrahydrofolate biosynthesis [goid 0009257],b2905,13.33857529,13.51907782,13.11490478,13.18675646,13.55671977,13.67377012
b2906,hypothetical protein,,b2906,12.31551204,12.63288727,12.35262657,12.29563917,12.71590409,12.75627565
b2907,2-octaprenyl-6-methoxyphenyl hydroxylase,go_process: aerobic respiration [goid 0009060],b2907,12.2781207,12.46353259,12.4382378,12.37390506,12.40021556,12.50372799
b2908,proline aminopeptidase P II,,b2908,13.7677535,13.77093174,14.05768197,13.9151144,13.69917665,13.86717711
b2909,hypothetical protein,EcoGene suggests alternate start codon,b2909,14.35151851,14.48909655,14.44757785,14.59057025,14.35615884,14.56428432
b2910,hypothetical protein,,b2910,14.44776494,14.13267923,14.31483577,14.33297158,13.95659988,14.00229743
b2912,putative ligase,,b2912,12.18849923,12.03674343,12.10736955,12.09844237,12.04465738,12.10872823
b2913,D-3-phosphoglycerate dehydrogenase,go_component: cytoplasm [goid 0005737]; go_process: L-serine biosynthesis [goid 0006564],b2913,15.97503462,16.09101124,15.83034146,16.15575467,16.15274216,16.03513885
b2914,ribose-5-phosphate isomerase A,"Catalyzes D-ribose 5-phosphate --> D-ribulose 5-phosphate in the nonoxidative branch of the pentose phosphate pathway; go_process: carbohydrate catabolism [goid 0016052]; go_process: pentose-phosphate shunt, non-oxidative branch [goid 0009052]",b2914,14.4753817,14.28152948,14.55121569,14.46029632,14.25130758,14.11071086
b2915,hypothetical protein,EcoGene suggests alternate start codon,b2915,10.35688721,10.18203184,10.18878343,10.21915726,10.21525817,10.34242487
b2916,chromosome replication initiation inhibitor protein,Specific inhibitor of chromosomal initiation of replication in vitro. Binds the three 13-mers in the origin (oriC) to block initiation of replication; go_component: cytoplasm [goid 0005737]; go_function: transcriptional repressor activity [goid 0016564]; go_process: DNA dependent DNA replication [goid 0006261]; go_process: transcription [goid 0006350],b2916,11.9201137,12.04592889,12.15843241,12.0629167,11.88856834,11.84279111
b2917,methylmalonyl-CoA mutase,MDM; functions in conversion of succinate to propionate; go_process: fatty acid oxidation [goid 0019395],b2917,8.684572616,8.50162145,8.429881365,8.623478198,8.534162039,8.620476378
b2918,arginine/ornithine transport system ATPase,"functions in transport of arginine/ornithine; inner membrane ATPase that cleaves ATP and phosphorylates two periplasmic proteins that function as two distinct transport systems, the AO (arginine and ornithine) and LAO (lysine, arginine, and ornithine) peri; go_component: inner membrane [goid 0019866]",b2918,9.459728566,9.42404524,9.421089377,9.547771553,9.394502064,9.559701173
b2919,"methylmalonyl-CoA decarboxylase, biotin-independent",EcoGene suggests alternate start codon; putative enzyme,b2919,7.35727397,7.319396962,7.398241444,7.402905512,7.394986442,7.362585608
b2920,propionyl-CoA:succinate-CoA transferase,putative coenzyme A transferase,b2920,7.007716966,6.990538356,7.004962577,6.995176349,7.005928875,6.988840874
b2921,putative transcriptional regulator (LysR familiy),EcoGene suggests alternate start codon; putative transcriptional regulator LYSR-type; go_function: transcriptional activator activity [goid 0016563]; go_function: transcriptional repressor activity [goid 0016564]; go_process: transcription [goid 0006350],b2921,8.52123986,8.642264822,8.532330136,8.604461224,8.802336907,8.758296983
b2922,putative actin,,b2922,13.57497921,13.3645005,13.82053244,13.84578317,13.37930648,13.19737206
b2923,arginine exporter protein,Involved in the export of arginine,b2923,10.71603453,10.23259969,10.90677829,10.70571107,10.19066941,10.0734831
b2924,component of the MscS mechanosensitive channel,"putative membrane protein, involved in stability of MscS mechanosensitive channel",b2924,15.25200457,14.7405301,15.15022959,15.04036395,14.56599319,14.45677582
b2925,fructose-bisphosphate aldolase,"catalyzes the formation of glycerone phosphate and glyceraldehyde 3-phosphate from fructose 1,6, bisphosphate; go_process: carbohydrate catabolism [goid 0016052]",b2925,15.72229659,15.87725369,15.86662462,15.83977635,15.81266156,15.80314329
b2926,phosphoglycerate kinase,catalyzes the formation of 3-phospho-D-glyceroyl phosphate from 3-phospho-D-glycerate in glycolysis; go_component: cytoplasm [goid 0005737]; go_process: glycolysis [goid 0006096]; go_process: gluconeogenesis [goid 0006094],b2926,15.51339982,15.70483058,15.69974247,15.91396115,15.47250462,15.58939349
b2927,D-erythrose 4-phosphate dehydrogenase,catalyzes the formation of 4-phosphoerythronate from D-erythrose 4-phosphate; go_component: cytoplasm [goid 0005737]; go_process: pyridoxine biosynthesis [goid 0008615]; go_process: gluconeogenesis [goid 0006094],b2927,14.26934377,14.23160202,14.6138545,14.68928716,14.05520323,14.50483439
b2928,hypothetical protein,,b2928,11.42335258,11.54429046,11.51110154,11.46825842,11.51058593,11.43895859
b2929,putative repressor,putative transcriptional regulator,b2929,12.07250188,12.12097919,12.0819582,12.27789137,11.98880169,12.07060924
b2930,putative enzyme,,b2930,10.88242414,10.82938381,10.69270183,10.86495034,10.74995059,10.91256826
b4465,hypothetical protein,,b4465,9.521216346,9.483922791,9.473479249,9.516844157,9.445796419,9.600164327
b2933,"PTS family enzyme IICB, mannitol-specific, cryptic","PTS system, mannitol-specific enzyme II component, cryptic; go_process: carbohydrate catabolism [goid 0016052]",b2933,10.67697084,10.58221806,10.5796915,10.6425379,10.61854482,10.76308355
b2934,"PTS family enzyme IIA, mannitol-specific, cryptic","PTS system, mannitol-specific enzyme II component, cryptic; go_process: carbohydrate catabolism [goid 0016052]",b2934,6.572887214,6.553155067,6.571175438,6.574497392,6.533682147,6.540136
b2935,transketolase,"catalyzes the formation of ribose 5-phosphate and xylulose 5-phosphate from sedoheptulose 7-phosphate and glyxeraldehyde 3-phosphate; go_process: carbohydrate catabolism [goid 0016052]; go_process: pentose-phosphate shunt, non-oxidative branch [goid 0009052]; go_process: nucleobase, nucleoside and nucleotide interconversion [goid 0015949]",b2935,14.94086836,15.14431469,14.95889415,14.91201929,15.18944187,15.16860522
b2936,hypothetical protein,EcoGene suggests alternate start codon,b2936,11.75832064,11.62214159,11.92287565,11.88303014,11.57631888,11.58338923
b2937,agmatinase,catalyzes the formation of putrescine from agmatine; go_process: polyamine biosynthesis [goid 0006596],b2937,12.99007894,12.91428267,12.97924842,12.88346841,12.89683049,12.921086
b2938,arginine decarboxylase,catalyzes the fromation of agmatine from arginine in putrescine and spermidine biosynthesis; go_component: periplasmic space [goid 0042597]; go_process: polyamine biosynthesis [goid 0006596],b2938,13.78357148,13.73993618,13.7600975,13.70156855,13.81180166,13.76890405
b2939,unknown CDS,EcoGene suggests alternate start codon,b2939,12.52376803,12.69253764,12.29313119,12.14500514,12.86658404,12.75817144
b2940,unknown CDS,,b2940,12.59160623,12.28953714,12.37289539,12.39819413,12.41520237,12.50562228
b2941,unknown CDS,,b2941,9.958393179,9.830644772,9.834884132,10.00785255,9.769548629,10.0089004
b2942,S-adenosylmethionine synthetase,methionine adenosyltransferase; catalyzes the formation of S-adenosylmethionine from methionine and ATP; go_component: cytoplasm [goid 0005737]; go_process: S-adenosylmethionine biosynthesis [goid 0006556],b2942,14.56022131,14.79206647,14.30775614,14.65844697,14.79154341,14.71713735
b2943,galactose-proton symport of transport system,galactose:proton symporter (MFS family); go_component: inner membrane [goid 0019866]; go_process: carbohydrate catabolism [goid 0016052],b2943,11.8724758,12.19396148,12.23194379,12.27612105,12.24931258,12.30947071
b2944,hypothetical protein,,b2944,8.610295037,8.681018366,8.736662735,8.451586648,9.261397485,8.646649548
b2945,DNA-specific endonuclease I,go_process: DNA catabolism [goid 0006308]; go_process: DNA catabolism [goid 0006308],b2945,10.45951223,10.47532364,10.40617364,10.48360065,10.35668854,10.48979988
b2946,hypothetical protein,EcoGene suggests alternate start codon,b2946,12.88069342,12.9514102,13.01805667,13.05561622,12.94392112,12.93377705
b2947,glutathione synthetase,"The second step in the glutathione biosynthesis pathway, where it synthesizes ATP + gamma-L-glutamyl-L-cysteine + glycine = ADP + phosphate + glutathione; go_process: glutathione biosynthesis [goid 0006750]",b2947,12.9798359,13.00700556,13.06746934,13.20295392,12.94883062,12.92776281
b2948,hypothetical protein,EcoGene suggests alternate start codon,b2948,12.75392715,12.7445037,12.77550051,12.57366537,12.73617269,12.70131948
b2949,Holliday junction resolvase-like protein,similar to RuvC resolvase with substantial differences; NMR structural information suggests this protein is monomeric; unknown cellular function,b2949,12.15150016,12.22388524,12.07944864,12.07126708,12.19761438,12.13857855
b2950,putative protein transport,EcoGene suggests alternate start codon; putative transport protein,b2950,9.326460934,9.117815267,9.360187715,9.37734568,9.174145085,9.10331657
b2951,putative enzyme with PLP-binding domain,,b2951,11.18886865,11.51649275,11.33967162,11.27024854,11.58224252,11.50186886
b2952,hypothetical protein,,b2952,12.43925329,12.68918221,12.53976203,12.43008559,12.75982208,12.68770688
b2953,hypothetical protein,EcoGene suggests alternate start codon,b2953,11.3700301,11.74228262,11.38808732,11.34159143,11.77434854,11.66315792
b2954,putative deoxyribonucleotide triphosphate pyrophosphatase,HAM1-like protein; Rec-dependent growth; RgdB; yggV; it is suspected that this protein functions to remove misincorporated bases such as xanthine or hypoxanthine,b2954,12.46103979,12.78872003,12.28998084,12.27289509,12.84728002,12.85123794
b2955,coproporphyrinogen III oxidase,catalyzes the oxygen-independent formation of protoporphyrinogen-IX from coproporphyrinogen-III,b2955,12.31010123,12.60553406,12.0520297,12.00137928,12.69362818,12.74478755
b2956,putative alpha helix chain,,b2956,8.806800897,8.447763693,8.598788321,8.593355427,8.593028869,8.572456905
b2957,periplasmic L-asparaginase II,go_component: periplasmic space [goid 0042597]; go_process: amino acid catabolism [goid 0009063],b2957,9.062707358,8.785774725,10.48065971,10.49063247,8.479430709,8.431514432
b2958,hypothetical protein,,b2958,13.03347486,13.04891438,13.0836594,13.13007925,13.17168607,13.06537433
b2959,hypothetical protein,EcoGene suggests alternate start codon,b2959,14.2757013,14.13617805,14.27504573,14.2931288,14.1641481,13.99209639
b2960,tRNA (guanine-N(7)-)-methyltransferase,catalyzes the formation of N(7)-methylguanine at position 46 (m7G46) in tRNA by transferring the methyl residue from S-adenosyl-L-methionine,b2960,12.73531633,12.81268294,12.6088207,12.66392414,12.96285839,12.89067693
b2961,adenine DNA glycosylase,adenine glycosylase; G.C --> T.A transversions; go_component: cytoplasm [goid 0005737]; go_process: DNA repair [goid 0006281],b2961,11.47292557,11.97353736,11.50523228,11.60053875,12.12705316,12.05942363
b2962,hypothetical protein,,b2962,13.74771406,13.83906142,13.83927665,13.82863766,13.88923264,13.83139111
b2963,"lytic murein transglycosylase C, membrane-bound",EcoGene suggests alternate start codon; membrane-bound lytic murein transglycosylase C; go_component: inner membrane [goid 0019866]; go_process: peptidoglycan biosynthesis [goid 0009252],b2963,12.13677786,12.3735756,11.97029503,12.20773635,12.32356358,12.32233954
b2964,nucleoside transport protein (MFS family),"EcoGene suggests alternate start codon; transport of nucleosides, permease protein; go_component: inner membrane [goid 0019866]; go_process: nucleobase, nucleoside and nucleotide interconversion [goid 0015949]",b2964,9.438555785,9.634283278,9.9648891,9.749186496,9.521864021,9.495546098
b2965,ornithine decarboxylase isozyme,EcoGene suggests alternate start codon; go_process: polyamine biosynthesis [goid 0006596],b2965,11.35864716,11.4363284,11.21612407,11.29218797,11.62334218,11.61345361
b2966,putative transport protein,,b2966,10.82128274,10.60966353,11.0149047,10.99354693,10.29224067,10.60825918
b2968,putative secretion pathway protein,,b2968,9.841463942,9.858900876,9.741570944,9.731211833,9.919963136,9.9621895
b2969,putative general secretion pathway for protein export (GSP),EcoGene suggests alternate start codon; putative protein exporter (General Secretory Pathway),b2969,8.850220088,8.755012633,8.633268968,8.830743015,8.79208437,8.915740754
b2970,putative general secretion pathway for protein export (GSP),putative protein exporter (General Secretory Pathway),b2970,9.681620143,9.785113251,9.546034801,9.526398821,9.8927712,9.836869236
b2971,unknown CDS,,b2971,8.124064995,8.29795948,7.996252527,7.841210639,8.579583422,8.232246455
b2972,bifunctional prepilin peptidase,EcoGene suggests alternate start codon; bifunctional prepilin peptidase: leader peptidase; methylase,b2972,10.77546053,10.80718465,10.84943916,10.90261915,10.86811498,10.83316627
b4466,putative lipoprotein,,b4466,10.97365747,11.11654131,10.98841342,11.29478604,11.15959381,11.23164824
b2975,glycolate permease (LctP family),putative permease; go_component: inner membrane [goid 0019866]; go_process: carbohydrate catabolism [goid 0016052],b2975,8.933764,8.928065851,8.880794403,8.87664067,8.998761503,9.001230768
b2976,malate synthase,catalyzes the formation of malate from glyoxylate and acetyl-CoA; go_process: carbohydrate catabolism [goid 0016052]; go_process: glyoxylate catabolism [goid 0009436],b2976,11.81909718,11.70419373,11.96346334,11.61365713,11.52174025,11.50793455
b2977,"conserved hypothetical protein, GlcG",,b2977,11.49003914,11.31293388,11.57735502,11.4927633,10.97079612,11.06051354
b4467,glycolate oxidase iron-sulfur subunit,,b4467,9.520382462,9.498757105,9.628217255,9.344005915,9.258346574,9.304137105
b4468,glycolate oxidase iron-sulfur subunit,,b4468,9.719270212,9.371769822,9.92413212,9.347310972,9.306063966,9.280728524
b2979,glycolate oxidase subunit D,"glycolate oxidase, FAD-linked subunit; go_process: carbohydrate catabolism [goid 0016052]",b2979,10.38562727,10.25194439,10.79411847,10.42634159,10.30746776,10.55520944
b2980,transcriptional activator for glc operon,transcriptional activator for glycolate utilization (GntR family); go_component: cytoplasm [goid 0005737]; go_function: transcriptional activator activity [goid 0016563]; go_process: carbohydrate catabolism [goid 0016052]; go_process: transcription [goid 0006350],b2980,9.144386368,9.954907561,8.662238864,8.691618554,10.73391677,10.60710664
b2981,putative acyltransferase,,b2981,9.872217099,9.704241986,9.720468963,9.741006961,9.741540593,9.807320636
b2982,IS5 protein,IS5 transposase,b2982,14.51661894,14.63536949,14.39789594,14.55225234,14.51824371,14.59255937
b2983,putative serine protease,"revised start codon, based on EcoGene 17",b2983,6.960485789,6.872617854,6.945156111,6.943690353,6.873761831,6.936199243
b2984,hypothetical protein,,b2984,8.851253718,8.568739201,8.645991303,8.774832796,8.668296911,8.692368999
b2985,hypothetical protein,,b2985,8.260722906,8.04002977,8.1644375,8.159592659,8.211360285,8.181844327
b2986,putative transferase,,b2986,8.516091864,8.314261843,8.438421325,8.419069875,8.419577868,8.491608587
b2987,low-affinity phosphate transport,low-affinity phosphate transport protein (PiT family); go_component: inner membrane [goid 0019866]; go_process: phosphorus metabolism [goid 0006793],b2987,7.091037032,7.100907217,7.017124736,7.0685857,7.145274944,7.109998748
b2988,bifunctional: glutathionylspermidine amidase (N-terminal); glutathionylspermidine synthetase (C-terminal),glutathionylspermidine synthetase/amidase; go_process: polyamine biosynthesis [goid 0006596],b2988,11.97790848,12.06365723,12.02802812,12.1332817,11.92863333,12.02951671
b2989,putative S-transferase,EcoGene suggests alternate start codon,b2989,14.4839833,14.14305499,14.46138732,14.3566943,14.18726217,14.07127958
b2990,hydrogenase-2 operon protein,hydrogenase-2 operon protein: may effect maturation of large subunit of hydrogenase-2; go_process: anaerobic respiration [goid 0009061]; go_process: protein folding [goid 0006457],b2990,9.117491655,9.232985393,9.314075853,9.144549115,9.284314352,9.309206956
b2991,hydrogenase nickel incorporation protein,plays a role in hydrogenase nickel cofactor insertion; go_process: anaerobic respiration [goid 0009061]; go_process: protein folding [goid 0006457],b2991,9.896306179,10.13236224,10.1042588,10.07868501,10.17622327,10.19775759
b2992,member of hyb operon,putative hydrogenase,b2992,10.82083196,10.98055417,10.92738531,10.94299521,10.97081717,11.01292435
b2993,probable processing element for hydrogenase-2,putative processing element for hydrogenase-2; go_process: anaerobic respiration [goid 0009061],b2993,11.61525107,11.70235454,11.73623397,11.78098207,11.62100965,11.65908646
b2994,"hydrogenase-2, large subunit","probable large subunit, hydrogenase-2; go_component: inner membrane [goid 0019866]; go_function: electron donor activity [goid 0009053]; go_process: anaerobic respiration [goid 0009061]",b2994,10.26684488,10.51227528,10.58763574,10.47537362,10.39652866,10.56477897
b2995,probable cytochrome Ni/Fe component of hydrogenase-2,putative cytochrome Ni/Fe component of hydrogenase-2; go_component: inner membrane [goid 0019866]; go_function: electron donor activity [goid 0009053]; go_process: anaerobic respiration [goid 0009061]; go_process: cytochrome biogenesis [goid 0017004],b2995,9.653979636,9.7462944,9.863470088,9.761163065,9.776682572,9.930329436
b2996,hydrogenase-2 small subunit,"putative oxidoreductase, Fe-S protein",b2996,10.50434557,10.35590997,10.90770315,10.78872234,9.785812174,10.00669447
b2997,"hydrogenase-2, small chain","hydrogenase-2, small subunit; go_component: inner membrane [goid 0019866]; go_function: electron donor activity [goid 0009053]; go_process: anaerobic respiration [goid 0009061]; go_process: protein folding [goid 0006457]",b2997,11.06934215,10.76437907,11.62953741,11.55442693,10.10755673,10.64792777
b2998,hypothetical protein,,b2998,9.661662801,9.493134045,9.507167757,9.407547577,9.535594121,9.630848645
b2999,putative enzyme,,b2999,9.364842002,9.186345497,9.674320496,8.89899431,9.389226432,8.848618374
b3000,putative enzyme with alpha/beta-hydrolase domain,,b3000,13.0115874,12.73558406,13.02590371,12.97684845,12.75645113,12.78169964
b3001,putative oxidoreductase,putative reductase; go_function: voltage-gated ion channel activity [goid 0005244],b3001,12.54881157,12.28508714,12.82538654,12.59679808,12.00919562,11.96598141
b3002,hypothetical protein,,b3002,12.46727898,12.42182817,12.2169914,12.16456706,12.6294245,12.23677201
b3003,oxidoreductase,,b3003,11.68110622,11.33510755,11.87512588,11.87841771,11.26310971,11.13723561
b3004,unknown CDS,,b3004,8.259599502,8.196381619,8.235524913,8.508726783,8.247618797,8.173273382
b3005,uptake of enterobactin; tonB-dependent uptake of B colicins,uptake of enterochelin; tonB-dependent uptake of B colicins; go_process: iron ion transport [goid 0006826],b3005,14.72782248,14.72575011,14.95183578,14.7315642,14.72591617,14.73664096
b3006,uptake of enterobactin; tonB-dependent uptake of B colicins,uptake of enterochelin; tonB-dependent uptake of B colicins; go_component: inner membrane [goid 0019866]; go_process: iron ion transport [goid 0006826],b3006,15.31708778,15.27134264,15.44736963,15.31918698,15.25453544,15.30326073
b3007,unknown CDS,,b3007,15.65000587,15.35624393,15.62219871,15.71340251,15.17686525,15.46358436
b3008,cystathionine beta-lyase,catalyzes the formation of L-homocysteine from cystathionine; go_component: cytoplasm [goid 0005737]; go_process: methionine biosynthesis [goid 0009086],b3008,13.2139449,12.96738352,13.07554031,13.15172968,12.98025496,12.91067458
b3009,putative integral membrane protein,,b3009,12.58124785,12.59798435,12.6096667,12.61149794,12.57310122,12.75007992
b3010,putative ARAC-type regulatory protein,EcoGene suggests alternate start codon; putative transcriptional regulator (AraC/XylS family); go_function: transcriptional activator activity [goid 0016563]; go_process: transcription [goid 0006350],b3010,10.65906262,10.53863197,10.60679797,10.65700214,10.3454455,10.38710141
b3011,putative alcohol dehydrogenase,putative oxidoreductase,b3011,14.69890017,14.47581829,14.74976053,14.71697394,14.22656907,14.29019085
b3012,"2,5-diketo-D-gluconate reductase A","EcoGene suggests alternate start codon; 2,5-diketo-D-gluconate reductase A (beta-keto ester reductase); go_component: cytoplasm [goid 0005737]; go_process: carbohydrate catabolism [goid 0016052]",b3012,13.8175865,13.76315304,14.04734719,13.97487721,13.55893967,13.48771225
b3013,unknown CDS,,b3013,8.158219277,7.994230884,8.079458766,8.113657621,8.047265815,8.010784929
b3014,putative outer membrane lipoprotein,go_component: external outer membrane (sensu Gram-negative Bacteria) [goid 0009279],b3014,7.667645344,7.734429009,7.795229839,7.509261288,7.864747805,7.640263275
b4469,hypothetical protein,,b4469,11.37444864,12.07890479,11.31429245,11.28714491,12.49121762,12.53162837
b3017,suppressor of ftsI,"suppressor of ftsI, cupredoxin-like",b3017,11.89937393,12.0749961,12.07616455,11.9557688,12.141261,12.12076634
b3018,1-acyl-sn-glycerol-3-phosphate acyltransferase,go_component: inner membrane [goid 0019866]; go_process: phospholipid biosynthesis [goid 0008654],b3018,11.69531423,11.91141525,11.75871178,11.71669767,11.9986705,11.98735285
b3019,DNA topoisomerase IV subunit A,decatenates newly replicated chromosomal DNA and relaxes positive and negative DNA supercoiling; go_component: cytoplasm [goid 0005737]; go_process: DNA dependent DNA replication [goid 0006261],b3019,12.50225112,12.693629,12.42430232,12.45617031,12.80136056,12.79534223
b3020,"putative oligipeptide transport protein (ABC superfamily, peri_bind)",putative transport periplasmic protein; go_component: periplasmic space [goid 0042597],b3020,10.81768824,10.8049271,10.66066895,10.55159648,10.8318087,10.8087896
b3021,putative regulator,,b3021,11.49615534,11.21523393,11.57879845,11.37531927,11.11133699,11.01938997
b3022,hypothetical protein,,b3022,12.61959668,12.33502086,12.72536249,12.73255722,12.1538393,12.06466547
b3023,hypothetical protein,,b3023,10.82265031,10.80099814,10.72227826,10.92485576,10.82377703,10.74159601
b3024,hypothetical protein,,b3024,12.63812352,12.59700154,12.75442251,12.75675592,12.47121935,12.31688003
b3025,putative 2-component transcriptional regulator,"response regulator in two-component regulatory system with QseC, regulates flagella and motility by quorum sensing (OmpR family); go_process: regulation of transcription, DNA-dependent [goid 0006355]",b3025,10.16326657,9.95472797,10.1342122,10.13968294,9.867253426,9.943457704
b3026,putative 2-component sensor protein,"sensory histidine kinase in two-component regulatory system with QseB, regulates flagella and motility by quorum sensing; go_process: protein modification [goid 0006464]",b3026,9.650435651,9.68172456,9.592497763,9.695922245,9.623643891,9.542529974
b3027,hypothetical protein,,b3027,10.96546594,10.71223747,10.85660091,10.8714761,10.75491639,10.79303059
b3028,modulator of drug activity B,go_function: electron donor activity [goid 0009053]; go_process: response to drug [goid 0042493],b3028,12.45749616,12.6489164,12.40962817,12.34660335,12.53800224,12.45537528
b3029,hypothetical protein,,b3029,14.79131061,14.35930878,14.71643436,14.41417629,14.36421779,14.26577926
b3030,DNA topoisomerase IV subunit B,decatenates newly replicated chromosomal DNA and relaxes positive and negative DNA supercoiling; go_component: cytoplasm [goid 0005737]; go_process: DNA dependent DNA replication [goid 0006261],b3030,12.39972984,12.54270264,12.21875762,12.10097867,12.81387911,12.71296118
b3031,putative hydrolase,,b3031,12.54285865,12.58075428,12.66503827,12.37947333,12.74461374,12.6667661
b3032,"cyclic 3',5'-adenosine monophosphate phosphodiesterase",go_component: cytoplasm [goid 0005737]; go_function: peptidase activity [goid 0008233]; go_process: carbohydrate catabolism [goid 0016052],b3032,12.5691,12.68457822,12.72194885,12.47097549,12.75294173,12.7055927
b3033,putative enzyme,,b3033,12.55442752,12.63028545,12.60547261,12.43133408,12.76608581,12.63298649
b3034,adenosine diphosphate sugar pyrophosphatase,,b3034,12.41550841,12.5164504,12.50457421,12.78365559,12.39053162,12.54298465
b3035,outer membrane channel precursor protein,trimeric outer membrane protein involved in efflux of hydrophobic/amphipathic molecules; functions with a number of efflux systems in the inner membrane to transport molecules out of the cell; go_component: external outer membrane (sensu Gram-negative Bacteria) [goid 0009279],b3035,14.05316449,14.20291976,14.23514871,14.26251782,14.13573952,14.0192269
b3036,unknown CDS,,b3036,12.58468966,12.71167467,12.6827098,12.7448779,12.83254988,12.78103927
b3037,hypothetical protein,EcoGene suggests alternate start codon,b3037,14.19251229,14.28363164,14.14880878,14.0980832,14.371488,14.30371005
b3038,putative glutathione-like synthetase,putative synthetase/amidase,b3038,13.45784848,13.69817929,13.37263388,13.31574839,13.76900272,13.68698479
b3039,putative enzyme with dioxygenase domain,,b3039,11.88827783,11.80871292,11.6738918,11.810681,11.7291944,11.95895866
b3040,zinc transporter ZupT,,b3040,12.28041608,12.02642534,12.54801734,12.34737197,11.85607739,11.91658585
b3041,"3,4-dihydroxy-2-butanone 4-phosphate synthase",DHBP synthase; functions during riboflavin biosynthesis,b3041,13.08252132,13.00466901,13.35904493,13.33411053,12.89118031,12.83284343
b3042,hypothetical protein,EcoGene suggests alternate start codon,b3042,14.960022,14.83488088,14.89656833,14.96291684,14.71051715,14.6913367
b3043,putative fimbrial-like protein,go_component: fimbria [goid 0009289],b3043,7.662512364,7.534769119,7.559265582,7.515294022,7.548237483,7.561957816
b3044,insertion sequence 2 OrfA protein,IS2 OrfA; forms an overlapping reading frame with orfB; may form a fusion protein OrfAB due to ribosomal frameshifting; both OrfA and OrfAB bind terminal inverted repeats,b3044,13.59563664,13.55040808,13.79457427,13.71453056,13.60205008,13.53108075
b3045,insertion sequence 2 OrfB protein,IS2 OrfB; forms an overlapping reading frame with orfA; may form a fusion protein OrfAB due to ribosomal frameshifting; in some cases OrfB is itself expressed; both OrfA and OrfAB bind terminal inverted repeats,b3045,13.05442408,13.01388311,13.14826555,13.15019046,13.01236239,13.01670251
b3046,putative outer membrane usher protein,go_component: external outer membrane (sensu Gram-negative Bacteria) [goid 0009279],b3046,7.709040305,7.508471505,7.590859476,7.570469712,7.61947265,7.576257299
b3047,putative periplasmic chaperone,EcoGene suggests alternate start codon; go_component: inner membrane [goid 0019866]; go_process: protein folding [goid 0006457],b3047,6.72404716,6.696451429,6.700790502,6.668371003,6.720276133,6.728598041
b3048,hypothetical protein,,b3048,7.881182545,7.73628276,7.76152583,7.74016358,7.751970012,7.70686465
b3049,glycogen synthesis protein GlgS,Involved in glycogen synthesis. May be involved in glycogen priming; go_component: cytoplasm [goid 0005737]; go_process: polysaccharide biosynthesis [goid 0000271],b3049,14.34790617,13.90093664,14.8643921,14.74246482,13.7690328,13.62519184
b3050,putative oxidoreductase,,b3050,6.628564977,6.536585815,6.550973613,6.562821407,6.577519359,6.560253097
b3051,hypothetical protein,go_component: inner membrane [goid 0019866],b3051,8.041419698,7.995589322,8.004025668,8.046710245,8.047493443,8.041653898
b3052,bifunctional ADP-L-glycero-D-manno-heptose synthase: putaive kinase (N-terminal); putative sugar nucleotide transferase (C-terminal),bifunctional protein catalysing steps in LPS core prescursor synthesis; go_process: carbohydrate catabolism [goid 0016052]; go_process: lipopolysaccharide core region biosynthesis [goid 0009244],b3052,12.4720772,12.56656635,12.44458081,12.49192012,12.65499685,12.52690539
b3053,"adenylyl transferase for glutamine synthetase, regulates P-II (GlnB) and GlnK",adenylylating enzyme for glutamine synthetase; go_process: nitrogen metabolism [goid 0006807]; go_process: protein modification [goid 0006464],b3053,12.01136151,12.12734264,12.16838474,12.1895209,12.05306107,12.19624679
b3054,hypothetical protein,,b3054,12.04011572,12.01708819,12.07444957,12.04014667,11.9661563,12.07343968
b3055,hypothetical protein,,b3055,11.23063101,11.74156404,11.03839652,11.2549986,12.37444796,12.16829285
b3056,tRNA nucleotidyl transferase,go_component: cytoplasm [goid 0005737]; go_process: RNA modification [goid 0009451],b3056,11.90333897,11.96021469,11.98719156,11.83050337,12.10948952,12.11509094
b3057,undecaprenyl pyrophosphate phosphatase,BacA; phosphatase activity in Escherichia coli not kinase; involved in bacitracin resistance as bacitracin supposedly sequesters undecaprenyl disphosphate which reduces the pool of lipid carrier available to the cell; go_component: inner membrane [goid 0019866]; go_process: response to drug [goid 0042493],b3057,12.10937739,12.10574027,12.13626307,12.06820657,12.12634258,12.06583797
b3058,"dihydroneopterin aldolase, also has dihydroneopterin triphosphate 2'-epimerase activity",EcoGene suggests alternate start codon; putative kinase; go_process: folic acid biosynthesis [goid 0046656],b3058,12.22248755,12.12092627,12.04884349,12.16864358,12.13454334,12.1607883
b3059,hypothetical protein,,b3059,11.48403014,11.45456653,11.56778987,11.51184769,11.49980956,11.45191141
b3060,putative transcriptional regulator (LysR family),putative transcriptional regulator LYSR-type; go_function: transcriptional activator activity [goid 0016563]; go_function: transcriptional repressor activity [goid 0016564]; go_process: transcription [goid 0006350],b3060,9.922659898,9.487030869,10.71546372,10.7159312,8.681988311,9.323599952
b3061,tartrate dehydratase,Involved in the tartrate degradation pathway; go_process: fermentation [goid 0006113],b3061,7.068877739,7.074629933,7.113479402,7.149207137,7.129765411,7.217021331
b3062,L(+)-tartrate dehydratase,Involved in the tartrate degradation pathway; go_process: fermentation [goid 0006113],b3062,11.62249488,11.49035282,11.45127045,11.5641218,11.52668654,11.64305982
b3063,putative tartrate:succinate antiporter (DASS family),go_component: inner membrane [goid 0019866],b3063,7.434129804,7.467881451,7.364715371,7.514874934,7.459745473,7.562998224
b3064,putative O-sialoglycoprotein endopeptidase,,b3064,12.00361886,12.35252088,12.07975397,11.96959337,12.67866248,12.47189151
b3065,30S ribosomal protein S21,"Interacts with residues in the 16S gene, protecting the stem-loop structure; go_component: cytosolic ribosome (sensu Bacteria) [goid 0009281]; go_component: cytoplasm [goid 0005737]; go_function: structural constituent of ribosome [goid 0003735]; go_process: protein biosynthesis [goid 0006412]",b3065,15.28354891,15.74354607,14.88600938,14.86361386,16.09813166,15.61164585
b3066,DNA primase,synthesizes RNA primers at the replication forks; go_component: cytoplasm [goid 0005737]; go_process: DNA dependent DNA replication [goid 0006261],b3066,12.11642735,12.80835342,11.98863214,12.02766066,12.97355612,12.9168141
b3067,RNA polymerase sigma factor,Binds with the catalytic core of RNA polymerase to produce the holoenzyme; go_component: cytoplasm [goid 0005737]; go_process: transcription [goid 0006350],b3067,13.43494878,13.80825036,13.68143222,13.82636152,13.7302063,13.78933629
b3068,"DNA glycosylase, G/U mismatch-specific",go_component: cytoplasm [goid 0005737]; go_process: DNA repair [goid 0006281],b3068,14.49284184,14.23980038,14.45791247,14.7299757,14.07641203,14.08627997
b3070,"putative enzyme, ferredoxin reductase-like, FAD-linked, NADP-linked",,b3070,12.37092877,12.31119809,12.4386993,12.15462523,12.33080749,12.33630325
b3071,hypothetical protein,,b3071,12.97099093,12.8172823,12.94045615,13.06285012,12.7531922,12.82802533
b3072,"aerotaxis sensor receptor, flavoprotein","aerotaxis sensor receptor, senses cellular redox state or proton motive force; go_component: inner membrane [goid 0019866]; go_process: carbohydrate catabolism [goid 0016052]; go_process: taxis [goid 0042330]",b3072,10.51703167,10.47574974,10.33187859,10.45575679,10.5271499,10.56787594
b3073,probable ornithine aminotransferase,"EcoGene suggests alternate start codon; putative acetylornithine aminotransferase, PLP-dependent; go_process: arginine biosynthesis [goid 0006526]; go_process: pyridoxine biosynthesis [goid 0008615]",b3073,12.70240233,12.77382288,12.70093857,12.48456447,12.90726135,12.81834438
b3074,putative tRNA synthetase,go_process: amino acid activation [goid 0006418],b3074,13.09411342,12.91305742,12.87704515,12.89880553,12.88461596,13.04118031
b3075,regulator of ebg operon,"transcriptional repressor for ebg operon, beta-galactoside utilization (GalR/LacI family); go_component: cytoplasm [goid 0005737]; go_function: transcriptional repressor activity [goid 0016564]; go_process: carbohydrate catabolism [goid 0016052]; go_process: transcription [goid 0006350]",b3075,11.87334722,11.68179109,11.91401361,12.27199107,11.54107585,11.69748388
b3076,"beta-D-galactosidase, ebg operon, alpha subunit, cryptic gene","revised start codon, based on EcoGene 17; evolved beta-D-galactosidase, alpha subunit; cryptic gene; go_process: carbohydrate catabolism [goid 0016052]",b3076,7.802297907,7.735113042,7.733552556,7.831542191,7.81425998,7.857792264
b3077,"beta-D-galactosidase, ebg operon, beta subunit, cryptic gene","evolved beta-D-galactosidase, beta subunit; cryptic gene; go_process: carbohydrate catabolism [goid 0016052]",b3077,7.663370876,7.693812711,7.637633261,7.728374676,7.602508641,7.687003586
b3078,putative oxidoreductase,putative transport protein (APC family); go_component: inner membrane [goid 0019866],b3078,6.351157393,6.339492669,6.334923152,6.383200049,6.363706381,6.359908697
b3079,unknown CDS,,b3079,6.608607226,6.582663869,6.587094096,6.626061017,6.618732531,6.65042253
b3080,putative enzyme,putative isomerase,b3080,9.043553785,8.937147411,8.870849123,8.991052916,8.923649819,9.009289955
b3081,"2,4-dieonyl-CoA reductase, FMN-linked","2,4-dieonyl-CoA reductase, NADH and FMN-linked; go_process: fatty acid oxidation [goid 0019395]",b3081,9.211165245,9.396789792,9.334415787,9.082132655,9.35488521,9.191351159
b3082,putative transcriptional regulator,"go_process: regulation of transcription, DNA-dependent [goid 0006355]",b3082,9.881224296,9.550475376,9.77126558,9.690123233,9.559274651,9.519387324
b3083,hypothetical protein,,b3083,9.351732665,9.279822438,9.420242372,9.386823147,9.226837251,9.026724439
b3084,putative enzyme,EcoGene suggests alternate start codon; putative ribosomal RNA small subunit methyltransferase,b3084,10.43741695,10.72694361,10.35488121,10.27381328,11.22610632,11.0063339
b3085,hypothetical protein,EcoGene suggests alternate start codon,b3085,10.39578177,10.44945334,10.47442193,10.6022989,10.37486568,10.33580889
b3086,putative integral membrane protein,,b3086,8.109635878,8.072367205,8.093540234,8.126399404,8.091678361,8.115314964
b3087,putative NAD(P)-binding dehydrogenase,EcoGene suggests alternate start codon,b3087,12.02787773,11.98011334,12.24864003,12.16353883,11.78099137,11.8569014
b3088,putative transmembrane protein,putative transport protein; go_process: response to stress [goid 0006950],b3088,10.08981507,10.27957034,10.01750277,9.948983679,10.5795643,10.5018188
b3089,Na+:serine/threonine symporter (DAACS family),putative transport protein; go_component: inner membrane [goid 0019866]; go_process: L-serine biosynthesis [goid 0006564]; go_process: threonine biosynthesis [goid 0009088],b3089,13.78400355,13.63126412,14.08060266,13.82404397,13.30478654,13.31806618
b3090,hypothetical protein,,b3090,7.093332471,7.239008249,7.097225676,7.115194183,7.404400593,7.302641694
b3091,altronate hydrolase,go_process: carbohydrate catabolism [goid 0016052],b3091,10.49709085,10.4181904,10.60821373,10.64436832,10.36337248,10.33078646
b3092,uronate isomerase,catalyzes the interconversion of D-glucuronate to D-fructuronate or D-galacturonate to D-tagaturonate; go_process: carbohydrate catabolism [goid 0016052],b3092,10.24479048,10.18223467,10.68227741,10.71637351,10.0268365,10.23085697
b3093,hexuronate transport protein (MFS family),transport of hexuronates; go_component: inner membrane [goid 0019866]; go_process: carbohydrate catabolism [goid 0016052],b3093,6.96960546,7.033575454,7.164517869,7.022130333,6.985738311,7.007255066
b3094,"negative regulator of exu regulon, exuT, uxaAC, and uxuB",EcoGene suggests alternate start codon; transcriptional repressor for carbon degradation (GntR family); go_component: cytoplasm [goid 0005737]; go_function: transcriptional repressor activity [goid 0016564]; go_process: carbohydrate catabolism [goid 0016052]; go_process: transcription [goid 0006350],b3094,12.76943458,12.71482084,12.98074823,12.98280147,12.62522814,12.83397657
b3095,putative integral membrane protein,,b3095,12.73329664,12.58550082,12.73850709,12.81495826,12.58727561,12.58057389
b3096,hypothetical protein,,b3096,11.85833062,11.64458098,11.78979143,11.65678102,11.71756821,11.6454979
b3097,hypothetical protein,EcoGene suggests alternate start codon,b3097,15.68121915,15.51279875,15.71150937,15.69971204,15.41742295,15.41121102
b3098,hypothetical protein,,b3098,15.84745419,15.56892258,15.95577331,15.6362822,15.61195302,15.47352109
b3099,hypothetical protein,,b3099,13.17374634,13.06216425,13.32080542,13.19262706,12.84229999,12.7143609
b3100,hypothetical protein,,b3100,12.51999728,12.44169116,12.67427368,12.61541546,12.17035037,12.15318736
b3101,hypothetical protein,EcoGene suggests alternate start codon,b3101,11.5815363,11.51862931,11.58387078,11.65666583,11.46626019,11.54164368
b3102,putative enzyme with S-transferase domain,putative transferase,b3102,12.30805409,12.05574088,12.65950476,12.51473688,11.78907517,11.82699448
b3103,putative cytochrome,,b3103,13.63656018,13.21300576,13.7993375,13.69424542,13.18554196,13.11791101
b3104,putative cytochrome,,b3104,6.449898037,6.460509345,6.565060835,6.533575079,6.448816114,6.40751138
b3105,putative transcriptional regulator (LysR family),putative transcriptional regulator LYSR-type; go_function: transcriptional activator activity [goid 0016563]; go_function: transcriptional repressor activity [goid 0016564]; go_process: transcription [goid 0006350],b3105,12.00553802,11.97993512,12.10791185,12.12665046,11.94192491,11.84274494
b3106,hypothetical protein,,b3106,11.85957858,12.05392126,11.72787101,11.75591633,11.68102114,11.94601554
b3107,unknown CDS,EcoGene suggests alternate start codon,b3107,11.59148538,11.47710175,11.6355874,11.78629982,11.32187977,11.2615559
b4470,hypothetical protein,,b4470,9.329578031,9.385961924,9.369543268,9.413328426,9.282944141,9.387830311
b3110,putative transport protein (HAAAP family),EcoGene suggests alternate start codon; putative transport system permease protein; go_component: inner membrane [goid 0019866],b3110,11.07621839,10.99706676,11.11735855,11.1692727,10.96198153,11.1312929
b4471,L-serine dehydratase,go_process: amino acid catabolism [goid 0009063],b4471,9.391784237,9.317523435,9.484842231,9.572235778,9.256179746,9.389466568
b3113,hypothetical protein,EcoGene suggests alternate start codon,b3113,9.066656513,9.059219356,9.190601296,9.160823638,8.88537561,9.043801574
b3114,probable formate acetyltransferase 3,pyruvate formate-lyase 4/2-ketobutyrate formate-lyase; go_component: cytoplasm [goid 0005737]; go_process: amino acid catabolism [goid 0009063]; go_process: fermentation [goid 0006113]; go_process: anaerobic respiration [goid 0009061],b3114,8.59075975,8.593670006,8.62678977,8.655760711,8.553610432,8.62169091
b3115,acetate/propionate kinase,AckA; TdcD; acetate/propionate kinase; TdcD has both and functions in anerobic threonine catabolism; AckA utilizes acetate and can acetylate CheY which increases signal strength during flagellar rotation; utilizes magnesium and ATP; also involved in conver; go_process: amino acid catabolism [goid 0009063],b3115,7.479224677,7.416649904,7.415571514,7.419755188,7.456307686,7.53039552
b3116,"L-threonine/L-serine permease, anaerobically inducible (HAAAP family)","anaerobically inducible L-threonine, L-serine permease; go_component: inner membrane [goid 0019866]; go_process: threonine biosynthesis [goid 0009088]",b3116,7.21119894,7.345810947,7.339485772,7.322860332,7.237678544,7.282405208
b3117,threonine dehydratase,catalyzes the formation of 2-oxobutanoate from L-threonine; go_process: amino acid catabolism [goid 0009063],b3117,8.441006785,8.377154789,8.427915304,8.306245384,8.413743864,8.491351434
b3118,transcriptional activator for amino acids degradation (LysR family),transcriptional activator of tdc operon; go_component: cytoplasm [goid 0005737]; go_function: transcriptional activator activity [goid 0016563]; go_process: amino acid catabolism [goid 0009063]; go_process: transcription [goid 0006350],b3118,7.757696045,7.704984849,7.869269839,7.713161666,7.646147527,7.686774803
b3119,threonine dehydratase operon activator protein,EcoGene suggests alternate start codon; transcriptional activator for threonine dehydratase; go_component: cytoplasm [goid 0005737]; go_function: transcriptional activator activity [goid 0016563]; go_process: amino acid catabolism [goid 0009063]; go_process: transcription [goid 0006350],b3119,6.138345918,6.131092282,6.212838881,6.145311282,6.102869164,6.126593676
b3120,hypothetical protein,EcoGene suggests alternate start codon,b3120,6.177735732,6.158637733,6.130451913,6.149405673,6.149630211,6.137218576
b3121,hypothetical protein,,b3121,6.672616545,6.623774427,6.678481549,6.642661525,6.658583954,6.609889255
b3124,glycerate kinase I,EcoGene suggests alternate start codon; go_process: carbohydrate catabolism [goid 0016052],b3124,10.06187308,10.05352551,10.31095857,10.42416477,9.931042259,9.925824288
b3125,tartronate semialdehyde reductase (TSAR),EcoGene suggests alternate start codon; go_process: carbohydrate catabolism [goid 0016052]; go_process: glycolate metabolism [goid 0009441],b3125,10.43703191,10.31417044,10.57616561,10.4846001,10.30487705,10.31734432
b3126,alpha-dehydro-beta-deoxy-D-glucarate aldolase,go_process: carbohydrate catabolism [goid 0016052],b3126,8.893576968,8.860268255,8.93603454,9.054254134,8.813199144,8.969317719
b3127,putative transport protein,go_component: inner membrane [goid 0019866]; go_process: carbohydrate catabolism [goid 0016052],b3127,8.04375668,7.99014415,7.968538474,7.995687576,7.994117214,8.061310272
b3128,(D)-galactarate dehydrogenase,go_process: carbohydrate catabolism [goid 0016052],b3128,10.25713028,10.02681209,10.30451549,10.23048998,10.00151896,10.04433165
b3129,putative protease; htrA suppressor protein,,b3129,11.95593771,11.84764409,11.94073521,11.95206078,11.70146975,11.7394575
b3130,hypothetical protein,,b3130,11.30005537,11.43514649,11.33405985,11.32952753,11.30835787,11.18136659
b3131,putative DEOR-type transcriptional regulator of aga operon,transcriptional repressor of N-acetyl galactosamine metabolism (DeoR family); go_function: transcriptional repressor activity [goid 0016564]; go_process: amino sugar biosynthesis [goid 0046349]; go_process: transcription [goid 0006350],b3131,11.82672899,11.59693278,11.82214272,11.8126439,11.51451478,11.47312043
b3132,putative tagatose 6-phosphate kinase 2,"tagatose 6-phosphate aldolase 1, subunit together with AgaY; go_process: carbohydrate catabolism [goid 0016052]",b3132,7.502106594,7.415410591,7.542364448,7.504431277,7.405737587,7.448947169
b3133,"PTS family enzyme IIB component 2, N-acetylgalactosamine-specific","EcoGene suggests alternate start codon; PTS system, cytoplasmic, N-acetylgalactosamine-specific IIB component 2 (EIIB-AGA); go_component: cytoplasm [goid 0005737]; go_process: amino sugar biosynthesis [goid 0046349]",b3133,7.968026291,7.894441499,7.992309793,7.916867114,7.929816482,7.987300502
b3134,"PTS family enzyme IIC component 2, N-acetylgalactosamine-specific",PTS system N-acetylgalactosameine-specific IIC component 2; go_process: amino sugar biosynthesis [goid 0046349],b3134,9.699591095,9.556804188,9.568771849,9.537527892,9.677851517,9.65101494
b3135,putative N-acetylgalactosamine-6-phosphate deacetylase,putative N-acetylglucosamine-6-phosphate deacetylase,b3135,11.61120514,11.37644618,11.39722588,11.3927373,11.49466825,11.5873125
b3136,putative tagatose-6-phosphate aldose/ketose isomerase,putative tagatose-6-phosphate ketose/aldose isomerase,b3136,7.899233661,7.890236957,7.829767563,7.930086025,7.811409843,7.868755374
b3137,"tagatose 1,6-diphosphate aldolase",catalyzes the formation of dihydroxyacetone phosphate and glyceraldehyde phospthate from tagatose 1.6-bisphosphate; go_process: carbohydrate catabolism [goid 0016052],b3137,8.833166259,8.755888768,8.720097948,8.830185274,8.721784544,8.831905478
b3138,"PTS family enzyme IIB component 1, N-acetylgalactosamine-specific","PTS system, cytoplasmic, N-acetylgalactosamine-specific IIB component 1 (EIIB-AGA); go_component: cytoplasm [goid 0005737]",b3138,6.231685157,6.219096472,6.221477977,6.218905358,6.224881458,6.234557232
b3139,"PTS family enzyme IIC component 1, N-acetylgalactosamine-specific",PTS system N-acetylgalactosamine-specific IIC component 1,b3139,7.258810148,7.194551793,7.175061502,7.286535156,7.170390066,7.281746783
b3140,"PTS family enzyme IID, N-acetylglucosamine-specific","PTS system, N-acetylglucosamine enzyme IID component 1; go_process: amino sugar biosynthesis [goid 0046349]",b3140,7.788722908,7.740792597,7.761440433,7.736629407,7.726182498,7.789837632
b3141,putative galactosamine-6-phosphate isomerase,,b3141,9.168697016,9.040484835,9.032155652,9.036294328,9.025942466,9.125192295
b3142,putative fimbrial protein precursor,putative fimbrial-like protein; go_component: fimbria [goid 0009289],b3142,7.641343118,7.532862604,7.633683447,7.435649205,7.566855931,7.470810004
b3143,putative chaperone,putative periplasmic chaperone protein; go_process: protein folding [goid 0006457],b3143,7.715065383,7.577726912,7.577901896,7.587434271,7.636920909,7.684143052
b3144,putative outer membrane protein,go_component: external outer membrane (sensu Gram-negative Bacteria) [goid 0009279],b3144,8.512382727,8.411909941,8.45610858,8.501015439,8.429180864,8.467426212
b3145,putative fimbrial protein,putative fimbrial-like protein; go_component: fimbria [goid 0009289],b3145,9.232057951,9.108253648,9.248847901,9.215729416,9.154874305,9.144167747
b3146,putative enzyme with methyltransferase domain,,b3146,12.07339176,11.96164879,12.24419819,12.15850117,11.95705328,11.92925747
b3147,putative enzyme,putative glycosylase,b3147,12.3031345,12.37841502,12.33403743,12.3286835,12.31434269,12.26464608
b3148,hypothetical protein,,b3148,13.07083808,13.08300059,12.9698359,13.02723981,13.08394577,13.12607374
b3149,putative phosphoheptose isomerase,,b3149,12.74592586,12.78509571,12.87125347,12.6836828,12.80256688,12.83736919
b3150,putative periplasmic protein,go_component: periplasmic space [goid 0042597],b3150,12.83085771,12.76405192,12.95056371,12.96387248,12.77245059,12.79053878
b3151,hypothetical protein,,b3151,10.53777003,10.69922135,10.44773688,10.46327369,10.91929085,10.870202
b3152,putative NADH dehydrogenase,EcoGene suggests alternate start codon,b3152,12.0127071,11.80918929,11.98848527,11.97471877,11.74104947,11.84538182
b3153,putative intracellular proteinase with catalase domain,EcoGene suggests alternate start codon,b3153,12.35487276,11.91090666,12.56807695,12.43874871,11.88084906,11.85402317
b3154,hypothetical protein,,b3154,12.62062876,12.41528288,12.51543851,12.60916439,12.51822622,12.44752348
b3155,hypothetical protein,,b3155,10.8634181,10.8038509,10.71149734,10.85164264,10.75432443,10.72787647
b3156,hypothetical protein,go_component: inner membrane [goid 0019866],b3156,12.11786635,11.77867141,12.5652845,12.5885031,11.33107636,11.64787817
b3157,hypothetical protein,,b3157,14.51580124,14.19541307,14.87196231,14.87216952,13.95909471,14.19135385
b3158,putative collagenase,putative protease,b3158,12.79702889,12.49684464,13.02076519,12.99733404,11.68726164,12.03356956
b3159,putative protease,EcoGene suggests alternate start codon,b3159,11.47489185,11.09154905,11.73781216,11.57681324,9.902050223,10.17358051
b3160,putative enzyme,putative monooxygenase,b3160,12.59339319,12.47902756,12.50430675,12.27636142,12.58093113,12.43830233
b3161,tryptophan-specific transport protein,tryptophan-specific transport protein (HAAAP family); go_component: inner membrane [goid 0019866]; go_process: tryptophan biosynthesis [goid 0000162],b3161,10.63080362,10.86762362,12.28552463,12.07603836,10.79670436,11.92165256
b3162,cold-shock DeaD box ATP-dependent RNA helicase,EcoGene suggests alternate start codon; inducible ATP-independent RNA helicase; go_component: cytoplasm [goid 0005737]; go_process: RNA modification [goid 0009451],b3162,13.79021609,13.99134107,13.81190758,13.90934861,14.06655731,14.26442257
b3163,NlpI lipoprotein believed to be involved in cell division,lipoprotein,b3163,16.77448314,16.60407313,16.67050287,16.69172069,16.62063595,16.67713429
b3164,"polynucleotide phosphorylase, has polyadenylase activity",EcoGene suggests alternate start codon; polynucleotide phosphorylase; cytidylate kinase activity; go_component: cytoplasm [goid 0005737]; go_process: RNA catabolism [goid 0006401]; go_process: RNA catabolism [goid 0006401],b3164,15.07224651,15.21619281,15.13957882,15.15133563,15.17429117,15.37074901
b3165,30S ribosomal protein S15,binds to the 16S ribosomal RNA; go_component: cytosolic ribosome (sensu Bacteria) [goid 0009281]; go_component: cytoplasm [goid 0005737]; go_function: structural constituent of ribosome [goid 0003735]; go_process: protein biosynthesis [goid 0006412],b3165,14.67772898,14.56681311,14.50387561,14.34832244,14.78599592,14.58566817
b3166,tRNA pseudouridine synthase B,catalyzes isomerization of specific uridines in RNA to pseudouridine; responsible for residues in T loops of many tRNAs; go_component: cytoplasm [goid 0005737]; go_process: RNA modification [goid 0009451],b3166,13.05094076,13.34396838,13.24622613,12.99391102,13.34178492,13.39111767
b3167,ribosome-binding factor A,Associates with free 30S ribosomal subunits; essential for efficient processing of 16S rRNA; go_component: cytoplasm [goid 0005737]; go_process: RNA modification [goid 0009451],b3167,13.15875976,13.40953872,13.38198377,13.31321699,13.40863469,13.47237374
b3168,translation initiation factor IF-2,Protects formylmethionyl-tRNA from spontaneous hydrolysis and promotes its binding to the 30S ribosomal subunits during initiation of protein synthesis. Also involved in the hydrolysis of GTP during the formation of the 70S ribosomal complex; go_component: cytoplasm [goid 0005737]; go_process: protein biosynthesis [goid 0006412],b3168,14.26938636,14.39097087,14.35939926,14.3685348,14.37141384,14.48772826
b3169,transcription elongation factor NusA,"binds to RNA polymerase and RNA; stimulates rho independent termination by promoting hairpin formation; also interacts with N protein and prevents hairpin formation, thereby preventing termination; go_component: cytoplasm [goid 0005737]; go_process: transcription [goid 0006350]; go_process: regulation of transcription, DNA-dependent [goid 0006355]",b3169,14.35908928,14.55601717,14.24506191,14.43021841,14.54414467,14.67270395
b3170,hypothetical protein,,b3170,14.29091052,14.43565503,14.11652974,14.14665598,14.67465574,14.60237811
b3172,argininosuccinate synthase,catalyzes the formation of arginosuccinate from citrulline and aspartate in arginine biosynthesis; go_component: cytoplasm [goid 0005737]; go_process: arginine biosynthesis [goid 0006526],b3172,14.71771652,14.84305171,14.75050204,14.84177851,14.90506448,14.86273926
b3173,putative alkaline phosphatase I,EcoGene suggests alternate start codon; putative transmembrane protein,b3173,6.825294723,6.805414049,6.745961257,6.780129998,6.750087851,6.740778806
b3175,protein-export membrane protein,go_component: inner membrane [goid 0019866],b3175,14.19426476,13.99263675,14.19720715,14.13780985,14.28643542,13.84147812
b3176,phosphoglucosamine mutase,"go_component: cytoplasm [goid 0005737]; go_function: cell surface antigen activity, host-interacting [goid 0042280]; go_process: O antigen biosynthesis [goid 0009243]; go_process: enterobacterial common antigen biosynthesis [goid 0009246]; go_process: glucose metabolism [goid 0006006]; go_process: peptidoglycan biosynthesis [goid 0009252]",b3176,13.80082323,13.73469796,13.99640522,13.95385429,13.66006168,13.63977048
b3177,"7,8-dihydropteroate synthase",EcoGene suggests alternate start codon; go_process: folic acid biosynthesis [goid 0046656],b3177,11.61758001,11.89448955,11.56450266,11.59505108,11.91942417,12.01314552
b3178,ATP-dependent zinc-metallo protease,"degrades sigma32, integral membrane peptidase, cell division protein; go_component: inner membrane [goid 0019866]",b3178,14.35876894,14.4864127,14.36215595,14.2773047,14.50608471,14.43812671
b3179,23 S rRNA methyltransferase,,b3179,14.2595131,14.22786537,14.30098535,14.26534866,14.17345808,14.16783709
b3180,hypothetical protein,,b3180,12.93239979,13.01502633,12.75780449,12.59229388,13.14524836,12.97452002
b3181,transcription elongation factor GreA,"necessary for efficient RNA polymerase transcription elongation past template-encoded arresting sites; arresting sites in DNA have the property of trapping a certain fraction of elongating RNA polymerases that pass through, resulting in locked ternary comp; go_component: cytoplasm [goid 0005737]; go_process: transcription [goid 0006350]; go_process: regulation of transcription, DNA-dependent [goid 0006355]",b3181,12.90956317,12.82904146,12.91868683,12.81677047,12.96459683,12.80901285
b3182,"D-alanyl-D-alanine carboxypeptidase, fraction B; penicillin-binding protein 4","D-alanyl-D-alanine carboxypeptidase, penicillin-binding protein 4; go_component: periplasmic space [goid 0042597]; go_process: peptidoglycan biosynthesis [goid 0009252]; go_process: response to drug [goid 0042493]",b3182,11.47018584,11.53643511,11.52536743,11.45233667,11.73644848,11.54764796
b3183,putative GTP-binding factor,putative GTP-binding protein,b3183,12.76064488,12.94412346,12.67452015,12.76631036,12.96040656,13.0961472
b3184,hypothetical protein,,b3184,11.76474729,12.26528082,11.49004973,11.48575709,12.40951675,12.46597866
b3185,50S ribosomal protein L27,The function of this ribosomal subunit is unknown; go_component: cytosolic ribosome (sensu Bacteria) [goid 0009281]; go_component: cytoplasm [goid 0005737]; go_function: structural constituent of ribosome [goid 0003735]; go_process: protein biosynthesis [goid 0006412],b3185,15.21223031,15.57358559,15.07495825,14.90887485,15.81172808,15.46581055
b3186,50S ribosomal protein L21,go_component: cytosolic ribosome (sensu Bacteria) [goid 0009281]; go_component: cytoplasm [goid 0005737]; go_function: structural constituent of ribosome [goid 0003735]; go_process: protein biosynthesis [goid 0006412],b3186,17.05898118,17.25501651,16.92207177,16.72610994,17.3871483,17.197312
b3187,octaprenyl-diphosphate synthase,,b3187,13.15241744,13.32933695,13.2448174,13.20546584,13.31116378,13.22977745
b3188,regulatory factor of maltose metabolism; similar to Ner repressor protein of phage Mu,transcriptional activator of maltose metabolism; go_component: cytoplasm [goid 0005737]; go_function: transcriptional activator activity [goid 0016563]; go_process: carbohydrate catabolism [goid 0016052]; go_process: transcription [goid 0006350],b3188,10.41122126,10.32172998,10.26747649,10.28583037,10.44312993,10.32816213
b3189,UDP-N-acetylglucosamine 1-carboxyvinyltransferase,adds enolpyruvyl to UDP-N-acetylglucosamine as a component of cell wall formation; go_process: peptidoglycan biosynthesis [goid 0009252],b3189,13.92731066,14.11707733,13.68893736,13.63680446,14.1198536,14.09560791
b3190,putative transcriptional regulator (BolA family),"EcoGene suggests alternate start codon; go_process: regulation of transcription, DNA-dependent [goid 0006355]",b3190,13.14850781,13.61033581,12.86790975,13.02210596,13.58539342,13.5550791
b3191,hypothetical protein,EcoGene suggests alternate start codon,b3191,13.65595343,13.61267607,13.58703333,13.73057894,13.5158516,13.49580814
b3192,"putative transport protein (ABC superfamily, atp_bind and membrane)",go_component: cytoplasm [goid 0005737],b3192,13.71421797,13.70729645,13.78681649,13.75268371,13.64004667,13.54143863
b3193,"putative transport protein (ABC superfamily, peri_bind)",,b3193,13.48348218,13.64973458,13.46006524,13.39165755,13.5055552,13.45191569
b3194,"putative transport protein (ABC superfamily, membrane)",,b3194,13.62531405,13.71554866,13.54882526,13.61073679,13.65671668,13.64133577
b3195,putative ATP-binding component of a transport system,"putative transport protein (ABC superfamily, atp_bind); go_component: cytoplasm [goid 0005737]",b3195,13.02032573,13.00314984,12.9684732,12.85142634,13.03331256,12.8423378
b3196,putative Na:Ca transport protein (CacA family),go_component: inner membrane [goid 0019866]; go_function: calcium:sodium antiporter activity [goid 0005432],b3196,10.61057125,10.54043547,10.65134003,10.48155119,10.50910734,10.59286565
b3197,putative isomerase,putative phospho-sugar-binding protein/isomerase; go_component: capsule (sensu Bacteria) [goid 0030113],b3197,12.53825765,12.5662247,12.62640902,12.66992735,12.46938804,12.49783025
b3198,3-deoxy-D-manno-octulosonate 8-phosphate phosphatase,forms homotetramers; catalyzes hydrolysis of KDO 8-P to KDO and inorganic phosphate; functions in lipopolysaccharide biosynthesis,b3198,12.85419712,12.83267374,12.97405241,13.02402441,12.7288159,12.68613649
b3199,hypothetical protein,,b3199,12.82636811,12.86548763,12.78755802,12.70865821,12.79647005,12.68815925
b3200,"putative transport protein (ABC superfamily, peri_bind)",,b3200,12.99783073,13.23515454,12.92999016,12.92132487,13.17232299,13.22307292
b3201,putative ATP-binding component of a transport system,"putative transport protein (ABC superfamily, atp_bind); go_component: cytoplasm [goid 0005737]",b3201,12.48609237,12.68949401,12.52864229,12.46278652,12.61887412,12.68673627
b3202,DNA-directed RNA polymerase subunit N,DNA-dependent RNA polymerase catalyzes the transcription of DNA into RNA using the four ribonucleoside triphosphates as substrates; go_process: nitrogen metabolism [goid 0006807]; go_process: transcription [goid 0006350],b3202,13.6142525,13.56189897,13.64336438,13.66761823,13.41257058,13.5367789
b3203,probable sigma-54 modulation protein,putative sigma N (sigma 54) modulator; go_process: transcription [goid 0006350],b3203,13.95817206,13.94589928,14.14550009,14.15144561,13.83369211,13.84492451
b3204,"PTS family enzyme IIA, sugar-specific, regulates N metabolism","phosphotransferase system enzyme IIA, regulates N metabolism",b3204,13.91435479,13.96772975,13.98733509,14.21036554,13.845144,13.89326724
b3205,hypothetical protein,,b3205,13.07505591,13.32387637,13.17543689,13.25227259,13.32517897,13.29699148
b3206,"NPr, phosphocarrier protein (HPr-like), nitrogen-related","phosphocarrier protein HPr-like NPr, nitrogen related, exchanges phosphate with Enzyme I, Hpr; go_component: cytoplasm [goid 0005737]; go_process: protein modification [goid 0006464]",b3206,12.51482309,12.6047463,12.43273648,12.79015077,12.62834794,12.49423931
b3207,hypothetical protein,,b3207,14.7801867,14.69799523,15.02496982,14.78881011,14.57204468,14.49455073
b3208,monofunctional biosynthetic peptidoglycan transglycosylase,glycosyltransferase; polymerizes glycan strands in the peptidoglycan; go_process: peptidoglycan biosynthesis [goid 0009252],b3208,10.44726122,10.28124613,10.6303204,10.52042046,10.30571731,10.31469612
b3209,sigma cross-reacting protein 27A (SCRP-27A),EcoGene suggests alternate start codon,b3209,13.08061819,12.80745571,13.32208683,13.22098515,12.69629854,12.6760293
b3210,"aerobic respiration sensor-response protein; histidine protein kinase/phosphatase, sensor for arcA","hybrid sensory histidine kinase in two-component regulatory system with ArcA, regulates respiration and fermentation, senses oxidized quinones; go_component: inner membrane [goid 0019866]; go_process: aerobic respiration [goid 0009060]; go_process: protein modification [goid 0006464]",b3210,12.64832625,12.63863156,12.61406051,12.78096477,12.49281955,12.6633079
b3211,putative enzyme,,b3211,10.95105985,10.86899327,11.0956023,11.13805493,10.60729954,10.86944713
b3212,"glutamate synthase, large subunit",go_process: glutamate biosynthesis [goid 0006537]; go_process: nitrogen metabolism [goid 0006807],b3212,15.53050079,15.6850849,15.63649319,15.79139303,15.73492356,15.88354373
b3213,"glutamate synthase, small subunit","glutamate synthase, small subunit, nucleotide-binding, 4Fe-4S protein; go_process: glutamate biosynthesis [goid 0006537]; go_process: nitrogen metabolism [goid 0006807]",b3213,15.86045493,15.76293247,15.92419322,15.94866308,15.85032609,15.91552755
b3214,"regulator of gltBDF operon, induction of Ntr enzyme","transcriptional regulator of glutamate synthase, induction of Ntr enzyme; go_component: periplasmic space [goid 0042597]; go_process: glutamate biosynthesis [goid 0006537]; go_process: nitrogen metabolism [goid 0006807]; go_process: regulation of transcription, DNA-dependent [goid 0006355]",b3214,11.459973,11.57412935,11.30128145,11.55152869,11.58376091,11.59532647
b3215,putative chaperone,putative periplasmic chaperone protein; go_process: protein folding [goid 0006457],b3215,6.537135578,6.559179511,6.495999642,6.460833909,6.580989609,6.561645505
b3216,putative outer membrane protein,go_component: external outer membrane (sensu Gram-negative Bacteria) [goid 0009279],b3216,7.993293919,7.916263866,7.886157448,7.938295231,7.839710898,7.873088728
b3217,unknown CDS,,b3217,8.417874275,8.242995887,8.444948877,8.286915379,8.166617113,8.150725209
b3218,IS5 protein 10,IS5 transposase,b3218,14.48218822,14.63494191,14.38091179,14.51081546,14.46228458,14.56021611
b3219,putative transcriptional regulator,"go_process: transcription [goid 0006350]; go_process: regulation of transcription, DNA-dependent [goid 0006355]",b3219,8.757969368,8.523009534,8.737059139,8.732930481,8.425873027,8.251663815
b3220,hypothetical protein,,b3220,10.21523436,10.08401481,10.17208667,10.2825501,10.0705789,10.08480197
b3221,hypothetical protein,,b3221,10.46480538,10.31491068,10.63834548,10.51489437,10.29689418,10.12663932
b3222,N-acetylmannosamine kinase,Catalyzes the phosphorylation of the N-acetylmannosamine (ManNAc) liberated from N-acetyl-neuraminic acid by the nanA protein; go_component: cytoplasm [goid 0005737]; go_process: amino sugar biosynthesis [goid 0046349],b3222,10.25850705,10.11871695,10.37449357,10.24678077,10.14747929,10.07658131
b3223,ManNAc epimerase,"putative ManNAc-6P epimerase, NAD(P)-linked; go_component: cytoplasm [goid 0005737]; go_process: amino sugar biosynthesis [goid 0046349]",b3223,11.26958883,11.17584637,11.22705414,11.24085445,11.15869057,11.35008447
b3224,putative sialic acid transporter,EcoGene suggests alternate start codon; go_component: inner membrane [goid 0019866]; go_process: amino sugar biosynthesis [goid 0046349],b3224,9.219408998,9.157885264,9.31930688,9.118613343,9.25549145,9.205178217
b3225,N-acetylneuraminate lyase,"catalyzes the formation of pyruvate and N-acetylmannosamine from N-acetylneuraminic acid; go_function: cell surface antigen activity, host-interacting [goid 0042280]; go_process: amino sugar biosynthesis [goid 0046349]",b3225,10.69187364,10.66491114,10.75501538,10.52373148,10.63726547,10.61649643
b3226,transcriptional regulator NanR,Transcriptional repressor of the nan operon that encodes proteins involved in sialic acid utilization; go_function: transcriptional repressor activity [goid 0016564]; go_process: transcription [goid 0006350],b3226,11.73624151,11.67144276,11.95134062,11.69249412,11.54308239,11.59119117
b3227,Cryptic C4-dicarboxylate carrier,putative C4-dicarboxylate transport protein (DcuC family); go_component: inner membrane [goid 0019866],b3227,8.751845799,8.670369007,8.698889937,8.813572815,8.664951347,8.738551879
b3228,stringent starvation protein B,go_process: response to starvation [goid 0042594],b3228,14.01722324,14.02436325,14.14059578,13.95132273,14.14638354,14.07208199
b3229,stringent starvation protein A,"transcriptional activator; required for activation of bacteriophage P1 late promoter; induced by starvation; go_component: cytoplasm [goid 0005737]; go_process: transcription [goid 0006350]; go_process: regulation of transcription, DNA-dependent [goid 0006355]; go_process: response to starvation [goid 0042594]",b3229,14.53800397,14.56126906,14.67348942,14.5650084,14.6383072,14.56753125
b3230,30S ribosomal protein S9,Forms a direct contact with the tRNA during translation; go_component: cytosolic ribosome (sensu Bacteria) [goid 0009281]; go_component: cytoplasm [goid 0005737]; go_function: structural constituent of ribosome [goid 0003735]; go_process: protein biosynthesis [goid 0006412],b3230,15.32423201,15.6683995,15.49104239,15.51981444,15.86561027,15.66671388
b3231,50S ribosomal protein L13,L13 is associated with the antitermination complex; go_component: cytosolic ribosome (sensu Bacteria) [goid 0009281]; go_component: cytoplasm [goid 0005737]; go_function: structural constituent of ribosome [goid 0003735]; go_process: protein biosynthesis [goid 0006412],b3231,16.18791766,16.37988814,16.25954481,15.94592824,16.57379475,16.47243549
b3232,putative ATPase,,b3232,12.52443234,12.64021483,12.39439921,12.12901261,12.7789826,12.55696244
b3233,hypothetical protein,EcoGene suggests alternate start codon,b3233,14.02906992,13.93365384,14.18718244,13.96148881,13.832537,13.77858508
b3234,serine endoprotease,,b3234,12.40368186,12.12531416,12.69587956,12.56880472,12.00812312,11.96726141
b3235,periplasmic serine endoprotease,protease; go_component: periplasmic space [goid 0042597]; go_function: peptidase activity [goid 0008233]; go_process: proteolysis and peptidolysis [goid 0006508],b3235,11.22341818,10.97245428,11.38520824,11.02847566,11.10333438,10.9193996
b3236,malate dehydrogenase,oxdizes malate to oxaloacetate; go_process: carbohydrate catabolism [goid 0016052]; go_process: tricarboxylic acid cycle [goid 0006099]; go_process: fermentation [goid 0006113]; go_process: anaerobic respiration [goid 0009061]; go_process: gluconeogenesis [goid 0006094]; go_process: glyoxylate catabolism [goid 0009436],b3236,17.03914143,16.84337524,17.05379096,16.88402979,16.8720386,16.7444812
b3237,arginine repressor,regulates arginine biosynthesis when complexed with arginine by binding at site that overlap the promotors of the arginine biosynthesis genes; go_component: cytoplasm [goid 0005737]; go_function: transcriptional repressor activity [goid 0016564]; go_process: arginine biosynthesis [goid 0006526]; go_process: transcription [goid 0006350],b3237,12.05729964,12.34994461,12.34975296,12.33570612,12.43531267,12.14456245
b3238,hypothetical protein,EcoGene suggests alternate start codon,b3238,11.85543198,11.49429551,11.47121527,11.52710064,11.65226254,11.49054795
b3239,hypothetical protein,,b3239,12.18590728,11.95767737,12.35248319,12.25151457,11.88141681,11.68276631
b3240,"putative membrane protein, transport",,b3240,8.771435169,8.769150057,8.827992423,8.800629393,8.824727174,8.864382906
b3241,putative membrane located multidrug resistance protein,go_component: inner membrane [goid 0019866],b3241,11.20817563,11.02965501,11.12871797,11.15242326,11.04886823,11.16315464
b3242,unknown CDS,EcoGene suggests alternate start codon,b3242,8.671495413,8.443371568,8.720367048,8.551286296,8.534823482,8.548326901
b3243,putative transcriptional regulator (LysR family),putative transcriptional regulator LYSR-type; go_function: transcriptional activator activity [goid 0016563]; go_function: transcriptional repressor activity [goid 0016564]; go_process: transcription [goid 0006350],b3243,11.12609417,10.92024404,11.22381891,11.30052441,10.76445516,10.79561107
b3244,suppresses inhibitory activity of CsrA,,b3244,13.58914397,13.21606947,13.66045804,13.56997281,13.30638921,13.28517867
b4472,hypothetical protein,,b4472,11.76281348,11.74760001,11.67870592,11.73826025,11.72698817,11.80671993
b3247,RNase G,EcoGene suggests alternate start codon; ribonuclease G (RNase G); go_component: cytoplasm [goid 0005737]; go_process: RNA modification [goid 0009451],b3247,13.51565204,13.61195568,13.37379471,13.37793739,13.639389,13.6677488
b3248,Maf-like protein,overexpression in Bacillus subtilis inhibits septation in the dividing cell,b3248,13.0355469,13.1705766,12.84441577,13.01107588,13.1683495,13.23867516
b3249,rod shape-determining protein,go_component: inner membrane [goid 0019866]; go_process: peptidoglycan biosynthesis [goid 0009252],b3249,12.57101125,13.03801183,12.08207274,12.11076508,13.35728096,13.20752749
b3250,rod shape-determining protein,go_process: peptidoglycan biosynthesis [goid 0009252],b3250,11.88468353,12.5854448,11.44191098,11.36194089,12.8246398,12.72336032
b3251,"regulator of ftsI, penicillin binding protein 3, septation function","EcoGene suggests alternate start codon; split gene in K-12, associated with mecillinam resistance, cell shape, ATPase domain; go_process: response to drug [goid 0042493]",b3251,13.75240347,14.0730729,13.59341312,13.56182263,14.25767182,14.16061183
b3252,hypothetical protein,,b3252,11.33125935,11.19559439,11.41609419,11.38047759,11.22030471,11.14485046
b3253,putative dehydrogenase,"putative dehydrogenase, NAD(P)-binding",b3253,12.61844073,12.43027919,12.96098588,13.01815264,12.08328585,12.23981886
b3254,unknown CDS,,b3254,8.018337449,7.97204292,8.028611049,7.951807644,8.052868886,7.963130646
b3255,acetyl-CoA carboxylase,"Catalyzes the formation of malnoyl-CoA, which in turn controls the rate of fatty acid metabolism; go_process: biotin carboxyl carrier protein biosynthesis [goid 0042966]",b3255,13.98265531,14.425605,13.48346,13.40744353,14.44332141,14.32739834
b3256,acetyl-CoA carboxylase,"Catalyzes the formation of malnoyl-CoA, which in turn controls the rate of fatty acid metabolism; go_component: cytoplasm [goid 0005737]",b3256,13.31306579,13.83546897,12.89711636,12.72953115,13.89550961,13.74896574
b3257,hypothetical protein,,b3257,12.10119544,12.09157261,11.90797494,11.90112621,12.08608264,12.2918741
b3258,sodium/panthothenate symporter,mediates high affinitiy panthothenate transport which is stimulated by the presence of sodium ions; member of SSS family of sodium/solute symporters; the imported panthothenate is phosphorylated by panthothenate kinase; go_component: inner membrane [goid 0019866]; go_process: coenzyme A biosynthesis [goid 0015937],b3258,9.836090907,10.29359339,9.846259448,9.771712856,10.23558901,10.29017739
b3259,ribosomal protein L11 methyltransferase,Methylates ribosomal protein L11; go_component: cytosolic ribosome (sensu Bacteria) [goid 0009281]; go_component: cytoplasm [goid 0005737]; go_process: RNA modification [goid 0009451],b3259,12.35582144,12.34827752,12.32964766,12.28070976,12.4039653,12.44075629
b3260,"conserved protein, FMN-linked",putative dehydrogenase,b3260,13.68359274,14.1781362,13.55024234,13.55375161,14.34687265,14.21791831
b3261,DNA-binding protein Fis,Activates ribosomal RNA transcription. Plays a direct role in upstream activation of rRNA promoters; go_component: cytoplasm [goid 0005737]; go_process: DNA recombination [goid 0006310],b3261,14.18449673,14.78328825,13.88094543,13.70210244,14.99651954,14.77901173
b3262,putative methyltransferase,EcoGene suggests alternate start codon,b3262,8.231697831,8.260542247,8.145964812,8.175328193,8.193965907,8.221660897
b3263,unknown CDS,,b3263,8.781061625,8.460389028,8.645776218,8.572040109,8.673802609,8.464852921
b3264,putative transcriptional regulator,transcriptional repressor for multiple drug efflux pump (TetR/AcrR family); go_component: cytoplasm [goid 0005737]; go_function: transcriptional repressor activity [goid 0016564]; go_process: transcription [goid 0006350]; go_process: response to drug [goid 0042493],b3264,8.699028962,8.527991708,8.584132976,8.538893033,8.636410687,8.712726386
b3265,transmembrane protein affecting septum formation and cell membrane permeability,transmembrane protein affects septum formation and cell membrane permeability; go_component: inner membrane [goid 0019866],b3265,9.757390006,9.551470386,9.553803522,9.551550228,9.585117023,9.651677019
b3266,integral transmembrane protein; acridine resistance,"multidrug transport protein, acriflavin resistance protein F (RND family); go_component: inner membrane [goid 0019866]; go_process: response to drug [goid 0042493]",b3266,8.253766375,8.141606097,8.247784583,8.191869248,8.134345477,8.171339011
b3267,unknown CDS,,b3267,9.726828585,9.689333383,9.51383549,10.01598422,10.10059338,9.699646542
b3268,"putative amino acid transport protein (ABC superfamily, peri_bind)",EcoGene suggests alternate start codon; putative periplasmic binding transport protein; go_component: periplasmic space [goid 0042597]; go_process: amino acid catabolism [goid 0009063],b3268,8.112706076,8.098517589,8.725359315,8.425903309,8.046078358,7.941636552
b3269,"putative amino acid transport protein (ABC superfamily, membrane)","revised start codon, based on EcoGene 17; putative transport system permease protein; go_component: inner membrane [goid 0019866]",b3269,7.633049959,7.54183209,7.652948845,7.685567013,7.594419638,7.6702244
b3270,"putative amino acid transport protein (ABC superfamily, membrane)",EcoGene suggests alternate start codon; putative transport system permease protein; go_component: inner membrane [goid 0019866],b3270,9.127762513,9.086207304,9.128472426,9.149062721,9.054910896,9.154879364
b3271,putative ATP-binding component of a transport system,"putative amino acid transport protein (ABC superfamily, atp_bind); go_component: cytoplasm [goid 0005737]",b3271,10.36528577,10.3813277,10.55151792,10.57915275,10.3102784,10.36912971
b3279,"putative acyl transferase, ferripyochelin-binding",EcoGene suggests alternate start codon; putative transferase,b3279,14.0335441,13.88368816,13.91674889,13.86062912,13.73489566,13.75822688
b3280,hypothetical protein,,b3280,11.31339611,11.57841441,11.13226299,11.31202557,11.61247081,11.64077343
b3281,shikimate 5-dehydrogenase,catalyzes the formation of shikimate from 3-dehydroshikimate in aromatic amino acid biosynthesis; go_process: chorismate biosynthesis [goid 0009423],b3281,12.50425505,12.79800031,12.30790569,12.2250564,12.87938471,12.8458914
b3282,putative RNA-binding protein with unique protein fold,,b3282,12.4938145,12.89026917,12.40271975,12.3652107,12.92041873,12.91082688
b3283,putative DNA topoisomerase,,b3283,12.89505453,13.17501069,13.03884253,13.02276202,13.20896827,13.11675811
b3284,hypothetical protein,,b3284,14.48090528,14.41308014,14.79766497,14.93753581,14.28676274,14.34128021
b4473,hypothetical protein,,b4473,13.67120275,13.60190032,13.78245542,13.87824994,13.52882593,13.60794927
b3287,peptide deformylase,cleaves off formyl group from N-terminal methionine residues of newly synthesized proteins; binds iron(2+); go_process: protein modification [goid 0006464],b3287,14.89467046,14.90095846,14.94289295,14.86443441,14.79386909,14.76980795
b3288,methionyl-tRNA formyltransferase,Modifies the free amino group of the aminoacyl moiety of methionyl-tRNA(fMet). The formyl group appears to play a dual role in the initiator identity of N-formylmethionyl-tRNA by: (I) promoting its recognition by IF2 and (II) impairing its binding to EFTu-; go_component: cytoplasm [goid 0005737]; go_process: RNA modification [goid 0009451],b3288,12.70197875,12.89781361,12.87159057,12.83126801,12.81903228,12.77952947
b3289,16S rRNA m5C967 methyltransferase,"16S rRNA m5C967 methyltransferase, S-adenosyl-L-methionine-dependent; go_component: cytoplasm [goid 0005737]; go_process: RNA modification [goid 0009451]",b3289,11.91429781,12.29880776,11.96835662,11.89598837,12.27661583,12.35778227
b3290,potassium transporter peripheral membrane component,involved in potassium uptake; found to be peripherally associated with the inner membrane in Escherichia coli; contaisn an NAD-binding domain; go_component: inner membrane [goid 0019866],b3290,12.20802176,12.06049505,12.3717457,12.13193951,12.12318482,12.12941033
b3291,large-conductance mechanosensitive channel,forms homopentamer; channel that opens in response to pressure or hypoosmotic shock; go_component: inner membrane [goid 0019866],b3291,15.03010194,14.70050702,15.24748521,15.11893657,14.51921381,14.45452975
b3292,zinc-responsive transcriptional regulator,mediates expression of the zinc export protein ZntA in response to high levels of zinc; member of MerR family of transcriptional regulators; go_component: cytoplasm [goid 0005737]; go_function: transcriptional activator activity [goid 0016563]; go_process: transcription [goid 0006350]; go_process: xenobiotic metabolism [goid 0006805],b3292,10.82135056,10.77458921,10.9598238,11.11082773,10.64046932,10.60374168
b3293,hypothetical protein,,b3293,12.047066,12.013799,12.18510264,12.24172424,11.89913168,11.93677596
b3294,50S ribosomal protein L17,is a component of the macrolide binding site in the peptidyl transferase center; go_component: cytosolic ribosome (sensu Bacteria) [goid 0009281]; go_component: cytoplasm [goid 0005737]; go_function: structural constituent of ribosome [goid 0003735]; go_process: protein biosynthesis [goid 0006412],b3294,15.53831032,16.02250743,15.78888643,15.80586223,15.87964678,16.04103983
b3295,DNA-directed RNA polymerase alpha subunit,Catalyzes the transcription of DNA into RNA using the four ribonucleoside triphosphates as substrates; go_component: cytoplasm [goid 0005737]; go_process: transcription [goid 0006350],b3295,16.31559755,16.66657132,16.49254283,16.51712892,16.65327049,16.70580927
b3296,30S ribosomal protein S4,Binds directly to 16S rRNA where it nucleates assembly of the 30S subunit; go_component: cytosolic ribosome (sensu Bacteria) [goid 0009281]; go_component: cytoplasm [goid 0005737]; go_function: structural constituent of ribosome [goid 0003735]; go_process: protein biosynthesis [goid 0006412],b3296,16.56726443,16.87009001,16.72823027,16.87623724,16.86851134,16.90575107
b3297,30S ribosomal protein S11,"located on the platform of the 30S subunit, it bridges several disparate RNA helices of the 16S rRNA; forms part of the Shine-Dalgarno cleft in the 70S ribosome; go_component: cytosolic ribosome (sensu Bacteria) [goid 0009281]; go_component: cytoplasm [goid 0005737]; go_function: structural constituent of ribosome [goid 0003735]; go_process: protein biosynthesis [goid 0006412]",b3297,16.54999867,16.82657526,16.66975095,16.73875335,16.77311487,16.86537168
b3298,30S ribosomal protein S13,"Located at the top of the head of the 30S subunit, it contacts several helices of the 16S rRNA; go_component: cytosolic ribosome (sensu Bacteria) [goid 0009281]; go_component: cytoplasm [goid 0005737]; go_function: structural constituent of ribosome [goid 0003735]; go_process: protein biosynthesis [goid 0006412]",b3298,16.48136062,16.70144281,16.58814655,16.63304867,16.67362631,16.73223149
b3299,50S ribosomal protein L36,Ribosomal protein L36 is the smallest protein from the large subunit of the prokaryotic ribosome; go_component: cytosolic ribosome (sensu Bacteria) [goid 0009281]; go_component: cytoplasm [goid 0005737]; go_function: structural constituent of ribosome [goid 0003735]; go_process: protein biosynthesis [goid 0006412],b3299,16.76659383,16.96796983,16.92428313,16.96740897,16.86011904,17.00721348
b3300,preprotein translocase SecY,with SecE and SecG forms a protein-conduction channel in the inner membrane; go_component: inner membrane [goid 0019866],b3300,16.45535999,16.58038214,16.56168888,16.59890326,16.5131118,16.66256486
b3301,50S ribosomal protein L15,associates with 23S ribosomal RNA and is involved in 50S ribosome assembly; go_component: cytosolic ribosome (sensu Bacteria) [goid 0009281]; go_component: cytoplasm [goid 0005737]; go_function: structural constituent of ribosome [goid 0003735]; go_process: protein biosynthesis [goid 0006412],b3301,16.14844397,16.46953548,16.40639428,16.59169672,16.32337085,16.44797555
b3302,50S ribosomal protein L30,"Non-essential, may be involved in procession of translation; go_component: cytosolic ribosome (sensu Bacteria) [goid 0009281]; go_component: cytoplasm [goid 0005737]; go_function: structural constituent of ribosome [goid 0003735]; go_process: protein biosynthesis [goid 0006412]",b3302,16.57539957,16.73713352,16.77627438,16.79855904,16.64435103,16.8048773
b3303,30S ribosomal protein S5,located at the back of the 30S subunit body where it stabilizes the conformation of the head with respect to the body; contacts S4 and S8; with S4 and S12 plays a role in translational accuracy; go_component: cytosolic ribosome (sensu Bacteria) [goid 0009281]; go_component: cytoplasm [goid 0005737]; go_function: structural constituent of ribosome [goid 0003735]; go_process: protein biosynthesis [goid 0006412],b3303,16.30058043,16.60850793,16.52365874,16.5651999,16.51029144,16.64543418
b3304,50S ribosomal protein L18,binds 5S rRNA; go_component: cytosolic ribosome (sensu Bacteria) [goid 0009281]; go_component: cytoplasm [goid 0005737]; go_function: structural constituent of ribosome [goid 0003735]; go_process: protein biosynthesis [goid 0006412],b3304,15.52761989,15.9893604,15.72443952,15.90091809,15.70555679,15.95755312
b3305,50S ribosomal protein L6,go_component: cytosolic ribosome (sensu Bacteria) [goid 0009281]; go_component: cytoplasm [goid 0005737]; go_function: structural constituent of ribosome [goid 0003735]; go_process: protein biosynthesis [goid 0006412],b3305,15.88472781,16.21578776,15.97311542,16.16690937,15.9591207,16.25926707
b3306,30S ribosomal protein S8,Binds directly to 16S rRNA central domain where it helps coordinate assembly of the platform of the 30S subunit; go_component: cytosolic ribosome (sensu Bacteria) [goid 0009281]; go_component: cytoplasm [goid 0005737]; go_function: structural constituent of ribosome [goid 0003735]; go_process: protein biosynthesis [goid 0006412]; go_process: translational attenuation [goid 0009386],b3306,16.36274436,16.73017479,16.41857242,16.59264181,16.50175573,16.70231596
b3307,30S ribosomal protein S14,located in the peptidyl transferase center and involved in assembly of 30S ribosome subunit; go_component: cytosolic ribosome (sensu Bacteria) [goid 0009281]; go_component: cytoplasm [goid 0005737]; go_function: structural constituent of ribosome [goid 0003735]; go_process: protein biosynthesis [goid 0006412],b3307,15.52683982,16.08958117,15.48417869,15.80691853,15.8939283,16.08301204
b3308,50S ribosomal protein L5,"Mediates the attachment of the 5S RNA into the large ribosomal subunit, where it forms part of the central protuberance; go_component: cytosolic ribosome (sensu Bacteria) [goid 0009281]; go_component: cytoplasm [goid 0005737]; go_function: structural constituent of ribosome [goid 0003735]; go_process: protein biosynthesis [goid 0006412]",b3308,16.15764655,16.5562517,16.03661541,16.23699334,16.39451505,16.57533183
b3309,50S ribosomal protein L24,"One of two assembly inititator proteins, it binds directly to the 5' end of the 23S rRNA, where it nucleates assembly of the 50S subunit; go_component: cytosolic ribosome (sensu Bacteria) [goid 0009281]; go_component: cytoplasm [goid 0005737]; go_function: structural constituent of ribosome [goid 0003735]; go_process: protein biosynthesis [goid 0006412]",b3309,16.70605492,17.02017077,16.53717487,16.71049177,16.92500984,17.03977932
b3310,50S ribosomal protein L14,go_component: cytosolic ribosome (sensu Bacteria) [goid 0009281]; go_component: cytoplasm [goid 0005737]; go_function: structural constituent of ribosome [goid 0003735]; go_process: protein biosynthesis [goid 0006412],b3310,16.75614244,16.97068222,16.58950377,16.81037171,16.87390047,16.99520002
b3311,30S ribosomal protein S17,involved in ribosome assembly and translation fidelity; go_component: cytosolic ribosome (sensu Bacteria) [goid 0009281]; go_component: cytoplasm [goid 0005737]; go_function: structural constituent of ribosome [goid 0003735]; go_process: protein biosynthesis [goid 0006412],b3311,15.82324646,15.90438494,15.96842656,15.62778511,15.8852278,15.99605041
b3312,50S ribosomal protein L29,One of the stabilizing components for the large ribosomal subunit; go_component: cytosolic ribosome (sensu Bacteria) [goid 0009281]; go_component: cytoplasm [goid 0005737]; go_function: structural constituent of ribosome [goid 0003735]; go_process: protein biosynthesis [goid 0006412],b3312,15.72415681,15.90780113,15.88195277,16.11895838,15.6621036,15.76772555
b3313,50S ribosomal protein L16,located in the peptidyl transferase center and may be involved in peptidyl transferase activity; go_component: cytosolic ribosome (sensu Bacteria) [goid 0009281]; go_component: cytoplasm [goid 0005737]; go_function: structural constituent of ribosome [goid 0003735]; go_process: protein biosynthesis [goid 0006412],b3313,16.41389225,16.51950287,16.49824781,16.58787505,16.41191563,16.42659346
b3314,30S ribosomal protein S3,forms a complex with S10 and S14; binds the lower part of the 30S subunit head and the mRNA in the complete ribosome to position it for translation; go_component: cytosolic ribosome (sensu Bacteria) [goid 0009281]; go_component: cytoplasm [goid 0005737]; go_function: structural constituent of ribosome [goid 0003735]; go_process: protein biosynthesis [goid 0006412],b3314,16.44376239,16.51367767,16.59390199,16.55952669,16.45393295,16.55581172
b3315,50S ribosomal protein L22,binds specifically to 23S rRNA during the early stages of 50S assembly; makes multiple contacts with different domains of the 23S rRNA in the assembled 50S subunit and ribosome; go_component: cytosolic ribosome (sensu Bacteria) [goid 0009281]; go_component: cytoplasm [goid 0005737]; go_function: structural constituent of ribosome [goid 0003735]; go_process: protein biosynthesis [goid 0006412],b3315,16.54416418,16.70611452,16.63869236,16.7023313,16.61970435,16.7461795
b3316,30S ribosomal protein S19,protein S19 forms a complex with S13 that binds strongly to the 16S ribosomal RNA; go_component: cytosolic ribosome (sensu Bacteria) [goid 0009281]; go_component: cytoplasm [goid 0005737]; go_function: structural constituent of ribosome [goid 0003735]; go_process: protein biosynthesis [goid 0006412],b3316,16.64827932,16.86157482,16.70381611,16.87602733,16.71081456,16.8370848
b3317,50S ribosomal protein L2,"one of the primary rRNA binding proteins; required for association of the 30S and 50S subunits to form the 70S ribosome, for tRNA binding and peptide bond formation; go_component: cytosolic ribosome (sensu Bacteria) [goid 0009281]; go_component: cytoplasm [goid 0005737]; go_function: structural constituent of ribosome [goid 0003735]; go_process: protein biosynthesis [goid 0006412]",b3317,16.16269483,16.46385586,16.28408892,16.4392868,16.34966652,16.48704409
b3318,50S ribosomal protein L23,Binds signal recoginition particle and trigger factor at the peptide exit area on the 50S ribosome; go_component: cytosolic ribosome (sensu Bacteria) [goid 0009281]; go_component: cytoplasm [goid 0005737]; go_function: structural constituent of ribosome [goid 0003735]; go_process: protein biosynthesis [goid 0006412],b3318,15.8796564,16.27957193,15.9281904,16.29364608,16.13349305,16.31510824
b3319,50S ribosomal protein L4,"This subunit is important during the early stages of 50S assembly, initially binding near the 5' end of the 23S rRNA; go_component: cytosolic ribosome (sensu Bacteria) [goid 0009281]; go_component: cytoplasm [goid 0005737]; go_function: structural constituent of ribosome [goid 0003735]; go_process: protein biosynthesis [goid 0006412]; go_process: regulation of transcription, DNA-dependent [goid 0006355]; go_process: translational attenuation [goid 0009386]",b3319,16.68731247,17.04392991,16.7135902,16.9612183,16.96132508,17.10889839
b3320,50S ribosomal protein L3,"Binds directly near the 3' end of the 23S rRNA, where it nucleates assembly of the 50S subunit; go_component: cytosolic ribosome (sensu Bacteria) [goid 0009281]; go_component: cytoplasm [goid 0005737]; go_function: structural constituent of ribosome [goid 0003735]; go_process: protein biosynthesis [goid 0006412]",b3320,16.21641521,16.50578831,16.21219233,16.40891066,16.42561911,16.55623366
b3321,30S ribosomal protein S10,Involved in the binding of tRNA to the ribosomes; go_component: cytosolic ribosome (sensu Bacteria) [goid 0009281]; go_component: cytoplasm [goid 0005737]; go_function: structural constituent of ribosome [goid 0003735]; go_process: protein biosynthesis [goid 0006412],b3321,16.56537651,16.77094174,16.52617496,16.64586598,16.7886162,16.81548869
b3322,calcium-binding protein required for initiation of chromosome replication,go_component: cytoplasm [goid 0005737]; go_process: DNA dependent DNA replication [goid 0006261],b3322,10.14922011,9.957157126,10.12384456,10.08689461,9.892479605,9.912230878
b3323,putative export protein A for general secretion pathway (GSP),"putative protein exporter, transport across outer membrane (General Secretory Pathway)",b3323,9.733948876,9.639543688,9.564149309,9.629075714,9.631801869,9.734975951
b3324,putative export protein C for general secretion pathway (GSP),"putative protein exporter, transport across outer membrane (General Secretory Pathway)",b3324,6.67531397,6.676942216,6.682246298,6.69369195,6.706927882,6.625537047
b3325,putative export protein D for general secretion pathway (GSP),"EcoGene suggests alternate start codon; putative protein exporter, transport across outer membrane (General Secretory Pathway)",b3325,9.275802331,9.225723932,9.072784779,9.141588079,9.281291194,9.385254968
b3326,putative export protein E for general secretion pathway (GSP); Type II traffic warden ATPase,"putative protein exporter, transport across outer membrane (General Secretory Pathway)",b3326,8.417453404,8.460480311,8.35669183,8.461807267,8.525608168,8.544578311
b3327,putative export protein F for general secretion pathway (GSP),"putative protein exporter, transport across outer membrane (General Secretory Pathway); go_component: inner membrane [goid 0019866]",b3327,7.416317758,7.428982854,7.370910664,7.388915075,7.434307196,7.58218927
b3328,putative export protein G for general secretion pathway (GSP); pilin-like,"putative protein exporter, transport across outer membrane (General Secretory Pathway), pilin-like",b3328,8.390351873,8.357648195,8.245729498,8.266764975,8.351056252,8.4168009
b3329,putative export protein H for general secretion pathway (GSP),"putative protein exporter, transport across outer membrane (General Secretory Pathway)",b3329,9.376124745,9.277380483,9.154888114,9.331939771,9.22530999,9.406466295
b3330,putative export protein I for general secretion pathway (GSP),"EcoGene suggests alternate start codon; putative protein exporter, transport across outer membrane (General Secretory Pathway)",b3330,8.356857946,8.234766122,8.269102024,8.197378666,8.375402551,8.364905584
b3331,putative export protein J for general secretion pathway (GSP),"putative protein exporter, transport across outer membrane (General Secretory Pathway)",b3331,6.64396999,6.628360576,6.584764155,6.60396533,6.687006091,6.70853235
b3332,putative export protein K for general secretion pathway (GSP),"putative protein exporter, transport across outer membrane (General Secretory Pathway)",b3332,6.814773788,6.730189392,6.788559981,6.761504707,6.746874573,6.757799774
b3333,putative export protein L for general secretion pathway (GSP),"EcoGene suggests alternate start codon; putative protein exporter, transport across outer membrane (General Secretory Pathway)",b3333,7.906032672,7.889210199,7.87534864,7.839479077,7.8521431,7.906476684
b3334,putative export protein M for general secretion pathway (GSP),"EcoGene suggests alternate start codon; putative protein exporter, transport across outer membrane (General Secretory Pathway)",b3334,8.33126807,8.376073438,8.532323196,8.422308107,8.377922198,8.124864227
b3335,bifunctional prepilin peptidase: leader peptidase; N-methyltransferase; part of general secretion pathway (GSP),bifunctional prepilin peptidase: leader peptidase; methyl transferase (General Secretory Pathway); go_component: inner membrane [goid 0019866],b3335,8.41081698,8.262741025,8.397163326,8.325502798,8.276281085,8.206480579
b3336,"bacterioferrin, an iron storage homoprotein",go_component: cytoplasm [goid 0005737]; go_process: iron ion transport [goid 0006826],b3336,15.56449392,15.01277393,15.46259941,15.23636992,14.9755271,14.71640198
b3337,"regulatory or redox component complexing with Bfr, in iron storage and mobility",go_component: cytoplasm [goid 0005737]; go_process: iron ion transport [goid 0006826],b3337,15.85247913,15.53929813,15.61655613,15.55252051,15.50346518,15.51726988
b3338,secreted endochitinase,has endochitinase/lysozyme activity; normally extracellular but does not appear to be secreted by wild-type Escherichia coli under standard laboratory conditions by the type II secretion pathway ; expression is controlled by H-NS; go_component: periplasmic space [goid 0042597]; go_process: macromolecule catabolism [goid 0009057],b3338,9.697933056,9.666840483,9.575960606,9.657163345,9.597867039,9.622912604
b3339,elongation factor Tu,promotes GTP-dependent binding of aminoacyl-tRNA to teh A-site of ribosomes during protein biosynthesis; go_component: cytoplasm [goid 0005737]; go_process: protein biosynthesis [goid 0006412]; go_process: response to osmotic stress [goid 0006970],b3339,17.12081234,17.2058406,17.25813969,17.31256918,17.15024596,17.11864797
b3340,elongation factor EF-2,Promotes the GTP-dependent translocation of the nascent protein chain from the A-site to the P-site of the ribosome; go_component: cytoplasm [goid 0005737]; go_process: protein biosynthesis [goid 0006412],b3340,16.59319617,16.94393364,16.76628439,16.97503718,16.79342246,17.01254029
b3341,30S ribosomal protein S7,"One of the primary rRNA binding proteins, it binds directly to 16S rRNA where it nucleates assembly of the head domain of the 30S subunit. Is located at the subunit interface close to the decoding center; go_component: cytosolic ribosome (sensu Bacteria) [goid 0009281]; go_component: cytoplasm [goid 0005737]; go_function: structural constituent of ribosome [goid 0003735]; go_process: protein biosynthesis [goid 0006412]",b3341,15.93250167,16.47590559,15.99802278,16.19867381,16.41070989,16.44597473
b3342,30S ribosomal protein S12,"Important for translational accuracy. Interacts with and stabilizes bases of the 16S rRNA that are involved in tRNA selection in the A site and with the mRNA backbone. Located at the interface of the 30S and 50S subunits, it traverses the body of the 30S s; go_component: cytosolic ribosome (sensu Bacteria) [goid 0009281]; go_component: cytoplasm [goid 0005737]; go_function: structural constituent of ribosome [goid 0003735]; go_process: protein biosynthesis [goid 0006412]",b3342,16.30061845,16.73104107,16.27005023,16.40673996,16.68609531,16.8285184
b3343,hypothetical protein,,b3343,12.3987825,12.7185465,12.39092113,12.55148151,12.72283058,12.62071256
b3344,hypothetical protein,,b3344,11.75499033,11.98154252,11.73585337,11.68496621,12.04175301,11.94720115
b3345,hypothetical protein,,b3345,13.16988875,13.36785471,13.18812269,13.24792789,13.27170627,13.25999107
b3346,putative regulator,EcoGene suggests alternate start codon,b3346,12.16041441,12.47042448,12.39075256,12.3564448,12.33212096,12.2894368
b3347,FKBP-type peptidyl-prolyl cis-trans isomerase (rotamase),go_component: periplasmic space [goid 0042597]; go_process: protein folding [goid 0006457],b3347,13.82803282,13.99698222,13.4691791,13.49230516,14.01941527,13.87868096
b3348,hypothetical protein,,b3348,10.44515378,10.36711063,10.6639527,10.5913263,10.39549939,10.22311949
b3349,FKBP-type peptidyl prolyl cis-trans isomerase (rotamase),FKBP-type peptidyl-prolyl cis-trans isomerase (rotamase); go_process: protein folding [goid 0006457],b3349,16.205972,16.04419066,16.137034,15.86000555,16.20331742,16.12777225
b3350,glutathione-regulated potassium-efflux system protein,involved in potassium efflux; go_component: inner membrane [goid 0019866]; go_function: potassium:hydrogen antiporter activity [goid 0015386],b3350,12.41433027,12.41523563,12.23789027,12.26410472,12.42060027,12.44593165
b3351,glutathione-regulated potassium-efflux system ancillary protein,,b3351,11.79672279,11.9732873,11.40335757,11.68761433,12.05920898,12.1219253
b3352,putative ATP-binding component of a transport system,"putative transport protein (ABC superfamily, atp_bind); go_component: cytoplasm [goid 0005737]",b3352,12.08934292,12.29998406,11.96985284,11.95796841,12.36584815,12.32975921
b3353,putative enzyme with alpha/beta-hydrolase domain,,b3353,11.45723781,11.74830613,11.40767472,11.38502992,11.70186235,11.86422266
b3354,hypothetical protein,,b3354,13.86229327,13.72036577,13.81777123,13.89525118,13.65726469,13.82266548
b3355,probable phosphoribulokinase,putative phosphoribulokinase; go_process: glucose metabolism [goid 0006006],b3355,12.91322769,12.82906884,12.9345874,13.10279719,12.65625762,12.79265528
b3356,hypothetical protein,,b3356,13.72178561,13.46587568,13.74854877,13.52706828,13.39299931,13.24230055
b3357,cyclic AMP receptor protein,"transcriptional regulator, cyclic AMP receptor protein (CAMP-binding family), interacts with RNAP; go_component: cytoplasm [goid 0005737]; go_function: transcriptional activator activity [goid 0016563]; go_function: transcriptional repressor activity [goid 0016564]; go_process: transcription [goid 0006350]",b3357,15.69733598,15.64579241,15.97235127,15.78790601,15.50895603,15.63279479
b3358,putative dienelactone hydrolase,EcoGene suggests alternate start codon; go_component: cytoplasm [goid 0005737]; go_process: metabolism [goid 0008152],b3358,12.26920295,12.37690084,12.09083633,12.11065662,12.39599001,12.3368398
b3359,bifunctional N-succinyldiaminopimelate-aminotransferase/ acetylornithine transaminase protein,DapATase; bifunctional enzyme that functions in arginine and lysine biosynthetic pathways; catalyzes the formation of N-acetyl-L-glutamate 5-semialdehyde from 2-oxoglutarate and N(2)-acetyl-L-ornithine or N-succinyl-2-L-amino-6-oxoheptanedioate from 2-oxog; go_component: cytoplasm [goid 0005737]; go_process: arginine biosynthesis [goid 0006526]; go_process: lysine biosynthesis via diaminopimelate [goid 0009089],b3359,14.17842195,14.26756705,13.96621639,14.23392672,14.2278172,14.18615148
b3360,para-aminobenzoate synthase component II,catalyzes the formation of 4-amino-4-deoxychorismate from chorismate and glutamine; go_process: folic acid biosynthesis [goid 0046656],b3360,11.88181102,11.66180855,11.7586091,11.80905829,11.77341224,11.7090754
b3361,"induced in stationary phase, recognized by rpoS, affects cell division","possible cell filamentation protein, induced in stationary phase",b3361,13.35201441,13.01368761,13.75003914,13.59461936,13.07645993,12.90613223
b3362,hypothetical protein,,b3362,12.66557087,12.30432337,13.10541438,12.89392264,12.3630783,12.10030991
b3363,peptidyl-prolyl cis-trans isomerase A (rotamase A),go_process: protein folding [goid 0006457],b3363,13.87950827,14.09913198,13.84371523,13.81031656,14.47035703,14.12948445
b3364,hypothetical protein,go_component: inner membrane [goid 0019866],b3364,9.106099557,9.674986607,8.909027267,8.910029526,9.962557095,9.556405773
b3365,nitrite reductase (NAD(P)H) subunit,"nitrite reductase, large subunit, nucleotide-binding; go_component: cytoplasm [goid 0005737]; go_process: anaerobic respiration [goid 0009061]",b3365,13.34816954,12.11553771,14.54876946,14.3983569,10.73038337,11.61296148
b3366,nitrite reductase small subunit,"involved in reducing nitrite to ammonium to detoxify nitrite accumulation in anaerobic nitrate-respiring cells and regenerate NAD+; bounds to NirB, the cytoplasmic subunit, whose expression is induced at high nitrate concentrations; go_component: cytoplasm [goid 0005737]; go_process: anaerobic respiration [goid 0009061]",b3366,10.05451173,8.376237225,11.5433828,11.05265852,7.270973773,7.44763187
b3367,nitrite reductase activity,EcoGene suggests alternate start codon; nitrite transport protein (FNT family); go_component: inner membrane [goid 0019866]; go_process: nitrogen metabolism [goid 0006807],b3367,9.615231085,9.462380503,10.18642529,10.02383079,9.417291965,9.487531171
b3368,"siroheme synthase, catalyses four reactions between uroporphyrinogen III and siroheme",uroporphyrinogen III methylase; sirohaeme biosynthesis,b3368,11.26175669,11.32258471,11.44369323,11.46119945,11.20067483,11.10972497
b3369,unknown CDS,,b3369,9.012595573,8.76778068,9.109187911,9.133006465,9.099614897,8.560838361
b3370,putative amino acid/amine transport protein,EcoGene suggests alternate start codon; putative methionine transport protein (APC family); go_component: inner membrane [goid 0019866],b3370,6.619107929,6.644383198,6.642620621,6.669263604,6.632127041,6.722360908
b3371,putative enzyme,EcoGene suggests alternate start codon; putative transport protein,b3371,8.036397066,7.970245806,8.16666844,8.089929558,7.855613696,7.882151506
b4474,putative fructoselysine or fructoselysine 6-P isomerase,,b4474,10.35183601,10.23403618,10.21353536,10.3514704,10.2753679,10.37015004
b3374,putative kinase,putative sugar kinase,b3374,9.152430103,9.025154539,9.091153971,9.158240094,9.028461926,9.077170962
b3375,putative transcriptional regulator,EcoGene suggests alternate start codon; putative transcriptional repressor (GntR family); go_function: transcriptional repressor activity [goid 0016564]; go_process: transcription [goid 0006350],b3375,11.8690955,11.86306375,12.22858776,12.14013961,11.6682049,11.74035008
b3376,putative enzyme,,b3376,11.54648026,11.4670815,11.4364907,11.52739081,11.43873151,11.67361177
b3377,putative transport protein,putative transport system permease protein,b3377,9.400114604,9.210835833,9.269038765,9.296602635,9.335703891,9.372005275
b3378,unknown CDS,EcoGene suggests alternate start codon,b3378,8.666483928,8.603269788,8.780578183,8.717242619,8.595207192,8.654216796
b3379,putative hydrolase,putative phosphotriesterase,b3379,9.109869721,9.024845591,9.010304521,9.156594673,9.098894001,9.145656981
b3380,phosphopentomutase,catalyzes the transfer of phosphate between the C1 and C5 carbons of pentose,b3380,8.038371674,7.906301861,7.848966925,7.92018538,7.871934239,8.025574616
b3381,hypothetical protein,,b3381,8.248515305,8.188679301,8.205905123,8.218366646,8.272564255,8.308510945
b3382,hypothetical protein,EcoGene suggests alternate start codon,b3382,11.08307825,10.94679679,10.96456248,10.97054581,10.96573328,11.08442416
b3383,unknown CDS,EcoGene suggests alternate start codon,b3383,9.949758047,10.13783472,10.01251223,9.876386264,10.26367486,10.28384679
b3384,tryptophanyl-tRNA synthetase,catalyzes a two-step reaction; first charging a tryptophan molecule by linking its carboxyl group to the alpha-phosphate of ATP; second by transfer of the aminoacyl-adenylate to its tRNA; go_component: cytoplasm [goid 0005737]; go_process: amino acid activation [goid 0006418],b3384,14.31598239,14.13719204,14.12250784,13.95190381,14.23781334,14.11948301
b3385,phosphoglycolate phosphatase,catalyzes the formation of glycolate and phosphate from 2-phosphoglycolate; go_process: carbohydrate catabolism [goid 0016052],b3385,14.11970119,14.07116819,13.9951857,13.92743029,14.03641062,13.96765278
b3386,ribulose-phosphate 3-epimerase,"catalyzes the interconversion of D-ribulose 5-phosphate to xylulose 5-phosphate; go_process: carbohydrate catabolism [goid 0016052]; go_process: pentose-phosphate shunt, non-oxidative branch [goid 0009052]",b3386,13.7530754,13.73982686,13.84275841,13.79783125,13.66546188,13.69638251
b3387,DNA adenine methylase,go_component: cytoplasm [goid 0005737]; go_process: DNA methylation [goid 0006306],b3387,12.68049913,12.7777453,12.71595548,12.73752886,12.69463122,12.80992784
b3388,putative membrane protein; interferes with cell division,go_component: inner membrane [goid 0019866],b3388,13.89886856,14.0790741,13.94976254,13.81888023,14.03331394,14.00880546
b3389,3-dehydroquinate synthase,catalyzes the formation of 3-dehydroquinate from 3-deoxy-aribino-heptulonate 7-phosphate; go_process: chorismate biosynthesis [goid 0009423],b3389,14.3549158,14.58055707,14.24102312,14.36667014,14.55967749,14.56017606
b3390,shikimate kinase I,catalyzes the formation of shikimate 3-phosphate from shikimate in aromatic amino acid biosynthesis; go_process: chorismate biosynthesis [goid 0009423],b3390,13.59826087,13.79817861,13.45295852,13.37802898,13.90647428,13.73809672
b3391,putative transport portein,"putative transport protein, possibly in biosynthesis of type IV pilin",b3391,9.752907297,9.668758115,9.62002152,9.797007579,9.742216508,9.804187677
b3392,hypothetical protein,EcoGene suggests alternate start codon,b3392,11.17465138,11.04329083,11.0809972,11.06275781,11.0862313,11.24482807
b3393,hypothetical protein,,b3393,9.9478043,9.885903473,9.734295993,9.938646051,9.863523983,9.973398223
b3394,hypothetical protein,,b3394,9.842248021,9.879542228,9.782905803,9.837969075,9.790876038,10.0000938
b3395,hypothetical protein,EcoGene suggests alternate start codon,b3395,9.569395568,9.494336184,9.680964795,9.614937209,9.487094843,9.571293133
b3396,bifunctional penicillin-binding protein 1a: transglycosylase (N-terminal); transpeptidase (C-terminal),EcoGene suggests alternate start codon; peptidoglycan synthetase; penicillin-binding protein 1A; go_component: inner membrane [goid 0019866]; go_process: peptidoglycan biosynthesis [goid 0009252]; go_process: response to drug [goid 0042493],b3396,11.4374355,11.69860708,11.09879273,10.96473162,11.97051823,11.77019517
b3397,"conserved protein, MutT-like",,b3397,12.41160795,12.39361731,12.19265326,12.02353684,12.82169299,12.28931233
b3398,putative dehydrogenase,,b3398,11.22728387,11.45479548,11.14137101,11.10577952,11.53834056,11.45121874
b3399,"putative hydrolase, contains a phophatase-like domain",EcoGene suggests alternate start codon; putative phosphatase,b3399,12.1192834,12.29966636,12.04299924,12.17824983,12.32630219,12.273914
b3400,Hsp15; DNA/RNA binding heat shock protein,"heat shock protein 15, DNA/RNA-binding; go_component: cytoplasm [goid 0005737]; go_process: response to temperature [goid 0009266]",b3400,13.02373335,13.18601974,12.98730297,13.13232544,13.21272799,13.18289764
b3401,Hsp33-like chaperonin,"becomes active under oxidative stress; four conserved cysteines bind a zinc atomr when they are in the reduced state and the enzyme is inactive; oxidative stress results in oxidized cysteines, release of zinc, and binding of Hsp33 to aggregation-prone prot; go_process: protein folding [goid 0006457]",b3401,11.18976883,11.38038768,11.26080111,11.14209944,11.49668694,11.36529092
b3402,putative transport,,b3402,10.07884804,10.05669154,10.19817755,10.10057302,9.900665042,9.969677684
b3403,phosphoenolpyruvate carboxykinase,PEP carboxykinase; PEP carboxylase; PEPCK; catalyzes the phosphorylation and decarboxylation of oxaloacetate to form phosphoenolpyruvate using ATP; go_process: gluconeogenesis [goid 0006094],b3403,14.07912022,14.2079042,14.47703199,14.11788617,13.96768017,13.8894061
b3404,osmolarity sensor protein,membrane-localized osmosensor; histidine kinase; in high osmolarity EnvZ autophosphorylates itself and transfers phosphoryl group to OmpR; go_component: inner membrane [goid 0019866]; go_process: protein modification [goid 0006464],b3404,11.64524821,11.79012528,11.94578908,11.75901527,11.79180991,11.73263088
b3405,osmolarity response regulator,part of two-component system EnvZ/OmpR; regulates transcription of outer membrane porin genes ompC/F; under high osmolarity EnvZ functions as kinase/phosphotransferase and phosphorylates OmpR; the result is increased expression of ompC and repression of om; go_component: cytoplasm [goid 0005737]; go_function: transcriptional activator activity [goid 0016563]; go_function: transcriptional repressor activity [goid 0016564]; go_process: transcription [goid 0006350],b3405,12.94534426,12.88726003,13.32832564,13.19492757,12.85859197,12.83026639
b3406,transcription elongation factor GreB,"necessary for efficient RNA polymerase transcription elongation past template-encoded arresting sites; arresting sites in DNA have the property of trapping a certain fraction of elongating RNA polymerases that pass through, resulting in locked ternary comp; go_component: cytoplasm [goid 0005737]; go_process: transcription [goid 0006350]; go_process: regulation of transcription, DNA-dependent [goid 0006355]",b3406,11.99898683,11.91182945,12.30122946,12.17869884,11.84988245,11.80437952
b3407,hypothetical protein,EcoGene suggests alternate start codon,b3407,13.06984069,13.28205578,12.86320391,12.73382654,13.29224824,13.26822001
b3408,ferrous iron transport protein A,go_process: iron ion transport [goid 0006826],b3408,15.70637436,15.53181463,15.94175102,16.18909153,15.09832536,15.56431314
b3409,ferrous iron transport protein B,ferrous iron transport protein B (FeoB family); go_component: inner membrane [goid 0019866]; go_process: iron ion transport [goid 0006826],b3409,14.00540796,13.56955678,14.65722215,14.52158724,12.69846783,13.01283524
b3410,putative transcriptional regulator,"go_process: regulation of transcription, DNA-dependent [goid 0006355]",b3410,13.10073102,12.69146368,13.44446004,13.41283186,12.33365322,12.35947491
b3411,putative transposase,,b3411,10.91895991,10.68591507,10.7838573,10.61019696,10.75658369,10.78250188
b3412,biotin biosynthesis; reaction prior to pimeloyl CoA,putative enzyme in pimeloyl-CoA (biotin precursor) synthesis; go_process: biotin biosynthesis [goid 0009102],b3412,11.34545683,11.3417318,11.45074625,11.29606734,11.48840634,11.42040285
b3413,putative periplasmic gluconate-binding protein in GNT I transport system,EcoGene suggests alternate start codon,b3413,12.07174003,12.04741617,11.93480084,12.08599457,12.03934454,11.95817741
b3414,membrane-bound protein in GNT I transport system,,b3414,13.39324232,13.57559138,13.16703699,13.28659878,13.73235964,13.47923419
b3415,high-affinity gluconate permease in GNT I system (GntP family),high-affinity transport of gluconate / gluconate permease; go_component: inner membrane [goid 0019866],b3415,10.38517183,10.28883693,10.39594555,10.16719067,10.28505503,10.87793735
b3416,4-alpha-glucanotransferase (amylomaltase),go_component: cytoplasm [goid 0005737]; go_process: carbohydrate catabolism [goid 0016052]; go_process: polysaccharide catabolism [goid 0000272],b3416,13.49126102,13.51299155,13.63653323,13.53084409,13.44665674,13.42055058
b3417,maltodextrin phosphorylase,go_process: carbohydrate catabolism [goid 0016052]; go_process: polysaccharide catabolism [goid 0000272],b3417,14.71463857,14.78745484,14.61966118,14.71499752,14.46117474,14.56797823
b3418,transcriptional regulator MalT,Positively regulates the transcription of the maltose regulon whose gene products are responsible for uptake and catabolism of malto-oligosaccharides; go_component: cytoplasm [goid 0005737]; go_function: transcriptional activator activity [goid 0016563]; go_process: carbohydrate catabolism [goid 0016052]; go_process: transcription [goid 0006350],b3418,14.76762669,14.72927268,14.9032728,14.67000577,14.57258943,14.4961745
b4475,RNA 3'-terminal-phosphate cyclase,"catalyzes the conversion of terminal3'-phosphate of RNA to the 2',3'-cyclicphosphodiester; go_component: cytoplasm [goid 0005737]; go_process: RNA metabolism [goid 0016070]",b4475,11.2953034,11.09152853,11.19834467,11.17035917,11.09641821,11.1705097
b3421,hypothetical protein,,b3421,11.58394981,11.30612823,11.52877987,11.53913273,11.3037307,11.40673448
b3422,sigma N (sigma 54)-dependent transcriptional activator of RNA 3'-terminal phosphate cyclase (EBP familiy),"sigma54-dependent regulator of rtcBA expression; go_component: cytoplasm [goid 0005737]; go_process: transcription [goid 0006350]; go_process: regulation of transcription, DNA-dependent [goid 0006355]",b3422,7.952400443,7.950845602,8.2240622,8.198875642,7.83148715,7.997077118
b3423,repressor of the glp operon,transcriptional repressor for the dissimilation of sn-glycerol 3-phosphate (DeoR family); go_component: cytoplasm [goid 0005737]; go_function: transcriptional repressor activity [goid 0016564]; go_process: anaerobic respiration [goid 0009061]; go_process: transcription [goid 0006350],b3423,11.89568961,12.1337143,11.74209501,11.62214867,12.36630081,12.17207882
b3424,protein of glp regulon,"putative membrane protein, member of glp regulon",b3424,11.45585901,11.76504408,11.39317808,11.28039212,11.93144372,11.75620955
b3425,thiosulfate sulfurtransferase,catalyzes the formation of thiocyanate from thiosylfate and cyanide; go_process: anaerobic respiration [goid 0009061],b3425,11.15984422,11.52204034,10.80935741,10.75030874,11.85185301,11.55155396
b3426,sn-glycerol-3-phosphate dehydrogenase (aerobic),sn-glycerol-3-phosphate dehydrogenase FAD/NAD(P)-binding (aerobic); go_component: cytoplasm [goid 0005737]; go_function: electron donor activity [goid 0009053]; go_process: aerobic respiration [goid 0009060]; go_process: glycerol metabolism [goid 0006071],b3426,10.4376124,10.44039786,10.13493681,10.25524802,10.43819499,10.43575467
b3427,hypothetical protein,,b3427,10.29324081,10.37831408,10.46297354,10.33228416,10.58402158,10.41975909
b3428,glycogen phosphorylase,go_component: cytoplasm [goid 0005737]; go_process: carbohydrate catabolism [goid 0016052]; go_process: polysaccharide biosynthesis [goid 0000271],b3428,13.32694459,13.54137313,13.37843094,13.33299437,13.3416554,13.42883053
b3429,glycogen synthase,"catalyzes the formation of alpha-1,4-glucan chains from ADP-glucose; go_component: cytoplasm [goid 0005737]; go_process: polysaccharide biosynthesis [goid 0000271]",b3429,13.35507982,13.71377242,13.57664719,13.56993516,13.54398639,13.63569477
b3430,glucose-1-phosphate adenylyltransferase,catalyzes the formation of ADP-glucose and diphosphate from ATP and alpha-D-glucose 1-phosphate; go_component: cytoplasm [goid 0005737]; go_process: polysaccharide biosynthesis [goid 0000271],b3430,13.77746002,13.9556317,14.03855622,14.04886353,13.84902837,13.94682935
b3431,glycogen debranching enzyme,catalyzes the hydrolysis of the alpha-1.6-glucosidic linkages in partially depolymerized glycogen; go_component: cytoplasm [goid 0005737]; go_process: carbohydrate catabolism [goid 0016052]; go_process: polysaccharide biosynthesis [goid 0000271],b3431,13.33371776,13.80400788,13.67911678,13.8081713,13.59457663,13.76740929
b3432,glycogen branching enzyme,"catalyzes the transfer of a segment of a 1,4-alpha-D-glucan chain to a primary hydroxy group in a similar glucan chain; go_component: cytoplasm [goid 0005737]; go_process: polysaccharide biosynthesis [goid 0000271]",b3432,14.02987549,14.38163693,14.35607936,14.41675868,14.28221048,14.32605876
b3433,aspartate-semialdehyde dehydrogenase,catalyzes the formation of aspartate semialdehyde from aspartyl phosphate; go_process: lysine biosynthesis via diaminopimelate [goid 0009089]; go_process: threonine biosynthesis [goid 0009088]; go_process: methionine biosynthesis [goid 0009086]; go_process: homoserine biosynthesis [goid 0009090],b3433,15.83135818,15.8496733,15.85062339,15.93538326,15.78097803,15.85612811
b3434,putative integral membrane protein,,b3434,11.52849806,11.47787715,11.510535,11.38604737,11.56235251,11.57392227
b4476,"split gene, low-affinity gluconate transport permease protein in GNT I system",go_component: inner membrane [goid 0019866],b4476,9.482764569,9.384673197,9.403649905,9.393676566,9.483028729,9.849752768
b3437,"gluconate kinase 2 in GNT I system, thermoresistant","EcoGene suggests alternate start codon; gluconokinase 2, thermoresistant; go_process: glucose metabolism [goid 0006006]",b3437,9.715862847,9.654602557,9.793225094,9.611384469,9.681583207,10.30213407
b3438,regulator of gluconate (gnt) operon,transcriptional repressor for gluconate utilization (GalR/LacI familiy); go_component: cytoplasm [goid 0005737]; go_function: transcriptional repressor activity [goid 0016564]; go_process: Entner-Doudoroff pathway [goid 0009255]; go_process: transcription [goid 0006350],b3438,12.97446823,12.74886606,13.05907142,12.96606724,12.69655363,12.74741011
b3439,hypothetical protein,,b3439,10.95455418,11.05910085,11.14159789,10.99902573,10.89342837,10.91803934
b3440,putative NAD(P)-binding dehydrogenase,putative regulator,b3440,12.92532736,12.90231365,13.04130303,12.92267328,12.80048927,12.79350198
b3441,putative acyltransferase,,b3441,11.52240449,11.42114832,11.76187569,11.69177203,11.10481753,11.32825985
b3442,hypothetical protein,,b3442,10.81254469,10.62767617,10.66014442,10.76376769,10.6966315,10.77104307
b3443,hypothetical protein,,b3443,6.228863176,6.178871807,6.213991528,6.206607422,6.20809184,6.210300308
b3444,IS1 protein InsA,,b3444,12.83594963,12.82619619,12.98076834,12.97723816,12.79351587,12.76330706
b3445,IS1 protein InsB,,b3445,12.43226549,12.24975582,12.31603044,12.43782249,12.28591125,12.38880526
b3446,unknown CDS,,b3446,9.340664955,9.324610695,9.329938773,9.099474279,9.190396687,8.978761284
b3447,gamma-glutamyltranspeptidase,,b3447,11.51326628,11.31696933,11.4209734,11.25311181,11.29939608,11.14692329
b3448,hypothetical protein,,b3448,11.8344926,11.43316126,12.14473508,12.0177806,11.25978124,11.34034083
b3449,cytoplasmic glycerophosphodiester phosphodiesterase,hydrolyzes diesters during transport at the inner face of the cytoplasmic membrane to glycerol-3-phosphate and alcohol; induced when cells are starved for inorganic phosphate; go_component: cytoplasm [goid 0005737]; go_process: glycerol metabolism [goid 0006071],b3449,11.31796352,11.24409568,11.42760628,11.22864737,11.47480094,11.43360111
b3450,ATP-binding component of sn-glycerol 3-phosphate transport system,"EcoGene suggests alternate start codon; sn-glycerol 3-phosphate transport protein (ABC superfamily, atp_bind); go_component: cytoplasm [goid 0005737]; go_process: aerobic respiration [goid 0009060]; go_process: anaerobic respiration [goid 0009061]; go_process: glycerol metabolism [goid 0006071]; go_process: phospholipid biosynthesis [goid 0008654]",b3450,11.78480393,11.90919161,11.78394281,11.7141896,11.917592,11.94452244
b3451,"sn-glycerol 3-phosphate transport protein (ABC superfamily, membrane)","sn-glycerol 3-phosphate transport system, integral membrane protein; go_component: inner membrane [goid 0019866]; go_process: aerobic respiration [goid 0009060]; go_process: anaerobic respiration [goid 0009061]; go_process: glycerol metabolism [goid 0006071]; go_process: phospholipid biosynthesis [goid 0008654]",b3451,10.90714219,11.06959911,10.60711335,10.4836529,11.03552503,10.94722272
b3452,"sn-glycerol 3-phosphate transport protein (ABC superfamily, membrane)","sn-glycerol 3-phosphate transport system, integral membrane protein; go_component: inner membrane [goid 0019866]; go_process: aerobic respiration [goid 0009060]; go_process: anaerobic respiration [goid 0009061]; go_process: glycerol metabolism [goid 0006071]; go_process: phospholipid biosynthesis [goid 0008654]",b3452,7.165926887,7.524042917,6.974008273,7.041068382,7.672270165,7.51181288
b3453,"sn-glycerol 3-phosphate transport protein (ABC superfamily, peri_bind)",sn-glycerol 3-phosphate transport system; periplasmic binding protein; go_component: periplasmic space [goid 0042597]; go_process: aerobic respiration [goid 0009060]; go_process: anaerobic respiration [goid 0009061]; go_process: glycerol metabolism [goid 0006071]; go_process: phospholipid biosynthesis [goid 0008654],b3453,10.29584458,10.57522837,10.13486151,10.1789343,10.81530185,10.6647514
b3454,ATP-binding component of leucine transport,"EcoGene suggests alternate start codon; high-affinity branched-chain amino acid transport protein (ABC superfamily, atp_bind); go_component: cytoplasm [goid 0005737]; go_process: amino acid catabolism [goid 0009063]; go_process: leucine biosynthesis [goid 0009098]",b3454,14.5350811,14.45187188,14.49782537,14.50793923,14.45708539,14.52125594
b3455,ATP-binding component of high-affinity branched-chain amino acid transport system,"high-affinity branched-chain amino acid transport protein (ABC superfamily, atp_bind); go_component: cytoplasm [goid 0005737]; go_process: amino acid catabolism [goid 0009063]; go_process: leucine biosynthesis [goid 0009098]",b3455,13.90077864,13.88846812,13.8123355,13.84243951,13.88753527,14.02331259
b3456,high-affinity branched-chain amino acid transport,"high-affinity branched-chain amino acid transport protein (ABC superfamily, membrane); go_component: inner membrane [goid 0019866]; go_process: leucine biosynthesis [goid 0009098]",b3456,13.39905711,13.53099396,13.36207458,13.24944654,13.45008861,13.58450583
b3457,"high-affinity branched-chain amino acid transport protein (ABC superfamily, membrane)",high-affinity branched-chain amino acid transport system; membrane component; go_component: inner membrane [goid 0019866]; go_process: leucine biosynthesis [goid 0009098],b3457,12.92380015,13.05549757,12.95072234,12.80362967,12.9007064,13.01228954
b3458,"high-affinity branched-chain amino acid transport protein (ABC superfamily, peri_bind)",high-affinity leucine-specific transport system; periplasmic binding protein; go_component: periplasmic space [goid 0042597]; go_process: leucine biosynthesis [goid 0009098],b3458,14.61321109,14.58829978,14.48199545,14.56438404,14.29214113,14.43543515
b3459,putative acyltransferase,,b3459,11.27975887,11.14457435,11.42243526,11.38018438,11.07645392,11.18573273
b3460,"high-affinity branched-chain amino acid transport protein (ABC superfamily, peri_bind)","revised start codon, based on EcoGene 17; go_component: periplasmic space [goid 0042597]; go_process: leucine biosynthesis [goid 0009098]",b3460,16.26501823,16.16562305,16.10748417,16.21032413,16.11454659,16.08610941
b3461,RNA polymerase sigma factor,Binds with the catalytic core of RNA polymerase to produce the holoenzyme; go_component: cytoplasm [goid 0005737]; go_process: transcription [goid 0006350]; go_process: response to temperature [goid 0009266],b3461,13.56128263,13.40742874,13.68783334,13.5417069,13.44632564,13.41395522
b3462,cell division membrane protein,integral membrane cell division protein; go_component: inner membrane [goid 0019866],b3462,12.36920645,12.31217686,12.26689807,12.13724197,12.35231628,12.1798901
b3463,ATP-binding component of a membrane-associated complex involved in cell division,"putative transport protein (ABC superfamily, atp_bind); go_component: cytoplasm [goid 0005737]",b3463,13.81467448,13.71588551,13.79090022,13.75604137,13.67971602,13.70743336
b3464,cell division membrane protein,cell division protein: membrane binding (N-terminal); GTPase domain (C-terminal); go_component: inner membrane [goid 0019866],b3464,13.71985031,13.58216486,13.593168,13.698836,13.56692819,13.52165281
b3465,putative methyltransferase,,b3465,12.65637862,12.52946885,12.4201892,12.4004772,12.53214672,12.47345984
b3466,hypothetical protein,,b3466,11.09112578,11.06606449,11.02308156,10.8949809,11.1594868,10.98602214
b3467,putative receptor,,b3467,11.32109124,11.22075745,11.42972955,11.08191126,11.07770175,10.8964386
b3468,putative enzyme,,b3468,12.36023704,12.29817392,12.79039151,12.54637067,12.10432776,12.12614219
b3469,Pb/Cd/Zn/Hg transporting ATPase (P-type ATPase family),"zinc-transporting ATPase; go_component: inner membrane [goid 0019866]; go_function: ATPase activity, coupled to transmembrane movement of ions, phosphorylative mechanism [goid 0015662]; go_process: ATP synthesis coupled proton transport [goid 0015986]; go_process: xenobiotic metabolism [goid 0006805]",b3469,11.12777204,11.01258789,11.24616196,11.11925903,10.89058555,10.95594942
b3470,hypothetical protein,,b3470,12.08449605,11.75576203,12.16006703,12.05499516,11.96821895,11.82793596
b3471,putative integral membrane protein,,b3471,9.176399624,8.983605561,9.708631922,9.341204488,9.08695615,9.013813112
b3472,periplasmic protein; required for phage C1 adsorption,EcoGene suggests alternate start codon,b3472,14.34765225,14.33289225,14.28816782,14.04646148,14.38704949,14.32300666
b3473,hypothetical protein,EcoGene suggests alternate start codon; go_component: inner membrane [goid 0019866],b3473,12.24359667,12.25537857,12.23342408,12.19006824,12.19911408,12.13105539
b3474,putative permease (PerM family),EcoGene suggests alternate start codon; go_component: inner membrane [goid 0019866],b3474,10.39126274,10.49990851,10.74738139,10.70491811,10.31086684,10.29200768
b3475,holo-(acyl carrier protein) synthase 2 (phophopantetheinyltransferase),protein involved in phosphopantetheinyl transfer and holoACP synthesis,b3475,12.41344624,12.49034472,12.4812195,12.72117724,12.39391327,12.35892895
b3476,"nickel transport protein (ABC superfamily, peri_bind)",periplasmic binding protein for nickel; go_component: periplasmic space [goid 0042597]; go_process: taxis [goid 0042330],b3476,11.37276416,11.2788912,11.80928323,11.7173412,9.997969588,10.41578327
b3477,"nickel transport protein (ABC superfamily, membrane)","transport of nickel, membrane protein; go_component: inner membrane [goid 0019866]",b3477,10.20303577,10.16892537,10.40413106,10.14276076,8.58633435,8.994821168
b3478,"nickel transport proein (ABC superfamily, membrane)","transport of nickel, membrane protein; go_component: inner membrane [goid 0019866]",b3478,9.055481219,8.996784923,9.139322013,9.041253197,8.586536098,8.785424971
b3479,ATP-binding protein of nickel transport system,"nickel transport protein (ABC superfamily, atp_bind); go_component: cytoplasm [goid 0005737]; go_process: aerobic respiration [goid 0009060]; go_process: anaerobic respiration [goid 0009061]",b3479,9.413593984,9.328839524,9.623262999,9.522596004,9.181856,9.389294476
b3480,ATP-binding protein of nickel transport system,"nickel transport protein (ABC superfamily, atp_bind); go_component: cytoplasm [goid 0005737]; go_process: aerobic respiration [goid 0009060]; go_process: anaerobic respiration [goid 0009061]",b3480,7.425994376,7.54715655,7.677493998,7.555522767,7.502048946,7.511680557
b3481,nickel responsive regulator,Inhibits transcription at high concentrations of nickel; go_component: cytoplasm [goid 0005737]; go_function: transcriptional repressor activity [goid 0016564]; go_process: transcription [goid 0006350],b3481,11.4560591,11.36261554,11.55495028,11.62488267,11.32674064,11.32558162
b3482,RhsB protein in RhsB element,rhsB protein in rhs element,b3482,6.856444373,6.730395766,6.787942119,6.804700918,6.683417295,6.67513858
b3483,unknown CDS,EcoGene suggests alternate start codon,b3483,8.048739633,7.711407684,7.728105313,7.896337053,7.569768954,7.632811408
b3484,"conserved protein, similar to H-repeat-associated proteins",putative receptor,b3484,7.612464064,7.547951361,7.489085942,7.550767107,7.456450903,7.450998663
b3485,putative transporter,go_component: inner membrane [goid 0019866],b3485,12.29970767,12.37815706,12.42431645,12.30566599,12.31607387,12.41367524
b3486,"ribosome-associated ATPase, ATP-binding domain (N-terminal)",EcoGene suggests alternate start codon; go_component: cytoplasm [goid 0005737]; go_process: protein biosynthesis [goid 0006412],b3486,12.28152361,12.35943782,12.33506036,12.29575322,12.33342327,12.32791613
b3487,hypothetical protein,go_component: inner membrane [goid 0019866],b3487,12.98072383,12.68446682,13.24739394,13.12326798,12.53712619,12.41650189
b3488,hypothetical protein,,b3488,6.790301368,6.757944722,6.712150555,6.715134019,6.707100288,6.735185892
b3489,unknown CDS,,b3489,6.167903813,6.160938619,6.152994123,6.164978239,6.175781628,6.158860583
b3490,unknown CDS,,b3490,6.631779623,6.526932717,6.538990708,6.505303068,6.53657712,6.506685157
b3491,putative transport protein,EcoGene suggests alternate start codon,b3491,9.879000373,9.852287825,10.0682877,9.608423903,9.597448862,9.381179718
b3492,putative oxidoreductase with FAD/NAD(P)-binding domain,,b3492,10.93663731,11.20334357,11.09843245,11.12264151,11.31819118,11.17243068
b3493,low-affinity phosphate transport,low-affinity phosphate transport protein (PiT family); go_component: inner membrane [goid 0019866]; go_process: phosphorus metabolism [goid 0006793],b3493,12.53099825,12.88797366,12.57900214,12.31280491,12.80523082,12.72509275
b3494,universal stress protein UspB,"ppGpp-dependent, membrane associated, stress protein produced under conditions of nutrient deprivation, osmotic shock and oxidative stress; go_component: inner membrane [goid 0019866]; go_process: response to stress [goid 0006950]; go_process: xenobiotic metabolism [goid 0006805]",b3494,12.7362686,12.27393056,13.17907573,12.82396062,12.19673398,12.15680594
b3495,universal stress protein A,universal stress protein; broad regulatory function?; go_component: cytoplasm [goid 0005737]; go_process: response to stress [goid 0006950],b3495,16.73454224,16.47109608,17.25941174,17.24206843,16.28223191,16.27815512
b3496,putative peptide transport protein (POT family),putative transport protein; go_component: inner membrane [goid 0019866],b3496,11.36317991,11.1573221,11.76863774,11.50716806,10.90289791,11.009485
b3497,putative methyltransferase,,b3497,11.36110256,11.2694716,11.26241919,11.28210227,11.38939583,11.31228222
b3498,oligopeptidase A,,b3498,13.33743616,13.21378442,13.40580173,13.29784281,13.21882312,13.23531258
b3499,hypothetical protein,,b3499,12.31653342,12.57949555,12.28254329,12.1377895,12.61984608,12.60926445
b3500,glutathione reductase,Involved in redox regulation and oxidative defense; go_component: cytoplasm [goid 0005737],b3500,12.99188629,12.9831025,13.09290017,12.92556242,12.80697172,12.81003437
b3501,transcriptional repressor for arsenical resistance (ArsR family),transcriptional repressor of chromosomal ars operon; go_component: cytoplasm [goid 0005737]; go_function: transcriptional repressor activity [goid 0016564]; go_process: transcription [goid 0006350]; go_process: response to drug [goid 0042493],b3501,8.756713176,8.868545149,8.760517573,8.946496051,8.692703159,8.826559945
b3502,arsenical pump (Ars family),EcoGene suggests alternate start codon; arsenical pump membrane protein; go_component: inner membrane [goid 0019866]; go_process: xenobiotic metabolism [goid 0006805],b3502,10.48156416,10.32869826,10.32071104,10.32483358,10.39657443,10.42472988
b3503,arsenate reductase,go_process: response to drug [goid 0042493],b3503,11.17808246,10.91567934,11.08445329,11.04381741,10.91255736,10.96354719
b3504,hypothetical protein,,b3504,6.22299937,6.181613929,6.194307983,6.19322789,6.200256087,6.202358228
b3505,IS5 protein 11,IS5 transposase,b3505,14.51658807,14.62668267,14.39775092,14.52117116,14.47383732,14.57667587
b3506,outer membrane protein induced after carbon starvation,"EcoGene suggests alternate start codon; outer membrane protein, induced after carbon starvation; go_component: external outer membrane (sensu Gram-negative Bacteria) [goid 0009279]; go_process: response to starvation [goid 0042594]",b3506,12.700461,12.41846112,13.18260122,12.98380094,11.91623582,11.74466087
b3507,putative transcriptional regulator (LuxR/UhpA family),"go_process: regulation of transcription, DNA-dependent [goid 0006355]",b3507,8.047616994,7.766749954,8.370843513,7.995263914,7.425433176,7.380627533
b3508,putative Mg(2+) transport ATPase,putative transport ATPase,b3508,10.58752257,10.44470817,10.20847352,10.16423081,10.19313603,10.10918085
b3509,hypothetical protein,EcoGene suggests alternate start codon,b3509,15.51613684,15.17227073,15.40416624,15.4451333,14.64397473,14.5105124
b3510,hypothetical protein,,b3510,16.44335594,16.04768086,16.3963448,16.20974995,15.7045762,15.59953506
b3511,hypothetical protein,,b3511,14.47184359,14.31252341,14.7651,14.43354847,13.95394309,13.89674879
b3512,putative regulator,,b3512,12.03753573,11.16855089,12.08098458,11.91200434,10.09132236,10.01079819
b3513,multidrug resistance protein (lipoprotein),go_component: inner membrane [goid 0019866],b3513,9.556262953,9.748288138,9.59448392,9.662684865,9.476134586,9.385578174
b3514,"multidrug transport protein, RpoS-dependent (RND family)",putative transport system permease protein; go_component: external outer membrane (sensu Gram-negative Bacteria) [goid 0009279],b3514,10.07075842,10.17506481,10.03411638,9.895531765,9.996777176,9.92052597
b3515,putative ARAC-type regulatory protein,putative transcriptional regulator (AraC/XylS family); go_function: transcriptional activator activity [goid 0016563]; go_process: transcription [goid 0006350],b3515,11.75193726,11.52508537,11.40964259,11.3081392,11.44114405,10.99893979
b3516,putative ARAC-type regulatory protein,putative transcriptional regulator (AraC/XylS family); go_function: transcriptional activator activity [goid 0016563]; go_process: transcription [goid 0006350],b3516,13.96900517,13.28001884,13.92474713,13.51433721,13.103053,12.80652573
b3517,"glutamate decarboxylase A, isozyme, PLP-dependent",glutamate decarboxylase isozyme; go_component: cytoplasm [goid 0005737]; go_process: amino acid catabolism [goid 0009063]; go_process: amino acid metabolism [goid 0006520],b3517,13.13011632,13.35598375,13.7343693,13.39630416,12.87116869,12.69491625
b3518,putative cytochrome C peroxidase,go_process: cytochrome biogenesis [goid 0017004],b3518,9.63960423,9.259491989,9.665181392,9.649888214,9.229839445,9.040435575
b3519,cytoplasmic trehalase,"trehalase, cytoplasmic; go_component: cytoplasm [goid 0005737]; go_process: carbohydrate catabolism [goid 0016052]",b3519,11.87611199,11.5850924,12.25972724,12.17884456,11.46962447,11.42439869
b3520,putative regulator,putative transcriptional regulator (LuxR/UhpA familiy); go_function: transcriptional activator activity [goid 0016563]; go_process: transcription [goid 0006350],b3520,10.66321365,10.44165714,10.52785449,10.59844581,10.45520514,10.36743757
b3521,putative transcriptional regulator (LysR family),EcoGene suggests alternate start codon; putative transcriptional regulator LYSR-type; go_function: transcriptional activator activity [goid 0016563]; go_function: transcriptional repressor activity [goid 0016564]; go_process: transcription [goid 0006350],b3521,8.461805865,8.45422965,8.796980921,8.648852374,8.193106569,8.135488414
b3522,hypothetical protein,,b3522,12.91390776,12.89254504,13.27700441,13.04167049,12.63212419,12.65351793
b3523,putative transport protein,putative transport protein (MFS family); go_component: inner membrane [goid 0019866],b3523,12.14418013,12.7140494,12.20786902,12.04461233,12.69394484,12.65654133
b3524,hypothetical protein,,b3524,12.1485003,11.70571557,12.36079258,12.27202481,11.56302474,11.50728079
b3525,hypothetical protein,EcoGene suggests alternate start codon,b3525,9.394888663,9.350656193,9.372965749,9.366220467,9.295968213,9.409153233
b3526,ketodeoxygluconokinase,EcoGene suggests alternate start codon; go_process: carbohydrate catabolism [goid 0016052],b3526,13.04960893,12.82863952,13.02995745,13.00836428,12.72869027,12.59139236
b3527,putative peptidase,,b3527,11.81060179,11.78810285,11.64063878,11.57458156,11.88385425,11.7659736
b3528,C4-dicarboxylate transport protein,involved in the transport of C4- dicarboxylates across the membrane; go_component: inner membrane [goid 0019866]; go_function: sodium:dicarboxylate/tricarboxylate symporter activity [goid 0005311]; go_process: carbohydrate catabolism [goid 0016052],b3528,11.82772566,12.25472998,11.85300552,11.59193278,12.17342401,12.15922618
b3529,hypothetical protein,,b3529,10.80413624,10.77823852,10.85283558,10.72803359,10.84810174,10.76178569
b3530,putative cellulose synthase,"revised start codon, based on EcoGene 17; putative oxidoreductase subunit",b3530,11.24849097,11.21461644,11.13991897,11.31221576,11.16252818,11.22842001
b3531,"endo-1,4-D-glucanase",go_component: extracellular [goid 0005576]; go_process: carbohydrate catabolism [goid 0016052]; go_process: polysaccharide catabolism [goid 0000272],b3531,9.645520761,9.609415381,9.625895667,9.608710995,9.601551383,9.755986353
b3532,putative cellulose synthase,,b3532,9.54522406,9.667427419,9.566849495,9.564297988,9.674762425,9.706867576
b3533,putative cellulose synthase,EcoGene suggests alternate start codon,b3533,9.31344368,9.366580184,9.223956743,9.217713991,9.544203845,9.540864031
b3534,hypothetical protein,EcoGene suggests alternate start codon,b3534,11.96487911,11.63746328,11.9887136,12.01474292,11.85307855,11.71559439
b3535,unknown CDS,,b3535,13.63325849,13.1858031,13.69064719,13.59873983,13.12859812,12.92122178
b3536,hypothetical protein,"Salmonella ortholog implicated in the biosynthesis of cellulose, although the precise role remains unclear",b3536,12.82304781,12.7444683,12.94025792,13.04273578,12.56548586,12.58211632
b3537,unknown CDS,EcoGene suggests alternate start codon,b3537,11.42748705,11.52996943,11.58972296,11.48339571,11.38890674,11.27899977
b3538,hypothetical protein,,b3538,11.63655769,11.91657987,11.46154527,11.30499531,12.22930535,12.00532465
b4453,small toxic polypeptide,,b4453,9.853009417,9.766027052,9.861200482,10.18520768,9.766712147,9.739982014
b3539,putative transport protein (HAAAP family),putative transporter protein; go_component: inner membrane [goid 0019866],b3539,8.727201824,9.261143128,8.781163545,8.611684006,9.420421266,9.364237429
b3540,"dipeptide transport protein (ABC superfamily, atp_bind)",putative ATP-binding component of dipeptide transport system; go_component: cytoplasm [goid 0005737]; go_process: amino acid catabolism [goid 0009063],b3540,13.27697756,13.31684359,13.30233437,13.49830141,13.37925532,13.35918387
b3541,"dipeptide transport protein (ABC superfamily, atp_bind)",putative ATP-binding component of dipeptide transport system; go_component: cytoplasm [goid 0005737]; go_process: amino acid catabolism [goid 0009063],b3541,13.08508369,13.15551018,13.14292925,13.14029275,13.1704729,13.21145954
b3542,"dipeptide transport protein 2 (ABC superfamily, membrane)",dipeptide transport system permease protein 2; go_component: inner membrane [goid 0019866],b3542,12.61026644,12.85628552,12.77269844,12.58664521,12.75427271,12.87157348
b3543,"dipeptide transport protein 1 (ABC superfamily, membrane)",dipeptide transport system permease protein 1; go_component: inner membrane [goid 0019866],b3543,12.44681025,12.77940606,12.59790113,12.43641436,12.624191,12.76348217
b3544,dipeptide transport protein,"dipeptide transport protein (ABC superfamily, peri_bind); go_component: periplasmic space [goid 0042597]; go_process: amino acid catabolism [goid 0009063]",b3544,15.4089657,15.41405932,15.45359413,15.50652527,15.18700052,15.23109283
b3546,putative transmembrane protein,EcoGene suggests alternate start codon,b3546,10.02867051,10.30472916,10.05188841,9.914517671,10.58447158,10.36356023
b3547,putative oxalate:formate antiporter (MFS family),putative resistance protein; go_component: inner membrane [goid 0019866]; go_process: response to drug [goid 0042493],b3547,9.456196315,9.357324963,9.429692425,9.441785214,9.402793521,9.398094545
b3548,putative lipase,EcoGene suggests alternate start codon; go_process: fatty acid oxidation [goid 0019395],b3548,10.70466189,10.46450472,11.37078601,11.06637236,10.36457392,10.20697533
b3549,"3-methyl-adenine DNA glycosylase I, constitutive",go_component: cytoplasm [goid 0005737]; go_process: DNA repair [goid 0006281],b3549,12.28295481,12.11408858,12.43833008,12.32308512,12.04784908,11.97412229
b3550,putative acetyltransferase,,b3550,10.71340584,10.62188044,10.7734161,10.77272015,10.57411453,10.49618585
b3551,biotin sulfoxide reductase,EcoGene suggests alternate start codon; go_process: biotin biosynthesis [goid 0009102],b3551,12.51740853,12.26494549,12.48382458,12.37415518,12.18314577,12.28341469
b3552,putative outer membrane protein,go_component: inner membrane [goid 0019866],b3552,10.8893998,10.88510992,10.71896626,10.75889288,11.22669674,11.16969751
b3553,2-hydroxyacid dehydrogenase,Involved in the metabolism of aromatic amino acids; go_component: cytoplasm [goid 0005737]; go_process: carbohydrate catabolism [goid 0016052],b3553,12.34593816,12.6067111,12.65942256,12.44505485,12.43786875,12.35782353
b3554,hypothetical protein,EcoGene suggests alternate start codon,b3554,13.02647552,13.03799924,13.34527009,13.07041395,12.87388334,12.81816124
b3555,putative transcriptional regulator,"go_process: regulation of transcription, DNA-dependent [goid 0006355]",b3555,14.17436124,13.53346799,14.25996618,14.01176546,13.44073168,13.02121512
b3556,"cold shock protein 7.4, transcriptional activator of hns","major cold shock protein 7.4, transcription antiterminator of hns, ssDNA-binding property; go_component: cytoplasm [goid 0005737]; go_function: transcriptional activator activity [goid 0016563]; go_process: transcription [goid 0006350]; go_process: response to temperature [goid 0009266]",b3556,17.73085077,17.56624481,16.89144834,16.81317058,17.74005702,17.64681434
b4455,small toxic membrane polypeptide,IS150 insertion and apparent 39 bp deletion disrupt the associated mokA and sokA genes,b4455,6.127978438,6.161529512,6.139263003,6.173541464,6.127028814,6.133497636
b3557,IS150 hypothetical protein,IS5 protein,b3557,8.615593121,8.403567458,8.487766931,8.235174729,8.435169203,8.317867143
b3558,IS150 putative transposase,IS150 transposase,b3558,7.525463314,7.515545452,7.387727895,7.502689219,7.437122448,7.518598246
b3559,glycyl-tRNA synthetase beta subunit,glycine--tRNA ligase beta chain; glyS; class II aminoacyl tRNA synthetase; tetramer of alpha(2)beta(2); catalyzes a two-step reaction; first charging a glycine molecule by linking the carboxyl group to the alpha-phosphate of ATP; second by transfer of the; go_component: cytoplasm [goid 0005737]; go_process: amino acid activation [goid 0006418],b3559,13.8883644,14.02615989,14.05948771,14.00510211,13.96222123,13.98059205
b3560,glycyl-tRNA synthetase alpha subunit,glycine--tRNA ligase alpha chain; GlyRS; class II aminoacyl tRNA synthetase; tetramer of alpha(2)beta(2); catalyzes a two-step reaction; first charging a glycine molecule by linking its carboxyl group to the alpha-phosphate of ATP; second by transfer of th; go_component: cytoplasm [goid 0005737]; go_process: amino acid activation [goid 0006418],b3560,14.39722391,14.60484829,14.42675451,14.44019262,14.4920562,14.52136658
b3561,hypothetical protein,,b3561,9.757808458,9.562221139,9.852284552,9.631050841,9.543411415,9.488524544
b3562,hypothetical protein,EcoGene suggests alternate start codon,b3562,10.17959733,9.959472791,9.945638583,10.12342799,10.0020323,10.05481879
b3563,hypothetical protein,EcoGene suggests alternate start codon,b3563,9.729861646,9.537353194,9.666975466,9.616220086,9.61968069,9.662940419
b3564,xylulokinase,go_process: carbohydrate catabolism [goid 0016052],b3564,11.06996346,10.79184307,11.1473248,10.99567385,10.76807683,10.73657126
b3565,xylose isomerase,catalyzes the interconversion of D-xylose to D-xylulose; go_component: cytoplasm [goid 0005737]; go_process: carbohydrate catabolism [goid 0016052]; go_process: glucose metabolism [goid 0006006],b3565,11.39286668,11.27622972,11.38970762,11.30865713,11.17081104,11.128986
b3566,"D-xylose transport protein (ABC superfamily, peri_bind)",xylose binding protein transport system; go_component: periplasmic space [goid 0042597]; go_process: carbohydrate catabolism [goid 0016052],b3566,9.20145449,9.037872822,9.04441372,9.033282679,8.99942608,9.047745411
b3567,"D-xylose transport protein (ABC superfamily, atp_bind)",putative ATP-binding protein of xylose transport system; go_component: cytoplasm [goid 0005737]; go_process: carbohydrate catabolism [goid 0016052],b3567,8.39501805,8.198929908,8.28381655,8.338282923,8.267911904,8.284085975
b3568,"D-xylose transport permease (ABC superfamily, membrane)","putative xylose transport, membrane component; go_component: inner membrane [goid 0019866]; go_process: carbohydrate catabolism [goid 0016052]",b3568,10.34295826,10.18957955,10.24716384,10.32466103,10.19495371,10.33097254
b3569,putative regulator of xyl operon,transcriptional regulator of xylose utilization (AraC/XylS family); go_component: cytoplasm [goid 0005737]; go_function: transcriptional activator activity [goid 0016563]; go_function: transcriptional repressor activity [goid 0016564]; go_process: carbohydrate catabolism [goid 0016052]; go_process: transcription [goid 0006350],b3569,9.3088097,9.432726068,9.705515444,9.635362569,9.218625432,9.243368553
b3570,putative ATP-binding protein,,b3570,14.09610921,14.10554169,13.97397478,13.74623607,13.97861275,13.7716185
b3571,periplasmic alpha-amylase precursor,"periplasmic enzyme that degrades maltodextrins that enter via the outer membrane porin LamB; hydrolyzes alpha-(1,4) glycosidic linkages; contains internal disulfide bonds; go_component: periplasmic space [goid 0042597]; go_process: carbohydrate catabolism [goid 0016052]; go_process: polysaccharide catabolism [goid 0000272]; go_process: proteolysis and peptidolysis [goid 0006508]",b3571,11.46154286,11.65963475,11.45483599,11.26473345,11.36446428,11.4671113
b3572,valine--pyruvate transaminase,"transaminase C; catalyzes transamination of alanine, valine, and 2-aminobutyrate with their respective 2-keto acids; also catalyzes terminal step in valine biosynthesis; go_process: alanine biosynthesis [goid 0006523]",b3572,13.68430778,14.2571851,13.33046501,13.32975591,14.27277416,14.25979599
b3573,"putative oxidoreductase, Fe-S protein",,b3573,11.01795554,10.73557303,11.32803003,11.17026976,10.75933638,10.9192632
b3574,transcriptional repressor (IclR family),transcriptional repressor of the yiaK-S operon.; go_function: transcriptional repressor activity [goid 0016564]; go_process: transcription [goid 0006350],b3574,11.28591446,11.35728976,11.42576384,11.35538192,11.43205817,11.28668296
b3575,"2,3-diketo-L-gulonate dehydrogenase, NADH-dependent",putative dehydrogenase,b3575,8.188668416,8.026836031,8.095979407,8.130430954,8.038860983,8.106556329
b3576,putative lipase,,b3576,6.307872066,6.298709803,6.302855814,6.318301613,6.309362305,6.307770338
b3577,putative transport protein,,b3577,6.256009043,6.25315884,6.236799432,6.279401803,6.269716714,6.271652347
b3578,putative component of transport system,go_component: inner membrane [goid 0019866],b3578,9.221466,9.107912613,9.066835552,9.144262843,9.117655371,9.183353686
b3579,putative periplasmic component of transport system,putative solute-binding transport protein,b3579,7.562950144,7.527768543,7.448817585,7.538239106,7.533750007,7.573460593
b3580,3-keto-L-gulonate kinase,"L-xylulose kinase, cryptic; go_process: carbohydrate catabolism [goid 0016052]",b3580,9.259055335,9.257298196,9.265945557,9.394827535,9.247894713,9.38623326
b3581,3-keto-L-gulonate 6-phosphate decarboxylase,probable 3-hexulose 6-phosphate synthase,b3581,8.170289262,8.136723521,8.158998523,8.264544166,8.199051776,8.248943919
b3582,3-epimerase,EcoGene suggests alternate start codon; putative 3-hexulose-6-phosphate isomerase,b3582,9.368858347,9.191581548,9.222250451,9.287135312,9.171317866,9.249358588
b3583,L-ribulose-5-phosphate 4-epimerase,catalyzes the formation of D-xylulose 5-phosphate from L-ribulose 5-phosphate; go_process: carbohydrate catabolism [goid 0016052],b3583,6.967860612,6.924786131,7.111867424,7.025964556,6.890730579,6.872076676
b3584,putative outer membrane protein,go_component: external outer membrane (sensu Gram-negative Bacteria) [goid 0009279],b3584,9.230115493,9.209531522,9.224363536,9.151262919,9.17590254,9.18233322
b3585,putative transcriptional regulator (LysR family),putative transcriptional regulator LYSR-type; go_function: transcriptional activator activity [goid 0016563]; go_function: transcriptional repressor activity [goid 0016564]; go_process: transcription [goid 0006350],b3585,10.15381079,10.14381305,10.06038365,10.11563022,10.01699216,10.00525356
b3586,"putative membrane protein, efflux pump",go_component: inner membrane [goid 0019866],b3586,8.169313996,8.005715504,7.959377226,8.013644163,8.066076704,8.154665664
b3587,unknown CDS,,b3587,7.055369953,7.07622408,7.008539612,6.979783823,7.009044519,7.066857121
b3588,aldehyde dehydrogenase B (lactaldehyde dehydrogenase),EcoGene suggests alternate start codon; go_process: carbohydrate catabolism [goid 0016052]; go_process: methylglyoxal metabolism [goid 0009438],b3588,10.69286047,10.64312383,11.06428579,10.72354738,10.60073109,10.42845197
b3589,putative alcohol dehydrogenase,putative oxidoreductase,b3589,7.444403275,7.312571043,7.349242915,7.448256748,7.392613682,7.388602437
b3590,selenocysteinyl-tRNA-specific translation factor,go_component: cytoplasm [goid 0005737]; go_process: protein biosynthesis [goid 0006412],b3590,12.68073067,12.57871837,12.58446563,12.28675337,12.52782512,12.49512232
b3591,selenocysteine synthase,catalyzes the formation of selenocysteinyl-tRNA(Sec) from seryl-tRNA(Sec) and L-selenophosphate in selenoprotein biosynthesis; go_component: cytoplasm [goid 0005737]; go_process: pyridoxine biosynthesis [goid 0008615]; go_process: RNA modification [goid 0009451],b3591,13.15007592,12.98275962,13.27108729,13.31806087,12.92807236,13.04162244
b3592,putative S-transferase,putative glutathione S-transferase,b3592,13.18955837,13.04709967,12.86930399,12.72732142,13.11247919,12.95296048
b3593,RhsA protein in RhsA element,rhsA protein in rhs element,b3593,8.429035307,8.156109016,8.307610218,8.268785395,8.044727353,7.952069159
b3594,putative lyase,,b3594,9.079363176,8.770598454,8.811556659,8.752542605,8.54362479,8.486701582
b3595,putative rhs protein,,b3595,6.676296831,6.573670033,6.688310773,6.598726428,6.521656521,6.484727077
b3596,hypothetical protein,,b3596,6.613294278,6.566708197,6.546459776,6.598305353,6.535673906,6.493680005
b3597,hypothetical protein,go_component: inner membrane [goid 0019866],b3597,9.531339913,9.279233569,9.510779633,9.407428813,9.311752195,9.417131999
b3598,unknown CDS,,b3598,11.3873166,11.22465538,11.28961054,11.21999478,11.11783496,11.40142644
b3599,"PTS family enzyme IICB (N-terminal); enzyme IIA (C-terminal), mannitol-specific","PTS system, mannitol-specific enzyme IIABC components; go_component: inner membrane [goid 0019866]; go_process: carbohydrate catabolism [goid 0016052]",b3599,11.09319097,11.13885322,11.15109913,11.14941099,11.1547601,11.07711247
b3600,mannitol-1-phosphate 5-dehydrogenase,go_process: carbohydrate catabolism [goid 0016052],b3600,12.24149024,12.26121606,12.46441929,12.38452025,12.23800956,12.20964013
b3601,repressor for mtl,transcriptional repressor for mannitol utilization; go_component: cytoplasm [goid 0005737]; go_process: carbohydrate catabolism [goid 0016052]; go_process: transcription [goid 0006350],b3601,10.7818274,10.8383499,10.8878533,10.82628086,11.00960676,10.78340694
b3602,hypothetical protein,,b3602,12.79397223,12.91558011,12.80511712,12.70502722,12.83492033,12.53725662
b3603,L-lactate permease,L-lactate permease (LctP family); go_component: inner membrane [goid 0019866]; go_process: carbohydrate catabolism [goid 0016052],b3603,10.85042837,10.68616188,10.72719088,10.5250714,10.8649524,11.02679697
b3604,putative transcriptional repressor for L-lactate utilization (GntR family),transcriptional regulator; go_component: cytoplasm [goid 0005737]; go_function: transcriptional repressor activity [goid 0016564]; go_process: aerobic respiration [goid 0009060]; go_process: transcription [goid 0006350],b3604,11.97184098,11.8580323,12.0534605,11.78123914,11.86598957,11.8429174
b3605,L-lactate dehydrogenase,"L-lactate dehydrogenase, FMN-linked; go_component: inner membrane [goid 0019866]; go_function: electron donor activity [goid 0009053]; go_process: aerobic respiration [goid 0009060]; go_process: anaerobic respiration [goid 0009061]",b3605,12.10794811,11.98824404,12.15680209,12.00848686,11.9374412,11.97033643
b3606,putative tRNA/rRNA methyltransferase,go_process: RNA modification [goid 0009451],b3606,9.357548901,9.876613923,9.265962062,9.29226246,10.10469521,9.903093765
b3607,serine acetyltransferase,go_component: cytoplasm [goid 0005737]; go_process: cysteine biosynthesis [goid 0019344],b3607,12.93629594,13.20033416,12.8299767,12.64153141,13.29500585,13.27716602
b3608,NAD(P)H-dependent glycerol-3-phosphate dehydrogenase,catalyzes the NAD(P)H-dependent reduction of glycerol 3-phosphate to glycerone phosphate; go_component: cytoplasm [goid 0005737]; go_process: glycerol metabolism [goid 0006071]; go_process: phosphorus metabolism [goid 0006793],b3608,14.16513891,14.39458419,14.15001758,13.85545869,14.3745785,14.32853478
b3609,export protein SecB,go_component: cytoplasm [goid 0005737]; go_process: protein folding [goid 0006457],b3609,13.58645943,13.68702704,13.63740433,13.40456172,13.62757677,13.57209826
b3610,glutaredoxin 3,,b3610,15.35026136,15.28646686,15.32707934,15.19006209,15.22685312,15.24586649
b3611,putative phosphatase,,b3611,14.02047074,14.11790704,13.85920645,13.8116018,14.12336907,14.04623576
b3612,phosphoglyceromutase,catalyzes the interconversion of 2-phosphoglycerate and 3-phosphoglycerate; go_component: cytoplasm [goid 0005737]; go_process: carbohydrate catabolism [goid 0016052],b3612,14.7231328,14.33654561,15.21404513,15.31613619,14.03724503,14.22932404
b3613,"protease, membrane-associated",EcoGene suggests alternate start codon; go_component: inner membrane [goid 0019866],b3613,12.27722769,12.40484484,12.34226009,12.32079976,12.44392647,12.3103248
b3614,hypothetical protein,EcoGene suggests alternate start codon,b3614,10.42562113,10.81574308,10.05929088,9.791997859,10.98219571,10.70454911
b3615,putative glycosyltransferase,putative regulator,b3615,7.31308155,7.263140378,7.285644695,7.311708169,7.303835167,7.312536315
b3616,L-threonine 3-dehydrogenase,"catalyzes the formation of 1,2-amino-3-oxobutanoate from threonine in threonine catabolism; go_process: amino acid catabolism [goid 0009063]",b3616,12.21991496,11.90893134,12.51010014,12.14308024,11.88863543,11.76510825
b3617,2-amino-3-ketobutyrate coenzyme A ligase,catalyzes the formation of 2-amino-3-oxobutanoate from acetyl-CoA and glycine; go_process: amino acid catabolism [goid 0009063],b3617,12.07066874,11.78836846,12.37208614,12.15718148,11.68210856,11.69177707
b3618,involved in lipopolysaccharide biosynthesis,"EcoGene suggests alternate start codon; go_function: cell surface antigen activity, host-interacting [goid 0042280]; go_process: lipopolysaccharide biosynthesis [goid 0009103]",b3618,11.20884819,10.77335394,10.38267675,10.26669681,10.58797068,10.29764076
b3619,ADP-L-glycero-D-mannoheptose-6-epimerase,"ADP-L-glycero-D-mannoheptose-6-epimerase, NAD(P)-binding; go_function: cell surface antigen activity, host-interacting [goid 0042280]; go_process: nicotinamide adenine dinucleotide biosynthesis [goid 0009435]",b3619,14.81792775,14.70003296,14.78434578,14.70287602,14.57116379,14.63978348
b3620,ADP-heptose--lps heptosyltransferase II; lipopolysaccharide core biosynthesis,"ADP-heptose; LPS heptosyltransferase II; go_function: cell surface antigen activity, host-interacting [goid 0042280]; go_process: lipopolysaccharide core region biosynthesis [goid 0009244]",b3620,13.04575246,13.19679365,12.82372277,12.76135614,13.1578769,13.10296607
b3621,ADP-heptose; LPS heptosyl transferase I,"heptosyl transferase I; lipopolysaccharide core biosynthesis; go_component: inner membrane [goid 0019866]; go_function: cell surface antigen activity, host-interacting [goid 0042280]; go_process: lipopolysaccharide core region biosynthesis [goid 0009244]",b3621,12.48848275,12.72906203,12.12062715,12.0084975,12.75463172,12.64415818
b3622,O-antigen ligase,"O-antigen ligase; lipopolysaccharide core biosynthesis; go_component: inner membrane [goid 0019866]; go_function: cell surface antigen activity, host-interacting [goid 0042280]; go_process: lipopolysaccharide core region biosynthesis [goid 0009244]",b3622,11.04883745,10.91147923,10.33044189,10.06725338,10.69286777,10.55171994
b3623,probably hexose transferase; lipopolysaccharide core biosynthesis,"putative hexose transferase, lipopolysaccharide core biosynthesis; go_component: inner membrane [goid 0019866]; go_function: cell surface antigen activity, host-interacting [goid 0042280]; go_process: lipopolysaccharide core region biosynthesis [goid 0009244]",b3623,9.871442986,9.709771503,9.20582704,9.284582576,9.44631811,9.349187702
b3624,lipopolysaccharide core biosynthesis,"go_component: inner membrane [goid 0019866]; go_function: cell surface antigen activity, host-interacting [goid 0042280]; go_process: lipopolysaccharide core region biosynthesis [goid 0009244]",b3624,8.948101374,8.780037236,8.503872704,8.197636568,8.280522081,8.330111549
b3625,lipopolysaccharide core biosynthesis,"lipopolysaccharide core biosynthesis; modification of heptose region of the core; go_component: inner membrane [goid 0019866]; go_function: cell surface antigen activity, host-interacting [goid 0042280]; go_process: lipopolysaccharide core region biosynthesis [goid 0009244]",b3625,10.69131444,10.47874467,10.09152908,10.05144243,10.05623475,10.08457126
b3626,UDP-D-glucose:(galactosyl)lipopolysaccharide glucosyltransferase,"go_function: cell surface antigen activity, host-interacting [goid 0042280]",b3626,8.756012329,8.506301442,8.022914501,7.856570412,7.97418022,8.043792709
b3627,"UDP-D-galactose:(glucosyl)lipopolysaccharide- alpha-1,3-D-galactosyltransferase","UDP-D-galactose:(glucosyl)lipopolysaccharide-alpha- 1,3-D-galactosyltransferase; go_function: cell surface antigen activity, host-interacting [goid 0042280]",b3627,10.15083728,9.740880196,9.465793438,9.521659374,9.341324321,9.415467212
b3628,"UDP-D-galactose:(glucosyl)lipopolysaccharide-1, 6- D-galactosyltransferase","UDP-D-galactose:(glucosyl)lipopolysaccharide-1, 6-D-galactosyltransferase; go_function: cell surface antigen activity, host-interacting [goid 0042280]",b3628,10.44916509,10.25541459,9.911717974,9.962897778,10.00259233,10.03166211
b3629,lipopolysaccharide core biosynthesis,"go_component: inner membrane [goid 0019866]; go_function: cell surface antigen activity, host-interacting [goid 0042280]; go_process: lipopolysaccharide core region biosynthesis [goid 0009244]",b3629,10.03845566,10.37086464,9.834493098,9.495296138,9.786456282,9.764630026
b3630,lipopolysaccharide core biosynthesis; kinase for core heptose of lipopolysaccharide,"lipopolysaccharide core biosynthesis; phosphorylation of core heptose; attaches phosphate-containing substrate to LPS co; go_component: inner membrane [goid 0019866]; go_function: cell surface antigen activity, host-interacting [goid 0042280]; go_process: lipopolysaccharide core region biosynthesis [goid 0009244]",b3630,11.11954894,11.21214205,10.87862542,10.8931328,10.89741627,10.87266055
b3631,glucosyltransferase I,"glucosyltransferase I; lipopolysaccharide core biosynthesis; go_component: inner membrane [goid 0019866]; go_function: cell surface antigen activity, host-interacting [goid 0042280]; go_process: lipopolysaccharide core region biosynthesis [goid 0009244]; go_process: SOS response [goid 0009432]",b3631,11.4287477,11.27288501,10.93032771,11.08758926,11.03584549,11.04530834
b3632,lipopolysaccharide core biosynthesis,"lipopolysaccharide core biosynthesis; modification of heptose region of core; go_component: inner membrane [goid 0019866]; go_function: cell surface antigen activity, host-interacting [goid 0042280]; go_process: lipopolysaccharide core region biosynthesis [goid 0009244]",b3632,11.85718539,11.64875927,11.53133129,11.60431265,11.48808876,11.45591701
b3633,3-deoxy-D-manno-octulosonic-acid transferase,"Catalyzes the transfer of 2-keto-3-deoxy-D-manno-octulosonic acid to lipid; go_component: capsule (sensu Bacteria) [goid 0030113]; go_function: cell surface antigen activity, host-interacting [goid 0042280]; go_process: lipid A biosynthesis [goid 0009245]; go_process: lipopolysaccharide core region biosynthesis [goid 0009244]; go_process: K antigen biosynthesis [goid 0009248]",b3633,10.70200354,11.00561519,10.7459056,10.53635992,11.42261576,11.0969862
b3634,phosphopantetheine adenylyltransferase,"catalyzes the reversible formation of dephospho-CoA transfering the adenylyl group from ATP to 4'phosphopantetheine; go_function: cell surface antigen activity, host-interacting [goid 0042280]",b3634,10.40904588,10.63657984,10.29875754,10.18992699,10.88250752,10.62651378
b3635,formamidopyrimidine-DNA glycosylase,Involved in base excision repair of DNA damaged by oxidation or by mutagenic agents. Acts as DNA glycosylase that recognizes and removes damaged bases; go_component: cytoplasm [goid 0005737]; go_process: DNA repair [goid 0006281],b3635,11.06724058,11.19926136,10.98003334,11.01890432,11.28350057,11.25771301
b3636,50S ribosomal protein L33,A deletion mutation for this protein showed no difference from wild-type control on ribosome synthesis or function. The function of L33 is unknown; go_component: cytosolic ribosome (sensu Bacteria) [goid 0009281]; go_component: cytoplasm [goid 0005737]; go_function: structural constituent of ribosome [goid 0003735]; go_process: protein biosynthesis [goid 0006412],b3636,15.47772453,15.63872249,15.41504123,14.99985776,15.92861396,15.74777384
b3637,50S ribosomal protein L28,Required for 70S ribosome assembly; go_component: cytosolic ribosome (sensu Bacteria) [goid 0009281]; go_component: cytoplasm [goid 0005737]; go_function: structural constituent of ribosome [goid 0003735]; go_process: protein biosynthesis [goid 0006412],b3637,16.40758059,16.53363024,16.1760958,15.8041011,16.72797644,16.52416954
b3638,DNA repair protein RadC,Involved in repair of DNA damage after UV and X-ray irradiation in prokaryotes; go_component: cytoplasm [goid 0005737]; go_process: DNA dependent DNA replication [goid 0006261]; go_process: DNA repair [goid 0006281],b3638,8.685941932,8.709146616,8.724386417,8.472728572,8.759487109,8.693251557
b3639,phosphopantothenoylcysteine synthase/decarboxylase,catalyzes the conversion of 4'-phosphopantothenate to 4'-phosphopantetheine; go_component: cytoplasm [goid 0005737]; go_process: coenzyme A biosynthesis [goid 0015937]; go_process: DNA dependent DNA replication [goid 0006261],b3639,12.78938043,13.00492136,12.9758221,13.00136959,12.9512214,12.93609925
b3640,deoxyuridine 5'-triphosphate nucleotidohydrolase,"catalyzes the formation of dUMP from dUTP; go_process: nucleobase, nucleoside and nucleotide interconversion [goid 0015949]",b3640,12.4455653,12.81060919,12.55650391,12.37093769,12.86593863,12.75048351
b3641,nucleoid occlusion protein,FtsZ binding protein; synthetically lethal with a defect in the Min system; this protein is the first identified nucleoid occlusion factor which works along with the Min system to properly position the FtsZ ring assembly; go_function: transcriptional activator activity [goid 0016563]; go_function: transcriptional repressor activity [goid 0016564]; go_process: transcription [goid 0006350],b3641,12.6343322,13.06238338,12.76782143,12.54410438,13.25691802,12.99731094
b3642,orotate phosphoribosyltransferase,involved in fifth step of pyrimidine biosynthesis; converts orotidine 5'-phosphate and diphosphate to orotate and 5-phospho-alpha-D-ribose 1-diphosphate; go_component: cytoplasm [goid 0005737]; go_process: pyrimidine nucleotide biosynthesis [goid 0006221],b3642,10.60058946,10.55151238,10.39727914,10.4156007,10.6258823,10.6122255
b3643,ribonuclease PH,RNase PH; tRNA nucleotidyltransferase; forms hexamers in Bacillus subtilis; phosphoroltic 3'-5' exoribonuclease; involved in maturation of tRNA precursors and removes terminal nucleotides near CCA acceptor arms of mature tRNAs; go_process: RNA catabolism [goid 0006401]; go_process: RNA catabolism [goid 0006401],b3643,12.20478805,12.43936644,11.93842165,11.55098999,12.87461343,12.54362837
b3644,putative alpha helix protein,,b3644,12.26601998,12.36035485,12.17161105,12.05967875,12.42170155,12.13643496
b3645,DNA-damage-inducible protein,"EcoGene suggests alternate start codon; DNA-damage-inducible protein, part of SOS response; go_component: cytoplasm [goid 0005737]; go_process: DNA repair [goid 0006281]",b3645,13.23194109,12.97511929,12.85835428,12.79731502,12.53502158,12.47344725
b3646,hypothetical protein,EcoGene suggests alternate start codon,b3646,8.219514898,8.082583536,8.280770317,8.151599291,8.196157755,8.156276919
b3647,DNA ligase,EcoGene suggests alternate start codon; go_process: DNA metabolism [goid 0006259],b3647,11.13219153,10.99718746,11.00116284,11.08733142,10.93213835,11.11952035
b3648,guanylate kinase,"catalyzes the formation of GDP from ATP and GMP; go_component: cytoplasm [goid 0005737]; go_process: nucleobase, nucleoside and nucleotide interconversion [goid 0015949]; go_process: purine ribonucleotide biosynthesis [goid 0009152]",b3648,14.06597958,13.92059602,14.07163465,13.99834794,13.77532022,13.86952582
b3649,DNA-directed RNA polymerase omega subunit,promotes RNA polymerase assembly or stability; latches the N- and C-terminal regions of the beta' subunit thereby facilitating its interaction with the beta and alpha subunits; go_component: cytoplasm [goid 0005737]; go_process: transcription [goid 0006350],b3649,13.72949258,13.85690506,13.782813,13.78995883,13.81709654,13.78139636
b3650,"(p)ppGpp synthetase II; also guanosine-3',5'-bis pyrophosphate 3'-pyrophosphohydrolase","bifunctional: (p)ppGpp synthetase II; guanosine-3',5'-bis pyrophosphate 3'-pyrophosphohydrolase; go_component: cytoplasm [goid 0005737]; go_function: peptidase activity [goid 0008233]; go_process: nucleobase, nucleoside and nucleotide interconversion [goid 0015949]; go_process: response to starvation [goid 0042594]",b3650,12.96597479,13.35479171,12.8637487,12.87823868,13.37660181,13.33640828
b3651,putative tRNA/rRNA methyltransferase,tRNA (Guanosine-2'-O-)-methyltransferase; go_process: RNA modification [goid 0009451],b3651,12.02614972,12.24700017,11.9903439,11.85181948,12.3562679,12.28111826
b3652,"DNA helicase, ATP-dependent resolution of Holliday junctions, branch migration","DNA helicase, resolution of Holliday junctions, branch migration; go_component: cytoplasm [goid 0005737]; go_process: DNA dependent DNA replication [goid 0006261]",b3652,11.39801986,11.70252371,11.28167997,11.26544374,11.75332346,11.74335074
b3653,glutamate transport,glutamate transport protein (GltS family); go_component: inner membrane [goid 0019866]; go_process: glutamate biosynthesis [goid 0006537]; go_process: aspartate biosynthesis [goid 0006532],b3653,11.80894464,11.72547645,11.95344759,11.82038156,11.71010646,11.63577173
b3654,putative purine/xanthine transport protein (NCS2 family),putative transport protein; go_component: inner membrane [goid 0019866],b3654,11.47363916,12.79906458,10.9581508,10.78319247,13.09098936,12.65592644
b3655,hypothetical protein,,b3655,12.34641827,11.94104299,12.76520119,12.55425465,11.71799872,11.68181873
b3656,putative alpha-xylosidase,,b3656,10.04540967,9.896241113,9.975046631,9.992407716,9.888965776,10.01576805
b3657,putative permease,EcoGene suggests alternate start codon; putative transport protein (GPH family); go_component: inner membrane [goid 0019866],b3657,8.375566294,8.212102476,8.322399121,8.368142478,8.324568742,8.343649521
b3659,putative sugar transport protein (MFS family),two-module transport protein; go_component: inner membrane [goid 0019866],b3659,7.973186932,7.836590294,7.861155613,7.937652861,7.872592626,7.992567976
b3660,"putative membrane protein, transport",putative permease transporter,b3660,10.92307254,10.91154112,11.0569762,10.77024264,10.86956397,10.79854581
b3661,lipoprotein-28,"lipoprotein-28, possible binding protein; go_component: inner membrane [goid 0019866]",b3661,13.86591361,13.7079971,13.89420883,13.98734927,13.39724805,13.37394301
b3662,putative tranport protein (MFS family),EcoGene suggests alternate start codon; putative transport protein; go_component: inner membrane [goid 0019866],b3662,10.11112922,9.933282678,9.793219391,9.790997151,10.12459641,10.08249673
b3663,hypothetical protein,EcoGene suggests alternate start codon,b3663,11.06177829,11.00503173,11.18049065,10.91762571,10.99450591,11.01938291
b3664,hypothetical protein,EcoGene suggests alternate start codon,b3664,8.765166748,8.758131131,8.74982574,8.897803528,8.696372373,8.799185831
b3665,Mn-dependent adenine deaminase (cryptic),adenine deaminase; go_process: metabolism [goid 0008152],b3665,10.17632153,10.09901893,10.08894302,10.13552498,10.08908692,10.12808521
b3666,hexose phosphate transport protein,hexose phosphate transport protein (MFS family); go_component: inner membrane [goid 0019866]; go_process: carbohydrate catabolism [goid 0016052],b3666,9.460993236,9.31876308,9.355021878,9.247021545,9.370214018,9.417515387
b3667,"membrane protein which senses glucose-6-phosphate, interacts with UhpB and UhpA, regulates uhpT expression",EcoGene suggests alternate start codon; regulator of uhpT; go_component: inner membrane [goid 0019866]; go_process: carbohydrate catabolism [goid 0016052]; go_process: transcription [goid 0006350],b3667,11.77884338,11.58028181,11.48624313,11.47416031,11.67098931,11.68600439
b3668,sensor histidine protein kinase phosphorylates UhpA,"EcoGene suggests alternate start codon; sensory histidine kinase in two-component regulatory sytem with UhpA, regulates uhptT expression; go_component: inner membrane [goid 0019866]; go_process: carbohydrate catabolism [goid 0016052]; go_process: protein modification [goid 0006464]",b3668,10.64685574,10.85728356,10.36772746,10.18980904,11.00399725,10.98760123
b3669,"response regulator (activator) in two-component regulatory system wtih UhpB, regulates uhpT expression (LuxR/UhpA family)","response regulator, positive activator of uhpT transcription (sensor, uhpB); go_component: cytoplasm [goid 0005737]; go_function: transcriptional activator activity [goid 0016563]; go_process: carbohydrate catabolism [goid 0016052]; go_process: transcription [goid 0006350]",b3669,12.00652424,12.26034069,11.92352423,11.74252685,12.60120404,12.42721487
b3670,acetolactate synthase small subunit,"with IlvI catalyzes the formation of 2-acetolactate from pyruvate, the small subunit is required for full activity and valine sensitivity",b3670,12.95493968,13.17196473,13.13176898,12.94068474,13.27138753,13.23515357
b3671,acetolactate synthase large subunit,catalyzes the formation of 2-acetolactate from pyruvate,b3671,13.84584198,14.06196828,13.85526958,13.74462363,14.10281115,14.06393667
b3672,ilvB operon leader peptide,go_component: cytoplasm [goid 0005737],b3672,13.33769526,13.42760207,13.4401239,13.19825138,13.31113768,13.15710353
b3673,2-module integral membrane pump; multidrug resistance,EcoGene suggests alternate start codon; multidrug transport protein (MFS family); go_component: inner membrane [goid 0019866]; go_process: response to drug [goid 0042493],b3673,7.053510857,7.006191632,7.055703578,7.115139442,7.044812382,7.077634292
b3674,putative regulator,putative transcriptional regulator,b3674,12.71687147,12.4501788,12.61262571,12.52228897,12.39215757,12.54997224
b3675,hypothetical protein,,b3675,10.46972423,10.45596729,10.62047988,10.38570237,10.43141206,10.39408955
b3676,hypothetical protein,,b3676,10.85594878,10.79675415,10.92653776,10.6793108,10.79948076,10.66619388
b3677,unknown CDS,,b3677,11.27075747,11.03346646,11.36674353,11.01605283,11.02551974,10.86554336
b3678,putative phosphatase/sulfatase,putative sulfatase; go_process: sulfur metabolism [goid 0006790],b3678,9.265925101,9.252623913,9.248703594,9.301248384,9.235065544,9.332544119
b3679,putative cotransporter,putative myo-inositol transport protein (SSS family); go_component: inner membrane [goid 0019866],b3679,8.85044437,8.681125142,8.737129266,8.762993278,8.798489235,8.780105289
b3680,putative ARAC-type regulatory protein,putative transcriptional regulator (AraC/XylS family); go_function: transcriptional activator activity [goid 0016563]; go_process: transcription [goid 0006350],b3680,8.968759057,8.808894162,8.866156157,8.86139789,8.712199398,8.786081086
b3681,probable 6-phospho-beta-glucosidase,"putative 6-phospho-beta-glucosidase, NAD(P)-binding; go_process: carbohydrate catabolism [goid 0016052]; go_process: nicotinamide adenine dinucleotide biosynthesis [goid 0009435]",b3681,9.112762931,8.959040744,9.004437024,8.937969058,8.980288592,8.999723379
b3682,"PTS family enzyme IIB, glucose-glucoside-specific (arbutin-like)","PTS system, arbutin-like IIB component",b3682,7.113666796,7.126854425,7.082988219,7.095682463,7.127990078,7.172340879
b3683,"PTS family enzyme IIC, glucose-glucoside-specific (arbutin-like)","EcoGene suggests alternate start codon; PTS system, arbutin-like IIC component; go_component: inner membrane [goid 0019866]",b3683,8.481385484,8.428384812,8.316376116,8.472999503,8.448183693,8.508201641
b3684,putative transcriptional regulator,putative transcriptional repressor (GntR family); go_function: transcriptional repressor activity [goid 0016564]; go_process: transcription [goid 0006350],b3684,9.244777257,9.052266335,9.147673071,9.210346812,9.046330656,9.124912291
b3685,hypothetical protein,EcoGene suggests alternate start codon,b3685,11.0643012,10.79268157,11.34614268,11.22832644,10.64193294,10.75231214
b3686,heat shock protein,EcoGene suggests alternate start codon; small heat shock protein; go_process: response to temperature [goid 0009266],b3686,9.097229088,9.007128088,9.434633784,9.446720288,9.006181973,8.722079487
b3687,heat shock protein,small heat shock protein; go_process: response to temperature [goid 0009266],b3687,9.392020217,9.496427974,10.03602324,9.970944244,9.562188363,9.237318925
b3688,hypothetical protein,EcoGene suggests alternate start codon,b3688,13.97463477,13.79300534,13.81734783,13.70732696,13.78071063,13.65076249
b3689,hypothetical protein,EcoGene suggests alternate start codon,b3689,11.32462061,11.31151707,11.4970163,11.39246096,11.27742749,11.32606756
b3690,putative oxidoreductase with FAD/NAD(P)-binding domain,EcoGene suggests alternate start codon,b3690,7.892051147,7.844152752,7.854441021,7.838353972,7.894705514,7.919726474
b3691,D-galactonate transport,EcoGene suggests alternate start codon; D-galactonate transport protein (MFS family); go_component: inner membrane [goid 0019866]; go_process: carbohydrate catabolism [goid 0016052],b3691,9.540527892,9.365897854,9.455141187,9.460903492,9.436701153,9.556135352
b4478,galactonate dehydratase,go_process: carbohydrate catabolism [goid 0016052],b4478,8.68422819,8.754348876,8.723479728,8.827072054,8.630401667,8.73702547
b4477,keto-hydroxyglutarate-aldolase/keto-deoxy- phosphogluconate aldolase,catalyzes the formation of pyruvate and glyoxylate from 4-hydroxy-2-oxoglutarate; or pyruvate and D-glyceraldehyde 3-phosphate from 2-dehydro-3-deoxy-D-glyconate 6-phosphate; go_process: carbohydrate catabolism [goid 0016052],b4477,8.66609937,8.687163827,8.764499007,8.76851894,8.569436261,8.691947569
b3693,2-oxo-3-deoxygalactonate kinase,go_process: carbohydrate catabolism [goid 0016052],b3693,9.291367939,9.152966631,9.636460917,9.281364623,9.071377649,9.155248894
b4479,transcriptional repressor for galactonate utilization (GntR family),go_component: cytoplasm [goid 0005737]; go_function: transcriptional repressor activity [goid 0016564]; go_process: carbohydrate catabolism [goid 0016052]; go_process: transcription [goid 0006350],b4479,11.62321188,11.5198465,11.56767173,11.53771212,11.41595548,11.52570847
b3696,putative replicase EC 2.7.-,"revised start codon, based on EcoGene 17",b3696,8.213743645,8.128638554,8.24288161,8.132463581,8.098286492,7.986755008
b3697,"conserved protein, phophatase-like domain",,b3697,13.44675364,13.49939925,13.39119112,13.44896993,13.36065066,13.34406186
b3698,hypothetical protein,EcoGene suggests alternate start codon,b3698,11.52897717,11.31313511,11.75000988,11.63206707,11.29907522,11.26565297
b3699,DNA gyrase subunit B,negatively supercoils closed circular double-stranded DNA; go_component: cytoplasm [goid 0005737]; go_process: DNA dependent DNA replication [goid 0006261]; go_process: transcription [goid 0006350],b3699,13.70724314,13.6255311,13.64843449,13.58255239,13.62531155,13.50587511
b3700,recombination protein F,"Required for DNA replication; binds preferentially to single-stranded, linear DNA; go_component: cytoplasm [goid 0005737]; go_process: DNA dependent DNA replication [goid 0006261]; go_process: DNA repair [goid 0006281]; go_process: DNA recombination [goid 0006310]",b3700,11.85918942,12.25530527,11.64404516,11.65326015,12.42410549,12.3638067
b3701,DNA polymerase III subunit beta,binds the polymerase to DNA and acts as a sliding clamp; go_component: cytoplasm [goid 0005737]; go_process: DNA dependent DNA replication [goid 0006261],b3701,13.52924164,13.72754524,13.34373803,13.1681384,13.81562136,13.82558008
b3702,chromosomal replication initiation protein,binds to the dnaA-box as an ATP-bound complex at the origin of replication during the initiation of chromosomal replication; can also affect transcription of multiple genes including itself; go_component: cytoplasm [goid 0005737]; go_process: DNA dependent DNA replication [goid 0006261],b3702,13.1726697,13.30088484,13.0413277,12.86201002,13.49730417,13.41733843
b3703,50S ribosomal protein L34,The function of this ribosomal subunit is unknown; go_component: cytosolic ribosome (sensu Bacteria) [goid 0009281]; go_component: cytoplasm [goid 0005737]; go_function: structural constituent of ribosome [goid 0003735]; go_process: protein biosynthesis [goid 0006412],b3703,14.81591289,15.22722509,14.53827845,14.337833,15.50334349,15.22754443
b3704,ribonuclease P,protein compoenent of RNaseP which catalyzes the removal of the 5'-leader sequence from pre-tRNA to produce the mature 5'terminus; this enzyme also cleaves other RNA substrates; go_component: cytoplasm [goid 0005737]; go_process: RNA catabolism [goid 0006401]; go_process: RNA modification [goid 0009451],b3704,14.25702771,14.7629459,13.98856211,13.74639586,15.02891293,14.80560666
b3705,inner membrane protein translocase component YidC,functions to insert inner membrane proteins into the IM in Escherichia coli; interacts with transmembrane segments; functions in both Sec-dependent and -independent membrane insertion; similar to Oxa1p in mitochondria; go_component: inner membrane [goid 0019866],b3705,13.61819544,14.28914633,13.33170807,13.11751402,14.40780202,14.24714316
b3706,tRNA modification GTPase,"Involved in the biosynthesis of the hypermodified nucleoside 5-methylaminomethyl-2-thiouridine, which is found in the wobble position of some tRNAs; go_process: RNA modification [goid 0009451]; go_process: xenobiotic metabolism [goid 0006805]",b3706,12.4808426,12.60098034,12.55797836,12.33453183,12.56763884,12.59271866
b3707,tryptophanase leader peptide,go_process: amino acid catabolism [goid 0009063],b3707,9.919970527,10.25107212,10.5433328,9.817414486,9.925987356,9.251307489
b3708,"tryptophan deaminase, PLP-dependent",EcoGene suggests alternate start codon; tryptophanase; go_process: amino acid catabolism [goid 0009063],b3708,10.02870355,9.938205519,9.834523426,9.384956811,9.401686348,9.152631176
b3709,low affinity tryptophan permease,low-affinity tryptophan permease (HAAAP family); go_component: inner membrane [goid 0019866]; go_process: tryptophan biosynthesis [goid 0000162],b3709,7.233092905,7.251554668,7.088130089,7.243016905,7.215187677,7.193211398
b3710,drug/chloramphenicol transport protein (MFS family),putative transport protein; go_component: inner membrane [goid 0019866],b3710,9.549024158,9.407592364,9.344368128,9.364551635,9.609282365,9.62111656
b3711,putative transcriptional regulator (LysR family),putative transcriptional regulator LYSR-type; go_function: transcriptional activator activity [goid 0016563]; go_function: transcriptional repressor activity [goid 0016564]; go_process: transcription [goid 0006350],b3711,9.986974051,10.06115183,10.1500082,9.996498096,10.11078861,9.9494199
b3712,hypothetical protein,,b3712,12.66703774,12.44577503,12.61355059,12.45504391,12.43237559,12.48007004
b3713,"putative oxidoreductase, flavoprotein",,b3713,12.15187607,11.88556062,12.30581639,12.02486324,11.89941729,11.80614214
b3714,putative membrane / transport protein,,b3714,11.4878645,12.44216589,10.97427908,10.78003353,12.66412635,12.45241585
b3715,putative enzyme with a phophatase-like domain,putative phosphatase,b3715,10.27722253,10.62326548,10.1385909,10.19028791,10.55729907,10.36518329
b3716,hypothetical protein,,b3716,8.03897735,8.043156489,8.016740614,7.917064802,8.163818724,8.222175608
b3717,hypothetical protein,,b3717,11.35171086,11.18315618,11.30178946,11.27038581,11.1510411,11.11574211
b3718,hypothetical protein,"revised start codon, based on EcoGene 17",b3718,7.132301355,7.030881758,7.182980814,7.123372303,7.054486696,7.097505952
b3719,putative xylanase,EcoGene suggests alternate start codon; go_process: carbohydrate catabolism [goid 0016052],b3719,7.025111013,7.035597892,6.966266663,7.023523337,7.005440045,7.036024775
b3720,carbohydrate-specific outer membrane porin in cryptic operon,putative receptor protein; go_component: external outer membrane (sensu Gram-negative Bacteria) [goid 0009279],b3720,7.71481097,7.642415437,7.700117709,7.722522824,7.753668835,7.727702437
b3721,phospho-beta-glucosidase B; cryptic,go_process: carbohydrate catabolism [goid 0016052],b3721,7.881498511,7.829659445,7.83399035,7.98993945,7.893469159,7.973162882
b3722,"PTS family enzyme IIBC (N-terminal); enzyme IIA (C-terminal), beta-glucoside-specific, cryptic","PTS system beta-glucosides, enzyme II, cryptic; go_component: inner membrane [goid 0019866]; go_process: carbohydrate catabolism [goid 0016052]; go_process: protein modification [goid 0006464]",b3722,9.249297224,9.213484933,9.082511546,9.252142385,9.100716787,9.27483454
b3723,positive regulation of bgl operon,transcriptional antiterminator of bgl operon; go_component: cytoplasm [goid 0005737]; go_function: transcriptional activator activity [goid 0016563]; go_process: carbohydrate catabolism [goid 0016052]; go_process: transcription [goid 0006350],b3723,7.195127518,7.162741628,7.132959127,7.175960953,7.190259726,7.247983944
b3724,negative regulator for pho regulon and putative enzyme in phosphate metabolism,transcriptional repressor for high-affinity phosphate uptake; go_process: phosphorus metabolism [goid 0006793],b3724,12.26982472,12.05399098,12.50961547,12.18804168,11.97201891,11.97381412
b3725,ATP-binding component of high-affinity phosphate-specific transport system,"high-affinity phosphate transport protein (ABC superfamily, atp_bind); go_component: cytoplasm [goid 0005737]; go_process: phosphorus metabolism [goid 0006793]",b3725,12.07758723,12.08820215,12.08002436,11.98902016,12.13274705,12.1890131
b3726,"high-affinity phosphate transport protein (ABC superfamily, membrane)",high-affinity phosphate-specific transport system; go_component: inner membrane [goid 0019866]; go_process: phosphorus metabolism [goid 0006793],b3726,10.61515559,10.84758773,10.55873079,10.60588174,10.80303058,10.83879993
b3727,"high-affinity phosphate transport protein (ABC superfamily, membrane)","high-affinity phosphate-specific transport system, cytoplasmic membrane component; go_component: inner membrane [goid 0019866]; go_process: phosphorus metabolism [goid 0006793]",b3727,10.405259,10.51794532,10.37483015,10.39820005,10.36603168,10.25425956
b3728,"high-affinity phosphate transport protein (ABC superfamily, peri_bind)",high-affinity phosphate-specific transport system; periplasmic phosphate-binding protein; go_component: periplasmic space [goid 0042597]; go_process: phosphorus metabolism [goid 0006793],b3728,10.78191161,10.83250045,10.73133474,10.80850248,10.75427348,10.53375725
b3729,D-fructose-6-phosphate amidotransferase,"Catalyzes the first step in hexosamine metabolism, converting fructose-6P into glucosamine-6P using glutamine as a nitrogen source; go_component: cytoplasm [goid 0005737]; go_function: cell surface antigen activity, host-interacting [goid 0042280]; go_process: O antigen biosynthesis [goid 0009243]; go_process: peptidoglycan biosynthesis [goid 0009252]; go_process: amino sugar biosynthesis [goid 0046349]",b3729,14.60550906,14.68818183,14.6491672,14.30089798,14.37988374,14.42390687
b3730,bifunctional N-acetylglucosamine-1-phosphate uridyltransferase/glucosamine-1-phosphate acetyltransferase,"forms a homotrimer; catalyzes the acetylation of glucosamine-1-phosphate and uridylation of N-acetylglucosamine-1-phosphate to produce UDP-GlcNAc; function in cell wall synthesis; go_component: cytoplasm [goid 0005737]; go_function: cell surface antigen activity, host-interacting [goid 0042280]; go_process: O antigen biosynthesis [goid 0009243]; go_process: peptidoglycan biosynthesis [goid 0009252]; go_process: nucleotide-sugar biosynthesis [goid 0009226]; go_process: enterobacterial common antigen biosynthesis [goid 0009246]; go_process: amine catabolism [goid 0009310]",b3730,14.96514169,15.02107019,14.95384127,14.75031807,14.71682735,14.6170522
b3731,ATP synthase subunit epsilon,part of catalytic core of ATP synthase; alpha(3)beta(3)gamma(1)delta(1)epsilon(1); involved in producing ATP from ADP in the presence of the proton motive force across the membrane; go_component: inner membrane [goid 0019866]; go_process: ATP synthesis coupled proton transport [goid 0015986],b3731,14.18073187,14.55275945,14.56000753,14.79852837,14.31580219,14.26085213
b3732,ATP synthase subunit B,Produces ATP from ADP in the presence of a proton gradient across the membrane. The beta chain is a regulatory subunit; go_component: inner membrane [goid 0019866]; go_process: ATP synthesis coupled proton transport [goid 0015986],b3732,15.35304583,15.6221783,15.66104037,15.47433574,15.54010043,15.56617298
b3733,ATP synthase subunit C,Produces ATP from ADP in the presence of a proton gradient across the membrane. The gamma chain is a regulatory subunit; go_component: inner membrane [goid 0019866]; go_process: ATP synthesis coupled proton transport [goid 0015986],b3733,16.04019159,16.28036874,16.32925534,16.15948037,16.19353603,16.26209428
b3734,ATP synthase subunit A,Produces ATP from ADP in the presence of a proton gradient across the membrane. The alpha chain is a catalytic subunit; go_component: inner membrane [goid 0019866]; go_process: ATP synthesis coupled proton transport [goid 0015986],b3734,16.00728307,16.17520723,16.18515614,15.98801942,16.08239358,16.12184405
b3735,ATP synthase subunit D,Produces ATP from ADP in the presence of a proton gradient across the membrane. The delta subunit is part of the catalytic core of the ATP synthase complex; go_component: inner membrane [goid 0019866]; go_process: ATP synthesis coupled proton transport [goid 0015986],b3735,15.9494004,16.15220706,16.09958885,15.96180383,16.01719585,16.07338242
b3736,ATP synthase subunit B,Produces ATP from ADP in the presence of a proton gradient across the membrane. The beta chain is a regulatory subunit; go_component: inner membrane [goid 0019866]; go_process: ATP synthesis coupled proton transport [goid 0015986],b3736,16.13125675,16.24722509,16.19469954,16.1378215,16.14049042,16.1174234
b3737,ATP synthase subunit C,Produces ATP from ADP in the presence of a proton gradient across the membrane. Subunit C is a highly hydrophobic protein which is involved in the proton-conducting activity of ATPase; go_component: inner membrane [goid 0019866]; go_process: ATP synthesis coupled proton transport [goid 0015986],b3737,16.80105963,16.86885254,16.87664551,16.68139175,16.77277681,16.76131363
b3738,ATP synthase subunit A,Produces ATP from ADP in the presence of a proton gradient across the membrane. The alpha chain is a catalytic subunit; go_component: inner membrane [goid 0019866]; go_process: ATP synthesis coupled proton transport [goid 0015986]; go_process: protein folding [goid 0006457],b3738,15.06983925,15.43375812,15.09852205,14.93790083,15.34542572,15.35689222
b3739,ATP synthase subunit I,Produces ATP from ADP in the presence of a proton gradient across the membrane; go_component: inner membrane [goid 0019866]; go_process: ATP synthesis coupled proton transport [goid 0015986],b3739,14.30608957,14.75724403,14.31194186,13.92233191,15.18483981,14.76600285
b3740,glucose-inhibited division protein B,probable SAM-dependent methyltransferase,b3740,10.80437771,10.91655528,10.66143488,10.46065573,10.94373406,10.82991807
b3741,glucose-inhibited division protein A,"GidA; possibly involved in cell division, potential global regulator and modulator of gene expression during translation",b3741,11.8600466,12.451558,11.72635329,11.6196353,12.68763337,12.60456809
b3742,flavodoxin,"An electron-transfer protein; flavodoxin binds one FMN molecule, which serves as a redox-active prosthetic group; go_process: DNA dependent DNA replication [goid 0006261]",b3742,13.80461731,13.84220795,13.76850112,13.6549622,14.06190101,13.84128621
b3743,"regulator for asnA, asnC and gidA",transcriptional regulator of asparagine biosynthesis (AsnC family); go_component: cytoplasm [goid 0005737]; go_function: transcriptional activator activity [goid 0016563]; go_function: transcriptional repressor activity [goid 0016564]; go_process: asparagine biosynthesis [goid 0006529]; go_process: transcription [goid 0006350],b3743,10.969681,11.1038438,11.03974239,10.91656529,11.09017385,10.98590881
b3744,asparagine synthetase AsnA,catalyzes the formation of asparagine from aspartate and ammonia; go_component: cytoplasm [goid 0005737]; go_process: amino acid catabolism [goid 0009063]; go_process: asparagine biosynthesis [goid 0006529],b3744,13.78372639,14.59155929,14.33063973,14.31226184,14.82490315,15.29593666
b3745,hypothetical protein,EcoGene suggests alternate start codon,b3745,11.79987934,11.54485246,11.94628931,11.80239073,11.37383741,11.21044277
b3746,putative 2-component regulator,EcoGene suggests alternate start codon; putative transcriptional regulator,b3746,12.57027441,12.28044576,13.26427034,13.13510992,11.75226733,11.94280381
b3747,low affinity potassium transport system,low-affinity potassium transport system (KUP family); go_component: inner membrane [goid 0019866]; go_process: response to osmotic stress [goid 0006970],b3747,10.82863391,11.12353074,10.742523,10.66215997,11.02727569,10.88610956
b3748,D-ribose high-affinity transport system; membrane-associated protein,"EcoGene suggests alternate start codon; membrane-associated component of high-affinity D-ribose transport system, membrane; go_component: inner membrane [goid 0019866]; go_process: carbohydrate catabolism [goid 0016052]",b3748,14.06016721,14.31937989,14.0046548,14.15758991,14.1469412,14.08128783
b3749,ATP-binding component of D-ribose high-affinity transport system,"high-affinity D-ribose transport protein (ABC superfamily, atp_bind); go_component: cytoplasm [goid 0005737]; go_process: carbohydrate catabolism [goid 0016052]",b3749,10.76959549,11.07586097,10.59930123,10.54446446,10.95878642,10.96178489
b3750,ribose high-affinity ABC transporter permease component,functions to transport ribose at high affinity; forms a complex with RbsA2C2B; go_component: inner membrane [goid 0019866]; go_process: carbohydrate catabolism [goid 0016052],b3750,11.45854316,11.50154734,11.17881031,11.10998697,11.42819547,11.46912351
b3751,D-ribose periplasmic binding protein,"D-ribose transport protein (ABC superfamily, peri_bind); go_component: periplasmic space [goid 0042597]; go_process: carbohydrate catabolism [goid 0016052]",b3751,13.87274561,13.79435832,13.7825148,13.94057789,13.61642449,13.63315792
b3752,ribokinase,go_component: cytoplasm [goid 0005737]; go_process: carbohydrate catabolism [goid 0016052],b3752,13.17581076,13.17890435,13.11270028,12.99056118,13.09999525,13.14418428
b3753,regulator for rbs operon,transcriptional repressor for ribose metabolism (GalR/LacI family); go_component: cytoplasm [goid 0005737]; go_function: transcriptional repressor activity [goid 0016564]; go_process: carbohydrate catabolism [goid 0016052]; go_process: transcription [goid 0006350],b3753,9.903175968,10.08527467,9.799883566,9.678186924,9.850520922,9.883405584
b3754,putative transport protein (MFS family),"high copy suppressor of RspA: relieves RspA-mediated reduction of sigma(S) levels; overexpression also reduces MetE activity; effect proposed to be via an elevation in levels of homocysteine, causing a concomitant increase in homocysteine thiolactone overexpression has no effect on resistance to a variety of toxic compounds overexpression has no effect on resistance to a variety of toxic compounds; go_component: inner membrane [goid 0019866]",b3754,10.62861633,10.44489847,11.07718173,10.88893977,10.08244944,10.19456631
b3755,putative transcriptional regulator,"revised start codon, based on EcoGene 17",b3755,13.41023116,13.11435484,13.62683374,13.579674,12.87261822,12.94094826
b4480,transcriptional regulator HdfR,Negatively regulates the transcription of the flagellar master operon flhDC by binding to the upstream region of the operon; go_component: cytoplasm [goid 0005737]; go_function: transcriptional repressor activity [goid 0016564]; go_process: transcription [goid 0006350],b4480,11.9567814,11.82060715,12.28839699,12.0146619,11.71111593,11.71119583
b3764,putative transcriptional regulator with pssR,"go_process: regulation of transcription, DNA-dependent [goid 0006355]",b3764,12.4986461,12.34882741,12.57651673,12.44520119,12.18847972,12.03232724
b3765,putative 2-component regulator,putative enzyme (N-terminal); putative transcriptional regulator (C-terminal),b3765,9.605833123,9.3866396,9.532137239,9.4882695,9.408778289,9.469052537
b3766,ilvGEDA operon leader peptide,go_component: cytoplasm [goid 0005737],b3766,16.22578823,15.81023428,16.40084172,16.37208431,15.64188569,15.63375775
b3769,"acetolactate synthase II, small subunit","acetolactate synthase II, valine insensitive, small subunit",b3769,14.14553724,13.72783892,14.3144551,14.32064621,13.57587356,13.54341799
b3770,branched-chain amino acid aminotransferase,catalyzes the transamination of the branched-chain amino acids to their respective alpha-keto acids; go_process: alanine biosynthesis [goid 0006523]; go_process: leucine biosynthesis [goid 0009098],b3770,13.95885572,13.98491255,14.03276385,13.99791576,14.05455704,14.13439037
b3771,dihydroxy-acid dehydratase,"atalyzes the dehydration of 2,3-dihydroxy-3-methylbutanoate to 3-methyl-2-oxobutanoate in valine and isoleucine biosynthesis",b3771,12.82189678,12.90481465,12.93693307,12.87082291,12.91900621,13.05466823
b3772,threonine dehydratase,catalyzes the formation of 2-oxobutanoate from L-threonine,b3772,12.0398342,12.14538706,12.35003569,12.21056801,12.12891846,12.28566176
b3773,positive regulator for ilvC,transcriptional activator for isoleucine and valine synthesis (LysR family); go_component: cytoplasm [goid 0005737]; go_function: transcriptional activator activity [goid 0016563]; go_function: transcriptional repressor activity [goid 0016564]; go_process: transcription [goid 0006350],b3773,10.95695633,10.8847798,11.04337972,10.93287013,10.97991346,10.99483247
b3774,ketol-acid reductoisomerase,"catalyzes the formation of (R)-2,3-dihydroxy-3-methylbutanoate from (S)-2-hydroxy-2-methyl-3-oxobutanoate in valine and isoleucine biosynthesis; go_component: cytoplasm [goid 0005737]",b3774,16.37169885,16.3658633,16.2992033,16.4609158,16.53398925,16.40404353
b3775,peptidyl-prolyl cis-trans isomerase C (rotamase C),go_process: protein folding [goid 0006457],b3775,11.50584663,11.37451614,11.40482731,11.17383802,11.45072006,11.22739359
b3776,hypothetical protein,,b3776,11.82428735,11.33434862,11.9276391,11.66320434,11.04068988,11.05591678
b3777,hypothetical protein,,b3777,11.81566062,11.5143537,11.81146337,11.81506846,11.27712678,11.35537788
b3778,"Rep helicase, a single-stranded DNA-dependent ATPase","rep helicase, a single-stranded DNA dependent ATPase; go_component: cytoplasm [goid 0005737]; go_process: DNA dependent DNA replication [goid 0006261]",b3778,11.37479466,11.53638489,11.19494653,11.17424238,11.67572192,11.65656534
b3779,"guanosine pentaphosphatase, also has exopolyphosphatase activity","guanosine pentaphosphatase; exopolyphosphatase; go_component: cytoplasm [goid 0005737]; go_process: nucleobase, nucleoside and nucleotide interconversion [goid 0015949]; go_process: phosphorus metabolism [goid 0006793]; go_process: response to starvation [goid 0042594]",b3779,12.47834591,12.90476839,12.33223469,12.14396544,12.86791265,12.79084078
b3780,ATP-dependent RNA helicase,"Enables ATP-dependent unwinding of double stranded RNA as a component of the RNA degradosome, a multi-enzyme complex important in RNA processing and messenger RNA degradation",b3780,13.81809172,14.00658388,13.87027276,13.78424779,13.93308166,13.97046432
b3781,thioredoxin,EcoGene suggests alternate start codon,b3781,15.59932859,15.34177405,15.44221019,15.41138348,15.32182825,15.25061982
b3782,rho operon leader peptide,go_component: cytoplasm [goid 0005737]; go_process: transcription [goid 0006350],b3782,15.90121995,15.81347166,15.7450858,15.80331305,15.79306685,15.79590878
b3783,transcription termination factor Rho,An RNA-DNA helicase that actively releases nascent mRNAs from paused transcription complexes; go_component: cytoplasm [goid 0005737]; go_function: transcriptional repressor activity [goid 0016564]; go_process: transcription [goid 0006350],b3783,13.57799699,14.1635284,13.37516726,13.3038571,14.2051719,14.11478715
b3784,UDP-GlcNAc:undecaprenylphosphate GlcNAc-1-phosphate transferase,"UDP-GlcNAc:undecaprenylphosphate GlcNAc-1-phosphate transferase; synthesis of enterobacterial common antigen (ECA); go_function: cell surface antigen activity, host-interacting [goid 0042280]; go_process: enterobacterial common antigen biosynthesis [goid 0009246]",b3784,13.32664823,13.44399359,13.51148241,13.31561655,13.2971213,13.31173207
b3785,modulator of enterobacterial common antigen (ECA) polysaccharide chain length,"EcoGene suggests alternate start codon; putative transport protein; go_component: inner membrane [goid 0019866]; go_function: cell surface antigen activity, host-interacting [goid 0042280]; go_process: enterobacterial common antigen biosynthesis [goid 0009246]",b3785,12.97685336,13.04166621,12.88803624,12.73123788,12.99753669,12.93212893
b3786,UDP-N-acetyl glucosamine -2-epimerase; synthesis of enterobacterial common antigen (ECA),"revised start codon, based on EcoGene 17; UDP-N-acetyl glucosamine-2-epimerase; go_component: cytoplasm [goid 0005737]; go_function: cell surface antigen activity, host-interacting [goid 0042280]; go_process: enterobacterial common antigen biosynthesis [goid 0009246]",b3786,12.54564786,12.67268245,12.26095308,12.19528626,12.8731754,12.86798645
b3787,UDP-N-acetyl-D-mannosaminuronic acid dehydrogenase,"UDP-N-acetyl-D-mannosaminuronic acid dehydrogenase; synthesis of enterobacterial common antigen (ECA); go_function: cell surface antigen activity, host-interacting [goid 0042280]; go_process: enterobacterial common antigen biosynthesis [goid 0009246]",b3787,13.38122848,13.50323833,13.05869739,13.06119373,13.61484619,13.70659268
b3788,"dTDP-glucose 4,6-dehydratase","go_function: cell surface antigen activity, host-interacting [goid 0042280]; go_process: O antigen biosynthesis [goid 0009243]; go_process: enterobacterial common antigen biosynthesis [goid 0009246]; go_process: nicotinamide adenine dinucleotide biosynthesis [goid 0009435]",b3788,13.04458182,13.10018297,12.89627794,12.84601844,13.16064595,13.26766184
b3789,glucose-1-phosphate thymidylyltransferase,"go_function: cell surface antigen activity, host-interacting [goid 0042280]; go_process: O antigen biosynthesis [goid 0009243]; go_process: enterobacterial common antigen biosynthesis [goid 0009246]",b3789,12.27383494,12.2355656,12.1864031,12.09783181,12.3339109,12.38163589
b3790,"putative acyltransferase, lipopolysaccharide biosynthesis protein","go_component: inner membrane [goid 0019866]; go_function: cell surface antigen activity, host-interacting [goid 0042280]; go_process: lipopolysaccharide core region biosynthesis [goid 0009244]",b3790,12.55675176,12.56129372,12.403246,12.40874252,12.6997382,12.70493081
b3791,TDP-4-oxo-6-deoxy-D-glucose transaminase,"putative regulator; go_function: cell surface antigen activity, host-interacting [goid 0042280]; go_process: enterobacterial common antigen biosynthesis [goid 0009246]",b3791,12.83692597,12.77888711,12.7035379,12.7129938,12.91412336,13.01124835
b3792,O-antigen translocase in LPS biosynthesis,putative cytochrome; go_process: cytochrome biogenesis [goid 0017004],b3792,11.61423804,11.65572685,11.40765819,11.54815055,11.81230658,11.80167344
b4481,4-alpha-L-fucosyltransferase,Catalyzes the synthesis of a lipid-linked intermediate involved in ECA synthesis,b4481,11.84593543,11.98255962,11.72534459,11.69701109,12.14952671,12.11532033
b3793,putative enterobacterial common antigen polymerase,"go_component: inner membrane [goid 0019866]; go_function: cell surface antigen activity, host-interacting [goid 0042280]; go_process: enterobacterial common antigen biosynthesis [goid 0009246]",b3793,11.16068192,11.17900128,10.95381382,10.91935576,11.23397799,11.24432961
b3794,putative UDP-N-acetyl-D-mannosaminuronic acid transferase,"go_function: cell surface antigen activity, host-interacting [goid 0042280]; go_process: enterobacterial common antigen biosynthesis [goid 0009246]",b3794,11.08499922,11.18848886,10.98554796,10.90005872,11.16729296,11.06892049
b3795,putative amino acid/amine transport protein,putative amino-acid transport protein (APC family); go_component: inner membrane [goid 0019866],b3795,13.37007151,13.29332127,13.01228183,12.84917598,13.21930341,13.27419334
b3800,putative arylsulfatase regulator,putative transcriptional activator of acrylsulfatase synthesis; go_component: cytoplasm [goid 0005737]; go_process: sulfur metabolism [goid 0006790]; go_process: protein folding [goid 0006457],b3800,10.49009715,10.25047443,10.30537023,10.32606768,10.34613834,10.3816501
b3801,"acrylsulfatase-like enzyme, posttranslationally activated by AslB",arylsulfatase; go_component: cytoplasm [goid 0005737]; go_process: sulfur metabolism [goid 0006790],b3801,9.045703612,8.974674926,9.063620521,9.104071639,8.958361315,8.931642976
b3802,a late step of protoheme IX synthesis,,b3802,13.91061304,13.70260248,13.61229593,13.36214701,13.62501466,13.65222764
b3803,uroporphyrinogen III methylase,,b3803,13.53881877,13.34180662,13.60061443,13.33646783,13.25567941,13.21922951
b3804,uroporphyrinogen-III synthetase,catalyzes the formation of uroporphyrinogen-III from hydroxymethylbilane,b3804,12.71557318,12.76152145,12.85872789,12.68714032,12.59365889,12.63588489
b3805,porphobilinogen deaminase,transformation of 4 prophobilinogen to hydroxymethylbilane in prophyrin biosynthesis,b3805,13.69103401,13.70518295,13.89855977,13.72504255,13.58472538,13.62926406
b3806,adenylate cyclase,catalyzes transfer of adenylyl group of ATP from pyrophosphate to the 3'-hydroxyl group to form cyclic AMP; go_component: cytoplasm [goid 0005737],b3806,13.77855719,13.8030648,13.87013966,13.78372624,13.71828895,13.79221122
b3807,frataxin-like protein,defects in the mitochondrial frataxin protein cause Friedreich ataxis which is an autosomal recessive neurodegenerative disease; based on phylogenomic distribution this protein may have a role in iron-sulfur cluster protein assembly,b3807,13.03284102,13.06211182,12.9069419,12.71717854,13.10347247,12.8967581
b3808,unknown CDS,,b3808,8.222867539,8.066249063,8.275765995,8.394021462,8.039316215,8.062427922
b3809,diaminopimelate epimerase,involved in lysine biosynthesis; DAP epimerase; produces DL-diaminopimelate from LL-diaminopimelate; go_component: cytoplasm [goid 0005737]; go_process: lysine biosynthesis via diaminopimelate [goid 0009089],b3809,14.17406105,14.12804856,14.08721941,13.83904615,14.10031831,14.12874252
b3810,hypothetical protein,,b3810,13.53907704,13.59047447,13.35682667,13.25136995,13.57590792,13.56288595
b3811,tyrosine recombinase,includes large family of site-specific recombinases; XerC; XerD; affects chromosome segregation during cell division and dimer resolution of plasmids; go_process: DNA recombination [goid 0006310],b3811,13.47318205,13.64585339,13.22094825,13.28663636,13.6280017,13.62518029
b3812,putative enzyme with a phophatase-like domain,putative phosphatase,b3812,12.48220741,12.72161178,12.29957794,12.19045197,12.8164632,12.73882764
b3813,DNA-dependent ATPase I and helicase II,go_component: cytoplasm [goid 0005737]; go_process: DNA dependent DNA replication [goid 0006261]; go_process: DNA repair [goid 0006281]; go_process: SOS response [goid 0009432],b3813,13.72356981,13.60400715,13.70384001,13.61674966,13.57784934,13.54783587
b4482,hypothetical protein,,b4482,8.413325716,8.25279399,8.424616485,8.338080282,8.262092339,8.225913971
b3816,"Mg2+ transport, system I",Mg2+/Ni2+/Co2+ transport protein (Mg transport system I) (MIT family); go_component: inner membrane [goid 0019866],b3816,11.74741535,11.64066166,12.17312046,12.04787826,11.66062488,11.5640863
b3817,hypothetical protein,,b3817,8.10145535,7.890513807,8.149273036,7.968206204,7.879117779,7.880750148
b3818,hypothetical protein,EcoGene suggests alternate start codon,b3818,6.554125473,6.513559362,6.508584694,6.498700714,6.491016104,6.433553856
b3819,chloramphenicol resistance,"version m56 coordinates reflect a -4 aa alt_init, based on EcoGene 17, as well as the sequence correction; go_process: response to drug [goid 0042493]; go_process: chloramphenicol transport [goid 0042892]",b3819,9.977722904,10.19254809,9.653906505,9.538811741,10.40410291,10.21938152
b3820,hypothetical protein,EcoGene suggests alternate start codon,b3820,10.54257539,11.0202273,10.06620746,9.93974576,11.48031022,11.19818068
b3821,outer membrane phospholipase A,go_component: external outer membrane (sensu Gram-negative Bacteria) [goid 0009279]; go_process: phosphorus metabolism [goid 0006793],b3821,11.60690622,11.7161878,11.53801849,11.48561517,11.82996901,11.60036902
b3822,ATP-dependent DNA helicase,"revised start codon, based on EcoGene 17; go_component: cytoplasm [goid 0005737]; go_process: DNA dependent DNA replication [goid 0006261]; go_process: DNA repair [goid 0006281]; go_process: DNA recombination [goid 0006310]",b3822,11.33089438,11.73367876,11.20202993,11.02958749,11.96121939,11.8328674
b3823,amino acid exporter (threonine),EcoGene suggests alternate start codon; threonine efflux protein (RhtB family); go_component: inner membrane [goid 0019866]; go_process: threonine biosynthesis [goid 0009088],b3823,13.27514781,13.23604475,13.02965086,13.01711281,13.33127545,13.33206598
b3824,"amino acid exporter (homoserine, HSL)",EcoGene suggests alternate start codon; homoserine/homoserine lactone efflux protein (RhtB family); go_component: inner membrane [goid 0019866]; go_process: L-serine biosynthesis [goid 0006564],b3824,11.56460887,11.36777524,11.88816908,11.81834039,11.27622495,11.46358544
b3825,lysophospholipase L(2),go_process: phosphorus metabolism [goid 0006793],b3825,12.18598332,12.18961114,12.2711437,12.21675575,12.16949277,12.12035743
b3826,"conserved protein, phosphatase-like domain","version m56 coordinates reflect a +37 aa alt_init, based on EcoGene 17, as well as the sequence correction",b3826,11.69278415,11.73368991,11.6600821,11.43660706,11.74835634,11.60117674
b3827,putative transport protein,,b3827,10.26577873,10.21598592,10.09078139,9.988956866,10.24076535,10.22480525
b3828,regulator for metE and metH,transcriptional regulator of methionine biosynthesis (LysR family); go_component: cytoplasm [goid 0005737]; go_function: transcriptional activator activity [goid 0016563]; go_function: transcriptional repressor activity [goid 0016564]; go_process: methionine biosynthesis [goid 0009086]; go_process: transcription [goid 0006350],b3828,10.36331645,10.70244972,10.01526092,10.27860193,10.87917578,10.70959941
b3829,5-methyltetrahydropteroyltriglutamate-- homocysteine methyltransferase,catalyzes the transfer of a methyl group from 5-methyltetrahydrofolate to homocysteine to form methionine; go_component: cytoplasm [goid 0005737]; go_process: methionine biosynthesis [goid 0009086]; go_process: S-adenosylmethionine biosynthesis [goid 0006556],b3829,16.69363417,16.6417362,16.80480498,16.8597804,16.70549762,16.69967508
b3830,putative dienelactone hydrolase,putative enzyme,b3830,13.47394967,13.36320756,13.68837787,13.22354876,13.40013115,13.24552087
b3831,uridine phosphorylase,"go_process: nucleobase, nucleoside and nucleotide interconversion [goid 0015949]",b3831,14.38890237,14.15029618,14.57198034,14.59951443,13.94940433,13.98989779
b3832,putative alpha helix chain,,b3832,13.17757785,13.11449761,13.36970539,13.15027411,12.96578088,12.87731545
b3833,ubiquinone/menaquinone biosynthesis methyltransferase,"catalyzes the formation of menaquinol or 2-polyprenyl-3-methyl-6-methoxy-1,4-benzoquinol from S-adenosyl-L-methionine and demethylmenaquinol or 2-polyprenyl-6-methoxy-1,4-benzoquinol; go_process: aerobic respiration [goid 0009060]; go_process: anaerobic respiration [goid 0009061]",b3833,14.22486897,14.26013502,14.318995,14.09337195,14.2368936,14.19350696
b3834,hypothetical protein,,b3834,13.97646755,14.0792649,14.06619353,13.9149229,13.9237369,13.95724019
b3835,putative ubiquinone biosynthesis protein UbiB,"required, probably indirectly, for formation of 2-octaprenyl-6-hydroxy-phenol from 2-octaprenylphenol in ubiquinone biosynthesis, possible kinase",b3835,13.19550142,13.45852899,13.10453248,13.15283883,13.30784037,13.28382769
b3836,twin argininte translocase protein A,TatA; similar to TatE that is found in some proteobacteria; part of system that translocates proteins with a conserved twin arginine motif across the inner membrane; capable of translocating folded substrates typically those with bound cofactors; similar t,b3836,14.91375403,14.83769966,15.01161401,14.78081052,14.7837141,14.67369414
b3838,sec-independent translocase,mediates the export of protein precursors bearing twin-arginine signal peptides; go_component: inner membrane [goid 0019866],b3838,13.96567485,14.0453002,14.04621782,14.05353107,13.91217515,13.81973373
b3839,component of Sec-independent translocase,"twin-arginine translocase subunit, sec-independent protein export",b3839,12.15263187,12.39043606,12.16571528,11.72304755,12.3574401,12.15944624
b4483,cytoplasmic Dnase,go_component: cytoplasm [goid 0005737],b4483,11.52741883,11.70696632,11.32180422,11.15001976,11.89822406,11.74794941
b3842,transcriptional activator RfaH,"go_component: fimbria [goid 0009289]; go_component: cytoplasm [goid 0005737]; go_function: transcriptional activator activity [goid 0016563]; go_function: cell surface antigen activity, host-interacting [goid 0042280]; go_process: lipopolysaccharide core region biosynthesis [goid 0009244]; go_process: fimbrial biogenesis [goid 0009297]; go_process: transcription [goid 0006350]",b3842,10.6266332,10.62394441,10.93250997,10.52887275,10.86075132,10.49612722
b3843,3-octaprenyl-4-hydroxybenzoate decarboxylase,,b3843,13.54687174,13.51705445,13.45559041,13.42514901,13.61913658,13.61927115
b3844,NAD(P)H-flavin reductase,catalyzes the reversible oxidation/reduction of NAD(P) and flavin mononucleotide; go_function: electron carrier activity [goid 0009055],b3844,14.0415101,13.89320451,14.02525002,13.97336969,13.90343548,13.8600956
b3845,acetyl-CoA acetyltransferase,"Catalyzes the synthesis of acetoacetyl coenzyme A from two molecules of acetyl coenzyme A. It can also act as a thiolase, catalyzing the reverse reaction and generating two-carbon units from the four-carbon product of fatty acid oxidation; go_component: cytoplasm [goid 0005737]; go_process: fatty acid oxidation [goid 0019395]",b3845,11.20031817,11.21058736,11.35716552,10.88532512,11.04948789,10.96850436
b3846,4-enzyme protein: 3-hydroxyacyl-CoA dehydrogenase; 3-hydroxybutyryl-CoA epimerase; delta(3)-cis-delta(2)-trans-enoyl-CoA isomerase; enoyl-CoA hydratase,"multifunctional: 3-hydroxybutyryl-CoA epimerase, delta(3)-cis-delta(2)-trans-enoyl-CoA-isomerase, enoyl-CoA-hydratase (N-terminal); 3-hydroxyacyl-coa dehydrogenase (C-terminal); go_process: fatty acid oxidation [goid 0019395]",b3846,10.83797909,11.23930081,10.70001956,10.62435557,11.37341754,11.22339591
b3847,proline dipeptidase,,b3847,13.78699777,13.90980976,14.07784808,14.0745062,13.77399472,13.83179496
b3848,putative elongation factor,EcoGene suggests alternate start codon; go_process: protein biosynthesis [goid 0006412],b3848,12.78919336,12.83163238,12.95916577,12.84533135,12.80668714,12.83914048
b3849,"potassium transport protein, requires TrkE (Trk family)","potassium uptake, requires TrkE; go_component: inner membrane [goid 0019866]",b3849,12.14115982,12.19130204,12.13857057,12.06521049,12.23885927,12.24006962
b3850,protoporphyrin flavoprotein oxidase,protoporphyrin oxidase,b3850,12.32552993,12.28582737,12.23888141,12.27919093,12.25145357,12.20257818
b3856,molybdopterin-guanine dinucleotide biosynthesis protein B,"EcoGene suggests alternate start codon; molybdopterin-guanine dinucleotide biosynthesis protein B, GTP-binding; go_process: Mo-molybdopterin cofactor biosynthesis [goid 0006777]",b3856,11.69960176,11.50525013,11.82224181,11.78193227,11.37886753,11.27657416
b3857,molybdopterin-guanine dinucleotide biosynthesis protein A,MobA; links a guanosine 5'-phosphate to molydopterin to form molybdopterin guanine dinucleotide; involved in molybdenum cofactor biosynthesis; go_process: Mo-molybdopterin cofactor biosynthesis [goid 0006777],b3857,10.98152864,10.96526175,11.34410252,11.24847638,10.79012558,10.7997903
b3858,hypothetical protein,,b3858,13.89118461,13.74791087,13.94852102,13.87287817,13.71364697,13.53891132
b3859,hypothetical protein,,b3859,12.66171266,12.80552189,12.63397744,12.73599286,12.88278845,12.73151819
b3860,periplasmic protein disulfide isomerase I,"protein disulfide isomerase I, essential for cytochrome c synthesis and formate-dependent reduction; go_component: periplasmic space [goid 0042597]; go_process: protein folding [goid 0006457]; go_process: response to stress [goid 0006950]",b3860,14.32018122,14.20429619,14.11132516,14.21848819,14.19714846,13.94359939
b3861,putative GTP-binding protein,EcoGene suggests alternate start codon,b3861,6.792366275,6.746297281,6.773070749,6.785806057,6.732788835,6.827361666
b3862,putative endonuclease,go_component: cytosolic ribosome (sensu Bacteria) [goid 0009281]; go_component: cytoplasm [goid 0005737]; go_process: RNA modification [goid 0009451]; go_process: RNA catabolism [goid 0006401],b3862,8.249043799,8.171911912,8.306129532,7.912409523,8.490489632,8.110291464
b3863,DNA polymerase I,"has 3'-5' exonuclease, 5'-3' exonuclease and 5'-3'polymerase activities, primarily functions to fill gaps during DNA replication and repair; go_component: cytoplasm [goid 0005737]; go_process: DNA dependent DNA replication [goid 0006261]",b3863,13.1044308,12.96304351,13.09905019,13.09386491,12.78723789,12.77403736
b3865,GTP-binding protein,binds guanine nucleotides; depletion results in defective cell division; go_process: cell cycle [goid 0007049],b3865,13.51293117,13.30943084,13.42714872,13.20093545,13.2269402,13.18526983
b3866,hypothetical protein,,b3866,12.46949291,12.39369994,12.41683341,12.43826689,12.32418412,12.33252245
b3867,coproporphyrinogen III oxidase,catalyzes the oxygen-independent formation of protoporphyrinogen-IX from coproporphyrinogen-III,b3867,13.35653524,13.33669602,13.54783878,13.38712867,13.2942188,13.34828434
b3868,"response regulator for gln (sensor glnL) (nitrogen regulator I, NRI)","response regulator in two-component regulatory system with GlnL, nitrogen regulation (EBP family); go_component: cytoplasm [goid 0005737]; go_function: transcriptional activator activity [goid 0016563]; go_function: transcriptional repressor activity [goid 0016564]; go_process: glutamine biosynthesis [goid 0006542]; go_process: transcription [goid 0006350]",b3868,11.72863663,11.85104884,11.83021694,11.90231583,11.92130771,11.99557115
b3869,"histidine protein kinase sensor for GlnG regulator (nitrogen regulator II, NRII)","sensory kinase (soluble) in two-component regulatory system with GlnG, nitrogen regulation (nitrogen regulator II, NRII); go_component: inner membrane [goid 0019866]; go_process: glutamine biosynthesis [goid 0006542]; go_process: protein modification [goid 0006464]",b3869,12.21615746,12.3548726,12.49540256,12.36555124,12.5149647,12.58828902
b3870,glutamine synthetase,forms a homododecamer; forms glutamine from ammonia and glutamate with the conversion of ATP to ADP and phosphate; also functions in the assimilation of ammonia; highly regulated protein controlled by the addition/removal of adenylyl groups by adenylyltran; go_component: cytoplasm [goid 0005737]; go_process: glutamine biosynthesis [goid 0006542]; go_process: nitrogen metabolism [goid 0006807],b3870,15.66494206,15.57091397,15.88693897,15.86694676,15.54801695,15.68441853
b3871,GTP-binding elongation factor family protein,GTP-binding protein,b3871,14.21379261,14.63535349,13.96816586,13.65518597,14.68130229,14.69871063
b3872,putative transcriptional regulator,putative transcriptional repressor (GntR family); go_function: transcriptional repressor activity [goid 0016564]; go_process: transcription [goid 0006350],b3872,8.256867634,8.514484327,8.122308906,7.885845321,8.441461336,8.301614135
b3873,hypothetical protein,,b3873,7.847996376,7.917078945,7.676154617,7.592484246,7.8206787,7.624264613
b3874,putative resistance protein (transport),putative transport protein (MFS family); go_component: inner membrane [goid 0019866],b3874,6.830610573,6.801172137,6.808252306,6.803858065,6.785594866,6.741325366
b3875,hypothetical protein,,b3875,8.063695128,8.055825322,7.991963397,8.100418666,8.048297856,8.058831364
b3876,putative permease,"revised start codon, based on EcoGene 17; putative transport protein (GPH family); go_component: inner membrane [goid 0019866]",b3876,7.181068389,7.080000761,7.173898245,7.143172635,7.127581785,7.113741813
b3877,putative permease,putative transport protein (GPH family); go_component: inner membrane [goid 0019866],b3877,7.603401362,7.518576393,7.451374072,7.531080608,7.496340473,7.60851625
b3878,putative alpha-xylosidase,putative glycosidase,b3878,8.273714745,8.284551585,8.238435356,8.293492272,8.200238532,8.391494839
b3879,putative aldose-1-epimerase,,b3879,6.871047556,6.840053232,6.864710671,6.909266034,6.87194204,6.884410363
b3880,hypothetical protein,EcoGene suggests alternate start codon,b3880,9.799585272,9.705240276,9.683651427,9.670154119,9.663435469,9.731932835
b3881,putative aldolase,,b3881,7.741371884,8.004406806,7.920592974,7.957428062,7.845392249,7.900980963
b3882,putative dehydrogenase,putative oxidoreductase,b3882,7.520397525,7.547219938,7.540439103,7.560483547,7.519837691,7.570842658
b3883,putative kinase,EcoGene suggests alternate start codon; putative sugar kinase,b3883,11.17576907,10.91620092,11.12053101,11.14182204,10.91037972,11.01889404
b3884,putative DEOR-type transcriptional regulator,EcoGene suggests alternate start codon; putative glycerol-3-phosphate regulon repressor (DeoR family); go_function: transcriptional repressor activity [goid 0016564]; go_process: transcription [goid 0006350],b3884,11.64259072,11.508362,11.80981411,11.6679506,11.56635582,11.46229677
b3885,phosphatase,EcoGene suggests alternate start codon,b3885,12.47165213,12.4610498,12.92448077,12.7557069,12.3470841,12.31481174
b3886,ribonuclease BN,RNase BN; required for 3' maturation of certain phage T4-encoded tRNAs; forms a dimer; specific for immature tRNA substrates containing incorrect residues within the universal CCA sequence; 3' to 5' exoribonuclease; go_component: cytoplasm [goid 0005737]; go_process: RNA modification [goid 0009451],b3886,11.09572906,11.25163341,11.34564361,11.22355838,11.15228289,11.19525948
b3887,D-tyrosyl-tRNA deacylase,Hydrolyzes D-tyrosyl-tRNA(Tyr) into D-tyrosine and free tRNA(Tyr). Could be a defense mechanism against a harmful effect of D-tyrosine; go_component: cytoplasm [goid 0005737]; go_process: RNA modification [goid 0009451]; go_process: xenobiotic metabolism [goid 0006805],b3887,13.41907244,13.25637467,13.33184169,13.18851336,13.32617443,13.17295107
b3888,putative acetyltransferase,putative acyltransferase,b3888,13.60187802,13.51889011,13.60060986,13.55765731,13.49097285,13.52106296
b3889,unknown CDS,EcoGene suggests alternate start codon,b3889,10.06198736,9.864346672,9.955752739,9.998734158,10.00263371,10.09663879
b3890,unknown CDS,EcoGene suggests alternate start codon,b3890,9.983258535,9.842498984,10.07060526,9.694136131,9.891211341,9.72391206
b3891,formate dehydrogenase accessory protein FdhE,required for the formation of active formate dehydrogenase; go_process: anaerobic respiration [goid 0009061]; go_process: protein folding [goid 0006457],b3891,12.09669292,12.27489076,12.32176061,12.18017295,12.17789476,12.19760842
b3892,"formate dehydrogenase, cytochrome B556 (FDO) subunit","formate dehydrogenase-O, cytochrome B556 (FDO) subunit; go_component: inner membrane [goid 0019866]; go_function: electron donor activity [goid 0009053]; go_process: anaerobic respiration [goid 0009061]; go_process: cytochrome biogenesis [goid 0017004]",b3892,10.27148432,10.46724405,10.57977724,10.46949012,10.43363103,10.50231614
b3893,"formate dehydrogenase-O, Fe-S subunit","formate dehydrogenase-O, iron-sulfur subunit; go_component: inner membrane [goid 0019866]; go_function: electron donor activity [goid 0009053]; go_process: anaerobic respiration [goid 0009061]",b3893,10.51320884,10.73378381,10.68428615,10.70215073,10.6418421,10.83162583
b3894,"formate dehydrogenase-O, major subunit",go_component: cytoplasm [goid 0005737]; go_function: electron donor activity [goid 0009053]; go_process: anaerobic respiration [goid 0009061],b3894,11.24489108,11.71987222,11.3214711,11.33260538,11.75053636,11.86314167
b3895,formate dehydrogenase accessory protein,involved in the production or activity of formate dehydrogenase-H which is active when nitrate is not present during anaerobic growth; go_component: cytoplasm [goid 0005737]; go_process: anaerobic respiration [goid 0009061]; go_process: protein folding [goid 0006457],b3895,11.99664405,12.0329756,11.9023868,11.90307221,11.97344676,11.94181983
b3896,hypothetical protein,,b3896,7.435138699,7.310480258,7.320808752,7.271242938,7.410638389,7.383091705
b3897,putative frv operon regulatory protein,putative transcriptional repressor of sugar phosphotransferase system; go_function: transcriptional repressor activity [goid 0016564]; go_process: transcription [goid 0006350],b3897,8.034662509,7.988972933,7.956186999,8.008811989,8.047634811,8.054670516
b3898,frv operon protein,"putative endo-1,4-beta-glucanase in frv locus; go_process: polysaccharide catabolism [goid 0000272]",b3898,8.087445555,8.08251707,8.186700292,8.061815681,8.088232728,7.989768897
b3899,"PTS family enzyme IIBC, fructose-specific","EcoGene suggests alternate start codon; PTS system, fructose-like enzyme IIBC component",b3899,9.158363586,8.99776386,9.01553623,8.983375045,9.169496937,9.136760737
b3900,"PTS family enzyme IIA, fructose-specific","PTS system, fructose-specific IIA component; go_process: carbohydrate catabolism [goid 0016052]",b3900,6.520105329,6.53359674,6.552119794,6.578264422,6.520170817,6.537050655
b3901,hypothetical protein,,b3901,7.900112166,7.726778416,7.777822185,7.703171449,7.753367259,7.789636225
b3902,rhamnulose-1-phosphate aldolase,go_process: carbohydrate catabolism [goid 0016052],b3902,9.859327992,9.788984253,9.745370491,9.835349717,9.737302013,9.834716492
b3903,L-rhamnose isomerase,catalyzes the formation of L-rhamnulose from L-rhamnose; go_process: carbohydrate catabolism [goid 0016052],b3903,8.001602873,7.919181151,7.979317185,7.978097497,7.917135157,8.03222182
b3904,rhamnulokinase,go_process: carbohydrate catabolism [goid 0016052],b3904,7.981209685,8.001725256,7.927824009,8.02415061,8.010465906,8.063728924
b3905,positive regulator for rhaBAD operon,transcriptional regulator (positive) of L-rhamnose catabolism (AraC/XylS family); go_component: cytoplasm [goid 0005737]; go_function: transcriptional activator activity [goid 0016563]; go_process: carbohydrate catabolism [goid 0016052]; go_process: transcription [goid 0006350],b3905,8.08725566,8.105644679,8.092357445,8.157685072,8.134825316,8.139627997
b3906,positive regulator for rhaRS operon,transcriptional regulator (positive) of L-rhamnose catabolism (AraC/XylS familiy); go_component: cytoplasm [goid 0005737]; go_function: transcriptional activator activity [goid 0016563]; go_process: carbohydrate catabolism [goid 0016052]; go_process: transcription [goid 0006350],b3906,8.922450649,8.895631432,8.800519501,8.886901634,8.806247896,8.947296459
b3907,L-rhamnose:H+ symporter (DMT superfamily),rhamnose transport; go_component: inner membrane [goid 0019866]; go_process: carbohydrate catabolism [goid 0016052],b3907,11.89870605,11.68983376,11.71464743,11.77541197,11.77724864,11.81106068
b3908,"superoxide dismutase, manganese",go_component: cytoplasm [goid 0005737]; go_process: xenobiotic metabolism [goid 0006805],b3908,17.23692906,17.01315034,17.14353624,17.13914915,17.23445934,16.96312698
b3909,2-keto-3-deoxygluconate permease,transports degraded pectin products into the bacterial cell; go_component: inner membrane [goid 0019866]; go_process: carbohydrate catabolism [goid 0016052],b3909,9.656801425,9.434711562,9.592827109,9.4645975,9.532600031,9.524749145
b3910,hypothetical protein,EcoGene suggests alternate start codon,b3910,13.2444814,13.02823594,13.57465574,13.44638319,12.90023251,12.93652762
b3911,two-component sensor protein,part of two-component CpxA/CpxR system; senses envelope stress; upregulates a number of periplasmic folding and trafficking factors; go_component: inner membrane [goid 0019866]; go_process: protein modification [goid 0006464]; go_process: xenobiotic metabolism [goid 0006805],b3911,14.22895754,14.14974819,14.10801518,14.01354225,14.08682714,14.05601728
b3912,"response regulator in two-component regulatory system with CpxA, regulates expression of stress-related genes (OmpR family)",transcriptional regulator in 2-component system; go_component: cytoplasm [goid 0005737]; go_function: transcriptional activator activity [goid 0016563]; go_process: transcription [goid 0006350]; go_process: xenobiotic metabolism [goid 0006805],b3912,14.42257981,14.31168526,14.53676301,14.46750677,14.25277103,14.20249383
b4484,periplasmic repressor of cpx regulon by interaction with CpxA,go_component: cytoplasm [goid 0005737]; go_component: periplasmic space [goid 0042597]; go_process: transcription [goid 0006350]; go_process: xenobiotic metabolism [goid 0006805],b4484,12.04233549,12.04964793,11.8513345,12.02666025,12.38739702,12.05822928
b3915,ferrous iron efflux protein F,"member of cation diffusion facilitator family; membrane-bound; indcued by both zinc and iron, but does not induce resistance to zinc; can transport zinc(II) in a proton-dependent manner; instead this protein induces iron resistance; forms dimers; go_component: inner membrane [goid 0019866]",b3915,13.49284516,13.32162625,13.67135609,13.591714,13.25484668,13.28773337
b3916,6-phosphofructokinase,"catalyzes the formation of D-fructose 1,6-bisphosphate from D-fructose 6-phosphate in glycolysis; go_component: cytoplasm [goid 0005737]; go_process: carbohydrate catabolism [goid 0016052]",b3916,14.5927768,14.3684979,15.10387182,14.92996992,14.18003164,14.26807811
b3917,periplasmic sulfate-binding protein,"sulfate transport protein (ABC superfamily, peri_bind); go_component: periplasmic space [goid 0042597]; go_process: sulfur metabolism [goid 0006790]",b3917,12.77398282,13.07031843,13.03153034,12.87431605,12.9342982,12.89683236
b3918,CDP-diacylglycerol pyrophosphatase,,b3918,9.73761605,9.951624073,9.83085826,9.630663888,9.950215925,9.763498484
b3919,triosephosphate isomerase,"In the reaction catalyzed by triosephosphate isomerase, the three carbon ketone sugar dihydroxyacetone phosphate is rearranged (i.e. isomerized) to the three carbon aldehyde sugar, glyceraldehyde-3-phosphate. Under intracellular conditions, the reaction is; go_process: glycolysis [goid 0006096]",b3919,16.32889889,16.02476785,16.29990439,16.00925672,16.08589465,15.96046508
b3920,hypothetical protein,,b3920,11.52821368,11.55108465,11.56237023,11.54039149,11.50074666,11.25239787
b3921,hypothetical protein,,b3921,10.79048705,10.69695233,11.05510292,10.91161346,10.5875668,10.45583939
b3922,hypothetical protein,,b3922,13.75179785,13.52542505,14.07167726,14.00116351,13.23225532,13.20540324
b3923,putative regulator,putative stress protein; go_process: response to stress [goid 0006950],b3923,12.25066543,12.0277801,12.67534051,12.44086841,11.79953682,11.69385955
b3924,ferredoxin-NADP reductase,go_process: xenobiotic metabolism [goid 0006805],b3924,13.77807736,13.57334765,13.79750892,13.72276337,13.55555107,13.34236713
b3925,"fructose 1,6-bisphosphatase II","distinct fructose 1,6-bisphosphatae; dimeric enzyme; binds manganese; go_component: cytoplasm [goid 0005737]; go_process: amino acid biosynthesis [goid 0008652]",b3925,12.0595746,11.87363994,12.27197576,11.99530682,11.89349675,11.7047851
b3926,glycerol kinase,catalyzes the phosphorylation of glycerol to glycerol 3-phosphate; go_process: glycerol metabolism [goid 0006071],b3926,10.93041045,10.94034081,11.05234359,10.94368394,10.83695741,10.82574714
b3927,"MIP channel, glycerol diffusion",facilitated diffusion of glycerol; go_component: inner membrane [goid 0019866]; go_process: glycerol metabolism [goid 0006071],b3927,9.985790915,10.22883084,10.09169761,10.1148053,10.03032973,9.980790631
b3928,hypothetical protein,,b3928,15.9098847,15.46921295,15.86402571,15.62954568,15.52050985,15.32558164
b3929,ribonuclease activity regulator protein RraA,regulator of RNase E; increases half-life and abundance of RNAs; interacts with RNase E possibly inhibiting catalytic activity,b3929,14.90189969,14.57886943,14.99686343,15.08156165,14.35359325,14.40662662
b3930,"1,4-dihydroxy-2-naphthoate octaprenyltransferase,","catalyzes the formation of dimethylmenaquinone from 1,4-dihydroxy-2-naphthoate; go_component: inner membrane [goid 0019866]; go_process: anaerobic respiration [goid 0009061]",b3930,11.00739215,11.19161924,11.04935023,10.90240351,11.3014783,11.23594006
b3931,ATP-dependent protease ATP-binding subunit,heat shock protein involved in degradation of misfolded proteins; go_component: cytoplasm [goid 0005737]; go_function: peptidase activity [goid 0008233]; go_process: proteolysis and peptidolysis [goid 0006508]; go_process: protein folding [goid 0006457]; go_process: response to temperature [goid 0009266],b3931,13.77503903,13.81953076,13.76439556,13.57810254,13.85649411,13.68156115
b3932,ATP-dependent protease peptidase subunit,heat shock protein involved indegradation of misfolded proteins; go_component: cytoplasm [goid 0005737]; go_function: peptidase activity [goid 0008233]; go_process: proteolysis and peptidolysis [goid 0006508]; go_process: protein folding [goid 0006457],b3932,14.66637392,14.53061123,14.56002695,14.81102344,14.4635512,14.46310088
b3933,essential cell division protein,"essential cell division protein, epimerase- or mutase-like; go_component: inner membrane [goid 0019866]",b3933,12.58775961,12.68841876,12.70888178,12.78823449,12.67581319,12.62483491
b3934,"regulator for deo operon, udp, cdd, tsx, nupC, and nupG","transcriptional repressor for genes of nucleoside catabolism and recycling (GalR/LacI family); go_component: cytoplasm [goid 0005737]; go_function: transcriptional repressor activity [goid 0016564]; go_process: nucleobase, nucleoside and nucleotide interconversion [goid 0015949]; go_process: transcription [goid 0006350]",b3934,11.47987828,11.77649265,11.59481158,11.51972216,11.76815679,11.67583874
b3935,primosome assembly protein PriA,"binding of PriA to forked DNA starts the assembly of the primosome, also posseses 3'-5' helicase activity; go_component: cytoplasm [goid 0005737]; go_process: DNA dependent DNA replication [goid 0006261]",b3935,10.67057237,10.95504836,10.42786858,10.32061315,11.0720891,11.13916336
b3936,50S ribosomal subunit protein L31,go_component: cytosolic ribosome (sensu Bacteria) [goid 0009281]; go_component: cytoplasm [goid 0005737]; go_function: structural constituent of ribosome [goid 0003735]; go_process: protein biosynthesis [goid 0006412],b3936,16.45818532,16.19078486,16.34647319,15.89231713,16.40926609,16.25057855
b3937,hypothetical protein,,b3937,10.79467087,10.61037305,10.54916633,10.61301774,10.74959318,10.45355727
b3938,transcriptional repressor protein MetJ,when combined with S-adenosylmethionine represses the expression of the methionine regulon and of proteins involved in S-adenosylmethionine synthesis; go_component: cytoplasm [goid 0005737]; go_function: transcriptional repressor activity [goid 0016564]; go_process: methionine biosynthesis [goid 0009086]; go_process: transcription [goid 0006350],b3938,14.08953082,13.8914045,13.93274374,13.81054074,13.98938323,13.6444904
b3939,cystathionine gamma-synthase,catalyzes the formation of cystathionine from L-cysteine and O-succinyl-L-homoserine; go_component: cytoplasm [goid 0005737]; go_process: amino acid catabolism [goid 0009063]; go_process: methionine biosynthesis [goid 0009086],b3939,12.64371898,12.75639892,12.39870035,12.88068729,12.81772801,12.78321223
b3940,bifunctional aspartate kinase II/homoserine dehydrogenase II,multifunctional homodimeric enzyme that catalyzes the phosphorylation of aspartate to form aspartyl-4-phosphate as well as conversion of aspartate semialdehyde to homoserine; functions in a number of amino acid biosynthetic pathways; go_process: methionine biosynthesis [goid 0009086]; go_process: homoserine biosynthesis [goid 0009090],b3940,12.60000329,12.61205472,12.35974682,12.41860455,12.69666049,12.79192944
b3941,"5,10-methylenetetrahydrofolate reductase","MTHFR; catalyzes NADH-linked reduction of 5,10-methylenetetrahydrofolate to 5-methyltetrahydrofolate using FAD as a cofactor; go_process: 10-formyltetrahydrofolate biosynthesis [goid 0009257]",b3941,12.88584358,12.62705748,12.10976159,12.39888889,12.79006798,12.55948173
b3942,catalase; hydroperoxidase HPI(I),go_process: xenobiotic metabolism [goid 0006805],b3942,13.87695049,13.7517645,14.002485,13.91430144,13.43686532,13.4425647
b3943,hypothetical protein,EcoGene suggests alternate start codon,b3943,10.22734967,10.06458275,10.28451789,10.10503943,9.998214404,9.865028035
b3944,hypothetical protein,,b3944,9.337216552,9.044923476,9.291300103,9.433455791,9.101601159,9.20674365
b3945,glycerol dehydrogenase,forms dimers and octamers; involved in conversion of glycerol to dihydroxy-acetone; go_process: glycerol metabolism [goid 0006071],b3945,11.40630672,11.0763633,12.16963579,11.9980746,10.48771454,10.81570833
b3946,fructose-6-phosphate aldolase,catalyzes the formation of glycerone and D-glyxeraldehyde 3-phosphate from D-fructose 6-phosphate,b3946,9.690641811,9.533946602,9.956561729,9.718138092,9.49934934,9.409737266
b3947,PEP-protein phosphotransferase system enzyme I,EcoGene suggests alternate start codon; PTS family Hpr (N-terminal); enzyme I (center); enzyme IIA (C-terminal); go_process: carbohydrate catabolism [goid 0016052],b3947,8.98965917,8.961374299,9.081864804,9.112199153,9.00166606,9.070245054
b3949,"PTS family enzyme IIC, fructose-mannitol-specific","PTS system, fructose-like enzyme II component",b3949,10.19275511,10.06662572,10.04983063,10.05713444,10.09417155,10.19136986
b3950,"PTS family enzyme IIB, fructose-mannitol-specific",PTS system fructose-like IIB component 1; go_process: carbohydrate catabolism [goid 0016052],b3950,9.519344993,9.427910217,9.478169948,9.565036065,9.249216035,9.414888066
b3951,formate acetyltransferase 2,putative pyruvate formate lyase II; go_process: anaerobic respiration [goid 0009061],b3951,8.792097368,8.714133185,8.651604524,8.759722059,8.795515149,8.837865945
b3952,probable pyruvate formate lyase activating enzyme 2,putative pyruvate formate lyase activating enzyme 2; go_process: anaerobic respiration [goid 0009061]; go_process: protein modification [goid 0006464],b3952,11.00882956,10.81848474,10.85280894,10.82949659,10.83098703,10.95987616
b3953,"PTS family enzyme IIB, fructose-mannose-specific",PTS system fructose-like IIB component 2; go_process: carbohydrate catabolism [goid 0016052],b3953,11.88563792,11.76845999,11.8633468,11.86264347,11.84122406,11.88658776
b3954,putative ARAC-type regulatory protein,putative transcriptional regulator (AraC/XylS family); go_function: transcriptional activator activity [goid 0016563]; go_process: transcription [goid 0006350],b3954,9.715241061,9.607149732,10.14649521,9.889277776,9.534081966,9.590072018
b3955,protein required for invasion of brain microvascular endothelial cells,putative transmembrane protein,b3955,11.4420501,11.86404459,11.15339701,11.10715059,11.8552726,11.83867777
b3956,phosphoenolpyruvate carboxylase,catalyzes the formation of oxaloacetae from phosphoenolpyruvate; go_component: cytoplasm [goid 0005737]; go_process: fermentation [goid 0006113]; go_process: tricarboxylic acid cycle [goid 0006099],b3956,15.10102454,15.18833976,15.22406827,15.24708698,15.07831159,15.18279474
b3957,acetylornithine deacetylase,catalyzes the formation of L-ornithine from N(2)-acetyl-L-ornithine in arginine biosynthesis; go_component: cytoplasm [goid 0005737]; go_process: arginine biosynthesis [goid 0006526],b3957,12.65606706,12.71028243,12.75219566,12.89235936,12.63843674,12.60340532
b3958,N-acetyl-gamma-glutamyl-phosphate reductase,catalyzes the reduction of N-acetyl-5-glutamyl phosohate to N-acetyl-glutamate 5-semialdehyde in arginine biosynthesis; go_component: cytoplasm [goid 0005737]; go_process: arginine biosynthesis [goid 0006526],b3958,13.03451339,13.18943718,13.14936362,13.42058765,13.35729508,13.31719179
b3959,acetylglutamate kinase,catalyzes the phosphorylation of N-acetyl-L-glutamate to form N-acetyl-L-glutamate 5-phosphate; go_component: cytoplasm [goid 0005737]; go_process: arginine biosynthesis [goid 0006526],b3959,13.79274418,13.8288952,13.87120505,14.08823874,13.8142676,13.91632882
b3960,argininosuccinate lyase,catalyzes the formation of arginine from (N-L-arginino)succinate; go_component: cytoplasm [goid 0005737]; go_process: arginine biosynthesis [goid 0006526],b3960,13.70510981,13.94177166,13.77437943,13.88709337,14.11184696,14.06765766
b3961,"activator, hydrogen peroxide-inducible genes","transcriptional regulator of oxidative stress, regulates intracellular hydrogen peroxide (LysR family); go_component: cytoplasm [goid 0005737]; go_function: transcriptional activator activity [goid 0016563]; go_function: transcriptional repressor activity [goid 0016564]; go_process: transcription [goid 0006350]",b3961,13.39237129,13.2416822,13.51590059,13.36523141,13.2623182,13.27224398
b3962,soluble pyridine nucleotide transhydrogenase,catalyzes the conversionof NADPH to NADH; go_component: cytoplasm [goid 0005737]; go_process: nucleotide-sugar biosynthesis [goid 0009226],b3962,13.79047501,14.31427192,13.37761109,13.50959051,14.43811516,14.57471645
b3963,putative regulator (TetR/AcrR family),EcoGene suggests alternate start codon,b3963,14.05889092,13.97895828,14.03303987,13.84804556,13.94943122,13.8059604
b3964,hypothetical protein,,b3964,12.70173513,12.54713364,12.76048296,12.50420171,12.56411034,12.42464442
b3965,tRNA (uracil-5-)-methyltransferase,Catalyzes the formation of 5-methyl-uridine at position 54 in all tRNAs; go_component: cytoplasm [goid 0005737]; go_process: RNA modification [goid 0009451],b3965,11.41864343,11.69769013,11.32654207,11.15443783,11.89249409,11.7853137
b3966,"outer membrane porin: vitamin B12/cobalamin transport, receptor for E colicins, bacteriophage BF23","outer membrane receptor for transport of vitamin B12, E colicins, and bacteriophage BF23; go_component: external outer membrane (sensu Gram-negative Bacteria) [goid 0009279]",b3966,12.43506348,12.65009045,12.21636448,12.30794425,12.60559133,12.64157876
b3967,glutamate racemase,converts L-glutamate to D-glutamate a component of peptidoglycan; go_process: peptidoglycan biosynthesis [goid 0009252],b3967,13.49511594,13.45862525,13.38309869,13.38858835,13.32374077,13.4221869
b3972,UDP-N-acetylenolpyruvoylglucosamine reductase,catalyzes the reduction of UDP-N-acetylglucosamine enolpyruvate to form UDP-N-acetylmuramate in peptidoglycan biosynthesis; go_component: cytoplasm [goid 0005737]; go_process: peptidoglycan biosynthesis [goid 0009252],b3972,12.15384515,12.15007295,12.16203481,12.17489873,12.17995529,12.06927965
b3973,biotin--protein ligase,"catalyzes the formation of biotinyl-5'-AMP, also acts as a transcriptional repressor of the biotin operon; go_component: cytoplasm [goid 0005737]; go_function: transcriptional repressor activity [goid 0016564]; go_process: biotin biosynthesis [goid 0009102]; go_process: transcription [goid 0006350]",b3973,11.36270838,11.4934763,11.18743608,11.21774239,11.44125213,11.36946456
b3974,pantothenate kinase,catalyzes the formation of (R)-4'-phosphopantothenate in coenzyme A biosynthesis; go_process: coenzyme A biosynthesis [goid 0015937],b3974,11.4283458,11.73733223,11.48098116,11.35929508,11.84102948,11.51712813
b3975,unknown CDS,,b3975,8.951099139,8.771266023,8.881667123,8.894691673,8.859668406,8.90564022
b3980,elongation factor Tu,promotes GTP-dependent binding of aminoacyl-tRNA to teh A-site of ribosomes during protein biosynthesis; go_component: cytoplasm [goid 0005737]; go_process: protein biosynthesis [goid 0006412]; go_process: response to osmotic stress [goid 0006970],b3980,17.08248216,17.19391937,17.2030436,17.31181791,17.15521685,17.155773
b3981,translocase,go_component: inner membrane [goid 0019866],b3981,14.77195426,14.74551693,14.57118192,14.25919286,15.00429324,14.8458379
b3982,transcription antitermination protein NusG,Modulates Rho-dependent transcription termination; go_component: cytoplasm [goid 0005737]; go_process: transcription [goid 0006350],b3982,14.5205449,14.56912246,14.35927615,14.0454978,14.73493848,14.64169127
b3983,50S ribosomal protein L11,binds directly to 23S ribosomal RNA; go_component: cytosolic ribosome (sensu Bacteria) [goid 0009281]; go_component: cytoplasm [goid 0005737]; go_function: structural constituent of ribosome [goid 0003735]; go_process: protein biosynthesis [goid 0006412],b3983,16.37057563,16.68365321,16.39396452,16.48443479,16.72596816,16.71300075
b3984,50S ribosomal protein L1,Binds directly to 23S rRNA and is located proximal to the site where elongation factor Tu is bound to the ribosome; go_component: cytosolic ribosome (sensu Bacteria) [goid 0009281]; go_component: cytoplasm [goid 0005737]; go_function: structural constituent of ribosome [goid 0003735]; go_process: protein biosynthesis [goid 0006412]; go_process: translational attenuation [goid 0009386],b3984,16.3855789,16.66904421,16.44079415,16.45336271,16.73727053,16.76150772
b3985,50S ribosomal protein L10,binds the two ribosomal protein L7/L12 dimers and anchors them to the large ribosomal subunit; go_component: cytosolic ribosome (sensu Bacteria) [goid 0009281]; go_component: cytoplasm [goid 0005737]; go_function: structural constituent of ribosome [goid 0003735]; go_process: protein biosynthesis [goid 0006412],b3985,17.00240359,17.1503864,16.97182974,16.90928815,17.14906977,17.13755239
b3986,50S ribosomal protein L7/L12,"present in two forms; L12 is normal, while L7 is aminoacylated at the N-terminal serine; the only multicopy ribosomal protein; 4:1 ratio of L7/L12 per ribosome; two L12 dimers bind L10; critically important for translation efficiency and fidelity; stimulat; go_component: cytosolic ribosome (sensu Bacteria) [goid 0009281]; go_component: cytoplasm [goid 0005737]; go_function: structural constituent of ribosome [goid 0003735]; go_process: protein biosynthesis [goid 0006412]",b3986,17.33369629,17.68786732,17.44330129,17.45683472,17.64332677,17.64050921
b3987,DNA-directed RNA polymerase beta subunit,DNA-dependent RNA polymerase catalyzes the transcription of DNA into RNA using the four ribonucleoside triphosphates as substrates; go_component: cytoplasm [goid 0005737]; go_process: transcription [goid 0006350],b3987,14.23182805,14.80369816,14.52298175,14.76211526,14.55532798,14.92502219
b3988,DNA-directed RNA polymerase beta' subunit,DNA-dependent RNA polymerase catalyzes the transcription of DNA into RNA using the four ribonucleoside triphosphates as substrates; go_component: cytoplasm [goid 0005737]; go_process: transcription [goid 0006350],b3988,15.00405505,15.22612436,15.290688,15.21941541,15.20131536,15.38902105
b3989,heat shock protein htrC,go_process: response to temperature [goid 0009266],b3989,9.305080702,9.207426201,9.393522393,9.263227806,9.004659903,9.033248641
b3990,thiamine biosynthesis protein ThiH,"with ThiFSG catalyzes the formation of thiazole phosphate from tyrosine, cysteine and 1-deoxy-D-xylulose-5-phosphat; go_process: thiamin biosynthesis [goid 0009228]",b3990,13.30755006,13.56616737,13.52016902,13.29182248,13.61582854,13.63648812
b3991,thiazole synthase,functions in thiamine (vitamine B1) biosynthesis; in Bacillus subtilis this enzyme catalyzes the formation of thiazole from dehydroxyglycine and 1-deoxy-D-xylulose-5-phosphate and ThiS-thiocarboxylate; go_process: thiamin biosynthesis [goid 0009228],b3991,13.44083119,13.71425435,13.69933284,13.51257124,13.72357098,13.83864142
b4407,sulfur carrier protein ThiS,"with ThiF, ThiG, and ThiO catalyzes the formation of the thiazole moiety of thiamine pyrophosphate",b4407,14.45974583,14.70138147,14.65978498,14.65315112,14.61882677,14.81084951
b3992,thiamine biosynthesis protein ThiF,catalyzes the adenylation of ThiS which is involved in the formation of 5-methyl-4-(beta-hydroxyethyl)thiazole phosphate; go_process: thiamin biosynthesis [goid 0009228],b3992,13.79213186,14.08935398,14.03552703,13.92727531,14.05097898,14.25289854
b3993,thiamine-phosphate pyrophosphorylase,catalyzes the formation of thiamine monophosphate from 4-methyl-5-(beta-hydroxyethyl)-thiazole monophosphate and 4-amino-5-hydroxymethyl pyrimidine pyrophosphate; go_process: thiamin biosynthesis [goid 0009228],b3993,13.87292947,14.18464065,14.05995662,14.0214125,14.20934283,14.34139595
b3994,thiamine biosynthesis protein ThiC,required for the synthesis of the hydromethylpyrimidine moiety of thiamine; go_process: thiamin biosynthesis [goid 0009228],b3994,14.726142,14.82644403,14.75002283,14.88015839,14.87570731,15.01125095
b3995,regulator of sigma D,"regulator of sigma D, binds the major sigma subunit of RNA polymerase; go_component: cytoplasm [goid 0005737]; go_process: transcription [goid 0006350]",b3995,12.18083463,12.31581663,12.17101071,12.17177809,12.50869721,12.30692277
b3996,NADH pyrophosphatase,can catalyze hydrolysis of broad range of dinucleotide pyrophosphates but prefers reduced form of NADH; requires divalent metal ions such as magnesium and manganese and produces two mononucleoside 5'-phosphates,b3996,13.22727241,13.21619015,13.11313245,13.02254308,13.36521739,13.26842669
b3997,uroporphyrinogen decarboxylase,Catalyzes the formation of coproporphyrinogen from uroporphyrinogen III,b3997,13.44045888,13.41922379,13.37874966,13.1794068,13.43618641,13.3597623
b3998,endonuclease V (deoxyinosine 3'endoduclease),EcoGene suggests alternate start codon; go_process: DNA catabolism [goid 0006308]; go_process: DNA catabolism [goid 0006308],b3998,12.03666678,12.12113506,12.00918721,11.86914295,12.13909227,12.05516487
b3999,hypothetical protein,,b3999,12.75343686,12.89897854,12.74113377,12.69892786,12.86915153,12.81284535
b4000,DNA-binding protein HU-alpha (HU-2),"DNA-binding protein HU-alpha (HU-2), plays a role in DNA replication and in rpo translation; go_component: cytoplasm [goid 0005737]",b4000,16.78634374,16.51127854,16.7439932,16.60079262,16.56221477,16.3859897
b4001,hypothetical protein,,b4001,12.09216585,12.10279831,11.97128035,11.90202909,12.27348889,12.16577912
b4002,Zn-binding periplasmic protein,"EcoGene suggests alternate start codon; periplasmic Zn-binding protein, zinc resistance-associated; go_component: periplasmic space [goid 0042597]",b4002,9.760708158,9.654857653,9.760705667,9.862990275,9.635977498,9.709408357
b4003,sensor kinase of Zn/Pb responsive two-component regulatory system,"sensory histidine kinase in two-component regulatory system with ZraR, regulates zraP expression, senses Zn; go_component: inner membrane [goid 0019866]; go_process: fermentation [goid 0006113]; go_process: protein modification [goid 0006464]",b4003,10.42926738,10.32566366,10.57399906,10.66049393,10.20070562,10.40565312
b4004,"response regulator in two-component reguatory system with ZraS, regulates zraP expression (EBP family)",response regulator of Zn/Pb responsive two-component regulatory system; go_component: cytoplasm [goid 0005737]; go_function: transcriptional activator activity [goid 0016563]; go_process: fermentation [goid 0006113]; go_process: transcription [goid 0006350],b4004,10.133146,9.974344895,10.2634183,10.28588823,9.90207162,9.740907026
b4005,phosphoribosylamine--glycine ligase,catalyzes the formation of N(1)-(5-phospho-D-ribosyl)glycinamide from 5-phospho-D-ribosylamine and glycine in purine biosynthesis; go_component: cytoplasm [goid 0005737]; go_process: purine nucleotide biosynthesis [goid 0006164],b4005,14.03894156,14.05663187,14.08490923,14.11881272,14.04232033,14.09410511
b4006,bifunctionalphosphoribosylaminoimidazolecarboxa mide formyltransferase/IMP cyclohydrolase,"involved in de novo purine biosynthesis; go_component: cytoplasm [goid 0005737]; go_process: purine nucleotide biosynthesis [goid 0006164]; go_process: nucleobase, nucleoside and nucleotide interconversion [goid 0015949]",b4006,13.72086907,14.29013615,13.71215526,13.83176343,14.50305144,14.40919837
b4011,hypothetical protein,,b4011,10.00711184,10.00308296,9.522855001,9.577806119,9.980750716,10.0334241
b4012,putative acyltransferase,,b4012,12.02540551,11.9258928,11.99102108,12.09724906,11.88427963,11.93886981
b4013,homoserine O-succinyltransferase,catalyzes the formation of O-succinyl-L-homoserine from succinyl-CoA and L-homoserine in methionine biosynthesis; go_component: cytoplasm [goid 0005737]; go_process: methionine biosynthesis [goid 0009086],b4013,11.63297935,11.82651648,11.00977603,11.62007363,11.69421527,11.47051915
b4014,malate synthase,Catalyzes the aldol condensation of glyoxylate with acetyl-CoA to form malate as part of the second step of the glyoxylate bypass and an alternative to the tricarboxylic acid cycle; go_component: cytoplasm [goid 0005737]; go_process: glyoxylate cycle [goid 0006097],b4014,16.56237565,16.46353118,16.37989183,16.48831925,16.5089842,16.45083673
b4015,isocitrate lyase,"Catalyzes the first step in the glyoxalate cycle, which converts lipids to carbohydrates; go_component: cytoplasm [goid 0005737]; go_process: glyoxylate cycle [goid 0006097]",b4015,16.9453861,16.72705192,16.83649148,16.60824977,16.78229165,16.75945444
b4016,bifunctional isocitrate dehydrogenase kinase/phosphatase protein,catalyzes the phophoryation/dephosphorylation of the enzyme isocitrate dehydrogenase on a specific serine which regulates activity; unphosphorylated IDH is fully active when cells are grown on glucose while the enzyme becomes phosphorylated and inactive in; go_process: glyoxylate cycle [goid 0006097]; go_process: protein modification [goid 0006464],b4016,13.39014715,13.57939746,13.31866861,13.16679574,13.57419526,13.57436527
b4017,regulator of acetyl CoA synthetase; ankyrin-like regulatory protein,go_component: cytoplasm [goid 0005737],b4017,6.399189932,6.425406396,6.384868996,6.407608854,6.383530331,6.401328713
b4018,repressor of aceBA operon,EcoGene suggests alternate start codon; transcriptional repressor for glyoxylate bypass (IclR family); go_component: cytoplasm [goid 0005737]; go_function: transcriptional repressor activity [goid 0016564]; go_process: glyoxylate cycle [goid 0006097]; go_process: transcription [goid 0006350],b4018,13.61333666,13.59449991,13.30106432,13.31795027,13.72827253,13.62099172
b4019,B12-dependent methionine synthase,one of two methionine synthases in Escherichia coli; MetH catalyzes a methyl transfer reaction from methyltetrahydrofolate to homocysteine to create methionine; requires zinc for activity; go_process: methionine biosynthesis [goid 0009086]; go_process: S-adenosylmethionine biosynthesis [goid 0006556]; go_process: 10-formyltetrahydrofolate biosynthesis [goid 0009257]; go_process: vitamin B12 biosynthesis [goid 0009236],b4019,14.04029704,14.0174025,14.09506844,14.02406761,14.00822945,14.09221133
b4020,putative alpha helix protein,putative transport protein (PNaS family)/regulator/enzyme,b4020,11.11544488,11.13378307,11.4406154,11.1949862,11.11265507,11.13153493
b4021,peptidase E,catalyzes the hydrolysis of dipeptides with an N-terminal aspartate residue,b4021,11.665189,11.51032668,12.20486165,11.98493538,11.12292838,11.24943803
b4022,pseudouridine synthase (makes pseudouridine2604 in 23 S RNA),,b4022,11.69834899,11.6432197,11.90130155,11.97733391,11.49707558,11.50445963
b4023,hypothetical protein,,b4023,12.90776191,12.86278174,12.96188136,12.91606287,12.97274241,12.77905409
b4024,aspartate kinase III,catalyzes the formation of 4-phospho-L-aspartate from L-aspartate and ATP; functions in amino acid biosynthesis; go_component: cytoplasm [goid 0005737]; go_process: lysine biosynthesis via diaminopimelate [goid 0009089]; go_process: homoserine biosynthesis [goid 0009090],b4024,14.15465903,14.38620322,14.41973716,14.32792591,14.32387524,14.32321893
b4025,glucose-6-phosphate isomerase,catalyzes the formation of D-fructose 6-phosphate from D-glucose 6-phosphate; go_component: cytoplasm [goid 0005737]; go_process: glycolysis [goid 0006096]; go_process: gluconeogenesis [goid 0006094],b4025,14.87186814,14.94033089,15.10842626,15.06564876,14.7766576,14.75487473
b4026,hypothetical protein,,b4026,11.50701045,11.32255746,11.2402471,11.50542986,11.37159828,11.52088316
b4027,putative membrane associated protein,EcoGene suggests alternate start codon,b4027,7.76422919,7.680905088,7.624238989,7.78012684,7.879507664,8.061300121
b4028,hypothetical protein,,b4028,9.677581256,9.531831439,9.360902584,9.613304571,9.530721576,9.725907959
b4029,hypothetical protein,,b4029,9.658596568,9.603760487,9.536813575,9.597053803,9.601345678,9.75301928
b4030,phosphate-starvation-inducible protein PsiE,,b4030,10.10468448,9.707575088,10.6563728,10.67360686,9.350352071,9.560831766
b4031,xylose-proton symport,xylose:proton symporter (MFS family); go_component: inner membrane [goid 0019866]; go_process: carbohydrate catabolism [goid 0016052]; go_process: D-xylose transport [goid 0015753],b4031,8.823228906,8.703114488,8.654877348,8.798640422,8.77427364,8.786541692
b4032,"maltose transport protein (ABC superfamily, membrane)","part of maltose permease, inner membrane; go_component: inner membrane [goid 0019866]; go_process: carbohydrate catabolism [goid 0016052]",b4032,11.63811056,11.80137261,11.86979473,11.74106428,11.53174583,11.36252755
b4033,"maltose transport protein (ABC superfamily, membrane)","part of maltose permease, periplasmic; go_component: inner membrane [goid 0019866]; go_process: carbohydrate catabolism [goid 0016052]",b4033,12.25602512,12.41251264,12.51216888,12.34358005,11.97439939,11.96698954
b4034,periplasmic maltose-binding protein,functions in the MalKFGE ABC transporter complex to transport maltose into the cell by using ATP hydrolysis; go_component: periplasmic space [goid 0042597]; go_process: carbohydrate catabolism [goid 0016052]; go_process: protein folding [goid 0006457],b4034,14.37321977,14.56549757,14.62170864,14.43808286,14.24678548,14.14048878
b4035,ATP-binding component of transport system for maltose,"bifunctional: maltose transport protein (ABC superfamily, atp_bind) (N-terminal); phenotypic repressor of mal operon (C-terminal); go_component: cytoplasm [goid 0005737]; go_process: carbohydrate catabolism [goid 0016052]",b4035,13.85661823,14.03542225,14.22017853,13.81080681,13.71839854,13.81305238
b4036,maltoporin precursor,porin involved in the transport of maltose and maltodextrins; go_component: external outer membrane (sensu Gram-negative Bacteria) [goid 0009279],b4036,14.48689894,14.55144172,14.70322028,14.28894626,14.06391452,13.98473209
b4037,periplasmic protein of mal regulon,go_component: periplasmic space [goid 0042597]; go_process: carbohydrate catabolism [goid 0016052],b4037,12.58635908,12.83256788,12.81278125,12.61885771,12.57252137,12.39528954
b4038,hypothetical protein,,b4038,6.245652122,6.24574256,6.228760373,6.228349954,6.242750702,6.248256702
b4039,chorismate lyase,EcoGene suggests alternate start codon; chorismate pyruvate lyase; go_component: cytoplasm [goid 0005737]; go_process: aerobic respiration [goid 0009060],b4039,13.61844811,13.73893679,13.27323312,13.49480048,13.92964026,13.77492091
b4040,4-hydroxybenzoate octaprenyltransferase,catalyzes the formation of 3-octaprenyl-4-hydroxybenzoate from 4-hydroxybenzoate and trans octaprenyl diphosphat; go_component: inner membrane [goid 0019866]; go_process: aerobic respiration [goid 0009060],b4040,13.0653871,13.06818517,12.98265005,12.88243572,13.15573767,13.18432252
b4041,glycerol-3-phosphate acyltransferase,catalyzes the formation of 1-acyl-sn-glycerol 3-phosphate by transfering the acyl moiety from acyl-CoA; go_component: inner membrane [goid 0019866]; go_process: phospholipid biosynthesis [goid 0008654],b4041,11.9174938,12.13915593,11.98900324,12.02254025,12.30855001,12.28317997
b4042,diacylglycerol kinase,go_component: inner membrane [goid 0019866]; go_process: phospholipid biosynthesis [goid 0008654],b4042,12.61213729,12.52169375,12.72374981,12.52474125,12.50066603,12.4379573
b4043,LexA repressor,Represses a number of genes involved in the response to DNA damage; go_component: cytoplasm [goid 0005737]; go_function: transcriptional repressor activity [goid 0016564]; go_process: DNA repair [goid 0006281]; go_process: transcription [goid 0006350]; go_process: SOS response [goid 0009432],b4043,15.91658741,15.77684586,16.11063492,15.91110555,15.82441669,15.7527536
b4044,DNA-damage-inducible protein F,"DNA-damage-inducible protein F, induced by UV and mitomycin C; SOS, lexA regulon; go_component: inner membrane [goid 0019866]; go_process: DNA repair [goid 0006281]; go_process: response to radiation [goid 0009314]; go_process: SOS response [goid 0009432]",b4044,12.45603721,12.5175309,12.25649365,12.03369357,12.5299262,12.4686052
b4045,unknown CDS,,b4045,13.75914467,13.44485503,13.79250028,13.62694868,13.54060952,13.33257328
b4046,transcriptional repressor of Zn transport system,EcoGene suggests alternate start codon; transcriptional repressor of Zn transport system (Fur family); go_component: cytoplasm [goid 0005737]; go_function: transcriptional repressor activity [goid 0016564]; go_process: transcription [goid 0006350],b4046,13.74034419,13.64710415,13.84789373,13.73085965,13.48887991,13.61642097
b4047,unknown CDS,,b4047,6.244133963,6.233429343,6.254368784,6.206123684,6.204450746,6.243205485
b4048,hypothetical protein,,b4048,6.09221944,6.074244454,6.076126733,6.060810281,6.075108123,6.090924609
b4049,"conserved protein, FMN-linked",EcoGene suggests alternate start codon,b4049,11.51326299,11.65528515,11.43424151,11.36333242,11.83409363,11.60515531
b4050,hypothetical protein,EcoGene suggests alternate start codon,b4050,8.154904631,8.309498868,8.217644775,7.872052048,8.618610713,8.355404574
b4051,quinone oxidoreductase,"quinone oxidoreductase, NADPH-dependent; go_function: electron carrier activity [goid 0009055]",b4051,13.49660859,13.03824646,13.75370673,13.55540711,12.84699065,12.81924109
b4052,replicative DNA helicase,unwinds double stranded DNA; go_component: cytoplasm [goid 0005737]; go_process: DNA dependent DNA replication [goid 0006261],b4052,12.69676589,12.95296068,12.45644913,12.3510255,13.1747024,13.06540969
b4053,alanine racemase,converts L-alanine to D-alanine which is used in cell wall biosynthesis; binds one pyridoxal phosphate per monomer; forms a homodimer; go_process: alanine biosynthesis [goid 0006523],b4053,12.1561371,12.3783839,11.96413582,11.88924207,12.44562483,12.51208978
b4054,aspartate aminotransferase,catalyzes the formation of L-glutamate and oxaloacetate from L-aspartate and 2-oxoglutarate; go_component: cytoplasm [goid 0005737]; go_process: L-phenylalanine biosynthesis [goid 0009094]; go_process: tyrosine biosynthesis [goid 0006571]; go_process: leucine biosynthesis [goid 0009098],b4054,12.79187335,12.92008131,12.87642009,12.83572182,13.01350523,12.79538075
b4055,diadenosine tetraphosphatase,"non-specific acid phosphatase/phosphotransferase, class B; go_component: cytoplasm [goid 0005737]; go_process: nucleobase, nucleoside and nucleotide interconversion [goid 0015949]",b4055,10.68607532,10.73178539,11.1340337,11.03404272,10.46575958,10.48716424
b4056,hypothetical protein,,b4056,13.44839187,13.36206172,13.72245607,13.6727325,13.05802805,13.14888913
b4057,hypothetical protein,,b4057,11.09949616,11.05773254,11.45094056,11.62569767,10.84311979,10.79230628
b4058,excinuclease ABC subunit A,The UvrABC repair system catalyzes the recognition and processing of DNA lesions. UvrA is an ATPase and a DNA-binding protein. A damage recognition complex composed of 2 uvrA and 2 uvrB subunits scans DNA for abnormalities. When the presence of a lesion ha; go_component: cytoplasm [goid 0005737]; go_process: DNA repair [goid 0006281]; go_process: response to radiation [goid 0009314]; go_process: SOS response [goid 0009432],b4058,13.55217569,13.77989131,13.67679812,13.56238335,13.79091409,13.73968852
b4059,single-strand DNA-binding protein,binds to single stranded DNA and PriA helcase facilitate replication restart; go_component: cytoplasm [goid 0005737]; go_process: DNA recombination [goid 0006310]; go_process: SOS response [goid 0009432],b4059,13.37615978,13.36267847,13.43726434,13.10430907,13.32005636,13.10409415
b4060,hypothetical protein,EcoGene suggests alternate start codon,b4060,11.18886502,10.84591127,10.97805191,11.10354941,10.86294263,10.90224549
b4061,hypothetical protein,,b4061,9.116739534,9.145475382,9.23043013,8.924642567,8.89992854,8.88250845
b4062,regulation of superoxide response regulon,transcriptional activator of superoxide response regulon (AraC/XylS family); go_component: cytoplasm [goid 0005737]; go_function: transcriptional activator activity [goid 0016563]; go_process: transcription [goid 0006350]; go_process: xenobiotic metabolism [goid 0006805],b4062,11.77286186,11.76006237,11.94270781,11.94623927,11.63227769,11.15106455
b4063,redox-sensing activator of soxS,transcriptional activator for superoxide response; Fe-S center for redox-sensing (MerR family); go_component: cytoplasm [goid 0005737]; go_function: transcriptional activator activity [goid 0016563]; go_process: transcription [goid 0006350]; go_process: xenobiotic metabolism [goid 0006805],b4063,11.76069731,11.54601508,11.62755566,11.66380637,11.59410954,11.7041067
b4064,hypothetical protein,,b4064,11.38694443,12.31264458,11.0054633,10.83621933,12.53994277,12.38725211
b4065,putative sodium:hydrogen antiporter (CPA1 family),go_component: inner membrane [goid 0019866],b4065,11.50709699,11.40025809,11.65716972,11.61357814,11.21612105,11.26303974
b4066,hypothetical protein,,b4066,6.231002043,6.212790697,6.235299724,6.221150029,6.195732197,6.205167485
b4067,acetate permease,member of the sodium:solute symporter family; cotranscribed with the acs gene which encodes acetyl coenzyme A synthase; mutations affect acetate uptake; go_component: inner membrane [goid 0019866],b4067,11.35843414,11.50761211,11.52613605,11.19709586,11.24822812,11.18120235
b4068,hypothetical protein,,b4068,11.60507171,11.82907567,11.81867517,11.18571799,11.48414243,11.3964765
b4069,acetyl-coenzyme A synthetase,forms acetyl-CoA from acetate and coenzymeA; go_process: carbohydrate catabolism [goid 0016052]; go_process: acetate catabolism [goid 0045733],b4069,14.65922583,14.50498776,14.63056475,14.27719035,14.37884057,14.28150741
b4070,nitrite reductase periplasmic cytochrome c(552),periplasmic cytochrome c(552): plays a role in nitrite reduction; go_component: periplasmic space [goid 0042597]; go_function: electron acceptor activity [goid 0009054]; go_process: anaerobic respiration [goid 0009061]; go_process: cytochrome biogenesis [goid 0017004],b4070,10.18402593,10.1739921,10.90388324,11.01728023,9.89679232,10.13245367
b4071,formate-dependent nitrite reductase; a penta-haeme cytochrome c,"EcoGene suggests alternate start codon; nitrite reductase, formate-dependent; a penta-haeme cytochrome c; go_component: periplasmic space [goid 0042597]; go_function: electron acceptor activity [goid 0009054]; go_process: anaerobic respiration [goid 0009061]; go_process: cytochrome biogenesis [goid 0017004]",b4071,9.956032076,9.655421356,10.17310776,10.31506676,9.680900287,9.679823136
b4072,formate-dependent nitrite reductase; Fe-S centers,"putative nitrite reductase; formate-dependent, Fe-S centers; go_component: inner membrane [goid 0019866]; go_function: electron acceptor activity [goid 0009054]; go_process: anaerobic respiration [goid 0009061]",b4072,7.891658818,7.788994788,8.112081919,8.038321764,7.86930959,7.920569992
b4073,formate-dependent nitrate reductase complex; transmembrane protein,"putative nitrate reductase, formate-dependent; go_component: inner membrane [goid 0019866]; go_process: anaerobic respiration [goid 0009061]",b4073,9.368699214,9.274889104,9.128140006,9.289719772,9.2810029,9.400035844
b4074,formate-dependent nitrite reductase; involved in attachment of haem c to cytochrome c552,formate-dependent nitrite reductase; possible assembly function; go_component: inner membrane [goid 0019866]; go_process: anaerobic respiration [goid 0009061]; go_process: cytochrome biogenesis [goid 0017004]; go_process: protein folding [goid 0006457],b4074,9.263292346,9.114522649,9.151344519,9.255593847,9.141964547,9.284543967
b4075,part of formate-dependent nitrite reductase complex,part of formate-dependent nitrite reductase complex; involved in attachment of haem c to cytochrome c552; go_process: anaerobic respiration [goid 0009061]; go_process: cytochrome biogenesis [goid 0017004]; go_process: protein folding [goid 0006457],b4075,7.815898693,7.712759919,7.744553201,7.797114138,7.713308532,7.736187252
b4076,part of formate-dependent nitrite reductase complex,part of formate-dependent nitrite reductase complex; involved in attachment of haem c to cytochrome c552; go_process: anaerobic respiration [goid 0009061]; go_process: cytochrome biogenesis [goid 0017004]; go_process: protein folding [goid 0006457],b4076,8.721784391,8.488616723,8.523523068,8.608388796,8.552558562,8.613928863
b4077,glutamate-aspartate symport protein,glutamate:aspartate symporter (DAACS family); go_component: inner membrane [goid 0019866]; go_process: glutamate biosynthesis [goid 0006537]; go_process: aspartate biosynthesis [goid 0006532],b4077,12.29515079,12.11459948,12.46260628,12.25047286,11.99347084,12.06029191
b4078,hypothetical protein,,b4078,12.82322316,12.60920446,12.94822994,12.77033322,12.47321831,12.41006906
b4079,"formate dehydrogenase H, selenopolypeptide subunit",selenopolypeptide subunit of formate dehydrogenase H; go_function: electron donor activity [goid 0009053]; go_process: fermentation [goid 0006113],b4079,9.86094837,9.796430673,9.988710463,10.02707734,9.736583164,9.729271509
b4080,putative enzyme,putative outer membrane protein; go_component: external outer membrane (sensu Gram-negative Bacteria) [goid 0009279],b4080,7.358258624,7.3339308,7.300826811,7.355895676,7.307629362,7.449439089
b4081,putative enzyme,EcoGene suggests alternate start codon; putative transport protein (Pit family),b4081,8.580254151,8.54435813,8.501140535,8.572261579,8.552320967,8.680872023
b4082,"putative multidrug resistance efflux pump protein, membrane protein",go_component: inner membrane [goid 0019866],b4082,6.699401643,6.667780706,6.689330401,6.746551542,6.742244213,6.731504234
b4083,putative enzyme,EcoGene suggests alternate start codon; go_process: sulfur metabolism [goid 0006790],b4083,10.08612022,9.96737429,9.951543381,10.03671307,9.945061318,10.10237823
b4084,D-allose kinase,"putative transcriptional regulator (NagC/XylR (ROK) familiy); go_process: regulation of transcription, DNA-dependent [goid 0006355]",b4084,9.962053186,9.852480719,9.881183795,10.02521583,9.833405307,9.981593141
b4085,D-allulose-6-phosphate 3-epimerase,putative hexose phosphate epimerase,b4085,8.459969573,8.433033998,8.55006926,8.5177086,8.466936899,8.464071848
b4086,D-allose transport system permease,"allose transport protein (ABC superfamily, membrane); go_component: inner membrane [goid 0019866]; go_process: carbohydrate catabolism [goid 0016052]",b4086,7.167145834,7.176637319,7.110968041,7.167437821,7.175048762,7.27742555
b4087,D-allose transport ATP-binding protein,"allose transport protein (ABC superfamily, atp_bind); go_component: cytoplasm [goid 0005737]; go_process: carbohydrate catabolism [goid 0016052]",b4087,9.866244197,9.740619196,9.777423803,9.866416918,9.799912718,9.833176371
b4088,D-allose-binding periplasmic protein,"allose transport protein (ABC superfamily, peri_bind); go_component: periplasmic space [goid 0042597]; go_process: carbohydrate catabolism [goid 0016052]",b4088,7.893015705,8.123192229,7.838387046,7.879418859,7.938114298,7.963310491
b4089,transcriptional repressor of ribose catabolism (RpiR/YebK family),"EcoGene suggests alternate start codon; transcriptional repressor of rpiB expression; go_component: cytoplasm [goid 0005737]; go_function: transcriptional repressor activity [goid 0016564]; go_process: carbohydrate catabolism [goid 0016052]; go_process: pentose-phosphate shunt, non-oxidative branch [goid 0009052]; go_process: transcription [goid 0006350]",b4089,11.36539167,11.39949092,11.28940322,11.02489914,11.42543686,11.24088852
b4090,ribose-5-phosphate isomerase B,"catalyzes the interconversion of ribose 5-phosphate to ribulose 5-phosphate; go_process: carbohydrate catabolism [goid 0016052]; go_process: pentose-phosphate shunt, non-oxidative branch [goid 0009052]",b4090,10.9878336,10.84811235,10.99073679,11.11574861,10.70504879,10.74058344
b4487,hypothetical protein,conserved in EDL933 and CFT073; on opposite strand of the now deaccessioned phnQ (b4091),b4487,11.77704536,11.5608141,11.81751042,11.83934761,11.60590401,11.60152789
b4092,phosphonate metabolism,putative ATP-binding C-P lyase component/accessory protein; go_process: phosphorus metabolism [goid 0006793],b4092,8.1760247,8.298369142,8.194174476,8.19460782,8.353976043,8.24077362
b4093,"conserved protein in phn operon, acyltransferase domain","putative regulator, phn operon",b4093,9.853287762,9.94113262,10.1824096,9.90096142,10.0629094,9.989862922
b4094,ATP-binding component of phosphonate transport,putative C-P (carbon-phosphorous) lyase component; go_component: cytoplasm [goid 0005737]; go_process: phosphorus metabolism [goid 0006793],b4094,9.103232173,9.08477875,9.446836007,9.288973192,9.287355648,9.277912083
b4095,phosphonate metabolism,"required for carbon-phosphorous lyase activity, also domain like urease alpha subunit; go_component: inner membrane [goid 0019866]; go_process: phosphorus metabolism [goid 0006793]",b4095,7.152614792,7.197177027,7.133466328,7.286495372,7.219743875,7.25438725
b4096,ATP-binding component of phosphonate transport,"putative phosphonate transport protein (ABC superfamily, atp_bind)/putative C-P lyase component; go_component: cytoplasm [goid 0005737]; go_process: phosphorus metabolism [goid 0006793]",b4096,7.878176867,7.831866338,7.729375155,7.959583902,7.776330121,7.902474628
b4097,ATP-binding component of phosphonate transport,"putative phosphonate transport protein (ABC superfamily, atp_bind)/putative C-P lyase component; go_component: cytoplasm [goid 0005737]; go_process: phosphorus metabolism [goid 0006793]",b4097,8.545823584,8.54863708,8.49566908,8.703029528,8.553597875,8.688596041
b4098,conserved protein in phn operon,phosphonate metabolism,b4098,7.522107704,7.438702973,7.379901455,7.484881411,7.439632634,7.632237832
b4099,phosphonate metabolism,putative C-P (carbon-phosphorous) lyase component; go_process: phosphorus metabolism [goid 0006793],b4099,10.04652598,10.04752491,10.0601998,10.1408108,10.04173495,10.15421401
b4100,phosphonate metabolism,putative C-P (carbon-phosphorous) lyase component; go_process: phosphorus metabolism [goid 0006793],b4100,9.842656452,9.865572347,9.749417645,9.946793087,9.767805614,9.953756304
b4101,phosphonate metabolism,putative C-P (carbon-phosphorous) lyase component; go_process: phosphorus metabolism [goid 0006793],b4101,7.1623753,7.213081208,7.141284655,7.250784118,7.147614809,7.224569209
b4102,putative transcriptional regulator,putative transcriptional repressor for phosphonate uptake and biodegradation (GntR family); go_function: transcriptional repressor activity [goid 0016564]; go_process: phosphorus metabolism [goid 0006793]; go_process: transcription [goid 0006350],b4102,7.41589845,7.317557761,7.293970674,7.470892677,7.372516203,7.44690824
b4103,putative C-terminal of split phnE gene (b4103),,b4103,6.259165806,6.244882123,6.254950049,6.261199369,6.306399225,6.266165352
b4104,membrane channel protein component of Pn transporter,"phosphonate transport protein, cryptic (ABC superfamily, membrane); go_component: inner membrane [goid 0019866]; go_process: phosphorus metabolism [goid 0006793]",b4104,11.33515949,11.20070465,11.15533484,11.35186775,11.24225567,11.42594414
b4105,periplasmic binding protein component of Pn transporter,"phosphonate transport protein (ABC superfamily, peri_bind); go_component: periplasmic space [goid 0042597]; go_process: phosphorus metabolism [goid 0006793]",b4105,8.847978954,8.748838212,8.697232029,8.742095817,8.782454592,8.844657529
b4106,ATP-binding component of phosphonate transport,"phosphonate transport protein (ABC superfamily, atp_bind); go_component: cytoplasm [goid 0005737]; go_process: phosphorus metabolism [goid 0006793]",b4106,7.464259171,7.440192107,7.357500603,7.594290419,7.473925166,7.506837493
b4107,hypothetical protein,,b4107,10.50924185,10.44714507,10.75935809,10.61968098,10.31792279,10.12815702
b4108,putative alkylphosphonate uptake protein in phosphonate metabolism,,b4108,13.5025194,13.50681461,13.73685966,13.715745,13.42911946,13.46640591
b4109,putative vimentin,,b4109,10.22308028,10.15967741,10.15992148,10.20523145,10.13359453,10.14112682
b4110,unknown CDS,EcoGene suggests alternate start codon,b4110,8.731295993,8.546191787,8.524081022,8.397555699,8.704845655,8.669201256
b4111,low-affinity transport system; proline permease II,"proline transport protein, low-affinity (proline permease II) (MFS family); go_component: inner membrane [goid 0019866]; go_process: proline biosynthesis [goid 0006561]; go_process: response to osmotic stress [goid 0006970]",b4111,14.79791965,14.76486894,14.53533689,14.49699039,14.84786078,14.83961769
b4112,sensor protein for basR,sensory histidine kinase in two-component regulatory system with BasR; go_component: inner membrane [goid 0019866]; go_process: protein modification [goid 0006464],b4112,11.06161108,10.98119339,11.45609517,11.35558187,10.82632235,10.78386002
b4113,response regulator in two-component regulatory system with BasS (OmpR family),"transcriptional regulatory protein, member of 2-component regulatory system,; go_component: cytoplasm [goid 0005737]; go_function: transcriptional activator activity [goid 0016563]; go_process: transcription [goid 0006350]",b4113,11.46681069,11.41149538,11.90051747,11.80853602,11.24477028,11.26547328
b4114,putative transmembrane protein,EcoGene suggests alternate start codon,b4114,7.300917998,7.274879562,7.299156905,7.442724434,7.197685743,7.278428417
b4115,"putative amino acid/amine transport protein, cryptic","putative putrescine/ornithine transport protein, cryptic (APC family); go_component: inner membrane [goid 0019866]; go_function: putrescine:ornithine antiporter activity [goid 0015496]",b4115,9.560239471,9.358558962,9.413695267,9.506064176,9.424640737,9.438659361
b4116,putative ARAC-type regulatory protein,transcriptional activator of the arginine decarboxylase system (AraC/XylS family); go_function: transcriptional activator activity [goid 0016563]; go_process: transcription [goid 0006350],b4116,6.755201237,6.675215345,6.971895737,7.103190798,6.573029004,6.600925631
b4117,"arginine decarboxylase; inducible by acid, catabolic",biodegradative arginine decarboxylase; go_process: amino acid catabolism [goid 0009063],b4117,7.814445237,7.889320913,7.912514355,8.010831458,7.883423453,7.842274711
b4118,regulator of melibiose operon,transcriptional activator of melibiose catabolism (AraC/XylS family); go_component: cytoplasm [goid 0005737]; go_function: transcriptional activator activity [goid 0016563]; go_process: carbohydrate catabolism [goid 0016052]; go_process: transcription [goid 0006350],b4118,10.38585084,10.92398773,10.60883495,10.58589436,10.71049404,10.78925327
b4119,alpha-galactosidase,alpha-galactosidase NAD(P)-binding; go_process: carbohydrate catabolism [goid 0016052]; go_process: nicotinamide adenine dinucleotide biosynthesis [goid 0009435],b4119,10.65287814,10.53869813,10.77331291,10.61577084,10.49284866,10.537573
b4120,melibiose permease II,melibiose permease II (GPH family); go_component: inner membrane [goid 0019866]; go_process: carbohydrate catabolism [goid 0016052],b4120,10.1152939,9.981361613,10.23900936,10.06486482,9.939958609,9.962812987
b4121,hypothetical protein,,b4121,10.66071466,10.45574429,10.54026055,10.50791173,10.4426095,10.52574434
b4122,"fumarase B (fumarate hydratase class I), anaerobic isozyme",fumarase B= fumarate hydratase Class I; anaerobic isozyme; go_process: tricarboxylic acid cycle [goid 0006099]; go_process: fermentation [goid 0006113]; go_process: anaerobic respiration [goid 0009061],b4122,9.749537597,9.713898866,10.2687543,10.28812048,9.533719564,9.667680046
b4123,anaerobic C4-dicarboxylate transporter,functions in anaerobic transport of C4-dicarboxylate compounds such as fumarate; similar to dcuB; go_component: inner membrane [goid 0019866]; go_process: carbohydrate catabolism [goid 0016052],b4123,9.899867936,9.776062101,10.3429715,10.40147397,9.692338004,9.715198331
b4124,"response regulator in two-component regulatory system with DcuS, regulates anaerobic fumarate respiration",response regulator of fumarate two-component regulatory system; go_component: cytoplasm [goid 0005737]; go_process: anaerobic respiration [goid 0009061]; go_process: transcription [goid 0006350],b4124,10.78211884,10.7038989,11.02779845,10.91101934,10.50469447,10.36327559
b4125,sensor of fumarate two-component regulatory system,"sensory histidine kinase in two-component retgulatory system with DcuR, regulates anaerobic fumarate respiration, senses fumarate/C4-dicarboxylate; go_process: anaerobic respiration [goid 0009061]; go_process: protein modification [goid 0006464]",b4125,10.60257809,10.6143224,10.75167318,10.80401113,10.40524212,10.51028855
b4126,hypothetical protein,,b4126,11.99414936,11.53659899,11.97510977,12.0472131,11.17267548,11.1376883
b4127,putative acyltransferase domain,,b4127,12.67220743,12.09133777,12.66281213,12.68298696,11.83851857,11.62928666
b4128,unknown CDS,,b4128,9.409054973,8.722657118,9.687732491,9.60663902,8.277489342,8.447740344
b4129,lysyl-tRNA synthetase,"catalyzes a two-step reaction, first charging a lysine molecule by linking its carboxyl group to the alpha-phosphate of ATP, followed by transfer of the aminoacyl-adenylate to its tRNA; go_component: cytoplasm [goid 0005737]; go_process: amino acid activation [goid 0006418]",b4129,12.15581952,12.05559232,12.23073841,12.08518302,12.03486734,11.96971142
b4130,putative di-/tripeptide transport protein (POT family),putative peptide transporter; go_component: inner membrane [goid 0019866],b4130,9.471872082,9.36574789,9.358671106,9.361985614,9.387285168,9.402897247
b4131,lysine decarboxylase 1,go_component: cytoplasm [goid 0005737]; go_process: amino acid catabolism [goid 0009063]; go_process: lysine biosynthesis via diaminopimelate [goid 0009089],b4131,7.34983495,7.274166583,7.272650675,7.370483575,7.326692528,7.313840165
b4132,lysine/cadaverine transport protein (APC family),transport of lysine/cadaverine; go_component: inner membrane [goid 0019866]; go_process: lysine biosynthesis via diaminopimelate [goid 0009089],b4132,10.41277481,10.18417487,10.24941076,10.27145916,10.24162034,10.31163755
b4133,transcriptional activator of cad operon,transcriptional activator of pH response (cad operon) (OmpR family); go_component: cytoplasm [goid 0005737]; go_function: transcriptional activator activity [goid 0016563]; go_process: amino acid catabolism [goid 0009063]; go_process: transcription [goid 0006350],b4133,8.121027522,7.949772597,8.745204732,8.600204377,7.76827706,7.761162419
b4135,putative regulator (TetR/AcrR family),"EcoGene suggests alternate start codon; go_process: regulation of transcription, DNA-dependent [goid 0006355]",b4135,13.17240893,13.13844647,13.39828877,13.35584017,13.17458732,13.02816661
b4136,thiol:disulfide interchange protein precursor,two electrons are transferred from cytoplasmic NADPH to thioredoxin and then to the inner membrane protein DsbD which keeps the disulfide isomerase DsbC in a reduced state in the oxidizing periplasm; DsbC in turns rearranges incorrectly made disulfide bond; go_component: inner membrane [goid 0019866]; go_process: sulfur metabolism [goid 0006790]; go_process: cytochrome biogenesis [goid 0017004],b4136,11.55234687,11.74959799,11.6829103,11.60564439,11.55632244,11.60421535
b4137,divalent cation tolerance protein; cytochrome c biogenesis,periplasmic divalent cation tolerance protein; cytochrome c biogenesis; go_process: cytochrome biogenesis [goid 0017004],b4137,12.10667363,12.22519334,12.44003868,12.31248348,12.18057917,12.10753629
b4138,anaerobic C4-dicarboxylate transporter,functions in anaerobic transport of C4-dicarboxylate compounds such as fumarate; similar to dcuB; go_component: inner membrane [goid 0019866]; go_process: carbohydrate catabolism [goid 0016052],b4138,12.63138374,12.63542776,13.12944458,12.95111877,12.3011533,12.29432465
b4139,aspartate ammonia-lyase (aspartase),EcoGene suggests alternate start codon; go_component: cytoplasm [goid 0005737]; go_process: amino acid metabolism [goid 0006520]; go_process: asparagine biosynthesis [goid 0006529]; go_process: lysine biosynthesis via diaminopimelate [goid 0009089],b4139,14.21942962,14.03027759,14.59400381,14.39975277,13.38583921,13.75173511
b4140,suppress F exclusion of bacteriophage T7,EcoGene suggests alternate start codon; suppressor of F exclusion of bacteriophage T7; go_component: inner membrane [goid 0019866],b4140,11.65777378,11.1064947,11.59107571,11.66752025,10.9478619,11.0733333
b4141,putative transport,"putative transport protein, cytoplasmic membrane protein",b4141,12.81036472,12.65500725,12.82913114,12.63728768,12.78191875,12.72337059
b4142,co-chaperonin GroES,10 kDa chaperonin; Cpn10; GroES; forms homoheptameric ring; binds to one or both ends of the GroEL double barrel in the presence of adenine nucleotides capping it; folding of unfolded substrates initiates in a GroEL-substrate bound and capped by GroES; rel; go_component: cytoplasm [goid 0005737]; go_process: protein folding [goid 0006457],b4142,16.6141874,16.41157855,16.38983421,16.44793803,16.36763027,16.31487494
b4143,chaperonin GroEL,60 kDa chaperone family; promotes refolding of misfolded polypeptides especially under stressful conditions; forms two stacked rings of heptamers to form a barrel-shaped 14mer; ends can be capped by GroES; misfolded proteins enter the barrel where they are; go_component: cytoplasm [goid 0005737]; go_process: protein folding [goid 0006457],b4143,16.04341169,15.91938232,15.89937687,15.89146282,15.90829809,15.76793051
b4144,hypothetical protein,EcoGene suggests alternate start codon,b4144,14.7439731,14.44815824,14.76110198,14.67773744,14.27829596,14.21425337
b4145,hypothetical protein,,b4145,7.421532564,7.331466407,7.243448497,7.363681485,7.353229174,7.246906974
b4146,putative aminomutase,,b4146,12.13551177,12.2976953,12.08535615,11.88835709,12.52544953,12.31616644
b4147,elongation factor P,Involved in peptide bond synthesis; alters the affinity of the ribosome for aminoacyl-tRNA; go_component: cytoplasm [goid 0005737]; go_process: protein biosynthesis [goid 0006412],b4147,14.2825858,14.64252348,14.20104886,14.06734856,14.7077925,14.37946831
b4410,entericidin A,antidote to lipoprotein entericidin B; component of a chromosomally encoded addiction module,b4410,10.57446471,10.84366455,10.74213589,10.34347801,11.27849363,10.77526844
b4411,entericidin B,bacteriolytic lipoprotein; component of a chromosomally encoded addiction module,b4411,14.52164556,14.14128661,14.62628022,14.35111156,14.06451133,13.69110366
b4148,quarternary ammonium compound transport protein (SMR family),"EcoGene suggests alternate start codon; suppresses groEL, may be chaperone; go_component: inner membrane [goid 0019866]",b4148,13.0894902,12.6801722,12.97840638,13.08103915,12.71710532,12.48030235
b4149,outer membrane lipoprotein (lipocalin),go_component: external outer membrane (sensu Gram-negative Bacteria) [goid 0009279],b4149,11.58473951,11.55089082,11.93923855,11.86160608,11.48698115,11.47124869
b4150,"beta-lactamase/D-ala carboxypeptidase; penicillin resistance, penicillin-binding protein (PBP)",beta-lactamase; penicillin resistance; go_component: periplasmic space [goid 0042597]; go_process: peptidoglycan biosynthesis [goid 0009252]; go_process: response to drug [goid 0042493],b4150,10.64514956,11.41325835,10.76883764,10.59201353,10.7592532,10.66833575
b4151,fumarate reductase subunit D,in conjunction with FrdC acts to anchor the catalytic components of the fumarate reductase to the cytoplasmic membrane; go_component: inner membrane [goid 0019866]; go_function: electron acceptor activity [goid 0009054]; go_process: fermentation [goid 0006113]; go_process: anaerobic respiration [goid 0009061],b4151,11.65869681,11.84447977,12.05289103,11.81009636,11.45174171,11.4448956
b4152,fumarate reductase subunit C,transmembrane anchor domain of the fumerate reductase which catalyzes the reduction of fumerate during anaerobic respiration; go_component: inner membrane [goid 0019866]; go_function: electron acceptor activity [goid 0009054]; go_process: fermentation [goid 0006113]; go_process: anaerobic respiration [goid 0009061],b4152,12.01967345,12.13992624,12.59599485,12.29921808,11.63752799,11.6900748
b4153,succinate dehydrogenase,Converts succinate to fumarate as part of the TCA cycle. It is the only membrane bound enzyme in the TCA cycle; go_component: cytoplasm [goid 0005737]; go_function: electron acceptor activity [goid 0009054]; go_process: fermentation [goid 0006113]; go_process: anaerobic respiration [goid 0009061],b4153,12.20391286,12.22546834,13.03551161,12.71064753,11.39663102,11.46953008
b4154,fumarate reductase,Reduces fumarate to succinate in anaerobic bacterial respiration; go_component: cytoplasm [goid 0005737]; go_function: electron acceptor activity [goid 0009054]; go_process: fermentation [goid 0006113]; go_process: anaerobic respiration [goid 0009061],b4154,12.84759132,12.65880609,13.46571891,13.33832734,12.16529215,12.41874355
b4155,lysyl-tRNA synthetase,lysine--tRNA ligase beta chain; poxA; class II aminoacyl tRNA synthetase; catalyzes a two-step reaction; first charging a lysine molecule by linking the carboxyl group to the alpha-phosphate of ATP; second by transfer of the aminoacyl-adenylate to its tRNA; go_process: amino acid activation [goid 0006418],b4155,11.4823813,11.54815456,11.5241323,11.30522037,11.71527233,11.5880685
b4156,putative amino-acid transport protein (APC family),EcoGene suggests alternate start codon; putative transport; go_component: inner membrane [goid 0019866],b4156,9.242417653,9.101266869,9.052785567,9.093406728,8.991711826,8.900886091
b4157,hypothetical protein,,b4157,11.06988078,11.00815067,10.9859069,11.11408493,10.90646825,11.11314648
b4158,hypothetical protein,,b4158,10.15020409,10.19262664,9.982119956,10.09878123,10.04950667,10.24348123
b4159,putative periplasmic binding protein,go_component: periplasmic space [goid 0042597],b4159,10.91739871,10.96416357,10.66098236,10.58769063,11.0572865,10.99307911
b4160,phosphatidylserine decarboxylase,catalyzes the decarboxylaton of phospatidyl-L-sering to phosphatidylethanolamine; go_component: inner membrane [goid 0019866]; go_process: phospholipid biosynthesis [goid 0008654],b4160,12.97381743,13.13461496,12.96741905,12.92143586,13.18397364,13.11896194
b4161,ribosome-associated GTPase,circularly permuted GTPase; has the pattern G4-G1-G3 as opposed to other GTPases; indispensable for growth in Escherichia coli and Bacillus subtilis; interacts strongly with 30S ribosome which stimulates GTPase activity,b4161,12.73381072,12.89539948,12.85733874,12.7959941,12.78897301,12.84627791
b4162,oligoribonuclease,3' to 5' exoribonuclease specific for small oligoribonuclotides; go_process: RNA catabolism [goid 0006401],b4162,12.49388144,12.30136293,12.47538543,12.32859013,12.33159665,12.08884254
b4166,"conserved protein, ferredoxin like",,b4166,11.48087407,11.53061065,11.51441959,11.38793516,11.55409865,11.60102484
b4167,putative kinase,,b4167,12.45115031,12.21380205,12.53540907,12.52300495,12.20561185,12.2128873
b4168,putative enzyme,,b4168,12.73191757,12.63988048,12.57085501,12.66518431,12.62039786,12.7059148
b4169,"N-acetylmuramoyl-l-alanine amidase II, a murein hydrolase",N-acetylmuramoyl-l-alanine amidase II; a murein hydrolase; go_process: peptidoglycan biosynthesis [goid 0009252],b4169,11.84332613,11.68450224,11.63876398,11.62147685,11.81021909,11.70492677
b4170,DNA mismatch repair protein,This protein is involved in the repair of mismatches in DNA. It is required for dam-dependent methyl-directed DNA mismatch repair. Promotes the formation of a stable complex between two or more DNA-binding proteins in an ATP-dependent manner without itself; go_component: cytoplasm [goid 0005737]; go_process: DNA repair [goid 0006281],b4170,12.25388386,12.21342848,12.12332349,12.08867398,12.28017239,12.31128004
b4171,tRNA delta(2)-isopentenylpyrophosphate transferase,Catalyzes the first step in the biosynthesis of 2-methylthio-N6-(delta(2)-isopentenyl) adenosine; go_component: cytoplasm [goid 0005737]; go_process: RNA modification [goid 0009451],b4171,15.67062097,15.49792899,15.61181969,15.96396813,15.46463673,15.52377401
b4172,RNA-binding protein Hfq,stimulates the elongation of poly(A) tails; go_process: translational attenuation [goid 0009386],b4172,15.1435058,14.9563992,15.16938547,15.13633201,15.00049948,14.93169499
b4173,GTP - binding subunit of protease specific for phage lambda cII repressor,"putative GTPase subunit of protease, together with HflC-HflK involved in stability of phage lambda cII repressor",b4173,14.89752663,14.73702376,14.86762109,15.00616317,14.78027054,14.74753659
b4174,protease specific for phage lambda cII repressor,"with HflC, part of modulator for protease specific for FtsH phage lambda cII repressor",b4174,15.07390813,15.02696902,14.83493219,14.79859068,15.08401929,15.12548129
b4175,protease specific for phage lambda cII repressor,"with HflK, part of modulator for protease specific for FtsH phage lambda cII repressor",b4175,14.05867108,14.03394748,13.93253029,13.73906222,14.15914367,14.11699128
b4176,unknown CDS,,b4176,13.04242843,12.80775359,12.84709923,12.77186947,12.89919911,12.91074395
b4177,adenylosuccinate synthetase,"catalyzes the formation of N6-(1,2,-dicarboxyethyl)-AMP from L-aspartate, inosine monophosphate and GTP in AMP biosynthesis; go_component: cytoplasm [goid 0005737]; go_process: purine nucleotide biosynthesis [goid 0006164]; go_process: nucleobase, nucleoside and nucleotide interconversion [goid 0015949]",b4177,15.35810118,15.51067167,15.57282554,15.30236098,15.39933619,15.51548193
b4178,"conserved protein, Winged helix domain",,b4178,14.36737818,13.98846761,14.37414742,14.35994045,13.99166244,14.06883586
b4179,RNase R,EcoGene suggests alternate start codon; ribonuclease R; go_process: RNA catabolism [goid 0006401]; go_process: RNA catabolism [goid 0006401],b4179,13.68649907,13.29928487,13.90963427,13.72629536,13.19964251,13.34338276
b4180,Gm2251 methyltransferase of 23S rRNA,go_process: RNA modification [goid 0009451],b4180,11.19157326,11.09724943,11.34146937,11.16091471,11.2385627,11.09884074
b4181,hypothetical protein,,b4181,7.407133465,7.21214353,7.325712691,7.237657775,7.336300009,7.246181787
b4182,putative alpha helical protein,,b4182,8.279702335,8.278552977,8.202314222,8.26024298,8.328144397,8.306859721
b4183,hypothetical protein,,b4183,9.352624839,9.282616892,9.210657797,9.367867064,9.274472415,9.34124425
b4184,putative transmembrane protein,,b4184,9.661012973,9.46534513,9.494989021,9.492269518,9.408208033,9.55279499
b4185,hypothetical protein,,b4185,8.450593667,8.42799083,8.311490549,8.574065488,8.450554068,8.476727875
b4186,putative synthetase,putative synthetase/amidase,b4186,9.499582126,9.363110354,9.441488796,9.455095364,9.336506078,9.457627255
b4187,putative acyl coenzyme A dehydrogenase,EcoGene suggests alternate start codon; putative acyl-CoA dehydrogenase; adaptive response (transcription activated by Ada); go_process: response to stress [goid 0006950],b4187,12.41618643,12.06516362,12.82563825,12.49148504,11.84475441,11.7846382
b4188,hypothetical protein,EcoGene suggests alternate start codon,b4188,10.35622432,10.62189002,10.8380219,10.70828843,10.39919513,10.49010249
b4189,hypothetical protein,EcoGene suggests alternate start codon,b4189,11.31219934,11.60631902,11.88780769,11.6909551,11.35820705,11.42590228
b4190,putative hydrolase,,b4190,10.65491994,10.53524003,10.69213498,10.70948455,10.44277884,10.48833081
b4191,putative DEOR-type transcriptional regulator,putative transcriptional repressor (DeoR family); go_function: transcriptional repressor activity [goid 0016564]; go_process: transcription [goid 0006350],b4191,11.25176005,11.13510932,11.41808772,11.41463268,11.05499145,11.00094956
b4192,putative enzyme with metallo-hydrolase domain,EcoGene suggests alternate start codon,b4192,9.829225491,9.769769891,9.823133125,9.872501377,9.710609151,9.716718843
b4193,ascorbate-specific PTS system enzyme IIC,membrane component; functions with enzymes IIB (sgaB; ulaB) and IIA (sgaA; ulaC) enzyme I and HPr for anaerobic utilization and uptake of L-ascorbate; sgaTBA are regulated by yifQ as well as Crp and Fnr; go_process: phosphoenolpyruvate-dependent sugar phosphotransferase system [goid 0009401],b4193,8.224498064,8.09222542,8.130427432,8.118553647,8.118548088,8.231785672
b4194,"putative PTS family enzyme II component, possibly ascorbate-specific",go_process: phosphoenolpyruvate-dependent sugar phosphotransferase system [goid 0009401],b4194,10.78392525,10.68535986,10.75187141,10.74900216,10.59320526,10.75240816
b4195,"putative PTS family enzyme IIA component, possibly ascorbate-specific",putative PTS system enzyme II A component,b4195,11.80431235,11.75299994,11.66969586,11.72265941,11.67932656,11.90173084
b4196,3-keto-L-gulonate 6-phosphate decarboxylase,probable hexulose-6-phosphate synthase,b4196,9.216314377,9.28070356,9.184718207,9.212869556,9.194281928,9.245974598
b4197,L-xylulose 5-phosphate 3-epimerase,putative hexulose-6-phosphate isomerase,b4197,11.06780164,11.02242219,10.98951114,11.17264513,11.06137098,11.10577022
b4198,L-ribulose-5-phosphate 4-epimerase,catalyzes the formation of D-xylulose 5-phosphate from L-ribulose 5-phosphate,b4198,9.825379455,9.90565703,9.847013428,9.825946009,9.834412636,9.927504257
b4199,hypothetical protein,,b4199,10.465597,10.21276536,10.76767919,10.70130107,9.825908137,9.722547504
b4200,30S ribosomal protein S6,"binds cooperatively with S18 to the S15-16S complex, allowing platform assembly to continue with S11 and S21; go_component: cytosolic ribosome (sensu Bacteria) [goid 0009281]; go_component: cytoplasm [goid 0005737]; go_function: structural constituent of ribosome [goid 0003735]; go_process: protein biosynthesis [goid 0006412]",b4200,15.61928509,15.84491324,15.74220531,15.71761669,15.87787491,15.96239321
b4201,primosomal replication protein N,Binds single-stranded DNA at the primosome assembly site; go_component: cytoplasm [goid 0005737]; go_process: DNA dependent DNA replication [goid 0006261],b4201,16.18418,16.30589694,16.27147237,16.21527354,16.3698437,16.41016203
b4202,30S ribosomal protein S18,"Binds as a heterodimer with protein S6 to the central domain of the 16S rRNA, where it helps stabilize the platform of the 30S subunit; go_component: cytosolic ribosome (sensu Bacteria) [goid 0009281]; go_component: cytoplasm [goid 0005737]; go_function: structural constituent of ribosome [goid 0003735]; go_process: protein biosynthesis [goid 0006412]",b4202,15.12740426,15.35425554,15.2408058,15.14307591,15.44644172,15.3955578
b4203,50S ribosomal protein L9,The function of this ribosomal subunit is unknown; go_component: cytosolic ribosome (sensu Bacteria) [goid 0009281]; go_component: cytoplasm [goid 0005737]; go_function: structural constituent of ribosome [goid 0003735]; go_process: protein biosynthesis [goid 0006412],b4203,13.66701809,14.01448768,13.98724354,13.83188874,14.06521296,14.02465465
b4204,unknown CDS,,b4204,7.455406247,7.325072286,7.30161423,7.389273082,7.376457823,7.414627877
b4205,unknown CDS,EcoGene suggests alternate start codon,b4205,6.335311805,6.305460788,6.327404541,6.331761979,6.336148413,6.319381571
b4206,hypothetical protein,EcoGene suggests alternate start codon,b4206,13.69233364,13.43573237,14.00040812,13.95642327,13.31436337,13.37878977
b4207,FKBP-type 22KD peptidyl-prolyl cis-trans isomerase (rotamase),EcoGene suggests alternate start codon; go_process: protein folding [goid 0006457],b4207,14.50216444,14.52035665,14.43030511,14.29261413,14.62329571,14.50153851
b4208,D-alanine/D-serine/glycine transport protein (APC family),"transport of D-alanine, D-serine, and glycine; go_component: inner membrane [goid 0019866]; go_process: amino acid catabolism [goid 0009063]; go_process: peptidoglycan biosynthesis [goid 0009252]; go_process: glycine biosynthesis [goid 0006545]; go_process: alanine biosynthesis [goid 0006523]; go_process: purine nucleotide biosynthesis [goid 0006164]; go_process: 10-formyltetrahydrofolate biosynthesis [goid 0009257]; go_process: glutathione biosynthesis [goid 0006750]",b4208,12.18909382,12.39412171,12.32853069,11.94460754,12.24920386,12.2949803
b4209,hypothetical protein,,b4209,7.662017415,7.606893126,7.762766108,7.729347494,7.598214045,7.712836143
b4210,putative cationic amino acid transport protein,putative transmembrane subunit,b4210,9.00730147,9.007838593,8.819407559,8.795115023,9.45760918,9.285191107
b4211,putative oxidoreductase,,b4211,9.971434565,10.0312709,10.1144374,10.07812902,9.949643139,9.94084431
b4212,putative transcriptional regulator,"EcoGene suggests alternate start codon; go_process: regulation of transcription, DNA-dependent [goid 0006355]",b4212,12.70609818,12.43226066,12.59500548,12.51154441,12.59674681,12.53968908
b4213,"2',3'-cyclic nucleotide 2'-phosphodiesterase/3'-nucleotidase bifunctional periplasmic precursor protein","periplasmic enzyme; functions during ribonucleic acid degradation; 2',3'-cyclic nucleotides are first converted to 3'-nucleotide and then cleaved to yield a ribonucleotide and a phosphate; go_component: cytoplasm [goid 0005737]; go_process: nucleobase, nucleoside and nucleotide interconversion [goid 0015949]",b4213,11.49994315,11.42732098,11.47988516,11.42303771,11.31828825,11.317414
b4214,affects pool of 3'-phosphoadenosine-5'-phosphosulfate in pathway of sulfite synthesis,gene product acts on 3'-phosphoadenosine-5'-phosphosulfate; go_process: sulfur metabolism [goid 0006790],b4214,12.69399764,12.4636646,12.98931827,12.96340736,12.27939292,12.25204791
b4215,hypothetical protein,,b4215,9.382954131,9.051755713,9.281225149,9.141010451,9.203389406,9.189257121
b4216,hypothetical protein,,b4216,12.28272213,12.21542863,12.24948887,12.1367958,12.2248407,12.25382355
b4217,unknown CDS,EcoGene suggests alternate start codon,b4217,12.32885143,11.96737483,12.27363282,12.46048825,12.07284159,11.61658609
b4218,putative hemolysin-related membrane protein,putative transport protein,b4218,10.27451002,10.22630408,10.50197366,10.47626107,10.30361062,10.19639645
b4219,methionine sulfoxide reductase A,this stereospecific enzymes reduces the S isomer of methionine sulfoxide while MsrB reduces the R form; provides protection against oxidative stress; go_process: protein folding [goid 0006457],b4219,13.00423625,12.77965844,13.41147108,13.32264454,12.63348212,12.64062708
b4220,putative outer membrane protein,go_component: external outer membrane (sensu Gram-negative Bacteria) [goid 0009279],b4220,12.15743511,12.07042507,12.41691944,12.39739696,12.00767226,12.00411488
b4221,hypothetical protein,,b4221,12.40161729,12.35019875,12.34934866,12.29573661,12.38384307,12.41756369
b4222,hypothetical protein,,b4222,14.03834355,13.75385409,14.16854082,14.02815492,13.72899746,13.54950906
b4223,unknown CDS,,b4223,8.168587437,8.003782222,8.021136655,8.209999223,8.067774654,8.060400409
b4224,"part of proteic killer gene system, suppressor of inhibitory function of ChpB","EcoGene suggests alternate start codon; suppressor of inhibitory function of ChpB, PemI-like, autoregulated",b4224,11.81197594,11.60395543,11.93305439,12.05751103,11.51073759,11.50700722
b4225,"part of proteic killer gene system, putative growth inhibitor B","probable growth inhibitor, PemK-like, autoregulated",b4225,11.20807528,11.01024274,11.30800059,11.36495561,10.8954761,10.88559109
b4226,inorganic pyrophosphatase,catalyzes the hydrolysis of pyrophosphate to phosphate; go_component: cytoplasm [goid 0005737]; go_process: phosphorus metabolism [goid 0006793],b4226,15.48480644,15.61752852,15.3059725,15.23205494,15.72773668,15.58479441
b4227,"putative D-ribose transport protein (ABC superfamily, peri_bind)",putative LACI-type transcriptional regulator; go_component: periplasmic space [goid 0042597],b4227,9.546012968,9.720663166,9.543434488,9.564089738,9.775892529,9.587209184
b4485,"putative sugar transport protein (ABC superfamily, atp_bind)",go_component: cytoplasm [goid 0005737],b4485,8.225526851,8.392205383,8.379354735,8.284955991,8.2844105,8.241392933
b4230,"putative sugar transport protein (ABC superfamily, membrane)",putative transport system permease protein; go_component: inner membrane [goid 0019866],b4230,8.452588964,8.446296156,8.517749089,8.386676028,8.399830476,8.472846953
b4231,"putative sugar transport protein (ABC superfamily, membrane)",EcoGene suggests alternate start codon; putative transport system permease protein; go_component: inner membrane [goid 0019866],b4231,7.515368633,7.559068981,7.768658734,7.493065,7.539582934,7.466017636
b4232,"fructose-1,6-bisphosphatase","catalyzes the formation of D-fructose 6-phosphate from fructose-1,6-bisphosphate; go_component: cytoplasm [goid 0005737]; go_process: gluconeogenesis [goid 0006094]",b4232,13.63200795,13.62911747,13.5672651,13.42905844,13.59127484,13.42968369
b4233,UDP-N-acetylmuramate:L-alanyl-gamma-D-glutamyl- meso-diaminopimelate ligase,go_process: peptidoglycan metabolism [goid 0000270],b4233,13.81955624,13.79264154,13.83870276,13.89297685,13.84819292,13.89778689
b4234,hypothetical protein,go_function: ATP-binding cassette (ABC) transporter activity [goid 0004009],b4234,12.50671129,12.5271944,12.55132824,12.30390272,12.59135907,12.44674582
b4235,"maturation of antibiotic MccB17, see tld genes","peptide maturation protein, maturation of antibiotic MccB17; go_component: cytoplasm [goid 0005737]; go_process: protein folding [goid 0006457]",b4235,13.25490362,13.20759849,13.46743166,13.42389187,13.09679047,13.10927253
b4236,cytochrome b(562),EcoGene suggests alternate start codon; go_function: electron carrier activity [goid 0009055]; go_process: cytochrome biogenesis [goid 0017004],b4236,12.31403465,11.95872474,12.46847608,12.50570662,11.87204801,11.73554833
b4237,anaerobic ribonucleotide reductase activating protein,"go_process: nucleobase, nucleoside and nucleotide interconversion [goid 0015949]; go_process: protein modification [goid 0006464]",b4237,11.29158262,11.29811465,11.53044429,11.19330419,10.50548265,10.54528018
b4238,anaerobic ribonucleoside triphosphate reductase,Catalyzes the reduction of nucleoside 5'-triphosphates to 2'-deoxynucleoside 5'-triphosphates; go_process: 2'-deoxyribonucleotide biosynthesis [goid 0009265],b4238,12.60056395,12.61233898,13.01258288,12.57790888,11.72915181,11.77053658
b4239,trehalase 6-P hydrolase,"trehalose-6-P hydrolase, alternative inducer of maltose system, cytoplasmic; go_component: cytoplasm [goid 0005737]; go_process: carbohydrate catabolism [goid 0016052]",b4239,9.272251779,9.584051476,9.416659949,9.388305743,9.455258372,9.630591995
b4240,"PTS family enzyme IIBC, trehalose(maltose)-specific","PTS system enzyme II, trehalose specific; go_component: inner membrane [goid 0019866]; go_process: glucose metabolism [goid 0006006]",b4240,9.896606986,9.850829844,10.25742377,10.19280831,9.756528607,9.711158811
b4241,trehalose repressor,regulates genes involved in trehalose metabolism; binds the intermediate trehalose-6-phosphate; binds a dimer; regulates treBC operon; go_component: cytoplasm [goid 0005737]; go_function: transcriptional repressor activity [goid 0016564]; go_process: glucose metabolism [goid 0006006]; go_process: transcription [goid 0006350]; go_process: response to osmotic stress [goid 0006970],b4241,10.35176849,10.35800165,10.5793876,10.71263014,10.35202269,10.37533336
b4242,"Mg2+ transport ATPase, P-type 1","P-type ATPase, Mg2+ ATPase transport protein; go_component: inner membrane [goid 0019866]; go_function: ATPase activity, coupled to transmembrane movement of ions, phosphorylative mechanism [goid 0015662]; go_process: ATP synthesis coupled proton transport [goid 0015986]",b4242,12.71045072,12.79464048,12.52390022,12.21341118,12.72244859,12.23140305
b4243,hypothetical protein,EcoGene suggests alternate start codon,b4243,15.56973078,15.65379667,15.65472378,15.78713872,15.68384089,15.63174168
b4244,aspartate carbamoyltransferase regulatory subunit,involved in the allosteric regulation of aspartate carbamoyltransferase; go_component: cytoplasm [goid 0005737]; go_process: pyrimidine nucleotide biosynthesis [goid 0006221],b4244,15.27340244,15.32684105,15.38970559,15.43060546,15.39616727,15.53296275
b4245,aspartate carbamoyltransferase catalytic subunit,catalyzes the transfer of the carbamoyl moiety from carbamoyl phosphate to L- aspartate in pyrimidine biosynthesis; go_component: cytoplasm [goid 0005737],b4245,15.17563071,15.30818272,15.30835117,15.55662522,15.35624281,15.52026817
b4246,pyrBI operon leader peptide,go_component: cytoplasm [goid 0005737]; go_process: pyrimidine nucleotide biosynthesis [goid 0006221],b4246,7.602477889,8.400583604,7.599680244,7.790909042,9.001337961,8.605374675
b4247,unknown CDS,,b4247,7.514143,7.42280018,7.540186828,7.522350358,7.396291929,7.486161592
b4248,putative translation factor,go_process: protein biosynthesis [goid 0006412],b4248,10.01634794,10.04638143,10.26417979,10.25521412,10.05690599,9.892426001
b4249,oxidoreductase,,b4249,9.856671542,9.689115338,9.815209149,9.809577356,9.788865544,9.815617738
b4250,unknown CDS,,b4250,8.73484093,9.16462201,8.704838212,8.986048008,8.994548153,8.877547108
b4251,unknown CDS,EcoGene suggests alternate start codon,b4251,11.6275337,11.53052658,11.42568463,11.56595063,11.60220571,11.58150581
b4252,hypothetical protein,EcoGene suggests alternate start codon,b4252,12.50159267,12.39469655,12.64042301,12.73905984,12.29204014,12.2269348
b4253,hypothetical protein,EcoGene suggests alternate start codon,b4253,6.879246559,6.852628535,6.769066081,6.732885493,6.790970104,6.72185495
b4254,ornithine carbamoyltransferase,catalyzes the formation of L-citrulline from carbamoyl phosphate and L-ornithine in arginine biosynthesis and degradation; go_component: cytoplasm [goid 0005737]; go_process: arginine biosynthesis [goid 0006526],b4254,13.54324367,13.41699542,13.66437883,13.73962319,13.39583252,13.20643794
b4255,hypothetical protein,,b4255,15.35153966,15.02531777,15.23466855,15.22173768,14.95437452,14.89761086
b4256,putative acyltransferase,EcoGene suggests alternate start codon,b4256,11.51010729,11.40324214,11.39418397,11.41436025,11.42154313,11.43352762
b4257,"putative membrane protein, transport",EcoGene suggests alternate start codon,b4257,6.709941019,6.692926165,6.662236348,6.653102949,6.676980982,6.684723247
b4258,valyl-tRNA synthetase,catalyzes the formation of valyl-tRNA(Val) from valine and tRNA(Val); go_component: cytoplasm [goid 0005737]; go_process: amino acid activation [goid 0006418],b4258,13.68066059,13.97041196,13.97615241,13.92928251,13.95901844,14.03731351
b4259,DNA polymerase III subunit chi,binds to single-strand binding (SSB) protein and acts as a bridge between the DnaX clamp loader complex and the SSB; go_component: cytoplasm [goid 0005737]; go_process: DNA dependent DNA replication [goid 0006261],b4259,13.22027714,13.53228685,13.30467983,13.42591512,13.50534631,13.52680125
b4260,leucyl aminopeptidase,catalyzes the removal of N-terminal amino acids preferably leucine from various peptides; go_component: cytoplasm [goid 0005737]; go_process: DNA recombination [goid 0006310]; go_process: transcription [goid 0006350],b4260,13.49475938,13.630166,13.61491772,13.61881832,13.53377472,13.54157062
b4261,"putative transmembrane protein, transport",,b4261,12.17763719,12.2353913,12.39249494,12.34904199,12.22187224,12.17421245
b4262,"putative transmembrane protein, transport",EcoGene suggests alternate start codon,b4262,12.57496626,12.60970113,12.48754679,12.56590542,12.55045975,12.50750638
b4263,putative enzyme contains P-loop containing nucleotide triphosphate hydrolase domain,,b4263,11.96337478,11.73384266,11.89228111,11.84686415,11.79091685,11.74371624
b4264,L-idonate transcriptional regulator,transcriptional activator of L-idonate metabolism (GalR/LacI family); go_component: cytoplasm [goid 0005737]; go_function: transcriptional activator activity [goid 0016563]; go_process: carbohydrate catabolism [goid 0016052]; go_process: transcription [goid 0006350],b4264,9.458829075,9.298872801,9.713406618,9.499077912,9.221279113,9.150868753
b4265,L-idonate transport protein (GntP family),L-idonate transporter; go_component: inner membrane [goid 0019866],b4265,8.64594322,8.541182608,8.6484788,8.631946742,8.595046502,8.607904049
b4266,gluconate 5-dehydrogenase,"Involved in the nonphosphorylative, ketogenic oxidation of glucose and oxidizes gluconate to 5-ketogluconate; go_component: cytoplasm [goid 0005737]; go_process: carbohydrate catabolism [goid 0016052]",b4266,10.62590476,10.48625811,10.45897996,10.65237442,10.446642,10.52962461
b4267,"L-idonate 5-dehydrogenase, NAD-binding",L-idonate dehydrogenase; go_process: carbohydrate catabolism [goid 0016052],b4267,11.00949528,10.80082785,10.7654027,11.01517778,10.81229726,10.90323686
b4268,"D-gluconate kinase, thermosensitive","gluconate kinase, thermosensitive glucokinase; go_process: carbohydrate catabolism [goid 0016052]",b4268,7.415628732,7.397903637,7.407566139,7.337614086,7.414142567,7.378367454
b4269,putative alcohol dehydrogenase,EcoGene suggests alternate start codon; putative oxidoreductase,b4269,12.46333317,12.16699505,12.47578035,12.35708369,12.27924142,12.23423967
b4271,KpLE2 phage-like element; P4-like integrase,EcoGene suggests alternate start codon; prophage P4 integrase,b4271,10.17636466,10.00596361,10.25129101,10.16242607,9.982914391,9.884201627
b4272,insertion sequence 2 OrfA protein,IS2 OrfA; forms an overlapping reading frame with orfB; may form a fusion protein OrfAB due to ribosomal frameshifting; both OrfA and OrfAB bind terminal inverted repeats,b4272,13.660738,13.56615478,13.82872372,13.71711227,13.6176422,13.5302274
b4273,insertion sequence 2 OrfB protein,IS2 OrfB; forms an overlapping reading frame with orfA; may form a fusion protein OrfAB due to ribosomal frameshifting; in some cases OrfB is itself expressed; both OrfA and OrfAB bind terminal inverted repeats,b4273,13.02494497,12.97252184,13.10653796,13.13610418,12.98727265,12.98007222
b4274,KpLE2 phage-like element,,b4274,8.413186775,8.447174254,8.624735814,8.633933161,8.588189242,8.432709682
b4275,KpLE2 phage-like element; putative transmembrane protein,,b4275,11.49970504,11.37680983,11.409833,11.36847078,11.42226354,11.27972387
b4276,KpLE2 phage-like element,,b4276,11.14117257,10.9540458,11.09517861,11.06991828,11.05824213,11.08152498
b4277,KpLE2 phage-like element,,b4277,10.27574612,10.14482064,10.03181756,10.23738693,10.14855702,10.21613433
b4278,IS4 hypothetical protein,KpLE2 phage-like element; IS4 protein,b4278,11.17685127,11.21444158,11.05271886,11.03210931,11.21898674,11.22705769
b4279,putative sialic acid transporter,EcoGene suggests alternate start codon; go_component: inner membrane [goid 0019866],b4279,6.974215985,6.876000757,6.891876001,6.802601924,6.834058704,6.901175398
b4280,KpLE2 phage-like element; putative NAD(P)-binding dehydrogenase,EcoGene suggests alternate start codon; putative dehydrogenase,b4280,8.061209676,7.763795075,7.744744891,7.586232456,7.58659212,7.57053434
b4281,KpLE2 phage-like element; conserved hypothetical protein,EcoGene suggests alternate start codon,b4281,8.694409838,8.522245124,8.738651894,8.867751103,8.487630026,8.479986858
b4282,KpLE2 phage-like element,EcoGene suggests alternate start codon,b4282,7.200626116,7.117626575,7.186788858,7.117535532,7.140544864,7.173263527
b4283,KpLE2 phage-like element; IS911 protein,transposase insN for insertion sequence element IS911B,b4283,11.45022196,11.14477021,11.31435961,11.39516021,11.17074226,11.1350288
b4284,IS30 transposase,KpLE2 phage-like element; transposase for IS30,b4284,12.18472594,12.04515182,11.93382396,12.13797332,11.8336701,11.83357035
b4285,KpLE2 phage-like element; putative transposase,putative transposase,b4285,11.42569198,11.10156292,11.28455972,11.16640923,11.18996967,11.22312942
b4286,KpLE2 phage-like element,,b4286,9.848120913,9.707361069,9.587383292,9.743944709,9.611962292,9.872596734
b4287,ATP-binding component of citrate-dependent iron(III) transport protein,"KpLE2 phage-like element; citrate-dependent iron (III) transport protein (ABC superfamily, atp_bind); go_component: cytoplasm [goid 0005737]; go_process: iron ion transport [goid 0006826]",b4287,7.594176658,7.941512359,7.585201464,7.609370247,8.033905227,7.957783538
b4288,"KpLE2 phage-like element; citrate-dependent iron (III) transport protein (ABC superfamily, membrane)","citrate-dependent iron transport, membrane-bound protein; go_component: inner membrane [goid 0019866]",b4288,9.862723476,9.74886451,9.688954043,9.697212388,9.892274401,9.975479808
b4289,"KpLE2 phage-like element; citrate-dependent iron (III) transport protein (ABC superfamily, membrane)","citrate-dependent iron(III) transport protein, cytosolic; go_component: inner membrane [goid 0019866]; go_process: iron ion transport [goid 0006826]",b4289,9.301720291,9.198646443,9.161539482,9.153135166,9.300787288,9.422736208
b4290,"KpLE2 phage-like element; citrate-dependent iron (III) transport protein (ABC superfamily, peri_bind)","EcoGene suggests alternate start codon; citrate-dependent iron transport, periplasmic protein; go_component: periplasmic space [goid 0042597]; go_process: iron ion transport [goid 0006826]",b4290,9.684072532,9.6238062,9.699821047,9.590206779,9.638045181,9.764819264
b4291,"KpLE2 phage-like element; outer membrane porin, receptor for ferric citrate, in multi-component regulatory system with cytoplasmic FecI (sigma factor) and membrane-bound FecR","outer membrane receptor; citrate-dependent iron transport, outer membrane receptor; go_component: external outer membrane (sensu Gram-negative Bacteria) [goid 0009279]; go_process: iron ion transport [goid 0006826]",b4291,10.38328771,10.53880232,10.257414,10.27473727,10.65054908,10.73521334
b4292,KpLE2 phage-like element; membrane-bound regulator in multi-component regulatory system with cytoplasmic FecI (sigma factor) and FecA (outer membrane receptor),"regulator for fec operon, periplasmic; go_component: inner membrane [goid 0019866]; go_process: transcription [goid 0006350]; go_process: iron ion transport [goid 0006826]",b4292,11.40918994,11.68986971,11.41713155,11.37270072,11.69171115,11.77469775
b4293,RNA polymerase sigma-70 factor,DNA-dependent RNA polymerase catalyzes the transcription of DNA into RNA using the four ribonucleoside triphosphates as substrates; go_component: cytoplasm [goid 0005737]; go_process: transcription [goid 0006350],b4293,13.06586931,13.15089777,12.9436093,12.85983109,13.11904826,13.19883244
b4294,IS1 protein InsA,KpLE2 phage-like element; IS1 protein InsA,b4294,12.7305946,12.76359586,12.92952075,12.93117693,12.63125894,12.74633286
b4295,KpLE2 phage-like element; putative transcriptional regulator,"EcoGene suggests alternate start codon; go_process: regulation of transcription, DNA-dependent [goid 0006355]",b4295,12.12738813,12.04479444,12.27872553,12.44080395,11.90254327,11.91753236
b4296,putative transport protein (GntP family),putative transport system permease; go_component: inner membrane [goid 0019866],b4296,8.54991268,8.381778699,8.450802735,8.3374116,8.456820046,8.405525761
b4297,hypothetical protein,,b4297,9.491522217,9.307972159,9.41288011,9.340609824,9.322918164,9.3093693
b4298,KpLE2 phage-like element; putative synthase,EcoGene suggests alternate start codon; putative lyase/synthase,b4298,9.143176577,9.214670582,9.088669874,9.278337568,9.11263139,9.317022242
b4299,KpLE2 phage-like element; putative transcriptional repressor (IclR family),putative regulator; go_function: transcriptional repressor activity [goid 0016564]; go_process: transcription [goid 0006350],b4299,6.79073421,6.842682588,6.7792016,6.806444749,6.77317848,6.814205615
b4300,KpLE2 phage-like element; putative transcriptional repressor of sugar-specific permease of the phosphotransferase system and pentose catabolic enzyme (DeoR family),go_function: transcriptional repressor activity [goid 0016564]; go_process: transcription [goid 0006350],b4300,7.904628552,7.907513827,8.175562747,7.910808787,7.997078867,7.866178195
b4301,ribulose-phosphate 3-epimerase,catalyzes the interconversion of D-ribulose 5-phosphate to xylulose 5-phosphate,b4301,8.391905972,8.439900742,8.539960972,8.541669319,8.377007499,8.381429598
b4302,"KpLE2 phage-like element; putative PTS family enzyme IIA, sugar-specific (IIsgc)",putative PTS system enzyme II A component,b4302,8.661969574,8.71531163,8.709961492,8.744818162,8.69858382,8.578232158
b4303,KpLE2 phage-like element; putative nucleoside triphosphatase,putative nucleoside triphosphatase,b4303,9.691529348,9.622747163,9.509267004,9.633696477,9.629423413,9.757339182
b4304,KpLE2 phage-like element; putative PTS family enzyme IIC,putative PTS system enzyme IIC component; go_process: phosphoenolpyruvate-dependent sugar phosphotransferase system [goid 0009401],b4304,9.757671269,9.454398762,9.614305569,9.5702339,9.601514884,9.586390997
b4305,putative endoglucanase,EcoGene suggests alternate start codon; putative lyase/synthase,b4305,8.030215539,7.923492672,8.175816582,8.138892947,7.909835702,7.961418284
b4306,KpLE2 phage-like element; putative methyltransferase,putative methyltransferase,b4306,9.309429402,9.314357369,9.314444799,9.304221605,9.270727678,9.360565707
b4307,KpLE2 phage-like element; conserved protein,go_process: RNA metabolism [goid 0016070],b4307,9.135751389,9.208152842,9.209452259,9.315868088,9.095915981,9.239840078
b4308,KpLE2 phage-like element; frameshift suppressor contains phospolipase D/nuclease,putative frameshift suppressor,b4308,10.16309842,9.959643221,10.07721902,10.05662478,9.996896823,10.02744169
b4309,hypothetical protein,,b4309,8.405961157,8.345094742,8.150783946,8.21436107,8.425899917,8.28449986
b4310,putative enzyme contains galactose oxidase-like domain,EcoGene suggests alternate start codon,b4310,9.578165762,9.42396268,9.354658792,9.55575737,9.306573618,9.265775438
b4311,hypothetical protein,EcoGene suggests alternate start codon,b4311,10.19097916,10.02772496,10.01759881,10.00478457,10.04609012,10.11419554
b4312,recombinase involved in phase variation; regulator for fimA,"tyrosine recombinase, regulator of fimA; go_component: fimbria [goid 0009289]; go_component: cytoplasm [goid 0005737]; go_process: fimbrial biogenesis [goid 0009297]; go_process: DNA recombination [goid 0006310]",b4312,12.54838878,12.32465399,12.11626647,12.02050556,11.92673741,11.7682761
b4313,recombinase involved in phase variation; regulator for fimA,"tyrosine recombinase, regulator of fimA; go_component: fimbria [goid 0009289]; go_component: cytoplasm [goid 0005737]; go_process: fimbrial biogenesis [goid 0009297]; go_process: DNA recombination [goid 0006310]",b4313,11.83809713,11.57633326,11.67556527,11.67275135,11.53626221,11.67718123
b4314,major type 1 subunit fimbrin (pilin),go_component: fimbria [goid 0009289]; go_process: glycoprotein biosynthesis [goid 0009101],b4314,15.13126352,15.24062439,15.28386401,15.25058601,15.25111819,15.21245825
b4315,fimbrial protein,"EcoGene suggests alternate start codon; fimbrial protein, internal segment; go_component: fimbria [goid 0009289]; go_process: glycoprotein biosynthesis [goid 0009101]",b4315,11.74149753,12.05680735,11.55371131,11.71707386,11.94313588,11.94629413
b4316,"periplasmic chaperone, required for type 1 fimbriae",go_component: fimbria [goid 0009289]; go_component: periplasmic space [goid 0042597]; go_process: protein folding [goid 0006457],b4316,10.62806679,11.07856458,10.08586626,10.1949796,11.00711889,10.87759859
b4317,"outer membrane protein; export and assembly of type 1 fimbriae, interrupted","split gene (fragments 1and 2), outer membrane protein, export and assembly of type 1 fimbriae; go_component: external outer membrane (sensu Gram-negative Bacteria) [goid 0009279]",b4317,9.857939781,10.02104516,9.59124228,9.635423398,10.11864366,10.01359759
b4318,fimbrial morphology,putative fimbrial-like protein; go_component: fimbria [goid 0009289]; go_process: glycoprotein biosynthesis [goid 0009101],b4318,11.9232183,11.95649122,11.79443306,11.91284536,11.90714077,12.0584038
b4319,fimbrial morphology,putative fimbrial-like protein; go_component: fimbria [goid 0009289]; go_process: glycoprotein biosynthesis [goid 0009101],b4319,11.66936667,11.65965919,11.63398516,11.72131675,11.62601207,11.74279966
b4320,minor fimbrial subunit,"minor fimbrial subunit, D-mannose specific adhesin; go_component: fimbria [goid 0009289]; go_process: glycoprotein biosynthesis [goid 0009101]",b4320,11.27515822,11.25765603,11.30293354,11.35832789,11.18960013,11.29828851
b4321,"gluconate transport protein, GNT III system (GntP family)",gluconate transport system permease 3; go_component: inner membrane [goid 0019866],b4321,9.497645163,9.419365093,9.551970154,9.487109298,9.460202463,9.549946752
b4322,mannonate dehydratase,catalyzes the formation of 2-dehydro-3-deoxy-D-gluconate from mannonate; go_process: carbohydrate catabolism [goid 0016052],b4322,10.11829635,10.2670348,10.27752449,10.15387443,10.14315055,10.2866252
b4323,D-mannonate oxidoreductase,go_process: carbohydrate catabolism [goid 0016052],b4323,10.21759499,10.16909565,10.26378749,10.25537483,10.22913176,10.37363321
b4324,regulator for uxu operon,transcriptional repressor for uxu operon; go_component: cytoplasm [goid 0005737]; go_function: transcriptional repressor activity [goid 0016564]; go_process: carbohydrate catabolism [goid 0016052]; go_process: transcription [goid 0006350],b4324,11.83256065,11.73291821,11.93601902,11.99600875,11.81340358,11.746362
b4325,unknown CDS,,b4325,6.319993892,6.247043388,6.310325828,6.287297853,6.279014664,6.280054086
b4326,unknown CDS,EcoGene suggests alternate start codon,b4326,11.30332986,10.66873914,11.56168831,11.47069457,10.15720785,10.46037255
b4327,putative transcriptional regulator (LysR family),putative transcriptional regulator LYSR-type; go_function: transcriptional activator activity [goid 0016563]; go_function: transcriptional repressor activity [goid 0016564]; go_process: transcription [goid 0006350],b4327,10.66033855,10.76746451,10.76573457,10.61148782,10.77065066,10.69454828
b4328,isoaspartyl dipeptidase,,b4328,11.51361194,11.73060888,11.66616278,11.65086845,11.68955095,11.68177817
b4329,hypothetical protein,,b4329,12.01526794,12.17346987,12.08277842,12.0700646,12.07592683,12.30122265
b4330,hypothetical protein,EcoGene suggests alternate start codon,b4330,8.742819694,8.679341333,8.824333391,8.704674173,8.726603681,8.972228058
b4331,RNA 2'-phosphotransferase,Removes the 2'-phosphate from RNA via an intermediate in which the phosphate is ADP-ribosylated by NAD followed by a presumed transesterification to release the RNA and generate ADP-ribose 1''-2''-cyclic phosphate; go_component: cytoplasm [goid 0005737],b4331,12.08969291,11.99293746,11.977924,12.02664298,11.96272584,12.05482254
b4332,putative sugar transport protein,putative transport protein,b4332,8.116093077,8.228085516,8.135153763,8.14782857,8.59271538,8.433316575
b4333,putative outer membrane protein,EcoGene suggests alternate start codon; go_component: external outer membrane (sensu Gram-negative Bacteria) [goid 0009279],b4333,8.730192427,8.642757569,8.6122607,8.676836825,8.531913803,8.476667292
b4334,putative (R)-hydroxyglutaryl-CoA dehydratase activator (putative oxidoreductase),EcoGene suggests alternate start codon; putative enzyme,b4334,8.605909166,8.539538159,8.761577888,8.666912081,8.483973702,8.53216555
b4335,putative 2-hydroxyglutaryl-CoA dehydratase,EcoGene suggests alternate start codon,b4335,10.5371828,10.4217102,10.80409631,10.84316676,10.29508195,10.35163409
b4336,putative transmembrane protein,,b4336,11.40502726,11.1878536,11.69379312,11.56348209,11.11384605,11.10445361
b4337,multidrug transport protein (MFS family),putative transport protein; go_component: inner membrane [goid 0019866],b4337,10.65057367,10.06357625,11.25058063,11.16418915,9.911228944,9.979297832
b4338,putative transposase,,b4338,7.603667189,7.511717808,7.679008322,7.78691545,7.482595233,7.516525437
b4339,putative transposase,,b4339,11.14715841,10.8962614,11.27897769,11.4478591,10.74764391,10.68463567
b4340,"putative aminotransferase, putative regulator domain in N-terminal",putative regulator; go_function: transcriptional repressor activity [goid 0016564]; go_process: transcription [goid 0006350],b4340,10.22552791,10.24555258,9.825746415,9.737238102,10.54399199,10.36283828
b4341,unknown CDS,,b4341,12.72677546,12.69045141,12.50279822,12.73110462,12.57206491,12.80398498
b4342,hypothetical protein,EcoGene suggests alternate start codon,b4342,11.87605818,11.8076997,11.72281056,11.74320695,11.66583336,11.59507579
b4486,hypothetical protein,,b4486,10.22330299,10.21499888,10.25285675,10.20344293,10.17107694,10.20569888
b4345,component of 5-methylcytosine-specific restriction enzyme McrBC,"component of McrBC 5-methylcytosine restriction system, expands range of sequences restricted; go_component: cytoplasm [goid 0005737]; go_process: DNA catabolism [goid 0006308]; go_process: DNA catabolism [goid 0006308]",b4345,7.155442669,7.219748896,6.80747928,6.764895695,7.212726434,7.221812678
b4346,component of 5-methylcytosine-specific restriction enzyme McrBC,EcoGene suggests alternate start codon; component of McrBC 5-methylcytosine restriction system; go_component: cytoplasm [goid 0005737]; go_process: DNA catabolism [goid 0006308]; go_process: DNA catabolism [goid 0006308],b4346,8.855194985,8.983612233,8.223015592,8.341973772,8.742656424,8.720631987
b4347,"LexA regulated, possible SOS response",go_process: SOS response [goid 0009432],b4347,11.03387595,11.01477657,11.33932515,11.17874461,10.90508689,10.69459506
b4348,specificity determinant for hsdM and hsdR,go_component: cytoplasm [goid 0005737]; go_process: DNA methylation [goid 0006306],b4348,10.54531566,10.64886559,9.356005221,9.700713928,10.41840819,10.43382065
b4349,"DNA methylase M, host modification",host modification; DNA methylase M; go_component: cytoplasm [goid 0005737]; go_process: DNA methylation [goid 0006306],b4349,11.96921772,11.99425795,11.67227381,11.76822516,12.07749631,12.07911413
b4350,"endonuclease R, host restriction",host restriction; endonuclease R; go_component: cytoplasm [goid 0005737]; go_process: DNA catabolism [goid 0006308]; go_process: DNA catabolism [goid 0006308],b4350,12.4977226,12.57943142,12.67106448,12.77711683,12.31062281,12.46210866
b4351,restriction of methylated adenine,go_component: cytoplasm [goid 0005737]; go_process: DNA methylation [goid 0006306],b4351,11.77379342,11.55489081,12.0848377,11.97867833,11.54159748,11.51681627
b4352,putative synthesis protein,EcoGene suggests alternate start codon; go_process: vitamin B12 biosynthesis [goid 0009236],b4352,12.11905483,11.9923034,12.3489684,12.3302445,11.78588811,11.90760371
b4353,unknown CDS,,b4353,13.15334446,13.07905053,13.3585287,13.39827841,12.84943697,12.99722005
b4354,carbon starvation protein,EcoGene suggests alternate start codon; putative carbon starvation protein; go_process: response to starvation [goid 0042594],b4354,9.653756532,9.595846177,9.681599691,9.623980661,9.635233043,9.618025314
b4355,"methyl-accepting chemotaxis protein I, serine sensor receptor",go_component: inner membrane [goid 0019866]; go_process: taxis [goid 0042330],b4355,9.83826542,9.692332949,9.760965336,9.802684654,9.660954988,9.79312361
b4356,"putative transport protein, cryptic (joins former yjiZ and yjjL) (MFS family)","putative transport protein, cryptic, orf, joins former yjiZ and yjjL; go_component: inner membrane [goid 0019866]",b4356,9.164482846,9.062989341,9.260490411,9.157463756,9.119067537,9.041085405
b4357,putative transcriptional regulator,"go_process: regulation of transcription, DNA-dependent [goid 0006355]",b4357,8.085770514,8.404546413,8.392550941,8.259135755,8.060098656,8.239383568
b4358,"putative dehydrogenase, NAD(P)-binding",EcoGene suggests alternate start codon; putative oxidoreductase,b4358,8.886128991,8.745017552,8.680032459,8.788593214,8.743286132,8.753392347
b4359,phosphoglycerol transferase I,catalyzes the transfer of phosphoglycerol to the glucan backbone; go_component: inner membrane [goid 0019866]; go_process: phospholipid biosynthesis [goid 0008654]; go_process: glucan biosynthesis [goid 0009250]; go_process: response to osmotic stress [goid 0006970],b4359,10.78339808,11.23307641,10.69743937,10.71368908,11.27626135,10.99369394
b4360,putative glycoprotein/receptor,EcoGene suggests alternate start codon,b4360,11.52166004,11.59710249,11.50523764,11.37131838,11.76210157,11.42034592
b4361,DNA replication protein DnaC,acts to load the DnaB helicase onto the intiation site durning DNA replication; go_process: DNA dependent DNA replication [goid 0006261],b4361,11.21926007,11.10122283,11.32947714,11.26122859,11.13842279,11.06866017
b4362,primosomal protein I,"This protein is required for primosome-dependent normal DNA replication; it is also involved in inducing stable DNA replication during SOS response. It forms, in concert with dnaB protein and other prepriming proteins dnaC, N, N', N'' a prepriming protein; go_component: cytoplasm [goid 0005737]; go_process: DNA dependent DNA replication [goid 0006261]",b4362,12.21741292,12.01892466,12.27801651,12.22757031,12.03272903,12.0742352
b4363,hypothetical protein,EcoGene suggests alternate start codon,b4363,10.07315691,9.506893319,10.53531272,10.45836918,9.267899068,9.422068433
b4364,putative structural protein,EcoGene suggests alternate start codon; putative transmembrane protein; go_component: inner membrane [goid 0019866],b4364,11.30538824,10.74362841,11.75924517,11.68310989,10.28511808,10.51732508
b4365,putative regulator,putative transcriptional regulator (LuxR/UhpA family),b4365,6.940226296,6.914045533,6.930178827,6.96326466,6.891194493,6.910104404
b4366,2-component transcriptional regulator,EcoGene suggests alternate start codon; transcriptional activator for the transport and utilization of arbutin and salicin (LuxR/UhpA family); go_component: cytoplasm [goid 0005737]; go_function: transcriptional activator activity [goid 0016563]; go_process: carbohydrate catabolism [goid 0016052]; go_process: transcription [goid 0006350],b4366,8.53083862,8.361603795,8.426221903,8.353279564,8.385543322,8.386116633
b4367,ferric hydroxamate transport protein,go_component: cytoplasm [goid 0005737]; go_process: protein folding [goid 0006457],b4367,15.37239209,15.3450249,15.30413842,15.32354858,15.28126743,15.42692373
b4371,16S ribosomal RNA m2G1207 methyltransferase,16S rRNA M2G1207 methyltransferase; one of many enzymes that modify bases of the ribosomal RNA; this enzyme methylates the G at position 1207 of the small ribosomal subunit; go_component: cytoplasm [goid 0005737]; go_process: RNA modification [goid 0009451],b4371,11.03458019,11.4308104,10.99939644,10.80279832,11.8454986,11.63068382
b4372,DNA polymerase III subunit psi,with the chi subunit binds to single-strand binding (SSB) protein and acts as a bridge between the DnaX clamp loader complex and the SSB; go_component: cytoplasm [goid 0005737]; go_process: DNA dependent DNA replication [goid 0006261],b4372,12.03854312,12.19555483,11.93949366,11.83588367,12.5798873,12.35897395
b4373,ribosomal-protein-alanine N-acetyltransferase,alanine acetyltransferase that specifically acetylates ribosomal protein S18; go_component: cytosolic ribosome (sensu Bacteria) [goid 0009281]; go_component: cytoplasm [goid 0005737]; go_process: protein modification [goid 0006464],b4373,12.608375,12.7607738,12.47026075,12.43860202,13.05751366,12.87284167
b4374,nucleotidase,"manganese-dependent 5'-nucleotidase; specific for 5'-UMP, 5'-dUMP, and 5'-dTMP; member of haloacid dehalogenase (HAD)-like hydrolase superfamily",b4374,12.00522036,12.21517484,11.94343327,11.77527048,12.4722973,12.4065777
b4375,peptide chain release factor 3,Increases the formation of ribosomal termination complexes and stimulates activities of RF-1 and RF-2; go_component: cytoplasm [goid 0005737]; go_process: protein biosynthesis [goid 0006412],b4375,13.08021602,13.4768523,12.93444936,12.68954268,13.77442792,13.6614013
b4376,hyperosmotically inducible periplasmic protein,"hyperosmotically inducible periplasmic protein, RpoS-dependent stationary phase gene; go_component: periplasmic space [goid 0042597]; go_process: response to osmotic stress [goid 0006970]",b4376,15.81053159,15.6908756,15.85950656,15.97039504,15.80428769,15.7537609
b4377,putative transcriptional regulator,"go_process: regulation of transcription, DNA-dependent [goid 0006355]",b4377,12.12216187,11.94806479,12.12400091,11.89810423,12.00150064,11.98856787
b4378,putative hydrolase,EcoGene suggests alternate start codon,b4378,11.55591301,11.50562144,11.52565621,11.41808343,11.54106698,11.4785064
b4379,putative activating enzyme,"putative pyruvate formate lyase activating enzyme, Fe-S protein; go_process: anaerobic respiration [goid 0009061]; go_process: protein modification [goid 0006464]",b4379,11.20586152,10.86225372,11.66965943,11.49446344,10.53717725,10.75473249
b4380,hypothetical protein,,b4380,12.23886902,11.87229455,13.07764089,13.12501363,11.1177078,11.64576977
b4381,deoxyribose-phosphate aldolase,"catalyzes the formation of D-glyceraldehyde 3-phosphate and acetaldehyde from 2-deoxy-D-ribose-5-phosphate; go_component: cytoplasm [goid 0005737]; go_process: nucleobase, nucleoside and nucleotide interconversion [goid 0015949]",b4381,12.23616587,12.28664496,12.60385769,12.65277291,12.20136064,12.30835263
b4382,thymidine phosphorylase,"Catalyzes the reversible phosphorolysis of thymidine, deoxyuridine and their analogues to their respective bases and 2-deoxyribose 1-phosphate; go_process: nucleobase, nucleoside and nucleotide interconversion [goid 0015949]",b4382,12.06682702,12.13450004,12.33883671,12.36352569,12.05384794,12.16777357
b4383,phosphopentomutase,"catalyzes the transfer of phosphate between the C1 and C5 carbons of pentose; go_process: nucleobase, nucleoside and nucleotide interconversion [goid 0015949]",b4383,13.45827546,13.66343613,13.69792887,13.77027926,13.47119253,13.54836092
b4384,purine nucleoside phosphorylase,"Catalyzes the reversible phosphorolysis of ribonucleosides and 2'- deoxyribonucleosides to the free base and (2'-deoxy)ribose-1- phosphate; go_process: nucleobase, nucleoside and nucleotide interconversion [goid 0015949]",b4384,13.95856745,13.95805451,14.00036981,13.7475679,13.97518616,13.83960829
b4385,hypothetical protein,,b4385,11.49702803,11.3491349,11.45496062,11.47168235,11.27460985,11.27799101
b4386,lipoate-protein ligase A,Catalyzes both the ATP-dependent activation of exogenously supplied lipoate to lipoyl-AMP and the transfer of the activated lipoyl on the lipoate-dependent enzymes. Creates an amide linkage that joins the free carboxyl group of lipoic acid to the epsilon-a; go_component: cytoplasm [goid 0005737]; go_process: lipoprotein biosynthesis [goid 0042158]; go_process: amino acid activation [goid 0006418],b4386,11.30751506,11.17951243,11.46740173,11.41572552,11.1508888,11.16488286
b4387,"membrane protein, transcribed divergently from serB",go_component: inner membrane [goid 0019866],b4387,12.22405854,12.13918318,12.33514085,12.42029912,12.10972165,12.1745818
b4388,3-phosphoserine phosphatase,go_component: cytoplasm [goid 0005737]; go_process: glycine biosynthesis [goid 0006545]; go_process: L-serine biosynthesis [goid 0006564],b4388,12.74487339,12.96094542,12.5084614,12.45820685,13.25715045,13.19906617
b4389,probable ATP-dependent protease,"putative ATP-dependent protease, DNA repair protein",b4389,12.57162496,12.78184253,12.50200651,12.561884,12.93576467,12.93036712
b4390,nicotinamide-nucleotide adenylyltransferase,catalyzes the formation of NAD(+) from nicotinamide ribonucleotide; go_function: transcriptional repressor activity [goid 0016564]; go_process: nicotinamide adenine dinucleotide biosynthesis [goid 0009435]; go_process: transcription [goid 0006350],b4390,13.1409458,13.08830402,13.30918506,13.19100858,13.11367257,13.16579051
b4391,putative ATP-binding component of a transport system,"putative transport protein (ABC superfamily, atp_bind); go_component: cytoplasm [goid 0005737]",b4391,13.61775761,13.68924956,13.7351653,13.57459124,13.59996705,13.58300434
b4392,"lytic murein transglycosylase, soluble",EcoGene suggests alternate start codon; soluble lytic murein transglycosylase; go_component: periplasmic space [goid 0042597]; go_process: peptidoglycan biosynthesis [goid 0009252],b4392,12.66720267,12.5985633,12.7603128,12.70430626,12.59851814,12.50167556
b4393,Trp operon repressor,When complexed with L-tryptophan it binds the operator region of the trp operon and prevents the initiation of transcription; go_component: cytoplasm [goid 0005737]; go_function: transcriptional repressor activity [goid 0016564]; go_process: tryptophan biosynthesis [goid 0000162]; go_process: transcription [goid 0006350],b4393,12.15235374,12.17829557,11.9563614,12.05925131,12.35191462,12.27858663
b4394,hypothetical protein,EcoGene suggests alternate start codon,b4394,11.67416376,11.59908414,11.78615501,11.78654961,11.55225663,11.56657698
b4395,phosphoglycerate mutase,Catalyzes reactions involving the transfer of phospho groups between the three carbon atoms of phosphoglycerate; go_component: cytoplasm [goid 0005737]; go_process: glycolysis [goid 0006096]; go_process: gluconeogenesis [goid 0006094],b4395,10.78301233,11.07045444,10.95151191,10.9434953,11.17451659,11.08173113
b4396,right origin-binding protein,"transcriptional activator for resistance to antibiotics, organic solvents and heavy metals (AraC/XylS family) (right origin-binding protein); go_component: cytoplasm [goid 0005737]; go_function: transcriptional activator activity [goid 0016563]; go_process: DNA dependent DNA replication [goid 0006261]; go_process: transcription [goid 0006350]",b4396,13.96720284,13.90950147,14.03187679,13.98915589,13.90252493,13.97526257
b4397,hypothetical protein,,b4397,12.18314736,12.191481,12.32126444,12.40064092,12.12595415,12.04156748
b4398,catabolic regulation response regulator,"response regulator in two-component regulatory system with CreC, regulates catabolic regulation (OmpR family); go_component: cytoplasm [goid 0005737]; go_function: transcriptional activator activity [goid 0016563]; go_process: transcription [goid 0006350]",b4398,11.79874764,11.81065529,11.77893942,11.86882807,11.81907697,11.72763289
b4399,catabolite repression sensor kinase for PhoB; alternative sensor for pho regulon,"sensory histidine kinase in two-component regulatory system with CreB (or PhoB), regulates catabolic regulation, senses catabolite repression; go_component: inner membrane [goid 0019866]; go_process: protein modification [goid 0006464]",b4399,10.56734634,10.65606632,10.47532042,10.53157765,10.74307041,10.63159641
b4400,tolerance to colicin E2,go_component: inner membrane [goid 0019866],b4400,10.92291727,10.71484048,10.78954408,10.77292437,10.8255941,10.84159935
b4401,"negative response regulator of genes in aerobic pathways, (sensors, ArcB and CpxA)","response regulator in two-component regulatory system with ArcB (or CpxA), regulates respiratory and fermentative metabolism (OmpR family); go_component: cytoplasm [goid 0005737]; go_function: transcriptional repressor activity [goid 0016564]; go_function: transcriptional activator activity [goid 0016563]; go_process: transcription [goid 0006350]",b4401,14.9980066,14.75189859,14.7828326,14.5664171,14.84343571,14.6834107
b4402,unknown CDS,,b4402,7.223674859,7.316945535,7.437355386,7.530452564,7.374176087,7.456227827
b4403,putative tRNA/rRNA methyltransferase,go_process: RNA modification [goid 0009451],b4403,10.85622201,10.82007233,10.53163859,10.76234603,10.63156155,10.66853185
