Gene_id,baseMean,log2FoldChange,lfcSE,stat,pvalue,padj,gene
b0985,67.27542915728374,9.302446838039444,1.9518681414270769,4.7659197056406235,1.8799412039615125e-06,3.2761287331110763e-06,gfcC
b1319,61.119702498262505,9.16420414875249,1.9536791862804839,4.690741557317698,2.7221663848666134e-06,4.699206441640326e-06,ompG
b1505,300.23937857986806,9.018848317269132,0.8449758223052846,10.673498672025527,1.3542897660770758e-26,5.509781469751652e-26,ydeT
b1504,45.00031987372552,8.72289082449409,1.9558330347362636,4.459936338926977,8.198400128706154e-06,1.3659862742832888e-05,ydeS
b4205,36.253589753381924,8.411864317268293,1.9581156837126101,4.295897523949811,1.7398794763046043e-05,2.8482519355495976e-05,ytfA
b4417,33.848502581250976,8.311367423807514,1.9601288490356803,4.240214834803558,2.2330596056254787e-05,3.6312997354870174e-05,rybB
b1408,27.83288652728075,8.032601344818532,1.966578117273164,4.084557472833294,4.416089561627886e-05,7.038242668459795e-05,ynbA
b1691,27.742490327907586,8.024446599419587,1.9654213535785978,4.082812362249369,4.449394736090831e-05,7.08619234018518e-05,ydiN
b0294,23.739101853110693,7.797793729869215,1.9661269634213758,3.966068252428524,7.306794712037086e-05,0.00011466848599781551,matA
b2339,42.0929935597082,7.657241597461288,1.4122565943603378,5.421990329547394,5.893907153969731e-08,1.120249537641397e-07,yfcV
b0533,39.85613536283263,7.58001673168816,1.4144098043457072,5.359137576958897,8.362016097507823e-08,1.5737321445587617e-07,sfmH
b2986,20.139647363222824,7.5633110749840515,1.9692940648093333,3.8406204589441697,0.00012272373324335027,0.00018948785469562535,yghT
b1560,286.85975857222684,7.210189251823357,0.4783189202438871,15.074020588913767,2.4004921018222997e-51,1.8869582557538863e-50,ydfU
b4365,29.53862372377873,7.145744242207711,1.4216759306538262,5.026282071837143,5.000801771426587e-07,8.996129708957842e-07,yjjQ
b1409,80.05686882720703,7.102148398210559,0.85859143505634,8.271860291437129,1.3188479383253268e-16,3.7431132330806505e-16,ynbB
b0245,14.264546033164185,7.063765567507617,1.9802612942858577,3.5670876302488277,0.0003609707947569322,0.000540901691503815,ykfI
b0315,1421.1264687528246,7.0558360872428345,0.22799052830949243,30.947935160116312,2.70847347176373e-210,2.483895879729987e-208,pdeL
b3686,5660.756481075489,7.053827015544692,0.5034432069465412,14.011167333704261,1.3319744890251136e-44,9.048382254148997e-44,ibpB
b0691,50.189489523847925,7.006774270505933,1.0499922042977183,6.673167897653465,2.5033970556859524e-11,5.7276267355143254e-11,ybfG
b4631,13.46178849364783,6.982545049642329,1.9815608911128995,3.5237600221917673,0.00042546940391238763,0.0006327419986561927,ykgQ
b0327,121.1757716345182,6.962586159565447,0.6672278959928867,10.435094517750313,1.7144305177329452e-25,6.756421789669136e-25,yahM
b0297,24.507783727101312,6.874440023283921,1.4241969958733405,4.826888445350501,1.3868275158547725e-06,2.4351075886688106e-06,eaeH
b0550,12.314354254011226,6.854309185153849,1.986436642922065,3.450555148374178,0.0005594348565978647,0.0008247261348773611,rusA
b4282,44.39427143162945,6.835477198096879,1.0586662959228026,6.456687271921349,1.0701972783412178e-10,2.3625919855857773e-10,yjhE
b3265,22.468923996937217,6.748337360118386,1.4361131373202085,4.699029056102644,2.614012658315312e-06,4.516045416759813e-06,acrE
b2970,40.61912175504109,6.707034520252735,1.0536716821180292,6.365393161910404,1.9479012355636885e-10,4.2385868704653273e-10,yghF
b4614,10.93198076114121,6.676927895109459,1.9950237882933912,3.3467911181255245,0.0008175278764680244,0.001194410126854379,sokA
b2648,10.618442975605353,6.635970264208205,2.002586396573638,3.3136998611206687,0.0009207028015392663,0.0013398128040911902,pinH
b2358,20.166110328381404,6.589274929457756,1.4298324314117312,4.608424585076658,4.057314842292017e-06,6.895868701069288e-06,yfdO
b0236,108.94526920683249,6.544564334341896,0.6241199548698482,10.486068075978562,1.0010808215021884e-25,3.980810999324872e-25,prfH
b1496,35.342661040029455,6.508880879212878,1.0699941538762432,6.083099478285283,1.1788115603096703e-09,2.459302601176857e-09,yddA
b1309,248.0913311184169,6.505582796510734,0.4290558213605982,15.162555715665592,6.2585797003126256e-52,4.9729725344361334e-51,ycjM
b4655,9.718601999946811,6.504401223781202,2.001497208829183,3.2497678213531396,0.001154992643611364,0.0016664298974687723,ythA
b1310,120.39015417188115,6.465703911341991,0.5882786142072751,10.990887234707216,4.227497405837199e-28,1.8102571576357345e-27,ycjN
b0646,33.76482837885708,6.440844475216794,1.058589833546769,6.084362678637263,1.169555917271646e-09,2.441149904139301e-09,djlB
b2108,33.755814307477294,6.433914268424514,1.0551569864917654,6.0975896011609505,1.0767976536274816e-09,2.2496740727423704e-09,yehA
b2816,8.440360817547656,6.311489531587246,2.0079366269719006,3.1432712799832654,0.0016707092455288688,0.002380855324965387,metV
b2054,16.587605725958,6.307795103310676,1.4427802548038289,4.371972157442875,1.231292305773265e-05,2.0330640397651585e-05,wcaF
b3720,61.75704366316241,6.301139415371571,0.751404206524582,8.385818658795905,5.037393978364837e-17,1.4531198094863704e-16,bglH
b4600,384.19163019274544,6.242078215501989,0.31299212180035757,19.94324387335061,1.715697430970603e-88,2.7563868945739397e-87,
b0532,381.0301935873826,6.2297453978974575,0.3127106985646295,19.92175332181647,2.635974275759715e-88,4.189010383355331e-87,sfmD
b4608,8.025591657509707,6.227360425992899,2.0241369795825426,3.0765508899882987,0.002094105531706566,0.002954568125183431,ohsC
b1502,72.91566406121565,6.218329419060399,0.687188273560628,9.048945766842717,1.4435524983694602e-19,4.588099709619035e-19,ydeQ
b1028,7.690984376098143,6.173320362121165,2.0210614050769014,3.054494211117881,0.0022544036525311436,0.003167534273361664,ymdE
b4632,28.004846218180464,6.1672720305454405,1.0643266229164228,5.794529515428397,6.8512974442790015e-09,1.3727542717212638e-08,ylbI
b1331,7.5464413222379,6.151771082496228,2.0303487331834345,3.029908597450997,0.002446277591144271,0.003424010796889374,insH4
b0645,14.810192711147502,6.143449041659916,1.4440249660146423,4.2543925390813655,2.096172967637971e-05,3.4124827675822296e-05,ybeR
b2357,7.199991080128767,6.081172477590615,2.0149438665265196,3.018035677625949,0.002544189499500494,0.0035565329237221893,yfdN
b1503,39.49257710300565,6.0676954384207455,0.8743643373183307,6.9395504590572905,3.933496084634809e-12,9.390048679263789e-12,ydeR
b2119,52.29279421061367,6.060354291128173,0.7566808585108715,8.009128581704571,1.1552407619149353e-15,3.1586148036953698e-15,yehL
b0587,13.981795003307347,6.05415042431255,1.444312728995415,4.191717141843295,2.7685103480755665e-05,4.480508291260531e-05,fepE
b4519,6.92480598554407,6.024557358071265,2.0246625420847257,2.9755859225152577,0.0029242941762613337,0.004065932711276814,icdC
b4629,61.88248196361377,5.980873140174769,0.6880033395472224,8.693087368021795,3.527209238642478e-18,1.0649365616258016e-17,
b0244,121.4295753459047,5.957539708973766,0.4879220994856302,12.21002228686553,2.7481388477544396e-34,1.4265692462046042e-33,thrW
b0531,6.508098381479146,5.941060938266163,2.0428716840176584,2.908190947451993,0.0036352629540186594,0.005007017372837966,sfmC
b4181,6.385270971503601,5.906130435322318,2.0282253050747756,2.911969602462175,0.003591575852659251,0.00494839339699719,yjfI
b0140,6.319927304327948,5.894667530442771,2.0297111235579686,2.9041903855311944,0.0036820418250896715,0.0050682764584254955,yadV
b0647,12.36905292965202,5.877521286410125,1.4530828979146249,4.044863025258354,5.235372488632994e-05,8.286986585747012e-05,ybeT
b4653,6.2156300918189915,5.868587575218635,2.0303233845530313,2.890469380330062,0.003846670023859203,0.005283320263659349,yicT
b4517,33.90114613118033,5.853190070399042,0.8751257094359167,6.688399172013648,2.2562501506141913e-11,5.1810188643733284e-11,gnsA
b1155,11.959032562356116,5.827518160746419,1.4546095473936584,4.006242205125118,6.169238919028715e-05,9.724284709075057e-05,tfaP
b2375,66.44922304555763,5.823263584929479,0.6253905824285442,9.311402743412486,1.2615505504722137e-20,4.1880433809794004e-20,yfdX
b4308,99.48727577146273,5.814971827756821,0.5142213428892581,11.308305087229963,1.1937316895617877e-29,5.362047854541826e-29,yjhR
b1599,306.74560773959814,5.800807289974185,0.3082980161059778,18.81558422996842,5.628458401126325e-79,7.840656291695596e-78,mdtI
b1951,161.3702191966566,5.775575336478077,0.4186513459881945,13.795668858642442,2.7063106516891357e-43,1.7807443181966482e-42,rcsA
b2396,11.478919735142513,5.760400084088275,1.4622239993181,3.939478552379529,8.165890148004463e-05,0.00012774075490943726,alaX
b0135,127.67258030051926,5.760152952047056,0.4613937855073732,12.484244766567206,9.100273848555129e-36,4.957847213037089e-35,yadC
b2372,52.97677568352571,5.759299954396277,0.6884587073490483,8.365498021766342,5.986153490047989e-17,1.7245450041355528e-16,yfdV
b4635,31.453380209444376,5.744593184263708,0.8795500230401847,6.531286491707875,6.520712958965312e-11,1.455587142259904e-10,
b1873,345.80465592537166,5.739519654479212,0.3025750347410933,18.96891347757884,3.0821123827783505e-80,4.3346513447253355e-79,torY
b4028,20.715902676591224,5.734378670065576,1.0954008030369753,5.234959344713948,1.6502118275183735e-07,3.0445232459077453e-07,yjbG
b2667,332.32425963757925,5.68093060601513,0.2879521822694796,19.728729128708736,1.22203963777755e-86,1.8941614385552026e-85,ygaV
b0986,29.893973623716604,5.666312145127403,0.882682274046723,6.419424420012165,1.3679054853594405e-10,2.997272248159411e-10,gfcB
b0246,5.391321810456037,5.66183582115833,2.0400646812488046,2.775321720531182,0.005514712506305493,0.007467168395188182,yafW
b0305,148.84205886646205,5.659398582884316,0.41017275237984424,13.797597597715068,2.6348805596487365e-43,1.736338955624811e-42,rclR
b0317,10.665385532379938,5.653844628195247,1.4611544469919289,3.8694366908541307,0.00010908710229188013,0.0001692041664160875,yahC
b1029,135.28660720171771,5.618631210023119,0.42149256765901916,13.330320962073293,1.5423268162267e-40,9.482294196969181e-40,ycdU
b1567,38.39085422065419,5.607207805547303,0.7638870868251693,7.340362080018541,2.130167828686926e-13,5.398387324052877e-13,ydfW
b2669,100.96373761609146,5.605060976851032,1.1133130171722438,5.034577778572634,4.789032043554221e-07,8.625744294486775e-07,stpA
b4183,19.083609085132373,5.598759229998414,1.0805986229315852,5.181164505660195,2.2050490961221335e-07,4.0419568968931257e-07,yjfK
b1172,85.50557324358311,5.597043106568312,0.5250903356149772,10.659200383136259,1.5794957002681378e-26,6.420073935900593e-26,ymgG
b3659,37.875242076697944,5.592797435513626,0.7680400811946236,7.281908291575729,3.2913080095169476e-13,8.269599233957536e-13,setC
b0616,5.120930802240235,5.586905540567688,2.048222187761981,2.7276852940804726,0.00637804250417578,0.008591231059786347,citE
b3139,18.591499345305557,5.567054517218805,1.0790575120051777,5.1591823932291865,2.4803059273032087e-07,4.534180519928872e-07,agaC
b1353,61.15787545375536,5.47009015300493,0.5884141708002645,9.296326336881743,1.453821207596257e-20,4.8118202675479126e-20,sieB
b2376,4.725292694051015,5.468197483105552,2.0541925156550653,2.6619693341457764,0.007768495555593757,0.010353290171275724,ypdI
b3558,95.19849912216169,5.462986382617187,0.47826057825179885,11.422614848554348,3.223857568941982e-30,1.4736678108496994e-29,insK
b0716,34.711248802262396,5.460097633573454,0.7672824972913185,7.116150378574826,1.1098320426263277e-12,2.7262726850675754e-12,ybgO
b1530,509.3692150307608,5.452125740835749,0.2320933914108249,23.491085668979803,5.030965990969477e-122,1.438072226769327e-120,marR
b1366,60.03582386690488,5.445569426824571,0.5909338448650309,9.21519299350393,3.107188408079541e-20,1.0176966794915281e-19,ydaY
b2678,1129.23638189697,5.426813359560875,0.20263555693972687,26.781150561720317,5.357797126545152e-158,2.7424445291920655e-156,proW
b0235,8.947758610089368,5.4013133557246045,1.4722685207475774,3.6687012454643573,0.00024378575585490522,0.0003692859247327229,ykfJ
b2534,73.78112167821183,5.376547355536088,0.5316978311258361,10.112035522416168,4.885843760907762e-24,1.8319833250013602e-23,yfhR
b4541,4.381097239901661,5.373612915110765,2.0872377999118275,2.5745091983950115,0.01003824173257713,0.013257827814822841,yehK
b2361,4.335576066210582,5.352501832598946,2.068416815474358,2.587728833258125,0.009661100144377292,0.012786579325180047,yfdR
b3323,72.20146564515692,5.34985840554658,0.5283944405497412,10.124743931788137,4.29100426994814e-24,1.6103154984067955e-23,gspA
b4270,4.299643065257292,5.331676528779417,2.062921275969781,2.5845273839996588,0.009751256068258125,0.012898145797016907,leuX
b1305,303.0524996392498,5.330014668254687,0.2837141190518905,18.78656827536963,9.726960506324922e-79,1.3422595657944297e-77,pspB
b4370,4.255249285546102,5.320771224887065,2.0664794413600363,2.5747999802917194,0.010029806991407162,0.013250663378203579,leuQ
b3577,4.167708728514854,5.297493618594443,2.0808843519995652,2.5457895406363984,0.01090309013159558,0.014365579993799385,yiaM
b4185,53.97467638949258,5.283287953926715,0.5959723866164905,8.864987829254112,7.651242905554407e-19,2.3769069350917783e-18,yjfM
b1365,23.159747455199156,5.282740629208384,0.89335104604797,5.913398380824997,3.351203127256031e-09,6.823309975106868e-09,ynaK
b0547,8.124519210823598,5.265244158161992,1.50280288147825,3.5036159585898394,0.00045898677139394827,0.0006800605074642075,ybcN
b2367,60.389162162987105,5.255608148488423,0.5537150393194861,9.491539465764824,2.2764708040949506e-21,7.769433976754757e-21,emrY
b3557,165.86510305687423,5.254562576191833,0.3526630487849106,14.899668661903371,3.312179184297077e-50,2.540106754229222e-49,insJ
b1532,365.9858208676274,5.239378210554469,0.27699109204266176,18.915331074067566,8.528323772582084e-80,1.191799404663693e-78,marB
b3218,4.0370666877904,5.2386173793726725,2.0714961271002417,2.528905224991121,0.01144189192476439,0.01504642921444194,insH10
b0987,134.28393073166353,5.230571930620253,0.38415197213379493,13.61589243331677,3.221858656327441e-42,2.0614275879583425e-41,gfcA
b4559,3.9099264374168574,5.204116123312966,2.079687706517289,2.5023546117065543,0.012337028519248582,0.016177420179247025,ghoT
b4435,7.68223253496341,5.170606844122091,1.4882874723513537,3.474198997289831,0.0005123808816438408,0.0007571334813683073,isrC
b0263,92.73153623152331,5.165565856459218,0.4438097852353003,11.639143678908578,2.6061906954562833e-31,1.2375891522544294e-30,afuB
b4296,113.66158435586067,5.1628069686910685,0.4007047733811525,12.884316114148653,5.516230735074306e-38,3.174176169385241e-37,yjhF
b2348,3.7888725694301946,5.1447101840182,2.106409591357161,2.442407310110784,0.014589675576152608,0.019017989898200704,argW
b0770,102.7958659316782,5.112270123578153,0.4160804183770033,12.286735683259224,1.0672943745091058e-34,5.646910861284957e-34,ybhI
b1797,13.636002972507326,5.111369545002885,1.1013848928528842,4.6408567778363645,3.469675540112323e-06,5.931460865077455e-06,yeaR
b0718,96.05221436239951,5.109087757508887,0.4291183599247694,11.906010636330228,1.1012097959146463e-32,5.458925136955262e-32,ybgQ
b4145,60.85957059036275,5.092833555452862,0.5296266634483222,9.61589343386559,6.851195605831971e-22,2.3822245700531075e-21,yjeJ
b4184,20.37351918961767,5.088074120139915,0.9043159237584878,5.626434287470057,1.8397282418776302e-08,3.594533386926466e-08,yjfL
b4458,7.165434168632134,5.076452879762788,1.5107691348364947,3.3601777814399116,0.0007789233171377988,0.0011395215825990663,oxyS
b1306,992.5041784045558,5.068719325923923,0.18083437368611205,28.02962303351731,7.0781694904675e-173,4.45115744243399e-171,pspC
b0769,39.683044711167675,5.066546785555754,0.6463918209013477,7.838197547875548,4.570595683941021e-15,1.2253204750735916e-14,ybhH
b0139,59.744506464799976,5.063903712567686,0.5305177932949051,9.545209937478486,1.358322079341821e-21,4.671354525986481e-21,htrE
b0558,3.528670588334325,5.051874466213975,2.104449215391104,2.400568485695248,0.016369627272115196,0.021206327031151,ybcV
b1576,3.5160618712165195,5.04854795626732,2.0890653454368584,2.4166539200388604,0.015663902098970398,0.02037001389650449,ydfD
b1304,7610.958611253026,5.047538588803534,0.19039744762248229,26.510537046755648,7.3276194347213366e-155,3.5061066034394916e-153,pspA
b4273,12.99945625246322,5.031795025547667,1.1148735478355638,4.5133325078135424,6.381685121542324e-06,1.0714026660957021e-05,insD6
b4027,19.424503882647333,5.028481900446199,0.9048832609159566,5.557050414830507,2.743715331685142e-08,5.308938413221097e-08,yjbF
b4272,3.438109486923063,5.0225740232129015,2.121725526798172,2.3672119507334712,0.01792266548033107,0.02307562838386001,insC6
b3264,6.895043160416332,5.019890610096543,1.5003627334569807,3.345784654708285,0.0008205009184538379,0.0011983560195865277,envR
b4427,3.42614691781425,5.005835146450733,2.0997786086415555,2.383982352162946,0.017126423655549335,0.02208922265799243,micC
b0549,6.812884325880272,5.001361749622126,1.495330904717651,3.344652166181562,0.0008238582242686853,0.0012028603327465183,ybcO
b3061,38.071527423146144,4.9930037632434905,0.6448818934114205,7.742508844263772,9.747399046549903e-15,2.5786088102711946e-14,ttdA
b0292,25.46983679331552,4.992900885852601,0.7867511911667036,6.3462260266151445,2.2066097136938858e-10,4.787331670616306e-10,ecpB
b0499,3.367370878996374,4.9870396116496805,2.106151179110708,2.367845034635826,0.017892028245218836,0.023042922274854685,ylbH
b4714,6.745048922055756,4.985525030970784,1.5056095176966557,3.3113001560974777,0.0009286354264294379,0.0013509098305163204,ralA
b0618,3.3307917300340932,4.975018090798206,2.108923715463091,2.359031791581783,0.01832268599226781,0.023535589068562273,citC
b2982,3.3662434850164846,4.971383719424713,2.1057778927099307,2.3608300460534455,0.01823408491399717,0.023442519109507533,insH9
b1575,3.3122615325675038,4.953587456631422,2.0984323095391266,2.3606134132195886,0.018244738632905884,0.023449150207898308,dicB
b1158,6.613878073600151,4.952401686018025,1.4988883567898723,3.304049740318516,0.0009529892225224365,0.0013840509922612226,pinE
b0277,341.86704233231654,4.939371117816058,0.23792008404999732,20.760631190673596,9.826752726973714e-96,1.8565392920231026e-94,yagK
b3331,6.53296365680938,4.936638563640557,1.5002928331362468,3.2904500072301843,0.0010002727416614772,0.001450329581289138,gspJ
b4204,24.413338510905675,4.932171767819674,0.8059220290807073,6.119911839915412,9.36271431539851e-10,1.9616691297660274e-09,yjfZ
b0036,72.56225759302178,4.929148445039059,0.4708879572851258,10.467773424187245,1.21466410754447e-25,4.817073334604285e-25,caiD
b1531,880.7046254646697,4.9170164452636635,0.18199114550081494,27.01788832491109,9.110243206809746e-161,4.831721758599579e-159,marA
b2709,3269.625730756712,4.899336898122134,0.20638850851099333,23.738419030540015,1.4471984346693689e-124,4.2189188804069944e-123,norR
b2858,3.1437480468627856,4.895228692606106,2.141684539717932,2.2856908203907693,0.022272352668126043,0.02839354081815547,ygeN
b1231,512.0791805576285,4.893352334528229,0.2378439641994619,20.57379236424323,4.713235011255999e-94,8.468432865122002e-93,tyrT
b2677,721.9727647112595,4.875512966839691,0.24428240214683478,19.958510821868728,1.264237554179259e-88,2.0460197476092274e-87,proV
b1230,320.85619475370976,4.849286867567488,0.2751284524976698,17.62553753908298,1.568705866622396e-69,1.8029877871727906e-68,tyrV
b1307,461.4113172869002,4.8371857807191985,0.23699407959711052,20.410576453818614,1.346868407030803e-92,2.3715658910998378e-91,pspD
b3769,3.0496851551006117,4.831686361597969,2.118874254177548,2.2803082118119433,0.02258941511204679,0.028764421557196985,ilvM
b0375,22.640882216368762,4.826491237062833,0.7886195226509857,6.120177219095884,9.347134260615286e-10,1.959337381677547e-09,iprA
b1649,530.7086010020408,4.8235694986383715,0.20683976976991866,23.320319414414072,2.7583027501675316e-120,7.541645159153711e-119,nemR
b0511,33.566973989238036,4.821562175792859,0.672463961519819,7.169993414808084,7.500137421973228e-13,1.8506505006460845e-12,allW
b2984,22.40111453326206,4.819387035912807,0.8072398458381322,5.9702045937895765,2.369562534987557e-09,4.8673888376179315e-09,yghR
b4158,101.41531499781594,4.816706652547158,0.38465368740862593,12.522190245976416,5.645544806959428e-36,3.0948553225697884e-35,yjeO
b4643,6.0558128620930916,4.812275504893854,1.5242622390615157,3.157117838106886,0.0015933694204962121,0.0022750607165177832,pawZ
b3875,6.033498631959657,4.811499080801829,1.5074620227917943,3.191787924375709,0.0014139510801166007,0.002025451563512293,ompL
b1121,16.74028268122674,4.810386910269687,0.925153827654506,5.199553594741328,1.997677211607756e-07,3.6686587757602595e-07,ycfZ
b4618,13851.12804800299,4.809159299560403,0.13652132299172376,35.226433455028456,7.876990866633244e-272,1.5761142634054335e-269,tisB
b1554,33.51493016430359,4.8068444416384795,0.6685313021973041,7.190156131567094,6.471727281987013e-13,1.6049883659327792e-12,rrrQ
b2109,61.10190466698365,4.796781891125722,0.48975894340405646,9.794169061591438,1.1927405137665207e-22,4.268653448455467e-22,yehB
b4368,27.847769900732988,4.7958895938645005,0.7143878925040149,6.713285099295755,1.9029079329919533e-11,4.3948587203728115e-11,leuV
b0834,143.86901983516435,4.790111172557504,0.3250387543040607,14.737046303335717,3.727337691221597e-49,2.795185777982533e-48,dgcI
b4083,27.353413354563997,4.7888171365177845,0.7343151475218563,6.521473992030444,6.9619794813983e-11,1.5509429998540138e-10,yjcS
b3047,2.9177508183581744,4.783615155643129,2.1263477123357943,2.2496862238905995,0.02446887063146937,0.0310319701871876,yqiH
b4311,5.866934540404361,4.773878936243134,1.5101395943928546,3.1612169854816985,0.0015711141281065646,0.0022454689584172393,nanC
b4321,1651.6372014054366,4.770694013348062,0.15075224274934543,31.645923976602177,8.62850732365042e-220,8.833183543885849e-218,gntP
b2650,21.595264402714694,4.758376001776738,0.7938750706783878,5.993859963017325,2.0491784995104304e-09,4.229012543293443e-09,ypjC
b1164,26.227681224043806,4.71245927682156,0.7290709593392946,6.463649685199543,1.0220733456870473e-10,2.2620245689866176e-10,ycgZ
b4182,68.11213498731901,4.710231609990623,0.4485387127564031,10.501282221650069,8.52146606761293e-26,3.397780220075373e-25,yjfJ
b0557,118.62890831233648,4.701274750265822,0.3666840535415653,12.821050451633319,1.2499552240666699e-37,7.099745672698685e-37,borD
b0272,1064.3313536423505,4.698064679898558,0.18095740555159845,25.96226811264127,1.3218037042730041e-148,5.760970204168083e-147,xynR
b2060,77.84413753902506,4.693836036057139,0.4239230916599909,11.072376401288011,1.7080997614918262e-28,7.4006448327628135e-28,wzc
b2864,5.524573724772428,4.690431191883378,1.5373014778734861,3.051080909888634,0.0022801912058392254,0.0032017230265085394,glyU
b0201,2.745735542302544,4.681648605821614,2.1303572157846826,2.197588541082865,0.02797844054758313,0.03522914625013184,rrsH
b2668,676.2473589742127,4.680917205696986,0.18281688713698338,25.60440273873391,1.3626867950520493e-144,5.503254377815707e-143,ygaP
b2210,1070.8985138065443,4.665804003306304,0.15575753768654899,29.955558315873642,3.724411090804351e-197,3.0360847447631026e-195,mqo
b0075,10.095970669446329,4.664258457271439,1.122531452975263,4.155124958778526,3.2510981312149404e-05,5.2345771666452696e-05,leuL
b3110,525.9295213415711,4.662136284257768,0.22394830450727063,20.817912841605857,2.978804277447242e-96,5.701172360575112e-95,cyuP
b1922,20.319258376163834,4.653249551537704,0.8084280505748278,5.755922927499904,8.616969620640458e-09,1.7187086665183187e-08,fliA
b2969,45.40690695610467,4.65318368207308,0.5396452906316656,8.62267078551994,6.54103038958102e-18,1.953433906033626e-17,yghE
b1160,5.375284146303546,4.634899443632679,1.5476572233376786,2.9947842285367634,0.002746390457677951,0.0038294617658214576,iraM
b2072,74.43052760819008,4.627815358842759,0.42151497973961427,10.979005684926157,4.822019245958647e-28,2.0568341783633688e-27,pphC
b0326,24.42151690927579,4.611091071612515,0.7246452581007744,6.363239143657329,1.9754275440870045e-10,4.2963597080390283e-10,yahL
b2053,77.01327142447106,4.585759670686845,0.41052239643662947,11.170546870260047,5.682990571028541e-29,2.496659131104555e-28,gmd
b4277,67.46742406226646,4.583858135383999,0.43743692781390753,10.478900714422638,1.0799166109624413e-25,4.290426824419374e-25,yjgZ
b2271,14.145716649537356,4.567106847042237,0.9277524306023132,4.922764625986688,8.533006153814516e-07,1.5176684076400606e-06,yfbL
b4698,2.5323470309157377,4.555784082256617,2.1776783641674426,2.0920371700521336,0.036435190793083085,0.04539703081549723,mgrR
b0574,84.15863442971035,4.536742133928204,0.3932786317201899,11.535694461925425,8.718075971693998e-31,4.0653570368005276e-30,cusB
b0771,376.33944644898776,4.527361217979817,0.212047950989144,21.350648270171682,3.845671990877364e-101,7.947722114479886e-100,ybhJ
b3533,593.9505866976717,4.515592412740503,0.201813407010384,22.375086371284343,6.882439971958203e-111,1.6201337302973266e-109,bcsA
b0301,27.44793513746789,4.514473618258831,0.67331311889078,6.7048650792606,2.0159254256777035e-11,4.6485614058843645e-11,rclC
b4082,13.665601237677912,4.5045964590354135,0.9561272146703728,4.711294051585368,2.461487679057231e-06,4.2592251427711995e-06,mdtN
b4687,795.8155499046028,4.5020975389786555,0.24592519144244865,18.306776595647115,7.306926661470783e-75,9.350317198777438e-74,shoB
b2062,44.87022838107135,4.475091710827943,0.5217255036531792,8.577483139108326,9.697158954240215e-18,2.8745382974118135e-17,wza
b0361,4.724940535145642,4.438331895862643,1.5493339932452757,2.8646708296679124,0.004174429249401613,0.0057192149255729545,insD1
b1184,387.77681142873877,4.434075854129486,0.21417771570120345,20.702788054362333,3.2690119938644305e-95,6.12348544552818e-94,umuC
b4499,177.49982309320163,4.4245845629705265,0.2735881549747716,16.17242736030926,7.8926383498720994e-59,7.392211492795102e-58,yehH
b4440,1680.8962923014212,4.424051975285329,0.17799239752660276,24.855286162568323,2.267036661922062e-136,8.179914250640095e-135,ryfA
b4341,4.607388457509889,4.410184801749899,1.5406421588379209,2.8625627154565363,0.004202300858028451,0.005753819090837089,yjiS
b1872,867.7268303476144,4.409107404189872,0.18270643043679946,24.132196078971834,1.1484348727393584e-128,3.6633408042019245e-127,torZ
b0364,4.61567338410725,4.4089920474094475,1.539230931674518,2.8644123222062183,0.004177837959693291,0.005722104137700644,yaiS
b1574,111.25510733615205,4.408311428417374,0.3314599141820294,13.299681921707252,2.324550994203509e-40,1.4192334918840286e-39,dicF
b0141,4.581585971793832,4.406917864103287,1.6043872864054636,2.746791813575592,0.006018132202099493,0.008128818028119659,yadN
b4495,4.531209615205314,4.391623486825042,1.5609263983785902,2.81347249389006,0.0049009578878979896,0.00667306421977326,yedN
b1769,219.95080500237188,4.387507123310984,0.25333797803740077,17.318789536810968,3.394225830273591e-67,3.8018783981843125e-66,ydjE
b1600,361.13131909888483,4.382883069801392,0.2124733012790294,20.627923806980316,1.5412672211879518e-94,2.7920404558310143e-93,mdtJ
b2055,33.46973084591794,4.379108148145591,0.5790161350752511,7.563015748389233,3.938298999857833e-14,1.024004264463921e-13,wcaE
b4050,530.4764475552118,4.376315546749893,0.2601337085814076,16.82333124228822,1.6463540734176067e-63,1.6814966661680522e-62,pspG
b1904,37.70752188089329,4.3744186260775,0.5468130622400265,7.999842959415858,1.2457799352523638e-15,3.396046751081121e-15,yecR
b4649,4.437689065942581,4.359418076747805,1.5557595941002151,2.80211550247203,0.005076869363769719,0.00689764782077602,ysaD
b4470,781.1910219450638,4.357040578260467,0.18952431411953236,22.989348878542813,5.957609667442199e-117,1.542670456240033e-115,cyuA
b1025,243.8874302864975,4.356480110324971,0.25110297284351774,17.349376875119038,1.9939532218695468e-67,2.25061079042814e-66,dgcT
b1506,12.317929546271747,4.354412635598975,0.9418134018359702,4.623434564756126,3.7743784253987e-06,6.434862056005065e-06,yneL
b4132,65.9971673321141,4.349787020161468,0.4160429851625999,10.455138471957323,1.3879588529178586e-25,5.489483261944666e-25,cadB
b4307,366.437458904184,4.345509653864997,0.23352943751291685,18.60797379612855,2.7689238737024025e-77,3.660301168780173e-76,yjhQ
b3364,257.78804566117833,4.340374372891961,0.23228863088141666,18.685263916802374,6.525534921354752e-78,8.757745342623053e-77,tsgA
b1377,56.74292159879815,4.329852066621754,0.44397523733019295,9.75246298117649,1.8004608484075283e-22,6.391636011846725e-22,ompN
b1407,247.62680509202448,4.325472988695626,0.24331528088070273,17.77723525229968,1.0608391249582796e-70,1.2553262978672975e-69,ydbD
b0262,294.94518680830765,4.314970182340559,0.21956851057773216,19.652044689773327,5.553021813017032e-86,8.54699371360174e-85,afuC
b2505,35.96507679044844,4.298825628141906,0.5457894412096738,7.8763444353450645,3.3709816505186503e-15,9.064789997301831e-15,yfgH
b2863,252.5917215836058,4.292594186654715,0.24003050127294404,17.883536316801298,1.5845991043112998e-71,1.9058484309230443e-70,ygeQ
b1796,15.898208487349267,4.288826650124459,0.8080237524143455,5.3077977439519595,1.1095766369713886e-07,2.064394064221493e-07,yoaG
b4639,27.79042957643215,4.288613405550226,0.6246461779987769,6.865668208024518,6.618073143337062e-12,1.5604048193342127e-11,yeeH
b4106,4.198436972311174,4.285237570087695,1.5663628314891782,2.7357885950432173,0.006223099126486425,0.008392794839091066,phnC
b4186,141.38794007924704,4.277219239240135,0.2929499153246488,14.600513656063344,2.787373320275898e-48,2.0552792890878565e-47,yjfC
b0137,15.640437146373714,4.273490840355451,0.8160265353899414,5.236950828214608,1.632511632306804e-07,3.0131304844505454e-07,yadL
b0138,11.836981184120324,4.271903773742725,0.9382898337687142,4.552861621216007,5.292108487389359e-06,8.925617456508796e-06,yadM
b4491,207.12921906732848,4.26750045572604,0.24630267126408606,17.32624511875643,2.9817151210888956e-67,3.3569079189343525e-66,ycgH
b1183,219.2139320811467,4.2157486535130015,0.24605364262756646,17.13345353677236,8.354487819467718e-66,9.03598412316877e-65,umuD
b2985,22.52074588877799,4.209940621707887,0.6763898926500735,6.224132955644085,4.842263257091168e-10,1.0327346345792307e-09,yghS
b1573,115.81021391603657,4.208559656798328,0.3292887690137892,12.780756748560993,2.1001609144166257e-37,1.1852446596489727e-36,ydfC
b2971,11.061225887463344,4.203432924076539,0.9676538461237068,4.3439427651891585,1.3994799105216731e-05,2.304717757619306e-05,yghG
b3563,11.30064256662041,4.199406067212966,0.9471484050820337,4.43373609107144,9.26139847858348e-06,1.5378602830148803e-05,yiaB
b2106,163.6406855011629,4.19411683757238,0.2678348804974152,15.659337685155819,2.8686906438113148e-55,2.461593803909826e-54,rcnA
b4306,578.6925211942233,4.185066289747334,0.2133783730421222,19.613357389884943,1.1891678896807389e-85,1.8176100869356293e-84,yjhP
b0501,7.169759072330254,4.15522324367562,1.162732710347079,3.573670205283271,0.0003520122451571839,0.0005277785773780394,ybbD
b2061,3.826123147957439,4.150527541426506,1.6390507049248042,2.5322752547895844,0.011332499177851292,0.014909044046892224,wzb
b3043,7.209887573403699,4.145696788673757,1.1487815319757417,3.6087773639116087,0.00030764348165256437,0.0004628320595470227,ygiL
b3525,47.17567722644397,4.144937033616763,0.4819926676887239,8.599585245752346,8.000469885410696e-18,2.384432527798096e-17,pdeH
b4358,57.69500950639752,4.143458314761009,0.4267841059644622,9.708558160565682,2.77230867703441e-22,9.786449716363652e-22,lgoD
b2050,60.772363164630775,4.135867114460809,0.414238373864329,9.984268419843172,1.786137667031663e-23,6.574061881499483e-23,wcaI
b2139,118.11421335925182,4.124461278861515,0.3191221538193511,12.92439659703567,3.278585955776972e-38,1.9014934620988446e-37,mdtQ
b3020,2922.103053980632,4.099953751906124,0.11902242415947038,34.44690175704088,5.010583892638725e-260,7.605720791515748e-258,ygiS
b1012,17.438450474389143,4.095421226648983,0.7380008898730489,5.549344564277529,2.867425550763997e-08,5.541004071318312e-08,rutA
b1201,1070.15184959548,4.07841543687698,0.14070717158013804,28.98512841297622,1.0131472296962002e-184,7.559108652750294e-183,dhaR
b2274,3.655939925773391,4.070479600659759,1.591571039352342,2.5575230385670746,0.010542057462222622,0.013898214120606165,yfbO
b4465,64.89966509336692,4.069381848488173,0.3975777716008214,10.23543603079988,1.3757405477978518e-24,5.289091608214973e-24,yggP
b4340,702.2079796667991,4.059421967616481,0.2020461492502997,20.091558204297026,8.747339812217067e-90,1.453048673712435e-88,yjiR
b1165,13.465011627002978,4.047265408576267,0.8255241594704928,4.90266137234828,9.454688833414252e-07,1.6768549655394655e-06,ymgA
b1889,50.00761553461413,4.046392918624426,0.4607226626307675,8.78270865930311,1.5958414792742782e-18,4.885183721672721e-18,motB
b0249,9.931899111205132,4.0271381720406385,0.9518797809233062,4.23072141330115,2.3294302553500033e-05,3.7838199203139165e-05,ykfF
b3215,3.5450165730239576,4.024422249948992,1.6024093903854268,2.5114819434383113,0.012022543625009563,0.015793266797162666,yhcA
b3723,16.57413071571814,4.017265123031432,0.7428029955176557,5.408251107323308,6.364315261608996e-08,1.2070536743473847e-07,bglG
b0572,39.29229981489387,4.00850517436085,0.49198989583615305,8.147535565843814,3.7141567223252524e-16,1.0367608047987166e-15,cusC
b3876,101.99699295823143,4.007537670738045,0.3250452660267407,12.329167933208275,6.309486926758973e-35,3.3625134929289345e-34,yihO
b4131,52.819188596963095,4.005589875448308,0.4346629593105696,9.215392730500158,3.1014087438812775e-20,1.0165600365275788e-19,cadA
b2626,19.482190669006645,3.997715080777863,0.6931456677121479,5.767496309935892,8.04578462229202e-09,1.6055096966151165e-08,yfjJ
b4442,139.49941012494807,3.982712257894822,0.27415452085995595,14.527253628362661,8.141985931530363e-48,5.914360077656214e-47,micA
b2373,64.47272326484901,3.9819075454169903,0.39833231603255714,9.996446145965056,1.5796448811584914e-23,5.828664515389505e-23,oxc
b4492,4895.5056832887585,3.9810369898098337,0.12873686858320743,30.923829619459333,5.713826516156324e-210,5.133115168187783e-208,ydbA
b1695,71.01651037556813,3.9777414863977003,0.36642227177912984,10.855621485790534,1.8752675320316773e-27,7.869330482367439e-27,ydiO
b3460,541.9276950799537,3.972865386852573,0.18236737563616562,21.784956728108483,3.2225010921325616e-105,7.057437715207728e-104,livJ
b2322,440.417165405717,3.971556304709068,0.17583670479007782,22.586616994730992,5.867227976009157e-113,1.4348631972440171e-111,yfcJ
b4675,6.362265958327705,3.9707703220697788,1.1834685823280278,3.3551970718637807,0.000793084639690763,0.0011590831951921443,yoaJ
b1527,6.31366572837391,3.963491103687108,1.1854108668162244,3.3435589419997886,0.0008271112148430853,0.001207209405749092,yneK
b0247,9.558928188719959,3.961504718837545,0.959815512964436,4.127360586830118,3.669507590922164e-05,5.884580114841299e-05,ykfG
b2760,34.874363780430706,3.9542524801122303,0.5164627750164531,7.656413339734423,1.911976697138877e-14,5.015805375926899e-14,casA
b1877,19.065046796085237,3.9458682623409276,0.6861493455234858,5.750742586995394,8.885231122705975e-09,1.7690089281841564e-08,yecT
b1311,69.46368612290547,3.9366668100910647,0.4633644364153959,8.495832870872142,1.965185991643976e-17,5.740377395631575e-17,ycjO
b2336,24.972487139952534,3.9319725278497226,0.5927834803110662,6.6330669771472035,3.28782527138054e-11,7.46416031181905e-11,yfcS
b1568,3.3705095603194652,3.926376441302782,1.6153620544906404,2.4306479345528866,0.015071851861797164,0.01962327473990864,ydfX
b1073,6.265241034068219,3.9258851277082765,1.1818000248075693,3.321953837619459,0.0008938948131237319,0.001301662245243357,flgB
b1410,399.6886773888912,3.9215377250692907,0.1992484794429611,19.681644427263546,3.097859657067942e-86,4.7848344597940627e-85,ynbC
b1297,5913.674852225028,3.911000466105167,0.5678865143805185,6.8869402020780495,5.70051693655247e-12,1.3505745723737337e-11,puuA
b0527,175.49047940875633,3.907131384782773,0.24597475743040614,15.884277824273173,8.143037720764771e-57,7.270923336066232e-56,ybcI
b1542,209.15320770426,3.905466034865932,0.23078637089182388,16.92242925686688,3.074820959772128e-64,3.215050324208291e-63,ydfI
b4257,15.245929813475465,3.889664664349885,0.7679931458307079,5.064712732745275,4.090166590120406e-07,7.388146626881423e-07,yjgN
b4670,45.50634587351512,3.886952105545756,0.4464714266122308,8.705936984678866,3.149618096514432e-18,9.535501279818795e-18,yjeV
b2270,57.393824452325305,3.882544439661911,0.4093236018164611,9.485268922760108,2.4175889329313235e-21,8.23701740151988e-21,yfbK
b1157,5.991068577831413,3.867623289136277,1.1769103967849248,3.2862512725708113,0.001015303961753239,0.0014706706283770183,stfE
b1947,3.2374478295971385,3.8623694326460187,1.616144622947305,2.3898662148207714,0.01685451113591736,0.021776800123366077,fliO
b0648,23.72512735660011,3.8595514209356745,0.6326634059545378,6.100481527159824,1.057494038175186e-09,2.210393521389919e-09,ybeU
b1368,50.86930434168203,3.858803545734888,0.4157283188734245,9.282031967876996,1.66276756168466e-20,5.499250793791039e-20,ynaA
b1771,151.45225527185315,3.8501301909187267,0.26036783975539607,14.787272477798147,1.769816023872295e-49,1.338613425616124e-48,ydjG
b4502,65.29259177437851,3.850034153871191,0.3694048805363893,10.422261200991176,1.9623140550803416e-25,7.719487462434016e-25,yeiW
b1615,145.75007284854993,3.844789110873208,0.27314448861157076,14.076026686157116,5.332478597178322e-45,3.6620235233664545e-44,uidC
b2355,5.945605916023035,3.838518938304188,1.184788000088086,3.239836104027728,0.001195984220598551,0.00172331343341238,yfdL
b3552,379.93681626903117,3.827258017412804,0.1834740425862237,20.859942711591927,1.2381976777271417e-96,2.3801511691506015e-95,yiaD
b1562,3117.43773679197,3.821499828431751,0.16449826149535263,23.23124751406394,2.2013295724036987e-119,5.981637517111779e-118,hokD
b2887,203.94256481373637,3.8180574403233614,0.22589462014535006,16.90194055027368,4.353406398542354e-64,4.5197393788640196e-63,ygfT
b1298,1419.8777365080607,3.7959461268343544,0.4646813674411468,8.168922605477874,3.111556848232941e-16,8.724250475109177e-16,puuD
b4640,206.36468286026528,3.792566279852514,0.22634683962414195,16.755552170068835,5.157978998037604e-63,5.219637597554375e-62,yoeG
b3861,59.92961251914437,3.790822951661661,0.3821982742921815,9.918472182225676,3.4601184908125694e-23,1.2629719400130126e-22,yihF
b1161,8.477494714390446,3.7867719432806997,0.9702031405791567,3.9030712073558225,9.497974430229361e-05,0.000147843293641689,ycgX
b3589,22.47594513610224,3.774192484393867,0.6217804810652329,6.069975818359445,1.2792951148704767e-09,2.662627468397087e-09,yiaY
b2685,1199.7707384593082,3.7717696210402307,0.18220416986870822,20.7007865064673,3.407638925348275e-95,6.356112944653859e-94,emrA
b1890,64.54636496437453,3.763952288620073,0.36642413781030037,10.272118837784344,9.411453926097303e-25,3.637332764063242e-24,motA
b0248,11.27111567329788,3.7580301742747326,0.8452080297375811,4.446278362312199,8.737072067437814e-06,1.4529879577204856e-05,yafX
b0234,52.95838940324578,3.7535033046627073,0.3971120597485958,9.45200029190496,3.324164864367871e-21,1.129087479394087e-20,yafP
b3083,47.30890751914947,3.750138754676004,0.4296157478993927,8.729053283107794,2.5681322044091347e-18,7.801875751420987e-18,higB
b3072,1110.113385948557,3.7484185616419476,0.17302720778116426,21.663752248621794,4.509641206939003e-104,9.73109832987524e-103,aer
b2275,88.60121345729544,3.7462339585897237,0.31791510057391315,11.783755951909399,4.733576768969786e-32,2.305000546128871e-31,yfbP
b0984,88.62285862229112,3.744123491204061,0.3206361344008056,11.677172624978645,1.6675016758697218e-31,7.935505272625422e-31,gfcD
b2725,5.471367007397963,3.7434501071202915,1.2166827356486571,3.0767676711747898,0.0020925832946705153,0.002953366996838605,hycA
b1989,8.34607823525671,3.736402228014797,0.9724982147048554,3.842065899471869,0.00012200306720969109,0.0001884412287217755,asnV
b2945,93.64790999085535,3.728949424058229,0.31170282418871287,11.963155719758984,5.5415182690206706e-33,2.7688721248841084e-32,endA
b3690,93.50969988479721,3.7242993801966477,0.3153138986161338,11.811402531071572,3.408279124945768e-32,1.6633308988926019e-31,cbrA
b3079,13.55492769358292,3.7201915639880134,0.7906884508112755,4.705003039023727,2.5386217265331123e-06,4.3875197645067765e-06,ygjJ
b4156,520.8760221121161,3.717736402677486,0.25214150607776825,14.744642643368765,3.3307818549258317e-49,2.5020651408504286e-48,yjeM
b0901,40.885034048040254,3.7163628564594626,0.44605240241799815,8.331673221158528,7.970770473872467e-17,2.2783981575315973e-16,ycaK
b1043,5.419924353358099,3.7111326352736818,1.2008561220793126,3.0904057255816477,0.0019988324753007158,0.0028255814246222703,csgC
b3326,27.030187656253762,3.705159119050441,0.5397457507840812,6.864637866380622,6.66601357014993e-12,1.570866795278372e-11,gspE
b2354,21.47910340456251,3.7042453968966482,0.6090778392485668,6.081727421681701,1.1889457153322753e-09,2.4792700326350903e-09,yfdK
b0363,45.90512604433851,3.7030390450872743,0.4260952076326006,8.690637629231937,3.604109057200254e-18,1.0866635664243507e-17,yaiP
b1501,353.9767093857001,3.7028806239472094,0.19912368739237754,18.595882149623932,3.4695781159190205e-77,4.572779301280098e-76,ydeP
b1674,37.44663057201357,3.6883616159054506,0.4604087749095718,8.011058470008257,1.1372536081195268e-15,3.1113675468876057e-15,ydhY
b0937,13.342844696469951,3.687264933722785,0.7796582516450867,4.729334841185377,2.2525661269789985e-06,3.90385672872502e-06,ssuE
b4645,75.06884658093007,3.6844073942531437,0.3591637929286845,10.258292920368838,1.0860971664068637e-24,4.186514646692657e-24,psaA
b1453,312.05776392155843,3.682934217331007,0.18977791747850326,19.40654774941444,6.794138960853174e-84,1.024239715947797e-82,ansP
b2374,37.22164339721102,3.6781488637613213,0.4630465930017705,7.9433666489524475,1.9676621479660307e-15,5.32369316247478e-15,frc
b2162,52.81267219031063,3.6706334148911264,0.39442413576261665,9.306310344811884,1.3235017478033266e-20,4.38708937788422e-20,rihB
b3696,94.79662889425163,3.6665946276976817,0.3099820087392104,11.828411082987751,2.783610798572083e-32,1.3660484654753968e-31,yidX
b1690,15.601920211977843,3.657656267838461,0.7072214745950239,5.17186821841481,2.3176501935336491e-07,4.242118982093606e-07,ydiM
b2481,7.8324177535832895,3.647605461641283,0.9997304802290087,3.648588828466773,0.00026368473240092385,0.00039819560618485996,hyfA
b0518,75.59309497584537,3.6474726549063345,0.33090237500826847,11.022805910097178,2.966646942397333e-28,1.275310531292291e-27,fdrA
b3021,1546.0980738370308,3.6413257398771726,0.14686285282139003,24.794055609866422,1.0391211941210773e-135,3.6888802391298246e-134,mqsA
b3889,2.771669699729968,3.6380519393637054,1.641115195609544,2.216816923697095,0.026635604556139964,0.033634518432624244,yiiE
b0681,152.59388126790236,3.6340305615928292,0.25228431285826924,14.404504665473953,4.847809370656046e-47,3.4586802025328873e-46,chiP
b0877,1225.2845422138337,3.632845227570611,0.12663841780751714,28.686754702607857,5.581825018578711e-181,3.963095763190885e-179,ybjX
b4625,25.847525075555566,3.6294986363626087,0.5470807299095086,6.634301736350604,3.260422632894695e-11,7.405769055728816e-11,symR
b2052,61.149819212889135,3.6185710952414594,0.36944800904998754,9.794534025359585,1.1884411676474348e-22,4.25672743692759e-22,fcl
b4503,7.646616220023869,3.6170184797092366,1.0278912650456447,3.518872669424444,0.00043338465700240055,0.0006440780756666331,yafF
b2933,48.2259391765773,3.6108020890125996,0.40601890234012433,8.893187160010127,5.938067473403471e-19,1.852542382560034e-18,cmtA
b4462,10.111671302792207,3.605593899280327,0.8681047316105647,4.153408877971432,3.2755868458196254e-05,5.27015105822295e-05,ygaQ
b1154,7.584165123340381,3.6031282726836555,0.9844114066760294,3.660185414602218,0.0002520328086984317,0.0003813848139877952,ycfK
b3668,587.235337724645,3.5989726545938057,0.16269044612564154,22.121598042791117,1.958661164635685e-108,4.421552023962197e-107,uhpB
b1694,42.81761732253032,3.597683604456207,0.4380021849055305,8.2138485341852,2.142097566939076e-16,6.044559929272957e-16,ydiF
b4508,17.541410755846645,3.5973989897552174,0.6546855944858464,5.494849772248943,3.910431531271175e-08,7.500531416407717e-08,peaD
b4268,83.63816421070923,3.5940430185038283,0.3187726789699133,11.274626891230676,1.7511943713926136e-29,7.818212599259925e-29,idnK
b0731,85.54852256940114,3.592781467550408,0.31838875850101267,11.284259797567511,1.5695722575647842e-29,7.014474190660081e-29,mngA
b0217,44.929837501219374,3.5888811256663677,0.4269118748257861,8.406608804524156,4.2203580358647454e-17,1.218230562221417e-16,yafT
b2616,2341.2817098965343,3.5877081328126925,0.13565423291070589,26.447446982168955,3.904004475486881e-154,1.8478954517304572e-152,recN
b3578,20.08919845799661,3.57711884926595,0.6156577161844122,5.8102396107945,6.238349131919347e-09,1.2545094965147999e-08,yiaN
b0040,49.53728041449796,3.571072243651299,0.4049928004015369,8.817619078933502,1.169192258232261e-18,3.6016685239597016e-18,caiT
b3324,15.084208166714555,3.5689971304618755,0.7153470474512416,4.989182723515945,6.063527299915002e-07,1.0850263078953594e-06,gspC
b0989,19.804074819749356,3.56436704434729,0.6213969334103076,5.736055092492296,9.690715071898192e-09,1.921555303896209e-08,cspH
b3142,24.55312582392744,3.5585885717214127,0.5472867394317591,6.502237886151327,7.913382809823414e-11,1.7566672278791056e-10,yraH
b4242,747.121890519531,3.556689709719899,0.16563794066426263,21.47267525457273,2.8040321224318517e-102,5.877785429973815e-101,mgtA
b3238,584.6334674958229,3.5537344868824556,0.25373842932360546,14.00550360603911,1.4425351816390311e-44,9.754285513940116e-44,yhcN
b3046,51.01788165356942,3.5471196626546657,0.4079124574040066,8.695786554862456,3.444353874710754e-18,1.0413492964613145e-17,yqiG
b0551,29.794385210835788,3.5470695702462867,0.5357478502601521,6.620781713867589,3.573042710745808e-11,8.0741961050837e-11,quuD
b4579,9.641274938716682,3.544530046823534,0.8715097111310445,4.067114802683548,4.759879704085269e-05,7.556073010235612e-05,yaiX
b4657,7.185517420893596,3.54106410664974,1.0187366315539144,3.4759367602678943,0.0005090723132704992,0.0007527498565726361,yjhZ
b4613,2907.1827322235736,3.53907536228164,0.18553032280206652,19.07545520770376,4.038904400695381e-81,5.765375635825243e-80,dinQ
b3918,92.07828001829371,3.527691607750306,0.30090274177025006,11.72369379885486,9.637615804946284e-32,4.626475984010201e-31,cdh
b0815,653.069689614074,3.5225812685474853,0.1677140175709927,21.00349940669921,6.092819346895892e-98,1.1920262562238096e-96,opgE
b3716,19.276077372596095,3.5219765904987357,0.6315709355455473,5.576533675439755,2.4535843469636867e-08,4.768511388668498e-08,cbrB
b0719,19.377177872052062,3.520721372640331,0.6119205689392979,5.753559450931914,8.73836982223659e-09,1.7421333314078564e-08,ybgD
b1569,2.545026323216365,3.5197289774723446,1.6606457970839885,2.1194941050360128,0.03404873142205783,0.042531928410867934,dicC
b1886,61.87871445318263,3.5188713712945128,0.3925330996618482,8.964521397879267,3.116312464799358e-19,9.826652915506285e-19,tar
b0241,23.981148649162147,3.5172198001926396,0.5470274761907207,6.429694948204693,1.278602807847908e-10,2.8085876048635186e-10,phoE
b4701,7.2282999760081585,3.5149422255611187,1.010557150185721,3.4782221123418307,0.0005047514909784465,0.0007466115804056189,sokX
b3562,23.993923519567577,3.505444772569501,0.5658546041885564,6.194956701989479,5.830105467657051e-10,1.2362294927083978e-09,yiaA
b2562,66.5275383409297,3.493681883994678,0.3501531278229139,9.977582966962869,1.9106425010631795e-23,7.020574532287242e-23,yfhL
b4415,7.1176710669466345,3.4917364568482294,0.9911237995929328,3.5230073763563445,0.0004266794849730945,0.0006343272856641547,hokE
b4317,440.67342366228354,3.47840725645358,0.19592142350543226,17.754093422851916,1.6023714456777734e-70,1.8809704276996156e-69,fimD
b4081,32.88380995839482,3.4780310673241397,0.47559386989996977,7.313027537667094,2.61189460734316e-13,6.600206694330993e-13,mdtO
b3615,131.33073322531544,3.463680691512768,0.2677889370962511,12.934368122413588,2.8798099049637226e-38,1.674626578817742e-37,waaH
b0768,43.93670980361026,3.4580424054176935,0.4151065939150617,8.330492591802267,8.050667261972238e-17,2.299742847968968e-16,ybhD
b3679,76.04281733933209,3.4526426644580965,0.3305049691980886,10.44656808893167,1.5192362258849736e-25,5.997917368919869e-25,yidK
b3027,27.529843661362793,3.4485938533874743,0.5116342191458124,6.740350282170333,1.5800524299050046e-11,3.658806310595387e-11,ygiZ
b3944,32.119116770170486,3.4360373036334035,0.4929534470024967,6.97030789525243,3.1624808847233665e-12,7.598930597463024e-12,yijF
b4527,16.217332990560703,3.434562364539406,0.7216719577307511,4.759173926251972,1.9438688083455188e-06,3.3848538347851953e-06,ydaF
b0576,1035.44881444207,3.430248681179323,0.13218940521947725,25.949497809480256,1.8421848602049282e-148,7.873104616137956e-147,pheP
b3141,11.133634573950308,3.4210197142874095,0.7946633258893091,4.3049925708587855,1.66991339488999e-05,2.7388072892346255e-05,agaI
b3325,124.22177719321559,3.399800438119152,0.26625102871295,12.7691541871357,2.4378916710807345e-37,1.3723272552554212e-36,gspD
b4623,66.83107941300123,3.3949188263801777,0.33436610944276957,10.153298227616144,3.2035008168806553e-24,1.2083813706862592e-23,insO
b3473,756.6726267562149,3.390654403688223,0.13747902530608042,24.663066937951744,2.665073252859591e-134,9.310835284990413e-133,yhhS
b3854,8.723974915822145,3.378930857349677,0.8774082709670696,3.851036021834461,0.00011761919522225122,0.00018205333944034804,rrlA
b0536,26.210698288231388,3.3786126852878726,0.527022744107887,6.410753089996124,1.448025499733577e-10,3.169670934772355e-10,argU
b0747,4.327599460150364,3.3688832138768205,1.255042899854282,2.6842773376654843,0.007268678230397837,0.009728404247555876,lysY
b0161,4952.951722415183,3.3666514773054317,0.174136700295946,19.33338274805825,2.813519346313044e-83,4.2126231845136125e-82,degP
b4318,58.61571331349899,3.3650437302948504,0.35278898775490136,9.538403541758791,1.4504791303753352e-21,4.984394326239052e-21,fimF
b0991,30.298800340584652,3.362578569168499,0.4782656879571969,7.030775265378096,2.053890920435921e-12,4.988504981900751e-12,ymcE
b4497,21.7680140022034,3.3606694405500646,0.5638732128333829,5.959973561544407,2.522787458946411e-09,5.167664213253653e-09,yeeL
b1499,8.643706647040366,3.3542110866779695,0.86894493724371,3.8600962419063216,0.00011334237557056347,0.0001757425633186405,ydeO
b2105,135.92117234977715,3.3528645902900216,0.2496222125095543,13.43175575836101,3.9395884703708356e-41,2.4563836326589826e-40,rcnR
b3069,4.307234624166352,3.3500007973102814,1.243001761864419,2.695089339443498,0.00703697604705941,0.009435506719206677,ileX
b2349,96.96072350118327,3.346673209160234,0.284168381111278,11.777078069251147,5.123861328142451e-32,2.4895405702519945e-31,intS
b0310,19.270531861240496,3.344725581795053,0.5928049722090549,5.642202306993342,1.678886590478083e-08,3.2919638179441075e-08,ykgH
b2408,112.74622131572904,3.33984958576793,0.2849874886477543,11.71928494691217,1.0152529782839486e-31,4.863050718613648e-31,yfeN
b2051,19.13794042636662,3.3309350746174853,0.5988306636465514,5.562398983268345,2.6609106483238465e-08,5.157784532770397e-08,gmm
b2420,148.6948836545327,3.3282383301802914,0.23710858821264555,14.036768365367834,9.285110135346423e-45,6.346747642204186e-44,yfeS
b3534,137.8969332930553,3.3228772520081313,0.23885490783626567,13.911697616387073,5.378747290406466e-44,3.603842552872034e-43,bcsQ
b1171,173.3035315878602,3.3065071052615163,0.2365791538459731,13.976324843118874,2.1742949370012082e-44,1.4634933199815472e-43,ymgD
b4570,44.0842740604439,3.3043367802980095,0.3951113847131142,8.363051301843024,6.111662235520785e-17,1.7584011216184636e-16,lomR
b0942,35.00655158577267,3.304082944734871,0.4796614447698696,6.888364659619647,5.643739059909994e-12,1.3378427216867954e-11,ycbU
b1011,10.336904904938132,3.3031533973146807,0.803714870642028,4.109857261538583,3.9590376192221504e-05,6.344260502299201e-05,rutB
b3227,83.02069060956804,3.2903180210822183,0.304566155558296,10.803294985454906,3.3206872529889276e-27,1.380327222630525e-26,dcuD
b0841,348.2506292565861,3.288322960520819,0.17360057132307155,18.94189019920466,5.151408117722943e-80,7.221814819814139e-79,ybjG
b1023,53.74332777164046,3.2882671543726896,0.37201404425376516,8.839094128741106,9.649779584221683e-19,2.9851250688505866e-18,pgaB
b1722,82.84737694015122,3.285370221759087,0.29635192349287276,11.086043184862609,1.466311572394296e-28,6.365585346824153e-28,ydiY
b2686,1276.6117868435585,3.2786857410329078,0.1436323144102872,22.826936643708937,2.477189852035481e-115,6.2680333916089705e-114,emrB
b1728,315.59091805691793,3.262784860940546,0.1847245986797007,17.662969004999614,8.087161297453188e-70,9.343749089603395e-69,ydjM
b4641,162.1737099513313,3.258838345747201,0.2526821425198211,12.896987152511457,4.68040841505398e-38,2.7002828103627286e-37,yoeH
b1880,46.821915656408386,3.25462715488351,0.37811471730743845,8.607512497952387,7.466301357599897e-18,2.2267383859183433e-17,flhB
b1621,581.1438107694189,3.2525825301943136,0.1605873467363659,20.254288997837634,3.256168481713399e-91,5.643170730906449e-90,malX
b4580,301.9486141580565,3.2517370035384214,0.1764810204765942,18.425420448935377,8.214993314111796e-76,1.0604809550944317e-74,yaiT
b0392,248.06478292913934,3.2452473390253695,0.19029414247475174,17.053847779134607,3.272625201335254e-65,3.4966252757955796e-64,ykiA
b4418,16.126721604671488,3.2447309989326456,0.6451807049280669,5.029181706998522,4.925774343653482e-07,8.864782772184231e-07,sraB
b4447,114.84280147200673,3.2418078996333413,0.25777685091097524,12.5760241393938,2.8606886109273665e-36,1.580018979335291e-35,sibD
b3658,10.094150704443374,3.2408447336871284,0.7913819989556187,4.095171153708384,4.2185662330851924e-05,6.733186569267954e-05,selC
b1940,26.212931972611514,3.2370554240947502,0.49755101259258455,6.5059769594829175,7.719005754828498e-11,1.7143826101289128e-10,fliH
b0993,475.8942491032242,3.2350884530190056,0.15362350398570465,21.058551387553592,1.9092401999493228e-98,3.76882303146947e-97,torS
b1775,79.67944474639609,3.229788223719053,0.30208447930355764,10.691672181123595,1.113451282297235e-26,4.555216119584042e-26,ydjK
b4298,99.4902076958735,3.224271959411745,0.2831207320586241,11.388328703332522,4.7807139017245815e-30,2.171795933476946e-29,yjhH
b4157,31.79050140621868,3.22304983880483,0.45545955873998617,7.076478639994495,1.4786353251738846e-12,3.614077013556602e-12,yjeN
b0041,25.697803659272,3.2203660111177737,0.5073779621819219,6.347075062679016,2.1944707481231779e-10,4.76334331027526e-10,fixA
b1061,447.74692048341586,3.217113478174702,0.16399021915930087,19.61771558491292,1.0914907647974563e-85,1.6741262531841124e-84,dinI
b1320,185.203021494701,3.213442384123143,0.22062979182672005,14.564861606028899,4.699352577988841e-48,3.453514198381783e-47,ycjW
b1021,23.873423286283742,3.2107297432092814,0.520413016498646,6.169580009376331,6.847162207322448e-10,1.4435444461989185e-09,pgaD
b3721,13.695594201470158,3.2094170439417895,0.6954312394672212,4.615002694444047,3.930902164725448e-06,6.6887635597686204e-06,bglB
b4431,3.8605180841427633,3.2086145411226736,1.2837227091626022,2.4994607622199942,0.012438247242137206,0.016305290160776646,rprA
b4366,50.93362127030786,3.2062263479703224,0.38644090520191254,8.296808916476099,1.0694518785422946e-16,3.041167422056318e-16,bglJ
b1022,33.27901466100739,3.2034749035342105,0.4595106032558131,6.97149289012339,3.135951715532952e-12,7.543420465451397e-12,pgaC
b1986,49.140967448030274,3.2030531093344736,0.3745793881196071,8.551066104875224,1.2195674777705288e-17,3.5982145021084906e-17,asnU
b1772,46.756759588180955,3.184998756530399,0.3752002518297609,8.488796958418686,2.0878713479151486e-17,6.086628922862572e-17,ydjH
b2756,36.91624323647568,3.1798910448908413,0.42023657809293485,7.566906858325911,3.8221574030701836e-14,9.943934331155407e-14,casE
b0554,5.8163962085045355,3.1776398259953793,1.0705210786348307,2.9683113106447436,0.0029944088689034397,0.004160791616449792,essD
b2229,9.6953161997136,3.1765555504874725,0.7993527589076134,3.9739095350449762,7.070242621527233e-05,0.00011107497508908951,yfaT
b1705,28.790414787986222,3.167628177544817,0.4709058507499971,6.726669826887551,1.7359002124945374e-11,4.015466492591147e-11,ydiE
b0940,69.15624690847042,3.1633856131211506,0.3107679669264947,10.17925252852518,2.4543938713333823e-24,9.322037809844305e-24,elfC
b2956,49.59527733494352,3.1577001469345025,0.36778774095904987,8.585659050789532,9.031715515726576e-18,2.6845112559235913e-17,yggM
b2140,255.43869152010674,3.1568155746176854,0.20205846738809113,15.623277833511573,5.0539286630845e-55,4.303170981605023e-54,dusC
b4599,185.94053533465376,3.1546026253232244,0.26076415437036393,12.097531706151358,1.0883454763922708e-33,5.545019429489324e-33,mgtS
b2071,24.6452543115671,3.1544023485987442,0.5084862498802871,6.203515531327317,5.521558823953217e-10,1.1724988877492553e-09,yegJ
b2753,511.1666913806774,3.1525375480302094,0.1536987396258736,20.51114768867963,1.7120663384139043e-93,3.03891775068468e-92,iap
b3722,42.30068378114928,3.149614885029719,0.4177883155036468,7.538781646472893,4.7438250283382974e-14,1.2327224188161265e-13,bglF
b1773,47.764437291514845,3.149555571181297,0.3709444302513507,8.490639875754889,2.0550245024936357e-17,5.998818209533809e-17,ydjI
b3667,258.6020892341001,3.1494502594959135,0.20404829303874505,15.434827768433674,9.54548871157824e-54,8.018939180986147e-53,uhpC
b1762,189.09013299003269,3.1482209717829646,0.22136601062318398,14.221790250997309,6.711377118178739e-46,4.6820098374362615e-45,ynjI
b4426,41.854290699285585,3.1481330877945135,0.3893166879503326,8.086303991664852,6.150256766693516e-16,1.6984586127343073e-15,mcaS
b2983,36.32360803328799,3.146449872941701,0.4329302756939697,7.267798187359545,3.653941217342573e-13,9.15460969763347e-13,yghQ
b1299,1126.6776971961754,3.144169699249686,0.2715807709511756,11.577291309092498,5.371662496941333e-31,2.5262882811469818e-30,puuR
b2059,30.073285016644324,3.1415317685437723,0.47393965666997534,6.628548010978867,3.3900486558395016e-11,7.688302000518025e-11,wcaA
b0459,525.2910100273406,3.1390615066260463,0.15706865839474649,19.985282479060373,7.396742575143412e-89,1.2059429931770851e-87,maa
b1862,50.73701618909178,3.1304155976416457,0.3688660250623464,8.486592380289125,2.127845193526328e-17,6.199056612774915e-17,yebB
b1992,329.3812628058631,3.1136887695872617,0.20480014606086655,15.203547602265255,3.3497791793891166e-52,2.6859249449309454e-51,cobS
b1156,7.439328422457467,3.111858066989946,0.8865299329830083,3.510155665606374,0.00044784443017383474,0.0006646699870617736,tfaE
b4105,12.969416338101682,3.111376586821603,0.6872501509456814,4.527283962819411,5.974663081009993e-06,1.0038346138399233e-05,phnD
b3082,186.11848008344407,3.1102561030302693,0.21517461391381815,14.454568066640011,2.3459684477445593e-47,1.6901723579331506e-46,higA
b1821,123.05138454559237,3.096708890845975,0.24195232626567273,12.798839088017996,1.6642048977852315e-37,9.416233881813098e-37,mntP
b2089,20.110070480100877,3.09345509527258,0.5644690780713432,5.480291508335907,4.2462563018173804e-08,8.116378741033482e-08,insF5
b3332,12.719459627875045,3.091980756056504,0.7110631715488542,4.348391085030434,1.371398948117735e-05,2.2593181772508492e-05,gspK
b4578,16.48874440994485,3.086895329005553,0.629142434676962,4.906512673224058,9.271000111602896e-07,1.6462663368808368e-06,yncK
b3744,8933.247319134329,3.08645376488021,0.12313513163199255,25.06558221015698,1.1807675353635532e-138,4.367847639218791e-137,asnA
b2503,150.49117835464682,3.0844518515967687,0.2308223339833547,13.362883038082431,9.96292940053343e-41,6.159665059150022e-40,pdeF
b1936,7.221028800936363,3.0765128458491926,0.9213938717781897,3.3389768915131355,0.0008408755904206014,0.0012268923927847158,intG
b0703,9.078004653540216,3.0712041660357183,0.8028628320793525,3.825316160273029,0.000130604366456913,0.0002010914379654883,ybfO
b3220,128.03660628391324,3.069735221362879,0.26211651205047953,11.711338585078135,1.1150515910172215e-31,5.3179383571590565e-31,yhcG
b2923,128.60937517832633,3.0628366826721516,0.2536714139413003,12.074031658060191,1.4485944830430449e-33,7.363409831819265e-33,argO
b0559,25.093336307437337,3.061832082506934,0.49460052851606773,6.190515185443168,5.996788987820267e-10,1.2709612481648923e-09,ybcW
b0629,21.571221738744963,3.061010063765064,0.5326904062320849,5.746320992369121,9.120608980025574e-09,1.8125923580168204e-08,ybeF
b2987,79.0209419048713,3.0587393862590013,0.29118117797678417,10.504591703049138,8.227806831922232e-26,3.2896281266232216e-25,pitB
b2943,423.51939135482075,3.0538762915566826,0.19174987582365044,15.926353424944525,4.159158278283965e-57,3.7465453161992455e-56,galP
b4309,14.25513094246682,3.047639084832356,0.6412104445955188,4.752946728362844,2.004731822774794e-06,3.4866967537948015e-06,nanS
b1846,1347.3535489236954,3.0467423592884835,0.1537008907822563,19.82254197605606,1.9025170986868119e-87,3.0017492001503034e-86,yebE
b1801,45.92361899010873,3.0440352738974292,0.3924702597244092,7.756091572479751,8.75867914783418e-15,2.3226328679979557e-14,yeaV
b2930,46.26329031668636,3.043762425813031,0.37460310320892937,8.1252995496821,4.462589196034535e-16,1.2401715682414156e-15,yggF
b3673,3903.5122866697907,3.040764228570713,0.14203857053063484,21.408017675838842,1.1249706431320804e-101,2.3469766687523305e-100,emrD
b4576,28.410932026308274,3.039708714772747,0.46400592135506796,6.551012767026074,5.714817235418321e-11,1.278933679222748e-10,insB7
b2305,140.3453625573486,3.035970374427273,0.22801167771428374,13.314977569839991,1.8942933760325034e-40,1.1613759667541894e-39,rpnB
b0900,75.84816295714226,3.0239552605733975,0.3020389047920462,10.011807130129117,1.3525891192072494e-23,5.007651221825325e-23,ycaN
b1924,44.73973194028917,3.02240392991729,0.44327907202025296,6.81828699050155,9.21324527660385e-12,2.1549790492885308e-11,fliD
b0357,261.9119765488495,3.0193101106719427,0.19883604886134498,15.184923095999602,4.4508492650215525e-52,3.549391026200158e-51,frmR
b0313,1322.2323511418865,3.0173216329236596,0.1606915469359265,18.77710240804872,1.1625360919664916e-78,1.599213711511405e-77,betI
b0996,27.66731733246114,3.008784463145528,0.4733973583213424,6.355727192510364,2.0744289915372811e-10,4.507224294544477e-10,torC
b4063,251.97744333584947,3.005039241488668,0.20174048662638078,14.895568518449839,3.5217622561090043e-50,2.6961386871985803e-49,soxR
b2497,191.52237892661927,3.0008940391057872,0.20481071739120096,14.65203616944467,1.3073822170063767e-48,9.705053152212597e-48,uraA
b3219,88.31141594543091,2.997863894886,0.31025325274351484,9.662634858382365,4.3454109407755405e-22,1.518134838197931e-21,yhcF
b3545,5.127350786720229,2.997398313803418,1.0847597022806281,2.763191062040382,0.005723924976990565,0.007743306007594489,proK
b1494,113.94989874561874,2.9904731791371346,0.2541266437746765,11.767649132409206,5.729905103946393e-32,2.777868091142293e-31,pqqL
b4104,6.86617629195203,2.990285455735945,0.9147808625134176,3.2688544090438763,0.0010798384897014435,0.0015620930107347205,
b1581,56.63722129862179,2.9872775549965684,0.35076902831307866,8.516366366104238,1.6463743338213265e-17,4.8187099850275795e-17,rspA
b1495,53.25353798177493,2.9863465286066915,0.3375881847647356,8.846122771411178,9.061256700577032e-19,2.8109691329062785e-18,yddB
b1024,185.96149140509928,2.9847021064315404,0.2205323312104896,13.534079515908974,9.840737701577433e-42,6.21505414093886e-41,pgaA
b4671,5.069338236189185,2.9838099849219124,1.0920692226651625,2.7322535266033894,0.00629027165600671,0.008478192232009045,ykgR
b1556,13.645338566470562,2.983197989376733,0.6482597373129397,4.601856042675421,4.18742595888206e-06,7.111515845292757e-06,essQ
b1402,6.720564672507037,2.9779416010672204,0.9745160784983278,3.055815770280624,0.002244491210413022,0.0031566294914498797,insD2
b2073,92.35000112429316,2.9770117228304045,0.28909332442548463,10.297753255792475,7.212616007987465e-25,2.797351160102275e-24,yegL
b1627,319.5037616489897,2.9715724506911654,0.21867932796827205,13.58872134051147,4.6717066916799304e-42,2.9717995457767416e-41,rsxA
b2221,6.842849423470703,2.9695652279524594,0.9230653859602181,3.2170692056266104,0.0012950735543871001,0.0018618268407615986,atoD
b2843,66.58128563135783,2.9674493578466223,0.30959725279832406,9.584869797858511,9.257433310480602e-22,3.1986830009996558e-21,kduI
b2057,52.62018922603335,2.9662593125154118,0.3454737013773485,8.586064006288785,8.999954054993078e-18,2.6768782263567252e-17,wcaC
b4080,37.367192166891236,2.9651322647893683,0.40478989635886164,7.325114315997318,2.3869515337919175e-13,6.035244486933958e-13,mdtP
b1216,288.2258252628447,2.962399941216402,0.18954388389358862,15.629098023967453,4.612864498534099e-55,3.9352382795633926e-54,chaA
b2409,248.1027405690552,2.9616824201361758,0.19201095218945916,15.42454941431598,1.1193364185700775e-53,9.385369361039012e-53,yfeR
b2944,54.033219932932575,2.957044094536609,0.3382876439794341,8.74121224101339,2.3062229391035786e-18,7.011045150506873e-18,yggI
b0035,75.66937083216975,2.952619911848048,0.29871326940862003,9.884461837579298,4.8618706829948987e-23,1.767296015404091e-22,caiE
b4486,494.7469498125374,2.951932851239303,0.15778857581996192,18.708153210074492,4.248436992430285e-78,5.736693141312305e-77,yjiV
b4342,105.77049357003297,2.9501514014502312,0.25864900456385137,11.406003307165028,3.902516926719317e-30,1.7765128760515444e-29,yjiT
b2778,8.324493808499087,2.9451856946192616,0.8349801011262734,3.5272525544580176,0.00041989603617785136,0.000624875710363388,ygcG
b1355,23.34965900061918,2.9446695471481927,0.5119425559227292,5.751953052312086,8.821830073118521e-09,1.7579760419129368e-08,ydaG
b0343,60.29041231428959,2.9409213415462405,0.32148966030926557,9.147794484952154,5.810771377185343e-20,1.8769267080171479e-19,lacY
b0355,369.4031648237672,2.9407813709117034,0.16364178926788975,17.9708458583125,3.2965000362648666e-72,3.997573873178497e-71,frmB
b1878,21.883394410515113,2.940656122403252,0.5205461315270156,5.64917486520719,1.6121979710520767e-08,3.1640193796572636e-08,flhE
b3457,88.60617901989934,2.9384256445264483,0.2748294666335395,10.691814384097961,1.1117451412803927e-26,4.5524670808523614e-26,livH
b1938,29.724895655705286,2.928745333904852,0.4740372738015783,6.178301782932709,6.479477156222022e-10,1.3706227026280318e-09,fliF
b2758,57.626426161416056,2.9176386065177957,0.33946239597624345,8.59488014313662,8.335175089755927e-18,2.482506139722976e-17,casC
b1650,1229.7187046320607,2.9150388098640097,0.13169613485357762,22.13458134595224,1.4687050615823485e-108,3.3325977737554114e-107,nemA
b0874,157.3840539137024,2.9069918828552903,0.21503342839960532,13.51879056428896,1.2115116371912458e-41,7.640507488418144e-41,lysO
b2723,73.69946231666273,2.9033368428756496,0.30200825755646044,9.613435295996405,7.0168034136799945e-22,2.437882291003894e-21,hycC
b1115,21.20909390228103,2.9019112082306378,0.5157231686815377,5.62687772133539,1.835007083736764e-08,3.586901057996996e-08,ycfT
b1571,12.928289530113872,2.9004046582307867,0.6608722153740245,4.3887526071727585,1.1400266369774334e-05,1.885906522350493e-05,ydfA
b3532,326.90631395048274,2.898468557295844,0.1752059286521001,16.54321049290076,1.7921135872307914e-61,1.7453283210154742e-60,bcsB
b1907,483.7421858902283,2.888093167839537,0.159600822317771,18.09572861779646,3.443596877924761e-73,4.258065577703595e-72,tyrP
b4385,1118.1221380822133,2.883966881913835,0.129963493027234,22.190592255853698,4.2338106717774e-109,9.706893008939643e-108,hipH
b3104,19.459480783680558,2.8837083770310152,0.5373232488750302,5.366803656957906,8.014421846929146e-08,1.5102519250934119e-07,yhaI
b4087,37.455663162162175,2.883685325818952,0.4056670835848728,7.1085021252793705,1.1730909251321477e-12,2.873648443200731e-12,alsA
b1734,135.14688270964757,2.880775942680872,0.24191805626593124,11.908065016503544,1.0744163939195992e-32,5.332109319091404e-32,chbF
b4347,66.35820446692072,2.8793827836542185,0.30572682950370744,9.418155378539655,4.590819740640765e-21,1.5497537191948348e-20,symE
b0744,87.47644473376238,2.874510755904755,0.35727069268397466,8.045750224599072,8.571866393351843e-16,2.359809622484979e-15,valT
b2005,3.1597418726470443,2.871500727169067,1.2952586042813907,2.216932369858431,0.026627713370968434,0.0336342020829277,cbtA
b0013,3.1375449827914488,2.863635646540738,1.309344272384333,2.1870761624259605,0.02873696449087169,0.03614289076823348,yaaI
b0787,79.66994215491256,2.8585611264070785,0.29503170227493414,9.688996485344623,3.3581187395274206e-22,1.1816497754915832e-21,ybhM
b0321,88.74057150467343,2.855120986727693,0.2673400614822248,10.67973490728597,1.266327511930962e-26,5.1614571365926806e-26,yahG
b0575,306.77084585562756,2.854637276421044,0.16884395311167041,16.906955942526633,3.998349017922558e-64,4.1609296399279197e-63,cusA
b3022,645.7128051275898,2.8546329085107147,0.17075008597859165,16.718193095777554,9.660403204078061e-63,9.66479429644355e-62,mqsR
b1547,15.938672045774448,2.8518971593729403,0.5858426218745835,4.8680260754115485,1.1271846019714533e-06,1.9911182254728483e-06,stfQ
b2980,2125.334449233367,2.851632717105368,0.12381613577934628,23.03118813356674,2.2707844931882803e-117,5.949996035127863e-116,glcC
b1950,11.112322374123261,2.8450417947388016,0.7015533140657413,4.055346525627272,5.00600328926773e-05,7.92962449778933e-05,fliR
b2360,40.76081180632153,2.8417385740402765,0.4038725999075832,7.036225222237266,1.9751758521930397e-12,4.8010624524316735e-12,yfdQ
b2540,20.31600994190909,2.8401929911797725,0.528976795695635,5.369220378456781,7.907774078720746e-08,1.4914319406396196e-07,hcaC
b2483,11.012053491562966,2.838841776488871,0.7312488935421333,3.882182662509973,0.00010352306604604395,0.00016081135402733405,hyfC
b2888,15.571985574594024,2.833137098994734,0.6065018581749906,4.67127521673199,2.993355507464412e-06,5.147168337444665e-06,uacT
b1497,12.409292619572113,2.8312187408198506,0.6648569517170553,4.258387813360398,2.05906509814233e-05,3.3533128235377496e-05,ydeM
b2775,13.975339360461453,2.8250604109260524,0.6201111354544926,4.555732431502792,5.2203353982875614e-06,8.81131764695623e-06,yqcE
b1167,72.14340354907795,2.821773732851891,0.3717498286908858,7.590517910361239,3.186293396416138e-14,8.309279343023601e-14,ymgC
b1991,761.5626498557958,2.8214954776327397,0.1479366259240595,19.072325463750275,4.288054165471468e-81,6.089036914969484e-80,cobT
b3252,1955.2860180359396,2.820648951441956,0.12500108395332854,22.564995936316024,9.568238314607948e-113,2.3270378486687396e-111,csrD
b2298,150.12911019462493,2.815793680824828,0.21919606655123836,12.846004607325467,9.056850691246531e-38,5.177695680891847e-37,yfcC
b0320,80.32522553238624,2.811787581562425,0.27349916130406776,10.280790508298372,8.601915022814294e-25,3.3303104600200984e-24,yahF
b0065,2225.9583441580376,2.8110429453664536,0.16358807913955475,17.18366619470109,3.5194865677369454e-66,3.853925341089062e-65,yabI
b2641,251.85852413950457,2.810339698507948,0.1991378894842424,14.112531300731334,3.1795680264060316e-45,2.1938022652412778e-44,yfjV
b1057,32.35048730160569,2.8076104476449126,0.4279015832723413,6.561346247363584,5.332413965600648e-11,1.1945692761615294e-10,yceJ
b4490,851.0279218225506,2.8011905044328715,0.15790910308612707,17.7392591667438,2.0866795910135906e-70,2.4429690318196344e-69,efeU
b2647,375.8133427719536,2.800578618456544,0.21639250560378198,12.942123899542281,2.603315032501341e-38,1.5158456049035586e-37,ypjA
b0373,9.153244017325564,2.797788978198118,0.7878293590491863,3.55126265105772,0.0003833876127814283,0.0005722862907642752,insE2
b0649,147.1971190057756,2.7970890233513415,0.21372595986049658,13.087268505786852,3.893596454388267e-39,2.328751575029504e-38,djlC
b3062,16.64260915535059,2.7953169622526435,0.5885243392583499,4.749704941303299,2.0371365656661054e-06,3.5402586506364766e-06,ttdB
b0859,476.8099312994607,2.7946620053955042,0.14938109286967027,18.70827125246532,4.2390386608349773e-78,5.736693141312305e-77,rlmC
b3758,6.173145249200072,2.790829921652086,0.993490427631784,2.8091160659742638,0.004967773318928047,0.006757768278714852,rrlC
b2917,135.9517873154695,2.7897497800638615,0.22914748320781192,12.17447270644409,4.251326134023814e-34,2.1965185025789705e-33,scpA
b3080,128.68271103360146,2.789033456875435,0.25658151357912934,10.869970396426481,1.6025283761587236e-27,6.731230831918609e-27,ygjK
b0946,822.4378877214934,2.7886505304491562,0.14647963607243558,19.03780351468201,8.293340733610659e-81,1.1738677141271422e-79,zapC
b0615,25.79993133251847,2.7873410244007375,0.45943263541396934,6.066919956370141,1.3038649690815767e-09,2.712482794847401e-09,citF
b2165,70.18552578804999,2.7872064341148177,0.30347935953702865,9.184171333321732,4.1470795893405433e-20,1.3492567887861842e-19,psuG
b1563,1647.0776969547887,2.7860812031844695,0.16181518803562797,17.217674292545635,1.956953734611901e-66,2.1482569425839374e-65,relE
b1883,31.71844210851697,2.781953071192196,0.4524582318193768,6.148530130628197,7.820427286987693e-10,1.6432229554806598e-09,cheB
b0745,39.67694447420097,2.7817064581516595,0.41202665150944784,6.751277976706016,1.4654851418519784e-11,3.3988754449064323e-11,lysW
b1885,57.76871524955027,2.7739889397260313,0.32224905175686924,8.608214437257532,7.420734677729681e-18,2.2146490882282072e-17,tap
b1561,129.73999987401783,2.7734592122466353,0.22718086132160445,12.208155194554166,2.8119279065243414e-34,1.4579630912273441e-33,rem
b2561,208.2757543891374,2.773176441733961,0.1936523562331116,14.320385745246044,1.6321475155537672e-46,1.1495541381548293e-45,yfhH
b1798,162.0637067976228,2.7720914839802338,0.23153225053554685,11.972809306557656,4.932958118588844e-33,2.4788677668981837e-32,leuE
b4668,11.959084922807625,2.771686005026274,0.684072546056779,4.0517427881051375,5.083753544001411e-05,8.049886007443962e-05,ibsB
b4286,16.76469615390882,2.77156742504411,0.6086840802895719,4.553375905158519,5.27918179387325e-06,8.90722815509009e-06,yjhV
b2252,39.05063880527174,2.7686368339129683,0.3819117076015678,7.249415974441321,4.185725325877615e-13,1.044533043339754e-12,ais
b0346,1530.4452955512795,2.7668933087681524,0.16135781892356033,17.14756264819684,6.554447884072187e-66,7.124118416218708e-65,mhpR
b0796,237.10761827600564,2.766148883351503,0.1971427921259833,14.031194615443036,1.0044519740261907e-44,6.855190061493475e-44,cecR
b4355,461.205659878239,2.766064177459852,0.15171725320899793,18.231704825617054,2.8916487261042226e-74,3.6472887370518017e-73,tsr
b4482,28.802910684883454,2.7658717055652478,0.44556853244151695,6.2075113123664805,5.383023522131606e-10,1.1441849128161918e-09,yigE
b0943,27.138898744550165,2.7657477507314563,0.4633793685363214,5.968646725614127,2.3922945655004205e-09,4.909501481274057e-09,ycbV
b2634,12.19754067778486,2.759225792082772,0.717439845714273,3.8459332981927226,0.00012009443250972581,0.00018562348732718153,yfjR
b4322,1326.5918350759584,2.754514457715401,0.17879489110209887,15.406002043662788,1.4915891877882944e-53,1.2459156745055165e-52,uxuA
b1579,27.02554216703457,2.753911156089567,0.46202128700339695,5.96057202028728,2.5135649101833284e-09,5.151169801967883e-09,intQ
b2698,267.49156642741644,2.7514031518072155,0.18793427368708213,14.640241494153477,1.555148831331967e-48,1.1524857164180673e-47,recX
b2238,7.426194278919589,2.747687496014318,0.8483832673252965,3.238733720759216,0.001200616066535001,0.0017294214413897495,yfaH
b4102,4.562528559926565,2.7472497701267913,1.0977420974257257,2.502636800182178,0.01232719751110594,0.016169345483876146,phnF
b1948,8.97530851217068,2.744786874282479,0.7733426749273552,3.5492504982222965,0.0003863293791964655,0.0005764820092280817,fliP
b4501,28.555293252527083,2.7442429083391375,0.47275463385798877,5.804793251721956,6.4445475106330905e-09,1.2947922474580951e-08,torI
b3899,48.117066407483115,2.743901432925711,0.3779303944985832,7.2603354291368,3.86131580554181e-13,9.65767737272446e-13,frvB
b0941,100.72713959027492,2.7416500108297504,0.2514233897898285,10.90451454465541,1.0967712149615638e-27,4.633384729616894e-27,elfG
b0534,13.167846562971347,2.7373869502417865,0.6312800898401569,4.336247878394051,1.4493549402510385e-05,2.3841780444637787e-05,sfmF
b4312,35.22944107331361,2.736874747749792,0.400499130228738,6.833659654108797,8.27752778417164e-12,1.9423068926398484e-11,fimB
b3329,7.445487648160572,2.7353917187995935,0.8439769897989112,3.241073811089728,0.0011908034651192348,0.001716410233613252,gspH
b3897,51.70622293971815,2.7347990231748174,0.34175303452167743,8.002266979143235,1.221491814659453e-15,3.3335443075827102e-15,frvR
b1009,17.58719641170664,2.7329498946969215,0.5550168880720987,4.924084209743724,8.475633467806291e-07,1.508073505468201e-06,rutD
b2166,32.20577763987354,2.7328211374176505,0.43000347116843235,6.355346690555446,2.0795706256176422e-10,4.516166696580593e-10,psuK
b1644,202.87056401809,2.7296953186538353,0.1948853902224291,14.006669845996893,1.419046563395753e-44,9.610219957027853e-44,ydhJ
b4319,37.914677839808874,2.722942758242642,0.4077742638257074,6.6775738436658525,2.429302150902327e-11,5.5725836728879856e-11,fimG
b2181,2717.6871802078053,2.72146486693027,0.14173663555529756,19.20085697158029,3.6403610257353727e-82,5.288735721216868e-81,yejG
b1085,2.9102445081464086,2.71694284769871,1.3081645707492218,2.0769121167550364,0.03780967122180207,0.047029718202422355,yceQ
b0562,36.61043818578303,2.714971993554422,0.4126016679226821,6.580128498324886,4.700418628591881e-11,1.0556756532174214e-10,ybcY
b0319,11.64654624085137,2.714632025986171,0.6942445105608229,3.910195881553667,9.222130440999451e-05,0.00014370201133196315,yahE
b2046,55.27285256058874,2.7128711413831197,0.3329663170909112,8.147584311485817,3.7126603193910426e-16,1.0367608047987166e-15,wzxC
b4438,7.260698752949043,2.710429425122372,0.8886589005519347,3.050022256502421,0.002288244083842433,0.0032120058855466802,cyaR
b4332,130.07963732085122,2.7073433661530797,0.23802985407465313,11.373965575360046,5.636718088435506e-30,2.555389600957065e-29,yjiJ
b1577,37.043939943053836,2.7064884398227482,0.43486629313743425,6.22372550490455,4.854861748387758e-10,1.0349201654432404e-09,ydfE
b1421,308.17380050016885,2.70279172301915,0.17563436075822508,15.388741197058593,1.9478487380435953e-53,1.6208752636801335e-52,trg
b2482,94.9119459626611,2.701833737458534,0.2706663493579756,9.982156052524894,1.8245827237553676e-23,6.709952506241544e-23,hyfB
b1774,27.530940419020766,2.7001287425675238,0.4600352462056305,5.8693953666337055,4.373872830852443e-09,8.860288780893525e-09,ydjJ
b2734,18.712081602582277,2.699819736316101,0.5236706581589744,5.155568092754392,2.528631306100384e-07,4.6186867259144774e-07,pphB
b3214,24.428390746643974,2.6982694249129686,0.4704814325422607,5.735124147902686,9.744094528809948e-09,1.931269883647969e-08,gltF
b2163,34.3602603509144,2.6944681969889386,0.4054620391474701,6.645426542653323,3.023402195257127e-11,6.888724877599313e-11,yeiL
b3900,4.332335831301797,2.694356900092871,1.1114398881902097,2.424203889676995,0.015341989213911266,0.019969082353529684,frvA
b0535,10.12310620291605,2.6910723003549974,0.714510222789433,3.766317422092447,0.0001656731363871884,0.00025384376831757863,fimZ
b3010,218.5224901172662,2.684272361053462,0.2142779442038176,12.527058587514853,5.3095583490607634e-36,2.917937060245378e-35,yqhC
b1153,7.165274103163738,2.6815381173481065,0.8545077944257042,3.138108434868413,0.0017004195871198435,0.0024216263417992726,ymfQ
b1018,462.5797761601668,2.680233788597005,0.14661685522987242,18.280529782164646,1.182716684189758e-74,1.5047164288448885e-73,efeO
b3586,54.12939110752293,2.6754196525234097,0.3280230013861992,8.15619527050633,3.4574330347591715e-16,9.675537329313334e-16,yiaV
b3086,21.349092678426814,2.67516795483311,0.4980739623792589,5.37102550403167,7.829013458481058e-08,1.4772103405158004e-07,ygjQ
b4521,5.647944932506033,2.675034544822723,0.9547350824531716,2.8018605307236415,0.005080883382801532,0.006900971506045153,ycgI
b0347,90.36338571272144,2.669866368641852,0.2656258767559526,10.051228446748162,9.072925941630458e-24,3.3710316158613336e-23,mhpA
b1993,341.35335394380826,2.6673118296837623,0.175620772417545,15.187906265109277,4.252880473747158e-52,3.3984217210097305e-51,cobU
b1628,316.7690210746069,2.665537845914803,0.17828032577032446,14.951385321949493,1.525425487517086e-50,1.1780566659737214e-49,rsxB
b2972,48.12308124207164,2.6603134142690696,0.3417316012116019,7.784803643669437,6.982156079527889e-15,1.857126952391648e-14,pppA
b2574,285.0018306911088,2.6586630039783055,0.17483633648130464,15.206581523530138,3.198127923429268e-52,2.5737036780503908e-51,nadB
b2679,199.66124591210192,2.654871956885984,0.2044338213025466,12.98646153542752,1.4602375199319263e-38,8.582063501655994e-38,proX
b3719,42.327760764857864,2.6537082411163055,0.3750686346598646,7.075260354742411,1.4916843390367382e-12,3.641927044059746e-12,yieL
b2711,109.95793063095967,2.652415413070052,0.2606805270259197,10.174965669017233,2.5649042047110882e-24,9.724985623719388e-24,norW
b3664,81.0666550057484,2.6514536879899264,0.2731132733669108,9.708256414282225,2.7805266721987773e-22,9.79974252283348e-22,adeQ
b1888,86.6829823408592,2.644491758411173,0.2718763855435599,9.726816667523607,2.3173143531698695e-22,8.200014294737754e-22,cheA
b3487,2655.298321171435,2.641875279260041,0.11293398062912179,23.393094483546367,5.024420791292915e-121,1.4087579823739752e-119,yhiI
b0356,1786.2555386131683,2.6418172588196986,0.15639275708461306,16.892196979367775,5.135458243656469e-64,5.319126397311947e-63,frmA
b2713,56.66272531928028,2.634816510413414,0.33031982548829136,7.97656182615902,1.5046581370735359e-15,4.088583407035621e-15,hydN
b1840,1244.1524007907092,2.6336266695992663,0.15902993340432417,16.560572045914316,1.343109925722521e-61,1.3138599762290082e-60,yebZ
b1657,966.6901324921779,2.6322832168656913,0.1319391746157721,19.95073278676572,1.4770765316948686e-88,2.381718275648649e-87,ydhP
b0544,12.376979545912812,2.6299513779640544,0.6560912813200623,4.008514444320256,6.110190214249842e-05,9.64052233803864e-05,ybcK
b2940,5.581353946426812,2.6291990786410806,0.9998991839382417,2.6294641708633217,0.008551954308177371,0.011366456178924152,yqgC
b3683,26.195042226307013,2.6209523371279286,0.45819013891797505,5.720228600548582,1.0638082677202132e-08,2.1046669638221925e-08,glvC
b3151,683.4278047849001,2.619047022367318,0.13937186285278708,18.791791748767203,8.815224032786794e-79,1.22027094944426e-77,yraQ
b0721,984.5794317713131,2.6179513979046334,0.1785712326785141,14.660543910887323,1.1534525973946905e-48,8.605929379205809e-48,sdhC
b2547,155.60430831050783,2.6134433571789897,0.21839712666797967,11.966473172296366,5.324412050633703e-33,2.6634161189647225e-32,yphE
b2004,5.5344710147126,2.6124109471213375,0.9730403755338629,2.6847919293051192,0.007257497192820003,0.009716393747808288,cbeA
b2155,495.5944126695287,2.6085218325711548,0.17043512375821673,15.305071953781459,7.072373564038962e-53,5.797502500726166e-52,cirA
b0372,8.265061468215011,2.604214049207603,0.7813755491026558,3.3328583831402505,0.0008595868380440025,0.0012529474374402977,insF2
b4500,294.4897842697994,2.60234833027728,0.1656014450620897,15.714526701754137,1.2027603615767093e-55,1.0361156774287034e-54,yfaS
b3684,47.27271867683877,2.6019821243237207,0.35849451542832483,7.258080702336281,3.92621295812179e-13,9.814417627286836e-13,yidP
b1206,643.6406954511705,2.5994834951015564,0.14360959834714931,18.101042862175493,3.126910385437471e-73,3.8773688779424646e-72,dauA
b2056,19.036631212072837,2.595512047951661,0.5128037169844375,5.061414264340111,4.1615787179026e-07,7.510975611401084e-07,wcaD
b1439,598.7796669449772,2.5932114152864223,0.15249860399522525,17.004820682605175,7.563626338167095e-65,8.022911600147362e-64,ydcR
b1296,1540.1029472919115,2.5902447694849817,0.4413192207437564,5.869322358359184,4.37579913895105e-09,8.860288780893525e-09,puuP
b1459,29.443773108605395,2.587079739496988,0.43559422098915396,5.939196653303178,2.86422125761073e-09,5.856155121227326e-09,yncI
b2715,363.1800879465782,2.5858297843141633,0.1576775281025604,16.399482002484376,1.9287559103802215e-60,1.8417317825366019e-59,ascF
b4556,57.86094929280164,2.584628150281103,0.3089838850964693,8.364928641745003,6.015131924829565e-17,1.731760021785464e-16,glvG
b1112,1745.4654445374038,2.5816591312548365,0.25276002875817033,10.213874179152175,1.718625656038568e-24,6.578600119897198e-24,bhsA
b3136,14.91992741348274,2.580232740790459,0.589287563472154,4.378563032261217,1.1946439055846623e-05,1.974032459603485e-05,agaS
b4110,58.812336589937736,2.5755874893742696,0.3153914554539911,8.166319806181283,3.1793972640481523e-16,8.903121346272244e-16,rdcB
b4281,33.302570538766,2.574222670008428,0.4121949980232,6.245157467591444,4.233733690182584e-10,9.055828816415808e-10,yjhD
b0512,75.37950380857238,2.574135585744151,0.2799470632010924,9.195079799408685,3.747163643795915e-20,1.2236657537084287e-19,allB
b3216,68.1272340688371,2.570460266657626,0.28900795504460114,8.894081362780964,5.890452841262754e-19,1.8402961963973483e-18,yhcD
b4665,7.960054239954637,2.567937731759427,0.799817500553407,3.2106545930573263,0.0013243301303629863,0.0019026440058282851,ibsC
b1941,44.146620833421586,2.567792795902246,0.34935195802138214,7.350160023276824,1.9796970068341486e-13,5.022839322238571e-13,fliI
b3820,173.0770783790016,2.5674477389479446,0.216024103147649,11.88500589303748,1.4162508592113458e-32,6.997010417787144e-32,yigI
b1592,169.94968568089874,2.562200067594197,0.20456649204831062,12.525023242756225,5.4475390214760464e-36,2.990033263408673e-35,clcB
b1351,9.078265728829543,2.559146238600738,0.7737250842709779,3.307565297578566,0.0009411076887227345,0.0013676976050701476,racC
b0312,2186.0644955823805,2.5495630418531747,0.16303170019542915,15.638449692893872,3.9830735885502595e-55,3.4045611527763575e-54,betB
b3328,3.877510216841388,2.5492173603518666,1.1470044111496487,2.222500049321321,0.026249530703254434,0.0331755481354367,gspG
b1884,43.49534984882263,2.546743987156036,0.35459715074327514,7.182076849229547,6.866030627205541e-13,1.6979925180313929e-12,cheR
b4310,106.83192978302748,2.53090908972603,0.24478668621440897,10.339243236085165,4.682202882238243e-25,1.8239873528860834e-24,nanM
b4661,325.46768908906574,2.530672322845369,0.18461426228802916,13.70789174943102,9.106560091830933e-43,5.912548307409995e-42,yfcU
b3048,15.776620140353058,2.528128338566434,0.5899699933442046,4.285181224617732,1.8259028661206308e-05,2.985744582712859e-05,yqiI
b2368,14.158910232661336,2.5266557362971334,0.6216956894685696,4.06413584507388,4.821074286393817e-05,7.6504574652868e-05,emrK
b1041,11.615771093888176,2.5243450186568723,0.6600626191859883,3.8244023298425547,0.00013108969948343724,0.00020176813186226949,csgB
b4075,6.54500052449304,2.5218726709465975,0.8453015342703204,2.9834000870748723,0.002850650907694971,0.003967298544316555,nrfF
b1281,575.6771233142683,2.5198365492886245,0.17451569234372064,14.439025599632803,2.9396864761232083e-47,2.1041463199828235e-46,pyrF
b2570,1275.3664798167163,2.514872480473255,0.12568064096880083,20.01002271382075,4.504433099334689e-89,7.398699441519142e-88,rseC
b2484,28.128467695377683,2.51199958596394,0.4354861301027771,5.768265421842699,8.009159601299018e-09,1.5989261027173822e-08,hyfD
b0807,672.4979128799736,2.51071204460702,0.1397487927806509,17.965894335472527,3.604222205729623e-72,4.3587324586873075e-71,rlmF
b2049,64.30482266500799,2.510164282194472,0.32573802797346413,7.706083007290016,1.297382589271582e-14,3.4239077685692474e-14,cpsB
b4463,65.92931362107872,2.5094042612915253,0.29234220331139465,8.583790615474628,9.179699198499507e-18,2.724816983937615e-17,ygcU
b0573,7.807685288710601,2.502303152721348,0.7814362541845378,3.202184617518941,0.0013638955678783988,0.001956932297848993,cusF
b4597,16.80466267967096,2.4927890024733146,0.5529819176742142,4.507903283633092,6.5471406273959325e-06,1.0987614579411701e-05,rydC
b3456,108.5240524473429,2.491006167416363,0.23566872574804174,10.569947961952105,4.1072247204151307e-26,1.6526511169348634e-25,livM
b2082,78.16208876283687,2.489781518572862,0.2701539270003841,9.216158899549596,3.0793370011431277e-20,1.0100776064852495e-19,ogrK
b1202,409.3884189827473,2.4884536069555825,0.1500993630041958,16.57870864439326,9.934059518705465e-62,9.739360802080502e-61,ycgV
b1194,22.78659019124017,2.477559128767478,0.4647639861656962,5.330789825621701,9.778653749926072e-08,1.8286165593532102e-07,ycgR
b3240,241.75929622269095,2.4745202567412816,0.19178897059629513,12.902307411357901,4.368188060741149e-38,2.526775800707298e-37,aaeB
b0365,30.48654335445021,2.4744289975508518,0.4197940487718826,5.894387985703591,3.760726022457484e-09,7.63241860343838e-09,tauA
b0916,359.26084957249356,2.469375661050987,0.15424415376348694,16.00952516383505,1.096433714058543e-57,9.992756126885519e-57,ycaQ
b2226,118.1433021229858,2.4683267683950483,0.22543699803611048,10.949075750199938,6.712906296077817e-28,2.855093093269039e-27,yfaQ
b2757,22.532956155014514,2.4674208128573425,0.46464369554788454,5.310350353399036,1.0941469373265432e-07,2.0365474918018789e-07,casD
b1019,383.67720875532615,2.4644492038432224,0.18874293506563447,13.057173255180237,5.783569621004201e-39,3.4450978987361966e-38,efeB
b3874,71.34081136323302,2.462680428706992,0.27625243838854946,8.914601597989257,4.895732690773556e-19,1.5316997373692392e-18,yihN
b0998,137.60803515261264,2.4596959819189546,0.21775184544828918,11.295867444223672,1.3753929462475872e-29,6.165457993260569e-29,torD
b2083,23.69389395525468,2.4587154086254706,0.4656898495866089,5.279727292334293,1.2937629865838963e-07,2.397955649238868e-07,yegZ
b2014,631.6048762548269,2.4584905848192804,0.16083165428105117,15.286111405178366,9.463461146094652e-53,7.728785893341124e-52,plaP
b4585,57.24288799711879,2.4568572174386727,0.3271396168759864,7.510118281913956,5.907396333309477e-14,1.5260773861049482e-13,chiX
b4703,111.20691006488131,2.456496553945537,0.24577637969823643,9.994843918531215,1.605399432643966e-23,5.918733921690736e-23,pmrR
b2755,98.63121753653763,2.4547393007907066,0.24536214865776865,10.004555772840819,1.455434192898055e-23,5.37936298668114e-23,cas1
b1074,3.7289362483866455,2.4532547042374637,1.1386971441267708,2.154440025507207,0.031205680537295562,0.039113726003751445,flgC
b0818,677.8897756973671,2.450792332304663,0.1679976670955903,14.588252174419589,3.3363616578943394e-48,2.455963882617204e-47,ybiR
b3669,496.20223867638725,2.450543082078145,0.15040938936738338,16.292487406438145,1.1159651824128074e-59,1.0587238648666333e-58,uhpA
b0108,9.806807835111828,2.4485212903750866,0.7176086419759844,3.412056582307755,0.0006447472861464008,0.0009476385821757784,ppdD
b2002,18.633248731805093,2.440669448372553,0.5213657159030868,4.681300234989431,2.850610919601334e-06,4.911306954240733e-06,yeeS
b2223,28.427380972439817,2.440572511480593,0.41719598197400837,5.849942513666496,4.917429369573737e-09,9.929598204065865e-09,atoE
b1558,102.00553589304866,2.43960697635342,0.26333171159935415,9.264387344525973,1.9620043614482998e-20,6.479177193619967e-20,cspF
b1968,157.95398566544338,2.435914978153956,0.20616796281803557,11.815196429446711,3.2578658761688075e-32,1.5952308772964505e-31,hprS
b1730,17.405828920286933,2.433665681490317,0.5260846564273839,4.625996314010041,3.7280192764883846e-06,6.363218633230659e-06,ydjO
b0022,7.396604721306552,2.429929820306252,0.7968006921186117,3.049608069296873,0.002291401773065895,0.0032154130076621195,insA1
b1360,36.31287840673709,2.4261446944253935,0.40725282040212496,5.95734289090938,2.563719752032297e-09,5.249067138812172e-09,ydaV
b4030,162.40926937914375,2.424810507350973,0.20125416430103782,12.04849855292395,1.9751495445404166e-33,1.0005302986268024e-32,psiE
b0746,54.87290391487929,2.4236510178779294,0.37709679784784017,6.427132321754376,1.3003362539645563e-10,2.8549028378812854e-10,valZ
b1044,25.747558704182172,2.4206873813668346,0.45277990178513,5.346278339261598,8.978111052124746e-08,1.6853579894009863e-07,ymdA
b1946,7.365289954561617,2.4187392020149954,0.7992813377361587,3.026142470516954,0.0024769556152711312,0.0034658482576044244,fliN
b0693,58.56879354662925,2.418433052333341,0.3008381147067247,8.03898486962324,9.058576375161611e-16,2.4922408252163383e-15,speF
b1456,22.154941363074514,2.4169547124855257,0.4873716985638144,4.959160984537677,7.079828116654265e-07,1.2637850332693147e-06,rhsE
b3976,4.803814157658505,2.4167598149857117,1.0196917043146594,2.3700887285437213,0.017783816877349968,0.022910261016708972,thrU
b3817,18.223640464987376,2.4114827242768366,0.5077856631355043,4.749016956064246,2.044078059657362e-06,3.5509201336273514e-06,yigF
b3816,838.5532840637306,2.408263629464906,0.15101170301770378,15.947529769812439,2.963906168578968e-57,2.6790790460132686e-56,corA
b4648,21.522272238734136,2.404046574833184,0.502103874625353,4.787946670650518,1.684964068783295e-06,2.941003898011128e-06,ysaC
b0323,36.49242818258742,2.4006897522825326,0.389177434558777,6.168625257022601,6.88862697303876e-10,1.4508964562352452e-09,yahI
b4038,13.25895160021252,2.395509829483235,0.6137212370534472,3.903253928419324,9.490803749551142e-05,0.00014778393387168066,yjbI
b1580,35.0583920381603,2.3954292810516336,0.3834938302241728,6.246330689730722,4.2020704580545876e-10,8.996845406788081e-10,rspB
b4642,57.97472750058671,2.3947589581096804,0.32178625236610153,7.442079767239788,9.911234167358314e-14,2.5410164708626264e-13,yoeD
b1645,315.52380042006496,2.391685514011875,0.17119858315972697,13.970241282782409,2.3682298493767165e-44,1.5891688714872416e-43,ydhK
b2120,86.48458156848814,2.3916090059816018,0.2515343272375196,9.50808198724799,1.9421017957087204e-21,6.637524926016915e-21,yehM
b4064,587.0430965183403,2.3905964220695184,0.15132095732718245,15.798184628852365,3.2020547349191497e-56,2.7967152664908924e-55,ghxP
b0620,70.8894165349249,2.390575926253871,0.2991687215451174,7.990728154692302,1.341440607891949e-15,3.654097497487846e-15,dpiA
b3140,17.818954258426402,2.3855551149087777,0.5254032728906224,4.540426826395882,5.614046065246819e-06,9.461344096177832e-06,agaD
b1523,39.43584354165678,2.37984817209995,0.35915133681433825,6.6263102156576466,3.441814805278207e-11,7.797667922200035e-11,yneG
b0229,153.8081963478223,2.3767599551481426,0.2122927902649503,11.195669679511239,4.281547796934857e-29,1.884737340210724e-28,lfhA
b2886,56.27004861992248,2.3721348122739734,0.34907276980033364,6.795530953705763,1.0791434305745039e-11,2.5174294548961133e-11,ygfS
b0252,14.218461190041294,2.3719386780048173,0.572697721076681,4.141693935057981,3.447501924024437e-05,5.542696665286914e-05,yafZ
b3269,30.55643786044367,2.370790152089045,0.4246340785619047,5.583136803617194,2.3621878647817315e-08,4.592911210587095e-08,yhdX
b0583,38.62872881765289,2.370555037254899,0.42844236477921693,5.532961331861949,3.148689056446757e-08,6.073851545345585e-08,entD
b1937,9.571798803360833,2.369823682259367,0.6852425352703885,3.4583721241476395,0.0005434501887113266,0.0008016983011753552,fliE
b1032,4.851273458864123,2.369345175269794,1.0050428634923476,2.357456842225351,0.018400594050107084,0.023628767505417557,serX
b1555,4.670867182568177,2.3658970554488525,0.9876759465659032,2.3954183188068425,0.01660141271239424,0.02148131062902982,ydfR
b0043,30.764882094816397,2.3639429102857816,0.39757933637852144,5.945839468968663,2.7504359917631164e-09,5.626124180177156e-09,fixC
b1776,87.42003884287668,2.3614708812086866,0.2683770585558651,8.799078780860569,1.3794382405399883e-18,4.2404239768554674e-18,ydjL
b0569,644.9195634297154,2.359541410031894,0.14787714489296247,15.956092550608783,2.5841161525655457e-57,2.3454184131120686e-56,nfrB
b4713,4.728398487128323,2.3592727408613468,0.9983443810694259,2.363185275139321,0.01811860889398587,0.023321086652434445,agrB
b1300,2916.495602340283,2.355219956742443,0.6933406128897456,3.3969161952394793,0.0006814983474548244,0.0009996520244905489,puuC
b1312,56.73997088788698,2.3552151276051627,0.33101461999724413,7.115139287880309,1.1179987092600825e-12,2.744802185255373e-12,ycjP
b0591,416.9959227810766,2.350193641733197,0.20808128892941963,11.294593828330107,1.3954770240388503e-29,6.249124984556479e-29,entS
b0251,4.7447886522671325,2.349275722672646,1.0632540451237287,2.209514963471656,0.027138842785793312,0.03423071230460234,yafY
b2485,9.261763124688324,2.3439648829905693,0.705297486506827,3.323370532056874,0.000889366954735947,0.0012954974635167567,hyfE
b0539,5.784214806556601,2.3421940130198173,0.8986038407443162,2.606481195406166,0.009147784679681912,0.012140050696400295,exoD
b2371,57.629875703009986,2.3420842996332705,0.3534910065565395,6.625583837190675,3.458783573981944e-11,7.832080911866523e-11,yfdE
b0685,193.13030627714406,2.3364539179547745,0.22475827261142917,10.395407878908763,2.6017141068102257e-25,1.0225665623373762e-24,ybfE
b1969,160.81606400467192,2.329035476216449,0.2027588803337087,11.486724884173897,1.5383412467724394e-30,7.113212361651552e-30,hprR
b4646,10.426776816637409,2.3272107413886656,0.6582494175609003,3.5354543115465127,0.0004070746323019084,0.0006062051865334915,yrdE
b2047,62.09550810923016,2.325090585623438,0.3033105297047339,7.665710082293756,1.778445049920486e-14,4.671071067869916e-14,wcaJ
b0169,26761.071940666676,2.324526765886689,0.15518801737165536,14.978777390523303,1.0105901206375801e-50,7.859748606089448e-50,rpsB
b0221,8087.312210589068,2.321546903276948,0.15334271366053043,15.139597101538067,8.875577294334028e-52,7.027030800298271e-51,fadE
b2256,170.71301068725964,2.320956371195726,0.1918108711968753,12.100233718314584,1.0531091961476042e-33,5.371711102481754e-33,arnD
b0945,248.77215736124074,2.320333615212151,0.190716959525154,12.166372728410229,4.6948584876454624e-34,2.419996143163387e-33,pyrD
b0278,10.431687926771707,2.3177022740190303,0.6526160666282996,3.551402413356593,0.0003831840599320967,0.0005721764694101389,yagL
b2975,199.20723211643494,2.3142994317125583,0.18866687064666443,12.266591499504868,1.3689581257651428e-34,7.191114164222146e-34,glcA
b3144,73.21736064992982,2.302825370885224,0.2705855316191523,8.510526623893693,1.7314514279675597e-17,5.0609888352677275e-17,yraJ
b0358,95.1001430635974,2.3026397404872867,0.26969220333353444,8.53802858230781,1.3653115373073117e-17,4.025520018236293e-17,yaiO
b0295,23.81751093173827,2.302623769066637,0.4561635955474205,5.0478025680750935,4.469206369543329e-07,8.059584776210461e-07,ykgL
b0514,140.90569437022052,2.2992219550681403,0.2222947711354745,10.343122077607983,4.496451421867101e-25,1.7533891160418327e-24,glxK
b2856,5.848185449074236,2.298316082802163,0.9195835576194787,2.4993009757066584,0.012443857490115654,0.01630778823205987,ygeL
b4086,13.908632489363013,2.298154558796377,0.6708864307218689,3.425549323338645,0.0006135575202485552,0.0009027006029860093,alsC
b1313,92.73075559060027,2.2961399055570633,0.31300316389833016,7.335836088554353,2.203415579258808e-13,5.580802865303379e-13,ycjQ
b0162,462.4448563965461,2.296110298108303,0.1421848657432715,16.148767213060157,1.1585399518810742e-58,1.0782014520466148e-57,cdaR
b3878,30.566137055897457,2.2957621134830624,0.4103276855568952,5.594948121444115,2.206877489870213e-08,4.294727988686418e-08,yihQ
b1303,483.9397189058033,2.294296482300744,0.14160464990082952,16.20212672329275,4.871284513222082e-59,4.572152329894159e-58,pspF
b1564,580.4555265531066,2.294182234732323,0.15883255571781504,14.444030220153426,2.7337800099671545e-47,1.9599510755497416e-46,relB
b2334,11.319051857023808,2.2921461289864626,0.6724022216858662,3.4088913674906194,0.0006522744846172385,0.0009583819363434859,yfcQ
b0650,90.08517974476935,2.291978638235344,0.2446704889289495,9.367613757868927,7.419083060112221e-21,2.481672008405319e-20,hscC
b4284,4.49269606212052,2.2895871538694563,1.0069134725383584,2.273866837929546,0.02297399410715275,0.02921187812238198,insI3
b1422,1211.093819752473,2.2885532596865765,0.175839671700218,13.014999616174439,1.0054280107696208e-38,5.940797454238753e-38,ydcI
b2333,14.825348573954775,2.28827987503025,0.603072107085894,3.7943719302281322,0.000148017657793871,0.0002273460326617656,yfcP
b0042,27.348662111948872,2.2876816262858912,0.4395967499808585,5.204045813317556,1.9499590141342968e-07,3.5840165261875465e-07,fixB
b0948,2130.1250965638033,2.2867773095149526,0.11310492478593268,20.218193980881093,6.77171072421443e-91,1.1553903336430977e-89,rlmL
b0939,11.20645908430748,2.2841269199858587,0.7153784734689361,3.192892999575339,0.0014085512960341515,0.0020183733089656035,elfD
b2702,79.60273802094777,2.2830199055290454,0.2901101427185285,7.869493579699086,3.560796857405874e-15,9.563531279011994e-15,srlA
b4672,25.86372597249377,2.279085774430874,0.4572378234395972,4.984464664988393,6.213359880827097e-07,1.1113860298821974e-06,ymiB
b1559,35.694566765668746,2.276446108877353,0.3758838653694585,6.056248534743092,1.3933267571708217e-09,2.89449003542518e-09,ydfT
b0338,142.67933255877435,2.2706689628537746,0.21756557716342476,10.436710588404146,1.6855023915355807e-25,6.648370544390347e-25,cynR
b0497,379.74115000861747,2.2668985058875655,0.18562647125935353,12.212151049945355,2.6771621189047147e-34,1.3930103602149592e-33,rhsD
b2546,73.9388443614511,2.2641009820611924,0.2655958309409369,8.524610397836712,1.5332501311600044e-17,4.496580331356655e-17,yphD
b1673,89.64036324915433,2.2622243211507973,0.2580181656516693,8.767693993316943,1.82362653390761e-18,5.5708563513263694e-18,ydhV
b2533,511.79969121118023,2.258043596459363,0.19431042110925242,11.620805428596967,3.230759818378282e-31,1.5292263140323868e-30,suhB
b4699,10.010773872464176,2.2507607551891824,0.6613930508277401,3.403060785674014,0.0006663545390579948,0.0009780902570634524,fnrS
b0797,754.3204626084115,2.2499052191594195,0.13925905383402795,16.156258119065686,1.026036502662844e-58,9.569094671020845e-58,rhlE
b0498,4.4772423362708045,2.2494911800738406,1.0047891515514116,2.2387693742518895,0.025170925946741175,0.03186724648189665,ybbC
b1317,12.141760977090259,2.245936133221859,0.5986735196462907,3.7515207529954004,0.00017576520104478893,0.00026902587447815053,ycjU
b2407,29.917672743858954,2.2445512332489184,0.39629191653790824,5.663883464638397,1.4798492846248035e-08,2.909466972272615e-08,xapA
b3662,222.8750017915213,2.2414037550349994,0.20110162780261218,11.145627111656253,7.521256859087235e-29,3.2911106057357864e-28,nepI
b2069,420.26198222579904,2.240030263704669,0.19045928041565677,11.76120301838821,6.184672709688881e-32,2.9950417236579157e-31,yegD
b0104,986.7879703946752,2.239209771232543,0.13642929495015227,16.41296887190315,1.544639436403487e-60,1.4781527824017718e-59,guaC
b4278,233.53974184774424,2.2371260916603717,0.17205850479569926,13.002124447824972,1.1899117418876987e-38,7.021436310709986e-38,insG
b2629,13.211246213744486,2.2366545566188956,0.5821299358993662,3.8421912681115744,0.00012194074945183558,0.00018841108427061434,yfjM
b4520,12.081681692131951,2.2361365848688117,0.6039047596241628,3.7027967559991755,0.00021323570768417533,0.0003246847406522794,ymgF
b2161,79.93860901931103,2.2330966186417167,0.25515644139558624,8.751872405915854,2.098415812689205e-18,6.389314268617538e-18,nupX
b3800,344.01833383394523,2.232865899628108,0.15513996324176907,14.39259010361131,5.759778373605651e-47,4.09604917618935e-46,aslB
b2918,51.00152372663316,2.2262028110127345,0.3267345967443171,6.813489704473589,9.525917901416228e-12,2.2269299310692635e-11,argK
b0842,953.644685737948,2.225117910099336,0.1820925226173091,12.219710497260275,2.439518899124974e-34,1.2723651888564141e-33,mdfA
b1080,29.139745972528065,2.224810098452902,0.429413349770102,5.181045488324977,2.206456706777415e-07,4.0419568968931257e-07,flgI
b2638,8.672625875956179,2.2242161353422327,0.7794900644257502,2.8534246128984484,0.004325078845039164,0.00591824590483755,yfjU
b3458,78.30414501930166,2.2214924132914775,0.274403416141815,8.095717045094597,5.692801133421368e-16,1.5750918032256982e-15,livK
b0342,20.526066818258627,2.220589561010895,0.474895736813321,4.675951769775093,2.9259337372905087e-06,5.033200590681055e-06,lacA
b3846,3351.2103946050324,2.216275888752079,0.2073767382226046,10.68719620024624,1.1685011506658305e-26,4.77156035735713e-26,fadB
b4572,75.84902448734572,2.215305928266623,0.2597665585232467,8.528064354628517,1.488167510956673e-17,4.37310639735065e-17,ylbE
b3727,317.7732085696399,2.2065610566757594,0.2484710371287232,8.88055639069364,6.652675775777181e-19,2.071080535005032e-18,pstC
b1152,25.79015279071234,2.203876432541941,0.4508729049520665,4.888021454241614,1.0185443291521716e-06,1.802827558073124e-06,jayE
b1697,21.612585466902377,2.2006523666614815,0.48475552029246755,4.539715948636876,5.633006240198293e-06,9.489664550077644e-06,ydiQ
b0909,48.66849081146011,2.1984419421524164,0.32328587504054046,6.800303112150288,1.0439925986999339e-11,2.4367207950567916e-11,ycaL
b0230,78.00264296270328,2.19402873348042,0.2734708331161686,8.022898487855965,1.0327869708208125e-15,2.8308395053257883e-15,lafU
b2559,439.05376841559547,2.189735817624275,0.1691685902111977,12.944103955057555,2.5370610749950324e-38,1.479224218824918e-37,tadA
b3717,91.33025847646651,2.18776918099061,0.24066454805739346,9.090533685372192,9.855409418563709e-20,3.152871530560861e-19,cbrC
b1789,126.4415476061266,2.1874955915990295,0.21694238955626988,10.083301820696704,6.548773065292479e-24,2.4492522543260402e-23,yeaL
b2058,8.519611093215591,2.1855547161334297,0.8207233981372279,2.6629613839375357,0.00774563023673439,0.010325943156300662,wcaB
b1526,343.46573425071034,2.1826229237157255,0.15268981670210888,14.294489120868665,2.3683741793471214e-46,1.6654286162118256e-45,ptrR
b2817,925.9778444690365,2.179450234139469,0.12814597123839364,17.007559528227183,7.21825666961865e-65,7.675064217309492e-64,amiC
b3173,91.59894808563821,2.1746502868685575,0.24333466865920278,8.936869944801076,4.003491057515385e-19,1.2579134643242486e-18,yhbX
b1925,6.305880102572998,2.1698298300797587,0.8358390135309249,2.5959901308189868,0.009431877434451704,0.01249823132644684,fliS
b1643,60.08701727231908,2.1695726100444497,0.2991806547699509,7.251714225014648,4.115294764000748e-13,1.028123016522775e-12,ydhI
b0958,1693.7613773838184,2.1624569176517303,0.11317771699500886,19.106737395551942,2.2191683355589125e-81,3.195458678663719e-80,sulA
b0385,110.87805722433707,2.157834998584412,0.2396926875698694,9.002506586503236,2.2062195231064643e-19,6.976852256260529e-19,dgcC
b1010,5.257817317365088,2.154832489796794,0.9143182834854539,2.3567640817401156,0.018434954568797426,0.023665987171725363,rutC
b3877,18.792082961155973,2.1520761850172425,0.48241472611404046,4.461049940064439,8.15590796438672e-06,1.359935865879937e-05,yihP
b2558,219.98964639406574,2.1497528784002475,0.1839690647529181,11.685404180792567,1.5135783519657465e-31,7.210792105360624e-31,mltF
b2724,12.664483888568958,2.149644021385297,0.5877851862523654,3.657193259821876,0.00025499212571444997,0.00038533310586852344,hycB
b2981,46.64155540365849,2.143694191969792,0.3267743484530442,6.5601666780702965,5.374766734163719e-11,1.2034447184022732e-10,yghO
b0314,2177.678087332363,2.1411118324822342,0.18148575621336155,11.797685268286628,4.0119582437039173e-32,1.955774107285121e-31,betT
b1316,146.0037337892642,2.1404376875505613,0.19781463173332922,10.820421466274807,2.755074949185252e-27,1.1484696899918068e-26,ycjT
b3677,162.9073115299332,2.1377017002953225,0.19281525866820767,11.08678698491302,1.4541739330449197e-28,6.319125027901023e-28,yidI
b3561,105.68475946948507,2.136673677520253,0.23272165327559696,9.181241399097189,4.26149916499552e-20,1.3813784480346302e-19,wecH
b0366,27.063723033419716,2.132243508116576,0.4211625972170408,5.062756099914901,4.132383893161388e-07,7.461342862057601e-07,tauB
b2541,125.42151127574932,2.1311949487136954,0.2118044965036455,10.062085479271278,8.125848337568122e-24,3.026225413026639e-23,hcaB
b4488,1041.1807656690185,2.1269278642698826,0.13314212630802685,15.97486778413914,1.9125950386069204e-57,1.7395130908982775e-56,ilvG
b0614,8.534326675781395,2.120936692150918,0.791514179502075,2.6795940579171362,0.007371149115213244,0.009856560876418195,citX
b4111,4064.8091844279957,2.119833922774027,0.15382330571943117,13.780967148375659,3.317971134232368e-43,2.1734685912040005e-42,proP
b1759,71.03787292104927,2.112616592372075,0.2701995115019124,7.818728393064184,5.335960137304312e-15,1.425297119199853e-14,nudG
b2958,748.6108603156999,2.110676314088126,0.14354181735975047,14.704260771606794,6.052828962292874e-49,4.5236932244504634e-48,yggN
b1788,45.1315836293854,2.1058204551898125,0.32006587301645706,6.579334545553177,4.72558430527547e-11,1.0607864411944221e-10,yoaI
b1282,51.0402366159299,2.1048564076920644,0.3004908677905347,7.004726709895595,2.4746840299973123e-12,5.978901811222925e-12,yciH
b3521,164.23678447951164,2.103795300906213,0.18994294944231332,11.075932573876067,1.6416204104989478e-28,7.119618765533367e-28,rcdB
b2838,290.42212843947203,2.1015178282038907,0.18129162756372277,11.591918813047345,4.5287188218118835e-31,2.1367009918130663e-30,lysA
b2810,2912.179157380798,2.10118918058955,0.10007598116279533,20.995938847419435,7.143757937563053e-98,1.3914523204049803e-96,csdA
b1742,55.918266548903404,2.0975733356290247,0.29794030911717595,7.040246893226109,1.918994968265233e-12,4.672243280035152e-12,ves
b3539,147.945548634235,2.0970035062282304,0.200373309536036,10.465483207737787,1.2443999125521884e-25,4.930556629212181e-25,yhjV
b1671,45.41165208289622,2.0966281820549377,0.3416191664695425,6.137325969507233,8.392207365740538e-10,1.7616832057219764e-09,ydhX
b2085,21.45229082710095,2.0939197245890533,0.4504019468454697,4.649002383880603,3.3354435827964572e-06,5.71086061900817e-06,yegR
b3424,402.17058864791875,2.0929811517076407,0.15752460690408424,13.286693379797125,2.7653089064583374e-40,1.6836638736140525e-39,glpG
b0848,142.35094286191148,2.09259224564861,0.19937323446265484,10.495853424299936,9.025835824085273e-26,3.592380587488551e-25,ybjM
b0988,19.4439537125279,2.0899918678810727,0.48602378744671,4.300184315793863,1.7065611279076524e-05,2.7957878991624435e-05,insB4
b0306,97.14987505773007,2.0898532143676305,0.23703269913144,8.816729599019412,1.1785139379147484e-18,3.6278450032872185e-18,ykgE
b2841,418.02185049464384,2.0875825175582965,0.15092153796759833,13.832237238441634,1.6287490722374687e-43,1.0797821409622497e-42,araE
b3088,419.344183734355,2.083606776720936,0.47492389969888144,4.387243467936687,1.1479626570696926e-05,1.898321418640416e-05,alx
b1786,243.39565194746785,2.081012468446476,0.2036341069337339,10.219370908841288,1.6239131328612726e-24,6.226886420605681e-24,dgcJ
b3454,48.07655022970054,2.076194128114778,0.310397344762594,6.688826960497183,2.2496654674066202e-11,5.1712936749472284e-11,livF
b0590,292.154156811472,2.0745623496185543,0.19158454713701334,10.8284430066007,2.5241064269477667e-27,1.0561897805536188e-26,fepD
b1652,355.43923645420597,2.070657248827102,0.15393992311969415,13.451073684226065,3.0343411207727225e-41,1.897325229210444e-40,rnt
b2722,22.235578374119047,2.0685977379161433,0.44664072355269796,4.631457967965778,3.630997176750405e-06,6.200019228881026e-06,hycD
b2806,873.6127254325564,2.0634558160233216,0.1236247450852261,16.691284698712934,1.5167160769154012e-62,1.5071296096120984e-61,rlmM
b3704,156.2003958357968,2.0615503741279144,0.19564764328003204,10.537057025405623,5.82946433984955e-26,2.3370949020052568e-25,rnpA
b2164,279.83456804450054,2.0614071962773965,0.17591863956526863,11.71795780919839,1.0312809842001168e-31,4.934455317879254e-31,psuT
b1047,126.68681780090863,2.056370992502184,0.21614035967699693,9.514053717571546,1.8337417541408034e-21,6.276929394811677e-21,opgC
b3369,13.049347463573504,2.0558129274723314,0.6252587544400903,3.2879394536639164,0.0010092354171917857,0.0014623615228697303,yhfL
b2044,123.32502147081807,2.0548154553025437,0.21522977039023655,9.547078229823526,1.3340554991100924e-21,4.5914873393922024e-21,wcaL
b3123,468387.1403010462,2.0539173655125307,0.16097308547983097,12.759383715545884,2.7637898122871644e-37,1.5518115757255227e-36,rnpB
b0450,21.76756767304943,2.0528268904783302,0.4419887950025773,4.644522471358939,3.40863948333018e-06,5.831648272685367e-06,glnK
b2527,466.9187227288812,2.0524825658169936,0.1683799364578886,12.189591046260517,3.531893114886377e-34,1.8291051166740977e-33,hscB
b0038,126.62418638314438,2.0521907169853857,0.2087064327951709,9.832905912389633,8.124010143562203e-23,2.9265051270017035e-22,caiB
b3425,163.52614011157166,2.04700644585042,0.2175332933456562,9.410083460639592,4.9574311164632405e-21,1.668395395617063e-20,glpE
b0367,27.656670393039917,2.044864655596654,0.3933276405841979,5.198883690349036,2.0048892185196842e-07,3.680367948258403e-07,tauC
b2601,1028.7912164299094,2.0415635011658804,0.12945691322291794,15.77021613091003,4.987880488181389e-56,4.322175178931983e-55,aroF
b2428,276.2359635149706,2.0404218267117677,0.15966054008072864,12.779750248120644,2.127516031372184e-37,1.1991453995006857e-36,murQ
b2386,45.27017988346245,2.037480815292292,0.3193558170928062,6.3799708858918045,1.771216531957975e-10,3.857939224977242e-10,fryC
b3580,46.38534861120001,2.0370732334844845,0.31133306381997644,6.543067441954674,6.026963362091261e-11,1.3467356710622197e-10,lyxK
b0045,21.64415387819712,2.0368516022528924,0.4734659509833395,4.302002283421994,1.6926156690484535e-05,2.774603453056267e-05,yaaU
b2506,54.284318576560985,2.0344414101334607,0.34649127467963325,5.871551634350707,4.317350814891082e-09,8.749990003292146e-09,yfgI
b4249,73.1368233082762,2.0318110596075356,0.2802570866780839,7.249811534440758,4.173519509381392e-13,1.0420778718262555e-12,bdcA
b3093,1118.0009312810978,2.0302292822528454,0.12672168884625526,16.021166548024905,9.092826490118746e-58,8.321543078898694e-57,exuT
b3714,797.4490370807499,2.0299748056424796,0.15214417110829107,13.342442177410875,1.3109343192738992e-40,8.082258926391743e-40,adeP
b1601,328.24375504380674,2.0266766718431555,0.16949554544293696,11.957108763813881,5.960114370550798e-33,2.9746511858463283e-32,tqsA
b1692,16.330827013584734,2.02372507460432,0.5362539476822932,3.7738185114551137,0.0001607677349834628,0.0002465852158178408,ydiB
b2536,744.9548799963945,2.0212454859154505,0.13981586439199514,14.45648170688685,2.2816628174548586e-47,1.6465376594157847e-46,hcaT
b2383,200.67907792807762,2.020654303467671,0.17587356613868035,11.489243937172105,1.4941385326294925e-30,6.916086036419585e-30,fryA
b2101,427.57892749470983,2.020552223201424,0.1573806765709636,12.838629666777091,9.962223464223164e-38,5.673183400971587e-37,yegW
b0293,48.16665520992519,2.0194153487378173,0.35567900775170663,5.677634340870452,1.3657026219594982e-08,2.6874487893901255e-08,ecpA
b4044,991.1692361948345,2.019264228191889,0.1438316625705213,14.039080075305638,8.98716458166784e-45,6.152643621850985e-44,dinF
b2405,328.8336458731556,2.0186860725235856,0.16523470070037977,12.217083118539797,2.519638525581429e-34,1.3125974898946094e-33,xapR
b2771,37.06955259099137,2.018257399302516,0.36561950427854856,5.5201032102622705,3.388006064232196e-08,6.521207999453488e-08,ygcS
b1916,317.7067520549254,2.0174943868626456,0.1861118976118188,10.840222536823605,2.219305480020226e-27,9.29532133496578e-27,sdiA
b2921,71.03162036916522,2.014393638286494,0.2714005319373592,7.42221698648486,1.1517591353763904e-13,2.947699833678413e-13,srsR
b3718,32.787420936372556,2.013531168014544,0.37562138813051205,5.360533855742341,8.297637394704765e-08,1.5622839953588697e-07,yieK
b3058,110.76329714948189,2.013245641635343,0.2189915133441315,9.193258729034184,3.811169351750869e-20,1.2427235175116539e-19,folB
b3657,35.79533316104487,2.012824861858209,0.3501489355763067,5.748482023928817,9.00482174211093e-09,1.7920083774309363e-08,yicJ
b1008,7.736325359746601,2.012666526773197,0.7727195575854193,2.6046532755846665,0.009196727517093422,0.012193974256097966,rutE
b3393,16.50500766697107,2.0078043332967677,0.5429644118490503,3.6978562305018214,0.00021742796973878956,0.00033095363858580624,hofO
b3130,806.4306313490052,2.0076583983349456,0.15086824064183163,13.307362701346944,2.0975593914025607e-40,1.2824245056880656e-39,yhaV
b3471,255.84650516454306,2.007437292724112,0.17565589456663,11.428237564567745,3.0217975259112097e-30,1.382739366846273e-29,yhhQ
b1075,18.338736925149338,2.006817493535286,0.4889144659895403,4.104639222473362,4.049463428608144e-05,6.477375731371021e-05,flgD
b2911,13019.235510290038,2.0028720389140657,0.18290071611690092,10.950597031199871,6.601107927536283e-28,2.8102589068679614e-27,ssrS
b4400,168.80522038254296,2.001893715680788,0.20963261657876847,9.549533600028244,1.3028147634105797e-21,4.490987148420809e-21,creD
b4320,140.25489388945837,2.001216550297849,0.24705804353067676,8.100187800804637,5.487441110074667e-16,1.5197006743315438e-15,fimH
b2782,132.35627958842178,2.000394701582666,0.21869090179591383,9.147132711764431,5.846467228621059e-20,1.8854321421531064e-19,mazF
