Gene_id,baseMean,log2FoldChange,lfcSE,stat,pvalue,padj,gene
b0985,67.27542915728374,9.302446838039444,1.9518681414270769,4.765919705640624,1.8799412039615125e-06,3.2761287331110763e-06,gfcC
b1319,61.119702498262505,9.16420414875249,1.953679186280484,4.690741557317698,2.7221663848666134e-06,4.699206441640326e-06,ompG
b1505,300.23937857986806,9.018848317269132,0.8449758223052846,10.673498672025527,1.3542897660770758e-26,5.509781469751652e-26,ydeT
b1504,45.00031987372552,8.72289082449409,1.955833034736264,4.459936338926977,8.198400128706154e-06,1.3659862742832888e-05,ydeS
b4205,36.25358975338192,8.411864317268293,1.95811568371261,4.295897523949811,1.7398794763046043e-05,2.8482519355495976e-05,ytfA
b4417,33.848502581250976,8.311367423807514,1.9601288490356803,4.240214834803558,2.2330596056254787e-05,3.6312997354870174e-05,rybB
b1408,27.83288652728075,8.032601344818532,1.966578117273164,4.084557472833294,4.416089561627886e-05,7.038242668459795e-05,ynbA
b1691,27.742490327907586,8.024446599419587,1.9654213535785976,4.082812362249369,4.449394736090831e-05,7.08619234018518e-05,ydiN
b0294,23.739101853110693,7.797793729869215,1.966126963421376,3.966068252428524,7.306794712037086e-05,0.0001146684859978,matA
b2339,42.0929935597082,7.657241597461288,1.4122565943603378,5.421990329547394,5.8939071539697315e-08,1.120249537641397e-07,yfcV
b0533,39.85613536283263,7.58001673168816,1.4144098043457072,5.359137576958897,8.362016097507823e-08,1.5737321445587617e-07,sfmH
b2986,20.139647363222824,7.5633110749840515,1.9692940648093331,3.8406204589441697,0.0001227237332433,0.0001894878546956,yghT
b4365,29.53862372377873,7.145744242207711,1.4216759306538262,5.026282071837143,5.000801771426587e-07,8.996129708957842e-07,yjjQ
b1409,80.05686882720703,7.102148398210559,0.85859143505634,8.271860291437129,1.3188479383253268e-16,3.74311323308065e-16,ynbB
b0245,14.264546033164184,7.063765567507617,1.9802612942858575,3.567087630248828,0.0003609707947569,0.0005409016915038,ykfI
b0315,1421.1264687528246,7.0558360872428345,0.2279905283094924,30.947935160116312,2.70847347176373e-210,2.483895879729987e-208,pdeL
b3686,5660.756481075489,7.053827015544692,0.5034432069465412,14.01116733370426,1.3319744890251136e-44,9.048382254148997e-44,ibpB
b0691,50.189489523847925,7.006774270505933,1.0499922042977183,6.673167897653465,2.5033970556859524e-11,5.727626735514325e-11,ybfG
b4631,13.46178849364783,6.982545049642329,1.9815608911128997,3.5237600221917678,0.0004254694039123,0.0006327419986561,ykgQ
b0297,24.507783727101312,6.874440023283921,1.4241969958733405,4.826888445350501,1.3868275158547725e-06,2.43510758866881e-06,eaeH
b0550,12.314354254011226,6.854309185153849,1.986436642922065,3.450555148374178,0.0005594348565978,0.0008247261348773,rusA
b4282,44.39427143162945,6.835477198096879,1.0586662959228026,6.456687271921349,1.0701972783412177e-10,2.3625919855857773e-10,yjhE
b3265,22.468923996937217,6.748337360118386,1.4361131373202085,4.699029056102644,2.614012658315312e-06,4.516045416759813e-06,acrE
b2970,40.61912175504109,6.707034520252735,1.0536716821180292,6.365393161910404,1.9479012355636882e-10,4.238586870465327e-10,yghF
b4614,10.93198076114121,6.676927895109459,1.9950237882933912,3.3467911181255245,0.000817527876468,0.0011944101268543,sokA
b2648,10.618442975605353,6.635970264208205,2.002586396573638,3.3136998611206687,0.0009207028015392,0.0013398128040911,pinH
b2358,20.166110328381404,6.589274929457756,1.4298324314117312,4.608424585076658,4.057314842292017e-06,6.895868701069288e-06,yfdO
b0236,108.94526920683248,6.544564334341896,0.6241199548698482,10.486068075978562,1.0010808215021884e-25,3.980810999324872e-25,prfH
b1496,35.342661040029455,6.508880879212878,1.0699941538762432,6.083099478285283,1.1788115603096703e-09,2.459302601176857e-09,yddA
b1309,248.0913311184169,6.505582796510734,0.4290558213605982,15.162555715665592,6.2585797003126256e-52,4.972972534436133e-51,ycjM
b4655,9.718601999946811,6.504401223781202,2.001497208829183,3.24976782135314,0.0011549926436113,0.0016664298974687,ythA
b0646,33.76482837885708,6.440844475216794,1.058589833546769,6.084362678637263,1.169555917271646e-09,2.441149904139301e-09,djlB
b2108,33.755814307477294,6.433914268424514,1.0551569864917654,6.097589601160951,1.0767976536274816e-09,2.2496740727423704e-09,yehA
b2816,8.440360817547656,6.311489531587246,2.007936626971901,3.1432712799832654,0.0016707092455288,0.0023808553249653,metV
b2054,16.587605725958,6.307795103310676,1.4427802548038289,4.371972157442875,1.231292305773265e-05,2.0330640397651585e-05,wcaF
b3720,61.75704366316241,6.301139415371571,0.751404206524582,8.385818658795905,5.037393978364837e-17,1.4531198094863704e-16,bglH
b4600,384.19163019274544,6.242078215501989,0.3129921218003575,19.94324387335061,1.715697430970603e-88,2.75638689457394e-87,
b0532,381.0301935873826,6.2297453978974575,0.3127106985646295,19.92175332181647,2.635974275759715e-88,4.189010383355331e-87,sfmD
b4608,8.025591657509707,6.227360425992899,2.0241369795825426,3.0765508899882987,0.0020941055317065,0.0029545681251834,ohsC
b1502,72.91566406121565,6.218329419060399,0.687188273560628,9.048945766842715,1.4435524983694602e-19,4.588099709619035e-19,ydeQ
b1028,7.690984376098143,6.173320362121165,2.0210614050769014,3.054494211117881,0.0022544036525311,0.0031675342733616,ymdE
b4632,28.004846218180464,6.1672720305454405,1.0643266229164228,5.794529515428397,6.851297444279001e-09,1.3727542717212638e-08,ylbI
b1331,7.5464413222379,6.151771082496228,2.0303487331834345,3.029908597450997,0.0024462775911442,0.0034240107968893,insH4
b0645,14.810192711147502,6.143449041659916,1.4440249660146425,4.2543925390813655,2.096172967637971e-05,3.4124827675822296e-05,ybeR
b2357,7.199991080128767,6.081172477590615,2.01494386652652,3.018035677625949,0.0025441894995004,0.0035565329237221,yfdN
b1503,39.49257710300565,6.0676954384207455,0.8743643373183307,6.9395504590572905,3.933496084634809e-12,9.390048679263787e-12,ydeR
b2119,52.29279421061367,6.060354291128173,0.7566808585108715,8.009128581704571,1.1552407619149353e-15,3.1586148036953698e-15,yehL
b0587,13.981795003307347,6.05415042431255,1.444312728995415,4.191717141843295,2.7685103480755665e-05,4.480508291260531e-05,fepE
b4519,6.92480598554407,6.024557358071265,2.0246625420847257,2.9755859225152577,0.0029242941762613,0.0040659327112768,icdC
b4629,61.88248196361377,5.980873140174769,0.6880033395472224,8.693087368021795,3.527209238642478e-18,1.0649365616258017e-17,
b0531,6.508098381479146,5.941060938266163,2.0428716840176584,2.908190947451993,0.0036352629540186,0.0050070173728379,sfmC
b4181,6.385270971503601,5.906130435322318,2.028225305074776,2.911969602462175,0.0035915758526592,0.0049483933969971,yjfI
b0140,6.319927304327948,5.894667530442771,2.029711123557969,2.9041903855311944,0.0036820418250896,0.0050682764584254,yadV
b0647,12.36905292965202,5.877521286410125,1.4530828979146249,4.044863025258354,5.235372488632994e-05,8.286986585747012e-05,ybeT
b4653,6.215630091818992,5.868587575218635,2.0303233845530317,2.890469380330062,0.0038466700238592,0.0052833202636593,yicT
b4517,33.90114613118033,5.853190070399042,0.8751257094359167,6.688399172013648,2.2562501506141917e-11,5.181018864373328e-11,gnsA
b1155,11.959032562356116,5.827518160746419,1.4546095473936584,4.006242205125118,6.169238919028715e-05,9.724284709075056e-05,tfaP
b2375,66.44922304555763,5.823263584929479,0.6253905824285442,9.311402743412486,1.2615505504722136e-20,4.1880433809794e-20,yfdX
b4308,99.48727577146272,5.814971827756821,0.5142213428892581,11.308305087229964,1.1937316895617877e-29,5.362047854541826e-29,yjhR
b0135,127.67258030051926,5.760152952047056,0.4613937855073732,12.484244766567206,9.100273848555127e-36,4.957847213037089e-35,yadC
b2372,52.97677568352571,5.759299954396277,0.6884587073490483,8.365498021766342,5.986153490047989e-17,1.7245450041355528e-16,yfdV
b4635,31.453380209444376,5.744593184263708,0.8795500230401847,6.531286491707875,6.520712958965312e-11,1.4555871422599038e-10,
b1873,345.80465592537166,5.739519654479212,0.3025750347410933,18.96891347757884,3.08211238277835e-80,4.334651344725336e-79,torY
b4028,20.715902676591224,5.734378670065576,1.0954008030369753,5.234959344713948,1.6502118275183738e-07,3.0445232459077453e-07,yjbG
b0986,29.893973623716604,5.666312145127403,0.882682274046723,6.419424420012165,1.3679054853594403e-10,2.997272248159411e-10,gfcB
b0246,5.391321810456037,5.66183582115833,2.0400646812488046,2.775321720531182,0.0055147125063054,0.0074671683951881,yafW
b0305,148.84205886646205,5.659398582884316,0.4101727523798442,13.797597597715068,2.6348805596487365e-43,1.736338955624811e-42,rclR
b0317,10.665385532379938,5.653844628195247,1.4611544469919289,3.8694366908541302,0.0001090871022918,0.000169204166416,yahC
b1029,135.28660720171771,5.618631210023119,0.4214925676590191,13.330320962073293,1.5423268162267e-40,9.48229419696918e-40,ycdU
b1567,38.39085422065419,5.607207805547303,0.7638870868251693,7.340362080018541,2.1301678286869262e-13,5.398387324052877e-13,ydfW
b4183,19.083609085132373,5.598759229998414,1.0805986229315852,5.181164505660195,2.2050490961221333e-07,4.041956896893126e-07,yjfK
b3659,37.87524207669794,5.592797435513626,0.7680400811946236,7.281908291575729,3.291308009516948e-13,8.269599233957537e-13,setC
b0616,5.120930802240235,5.586905540567688,2.048222187761981,2.727685294080473,0.0063780425041757,0.0085912310597863,citE
b3139,18.59149934530556,5.567054517218805,1.0790575120051775,5.1591823932291865,2.480305927303209e-07,4.534180519928872e-07,agaC
b1353,61.15787545375536,5.47009015300493,0.5884141708002645,9.296326336881744,1.453821207596257e-20,4.8118202675479126e-20,sieB
b2376,4.725292694051015,5.468197483105552,2.0541925156550653,2.6619693341457764,0.0077684955555937,0.0103532901712757,ypdI
b3558,95.19849912216168,5.462986382617187,0.4782605782517988,11.422614848554348,3.223857568941982e-30,1.4736678108496994e-29,insK
b0716,34.7112488022624,5.460097633573454,0.7672824972913185,7.116150378574826,1.1098320426263277e-12,2.726272685067576e-12,ybgO
b1366,60.03582386690488,5.445569426824571,0.5909338448650309,9.21519299350393,3.1071884080795413e-20,1.017696679491528e-19,ydaY
b2678,1129.23638189697,5.426813359560875,0.2026355569397268,26.78115056172032,5.3577971265451516e-158,2.742444529192065e-156,proW
b0235,8.947758610089368,5.4013133557246045,1.4722685207475774,3.668701245464357,0.0002437857558549,0.0003692859247327,ykfJ
b4541,4.381097239901661,5.373612915110765,2.0872377999118275,2.5745091983950115,0.0100382417325771,0.0132578278148228,yehK
b2361,4.335576066210582,5.352501832598946,2.068416815474358,2.587728833258125,0.0096611001443772,0.01278657932518,yfdR
b3323,72.20146564515692,5.34985840554658,0.5283944405497412,10.124743931788135,4.29100426994814e-24,1.6103154984067958e-23,gspA
b4270,4.299643065257292,5.331676528779417,2.062921275969781,2.5845273839996588,0.0097512560682581,0.0128981457970169,leuX
b1305,303.0524996392498,5.330014668254687,0.2837141190518905,18.78656827536963,9.726960506324922e-79,1.3422595657944295e-77,pspB
b4370,4.255249285546102,5.320771224887065,2.0664794413600363,2.5747999802917194,0.0100298069914071,0.0132506633782035,leuQ
b3577,4.167708728514854,5.297493618594443,2.080884351999565,2.5457895406363984,0.0109030901315955,0.0143655799937993,yiaM
b4185,53.97467638949258,5.283287953926715,0.5959723866164905,8.864987829254112,7.651242905554407e-19,2.3769069350917787e-18,yjfM
b1365,23.15974745519916,5.282740629208384,0.89335104604797,5.913398380824997,3.3512031272560312e-09,6.8233099751068685e-09,ynaK
b0547,8.124519210823598,5.265244158161992,1.50280288147825,3.5036159585898394,0.0004589867713939,0.0006800605074642,ybcN
b2367,60.38916216298711,5.255608148488423,0.5537150393194861,9.491539465764824,2.2764708040949506e-21,7.769433976754757e-21,emrY
b3557,165.86510305687423,5.254562576191833,0.3526630487849106,14.899668661903371,3.312179184297077e-50,2.540106754229222e-49,insJ
b1532,365.9858208676274,5.239378210554469,0.2769910920426617,18.915331074067566,8.528323772582084e-80,1.1917994046636929e-78,marB
b3218,4.0370666877904,5.2386173793726725,2.0714961271002417,2.528905224991121,0.0114418919247643,0.0150464292144419,insH10
b0987,134.28393073166353,5.230571930620253,0.3841519721337949,13.61589243331677,3.221858656327441e-42,2.0614275879583422e-41,gfcA
b4559,3.9099264374168574,5.204116123312966,2.079687706517289,2.5023546117065543,0.0123370285192485,0.016177420179247,ghoT
b4435,7.68223253496341,5.170606844122091,1.4882874723513535,3.474198997289831,0.0005123808816438,0.0007571334813683,isrC
b0263,92.73153623152332,5.165565856459218,0.4438097852353003,11.639143678908578,2.6061906954562837e-31,1.2375891522544294e-30,afuB
b4296,113.66158435586068,5.1628069686910685,0.4007047733811525,12.884316114148652,5.516230735074306e-38,3.174176169385241e-37,yjhF
b2348,3.7888725694301946,5.1447101840182,2.106409591357161,2.442407310110784,0.0145896755761526,0.0190179898982007,argW
b0770,102.7958659316782,5.112270123578153,0.4160804183770033,12.286735683259224,1.0672943745091058e-34,5.646910861284957e-34,ybhI
b1797,13.636002972507326,5.111369545002885,1.1013848928528842,4.6408567778363645,3.469675540112323e-06,5.931460865077455e-06,yeaR
b0718,96.05221436239952,5.109087757508887,0.4291183599247694,11.906010636330228,1.1012097959146463e-32,5.458925136955262e-32,ybgQ
b4184,20.37351918961767,5.088074120139915,0.9043159237584878,5.626434287470057,1.8397282418776305e-08,3.594533386926466e-08,yjfL
b4458,7.165434168632134,5.076452879762788,1.5107691348364949,3.360177781439912,0.0007789233171377,0.001139521582599,oxyS
b0769,39.68304471116768,5.066546785555754,0.6463918209013477,7.838197547875548,4.570595683941021e-15,1.2253204750735916e-14,ybhH
b0139,59.744506464799976,5.063903712567686,0.5305177932949051,9.545209937478486,1.358322079341821e-21,4.671354525986481e-21,htrE
b0558,3.528670588334325,5.051874466213975,2.104449215391104,2.400568485695248,0.0163696272721151,0.021206327031151,ybcV
b1576,3.5160618712165195,5.04854795626732,2.0890653454368584,2.4166539200388604,0.0156639020989703,0.0203700138965044,ydfD
b4273,12.99945625246322,5.031795025547667,1.1148735478355638,4.5133325078135424,6.381685121542324e-06,1.071402666095702e-05,insD6
b4027,19.424503882647333,5.028481900446199,0.9048832609159566,5.557050414830507,2.7437153316851423e-08,5.3089384132210974e-08,yjbF
b4272,3.438109486923063,5.0225740232129015,2.121725526798172,2.3672119507334712,0.017922665480331,0.02307562838386,insC6
b3264,6.895043160416332,5.019890610096543,1.500362733456981,3.345784654708285,0.0008205009184538,0.0011983560195865,envR
b4427,3.42614691781425,5.005835146450733,2.0997786086415555,2.383982352162946,0.0171264236555493,0.0220892226579924,micC
b0549,6.812884325880272,5.001361749622126,1.495330904717651,3.344652166181562,0.0008238582242686,0.0012028603327465,ybcO
b3061,38.071527423146144,4.9930037632434905,0.6448818934114205,7.742508844263772,9.747399046549903e-15,2.5786088102711943e-14,ttdA
b0292,25.46983679331552,4.992900885852601,0.7867511911667036,6.3462260266151445,2.2066097136938856e-10,4.787331670616305e-10,ecpB
b0499,3.367370878996374,4.9870396116496805,2.106151179110708,2.367845034635826,0.0178920282452188,0.0230429222748546,ylbH
b4714,6.745048922055756,4.985525030970784,1.5056095176966555,3.3113001560974777,0.0009286354264294,0.0013509098305163,ralA
b0618,3.330791730034093,4.975018090798206,2.108923715463091,2.359031791581783,0.0183226859922678,0.0235355890685622,citC
b2982,3.3662434850164846,4.971383719424713,2.1057778927099307,2.360830046053445,0.0182340849139971,0.0234425191095075,insH9
b1575,3.312261532567504,4.953587456631422,2.098432309539126,2.3606134132195886,0.0182447386329058,0.0234491502078983,dicB
b1158,6.613878073600151,4.952401686018025,1.4988883567898723,3.304049740318516,0.0009529892225224,0.0013840509922612,pinE
b0277,341.86704233231654,4.939371117816058,0.2379200840499973,20.7606311906736,9.826752726973714e-96,1.8565392920231024e-94,yagK
b3331,6.53296365680938,4.936638563640557,1.5002928331362468,3.2904500072301843,0.0010002727416614,0.0014503295812891,gspJ
b4204,24.413338510905675,4.932171767819674,0.8059220290807073,6.119911839915412,9.36271431539851e-10,1.9616691297660274e-09,yjfZ
b0036,72.56225759302178,4.929148445039059,0.4708879572851258,10.467773424187245,1.2146641075444701e-25,4.817073334604285e-25,caiD
b1531,880.7046254646697,4.917016445263664,0.1819911455008149,27.01788832491109,9.110243206809746e-161,4.831721758599579e-159,marA
b2709,3269.625730756712,4.899336898122134,0.2063885085109933,23.738419030540012,1.4471984346693687e-124,4.218918880406994e-123,norR
b2858,3.1437480468627856,4.895228692606106,2.141684539717932,2.2856908203907693,0.022272352668126,0.0283935408181554,ygeN
b2677,721.9727647112595,4.875512966839691,0.2442824021468347,19.958510821868728,1.264237554179259e-88,2.046019747609228e-87,proV
b1307,461.4113172869002,4.837185780719199,0.2369940795971105,20.410576453818614,1.3468684070308031e-92,2.3715658910998376e-91,pspD
b3769,3.049685155100612,4.831686361597969,2.118874254177548,2.2803082118119438,0.0225894151120467,0.0287644215571969,ilvM
b0375,22.64088221636876,4.826491237062833,0.7886195226509857,6.120177219095884,9.347134260615286e-10,1.959337381677547e-09,iprA
b1649,530.7086010020408,4.823569498638372,0.2068397697699186,23.320319414414072,2.758302750167532e-120,7.541645159153712e-119,nemR
b0511,33.56697398923804,4.821562175792859,0.672463961519819,7.169993414808084,7.500137421973228e-13,1.8506505006460845e-12,allW
b2984,22.40111453326206,4.819387035912807,0.8072398458381322,5.9702045937895765,2.369562534987557e-09,4.8673888376179315e-09,yghR
b4158,101.41531499781594,4.816706652547158,0.3846536874086259,12.522190245976416,5.645544806959428e-36,3.0948553225697884e-35,yjeO
b4643,6.055812862093092,4.812275504893854,1.5242622390615157,3.157117838106886,0.0015933694204962,0.0022750607165177,pawZ
b3875,6.033498631959657,4.811499080801829,1.5074620227917943,3.191787924375709,0.0014139510801166,0.0020254515635122,ompL
b1121,16.74028268122674,4.810386910269687,0.925153827654506,5.199553594741328,1.997677211607756e-07,3.6686587757602605e-07,ycfZ
b4618,13851.12804800299,4.809159299560403,0.1365213229917237,35.226433455028456,7.876990866633244e-272,1.5761142634054335e-269,tisB
b1554,33.51493016430359,4.80684444163848,0.6685313021973041,7.190156131567094,6.471727281987013e-13,1.6049883659327792e-12,rrrQ
b2109,61.10190466698365,4.796781891125722,0.4897589434040564,9.794169061591438,1.192740513766521e-22,4.268653448455467e-22,yehB
b0834,143.86901983516435,4.790111172557504,0.3250387543040607,14.737046303335717,3.727337691221597e-49,2.795185777982533e-48,dgcI
b4083,27.353413354564,4.7888171365177845,0.7343151475218563,6.521473992030444,6.9619794813983e-11,1.5509429998540138e-10,yjcS
b3047,2.9177508183581744,4.783615155643129,2.1263477123357943,2.2496862238905995,0.0244688706314693,0.0310319701871876,yqiH
b4321,1651.6372014054366,4.770694013348062,0.1507522427493454,31.645923976602177,8.62850732365042e-220,8.833183543885849e-218,gntP
b2650,21.59526440271469,4.758376001776738,0.7938750706783878,5.993859963017325,2.0491784995104304e-09,4.229012543293443e-09,ypjC
b4182,68.11213498731901,4.710231609990623,0.4485387127564031,10.501282221650069,8.521466067612929e-26,3.397780220075373e-25,yjfJ
b0557,118.62890831233648,4.701274750265822,0.3666840535415653,12.82105045163332,1.24995522406667e-37,7.099745672698685e-37,borD
b0272,1064.3313536423505,4.698064679898558,0.1809574055515984,25.96226811264127,1.321803704273004e-148,5.760970204168083e-147,xynR
b2060,77.84413753902506,4.693836036057139,0.4239230916599909,11.072376401288013,1.708099761491826e-28,7.400644832762812e-28,wzc
b2864,5.524573724772428,4.690431191883378,1.537301477873486,3.051080909888634,0.0022801912058392,0.0032017230265085,glyU
b0201,2.745735542302544,4.681648605821614,2.130357215784682,2.197588541082865,0.0279784405475831,0.0352291462501318,rrsH
b0075,10.095970669446327,4.664258457271439,1.122531452975263,4.155124958778526,3.2510981312149404e-05,5.2345771666452696e-05,leuL
b3110,525.9295213415711,4.662136284257768,0.2239483045072706,20.817912841605857,2.9788042774472423e-96,5.7011723605751115e-95,cyuP
b1922,20.319258376163837,4.653249551537704,0.8084280505748278,5.755922927499904,8.616969620640458e-09,1.7187086665183187e-08,fliA
b2969,45.40690695610467,4.65318368207308,0.5396452906316656,8.62267078551994,6.54103038958102e-18,1.9534339060336258e-17,yghE
b1160,5.375284146303546,4.634899443632679,1.5476572233376786,2.9947842285367634,0.0027463904576779,0.0038294617658214,iraM
b2072,74.43052760819008,4.627815358842759,0.4215149797396142,10.979005684926156,4.822019245958647e-28,2.0568341783633688e-27,pphC
b0326,24.42151690927579,4.611091071612515,0.7246452581007744,6.363239143657329,1.9754275440870043e-10,4.296359708039028e-10,yahL
b2053,77.01327142447106,4.585759670686845,0.4105223964366294,11.170546870260049,5.68299057102854e-29,2.496659131104555e-28,gmd
b4277,67.46742406226646,4.583858135383999,0.4374369278139075,10.478900714422638,1.079916610962441e-25,4.290426824419374e-25,yjgZ
b2271,14.145716649537356,4.567106847042237,0.9277524306023132,4.922764625986688,8.533006153814516e-07,1.5176684076400606e-06,yfbL
b4698,2.5323470309157377,4.555784082256617,2.177678364167442,2.0920371700521336,0.036435190793083,0.0453970308154972,mgrR
b0574,84.15863442971035,4.536742133928204,0.3932786317201899,11.535694461925424,8.718075971693998e-31,4.065357036800528e-30,cusB
b0771,376.33944644898776,4.527361217979817,0.212047950989144,21.35064827017168,3.8456719908773636e-101,7.947722114479885e-100,ybhJ
b3533,593.9505866976717,4.515592412740503,0.201813407010384,22.375086371284343,6.882439971958203e-111,1.6201337302973266e-109,bcsA
b0301,27.44793513746789,4.514473618258831,0.67331311889078,6.7048650792606,2.0159254256777035e-11,4.6485614058843645e-11,rclC
b4082,13.665601237677912,4.5045964590354135,0.9561272146703728,4.711294051585368,2.461487679057231e-06,4.2592251427712e-06,mdtN
b4687,795.8155499046028,4.502097538978656,0.2459251914424486,18.306776595647115,7.306926661470783e-75,9.350317198777438e-74,shoB
b2062,44.87022838107135,4.475091710827943,0.5217255036531792,8.577483139108326,9.697158954240217e-18,2.8745382974118135e-17,wza
b0361,4.724940535145642,4.438331895862643,1.5493339932452757,2.8646708296679124,0.0041744292494016,0.0057192149255729,insD1
b1184,387.7768114287388,4.434075854129486,0.2141777157012034,20.702788054362333,3.2690119938644305e-95,6.12348544552818e-94,umuC
b4499,177.49982309320163,4.424584562970527,0.2735881549747716,16.17242736030926,7.8926383498720994e-59,7.392211492795102e-58,yehH
b4440,1680.8962923014212,4.424051975285329,0.1779923975266027,24.855286162568323,2.267036661922062e-136,8.179914250640095e-135,ryfA
b4341,4.607388457509889,4.410184801749899,1.5406421588379209,2.8625627154565363,0.0042023008580284,0.005753819090837,yjiS
b1872,867.7268303476144,4.409107404189872,0.1827064304367994,24.132196078971837,1.1484348727393584e-128,3.663340804201925e-127,torZ
b0364,4.61567338410725,4.408992047409448,1.539230931674518,2.8644123222062183,0.0041778379596932,0.0057221041377006,yaiS
b1574,111.25510733615204,4.408311428417374,0.3314599141820294,13.299681921707252,2.324550994203509e-40,1.4192334918840286e-39,dicF
b0141,4.581585971793832,4.406917864103287,1.6043872864054636,2.746791813575592,0.0060181322020994,0.0081288180281196,yadN
b4495,4.531209615205314,4.391623486825042,1.5609263983785902,2.81347249389006,0.0049009578878979,0.0066730642197732,yedN
b1769,219.95080500237188,4.387507123310984,0.2533379780374007,17.318789536810968,3.394225830273591e-67,3.801878398184313e-66,ydjE
b2055,33.46973084591794,4.379108148145591,0.5790161350752511,7.563015748389233,3.938298999857833e-14,1.024004264463921e-13,wcaE
b4050,530.4764475552118,4.376315546749893,0.2601337085814076,16.82333124228822,1.646354073417607e-63,1.6814966661680522e-62,pspG
b1904,37.70752188089329,4.3744186260775,0.5468130622400265,7.999842959415858,1.2457799352523638e-15,3.396046751081121e-15,yecR
b4649,4.437689065942581,4.359418076747805,1.5557595941002151,2.80211550247203,0.0050768693637697,0.006897647820776,ysaD
b4470,781.1910219450638,4.357040578260467,0.1895243141195323,22.989348878542813,5.957609667442199e-117,1.542670456240033e-115,cyuA
b1025,243.8874302864975,4.356480110324971,0.2511029728435177,17.349376875119038,1.9939532218695468e-67,2.25061079042814e-66,dgcT
b1506,12.317929546271747,4.354412635598975,0.9418134018359702,4.623434564756126,3.7743784253987e-06,6.434862056005065e-06,yneL
b4132,65.9971673321141,4.349787020161468,0.4160429851625999,10.455138471957325,1.3879588529178586e-25,5.489483261944666e-25,cadB
b4307,366.437458904184,4.345509653864997,0.2335294375129168,18.60797379612855,2.7689238737024025e-77,3.660301168780173e-76,yjhQ
b1377,56.74292159879815,4.329852066621754,0.4439752373301929,9.75246298117649,1.8004608484075283e-22,6.391636011846725e-22,ompN
b1407,247.62680509202448,4.325472988695626,0.2433152808807027,17.77723525229968,1.0608391249582796e-70,1.2553262978672975e-69,ydbD
b0262,294.94518680830765,4.314970182340559,0.2195685105777321,19.652044689773327,5.553021813017032e-86,8.54699371360174e-85,afuC
b2505,35.96507679044844,4.298825628141906,0.5457894412096738,7.876344435345064,3.3709816505186507e-15,9.064789997301833e-15,yfgH
b2863,252.5917215836058,4.292594186654715,0.240030501272944,17.883536316801298,1.5845991043112998e-71,1.9058484309230443e-70,ygeQ
b1796,15.898208487349269,4.288826650124459,0.8080237524143455,5.30779774395196,1.1095766369713888e-07,2.064394064221493e-07,yoaG
b4106,4.198436972311174,4.285237570087695,1.5663628314891782,2.7357885950432173,0.0062230991264864,0.008392794839091,phnC
b4186,141.38794007924704,4.277219239240135,0.2929499153246488,14.600513656063344,2.787373320275898e-48,2.0552792890878563e-47,yjfC
b0137,15.640437146373714,4.273490840355451,0.8160265353899414,5.236950828214608,1.632511632306804e-07,3.0131304844505454e-07,yadL
b0138,11.836981184120324,4.271903773742725,0.9382898337687142,4.552861621216007,5.292108487389359e-06,8.925617456508796e-06,yadM
b4491,207.12921906732848,4.26750045572604,0.246302671264086,17.32624511875643,2.9817151210888956e-67,3.3569079189343525e-66,ycgH
b1183,219.2139320811467,4.2157486535130015,0.2460536426275664,17.13345353677236,8.354487819467719e-66,9.035984123168771e-65,umuD
b2985,22.52074588877799,4.209940621707887,0.6763898926500735,6.224132955644085,4.842263257091168e-10,1.0327346345792307e-09,yghS
b1573,115.81021391603656,4.208559656798328,0.3292887690137892,12.780756748560991,2.1001609144166257e-37,1.1852446596489729e-36,ydfC
b2971,11.061225887463344,4.203432924076539,0.9676538461237068,4.343942765189159,1.3994799105216733e-05,2.304717757619306e-05,yghG
b3563,11.30064256662041,4.199406067212966,0.9471484050820336,4.43373609107144,9.26139847858348e-06,1.5378602830148803e-05,yiaB
b2106,163.6406855011629,4.19411683757238,0.2678348804974152,15.65933768515582,2.8686906438113148e-55,2.4615938039098259e-54,rcnA
b4306,578.6925211942233,4.185066289747334,0.2133783730421222,19.613357389884943,1.1891678896807388e-85,1.817610086935629e-84,yjhP
b0501,7.169759072330254,4.15522324367562,1.162732710347079,3.573670205283271,0.0003520122451571,0.000527778577378,ybbD
b2061,3.826123147957439,4.150527541426506,1.6390507049248042,2.5322752547895844,0.0113324991778512,0.0149090440468922,wzb
b3525,47.17567722644397,4.144937033616763,0.4819926676887239,8.599585245752346,8.000469885410696e-18,2.384432527798096e-17,pdeH
b4358,57.69500950639752,4.143458314761009,0.4267841059644622,9.708558160565682,2.7723086770344097e-22,9.786449716363652e-22,lgoD
b2050,60.772363164630775,4.135867114460809,0.414238373864329,9.984268419843172,1.786137667031663e-23,6.574061881499484e-23,wcaI
b2139,118.11421335925182,4.124461278861515,0.3191221538193511,12.92439659703567,3.278585955776972e-38,1.901493462098845e-37,mdtQ
b3020,2922.103053980632,4.099953751906124,0.1190224241594703,34.44690175704088,5.010583892638725e-260,7.605720791515749e-258,ygiS
b1012,17.438450474389143,4.095421226648983,0.7380008898730489,5.549344564277529,2.8674255507639972e-08,5.5410040713183124e-08,rutA
b1201,1070.15184959548,4.07841543687698,0.140707171580138,28.98512841297622,1.0131472296962002e-184,7.559108652750294e-183,dhaR
b2274,3.655939925773391,4.070479600659759,1.591571039352342,2.557523038567074,0.0105420574622226,0.0138982141206061,yfbO
b4465,64.89966509336692,4.069381848488173,0.3975777716008214,10.23543603079988,1.3757405477978518e-24,5.289091608214973e-24,yggP
b4340,702.2079796667991,4.059421967616481,0.2020461492502997,20.091558204297023,8.747339812217067e-90,1.453048673712435e-88,yjiR
b1165,13.465011627002978,4.047265408576267,0.8255241594704928,4.90266137234828,9.454688833414252e-07,1.6768549655394655e-06,ymgA
b1889,50.00761553461413,4.046392918624426,0.4607226626307675,8.78270865930311,1.5958414792742782e-18,4.885183721672721e-18,motB
b0249,9.931899111205132,4.027138172040639,0.9518797809233062,4.23072141330115,2.3294302553500036e-05,3.7838199203139165e-05,ykfF
b3215,3.5450165730239576,4.024422249948992,1.6024093903854268,2.5114819434383118,0.0120225436250095,0.0157932667971626,yhcA
b0572,39.29229981489387,4.00850517436085,0.491989895836153,8.147535565843814,3.7141567223252524e-16,1.0367608047987166e-15,cusC
b3876,101.99699295823144,4.007537670738045,0.3250452660267407,12.329167933208277,6.309486926758973e-35,3.362513492928934e-34,yihO
b4131,52.819188596963095,4.005589875448308,0.4346629593105696,9.215392730500158,3.101408743881277e-20,1.0165600365275789e-19,cadA
b2626,19.482190669006645,3.997715080777863,0.6931456677121479,5.767496309935892,8.04578462229202e-09,1.6055096966151165e-08,yfjJ
b4442,139.49941012494807,3.982712257894822,0.2741545208599559,14.52725362836266,8.141985931530362e-48,5.914360077656214e-47,micA
b2373,64.47272326484901,3.9819075454169903,0.3983323160325571,9.996446145965056,1.5796448811584914e-23,5.828664515389505e-23,oxc
b4492,4895.505683288759,3.9810369898098337,0.1287368685832074,30.923829619459333,5.713826516156324e-210,5.1331151681877825e-208,ydbA
b1695,71.01651037556813,3.9777414863977,0.3664222717791298,10.855621485790534,1.8752675320316773e-27,7.869330482367439e-27,ydiO
b3460,541.9276950799537,3.972865386852573,0.1823673756361656,21.784956728108483,3.2225010921325616e-105,7.057437715207728e-104,livJ
b2322,440.417165405717,3.971556304709068,0.1758367047900778,22.586616994730992,5.867227976009157e-113,1.4348631972440173e-111,yfcJ
b4675,6.362265958327705,3.9707703220697783,1.1834685823280278,3.3551970718637807,0.0007930846396907,0.0011590831951921,yoaJ
b0247,9.55892818871996,3.961504718837545,0.959815512964436,4.127360586830118,3.669507590922164e-05,5.884580114841299e-05,ykfG
b2760,34.874363780430706,3.9542524801122303,0.5164627750164531,7.656413339734423,1.911976697138877e-14,5.015805375926899e-14,casA
b1311,69.46368612290547,3.9366668100910647,0.4633644364153959,8.495832870872142,1.9651859916439758e-17,5.740377395631575e-17,ycjO
b2336,24.97248713995253,3.9319725278497226,0.5927834803110662,6.633066977147204,3.2878252713805396e-11,7.464160311819049e-11,yfcS
b1568,3.370509560319465,3.926376441302782,1.6153620544906404,2.430647934552886,0.0150718518617971,0.0196232747399086,ydfX
b1073,6.265241034068219,3.925885127708277,1.1818000248075693,3.321953837619459,0.0008938948131237,0.0013016622452433,flgB
b1410,399.6886773888912,3.92153772506929,0.1992484794429611,19.681644427263542,3.0978596570679422e-86,4.784834459794063e-85,ynbC
b1297,5913.674852225028,3.911000466105167,0.5678865143805185,6.8869402020780495,5.70051693655247e-12,1.3505745723737336e-11,puuA
b0527,175.49047940875633,3.907131384782773,0.2459747574304061,15.884277824273171,8.143037720764772e-57,7.270923336066232e-56,ybcI
b1542,209.15320770426,3.905466034865932,0.2307863708918238,16.92242925686688,3.074820959772128e-64,3.215050324208291e-63,ydfI
b4257,15.245929813475463,3.889664664349885,0.7679931458307079,5.064712732745275,4.090166590120406e-07,7.388146626881423e-07,yjgN
b4670,45.50634587351512,3.886952105545756,0.4464714266122308,8.705936984678866,3.1496180965144322e-18,9.535501279818797e-18,yjeV
b2270,57.393824452325305,3.882544439661911,0.4093236018164611,9.485268922760108,2.417588932931324e-21,8.23701740151988e-21,yfbK
b1157,5.991068577831413,3.867623289136277,1.1769103967849248,3.2862512725708117,0.0010153039617532,0.001470670628377,stfE
b1947,3.2374478295971385,3.8623694326460183,1.616144622947305,2.3898662148207714,0.0168545111359173,0.021776800123366,fliO
b0648,23.72512735660011,3.8595514209356745,0.6326634059545378,6.100481527159824,1.057494038175186e-09,2.210393521389919e-09,ybeU
b1368,50.86930434168203,3.858803545734888,0.4157283188734245,9.282031967876996,1.6627675616846602e-20,5.499250793791039e-20,ynaA
b1771,151.45225527185315,3.850130190918727,0.260367839755396,14.787272477798147,1.769816023872295e-49,1.338613425616124e-48,ydjG
b1615,145.75007284854993,3.844789110873208,0.2731444886115707,14.076026686157116,5.332478597178322e-45,3.6620235233664555e-44,uidC
b2355,5.945605916023035,3.838518938304188,1.184788000088086,3.239836104027728,0.0011959842205985,0.0017233134334123,yfdL
b1562,3117.43773679197,3.821499828431751,0.1644982614953526,23.23124751406394,2.2013295724036987e-119,5.981637517111779e-118,hokD
b2887,203.9425648137364,3.818057440323362,0.22589462014535,16.90194055027368,4.3534063985423544e-64,4.51973937886402e-63,ygfT
b4640,206.36468286026528,3.792566279852514,0.2263468396241419,16.755552170068835,5.157978998037604e-63,5.219637597554375e-62,yoeG
b3589,22.47594513610224,3.774192484393867,0.6217804810652329,6.069975818359445,1.2792951148704767e-09,2.662627468397087e-09,yiaY
b2685,1199.7707384593082,3.771769621040231,0.1822041698687082,20.7007865064673,3.407638925348275e-95,6.35611294465386e-94,emrA
b1890,64.54636496437453,3.763952288620073,0.3664241378103003,10.272118837784344,9.411453926097303e-25,3.637332764063242e-24,motA
b0248,11.27111567329788,3.7580301742747326,0.8452080297375811,4.446278362312199,8.737072067437814e-06,1.4529879577204856e-05,yafX
b0234,52.95838940324578,3.7535033046627073,0.3971120597485958,9.45200029190496,3.3241648643678707e-21,1.129087479394087e-20,yafP
b3083,47.30890751914947,3.750138754676004,0.4296157478993927,8.729053283107794,2.568132204409135e-18,7.801875751420987e-18,higB
b3072,1110.113385948557,3.748418561641948,0.1730272077811642,21.663752248621797,4.5096412069390034e-104,9.731098329875239e-103,aer
b2275,88.60121345729544,3.746233958589724,0.3179151005739131,11.7837559519094,4.733576768969786e-32,2.305000546128871e-31,yfbP
b0984,88.62285862229112,3.744123491204061,0.3206361344008056,11.677172624978644,1.6675016758697216e-31,7.935505272625422e-31,gfcD
b2725,5.471367007397963,3.743450107120292,1.2166827356486571,3.0767676711747898,0.0020925832946705,0.0029533669968386,hycA
b1989,8.34607823525671,3.736402228014797,0.9724982147048554,3.842065899471869,0.0001220030672096,0.0001884412287217,asnV
b2945,93.64790999085535,3.728949424058229,0.3117028241887128,11.963155719758984,5.541518269020671e-33,2.7688721248841084e-32,endA
b3690,93.5096998847972,3.724299380196648,0.3153138986161338,11.811402531071572,3.408279124945768e-32,1.6633308988926019e-31,cbrA
b3079,13.55492769358292,3.720191563988013,0.7906884508112755,4.705003039023727,2.5386217265331123e-06,4.3875197645067765e-06,ygjJ
b4156,520.8760221121161,3.717736402677486,0.2521415060777682,14.744642643368763,3.330781854925832e-49,2.502065140850429e-48,yjeM
b0901,40.885034048040254,3.716362856459463,0.4460524024179981,8.331673221158528,7.970770473872467e-17,2.2783981575315973e-16,ycaK
b1043,5.419924353358099,3.7111326352736818,1.2008561220793126,3.090405725581648,0.0019988324753007,0.0028255814246222,csgC
b3326,27.03018765625376,3.705159119050441,0.5397457507840812,6.864637866380622,6.66601357014993e-12,1.570866795278372e-11,gspE
b2354,21.47910340456251,3.704245396896648,0.6090778392485668,6.081727421681701,1.188945715332275e-09,2.4792700326350903e-09,yfdK
b0363,45.90512604433851,3.7030390450872734,0.4260952076326006,8.690637629231937,3.604109057200254e-18,1.0866635664243508e-17,yaiP
b1501,353.9767093857001,3.7028806239472094,0.1991236873923775,18.59588214962393,3.4695781159190205e-77,4.5727793012800975e-76,ydeP
b0937,13.342844696469951,3.687264933722785,0.7796582516450867,4.729334841185377,2.2525661269789985e-06,3.90385672872502e-06,ssuE
b4645,75.06884658093007,3.684407394253144,0.3591637929286845,10.258292920368838,1.0860971664068637e-24,4.186514646692657e-24,psaA
b1453,312.05776392155843,3.682934217331007,0.1897779174785032,19.40654774941444,6.794138960853174e-84,1.024239715947797e-82,ansP
b2374,37.22164339721102,3.678148863761321,0.4630465930017705,7.943366648952447,1.9676621479660307e-15,5.32369316247478e-15,frc
b2162,52.81267219031063,3.6706334148911264,0.3944241357626166,9.306310344811884,1.3235017478033266e-20,4.38708937788422e-20,rihB
b3696,94.79662889425164,3.6665946276976817,0.3099820087392104,11.828411082987753,2.783610798572083e-32,1.3660484654753968e-31,yidX
b1690,15.601920211977845,3.657656267838461,0.7072214745950239,5.17186821841481,2.317650193533649e-07,4.242118982093606e-07,ydiM
b2481,7.8324177535832895,3.647605461641283,0.9997304802290088,3.648588828466773,0.0002636847324009,0.0003981956061848,hyfA
b0518,75.59309497584537,3.647472654906335,0.3309023750082684,11.022805910097178,2.966646942397333e-28,1.275310531292291e-27,fdrA
b3021,1546.0980738370308,3.641325739877173,0.14686285282139,24.794055609866422,1.0391211941210771e-135,3.688880239129825e-134,mqsA
b3889,2.771669699729968,3.6380519393637054,1.641115195609544,2.216816923697095,0.0266356045561399,0.0336345184326242,yiiE
b0681,152.59388126790236,3.634030561592829,0.2522843128582692,14.404504665473953,4.847809370656046e-47,3.4586802025328877e-46,chiP
b0877,1225.2845422138337,3.632845227570611,0.1266384178075171,28.686754702607857,5.581825018578711e-181,3.9630957631908854e-179,ybjX
b4625,25.847525075555566,3.6294986363626087,0.5470807299095086,6.634301736350604,3.260422632894695e-11,7.405769055728816e-11,symR
b2052,61.149819212889135,3.6185710952414594,0.3694480090499875,9.794534025359583,1.1884411676474348e-22,4.25672743692759e-22,fcl
b4503,7.646616220023869,3.6170184797092366,1.0278912650456449,3.518872669424444,0.0004333846570024,0.0006440780756666,yafF
b2933,48.2259391765773,3.6108020890126,0.4060189023401243,8.893187160010127,5.938067473403471e-19,1.852542382560034e-18,cmtA
b4462,10.111671302792208,3.605593899280327,0.8681047316105647,4.153408877971432,3.2755868458196254e-05,5.27015105822295e-05,ygaQ
b1154,7.584165123340381,3.603128272683656,0.9844114066760294,3.660185414602218,0.0002520328086984,0.0003813848139877,ycfK
b3668,587.235337724645,3.5989726545938057,0.1626904461256415,22.12159804279112,1.9586611646356852e-108,4.4215520239621967e-107,uhpB
b1694,42.81761732253032,3.597683604456207,0.4380021849055305,8.2138485341852,2.1420975669390761e-16,6.044559929272957e-16,ydiF
b4508,17.541410755846645,3.597398989755217,0.6546855944858464,5.494849772248943,3.9104315312711755e-08,7.500531416407718e-08,peaD
b4268,83.63816421070923,3.5940430185038283,0.3187726789699133,11.274626891230676,1.7511943713926136e-29,7.818212599259924e-29,idnK
b0731,85.54852256940114,3.592781467550408,0.3183887585010126,11.284259797567511,1.5695722575647842e-29,7.014474190660081e-29,mngA
b0217,44.929837501219374,3.588881125666368,0.4269118748257861,8.406608804524156,4.220358035864746e-17,1.2182305622214171e-16,yafT
b3578,20.08919845799661,3.57711884926595,0.6156577161844122,5.8102396107945,6.238349131919347e-09,1.2545094965148e-08,yiaN
b0040,49.53728041449796,3.571072243651299,0.4049928004015369,8.817619078933502,1.169192258232261e-18,3.6016685239597016e-18,caiT
b3324,15.084208166714555,3.5689971304618755,0.7153470474512416,4.989182723515945,6.063527299915002e-07,1.0850263078953594e-06,gspC
b0989,19.80407481974936,3.56436704434729,0.6213969334103076,5.736055092492296,9.690715071898192e-09,1.921555303896209e-08,cspH
b3142,24.55312582392744,3.5585885717214127,0.5472867394317591,6.502237886151327,7.913382809823414e-11,1.7566672278791056e-10,yraH
b4242,747.121890519531,3.556689709719899,0.1656379406642626,21.47267525457273,2.804032122431852e-102,5.877785429973815e-101,mgtA
b3238,584.6334674958229,3.553734486882456,0.2537384293236054,14.00550360603911,1.4425351816390314e-44,9.754285513940116e-44,yhcN
b3046,51.01788165356942,3.5471196626546657,0.4079124574040066,8.695786554862456,3.444353874710754e-18,1.0413492964613145e-17,yqiG
b0551,29.794385210835788,3.5470695702462867,0.5357478502601521,6.620781713867589,3.573042710745808e-11,8.074196105083701e-11,quuD
b4579,9.641274938716682,3.544530046823534,0.8715097111310445,4.067114802683548,4.759879704085269e-05,7.556073010235612e-05,yaiX
b4657,7.185517420893596,3.54106410664974,1.0187366315539144,3.4759367602678943,0.0005090723132704,0.0007527498565726,yjhZ
b4613,2907.1827322235736,3.53907536228164,0.1855303228020665,19.07545520770376,4.0389044006953807e-81,5.765375635825243e-80,dinQ
b3918,92.07828001829373,3.527691607750306,0.30090274177025,11.72369379885486,9.637615804946283e-32,4.626475984010201e-31,cdh
b0815,653.069689614074,3.5225812685474853,0.1677140175709927,21.00349940669921,6.092819346895892e-98,1.1920262562238096e-96,opgE
b0719,19.377177872052066,3.520721372640331,0.6119205689392979,5.753559450931914,8.73836982223659e-09,1.7421333314078564e-08,ybgD
b1569,2.545026323216365,3.5197289774723446,1.6606457970839883,2.1194941050360128,0.0340487314220578,0.0425319284108679,dicC
b1886,61.87871445318263,3.5188713712945128,0.3925330996618482,8.964521397879267,3.116312464799358e-19,9.826652915506285e-19,tar
b0241,23.981148649162147,3.51721980019264,0.5470274761907207,6.429694948204693,1.2786028078479078e-10,2.808587604863518e-10,phoE
b4701,7.2282999760081585,3.5149422255611187,1.010557150185721,3.4782221123418307,0.0005047514909784,0.0007466115804056,sokX
b3562,23.993923519567577,3.505444772569501,0.5658546041885564,6.194956701989479,5.830105467657051e-10,1.2362294927083978e-09,yiaA
b4415,7.1176710669466345,3.4917364568482294,0.9911237995929328,3.5230073763563445,0.000426679484973,0.0006343272856641,hokE
b4317,440.67342366228354,3.47840725645358,0.1959214235054322,17.754093422851916,1.6023714456777734e-70,1.880970427699616e-69,fimD
b4081,32.88380995839482,3.47803106732414,0.4755938698999697,7.313027537667094,2.61189460734316e-13,6.600206694330994e-13,mdtO
b3615,131.33073322531544,3.463680691512768,0.2677889370962511,12.934368122413588,2.879809904963722e-38,1.674626578817742e-37,waaH
b0768,43.93670980361026,3.458042405417693,0.4151065939150617,8.330492591802267,8.050667261972237e-17,2.299742847968968e-16,ybhD
b3679,76.04281733933209,3.4526426644580965,0.3305049691980886,10.44656808893167,1.5192362258849736e-25,5.997917368919869e-25,yidK
b3027,27.529843661362797,3.4485938533874743,0.5116342191458124,6.740350282170333,1.5800524299050046e-11,3.658806310595387e-11,ygiZ
b3944,32.119116770170486,3.4360373036334035,0.4929534470024967,6.97030789525243,3.1624808847233665e-12,7.598930597463024e-12,yijF
b4527,16.217332990560703,3.434562364539406,0.7216719577307511,4.759173926251972,1.9438688083455188e-06,3.3848538347851957e-06,ydaF
b0576,1035.44881444207,3.430248681179323,0.1321894052194772,25.949497809480256,1.842184860204928e-148,7.873104616137957e-147,pheP
b3141,11.133634573950308,3.421019714287409,0.7946633258893091,4.3049925708587855,1.66991339488999e-05,2.7388072892346252e-05,agaI
b3325,124.2217771932156,3.399800438119152,0.26625102871295,12.7691541871357,2.4378916710807345e-37,1.3723272552554212e-36,gspD
b4623,66.83107941300123,3.3949188263801777,0.3343661094427695,10.153298227616144,3.2035008168806557e-24,1.2083813706862593e-23,insO
b3473,756.6726267562149,3.390654403688223,0.1374790253060804,24.663066937951744,2.665073252859591e-134,9.310835284990411e-133,yhhS
b3854,8.723974915822145,3.378930857349677,0.8774082709670696,3.851036021834461,0.0001176191952222,0.0001820533394403,rrlA
b0747,4.327599460150364,3.3688832138768205,1.255042899854282,2.6842773376654843,0.0072686782303978,0.0097284042475558,lysY
b0161,4952.951722415183,3.366651477305432,0.174136700295946,19.33338274805825,2.813519346313044e-83,4.212623184513613e-82,degP
b4318,58.61571331349899,3.3650437302948504,0.3527889877549013,9.538403541758791,1.4504791303753352e-21,4.984394326239052e-21,fimF
b0991,30.29880034058465,3.362578569168499,0.4782656879571969,7.030775265378096,2.053890920435921e-12,4.988504981900751e-12,ymcE
b4497,21.7680140022034,3.360669440550065,0.5638732128333829,5.959973561544407,2.522787458946411e-09,5.167664213253653e-09,yeeL
b2105,135.92117234977715,3.3528645902900216,0.2496222125095543,13.43175575836101,3.9395884703708356e-41,2.456383632658982e-40,rcnR
b3069,4.307234624166352,3.350000797310281,1.243001761864419,2.695089339443498,0.0070369760470594,0.0094355067192066,ileX
b2349,96.96072350118328,3.346673209160234,0.284168381111278,11.777078069251148,5.123861328142451e-32,2.4895405702519945e-31,intS
b0310,19.270531861240496,3.344725581795053,0.5928049722090549,5.642202306993342,1.678886590478083e-08,3.2919638179441075e-08,ykgH
b2408,112.74622131572904,3.33984958576793,0.2849874886477543,11.71928494691217,1.0152529782839486e-31,4.863050718613648e-31,yfeN
b2051,19.13794042636662,3.3309350746174853,0.5988306636465514,5.562398983268345,2.6609106483238465e-08,5.157784532770397e-08,gmm
b2420,148.6948836545327,3.328238330180292,0.2371085882126455,14.036768365367834,9.285110135346425e-45,6.346747642204186e-44,yfeS
b3534,137.8969332930553,3.3228772520081318,0.2388549078362656,13.911697616387071,5.378747290406466e-44,3.603842552872034e-43,bcsQ
b1171,173.3035315878602,3.3065071052615163,0.2365791538459731,13.976324843118874,2.1742949370012082e-44,1.4634933199815472e-43,ymgD
b4570,44.0842740604439,3.304336780298009,0.3951113847131142,8.363051301843024,6.111662235520785e-17,1.7584011216184636e-16,lomR
b0942,35.00655158577267,3.304082944734871,0.4796614447698696,6.888364659619647,5.643739059909994e-12,1.3378427216867954e-11,ycbU
b1011,10.336904904938132,3.3031533973146807,0.803714870642028,4.109857261538583,3.9590376192221504e-05,6.344260502299201e-05,rutB
b3227,83.02069060956804,3.2903180210822183,0.304566155558296,10.803294985454906,3.3206872529889276e-27,1.380327222630525e-26,dcuD
b0841,348.2506292565861,3.288322960520819,0.1736005713230715,18.94189019920466,5.151408117722943e-80,7.221814819814139e-79,ybjG
b1023,53.74332777164046,3.2882671543726896,0.3720140442537651,8.839094128741106,9.649779584221685e-19,2.9851250688505866e-18,pgaB
b2686,1276.6117868435583,3.278685741032908,0.1436323144102872,22.826936643708937,2.477189852035481e-115,6.26803339160897e-114,emrB
b1728,315.590918056918,3.262784860940546,0.1847245986797007,17.662969004999614,8.087161297453188e-70,9.343749089603395e-69,ydjM
b4641,162.1737099513313,3.258838345747201,0.2526821425198211,12.896987152511455,4.68040841505398e-38,2.700282810362729e-37,yoeH
b1880,46.82191565640839,3.25462715488351,0.3781147173074384,8.607512497952387,7.466301357599897e-18,2.2267383859183436e-17,flhB
b1621,581.1438107694189,3.2525825301943136,0.1605873467363659,20.254288997837637,3.256168481713399e-91,5.643170730906449e-90,malX
b4580,301.9486141580565,3.251737003538421,0.1764810204765942,18.425420448935377,8.214993314111796e-76,1.0604809550944317e-74,yaiT
b0392,248.0647829291393,3.245247339025369,0.1902941424747517,17.053847779134607,3.272625201335254e-65,3.49662527579558e-64,ykiA
b4418,16.126721604671488,3.2447309989326456,0.6451807049280669,5.029181706998522,4.925774343653482e-07,8.864782772184231e-07,sraB
b4447,114.84280147200673,3.2418078996333413,0.2577768509109752,12.5760241393938,2.8606886109273665e-36,1.580018979335291e-35,sibD
b3658,10.094150704443374,3.2408447336871284,0.7913819989556187,4.095171153708384,4.218566233085192e-05,6.733186569267954e-05,selC
b1940,26.212931972611518,3.2370554240947502,0.4975510125925845,6.5059769594829175,7.719005754828498e-11,1.7143826101289128e-10,fliH
b0993,475.8942491032242,3.2350884530190056,0.1536235039857046,21.058551387553592,1.9092401999493228e-98,3.76882303146947e-97,torS
b1775,79.67944474639609,3.229788223719053,0.3020844793035576,10.691672181123597,1.1134512822972349e-26,4.555216119584042e-26,ydjK
b4298,99.4902076958735,3.224271959411745,0.2831207320586241,11.388328703332522,4.7807139017245815e-30,2.1717959334769458e-29,yjhH
b4157,31.79050140621868,3.22304983880483,0.4554595587399861,7.076478639994495,1.4786353251738846e-12,3.614077013556602e-12,yjeN
b0041,25.697803659272,3.2203660111177737,0.5073779621819219,6.347075062679016,2.1944707481231776e-10,4.76334331027526e-10,fixA
b1061,447.7469204834159,3.217113478174702,0.1639902191593008,19.61771558491292,1.0914907647974565e-85,1.6741262531841124e-84,dinI
b1320,185.203021494701,3.213442384123143,0.22062979182672,14.5648616060289,4.699352577988841e-48,3.453514198381783e-47,ycjW
b1021,23.873423286283742,3.2107297432092814,0.520413016498646,6.169580009376331,6.847162207322448e-10,1.4435444461989183e-09,pgaD
b3721,13.695594201470158,3.209417043941789,0.6954312394672212,4.615002694444047,3.930902164725448e-06,6.6887635597686204e-06,bglB
b4431,3.8605180841427633,3.2086145411226736,1.2837227091626022,2.4994607622199942,0.0124382472421372,0.0163052901607766,rprA
b4366,50.93362127030786,3.2062263479703224,0.3864409052019125,8.296808916476099,1.0694518785422946e-16,3.041167422056318e-16,bglJ
b1022,33.27901466100739,3.2034749035342105,0.4595106032558131,6.97149289012339,3.1359517155329518e-12,7.543420465451397e-12,pgaC
b1986,49.140967448030274,3.2030531093344736,0.3745793881196071,8.551066104875224,1.2195674777705288e-17,3.5982145021084906e-17,asnU
b1772,46.75675958818096,3.184998756530399,0.3752002518297609,8.488796958418686,2.087871347915149e-17,6.086628922862572e-17,ydjH
b2756,36.91624323647568,3.1798910448908413,0.4202365780929348,7.566906858325911,3.8221574030701836e-14,9.943934331155409e-14,casE
b0554,5.816396208504536,3.1776398259953798,1.0705210786348307,2.968311310644744,0.0029944088689034,0.0041607916164497,essD
b2229,9.6953161997136,3.1765555504874725,0.7993527589076134,3.973909535044976,7.070242621527233e-05,0.000111074975089,yfaT
b1705,28.790414787986226,3.167628177544817,0.4709058507499971,6.726669826887551,1.7359002124945374e-11,4.015466492591147e-11,ydiE
b0940,69.15624690847042,3.16338561312115,0.3107679669264947,10.17925252852518,2.4543938713333823e-24,9.322037809844304e-24,elfC
b2956,49.59527733494352,3.1577001469345025,0.3677877409590498,8.585659050789532,9.031715515726576e-18,2.6845112559235916e-17,yggM
b2140,255.43869152010677,3.1568155746176854,0.2020584673880911,15.623277833511573,5.0539286630845006e-55,4.3031709816050224e-54,dusC
b4599,185.94053533465376,3.1546026253232244,0.2607641543703639,12.097531706151358,1.088345476392271e-33,5.545019429489324e-33,mgtS
b2753,511.1666913806774,3.1525375480302094,0.1536987396258736,20.51114768867963,1.7120663384139043e-93,3.0389177506846798e-92,iap
b3722,42.30068378114928,3.149614885029719,0.4177883155036468,7.538781646472893,4.7438250283382974e-14,1.2327224188161265e-13,bglF
b1773,47.764437291514845,3.149555571181297,0.3709444302513507,8.490639875754889,2.055024502493636e-17,5.998818209533809e-17,ydjI
b3667,258.6020892341001,3.149450259495913,0.204048293038745,15.434827768433674,9.545488711578241e-54,8.018939180986148e-53,uhpC
b1762,189.09013299003269,3.148220971782965,0.2213660106231839,14.221790250997309,6.711377118178739e-46,4.682009837436262e-45,ynjI
b4426,41.85429069928559,3.148133087794513,0.3893166879503326,8.086303991664852,6.150256766693516e-16,1.6984586127343073e-15,mcaS
b2983,36.32360803328799,3.146449872941701,0.4329302756939697,7.267798187359545,3.653941217342573e-13,9.15460969763347e-13,yghQ
b2059,30.073285016644324,3.1415317685437723,0.4739396566699753,6.628548010978867,3.3900486558395016e-11,7.688302000518024e-11,wcaA
b1862,50.73701618909178,3.1304155976416457,0.3688660250623464,8.486592380289125,2.1278451935263278e-17,6.199056612774915e-17,yebB
b1992,329.3812628058631,3.1136887695872617,0.2048001460608665,15.203547602265257,3.3497791793891166e-52,2.6859249449309454e-51,cobS
b1156,7.439328422457467,3.111858066989946,0.8865299329830083,3.510155665606374,0.0004478444301738,0.0006646699870617,tfaE
b4105,12.969416338101682,3.111376586821603,0.6872501509456814,4.527283962819411,5.974663081009993e-06,1.0038346138399232e-05,phnD
b3082,186.11848008344407,3.1102561030302693,0.2151746139138181,14.454568066640013,2.3459684477445593e-47,1.6901723579331506e-46,higA
b1821,123.05138454559236,3.096708890845975,0.2419523262656727,12.798839088017996,1.6642048977852315e-37,9.416233881813098e-37,mntP
b2089,20.11007048010088,3.09345509527258,0.5644690780713432,5.480291508335907,4.246256301817381e-08,8.116378741033482e-08,insF5
b3332,12.719459627875043,3.091980756056504,0.7110631715488542,4.348391085030434,1.371398948117735e-05,2.259318177250849e-05,gspK
b4578,16.48874440994485,3.086895329005553,0.629142434676962,4.906512673224058,9.271000111602896e-07,1.6462663368808368e-06,yncK
b2503,150.49117835464682,3.0844518515967687,0.2308223339833547,13.362883038082431,9.96292940053343e-41,6.159665059150022e-40,pdeF
b1936,7.221028800936363,3.0765128458491926,0.9213938717781897,3.3389768915131355,0.0008408755904206,0.0012268923927847,intG
b3220,128.03660628391324,3.069735221362879,0.2621165120504795,11.711338585078137,1.1150515910172215e-31,5.3179383571590565e-31,yhcG
b2923,128.60937517832633,3.062836682672152,0.2536714139413003,12.074031658060193,1.4485944830430449e-33,7.363409831819265e-33,argO
b0559,25.093336307437337,3.061832082506934,0.4946005285160677,6.190515185443168,5.996788987820266e-10,1.2709612481648923e-09,ybcW
b0629,21.571221738744963,3.061010063765064,0.5326904062320849,5.746320992369121,9.120608980025574e-09,1.8125923580168204e-08,ybeF
b2987,79.0209419048713,3.0587393862590013,0.2911811779767841,10.504591703049138,8.227806831922232e-26,3.2896281266232216e-25,pitB
b2943,423.5193913548208,3.0538762915566826,0.1917498758236504,15.926353424944525,4.1591582782839655e-57,3.746545316199246e-56,galP
b4309,14.25513094246682,3.047639084832356,0.6412104445955188,4.752946728362844,2.004731822774794e-06,3.486696753794801e-06,nanS
b1801,45.92361899010873,3.044035273897429,0.3924702597244092,7.756091572479751,8.75867914783418e-15,2.322632867997956e-14,yeaV
b2930,46.26329031668636,3.043762425813031,0.3746031032089293,8.1252995496821,4.462589196034535e-16,1.2401715682414156e-15,yggF
b3673,3903.512286669791,3.040764228570713,0.1420385705306348,21.40801767583884,1.1249706431320804e-101,2.3469766687523305e-100,emrD
b4576,28.410932026308277,3.039708714772747,0.4640059213550679,6.551012767026074,5.7148172354183205e-11,1.278933679222748e-10,insB7
b2305,140.3453625573486,3.035970374427273,0.2280116777142837,13.314977569839993,1.8942933760325034e-40,1.1613759667541894e-39,rpnB
b0900,75.84816295714226,3.023955260573397,0.3020389047920462,10.011807130129116,1.3525891192072494e-23,5.007651221825325e-23,ycaN
b1924,44.73973194028917,3.02240392991729,0.4432790720202529,6.81828699050155,9.21324527660385e-12,2.1549790492885308e-11,fliD
b0357,261.9119765488495,3.0193101106719427,0.1988360488613449,15.184923095999602,4.450849265021553e-52,3.549391026200158e-51,frmR
b0313,1322.2323511418865,3.01732163292366,0.1606915469359265,18.77710240804872,1.1625360919664916e-78,1.599213711511405e-77,betI
b0996,27.66731733246114,3.008784463145528,0.4733973583213424,6.355727192510364,2.0744289915372806e-10,4.5072242945444765e-10,torC
b4063,251.97744333584947,3.005039241488668,0.2017404866263807,14.89556851844984,3.5217622561090047e-50,2.6961386871985803e-49,soxR
b3219,88.31141594543091,2.997863894886,0.3102532527435148,9.662634858382363,4.3454109407755405e-22,1.518134838197931e-21,yhcF
b3545,5.127350786720229,2.997398313803418,1.084759702280628,2.763191062040382,0.0057239249769905,0.0077433060075944,proK
b1494,113.94989874561874,2.9904731791371346,0.2541266437746765,11.767649132409206,5.729905103946393e-32,2.777868091142293e-31,pqqL
b4104,6.86617629195203,2.990285455735945,0.9147808625134176,3.2688544090438763,0.0010798384897014,0.0015620930107347,
b1581,56.63722129862179,2.9872775549965684,0.3507690283130786,8.516366366104238,1.6463743338213265e-17,4.81870998502758e-17,rspA
b1495,53.25353798177493,2.9863465286066915,0.3375881847647356,8.846122771411178,9.061256700577032e-19,2.8109691329062785e-18,yddB
b1024,185.96149140509928,2.9847021064315404,0.2205323312104896,13.534079515908974,9.840737701577432e-42,6.215054140938859e-41,pgaA
b4671,5.069338236189185,2.9838099849219124,1.0920692226651625,2.7322535266033894,0.0062902716560067,0.008478192232009,ykgR
b1556,13.645338566470562,2.983197989376733,0.6482597373129397,4.601856042675421,4.18742595888206e-06,7.111515845292757e-06,essQ
b1402,6.720564672507037,2.9779416010672204,0.9745160784983278,3.055815770280624,0.002244491210413,0.0031566294914498,insD2
b2073,92.35000112429316,2.9770117228304045,0.2890933244254846,10.297753255792475,7.212616007987465e-25,2.797351160102275e-24,yegL
b1627,319.5037616489897,2.9715724506911654,0.218679327968272,13.58872134051147,4.67170669167993e-42,2.9717995457767416e-41,rsxA
b2221,6.842849423470703,2.96956522795246,0.923065385960218,3.2170692056266104,0.0012950735543871,0.0018618268407615,atoD
b2843,66.58128563135783,2.9674493578466223,0.309597252798324,9.584869797858511,9.257433310480602e-22,3.198683000999656e-21,kduI
b2057,52.62018922603335,2.966259312515412,0.3454737013773485,8.586064006288785,8.999954054993078e-18,2.676878226356725e-17,wcaC
b4080,37.36719216689124,2.9651322647893683,0.4047898963588616,7.325114315997318,2.3869515337919175e-13,6.035244486933958e-13,mdtP
b2409,248.1027405690552,2.961682420136176,0.1920109521894591,15.42454941431598,1.1193364185700775e-53,9.385369361039012e-53,yfeR
b2944,54.033219932932575,2.957044094536609,0.3382876439794341,8.74121224101339,2.3062229391035786e-18,7.011045150506874e-18,yggI
b0035,75.66937083216975,2.952619911848048,0.29871326940862,9.884461837579298,4.8618706829948987e-23,1.767296015404091e-22,caiE
b4486,494.7469498125374,2.951932851239303,0.1577885758199619,18.70815321007449,4.2484369924302846e-78,5.736693141312305e-77,yjiV
b4342,105.77049357003295,2.9501514014502312,0.2586490045638513,11.406003307165028,3.902516926719317e-30,1.7765128760515447e-29,yjiT
b2778,8.324493808499087,2.9451856946192616,0.8349801011262734,3.5272525544580176,0.0004198960361778,0.0006248757103633,ygcG
b1355,23.34965900061918,2.9446695471481927,0.5119425559227292,5.751953052312086,8.821830073118521e-09,1.7579760419129368e-08,ydaG
b0343,60.29041231428959,2.9409213415462405,0.3214896603092655,9.147794484952154,5.810771377185343e-20,1.876926708017148e-19,lacY
b0355,369.4031648237672,2.9407813709117034,0.1636417892678897,17.9708458583125,3.2965000362648666e-72,3.997573873178497e-71,frmB
b1878,21.883394410515116,2.940656122403252,0.5205461315270156,5.64917486520719,1.6121979710520767e-08,3.164019379657264e-08,flhE
b3457,88.60617901989934,2.9384256445264483,0.2748294666335395,10.69181438409796,1.1117451412803927e-26,4.5524670808523614e-26,livH
b1938,29.72489565570529,2.928745333904852,0.4740372738015783,6.178301782932709,6.479477156222021e-10,1.3706227026280316e-09,fliF
b2758,57.626426161416056,2.917638606517796,0.3394623959762434,8.59488014313662,8.335175089755928e-18,2.4825061397229757e-17,casC
b1650,1229.7187046320607,2.9150388098640097,0.1316961348535776,22.13458134595224,1.4687050615823485e-108,3.3325977737554114e-107,nemA
b0874,157.3840539137024,2.9069918828552903,0.2150334283996053,13.51879056428896,1.2115116371912458e-41,7.640507488418143e-41,lysO
b2723,73.69946231666273,2.9033368428756496,0.3020082575564604,9.613435295996403,7.0168034136799945e-22,2.437882291003894e-21,hycC
b1115,21.20909390228103,2.9019112082306378,0.5157231686815377,5.62687772133539,1.835007083736764e-08,3.586901057996996e-08,ycfT
b1571,12.928289530113872,2.9004046582307867,0.6608722153740245,4.388752607172759,1.1400266369774334e-05,1.885906522350493e-05,ydfA
b3532,326.90631395048274,2.898468557295844,0.1752059286521001,16.54321049290076,1.7921135872307914e-61,1.7453283210154742e-60,bcsB
b1907,483.7421858902283,2.888093167839537,0.159600822317771,18.09572861779646,3.443596877924761e-73,4.258065577703595e-72,tyrP
b4385,1118.1221380822133,2.883966881913835,0.129963493027234,22.190592255853694,4.2338106717774e-109,9.706893008939645e-108,hipH
b3104,19.45948078368056,2.8837083770310152,0.5373232488750302,5.366803656957906,8.014421846929146e-08,1.510251925093412e-07,yhaI
b4087,37.455663162162175,2.883685325818952,0.4056670835848728,7.1085021252793705,1.1730909251321477e-12,2.873648443200731e-12,alsA
b1734,135.14688270964757,2.880775942680872,0.2419180562659312,11.908065016503544,1.0744163939195992e-32,5.332109319091404e-32,chbF
b4347,66.35820446692072,2.8793827836542185,0.3057268295037074,9.418155378539655,4.590819740640765e-21,1.5497537191948348e-20,symE
b0744,87.47644473376238,2.874510755904755,0.3572706926839746,8.045750224599072,8.571866393351844e-16,2.359809622484979e-15,valT
b2005,3.1597418726470443,2.871500727169067,1.2952586042813907,2.216932369858431,0.0266277133709684,0.0336342020829277,cbtA
b0013,3.1375449827914488,2.863635646540738,1.309344272384333,2.1870761624259605,0.0287369644908716,0.0361428907682334,yaaI
b0787,79.66994215491256,2.8585611264070785,0.2950317022749341,9.688996485344624,3.358118739527421e-22,1.1816497754915832e-21,ybhM
b0321,88.74057150467343,2.855120986727693,0.2673400614822248,10.67973490728597,1.266327511930962e-26,5.1614571365926806e-26,yahG
b0575,306.7708458556276,2.854637276421044,0.1688439531116704,16.906955942526633,3.9983490179225584e-64,4.16092963992792e-63,cusA
b3022,645.7128051275898,2.8546329085107147,0.1707500859785916,16.718193095777554,9.66040320407806e-63,9.664794296443549e-62,mqsR
b1547,15.938672045774448,2.8518971593729403,0.5858426218745835,4.8680260754115485,1.1271846019714531e-06,1.9911182254728483e-06,stfQ
b2980,2125.334449233367,2.851632717105368,0.1238161357793462,23.03118813356674,2.2707844931882803e-117,5.949996035127863e-116,glcC
b1950,11.11232237412326,2.8450417947388016,0.7015533140657413,4.055346525627272,5.00600328926773e-05,7.92962449778933e-05,fliR
b2360,40.76081180632153,2.8417385740402765,0.4038725999075832,7.036225222237266,1.97517585219304e-12,4.8010624524316735e-12,yfdQ
b2540,20.31600994190909,2.8401929911797725,0.528976795695635,5.369220378456781,7.907774078720747e-08,1.4914319406396196e-07,hcaC
b2483,11.012053491562966,2.838841776488871,0.7312488935421333,3.882182662509973,0.000103523066046,0.0001608113540273,hyfC
b1497,12.409292619572112,2.8312187408198506,0.6648569517170553,4.258387813360398,2.05906509814233e-05,3.3533128235377496e-05,ydeM
b2775,13.975339360461453,2.8250604109260524,0.6201111354544926,4.555732431502792,5.2203353982875614e-06,8.81131764695623e-06,yqcE
b1167,72.14340354907795,2.821773732851891,0.3717498286908858,7.590517910361239,3.1862933964161385e-14,8.309279343023601e-14,ymgC
b1991,761.5626498557958,2.82149547763274,0.1479366259240595,19.072325463750275,4.288054165471468e-81,6.089036914969484e-80,cobT
b3252,1955.28601803594,2.820648951441956,0.1250010839533285,22.564995936316024,9.568238314607947e-113,2.32703784866874e-111,csrD
b2298,150.12911019462493,2.815793680824828,0.2191960665512383,12.846004607325469,9.056850691246532e-38,5.177695680891847e-37,yfcC
b0320,80.32522553238624,2.811787581562425,0.2734991613040677,10.280790508298372,8.601915022814294e-25,3.3303104600200984e-24,yahF
b0065,2225.9583441580376,2.8110429453664536,0.1635880791395547,17.18366619470109,3.5194865677369454e-66,3.853925341089062e-65,yabI
b2641,251.85852413950457,2.810339698507948,0.1991378894842424,14.112531300731334,3.179568026406032e-45,2.1938022652412778e-44,yfjV
b1057,32.35048730160569,2.8076104476449126,0.4279015832723413,6.561346247363584,5.3324139656006475e-11,1.1945692761615294e-10,yceJ
b4490,851.0279218225506,2.8011905044328715,0.157909103086127,17.7392591667438,2.0866795910135902e-70,2.4429690318196344e-69,efeU
b2647,375.8133427719536,2.800578618456544,0.2163925056037819,12.94212389954228,2.603315032501341e-38,1.5158456049035586e-37,ypjA
b0373,9.153244017325564,2.797788978198118,0.7878293590491863,3.55126265105772,0.0003833876127814,0.0005722862907642,insE2
b0649,147.1971190057756,2.797089023351341,0.2137259598604965,13.087268505786852,3.893596454388267e-39,2.328751575029504e-38,djlC
b3062,16.64260915535059,2.7953169622526435,0.5885243392583499,4.749704941303299,2.0371365656661054e-06,3.5402586506364766e-06,ttdB
b0859,476.8099312994607,2.794662005395504,0.1493810928696702,18.70827125246532,4.239038660834977e-78,5.736693141312305e-77,rlmC
b3758,6.173145249200072,2.790829921652086,0.993490427631784,2.809116065974264,0.004967773318928,0.0067577682787148,rrlC
b2917,135.9517873154695,2.789749780063861,0.2291474832078119,12.17447270644409,4.2513261340238145e-34,2.1965185025789705e-33,scpA
b3080,128.68271103360146,2.789033456875435,0.2565815135791293,10.86997039642648,1.6025283761587236e-27,6.731230831918609e-27,ygjK
b0946,822.4378877214934,2.788650530449156,0.1464796360724355,19.03780351468201,8.293340733610658e-81,1.1738677141271422e-79,zapC
b0615,25.79993133251847,2.787341024400737,0.4594326354139693,6.066919956370141,1.3038649690815767e-09,2.712482794847401e-09,citF
b2165,70.18552578804999,2.7872064341148177,0.3034793595370286,9.184171333321732,4.147079589340543e-20,1.3492567887861842e-19,psuG
b1563,1647.0776969547887,2.786081203184469,0.1618151880356279,17.217674292545635,1.9569537346119013e-66,2.1482569425839374e-65,relE
b1883,31.71844210851697,2.781953071192196,0.4524582318193768,6.148530130628197,7.820427286987692e-10,1.6432229554806596e-09,cheB
b0745,39.67694447420097,2.7817064581516595,0.4120266515094478,6.751277976706016,1.4654851418519784e-11,3.3988754449064323e-11,lysW
b1885,57.76871524955027,2.7739889397260318,0.3222490517568692,8.608214437257532,7.420734677729681e-18,2.2146490882282072e-17,tap
b1561,129.73999987401783,2.7734592122466357,0.2271808613216044,12.208155194554166,2.811927906524341e-34,1.4579630912273441e-33,rem
b2561,208.2757543891374,2.773176441733961,0.1936523562331116,14.320385745246044,1.6321475155537672e-46,1.1495541381548293e-45,yfhH
b1798,162.0637067976228,2.7720914839802338,0.2315322505355468,11.972809306557656,4.932958118588844e-33,2.4788677668981837e-32,leuE
b4286,16.76469615390882,2.77156742504411,0.6086840802895719,4.553375905158519,5.27918179387325e-06,8.90722815509009e-06,yjhV
b2252,39.05063880527174,2.7686368339129683,0.3819117076015678,7.249415974441321,4.1857253258776153e-13,1.0445330433397539e-12,ais
b0346,1530.4452955512795,2.7668933087681524,0.1613578189235603,17.14756264819684,6.554447884072188e-66,7.124118416218708e-65,mhpR
b0796,237.10761827600564,2.766148883351503,0.1971427921259833,14.031194615443036,1.0044519740261908e-44,6.855190061493475e-44,cecR
b4355,461.205659878239,2.766064177459852,0.1517172532089979,18.23170482561705,2.8916487261042226e-74,3.6472887370518017e-73,tsr
b4482,28.802910684883454,2.765871705565248,0.4455685324415169,6.2075113123664805,5.383023522131605e-10,1.1441849128161916e-09,yigE
b0943,27.138898744550165,2.7657477507314563,0.4633793685363214,5.968646725614127,2.39229456550042e-09,4.909501481274057e-09,ycbV
b2634,12.19754067778486,2.759225792082772,0.717439845714273,3.8459332981927226,0.0001200944325097,0.0001856234873271,yfjR
b4322,1326.5918350759584,2.754514457715401,0.1787948911020988,15.406002043662788,1.4915891877882944e-53,1.2459156745055165e-52,uxuA
b1579,27.02554216703457,2.753911156089567,0.4620212870033969,5.96057202028728,2.5135649101833284e-09,5.151169801967883e-09,intQ
b2698,267.49156642741644,2.7514031518072155,0.1879342736870821,14.640241494153477,1.5551488313319668e-48,1.152485716418067e-47,recX
b4102,4.562528559926565,2.7472497701267917,1.0977420974257257,2.502636800182178,0.0123271975111059,0.0161693454838761,phnF
b1948,8.97530851217068,2.744786874282479,0.7733426749273552,3.5492504982222965,0.0003863293791964,0.000576482009228,fliP
b4501,28.555293252527083,2.744242908339137,0.4727546338579887,5.804793251721956,6.44454751063309e-09,1.2947922474580953e-08,torI
b3899,48.11706640748312,2.743901432925711,0.3779303944985832,7.2603354291368,3.86131580554181e-13,9.65767737272446e-13,frvB
b0941,100.72713959027492,2.7416500108297504,0.2514233897898285,10.90451454465541,1.0967712149615638e-27,4.633384729616894e-27,elfG
b0534,13.167846562971349,2.7373869502417865,0.6312800898401569,4.336247878394051,1.4493549402510384e-05,2.3841780444637787e-05,sfmF
b4312,35.22944107331361,2.736874747749792,0.400499130228738,6.833659654108797,8.27752778417164e-12,1.9423068926398484e-11,fimB
b3329,7.445487648160572,2.735391718799593,0.8439769897989112,3.241073811089728,0.0011908034651192,0.0017164102336132,gspH
b3897,51.70622293971815,2.7347990231748174,0.3417530345216774,8.002266979143235,1.221491814659453e-15,3.3335443075827106e-15,frvR
b1009,17.58719641170664,2.732949894696921,0.5550168880720987,4.924084209743724,8.475633467806291e-07,1.508073505468201e-06,rutD
b2166,32.20577763987354,2.7328211374176505,0.4300034711684323,6.355346690555446,2.0795706256176422e-10,4.5161666965805924e-10,psuK
b1644,202.87056401809,2.7296953186538357,0.1948853902224291,14.006669845996893,1.4190465633957531e-44,9.610219957027853e-44,ydhJ
b4319,37.91467783980888,2.722942758242642,0.4077742638257074,6.6775738436658525,2.4293021509023268e-11,5.5725836728879856e-11,fimG
b2181,2717.6871802078053,2.72146486693027,0.1417366355552975,19.20085697158029,3.6403610257353727e-82,5.288735721216868e-81,yejG
b1085,2.910244508146409,2.71694284769871,1.3081645707492218,2.0769121167550364,0.037809671221802,0.0470297182024223,yceQ
b0562,36.61043818578303,2.714971993554422,0.4126016679226821,6.580128498324886,4.700418628591881e-11,1.0556756532174214e-10,ybcY
b0319,11.64654624085137,2.714632025986171,0.6942445105608229,3.910195881553667,9.222130440999452e-05,0.0001437020113319,yahE
b2046,55.27285256058874,2.71287114138312,0.3329663170909112,8.147584311485817,3.712660319391042e-16,1.0367608047987166e-15,wzxC
b4438,7.260698752949043,2.710429425122372,0.8886589005519347,3.050022256502421,0.0022882440838424,0.0032120058855466,cyaR
b4332,130.07963732085122,2.70734336615308,0.2380298540746531,11.373965575360046,5.636718088435506e-30,2.555389600957065e-29,yjiJ
b1577,37.04393994305384,2.706488439822748,0.4348662931374342,6.22372550490455,4.854861748387757e-10,1.0349201654432404e-09,ydfE
b1421,308.17380050016885,2.70279172301915,0.175634360758225,15.388741197058591,1.9478487380435955e-53,1.6208752636801337e-52,trg
b2482,94.9119459626611,2.701833737458534,0.2706663493579756,9.982156052524894,1.8245827237553682e-23,6.709952506241544e-23,hyfB
b1774,27.53094041902077,2.700128742567524,0.4600352462056305,5.8693953666337055,4.373872830852443e-09,8.860288780893525e-09,ydjJ
b2734,18.71208160258228,2.699819736316101,0.5236706581589744,5.155568092754392,2.528631306100384e-07,4.6186867259144774e-07,pphB
b3214,24.428390746643974,2.6982694249129686,0.4704814325422607,5.735124147902686,9.744094528809948e-09,1.9312698836479693e-08,gltF
b2163,34.3602603509144,2.6944681969889386,0.4054620391474701,6.645426542653323,3.023402195257127e-11,6.888724877599312e-11,yeiL
b3900,4.332335831301797,2.694356900092871,1.1114398881902097,2.424203889676995,0.0153419892139112,0.0199690823535296,frvA
b0535,10.12310620291605,2.691072300354997,0.714510222789433,3.766317422092447,0.0001656731363871,0.0002538437683175,fimZ
b3010,218.5224901172662,2.684272361053462,0.2142779442038176,12.527058587514851,5.3095583490607634e-36,2.917937060245378e-35,yqhC
b1153,7.165274103163738,2.6815381173481065,0.8545077944257042,3.138108434868413,0.0017004195871198,0.0024216263417992,ymfQ
b1018,462.5797761601668,2.680233788597005,0.1466168552298724,18.28052978216465,1.182716684189758e-74,1.5047164288448885e-73,efeO
b3586,54.12939110752293,2.6754196525234097,0.3280230013861992,8.15619527050633,3.4574330347591715e-16,9.675537329313334e-16,yiaV
b3086,21.34909267842681,2.67516795483311,0.4980739623792589,5.37102550403167,7.829013458481058e-08,1.4772103405158007e-07,ygjQ
b4521,5.647944932506033,2.675034544822723,0.9547350824531716,2.801860530723641,0.0050808833828015,0.0069009715060451,ycgI
b0347,90.36338571272144,2.669866368641852,0.2656258767559526,10.051228446748162,9.072925941630459e-24,3.3710316158613336e-23,mhpA
b1993,341.35335394380826,2.6673118296837623,0.175620772417545,15.187906265109277,4.252880473747158e-52,3.3984217210097305e-51,cobU
b1628,316.7690210746069,2.665537845914803,0.1782803257703244,14.951385321949491,1.525425487517086e-50,1.1780566659737214e-49,rsxB
b2972,48.12308124207164,2.6603134142690696,0.3417316012116019,7.784803643669437,6.9821560795278886e-15,1.8571269523916482e-14,pppA
b2574,285.0018306911088,2.658663003978305,0.1748363364813046,15.206581523530138,3.198127923429268e-52,2.5737036780503908e-51,nadB
b2679,199.66124591210192,2.654871956885984,0.2044338213025466,12.98646153542752,1.4602375199319263e-38,8.582063501655994e-38,proX
b3719,42.32776076485786,2.653708241116305,0.3750686346598646,7.075260354742411,1.4916843390367382e-12,3.641927044059746e-12,yieL
b2711,109.95793063095968,2.652415413070052,0.2606805270259197,10.174965669017231,2.564904204711088e-24,9.724985623719388e-24,norW
b3664,81.0666550057484,2.6514536879899264,0.2731132733669108,9.708256414282223,2.7805266721987773e-22,9.799742522833479e-22,adeQ
b1888,86.6829823408592,2.644491758411173,0.2718763855435599,9.726816667523607,2.317314353169869e-22,8.200014294737755e-22,cheA
b3487,2655.298321171435,2.641875279260041,0.1129339806291217,23.393094483546367,5.024420791292914e-121,1.4087579823739752e-119,yhiI
b0356,1786.2555386131685,2.641817258819698,0.156392757084613,16.892196979367775,5.135458243656469e-64,5.319126397311947e-63,frmA
b2713,56.66272531928028,2.634816510413414,0.3303198254882913,7.97656182615902,1.504658137073536e-15,4.088583407035621e-15,hydN
b1840,1244.1524007907092,2.6336266695992663,0.1590299334043241,16.560572045914316,1.343109925722521e-61,1.3138599762290082e-60,yebZ
b1657,966.690132492178,2.6322832168656918,0.1319391746157721,19.95073278676572,1.4770765316948686e-88,2.381718275648649e-87,ydhP
b0544,12.376979545912812,2.6299513779640544,0.6560912813200623,4.008514444320256,6.110190214249842e-05,9.64052233803864e-05,ybcK
b2940,5.581353946426812,2.6291990786410806,0.9998991839382416,2.6294641708633217,0.0085519543081773,0.0113664561789241,yqgC
b3683,26.195042226307013,2.6209523371279286,0.458190138917975,5.720228600548582,1.0638082677202132e-08,2.1046669638221925e-08,glvC
b3151,683.4278047849001,2.619047022367318,0.139371862852787,18.791791748767203,8.815224032786794e-79,1.22027094944426e-77,yraQ
b2547,155.60430831050783,2.6134433571789897,0.2183971266679796,11.966473172296366,5.324412050633703e-33,2.6634161189647225e-32,yphE
b2004,5.5344710147126,2.612410947121337,0.9730403755338628,2.6847919293051192,0.00725749719282,0.0097163937478082,cbeA
b2155,495.5944126695287,2.6085218325711548,0.1704351237582167,15.30507195378146,7.072373564038963e-53,5.797502500726166e-52,cirA
b4500,294.4897842697994,2.60234833027728,0.1656014450620897,15.714526701754137,1.2027603615767092e-55,1.0361156774287033e-54,yfaS
b3684,47.27271867683877,2.6019821243237207,0.3584945154283248,7.258080702336281,3.9262129581217897e-13,9.814417627286836e-13,yidP
b1206,643.6406954511705,2.5994834951015564,0.1436095983471493,18.101042862175493,3.126910385437471e-73,3.877368877942465e-72,dauA
b2056,19.03663121207284,2.595512047951661,0.5128037169844375,5.061414264340111,4.1615787179026e-07,7.510975611401084e-07,wcaD
b1439,598.7796669449772,2.5932114152864223,0.1524986039952252,17.004820682605175,7.563626338167095e-65,8.022911600147362e-64,ydcR
b1296,1540.1029472919115,2.5902447694849817,0.4413192207437564,5.869322358359184,4.37579913895105e-09,8.860288780893525e-09,puuP
b1459,29.443773108605395,2.587079739496988,0.4355942209891539,5.939196653303178,2.8642212576107303e-09,5.856155121227326e-09,yncI
b2715,363.1800879465782,2.5858297843141638,0.1576775281025604,16.399482002484376,1.9287559103802212e-60,1.8417317825366016e-59,ascF
b4556,57.86094929280164,2.584628150281103,0.3089838850964693,8.364928641745003,6.015131924829565e-17,1.731760021785464e-16,glvG
b3136,14.91992741348274,2.580232740790459,0.589287563472154,4.378563032261217,1.1946439055846623e-05,1.974032459603485e-05,agaS
b4110,58.812336589937736,2.5755874893742696,0.3153914554539911,8.166319806181283,3.1793972640481523e-16,8.903121346272244e-16,rdcB
b4281,33.302570538766,2.574222670008428,0.4121949980232,6.245157467591444,4.2337336901825834e-10,9.055828816415808e-10,yjhD
b0512,75.37950380857238,2.574135585744151,0.2799470632010924,9.195079799408685,3.747163643795915e-20,1.223665753708429e-19,allB
b3216,68.1272340688371,2.570460266657626,0.2890079550446011,8.894081362780964,5.890452841262755e-19,1.8402961963973483e-18,yhcD
b4665,7.960054239954637,2.567937731759427,0.799817500553407,3.2106545930573263,0.0013243301303629,0.0019026440058282,ibsC
b1941,44.14662083342159,2.567792795902246,0.3493519580213821,7.350160023276824,1.979697006834149e-13,5.022839322238571e-13,fliI
b3820,173.0770783790016,2.5674477389479446,0.216024103147649,11.88500589303748,1.4162508592113458e-32,6.997010417787144e-32,yigI
b1592,169.94968568089874,2.562200067594197,0.2045664920483106,12.525023242756223,5.4475390214760464e-36,2.990033263408673e-35,clcB
b1351,9.078265728829544,2.559146238600738,0.7737250842709779,3.307565297578566,0.0009411076887227,0.0013676976050701,racC
b0312,2186.0644955823805,2.5495630418531747,0.1630317001954291,15.638449692893872,3.9830735885502595e-55,3.404561152776357e-54,betB
b3328,3.877510216841388,2.549217360351866,1.147004411149649,2.222500049321321,0.0262495307032544,0.0331755481354367,gspG
b1884,43.49534984882263,2.546743987156036,0.3545971507432751,7.182076849229547,6.866030627205542e-13,1.6979925180313929e-12,cheR
b4310,106.83192978302748,2.53090908972603,0.2447866862144089,10.339243236085164,4.682202882238243e-25,1.8239873528860834e-24,nanM
b4661,325.46768908906574,2.530672322845369,0.1846142622880291,13.70789174943102,9.106560091830933e-43,5.912548307409994e-42,yfcU
b3048,15.776620140353058,2.528128338566434,0.5899699933442046,4.285181224617732,1.8259028661206308e-05,2.985744582712859e-05,yqiI
b2368,14.158910232661336,2.5266557362971334,0.6216956894685696,4.06413584507388,4.821074286393817e-05,7.6504574652868e-05,emrK
b1041,11.615771093888176,2.5243450186568723,0.6600626191859883,3.8244023298425542,0.0001310896994834,0.0002017681318622,csgB
b4075,6.54500052449304,2.521872670946597,0.8453015342703204,2.9834000870748723,0.0028506509076949,0.0039672985443165,nrfF
b1281,575.6771233142683,2.5198365492886245,0.1745156923437206,14.439025599632805,2.9396864761232083e-47,2.1041463199828235e-46,pyrF
b2570,1275.3664798167165,2.514872480473255,0.1256806409688008,20.01002271382075,4.504433099334689e-89,7.398699441519142e-88,rseC
b2484,28.128467695377683,2.51199958596394,0.4354861301027771,5.768265421842699,8.009159601299018e-09,1.5989261027173822e-08,hyfD
b0807,672.4979128799736,2.51071204460702,0.1397487927806509,17.965894335472527,3.604222205729623e-72,4.358732458687308e-71,rlmF
b2049,64.30482266500799,2.510164282194472,0.3257380279734641,7.706083007290016,1.297382589271582e-14,3.4239077685692474e-14,cpsB
b4463,65.92931362107872,2.5094042612915253,0.2923422033113946,8.583790615474628,9.179699198499508e-18,2.7248169839376147e-17,ygcU
b0573,7.807685288710601,2.502303152721348,0.7814362541845378,3.202184617518941,0.0013638955678783,0.0019569322978489,cusF
b4597,16.80466267967096,2.4927890024733146,0.5529819176742142,4.507903283633092,6.5471406273959325e-06,1.09876145794117e-05,rydC
b3456,108.5240524473429,2.491006167416363,0.2356687257480417,10.569947961952105,4.10722472041513e-26,1.6526511169348634e-25,livM
b2082,78.16208876283687,2.489781518572862,0.2701539270003841,9.216158899549596,3.0793370011431277e-20,1.0100776064852496e-19,ogrK
b1202,409.3884189827473,2.4884536069555825,0.1500993630041958,16.57870864439326,9.934059518705463e-62,9.739360802080501e-61,ycgV
b1194,22.78659019124017,2.477559128767478,0.4647639861656962,5.330789825621701,9.778653749926073e-08,1.8286165593532105e-07,ycgR
b3240,241.75929622269092,2.4745202567412816,0.1917889705962951,12.9023074113579,4.368188060741149e-38,2.526775800707298e-37,aaeB
b0365,30.48654335445021,2.474428997550852,0.4197940487718826,5.894387985703591,3.760726022457484e-09,7.632418603438381e-09,tauA
b0916,359.2608495724936,2.469375661050987,0.1542441537634869,16.00952516383505,1.0964337140585431e-57,9.99275612688552e-57,ycaQ
b2226,118.1433021229858,2.4683267683950483,0.2254369980361104,10.949075750199938,6.712906296077817e-28,2.855093093269039e-27,yfaQ
b2757,22.532956155014517,2.4674208128573425,0.4646436955478845,5.310350353399036,1.0941469373265433e-07,2.0365474918018789e-07,casD
b1019,383.67720875532615,2.4644492038432224,0.1887429350656344,13.057173255180237,5.7835696210042004e-39,3.4450978987361966e-38,efeB
b3874,71.34081136323302,2.462680428706992,0.2762524383885494,8.914601597989257,4.895732690773556e-19,1.5316997373692393e-18,yihN
b0998,137.60803515261264,2.4596959819189546,0.2177518454482891,11.295867444223672,1.3753929462475872e-29,6.165457993260569e-29,torD
b2083,23.69389395525468,2.4587154086254706,0.4656898495866089,5.279727292334293,1.2937629865838966e-07,2.397955649238868e-07,yegZ
b2014,631.6048762548269,2.4584905848192804,0.1608316542810511,15.286111405178366,9.463461146094652e-53,7.728785893341124e-52,plaP
b4585,57.24288799711879,2.4568572174386727,0.3271396168759864,7.510118281913956,5.907396333309477e-14,1.5260773861049484e-13,chiX
b4703,111.20691006488131,2.456496553945537,0.2457763796982364,9.994843918531217,1.605399432643966e-23,5.918733921690736e-23,pmrR
b2755,98.63121753653763,2.4547393007907066,0.2453621486577686,10.00455577284082,1.455434192898055e-23,5.37936298668114e-23,cas1
b1074,3.7289362483866455,2.453254704237464,1.1386971441267708,2.154440025507207,0.0312056805372955,0.0391137260037514,flgC
b0818,677.8897756973671,2.450792332304663,0.1679976670955903,14.588252174419589,3.3363616578943394e-48,2.455963882617204e-47,ybiR
b3669,496.20223867638725,2.450543082078145,0.1504093893673833,16.292487406438145,1.1159651824128074e-59,1.0587238648666333e-58,uhpA
b0108,9.806807835111828,2.4485212903750866,0.7176086419759844,3.412056582307755,0.0006447472861464,0.0009476385821757,ppdD
b2002,18.633248731805093,2.440669448372553,0.5213657159030868,4.681300234989431,2.850610919601334e-06,4.911306954240733e-06,yeeS
b2223,28.427380972439817,2.440572511480593,0.4171959819740083,5.849942513666496,4.917429369573737e-09,9.929598204065864e-09,atoE
b1968,157.95398566544338,2.435914978153956,0.2061679628180355,11.815196429446711,3.2578658761688075e-32,1.5952308772964502e-31,hprS
b1730,17.405828920286933,2.433665681490317,0.5260846564273839,4.625996314010041,3.728019276488385e-06,6.363218633230659e-06,ydjO
b0022,7.396604721306552,2.429929820306252,0.7968006921186117,3.049608069296873,0.0022914017730658,0.0032154130076621,insA1
b1360,36.31287840673709,2.426144694425393,0.4072528204021249,5.95734289090938,2.563719752032297e-09,5.249067138812172e-09,ydaV
b4030,162.40926937914375,2.424810507350973,0.2012541643010378,12.04849855292395,1.975149544540417e-33,1.0005302986268023e-32,psiE
b0746,54.87290391487929,2.4236510178779294,0.3770967978478401,6.427132321754376,1.3003362539645563e-10,2.854902837881285e-10,valZ
b1044,25.74755870418217,2.4206873813668346,0.45277990178513,5.346278339261598,8.978111052124747e-08,1.6853579894009866e-07,ymdA
b1946,7.365289954561617,2.418739202014996,0.7992813377361587,3.026142470516954,0.0024769556152711,0.0034658482576044,fliN
b0693,58.56879354662925,2.418433052333341,0.3008381147067247,8.03898486962324,9.058576375161613e-16,2.4922408252163383e-15,speF
b1456,22.154941363074517,2.4169547124855257,0.4873716985638144,4.959160984537677,7.079828116654265e-07,1.2637850332693149e-06,rhsE
b3976,4.803814157658505,2.416759814985712,1.0196917043146594,2.3700887285437213,0.0177838168773499,0.0229102610167089,thrU
b3817,18.223640464987376,2.4114827242768366,0.5077856631355043,4.749016956064246,2.044078059657362e-06,3.5509201336273514e-06,yigF
b3816,838.5532840637306,2.408263629464906,0.1510117030177037,15.94752976981244,2.963906168578968e-57,2.679079046013269e-56,corA
b4648,21.522272238734136,2.404046574833184,0.502103874625353,4.787946670650518,1.684964068783295e-06,2.941003898011128e-06,ysaC
b0323,36.49242818258742,2.400689752282533,0.389177434558777,6.168625257022601,6.88862697303876e-10,1.450896456235245e-09,yahI
b4038,13.25895160021252,2.395509829483235,0.6137212370534472,3.903253928419324,9.490803749551142e-05,0.0001477839338716,yjbI
b1580,35.0583920381603,2.3954292810516336,0.3834938302241728,6.246330689730722,4.2020704580545876e-10,8.99684540678808e-10,rspB
b4642,57.97472750058671,2.3947589581096804,0.3217862523661015,7.442079767239788,9.911234167358315e-14,2.5410164708626264e-13,yoeD
b1645,315.52380042006496,2.391685514011875,0.1711985831597269,13.970241282782409,2.3682298493767165e-44,1.5891688714872416e-43,ydhK
b2120,86.48458156848814,2.3916090059816018,0.2515343272375196,9.50808198724799,1.9421017957087204e-21,6.637524926016915e-21,yehM
b4064,587.0430965183403,2.3905964220695184,0.1513209573271824,15.798184628852365,3.2020547349191497e-56,2.7967152664908924e-55,ghxP
b0620,70.8894165349249,2.390575926253871,0.2991687215451174,7.990728154692302,1.341440607891949e-15,3.654097497487846e-15,dpiA
b3140,17.818954258426402,2.3855551149087777,0.5254032728906224,4.540426826395882,5.614046065246819e-06,9.461344096177832e-06,agaD
b1523,39.43584354165678,2.37984817209995,0.3591513368143382,6.626310215657647,3.441814805278207e-11,7.797667922200035e-11,yneG
b0229,153.8081963478223,2.376759955148142,0.2122927902649503,11.19566967951124,4.281547796934857e-29,1.884737340210724e-28,lfhA
b2886,56.27004861992248,2.3721348122739734,0.3490727698003336,6.795530953705763,1.079143430574504e-11,2.517429454896113e-11,ygfS
b0252,14.218461190041294,2.3719386780048173,0.572697721076681,4.141693935057981,3.447501924024437e-05,5.542696665286914e-05,yafZ
b3269,30.55643786044367,2.370790152089045,0.4246340785619047,5.583136803617194,2.3621878647817315e-08,4.5929112105870956e-08,yhdX
b0583,38.62872881765289,2.370555037254899,0.4284423647792169,5.532961331861949,3.1486890564467574e-08,6.073851545345586e-08,entD
b1937,9.571798803360831,2.369823682259367,0.6852425352703885,3.4583721241476395,0.0005434501887113,0.0008016983011753,fliE
b1032,4.851273458864123,2.369345175269794,1.0050428634923476,2.357456842225351,0.018400594050107,0.0236287675054175,serX
b1555,4.670867182568177,2.3658970554488525,0.9876759465659032,2.3954183188068425,0.0166014127123942,0.0214813106290298,ydfR
b0043,30.7648820948164,2.3639429102857816,0.3975793363785214,5.945839468968663,2.750435991763116e-09,5.626124180177156e-09,fixC
b1776,87.42003884287668,2.361470881208686,0.2683770585558651,8.799078780860569,1.3794382405399885e-18,4.2404239768554674e-18,ydjL
b0569,644.9195634297154,2.359541410031894,0.1478771448929624,15.956092550608783,2.5841161525655457e-57,2.345418413112069e-56,nfrB
b4713,4.728398487128323,2.3592727408613468,0.998344381069426,2.363185275139321,0.0181186088939858,0.0233210866524344,agrB
b1300,2916.495602340283,2.355219956742443,0.6933406128897456,3.3969161952394797,0.0006814983474548,0.0009996520244905,puuC
b1312,56.73997088788698,2.3552151276051627,0.3310146199972441,7.115139287880309,1.1179987092600825e-12,2.744802185255373e-12,ycjP
b0591,416.9959227810766,2.350193641733197,0.2080812889294196,11.294593828330107,1.3954770240388506e-29,6.249124984556479e-29,entS
b0251,4.7447886522671325,2.349275722672646,1.063254045123729,2.209514963471656,0.0271388427857933,0.0342307123046023,yafY
b2485,9.261763124688324,2.3439648829905693,0.705297486506827,3.323370532056874,0.0008893669547359,0.0012954974635167,hyfE
b0539,5.784214806556601,2.3421940130198173,0.8986038407443162,2.606481195406166,0.0091477846796819,0.0121400506964002,exoD
b2371,57.62987570300999,2.3420842996332705,0.3534910065565395,6.625583837190675,3.4587835739819436e-11,7.832080911866523e-11,yfdE
b0685,193.1303062771441,2.3364539179547745,0.2247582726114291,10.395407878908763,2.6017141068102257e-25,1.0225665623373762e-24,ybfE
b1969,160.81606400467192,2.329035476216449,0.2027588803337087,11.486724884173896,1.5383412467724394e-30,7.113212361651552e-30,hprR
b4646,10.426776816637409,2.3272107413886656,0.6582494175609003,3.5354543115465127,0.0004070746323019,0.0006062051865334,yrdE
b2047,62.09550810923016,2.325090585623438,0.3033105297047339,7.665710082293756,1.778445049920486e-14,4.6710710678699164e-14,wcaJ
b0169,26761.07194066668,2.324526765886689,0.1551880173716553,14.978777390523303,1.0105901206375801e-50,7.859748606089448e-50,rpsB
b0221,8087.312210589068,2.321546903276948,0.1533427136605304,15.139597101538069,8.875577294334028e-52,7.027030800298271e-51,fadE
b2256,170.71301068725964,2.320956371195726,0.1918108711968753,12.100233718314584,1.0531091961476042e-33,5.371711102481754e-33,arnD
b0278,10.431687926771708,2.3177022740190303,0.6526160666282996,3.551402413356593,0.000383184059932,0.0005721764694101,yagL
b2975,199.2072321164349,2.3142994317125583,0.1886668706466644,12.266591499504868,1.3689581257651428e-34,7.191114164222147e-34,glcA
b3144,73.21736064992982,2.302825370885224,0.2705855316191523,8.510526623893693,1.7314514279675597e-17,5.060988835267728e-17,yraJ
b0358,95.1001430635974,2.3026397404872867,0.2696922033335344,8.53802858230781,1.3653115373073117e-17,4.025520018236293e-17,yaiO
b0295,23.81751093173827,2.302623769066637,0.4561635955474205,5.0478025680750935,4.469206369543329e-07,8.059584776210461e-07,ykgL
b0514,140.90569437022052,2.2992219550681403,0.2222947711354745,10.343122077607983,4.496451421867101e-25,1.7533891160418327e-24,glxK
b2856,5.848185449074236,2.298316082802163,0.9195835576194789,2.4993009757066584,0.0124438574901156,0.0163077882320598,ygeL
b4086,13.908632489363011,2.298154558796377,0.6708864307218689,3.425549323338645,0.0006135575202485,0.000902700602986,alsC
b1313,92.73075559060028,2.2961399055570637,0.3130031638983301,7.335836088554353,2.203415579258808e-13,5.580802865303379e-13,ycjQ
b0162,462.4448563965461,2.296110298108303,0.1421848657432715,16.148767213060157,1.1585399518810742e-58,1.0782014520466148e-57,cdaR
b3878,30.566137055897457,2.2957621134830624,0.4103276855568952,5.594948121444115,2.206877489870213e-08,4.294727988686418e-08,yihQ
b1303,483.9397189058033,2.294296482300744,0.1416046499008295,16.20212672329275,4.871284513222082e-59,4.572152329894159e-58,pspF
b1564,580.4555265531066,2.294182234732323,0.158832555717815,14.444030220153426,2.733780009967154e-47,1.9599510755497416e-46,relB
b2334,11.319051857023808,2.292146128986462,0.6724022216858662,3.4088913674906194,0.0006522744846172,0.0009583819363434,yfcQ
b0650,90.08517974476936,2.291978638235344,0.2446704889289495,9.367613757868927,7.419083060112221e-21,2.481672008405319e-20,hscC
b4284,4.49269606212052,2.2895871538694563,1.0069134725383584,2.273866837929546,0.0229739941071527,0.0292118781223819,insI3
b1422,1211.093819752473,2.2885532596865765,0.175839671700218,13.01499961617444,1.0054280107696207e-38,5.940797454238753e-38,ydcI
b2333,14.825348573954775,2.28827987503025,0.603072107085894,3.794371930228132,0.0001480176577938,0.0002273460326617,yfcP
b0042,27.348662111948872,2.2876816262858912,0.4395967499808585,5.204045813317556,1.949959014134297e-07,3.5840165261875465e-07,fixB
b0948,2130.1250965638037,2.2867773095149526,0.1131049247859326,20.218193980881093,6.77171072421443e-91,1.1553903336430977e-89,rlmL
b0939,11.20645908430748,2.2841269199858587,0.7153784734689361,3.192892999575339,0.0014085512960341,0.0020183733089656,elfD
b2702,79.60273802094777,2.283019905529045,0.2901101427185285,7.869493579699086,3.560796857405874e-15,9.563531279011994e-15,srlA
b4672,25.86372597249377,2.279085774430874,0.4572378234395972,4.984464664988393,6.213359880827097e-07,1.1113860298821974e-06,ymiB
b1559,35.694566765668746,2.276446108877353,0.3758838653694585,6.056248534743092,1.3933267571708215e-09,2.89449003542518e-09,ydfT
b0338,142.67933255877435,2.2706689628537746,0.2175655771634247,10.436710588404146,1.6855023915355807e-25,6.648370544390347e-25,cynR
b0497,379.7411500086175,2.266898505887565,0.1856264712593535,12.212151049945357,2.6771621189047147e-34,1.3930103602149592e-33,rhsD
b2546,73.9388443614511,2.2641009820611924,0.2655958309409369,8.524610397836712,1.5332501311600044e-17,4.496580331356655e-17,yphD
b1673,89.64036324915433,2.2622243211507973,0.2580181656516693,8.767693993316943,1.82362653390761e-18,5.57085635132637e-18,ydhV
b4699,10.010773872464176,2.2507607551891824,0.6613930508277401,3.403060785674014,0.0006663545390579,0.0009780902570634,fnrS
b0498,4.4772423362708045,2.2494911800738406,1.0047891515514116,2.238769374251889,0.0251709259467411,0.0318672464818966,ybbC
b1317,12.14176097709026,2.245936133221859,0.5986735196462907,3.7515207529954,0.0001757652010447,0.0002690258744781,ycjU
b2407,29.917672743858954,2.2445512332489184,0.3962919165379082,5.663883464638397,1.4798492846248036e-08,2.909466972272615e-08,xapA
b3662,222.8750017915213,2.2414037550349994,0.2011016278026121,11.145627111656252,7.521256859087234e-29,3.291110605735786e-28,nepI
b2069,420.26198222579904,2.240030263704669,0.1904592804156567,11.76120301838821,6.184672709688881e-32,2.9950417236579157e-31,yegD
b0104,986.7879703946752,2.239209771232543,0.1364292949501522,16.41296887190315,1.544639436403487e-60,1.478152782401772e-59,guaC
b4278,233.53974184774424,2.237126091660372,0.1720585047956992,13.002124447824972,1.1899117418876987e-38,7.021436310709986e-38,insG
b2629,13.211246213744486,2.236654556618896,0.5821299358993662,3.8421912681115744,0.0001219407494518,0.0001884110842706,yfjM
b4520,12.081681692131951,2.236136584868812,0.6039047596241628,3.702796755999176,0.0002132357076841,0.0003246847406522,ymgF
b2161,79.93860901931103,2.2330966186417167,0.2551564413955862,8.751872405915854,2.098415812689205e-18,6.389314268617539e-18,nupX
b3800,344.01833383394523,2.232865899628108,0.155139963241769,14.39259010361131,5.759778373605651e-47,4.09604917618935e-46,aslB
b2918,51.00152372663316,2.2262028110127345,0.3267345967443171,6.813489704473589,9.525917901416228e-12,2.2269299310692635e-11,argK
b0842,953.644685737948,2.225117910099336,0.1820925226173091,12.219710497260277,2.439518899124974e-34,1.2723651888564141e-33,mdfA
b1080,29.139745972528065,2.224810098452902,0.429413349770102,5.181045488324977,2.206456706777415e-07,4.041956896893126e-07,flgI
b2638,8.672625875956179,2.2242161353422327,0.7794900644257502,2.8534246128984484,0.0043250788450391,0.0059182459048375,yfjU
b3458,78.30414501930166,2.221492413291477,0.274403416141815,8.095717045094597,5.692801133421369e-16,1.5750918032256982e-15,livK
b0342,20.526066818258627,2.220589561010895,0.474895736813321,4.675951769775093,2.9259337372905087e-06,5.033200590681055e-06,lacA
b3846,3351.2103946050324,2.216275888752079,0.2073767382226046,10.68719620024624,1.1685011506658304e-26,4.77156035735713e-26,fadB
b4572,75.84902448734572,2.215305928266623,0.2597665585232467,8.528064354628517,1.488167510956673e-17,4.37310639735065e-17,ylbE
b3727,317.7732085696399,2.2065610566757594,0.2484710371287232,8.88055639069364,6.652675775777181e-19,2.071080535005032e-18,pstC
b1152,25.79015279071234,2.203876432541941,0.4508729049520665,4.888021454241614,1.0185443291521716e-06,1.802827558073124e-06,jayE
b1697,21.612585466902377,2.200652366661481,0.4847555202924675,4.539715948636876,5.633006240198293e-06,9.489664550077644e-06,ydiQ
b0909,48.66849081146011,2.1984419421524164,0.3232858750405404,6.800303112150288,1.043992598699934e-11,2.436720795056792e-11,ycaL
b0230,78.00264296270328,2.19402873348042,0.2734708331161686,8.022898487855965,1.0327869708208125e-15,2.8308395053257887e-15,lafU
b2559,439.0537684155954,2.189735817624275,0.1691685902111977,12.944103955057557,2.5370610749950324e-38,1.479224218824918e-37,tadA
b3717,91.33025847646653,2.18776918099061,0.2406645480573934,9.090533685372192,9.855409418563708e-20,3.152871530560861e-19,cbrC
b1789,126.4415476061266,2.187495591599029,0.2169423895562698,10.083301820696704,6.548773065292479e-24,2.4492522543260402e-23,yeaL
b2058,8.519611093215591,2.1855547161334297,0.8207233981372279,2.662961383937536,0.0077456302367343,0.0103259431563006,wcaB
b1526,343.46573425071034,2.182622923715725,0.1526898167021088,14.294489120868665,2.368374179347121e-46,1.6654286162118256e-45,ptrR
b2817,925.9778444690364,2.179450234139469,0.1281459712383936,17.007559528227183,7.21825666961865e-65,7.675064217309492e-64,amiC
b3173,91.5989480856382,2.174650286868557,0.2433346686592027,8.936869944801076,4.0034910575153853e-19,1.2579134643242486e-18,yhbX
b1925,6.305880102572998,2.1698298300797587,0.8358390135309249,2.5959901308189868,0.0094318774344517,0.0124982313264468,fliS
b1643,60.08701727231908,2.1695726100444497,0.2991806547699509,7.251714225014648,4.1152947640007484e-13,1.028123016522775e-12,ydhI
b0958,1693.7613773838184,2.1624569176517303,0.1131777169950088,19.106737395551946,2.2191683355589125e-81,3.195458678663719e-80,sulA
b0385,110.87805722433708,2.157834998584412,0.2396926875698694,9.002506586503236,2.2062195231064643e-19,6.976852256260529e-19,dgcC
b1010,5.257817317365088,2.154832489796794,0.914318283485454,2.356764081740116,0.0184349545687974,0.0236659871717253,rutC
b3877,18.792082961155973,2.1520761850172425,0.4824147261140404,4.461049940064439,8.15590796438672e-06,1.359935865879937e-05,yihP
b2558,219.98964639406572,2.1497528784002475,0.1839690647529181,11.685404180792569,1.5135783519657463e-31,7.210792105360624e-31,mltF
b2724,12.664483888568958,2.149644021385297,0.5877851862523654,3.657193259821876,0.0002549921257144,0.0003853331058685,hycB
b2981,46.64155540365849,2.143694191969792,0.3267743484530442,6.5601666780702965,5.3747667341637186e-11,1.2034447184022732e-10,yghO
b0314,2177.678087332363,2.1411118324822342,0.1814857562133615,11.797685268286628,4.011958243703917e-32,1.955774107285121e-31,betT
b1316,146.0037337892642,2.1404376875505613,0.1978146317333292,10.820421466274809,2.755074949185252e-27,1.1484696899918067e-26,ycjT
b3677,162.9073115299332,2.1377017002953225,0.1928152586682076,11.08678698491302,1.4541739330449195e-28,6.319125027901023e-28,yidI
b3561,105.68475946948509,2.136673677520253,0.2327216532755969,9.181241399097187,4.2614991649955203e-20,1.3813784480346302e-19,wecH
b0366,27.06372303341972,2.132243508116576,0.4211625972170408,5.062756099914901,4.132383893161388e-07,7.461342862057601e-07,tauB
b2541,125.42151127574932,2.1311949487136954,0.2118044965036455,10.062085479271278,8.125848337568122e-24,3.026225413026639e-23,hcaB
b4488,1041.1807656690185,2.1269278642698826,0.1331421263080268,15.97486778413914,1.9125950386069204e-57,1.7395130908982777e-56,ilvG
b0614,8.534326675781395,2.120936692150918,0.791514179502075,2.679594057917136,0.0073711491152132,0.0098565608764181,citX
b4111,4064.809184427996,2.119833922774027,0.1538233057194311,13.78096714837566,3.3179711342323683e-43,2.1734685912040005e-42,proP
b1759,71.03787292104927,2.112616592372075,0.2701995115019124,7.818728393064184,5.335960137304312e-15,1.425297119199853e-14,nudG
b2958,748.6108603156999,2.110676314088126,0.1435418173597504,14.704260771606794,6.052828962292874e-49,4.523693224450464e-48,yggN
b1788,45.1315836293854,2.1058204551898125,0.320065873016457,6.579334545553177,4.7255843052754695e-11,1.060786441194422e-10,yoaI
b1282,51.0402366159299,2.1048564076920644,0.3004908677905347,7.004726709895595,2.4746840299973123e-12,5.978901811222925e-12,yciH
b3521,164.23678447951164,2.103795300906213,0.1899429494423133,11.075932573876068,1.6416204104989475e-28,7.119618765533367e-28,rcdB
b2838,290.42212843947203,2.1015178282038907,0.1812916275637227,11.591918813047345,4.5287188218118835e-31,2.1367009918130663e-30,lysA
b2810,2912.179157380798,2.10118918058955,0.1000759811627953,20.995938847419435,7.143757937563053e-98,1.3914523204049805e-96,csdA
b1742,55.91826654890341,2.0975733356290247,0.2979403091171759,7.040246893226109,1.918994968265233e-12,4.672243280035152e-12,ves
b3539,147.945548634235,2.0970035062282304,0.200373309536036,10.465483207737789,1.2443999125521884e-25,4.930556629212181e-25,yhjV
b1671,45.41165208289622,2.0966281820549377,0.3416191664695425,6.137325969507233,8.392207365740538e-10,1.7616832057219762e-09,ydhX
b2085,21.45229082710095,2.0939197245890533,0.4504019468454697,4.649002383880603,3.335443582796457e-06,5.71086061900817e-06,yegR
b3424,402.1705886479188,2.0929811517076407,0.1575246069040842,13.286693379797123,2.765308906458337e-40,1.6836638736140522e-39,glpG
b0848,142.35094286191148,2.09259224564861,0.1993732344626548,10.495853424299936,9.025835824085272e-26,3.592380587488551e-25,ybjM
b0988,19.4439537125279,2.0899918678810727,0.48602378744671,4.300184315793863,1.7065611279076524e-05,2.7957878991624435e-05,insB4
b0306,97.14987505773009,2.0898532143676305,0.23703269913144,8.816729599019412,1.1785139379147484e-18,3.6278450032872185e-18,ykgE
b2841,418.02185049464384,2.0875825175582965,0.1509215379675983,13.832237238441634,1.628749072237469e-43,1.0797821409622497e-42,araE
b3088,419.344183734355,2.083606776720936,0.4749238996988814,4.387243467936687,1.1479626570696926e-05,1.898321418640416e-05,alx
b1786,243.39565194746783,2.081012468446476,0.2036341069337339,10.219370908841288,1.6239131328612726e-24,6.226886420605681e-24,dgcJ
b3454,48.07655022970054,2.076194128114778,0.310397344762594,6.688826960497183,2.24966546740662e-11,5.171293674947229e-11,livF
b0590,292.154156811472,2.0745623496185543,0.1915845471370133,10.8284430066007,2.5241064269477667e-27,1.0561897805536188e-26,fepD
b1652,355.439236454206,2.070657248827102,0.1539399231196941,13.451073684226063,3.034341120772722e-41,1.897325229210444e-40,rnt
b2722,22.235578374119047,2.0685977379161438,0.4466407235526979,4.631457967965778,3.630997176750405e-06,6.200019228881026e-06,hycD
b2806,873.6127254325564,2.0634558160233216,0.1236247450852261,16.691284698712934,1.5167160769154012e-62,1.5071296096120984e-61,rlmM
b3704,156.2003958357968,2.0615503741279144,0.195647643280032,10.537057025405623,5.82946433984955e-26,2.3370949020052568e-25,rnpA
b2164,279.83456804450054,2.0614071962773965,0.1759186395652686,11.71795780919839,1.0312809842001168e-31,4.934455317879254e-31,psuT
b3369,13.049347463573504,2.055812927472332,0.6252587544400903,3.2879394536639164,0.0010092354171917,0.0014623615228697,yhfL
b2044,123.32502147081809,2.054815455302544,0.2152297703902365,9.547078229823526,1.3340554991100924e-21,4.591487339392202e-21,wcaL
b3123,468387.1403010462,2.0539173655125307,0.1609730854798309,12.759383715545884,2.7637898122871644e-37,1.5518115757255227e-36,rnpB
b0450,21.76756767304943,2.0528268904783302,0.4419887950025773,4.644522471358939,3.40863948333018e-06,5.831648272685367e-06,glnK
b2527,466.9187227288812,2.0524825658169936,0.1683799364578886,12.189591046260515,3.5318931148863772e-34,1.8291051166740977e-33,hscB
b0038,126.62418638314438,2.0521907169853857,0.2087064327951709,9.832905912389633,8.124010143562203e-23,2.9265051270017035e-22,caiB
b3425,163.52614011157166,2.04700644585042,0.2175332933456562,9.410083460639592,4.957431116463241e-21,1.668395395617063e-20,glpE
b0367,27.65667039303992,2.044864655596654,0.3933276405841979,5.198883690349036,2.0048892185196842e-07,3.680367948258403e-07,tauC
b2601,1028.7912164299094,2.0415635011658804,0.1294569132229179,15.77021613091003,4.987880488181388e-56,4.322175178931983e-55,aroF
b2428,276.2359635149706,2.040421826711768,0.1596605400807286,12.779750248120644,2.127516031372184e-37,1.1991453995006857e-36,murQ
b2386,45.27017988346245,2.037480815292292,0.3193558170928062,6.3799708858918045,1.7712165319579747e-10,3.857939224977242e-10,fryC
b3580,46.38534861120001,2.0370732334844845,0.3113330638199764,6.543067441954674,6.026963362091261e-11,1.3467356710622194e-10,lyxK
b0045,21.64415387819712,2.0368516022528924,0.4734659509833395,4.302002283421994,1.6926156690484535e-05,2.774603453056267e-05,yaaU
b2506,54.284318576560985,2.0344414101334607,0.3464912746796332,5.871551634350707,4.3173508148910824e-09,8.749990003292146e-09,yfgI
b4249,73.1368233082762,2.031811059607536,0.2802570866780839,7.249811534440758,4.1735195093813924e-13,1.0420778718262557e-12,bdcA
b3093,1118.0009312810978,2.0302292822528454,0.1267216888462552,16.021166548024905,9.092826490118746e-58,8.321543078898695e-57,exuT
b3714,797.4490370807499,2.02997480564248,0.152144171108291,13.342442177410875,1.310934319273899e-40,8.082258926391743e-40,adeP
b1601,328.24375504380674,2.0266766718431555,0.1694955454429369,11.95710876381388,5.960114370550798e-33,2.9746511858463283e-32,tqsA
b1692,16.330827013584734,2.02372507460432,0.5362539476822932,3.7738185114551137,0.0001607677349834,0.0002465852158178,ydiB
b2536,744.9548799963945,2.0212454859154505,0.1398158643919951,14.45648170688685,2.281662817454858e-47,1.6465376594157847e-46,hcaT
b2383,200.6790779280776,2.020654303467671,0.1758735661386803,11.489243937172104,1.4941385326294923e-30,6.916086036419585e-30,fryA
b2101,427.5789274947098,2.020552223201424,0.1573806765709636,12.838629666777091,9.962223464223164e-38,5.673183400971587e-37,yegW
b0293,48.16665520992519,2.0194153487378173,0.3556790077517066,5.677634340870452,1.3657026219594982e-08,2.687448789390125e-08,ecpA
b4044,991.1692361948344,2.019264228191889,0.1438316625705213,14.039080075305638,8.98716458166784e-45,6.152643621850985e-44,dinF
b2405,328.8336458731556,2.0186860725235856,0.1652347007003797,12.217083118539795,2.519638525581429e-34,1.3125974898946094e-33,xapR
b2771,37.06955259099137,2.018257399302516,0.3656195042785485,5.520103210262271,3.388006064232196e-08,6.521207999453489e-08,ygcS
b1916,317.7067520549254,2.0174943868626456,0.1861118976118188,10.840222536823603,2.219305480020226e-27,9.29532133496578e-27,sdiA
b2921,71.03162036916522,2.014393638286494,0.2714005319373592,7.42221698648486,1.1517591353763904e-13,2.947699833678413e-13,srsR
b3718,32.78742093637256,2.013531168014544,0.375621388130512,5.360533855742341,8.297637394704765e-08,1.5622839953588697e-07,yieK
b3058,110.76329714948189,2.013245641635343,0.2189915133441315,9.193258729034184,3.811169351750869e-20,1.242723517511654e-19,folB
b3657,35.79533316104487,2.012824861858209,0.3501489355763067,5.748482023928817,9.004821742110931e-09,1.7920083774309363e-08,yicJ
b1008,7.736325359746601,2.012666526773197,0.7727195575854193,2.6046532755846665,0.0091967275170934,0.0121939742560979,rutE
b3393,16.50500766697107,2.007804333296768,0.5429644118490503,3.697856230501821,0.0002174279697387,0.0003309536385858,hofO
b3130,806.4306313490052,2.0076583983349456,0.1508682406418316,13.307362701346944,2.0975593914025607e-40,1.2824245056880656e-39,yhaV
b3471,255.84650516454303,2.007437292724112,0.17565589456663,11.428237564567745,3.0217975259112097e-30,1.382739366846273e-29,yhhQ
b1075,18.338736925149338,2.006817493535286,0.4889144659895403,4.104639222473362,4.049463428608144e-05,6.477375731371021e-05,flgD
b2911,13019.235510290038,2.0028720389140657,0.1829007161169009,10.950597031199871,6.601107927536283e-28,2.810258906867961e-27,ssrS
b4400,168.80522038254296,2.001893715680788,0.2096326165787684,9.549533600028244,1.3028147634105797e-21,4.490987148420809e-21,creD
b4320,140.25489388945837,2.001216550297849,0.2470580435306767,8.100187800804637,5.487441110074668e-16,1.5197006743315438e-15,fimH
b2782,132.35627958842178,2.000394701582666,0.2186909017959138,9.147132711764431,5.846467228621059e-20,1.8854321421531064e-19,mazF
