Gene_id,baseMean,log2FoldChange,lfcSE,stat,pvalue,padj,gene
b0001,43.26669315115419,0.5668391085601263,0.34378698477538316,1.6488090988391448,0.09918675031189854,0.17697774762682938,thrL
b0002,1683.9629019166605,-1.6534834283841116,0.2734037550372809,-6.047771465899014,1.468630765752202e-09,1.686463988270196e-08,thrA
b0003,1053.0945225328096,-1.3577154800121891,0.15480038411825375,-8.770750071104572,1.7747999626708527e-18,6.183222581813454e-17,thrB
b0004,1333.3307917259453,-1.13856747821753,0.15763430569950232,-7.2228406955271325,5.091264497589489e-13,9.780461845602985e-12,thrC
b0005,99.27159976334379,-0.00981351768762623,0.3441799068239017,-0.02851275595424946,0.9772531943858372,0.9875129493184696,yaaX
b0006,220.72208509839513,0.46159911672495957,0.1925412141667292,2.397404206276804,0.016511697787820388,0.03869988004887663,yaaA
b0007,206.0691616260925,0.05741551360541264,0.18446927285659098,0.3112470316400513,0.7556128312870203,0.8350334272636938,yaaJ
b0008,13254.899210915937,0.45097789999075005,0.15030214383074114,3.00047549886319,0.002695584390338259,0.007972336279626319,talB
b0009,654.1097240404833,0.021105583589834737,0.1684493612353893,0.12529334296698239,0.9002913221977229,0.936220486465313,mog
b0010,144.03434685543104,0.07176630948762171,0.247996301185085,0.28938459624065505,0.7722870813959184,0.8466427991785782,satP
b0011,17.962805937915515,-0.24878768468483972,0.4509446107597258,-0.5517034215481507,0.581151565371271,0.6945099085003765,yaaW
b0013,2.189209710894647,2.417041375683493,1.3743911534630053,1.7586269888258215,0.07864088578904181,0.14622011826266437,yaaI
b0014,24563.046576962068,-0.41161786016743285,0.351536821827757,-1.1709096589862038,0.241635092213889,0.35861727000778726,dnaK
b0015,2279.7348546223243,-0.5537234926469652,0.31284719963460206,-1.7699486947420362,0.07673568787061172,0.14306594686443755,dnaJ
b0016,2.0270776685360903,-0.1882364287007114,1.2409274104744643,-0.15169012072087265,0.8794313495227003,0.9222811933387297,insL1
b0018,2.3695796728161724,-0.7772270086224325,1.480945786270573,-0.5248180020010745,0.599709715898383,0.7098781002183278,mokC
b0019,5389.237242609007,-0.8351866505502122,0.14646487322326734,-5.702300027099842,1.182015407686986e-08,1.1625036700959808e-07,nhaA
b0020,824.7312413981914,-0.02318222623621506,0.15474540135520615,-0.1498088216721998,0.880915449218969,0.9233664996785268,nhaR
b0021,2.5379082204903427,-0.3424691092680208,1.0820705850991577,-0.31649424167337287,0.7516273952015048,0.8321950502756225,insB1
b0022,3.0521465440232554,0.9218191988469306,1.0966035814096728,0.8406129748928427,0.40056478757455505,0.5320587533825512,insA1
b0023,2610.8601284703623,1.6446818933294751,0.21274064066902051,7.730924792542355,1.067680891852289e-14,2.46586300359818e-13,rpsT
b0024,41.6369226308673,-1.3054423782992701,0.37808222080584414,-3.452800228259481,0.0005547997097047306,0.002021969509393748,yaaY
b0025,1222.090129035655,0.40381020028317494,0.13255467285096725,3.0463671449529612,0.0023162481491032644,0.00701185282839729,ribF
b0026,4735.301058145961,-0.50421750352597,0.16334186843570947,-3.086884632548619,0.0020226608069686303,0.006233252306932563,ileS
b0027,643.6913546019872,-0.5513580326829608,0.1740026337750489,-3.16867636265643,0.0015313480981783262,0.004910586608120982,lspA
b0028,445.29265067609344,-0.22912541532504768,0.18036035248181267,-1.27037573486752,0.20395082243597062,0.3139055900540154,fkpB
b0029,750.4105707789467,-0.28221244023545766,0.19733082016687215,-1.4301488231630806,0.15267431001615075,0.24936197396757878,ispH
b0030,225.89102223965722,-0.5067437363104073,0.31704581293048484,-1.598329691303999,0.10996962287570194,0.1925405109207882,rihC
b0031,436.7215714604785,-0.5728399173671423,0.15173036149212535,-3.775380956940989,0.00015976330930882917,0.0006647641341787417,dapB
b0032,920.1646270926076,3.5433372576499282,0.43498363628824777,8.145909321751791,3.764421629763575e-16,9.857030140100674e-15,carA
b0033,4730.56705961056,1.9727930814194532,0.4942290353717996,3.9916575923860007,6.561306365302035e-05,0.0003058223409042706,carB
b0034,98.34310783752873,1.4147077731777635,0.3281950218070664,4.310570481502968,1.6283391732208452e-05,8.637551407885026e-05,caiF
b0035,13.110832841687289,-0.5826576423499494,0.5221247930926718,-1.1159355963518356,0.2644497034659524,0.38496909736137763,caiE
b0036,6.525790068933958,1.0900882199760915,0.7201516939775686,1.5136925026938082,0.13010384736212258,0.21981141109503108,caiD
b0037,38.13958613459732,0.17197617158411482,0.3330430438433436,0.5163782122559772,0.6055902799580044,0.7151915084479621,caiC
b0038,75.23668016506983,1.2501965043168726,0.2680528513854004,4.66399255913666,3.1013259959590054e-06,1.8804647742459396e-05,caiB
b0039,235.71643564248075,1.0444194378606246,0.2548177249582734,4.098692263388071,4.154910223018095e-05,0.00020286028416659606,caiA
b0040,6.673681812454379,-0.11360020958368269,0.6847098521292079,-0.16590999710377444,0.8682277799828715,0.9133509087781287,caiT
b0041,4.266945971808096,-0.14932361847115969,0.8514637734837088,-0.175372838071797,0.8607866818982638,0.9075901639609547,fixA
b0042,5.5397591006735185,-1.757210740433269,0.8360481324562151,-2.1018057121553304,0.03557029857038467,0.07475945676014897,fixB
b0043,9.918465954219792,0.2612167587441271,0.5677887516691561,0.46005976338244725,0.6454733240949202,0.7478976424335447,fixC
b0044,0.1785941125315513,-1.1250828641289565,4.426305747061774,-0.2541810097225655,0.7993557209679234,,fixX
b0045,6.781934518658345,-0.40072175744036637,0.7035281693938434,-0.5695887881584419,0.5689566346402835,0.6845129426415584,yaaU
b0046,39.40721671513631,-0.10775701254853727,0.33001659137041234,-0.32651998525610565,0.7440309711015078,0.8260089987032943,kefF
b0047,288.94007087521567,-1.0940009151607033,0.2429325018887301,-4.503312264333351,6.6902468998211805e-06,3.804094744836082e-05,kefC
b0048,612.6079083484407,0.18616199362701163,0.15967806150670183,1.1658583018256286,0.24367174042852524,0.3612457716919103,folA
b0049,580.1879775273105,-0.16466002965048102,0.1720414013182919,-0.957095375815065,0.33851911740797014,0.468727548556472,apaH
b0050,212.70555664737722,-0.13244459790753801,0.18801444262825298,-0.7044384253469873,0.48115978342322574,0.6093801200409369,apaG
b0051,1009.9709266973181,0.1921749354736403,0.1580876036835347,1.2156230532682553,0.22412854815384686,0.33787769030453413,rsmA
b0052,594.7572371643265,-0.11974237347031744,0.22898926249550722,-0.5229169794486184,0.6010320281250957,0.7110338611862642,pdxA
b0053,3569.1624581652595,-0.411841194977065,0.24041826342254066,-1.7130195897523997,0.08670893570204462,0.15870900920351977,surA
b0054,5456.0582031894055,0.032027981960100434,0.14659589333736645,0.21847802984762524,0.8270566745070129,0.8863477551872603,lptD
b0055,564.2402627758039,0.5862023750798149,0.17952527109516228,3.265291685698568,0.0010935140610938915,0.0036518572747010463,djlA
b0058,274.73682229195816,-1.0033759423438382,0.27487737629219927,-3.650267460633911,0.00026196738351376967,0.001040529385145031,rluA
b0059,974.7036972285883,-0.16071635458181247,0.24235038382279453,-0.6631570045266671,0.5072300049200711,0.6309296672394591,rapA
b0060,1333.432197917947,1.0310125237982042,0.15991312353320514,6.447329031029275,1.138384730845044e-10,1.5864066537301613e-09,polB
b0061,26.404137900392616,-0.9315669966242613,0.46057879437578836,-2.0226007102363286,0.04311433092391535,0.08813675506127101,araD
b0062,139.6602578226364,-2.1395550010144713,0.32351214466238304,-6.613522973758246,3.7527972602022215e-11,5.509910548818333e-10,araA
b0063,74.50315593623372,-1.7576456503677917,0.28295460253801874,-6.211758475042401,5.239491780808074e-10,6.507417133203019e-09,araB
b0064,539.7014162688332,-1.3971373048540978,0.27186936923599325,-5.139002267082644,2.7620106722149504e-07,2.049571457306076e-06,araC
b0065,441.50639881239636,-0.40041944518431655,0.2663136340132324,-1.5035634456642983,0.13269380921422785,0.22283670330052727,yabI
b0066,85.8493867981086,-0.6279501650442916,0.29197140538051414,-2.1507248774102052,0.031497921580693845,0.06754718602933353,thiQ
b0067,128.68338923293794,-0.04944119964023232,0.2661157947102196,-0.18578829450566856,0.8526107843495928,0.9016107918930658,thiP
b0068,285.2241752007464,0.8288594746662361,0.17163178370305818,4.829288939280932,1.3702146263190633e-06,8.884782852993168e-06,thiB
b0069,319.51646702963257,-0.02190953025747703,0.20587389309365187,-0.10642209135040936,0.9152474662433655,0.9456100361212556,sgrR
b0070,180.5129415631375,0.7172338951939157,0.23406140174067194,3.064298042564806,0.0021818142929799296,0.006639110702028491,setA
b0071,96.24361981405956,-1.263979069520513,0.3646446065088995,-3.4663314552265683,0.0005276124133339892,0.001934892623743113,leuD
b0072,151.51264611824345,-1.1103536888809444,0.27885676626511624,-3.9818065157698306,6.839344658626974e-05,0.0003163294090868739,leuC
b0073,102.90583290132554,-0.9780609380117954,0.25499696645614806,-3.8355787192472075,0.00012526897449989248,0.0005409461703456492,leuB
b0074,111.77443583240772,-1.3266030815963297,0.2844099664442838,-4.664404339206631,3.095122705425846e-06,1.8794755453479548e-05,leuA
b0075,0.466926606417226,-0.9724018845122517,3.0633783274680755,-0.31742794410769215,0.7509189064077555,,leuL
b0076,36.7917473149825,0.3486019308617405,0.39574728511287344,0.8808700500934926,0.37838815955452443,0.5118636801344686,leuO
b0077,127.18082104986733,0.14148039714746588,0.24687112682792833,0.5730941441608081,0.5665809519321972,0.6828537946037122,ilvI
b0078,34.740515545115194,-0.5253031207495931,0.3702184363754007,-1.4189004899176247,0.15592802946138948,0.2536684325745042,ilvH
b0080,2176.667442624629,-0.44172307341407757,0.14251696339294906,-3.0994420797203963,0.001938854829593614,0.0060019820816711944,cra
b0081,1136.592658759112,0.5408574237442733,0.19062354620717842,2.8373064844593996,0.00454959166575331,0.01264595763212431,mraZ
b0082,1568.644988785555,0.3312796540734041,0.1932594954024132,1.714170128528999,0.08649748525109746,0.15853373244193564,rsmH
b0083,213.8547993907985,-0.3112948163828179,0.178326802402227,-1.74564233861309,0.08087312040995881,0.1497899079889246,ftsL
b0084,1061.308418439649,0.03406561439808014,0.1359889913450115,0.2505027360020181,0.802198589115168,0.8689956257845731,ftsI
b0085,1680.15520508382,-0.2439516684787945,0.15378040721421063,-1.5863637826044934,0.11265681118283534,0.19632562559246974,murE
b0086,1559.6132025319018,-0.10646059128491252,0.15373671610812975,-0.692486440324601,0.48863189840525534,0.6158080117547531,murF
b0087,1413.3227379208913,-0.15547425218584038,0.19551899649306928,-0.7951874496826787,0.4265044711694719,0.5567989460075259,mraY
b0088,2008.4281374745058,0.22935784890146177,0.19689714825314727,1.1648612025938554,0.2440751802283212,0.3617134340009475,murD
b0089,1229.3639675577488,0.12148180739661947,0.2247554042612706,0.5405067246142876,0.5888476247154149,0.6998417418921857,ftsW
b0090,1448.2099356496783,0.02049215594398371,0.18089057845169862,0.11328481626507442,0.9098047546096569,0.9423550884858402,murG
b0091,2289.3414837168198,-0.1121361770425753,0.14862305522912964,-0.7545005508714435,0.4505487147173659,0.5799016174712246,murC
b0092,1520.5043605182916,-0.09134364391509327,0.15927924920777184,-0.5734811305893339,0.5663189717371216,0.6827382090355739,ddlB
b0093,1231.8613628954108,-0.01891388881539196,0.22211305773557982,-0.08515433089894464,0.932138697308839,0.9563319652200243,ftsQ
b0094,2092.221167641079,-0.14054112787722745,0.17978685668653144,-0.7817096892809515,0.434385206059947,0.5640421927076571,ftsA
b0095,6469.236556152274,-0.2615780887034549,0.1312785856825607,-1.9925419469094983,0.046311627541921266,0.09364835259460812,ftsZ
b0096,25260.955924516024,-0.15596339322074862,0.1519901824491914,-1.0261412329897386,0.3048250170543547,0.4302582874658861,lpxC
b0097,1169.80851809224,0.2906579807244699,0.14592251580409765,1.9918651972440016,0.046385850432571596,0.09375232602178066,secM
b0098,6474.650834080221,0.1808277061725891,0.16519898198787994,1.0946054509334433,0.2736895264990479,0.3951199472566034,secA
b0099,151.3365859627936,0.43505032858785775,0.20676489161107026,2.104082202728101,0.03537127703120522,0.07441725684507915,mutT
b0101,104.2530035496048,0.08239649061386403,0.24361966082091904,0.3382177379946046,0.7351991097120281,0.8193015830919348,yacG
b0102,294.2433570311026,0.20407137856125515,0.17188768003728677,1.1872367962438433,0.2351342305661831,0.3512488451517365,zapD
b0103,286.7909727619777,0.46621770361234394,0.17426642304619003,2.6753157347400824,0.007465890169143326,0.019425490180600136,coaE
b0104,703.7333370272814,1.8051454606679675,0.18395696429660108,9.812868284548664,9.911055947406546e-23,5.432580133305108e-21,guaC
b0106,38.550508276752524,0.5677887366578013,0.339575004466924,1.6720569217075758,0.09451309816864725,0.17050452028059987,hofC
b0107,119.8074370297213,0.4107493704547096,0.3491925430801926,1.1762833387893405,0.23948167139542098,0.356189996782408,hofB
b0108,4.194517583346603,1.0264844817958243,0.9575228218636537,1.072020904732013,0.2837106427435101,0.4075242670575017,ppdD
b0109,861.7492788237541,0.39815012631695845,0.17935781518832491,2.219864943709883,0.026427936816112076,0.05794413240055293,nadC
b0110,330.5991790752944,0.017152388583153936,0.1696795950772551,0.10108692548060627,0.9194814568335014,0.9473673034579564,ampD
b0111,605.832216952208,-0.07281743917620216,0.15146504906831568,-0.4807540724682902,0.6306912955279815,0.7349126745792324,ampE
b0112,494.4944017186569,-0.6892340725816952,0.14548729302358127,-4.737417668978011,2.1645875033496278e-06,1.3462358889970227e-05,aroP
b0113,2106.5880751524733,2.4870167761248356,0.2578882111931321,9.64377845973856,5.222930221962365e-22,2.6507982891959608e-20,pdhR
b0114,21879.034853466088,1.1496410304664533,0.16536389191474984,6.952189000601948,3.5966109490548792e-12,6.186471804001929e-11,aceE
b0115,15455.738728206363,0.20416808803188674,0.16650974331729942,1.2261630098295564,0.2201373381555073,0.33357338634621836,aceF
b0116,12116.241491827785,0.8698230858404801,0.23002526585541294,3.7814241083726214,0.00015593376079449218,0.0006534594195985294,lpd
b0117,42.02432925360588,-0.11835537973528634,0.3472409390021508,-0.3408451206110615,0.733220180799798,0.8182114007845888,yacH
b0118,29718.66834487782,1.257684355443678,0.4087348155852061,3.0770179282207426,0.002090827252355191,0.006400142095630819,acnB
b0119,1221.7884758944297,-0.47002842146378654,0.1623590375381248,-2.8949938887967073,0.003791659142905941,0.010787204661928252,yacL
b0120,825.9384610947128,1.428031216628053,0.29037083726382673,4.917956741401564,8.745223128410572e-07,5.913086122397534e-06,speD
b0121,1020.0504181075834,1.4899560927812914,0.25746986844601444,5.7869144136130295,7.169108172251216e-09,7.368050924031187e-08,speE
b0122,244.3883715663441,0.49001736387347405,0.201781905632871,2.4284504714958373,0.015163496070855731,0.035949903314468235,yacC
b0123,586.8651168182699,0.4944887196263239,0.25204622125906667,1.961896977293152,0.0497744798199949,0.09952475026264544,cueO
b0124,900.8432211053114,-0.7908144151758961,0.30419082436477896,-2.599731325977041,0.009329677379209875,0.023602648434419567,gcd
b0125,853.9906783113596,0.39805442337816077,0.14974593827911256,2.6581984656987774,0.007855961514899463,0.020248186700784758,hpt
b0126,554.3795391232602,0.4569368742341479,0.1598350123303011,2.858803384641921,0.0042524226241213705,0.011915852454611771,can
b0127,529.7572073316372,0.47931969763654436,0.1507678598074053,3.179190168573325,0.001476871633159468,0.004758165583008286,yadG
b0128,393.2799759196305,-0.3564423505908933,0.18227530889008664,-1.9555163711494827,0.050522152971993396,0.10057945320477717,yadH
b0129,282.06944340357717,-0.4295353191619992,0.2463830739821295,-1.743363747434834,0.08127009659140037,0.15029301263483894,yadI
b0130,156.68796819788844,0.37547948095508904,0.19711752658182144,1.9048508139596172,0.056799466434718594,0.11119171738720388,yadE
b0131,1278.378163911144,0.38584867649085647,0.14403216589784681,2.678906299059026,0.007386306021509513,0.019267198004077165,panD
b0132,100.43667470878688,0.08512477995623102,0.24168460588608862,0.35221432347392556,0.7246775357837969,0.8124214206728086,rpnC
b0133,1297.4197285304372,-0.05974146538886483,0.1478859768723803,-0.40396977896301367,0.6862349425592824,0.781904614429382,panC
b0134,1074.9555197050756,0.12126328928465482,0.1622391331523563,0.747435510338793,0.4548007170207681,0.5833696166427568,panB
b0135,5.626372897507675,0.7528851756160044,0.8692988152175102,0.8660832873994225,0.3864444894945034,0.5196837737363112,yadC
b0136,2.1820172393617754,-1.9380627129586032,1.2885282575642552,-1.5040901909455855,0.132558145625814,0.22283670330052727,yadK
b0137,1.032942209319524,-1.1458409020008904,1.707195925007311,-0.6711830114027383,0.5021039498209587,,yadL
b0138,1.168042441484199,0.20446977630771962,1.5909591872061601,0.12851981242006802,0.8977376201961598,,yadM
b0139,4.602495396280273,0.9217839388415556,0.8208644855793975,1.1229428913481685,0.261461749670849,0.38197201595481883,htrE
b0140,0.6186925700985512,2.6802467758926625,3.0863236993500363,0.8684269820618974,0.3851606291209101,,yadV
b0141,0.8178277750649902,1.7808267958413504,2.291348205461598,0.7771960593316276,0.43704310680911906,,yadN
b0142,25.564691297446874,1.5405591134937637,0.5357369169961942,2.875588865765448,0.004032746087263676,0.011370795037545248,folK
b0143,913.0193450002139,1.1156223850135814,0.1940111843410523,5.750299338683632,8.908557946448342e-09,8.976245519080671e-08,pcnB
b0144,78.05856846064778,-0.35774480582857426,0.2576944169205718,-1.3882520626701842,0.16506030385690518,0.26547844646155605,gluQ
b0145,4062.625674857991,0.07732123587909344,0.14400906256535523,0.5369192362043392,0.5913234029368561,0.7019724254904463,dksA
b0146,1874.5645613615864,-0.5955063114499481,0.150039057178866,-3.9690086211354116,7.217227099889012e-05,0.00033187942514142867,sfsA
b0147,43.07316156594525,0.15398174795094752,0.2987854361892345,0.5153589475941653,0.6063022139122431,0.7156211316087372,thpR
b0148,972.8341525349016,-0.21982020990159581,0.14173429565705387,-1.5509316844067285,0.1209180563962798,0.20790218730451954,hrpB
b0149,1484.985818975234,-0.5333576690682527,0.15222681919587766,-3.5037036961401355,0.00045883558736759954,0.0017039504062043374,mrcB
b0150,935.8045573293726,-0.7574198716720566,0.20964729785009362,-3.6128291632627803,0.00030287425996525127,0.0011824464223334737,fhuA
b0151,236.46583402028605,-0.5307106745174367,0.2929165901382676,-1.8118150094090657,0.07001478513746928,0.1328858641274867,fhuC
b0152,123.38341900806938,-0.3393948470386869,0.3549623564362968,-0.9561432103564376,0.3389998865635938,0.46923519651950646,fhuD
b0153,285.24390834339664,-0.39511495257314977,0.3020954243707647,-1.3079143896208811,0.19090234826857067,0.29782492437493174,fhuB
b0154,2088.0920374009797,-0.09563770527976768,0.13337141381899137,-0.7170779895125428,0.47332597605026183,0.6021550653077004,hemL
b0155,747.994605462044,-0.7801332494920509,0.1898791383598799,-4.108577994563343,3.981027616405943e-05,0.00019483338727434323,clcA
b0156,1513.2446084535948,0.08723254193288124,0.2722902360024391,0.32036603006249487,0.748690873674732,0.8298377410829936,erpA
b0157,123.45259327441073,0.9234587216792257,0.26001055407287704,3.551620144697642,0.0003828671525094748,0.0014479915951853273,yadS
b0158,187.59873708659845,0.34616525015822713,0.22665309200328856,1.5272910997975908,0.1266886416469231,0.21497280095665364,btuF
b0159,1335.030845180963,0.27071235785330905,0.15248492202565728,1.7753385335224074,0.07584200650116293,0.14175052046728465,mtn
b0160,293.1728708022598,0.4981601196967318,0.18721047901059826,2.660962796150584,0.0077917566009980165,0.020095301999186226,dgt
b0161,1047.0972830424962,0.7157850389245125,0.20303365635730883,3.5254501729744647,0.0004227636989728053,0.0015799694892934546,degP
b0162,124.65238495419338,-0.40134042591507374,0.200312547994038,-2.003571068982753,0.04511602755057573,0.0916816555909129,cdaR
b0163,2054.583887842468,0.3396810861626624,0.1639414799855914,2.071965473243968,0.0382686612134468,0.07921574332753263,yaeH
b0164,36.54082429474545,0.5771201069954535,0.3473120576757077,1.661675989188726,0.09657775794241222,0.17331754418021905,yaeI
b0166,2131.868246327827,-0.35868252571929177,0.15546408188639152,-2.3071729583261953,0.021045179970872373,0.047562800912730255,dapD
b0167,1096.217129926773,0.8409165014986241,0.16377811077000487,5.134486516818667,2.829153743723703e-07,2.091843712310817e-06,glnD
b0168,1888.29682294565,0.46793221426387593,0.13466769043451282,3.474717749699772,0.0005113911238375276,0.0018821207789579911,map
b0169,10290.232816207214,0.6304458632580177,0.14113111405346584,4.467093365529452,7.92895310736167e-06,4.434819894471269e-05,rpsB
b0170,4945.051416993426,0.4378413638416902,0.18010584716678957,2.4310224833301555,0.015056280229593481,0.03571631161215164,tsf
b0171,1315.2822453717347,0.39493878707210056,0.13080233905969577,3.019355692804987,0.002533129378558069,0.007579108351711951,pyrH
b0172,4328.231267480014,0.4890945947979768,0.12096000298409859,4.0434406641199665,5.267249069545538e-05,0.00025062107551969567,frr
b0173,1151.956297198576,-0.2177049783128248,0.15614847642219537,-1.3942177554406134,0.16325185781418605,0.2628783343024359,dxr
b0174,2296.2585816378128,1.047226597282946,0.19440806140640288,5.386744714735658,7.17452233879477e-08,6.08133223397635e-07,ispU
b0175,1030.0111866439743,0.44196949883781605,0.1530860996603282,2.887064859699676,0.003888540622703673,0.011017085113669745,cdsA
b0176,2176.2284176161447,0.4016449636741526,0.13336087139994157,3.0117152014524744,0.0025977619516005124,0.0077499269833307015,rseP
b0177,7417.822123009563,0.09609016862798431,0.17551677783716269,0.5474699901175992,0.5840558823098735,0.6966404989759896,bamA
b0178,3549.204990040734,0.03765002965930944,0.12309488251040075,0.3058618594979223,0.7597098268197421,0.8391099135024073,skp
b0179,3159.5502746807742,-0.18531519762813728,0.12915455457634364,-1.4348328499603697,0.15133473450986948,0.24776467286741274,lpxD
b0180,1080.9012021729334,-0.07444663569364283,0.13456656026782782,-0.5532328057243323,0.5801040058153395,0.6934596010197326,fabZ
b0181,1698.920754011351,-0.021903636698545295,0.13789552050130321,-0.15884226419333392,0.8737931494967638,0.9175386047461547,lpxA
b0182,677.3630448796736,-0.012303010960871937,0.14855330320335333,-0.0828188313256855,0.9339955953338375,0.9570428445706396,lpxB
b0183,182.79787774767019,-0.051749245689908935,0.19260410518106444,-0.2686819454925958,0.788174446471499,0.859683151926146,rnhB
b0184,1696.5982407830654,-0.059373025593283064,0.15988102393714124,-0.37135755157926775,0.7103712375854054,0.8029519267840534,dnaE
b0185,1288.2345545024452,0.1595026359206804,0.13524002116770048,1.179404103485711,0.23823730192073145,0.35472421158860085,accA
b0186,821.889812634597,-1.3954690948890234,0.3481717740114999,-4.007990305506304,6.123763343076495e-05,0.00028738346008433185,ldcC
b0187,185.17689131808584,-0.5998045500506289,0.19386267714464597,-3.093966094376687,0.0019750005583400163,0.006100095638869878,yaeR
b0188,382.3147441046897,-0.3520913535844494,0.17626027769338448,-1.997564954464294,0.045763845873297314,0.0928145882511718,tilS
b0189,205.1643912857213,-0.3138138241192628,0.1859587174444303,-1.6875456468613212,0.09149848044922157,0.16636455246649706,rof
b0190,212.72274478963377,0.5906603880029151,0.19914011640058746,2.966054247024497,0.003016472783421745,0.008801078504362523,yaeQ
b0191,75.16675544474846,0.1586533788919158,0.26434669239572445,0.6001716059091567,0.5483918747664376,0.6675863183786866,arfB
b0192,576.9171042986612,-0.4552494310125153,0.15304940090951477,-2.9745260569929703,0.002934415325889445,0.008592151997672014,nlpE
b0193,64.72671932027389,0.4092706313911719,0.2774118160374343,1.4753179487349033,0.140127083133501,0.2324707178215588,yaeF
b0194,4019.6240426400946,0.15107095618372182,0.1516795307056297,0.9959877610441126,0.3192560918462445,0.44656746974478095,proS
b0195,118.24503274363816,0.7604500824542162,0.2379313712468282,3.1960900257466722,0.0013930363954456429,0.004519946820581719,trmO
b0196,206.93061210417014,0.971792319177937,0.1833067982998554,5.30145269128681,1.1488482080507385e-07,9.224443326751145e-07,rcsF
b0197,1020.1783592977122,-0.5452419271958684,0.2661312316836047,-2.048770915561274,0.040484521030243505,0.0832992322098754,metQ
b0198,273.56211083782074,-1.7743052606935148,0.2662734723181053,-6.663469872709776,2.674368897378589e-11,3.983453093160645e-10,metI
b0199,655.3607769486922,-2.7880229882506082,0.2702733411675107,-10.315567847746555,5.992600259628201e-25,4.2475137357468163e-23,metN
b0200,11.868408725834575,-0.1948260291173406,0.5284899082490421,-0.36864664031679495,0.7123911263546108,0.8045556096402049,gmhB
b0201,0.18287953861993922,0.7984912879891685,4.426327699496274,0.18039588168766593,0.856841787227373,,rrsH
b0202,0.0,,,,,,ileV
b0203,0.0,,,,,,alaV
b0204,0.1785941125315513,-1.1250828641289565,4.426305747061774,-0.2541810097225655,0.7993557209679234,,rrlH
b0205,0.0,,,,,,rrfH
b0206,0.0,,,,,,aspU
b0207,56.40998723650133,-1.9796563032986658,0.4030178811077717,-4.9120805703637815,9.011500572225212e-07,6.043438638241084e-06,dkgB
b0208,291.75337872983584,-0.13236486930486668,0.2376254143063299,-0.557031619245201,0.5775058259935468,0.6907846750784781,yafC
b0209,1122.5918329345527,-0.8441511050759849,0.20106269591719694,-4.198447162091317,2.687515426281757e-05,0.0001362315156281665,yafD
b0210,135.21830926328064,0.03213347307038806,0.27947819743916896,0.11497667211547767,0.9084636123559175,0.9417166482391709,yafE
b0211,5602.625681319366,1.3517271751299147,0.1773480226261202,7.621890309877238,2.4998743185588038e-14,5.585317023693066e-13,mltD
b0212,193.13487337462803,-0.30015151369402915,0.2051945598446637,-1.46276545499671,0.1435315686764868,0.23754359051088458,gloB
b0213,284.10078227691827,0.27084732563055974,0.20339413284628918,1.3316378493338688,0.18297922120577104,0.2889762272817583,yafS
b0214,438.3412789563984,0.625529951973809,0.1720214639770256,3.6363482644081664,0.00027653040913876625,0.0010899487171327595,rnhA
b0215,567.9617537434901,0.13405486051370316,0.16750922639750163,0.8002834434659091,0.42354659343116763,0.5534647315942562,dnaQ
b0216,5.856839096269668,-0.4202543577561169,0.7028385167079398,-0.5979387124720584,0.5498808278167016,0.6690026881191063,aspV
b0217,11.328858323998766,1.4167148735892494,0.5899396357456647,2.4014573487651285,0.016329912608249796,0.03838260222081904,yafT
b0218,0.4344152737242262,2.189682758096144,3.312223245373647,0.6610915375811659,0.5085536119350167,,yafU
b0219,571.3712417337742,-0.3893441022105857,0.18180069737426593,-2.141598507782719,0.03222580392464328,0.06896422693087378,yafV
b0220,1564.6499327325382,-0.060104107991469,0.2536280960104509,-0.23697732600173907,0.8126743805230698,0.874991239005863,ivy
b0221,2125.6764488876483,-0.43279514681688613,0.3273275208298028,-1.3222082448787502,0.1860988163428896,0.2921161641793124,fadE
b0222,1188.1238335928756,0.09365297384549903,0.15170589076730967,0.6173324804449838,0.5370154472226976,0.6582201859071286,gmhA
b0223,395.3423206677399,0.2859913807261494,0.18620548965034225,1.5358912417844697,0.12456505653551042,0.21241477666431954,yafJ
b0224,1518.4113624990002,0.3752769385727073,0.17016489651205732,2.2053722375467513,0.02742798454327189,0.05988127692904447,dpaA
b0225,104.73863890579052,0.14917614944310212,0.25000730485618067,0.5966871629167686,0.5507162648151707,0.6692242340675982,yafQ
b0226,333.7369145026074,-0.703349644967483,0.17726108890620929,-3.9678738820093375,7.251669029275287e-05,0.0003330906299368794,dinJ
b0227,43.218699604703595,-0.7600102902301409,0.32747487874809567,-2.32082012866326,0.020296553679610807,0.046078984254370015,yafL
b0228,123.89809755801535,-0.8811434490641096,0.24417295106212122,-3.60868575012608,0.00030775212537885156,0.0011992123103625203,rayT
b0229,34.53292408130757,-0.9195464452044889,0.34787597041792134,-2.643316938792267,0.008209814657451464,0.021028378851578176,lfhA
b0230,25.146578167935882,-0.0332078551655578,0.43360017447366755,-0.07658635102226995,0.9389526173662422,0.9599687167352953,lafU
b0231,792.5153872666784,1.4952001713334466,0.15775458991168048,9.478013743819057,2.5916915603242577e-21,1.283667952348557e-19,dinB
b0232,59.92458025993239,0.2841321976326868,0.2927909844920427,0.9704267299268866,0.33183383035404024,0.4616476739713906,yafN
b0233,22.59270599220547,0.39216957032170674,0.42538132237151627,0.9219247524441063,0.35656782697129386,0.48845396090602766,yafO
b0234,15.14408941762011,1.8272805474131046,0.5909904893335356,3.091895014205292,0.0019888317463592708,0.006138203685647869,yafP
b0235,0.6520156721372318,1.324277263742553,2.4287763157429687,0.5452446382809251,0.58558527447256,,ykfJ
b0236,3.676617084493765,1.3999872793139962,1.1218608290909957,1.2479152877174227,0.21206208147383276,0.32408446726354145,prfH
b0237,4065.579006942879,0.006738277732619384,0.17630581563138398,0.03821925957739032,0.9695128651914485,0.9819333305745368,pepD
b0238,642.3978649511953,2.2646920785625175,0.24989952570641688,9.062410471411171,1.2759900777537962e-19,4.9486747260809956e-18,gpt
b0239,1380.07939119643,-0.17089929443093438,0.18348043125596392,-0.9314306341068151,0.35163085060959975,0.4836247664289276,frsA
b0240,2141.5285073112414,1.1331177573501763,0.18712410703297244,6.055434413645665,1.4003922398492856e-09,1.6216936614142008e-08,crl
b0241,3.5906059991429693,0.09119827917130593,0.8678542909395999,0.10508478223063032,0.9163085344623024,0.9461969816175322,phoE
b0242,568.7054982630875,-0.440865769732279,0.17130615928315118,-2.5735546904859032,0.010065973665565418,0.02523244984093868,proB
b0243,763.3165194935033,-0.9854454961038586,0.13429035385582647,-7.338170373441926,2.1653342456195114e-13,4.3003328906965266e-12,proA
b0244,10.795383372202787,2.388854239818023,0.7216528162323974,3.310254163892472,0.0009321129053818613,0.003172116021543735,thrW
b0245,0.8702283052028381,3.1872495667936644,2.909642010744199,1.095409522898132,0.2733372639667456,,ykfI
b0246,0.18287953861993922,0.7984912879891685,4.426327699496274,0.18039588168766593,0.856841787227373,,yafW
b0247,1.0577687278427998,0.026717299556781107,2.094469724726864,0.012756116377029638,0.989822367702564,,ykfG
b0248,1.3356540063418736,-0.2001017323255924,1.5349620524089975,-0.13036265750775342,0.8962795094149968,,yafX
b0249,1.9539296421368597,1.4774791736599338,1.3802601872925553,1.070435260875037,0.28442343476497034,0.40826282832360095,ykfF
b0250,244.1410433932466,-0.8589217587779173,0.18649759984429876,-4.60553787016565,4.114011051880484e-06,2.423022841587489e-05,ykfB
b0251,1.9461705593057648,0.8018401232494662,1.4768891100477513,0.5429250698608922,0.5871813941272814,0.6986693809717088,yafY
b0252,4.989919520354973,0.4830670394591385,0.7657125933188558,0.6308725279877709,0.5281238758189146,0.6506194946034037,yafZ
b0253,134.67572169642932,-0.5056596888869686,0.2262020733005688,-2.23543348435656,0.02538890388556876,0.05596449537457007,ykfA
b0254,34.39841043532213,0.6650036088362622,0.36888711827465465,1.8027292792076686,0.07143074155110234,0.13507441514102195,perR
b0256,0.0,,,,,,insI1
b0258,146.738307867818,-0.11141229432709916,0.22221515685802937,-0.5013712651395744,0.616109858866092,0.7230452839847286,ykfC
b0259,1.7031203926864373,-0.7894450545723406,1.464842869239133,-0.5389281479606022,0.5899364340081767,,insH1
b0260,170.14934517118522,-1.8124962756218783,0.3033822473704935,-5.974299061106365,2.3108155764083754e-09,2.617014554990312e-08,mmuP
b0261,687.0590860597537,-1.0928013789694462,0.23573761319408423,-4.635668293076915,3.5578611892482713e-06,2.124987807935278e-05,mmuM
b0262,31.44749080134388,0.5374337055644196,0.3589666642107042,1.4971688436477202,0.13434933010097644,0.22469898130395205,afuC
b0263,4.733929305057159,0.06898252123358557,0.8976285499212285,0.0768497406189221,0.9387430804138905,0.9599687167352953,afuB
b0264,0.0,,,,,,insB2
b0265,0.509941881328663,-1.0971675846563835,2.594754595942505,-0.4228405978631109,0.6724115651252309,,insA2
b0266,49.2321420587433,-0.2372554534863721,0.2872402576572664,-0.8259825952720877,0.408813964965163,0.5398760713047815,yagB
b0267,18.943318365713594,-1.329677544342214,0.49297303386211383,-2.6972622293862205,0.006991219207375727,0.01838829312957237,yagA
b0268,147.13557568819422,-1.3848875462103891,0.24846317556859895,-5.573814079455132,2.4922170873815372e-08,2.3075460464471846e-07,yagE
b0269,361.47590374320174,-1.1048935567405183,0.22162163442676283,-4.985495028941508,6.180336843842021e-07,4.306333011022805e-06,yagF
b0270,57.18189125881525,-1.5309820228630424,0.43362046052501224,-3.530695993932998,0.0004144678193338577,0.0015574745934931345,yagG
b0271,174.0593323782277,-1.5298402914661495,0.28778707457805713,-5.315875612930655,1.061456442142568e-07,8.589857152850585e-07,yagH
b0272,74.5500405720577,0.0946402507314368,0.3420967997541161,0.2766475769415556,0.7820507287538898,0.85482864820719,xynR
b0273,83.49636713058526,-1.1709342020476257,0.253531220522599,-4.618501025767168,3.865220698720964e-06,2.2863197543081845e-05,argF
b0274,0.5085441235742775,-1.0971961551790785,2.5962689432743034,-0.42260496857284036,0.6725835009225639,,insB3
b0275,0.0,,,,,,insA3
b0276,163.4092977239785,0.3851470150963525,0.27476203197984217,1.4017475861606987,0.16099063510479028,0.2602565870687349,yagJ
b0277,21.313718797449372,0.24638911822024406,0.44235360076128655,0.5569958463008114,0.57753026714783,0.6907846750784781,yagK
b0278,4.203121549815274,0.7270083915394971,0.8642693138849786,0.84118269601812,0.4002455929433941,0.5318066039399784,yagL
b0279,7.212342316631083,0.9459365260155362,0.6773079618553756,1.3966121458609408,0.16253023586401827,0.26222990566600435,yagM
b0280,213.65196156122866,0.8969707958057241,0.21933163294191857,4.089564208201796,4.321844216423818e-05,0.00021026155708542385,yagN
b0281,129.03055682422254,0.47239063111630464,0.25121188490807306,1.8804469831877912,0.06004718545603851,0.1165353423473596,intF
b0283,125.53896195954972,-1.355305297062467,0.3921414592889907,-3.4561642615392723,0.0005479213106688119,0.0020022262294750984,paoD
b0284,334.5761043114938,-1.3975694068289397,0.3618769888410592,-3.8620013151562103,0.0001124619609708329,0.0004892392820646498,paoC
b0285,70.63862871556888,-0.9029210052626632,0.33301471085206874,-2.711354711485275,0.006700889997311513,0.017715343266204265,paoB
b0286,78.10228974347119,-0.3396980898466255,0.3398624690674989,-0.9995163360599232,0.31754462949532714,0.4447788660495025,paoA
b0287,74.50751101140132,-1.2288256374624635,0.2985446385768067,-4.11605327538422,3.8541525460886305e-05,0.00018930013281923968,yagU
b0288,11.247850788310187,0.196656184763206,0.5165116938139539,0.38073907545264796,0.7033968707914207,0.7959439955473522,ykgJ
b0289,61.736380158629935,0.010395873460854155,0.3099031698473265,0.03354555381274632,0.973239539566331,0.9849217883980023,ecpE
b0290,72.70931878977045,0.08072407188434703,0.27820570858755195,0.29015965306457037,0.7716941011833085,0.8465950258408413,ecpD
b0291,38.408647039706715,-0.33901836465466095,0.31995205515723313,-1.0595911455797904,0.2893306435635662,0.4137176611095028,ecpC
b0292,3.29896627000119,1.851635736965028,1.1460280636266897,1.6156984246139585,0.10615953177152335,0.187305508632074,ecpB
b0293,22.90173418547376,0.7155949718462844,0.4370201070229721,1.6374417569044917,0.10153819926769532,0.1807810901643549,ecpA
b0294,0.5486386158598177,2.4808620579150884,3.8371652196868093,0.6465351153468385,0.5179328632872728,,matA
b0295,14.326552009686635,1.5612639236510142,0.5762867236878512,2.709179058750417,0.006744992679935079,0.0178204787321421,ykgL
b0296,5.017368264852419,0.9481350399381916,0.872281174563212,1.0869603375459327,0.2770543385898223,0.39935848034458604,ykgM
b0297,1.5584547477127526,2.8805452529829503,1.81522080621604,1.5868842198804765,0.11253886951316995,,eaeH
b0298,0.0,,,,,,insE1
b0299,0.9360627399345186,-0.18781959171957613,1.832984579851444,-0.10246654215432524,0.9183863685272302,,insF1
b0300,35.25284449559107,0.11485122265822466,0.34929247253248696,0.3288110442962454,0.7422985147099455,0.8245309899952947,ykgA
b0301,3.474365796552394,1.2593146559835842,0.9935168031065947,1.2675323175671263,0.2049650155108652,0.3153484950468439,rclC
b0303,0.48539179986379244,-1.0314536944147257,2.6134541109968192,-0.3946706736018833,0.6930859485063469,,rclB
b0304,77.34202465594258,-0.4663927881320618,0.3266708792697173,-1.4277146134809968,0.1533740182180587,0.2500081637170656,rclA
b0305,8.33428230159405,1.1299639931344005,0.7285548522648131,1.550966258232653,0.12090977025651385,0.20790218730451954,rclR
b0306,31.396678739519867,-0.1935234042574229,0.35205451029467366,-0.5496972730030971,0.5825270275868948,0.695547084057428,ykgE
b0307,81.0495875965421,-0.4646464944208552,0.2415521253182786,-1.923586860635644,0.054406389317427514,0.1073246960095703,ykgF
b0308,33.755338772702515,-0.2205336485235296,0.4337072757525216,-0.5084850101739328,0.6111132487926694,0.7190287824232009,ykgG
b0310,4.923841440854328,1.0981996844403517,0.8504297003218809,1.2913468144688405,0.19658344418866647,0.3046191251638175,ykgH
b0311,496.100518619915,1.031073264154021,0.35885157516125193,2.8732582926261436,0.0040626181693118575,0.011431501227954173,betA
b0312,827.7896965262266,0.900347785404825,0.23557794274085211,3.821867934364526,0.00013244461836934386,0.0005695395670673353,betB
b0313,367.1507758720354,0.8397067993399203,0.24557283086723808,3.419379889764286,0.0006276403450473378,0.0022417284608945314,betI
b0314,857.2919923750196,0.43604075934191744,0.2604683369664205,1.6740643581493424,0.09411795158972895,0.16999951625016507,betT
b0315,27.76867246338307,0.91778555219942,0.3695900977179025,2.483252548881705,0.01301887510312206,0.03140880020477394,pdeL
b0316,87.47494365481892,0.2769947317299196,0.2850066009623326,0.9718888292223384,0.3311058577021355,0.4607908534236557,yahB
b0317,1.2665149689726258,2.5312807614685515,1.8612349086574378,1.3600006907749422,0.1738297052988319,,yahC
b0318,29.75237877618657,1.2273125599177277,0.36540860336720604,3.3587401845718947,0.0007829864542407307,0.0027094758530165353,yahD
b0319,4.3150694582694635,1.0546293473071857,0.8481683359588087,1.243419852634541,0.2137131583381524,0.32572346231785154,yahE
b0320,19.40050400860442,0.17463041733143544,0.44927799960013354,0.3886912278964472,0.6975045722387356,0.7914549534842512,yahF
b0321,17.549654028267867,-0.3144011446304076,0.4267143426814801,-0.736795352728726,0.4612468097446004,0.5897933545443398,yahG
b0323,8.48162091602493,-0.7373003181822226,0.6910285392671806,-1.0669607350285595,0.2859895670012593,0.40993832285292087,yahI
b0324,220.92351568807996,-0.2817208054246278,0.1644390470765148,-1.7132232911416765,0.08667146830063183,0.15870900920351977,yahJ
b0325,515.4505036285781,-1.3655825391037755,0.29558147380011207,-4.619986907661389,3.837642594615379e-06,2.2732779115942106e-05,yahK
b0326,2.571534005831325,0.9707821576994045,1.0578753517595754,0.9176715915392981,0.3587908247628031,0.49091168378038935,yahL
b0327,7.018725368052851,2.8120819284391487,0.8860000290778778,3.1739072642761412,0.0015040173595397962,0.004834257517645115,yahM
b0328,63.011707587127724,-0.8354595427830523,0.28040864641751884,-2.979435739435373,0.0028877979449563078,0.008467715657428945,yahN
b0329,3546.87622854535,0.504385556968772,0.2594628045572931,1.9439609381752307,0.05190016174176609,0.10292405447197318,yahO
b0330,95.72263286105027,-0.09523535414242439,0.420411020375199,-0.22652915724576123,0.8207898843509841,0.881470014254675,prpR
b0331,2370.291529525084,0.388555380241492,1.5817019780351784,0.2456565052312593,,,prpB
b0333,2684.7706561083846,-0.1375434227200228,1.885073930880852,-0.0729644712956971,,,prpC
b0334,6373.382538805864,-0.24900415060247122,2.0499971925349953,-0.12146560566483336,,,prpD
b0335,8795.386123660302,-0.6602743825436159,2.003088006119355,-0.32962824425412346,,,prpE
b0336,125.5328115017993,1.4440120143908748,0.25888495890381197,5.57781348327538,2.4356059868823507e-08,2.2653339846319785e-07,codB
b0337,472.5620562240283,0.008287204287130211,0.1924083574935792,0.04307091643566866,0.9656450030990663,0.979463757152791,codA
b0338,43.12776085607512,-0.06896980613812002,0.3451585925064108,-0.19982062633089168,0.8416208691630174,0.8958838407895299,cynR
b0339,81.97366445059932,-4.434900866222036,0.44934849418476047,-9.869624408707866,5.637530353140906e-23,3.2642094763045445e-21,cynT
b0340,50.63434897029875,-3.6479873080469822,0.4226937273908484,-8.630332251592252,6.11740099365503e-18,1.9477415686079158e-16,cynS
b0341,92.92837461045445,-2.7265509441535682,0.29256071526356864,-9.319607185459649,1.1677181302300836e-20,4.948957972552447e-19,cynX
b0342,6.45207242501139,-0.029000500449878983,0.699075729258275,-0.04148406136292094,0.9669099991057997,0.9802631334954235,lacA
b0343,11.78220912190656,-0.2051588528440897,0.5029331460590563,-0.4079247002344108,0.6833289581001212,0.7801070110384889,lacY
b0344,73.786373082546,-0.0019851127050229843,0.29398232624034343,-0.006752489955467826,0.9946123334603691,0.9965516214612667,lacZ
b0345,335.51087276695466,0.7695618423533988,0.20261304252967266,3.7981851155544266,0.00014575944969176543,0.0006171133858731697,lacI
b0346,314.5906965901199,-0.37763474881009373,0.42595204467914677,-0.8865663483187441,0.37531241823074313,0.5080373234595275,mhpR
b0347,20.7785934090291,-0.1859546675308191,0.5552645008443108,-0.33489385193554533,0.7377051600311688,0.8207593810252056,mhpA
b0348,10.443479125879364,-1.6410568636938851,0.7068756797060495,-2.3215636225825595,0.020256444570271693,0.04603330217157929,mhpB
b0349,17.90021870479782,-1.1039368434128778,0.5554197339353987,-1.9875722376498735,0.04685901927635907,0.09461563273335567,mhpC
b0350,16.52763614684376,-0.9390916697140681,0.4909680412335046,-1.9127348235430983,0.05578200871325078,0.10949646584360291,mhpD
b0351,22.41334123125463,-0.831437646031441,0.3901459431217954,-2.1310939167497214,0.033081405780279516,0.07053820495992173,mhpF
b0352,39.742055044071385,-1.4820195178969766,0.36745927730316863,-4.033153085081183,5.5033402386617814e-05,0.0002600486404728573,mhpE
b0353,79.84259157217168,-0.8537894205040122,0.23215144587427233,-3.677726052011772,0.00023532249845564261,0.0009447371007335418,mhpT
b0354,314.87790692633206,0.5897701268758503,0.1580277432937151,3.7320670066121604,0.00018991496399006752,0.0007784052013590903,yaiL
b0355,96.27150481697277,0.5851594801922093,0.27772657443575993,2.1069625093711033,0.03512082944073794,0.07400396198404596,frmB
b0356,381.4840013698437,-0.5001780208903704,0.18911357838574827,-2.6448551455682474,0.008172589443557497,0.020946081797047926,frmA
b0357,50.423938460608326,-0.10367386807773557,0.3475232902788157,-0.29832207215395173,0.7654573596793294,0.8436448272497917,frmR
b0358,26.321888030488896,-0.26774435261162655,0.4518002070792467,-0.5926167106972212,0.5534376930855012,0.671343274203156,yaiO
b0360,0.0,,,,,,insC1
b0361,0.5443531897714298,0.9034874766565479,2.9820756724761237,0.302972686104357,0.7619106772216924,,insD1
b0363,6.298629633898735,0.18050904398610623,0.7307654306298539,0.2470136604991341,0.8048976520541773,0.8703930916770206,yaiP
b0364,0.1860767583042411,-1.1250828641289559,4.426305747061774,-0.25418100972256535,0.7993557209679235,,yaiS
b0365,5.647432598069766,-1.6121064526121764,0.8341906833131808,-1.9325395078848444,0.05329295059834952,0.10553339109335977,tauA
b0366,7.061202323698353,-0.8850287591484489,0.6888413701200262,-1.284807791080025,0.1988594591235029,0.3074506342447237,tauB
b0367,8.026550297779137,-0.684946754945545,0.6619811940281439,-1.0346921651620586,0.3008126961555675,0.4265014733816574,tauC
b0368,27.8163121474374,-0.6802486753620117,0.34982189159072874,-1.9445571924294067,0.05182829567455621,0.10283114069406399,tauD
b0369,1525.8233245487306,0.7715521017241671,0.14216147153073466,5.427294001788389,5.721484138139978e-08,4.951793956188095e-07,hemB
b0372,9.703402871695719,3.0415705161787314,0.798681948652073,3.8082374608715743,0.00013996083793410324,0.0005974859862379008,insF2
b0373,3.2366081246307545,1.0872250771989154,1.0292964646534148,1.0562798129934374,0.2908403959654118,0.415298668917613,insE2
b0375,1.0534833017544118,-1.0392075924342752,1.8308885425765882,-0.5675974087269181,0.5703083670821527,,iprA
b0376,362.002573929937,0.33420229009382263,0.1989839219639569,1.679544190280653,0.09304603409629979,0.1685075974316689,ampH
b0377,322.62150933786944,0.4498408622529832,0.20254724416216155,2.2209182065831303,0.026356501842300106,0.057849214668283896,sbmA
b0378,375.3281670299016,0.2944610160072133,0.14982114957896492,1.965416877621903,0.049366007639727344,0.0989004178396292,yaiW
b0379,1206.1852065150706,0.25074150191553285,0.392810489379866,0.6383268998528553,0.5232609048879824,0.6463718689887307,yaiY
b0380,468.857553857533,-0.12488016297966771,0.20039998661405525,-0.6231545475108785,0.5331829671405082,0.65508522950228,yaiZ
b0381,919.7204468108981,0.5788814868669909,0.1548819802074094,3.7375651195302693,0.00018581097407268667,0.0007623442259608932,ddlA
b0382,611.472416503188,0.42175516060494983,0.24398746434593352,1.7285935641634906,0.08388186229879209,0.15429008318135762,iraP
b0383,429.7480580051254,1.3762372898741109,0.22250325641264987,6.185245609717146,6.200585226858399e-10,7.631917924435592e-09,phoA
b0384,585.2458701346911,-1.026554718684828,0.24542004622310817,-4.1828478744218005,2.8788003307338628e-05,0.00014485615862480918,psiF
b0385,32.748655118298,-0.3431058517298279,0.3713866413893779,-0.9238508160828025,0.355563993594636,0.48775596824396844,dgcC
b0386,646.8366261328969,0.041987237243335765,0.16808260539021064,0.24980120427013058,0.8027410883944534,0.8692247726003833,proC
b0387,846.5222507862368,0.3267304965815175,0.1949106959001163,1.6763087067779665,0.0936777403587595,0.1692787651054331,yaiI
b0388,782.7282390709798,-0.1807372438625935,0.2985033922002012,-0.6054780233163181,0.5448614226483002,0.6650609585828865,aroL
b0389,460.32862011222187,-0.5113778898527088,0.18450362523983224,-2.771641419988251,0.005577443905755954,0.015114615620674177,yaiA
b0390,396.49603196086827,-0.5366043737893924,0.21822928780814974,-2.458901732113672,0.01393627580929672,0.03330931968140629,aroM
b0391,1088.311224752543,0.12443283965179454,0.18188826401498698,0.6841169237919699,0.49390133595237173,0.6197888864774725,ppnP
b0392,46.674678348693924,0.2424090390460841,0.35485418210093733,0.6831229594389604,0.4945291486419596,0.6203873451532181,ykiA
b0393,475.75945387041196,1.3809106623154848,0.20635210745156943,6.692011433125695,2.2012366352463535e-11,3.3147559734424025e-10,rdgC
b0394,214.25496615774355,-1.0095532818872544,0.19989267013570639,-5.05047674435422,4.4070876514205055e-07,3.1399544774678853e-06,mak
b0396,185.03482130229568,-0.18556120663699716,0.24285265249316576,-0.764089684555614,0.444813799102026,0.5739577928777241,araJ
b0397,426.5508772692818,-0.0008862435027119448,0.2710963500862402,-0.0032691089438497277,0.9973916330920887,0.9983500627379727,sbcC
b0398,125.72409734431865,1.1481199639507038,0.21327180110796895,5.38336506742149,7.31060547376897e-08,6.183929856515275e-07,sbcD
b0399,144.63068582515706,-0.03700039659533575,0.19548806784493333,-0.18927189266961045,0.8498797235465323,0.90055329555606,phoB
b0400,137.85002500943503,-0.44744865910329346,0.21098550089909346,-2.1207554888678897,0.03394238424703506,0.07192636166987687,phoR
b0401,1833.496499811471,-1.609093502843731,0.18798810805762092,-8.559549428257036,1.1330948009651061e-17,3.47623337818474e-16,brnQ
b0402,499.91405779175284,-0.3117565058318167,0.18093384909828716,-1.7230413622741416,0.08488104544889497,0.15591866748901126,proY
b0403,239.7001947899162,-0.6040643407748814,0.17034171021896793,-3.5461915933471553,0.0003908419323470683,0.001475437267106334,malZ
b0404,219.9325821406379,-0.032561859779963225,0.19689466876547113,-0.1653770515175752,0.868647215196367,0.9135350989184612,acpH
b0405,309.86650553500016,0.9263916202010736,0.1962252647404009,4.721061894994292,2.3461652404401977e-06,1.450388767436038e-05,queA
b0406,1349.7790886944779,1.298806106282725,0.1747928853490156,7.430543318106738,1.0815250900679778e-13,2.2010641808264634e-12,tgt
b0407,645.733864906463,0.49005490314383443,0.1752453089792525,2.796393843568461,0.005167638441139487,0.014096988474800553,yajC
b0408,1777.259295727975,-0.1146308397569846,0.19543675466320173,-0.5865367543302137,0.5575148699348236,0.6748950619264016,secD
b0409,1574.2348996255762,-0.7032797817229792,0.14518199262127335,-4.844125425097165,1.271705834088113e-06,8.285234047442523e-06,secF
b0410,284.8262525886333,0.3604474169817444,0.23086093895430476,1.5613183356803777,0.11844865946340204,0.20502839539117715,yajD
b0411,648.5417489618322,-0.46090807752201574,0.17134264128506377,-2.6899788287680253,0.007145655219088425,0.018734559059740124,tsx
b0412,444.31960782766447,0.4848523652055851,0.28452876200937005,1.7040539655165619,0.08837100576204594,0.16132025074945422,yajI
b0413,893.0424638790229,-0.3355756455910584,0.18252191155245945,-1.8385499184003948,0.06598141324631379,0.1262213075177273,nrdR
b0414,1886.47291953635,-0.25422992473632305,0.21710061834640898,-1.1710234944180122,0.24158933355173595,0.35861727000778726,ribD
b0415,1270.8041847480472,0.774339644112999,0.14958550982965452,5.176568539257606,2.2600404980588362e-07,1.7079092807940946e-06,ribE
b0416,1047.930342084517,0.7945290194870217,0.1603088021528152,4.956240760439547,7.187015019376685e-07,4.957352138365361e-06,nusB
b0417,413.53083609160564,0.2031757103171818,0.16349553572374798,1.2426988261042178,0.21397883667889905,0.3258025916988718,thiL
b0418,1288.0782448835164,0.13493872104881127,0.25067723878833376,0.5382966626768635,0.5903722550095913,0.7010457366679462,pgpA
b0419,3100.155104036923,-0.9777567387491409,0.13804255375534163,-7.083009638332673,1.4105686090704503e-12,2.5658617486232837e-11,yajO
b0420,1179.274203577708,0.11485176727209115,0.1908910423614238,0.6016613763082524,0.5473995647588348,0.6669698041709741,dxs
b0421,1162.506039314187,0.45855814745571216,0.1943179031091314,2.35983478680387,0.01828307546944427,0.04210740798593019,ispA
b0422,456.5862405176877,0.5312054151515078,0.20911390572359395,2.5402682490836037,0.01107674758500496,0.02748129711644864,xseB
b0423,649.7100745571076,0.5749042995481749,0.18970313912839787,3.030547107388977,0.002441111038803167,0.0073358241816665355,thiI
b0424,312.60828195651044,-0.5584762675351688,0.1620713479330707,-3.4458667411453767,0.0005692309870446921,0.002063587819877186,yajL
b0425,524.2748445797674,-1.0602574544865133,0.1686157297435233,-6.288010354071009,3.215604706333959e-10,4.183338907512313e-09,panE
b0426,1437.5092866072498,-0.581487634746391,0.1972131751539093,-2.948523263177452,0.0031929610754445103,0.009289641175620936,yajQ
b0427,222.71139381488229,0.623114592863307,0.23069156365589408,2.701072301858259,0.006911631155877932,0.018202252198471606,yajR
b0428,7474.634117352449,0.6504639211612105,0.20381066498351405,3.1915107151719737,0.0014153086122666704,0.004581365122069513,cyoE
b0429,785.6942050815559,0.4707181346260347,0.284833357011727,1.6526088782735322,0.09841049001117744,0.17582160992435916,cyoD
b0430,1600.7021604170702,0.5992681092580874,0.29487850469837606,2.0322543003636833,0.042127918309993226,0.08637799110842004,cyoC
b0431,9371.224731908436,1.3641144255320128,0.24058838192073323,5.669909804628255,1.4287271483905932e-08,1.3659296062869138e-07,cyoB
b0432,7411.354639487246,2.3568350013641575,0.2657774080209991,8.867702559496493,7.467046375813174e-19,2.6462954871524104e-17,cyoA
b0433,433.9391297975353,0.9606373789818413,0.24707430910222009,3.888050451187964,0.00010105262508153251,0.0004447830211029766,ampG
b0434,581.448995440314,1.4091504832503017,0.27500462862975944,5.124097329821493,2.989665286287708e-07,2.190822458454326e-06,yajG
b0435,6483.0196597104805,-0.6800183796824804,0.18604269741368504,-3.6551737269772526,0.00025700787983548915,0.001025785819421064,bolA
b0436,6883.520434121668,1.1339519475328623,0.1524069987505997,7.440287892477118,1.0046610866090977e-13,2.05480682937811e-12,tig
b0437,4755.3305004045305,-0.40809188241499517,0.15473522547296328,-2.6373560459011363,0.008355508092529756,0.021374918337517004,clpP
b0438,9545.5058422265,-0.6310323064648593,0.15118664665483048,-4.173862708295591,2.9947826796964748e-05,0.0001499579975180537,clpX
b0439,4663.084225058166,-0.46865355848421647,0.22359702071978385,-2.095974074142706,0.03608449085162667,0.07568537851583532,lon
b0440,5595.413510365785,0.026512495748750368,0.2644669489481161,0.10024880558497185,0.9201467998837012,0.9478134538516402,hupB
b0441,2425.3939904992417,-0.4698915896995199,0.15041232124683526,-3.1240232569006148,0.001783963556173899,0.005589843124566234,ppiD
b0442,134.34361466050277,0.43941869987603854,0.30739446365700906,1.4294945154456076,0.15286215018204222,0.2494705436277791,ybaV
b0443,239.28620022203995,0.9271456864910009,0.3005731125429179,3.08459289204924,0.0020383094703893536,0.006266313360716903,fadM
b0444,335.420690399658,0.3069560013021317,0.1646858613427528,1.8638880034958123,0.06233743375491605,0.12025771476605344,queC
b0445,212.34921691258606,-2.182529201185225,0.25007641038965417,-8.727449333523854,2.6048048823401396e-18,8.923627392750262e-17,ybaE
b0446,452.0526833588527,-0.1505960146688526,0.20127456702493127,-0.7482118426328486,0.4543323889045707,0.5831284579415205,cof
b0447,391.7157899433275,-0.2505263806831647,0.18774750527054737,-1.3343792788199869,0.18207958744476527,0.2882284112381325,decR
b0448,498.17339831380724,-0.0916274109158922,0.19336404780402447,-0.4738596029431339,0.635600028124306,0.7392652754925131,mdlA
b0449,442.6351592916949,0.05035619094565902,0.2844031154480268,0.17705921001017078,0.8594618813370842,0.906891117601836,mdlB
b0450,5.516694694358804,-1.1642086330816346,0.7494005484579138,-1.553519857274319,0.1202989890482439,0.20727122547247726,glnK
b0451,115.28035080762805,-0.6214146586829112,0.21955315612277299,-2.830360855005971,0.004649553057669208,0.012854278829911307,amtB
b0452,590.4935367711912,0.592045928715389,0.14676554093774324,4.033957323582721,5.484528307203745e-05,0.000259756864872288,tesB
b0453,1652.3985105478725,-0.7788519724316681,0.28798603784775567,-2.70447823877979,0.006841175046411267,0.018062986908026154,ybaY
b0454,499.15111635726544,-0.9018008774277702,0.24307373152960426,-3.7099890298838756,0.00020726822832921207,0.0008444793723105954,ybaZ
b0455,1.0438173751255515,1.136158308376696,2.0741562034358783,0.5477689223669021,0.5838505803096155,,ffs
b0456,37.72633342488485,-0.8480053372209169,0.33485990925359377,-2.5324182256130023,0.011327878879768664,0.027986123842986165,ybaA
b0457,498.2780725049265,-0.6715057956982157,0.16928283084794274,-3.9667684686900797,7.285370299143629e-05,0.00033426514843503866,pdeB
b0458,581.9742413777706,0.7593812854269139,0.23667262412619447,3.2085725513484387,0.0013339564884295636,0.0043626850627954935,ylaC
b0459,258.1346925500684,2.1098214726303732,0.18869141004026133,11.181332908478442,5.032834001921515e-29,5.444731732078776e-27,maa
b0460,435.9763266751384,1.6747542223729543,0.243060749288323,6.890270137307653,5.568653938957283e-12,9.343974017572812e-11,hha
b0461,907.5129762467981,1.6738886875441064,0.27396655561972505,6.109828565598793,9.973821876099054e-10,1.1714966209326632e-08,tomB
b0462,3428.813730404832,-0.10676787322900527,0.1734783863412679,-0.6154534606920471,0.538255295037271,0.6591502883223774,acrB
b0463,1026.2106638479722,1.057504143723001,0.14717325277866194,7.185437052977363,6.699253507351707e-13,1.2691535100793949e-11,acrA
b0464,108.42933380245334,0.07696293830993925,0.21498441710253302,0.35799310176622307,0.7203484759055425,0.8087169368328128,acrR
b0465,1378.1160647787685,0.04937422239405325,0.16993124730742087,0.2905541104204976,0.7713923610624455,0.8465950258408413,mscK
b0466,77.58918040421649,-0.01510214712976423,0.2809477325751184,-0.05375429440679431,0.9571309246143535,0.9734601874382469,ybaM
b0467,173.3666763255211,-0.09409049689957423,0.21410274159284126,-0.4394642319831006,0.6603251936197556,0.7599655293871264,priC
b0468,197.9548065778645,-0.4659992974832074,0.19312356204850703,-2.412959312371019,0.015823585888911272,0.03732114835875745,ybaN
b0469,350.92952000613917,1.0571751632092519,0.20439308068464102,5.172264930241803,2.3127335651679122e-07,1.744522511267025e-06,apt
b0470,2180.7396986868766,0.5314606117166679,0.16842623476170432,3.155450292340728,0.0016025057010306373,0.00510294418043141,dnaX
b0471,551.9072604080188,0.3225980789222207,0.17472866985430754,1.8462801736613104,0.06485153498615874,0.12429121693617651,ybaB
b0472,822.3958107516065,0.4292148456001628,0.15945645350707985,2.691737061498773,0.007108096120152477,0.018659887068931565,recR
b0473,3772.1469702508934,-0.4724771308910942,0.27147831040112314,-1.7403862952918228,0.0817912103329958,0.15105615952916218,htpG
b0474,2174.0717144506975,1.4972251470982127,0.17187147039790093,8.71130702281173,3.003908343279279e-18,1.0039892031887085e-16,adk
b0475,367.953749825228,-1.0294887678282498,0.2008010645238262,-5.126908914898182,2.945379228638968e-07,2.162223930166928e-06,hemH
b0476,99.79675570345664,-0.7057521689235078,0.28731735033895117,-2.456350680148361,0.014035611786930222,0.033527251630488177,aes
b0477,675.709107372174,0.7711386160985322,0.23448152422723173,3.2886967049533333,0.0010065242312958965,0.0033972258742671845,gsk
b0478,1760.082206849225,-0.07960248323953592,0.18718505181341152,-0.4252608980704544,0.6706464948354367,0.769689486395444,ybaL
b0479,281.93097416864134,0.285241875054706,0.22428038913727164,1.2718092569391908,0.20344089913928276,0.31323802859984695,fsr
b0480,1037.7892001458733,-0.6376635563856372,0.148104147601197,-4.3055077573025615,1.6660315194351386e-05,8.826102546904453e-05,ushA
b0481,127.9375651669485,0.34392314737172774,0.21470566237455388,1.6018354782453479,0.10919199538854128,0.1914769017629383,ybaK
b0482,248.49512430175935,-0.29629460063246305,0.19705954848464163,-1.503579009040283,0.13268979931588407,0.22283670330052727,ybaP
b0483,320.7417679839034,-0.8901948144648973,0.39846134508462516,-2.234080734420645,0.025477761395262796,0.056130266396530196,ybaQ
b0484,4228.6777792775165,-0.4687086086689337,0.17476897797900232,-2.6818753195732876,0.0073210739750836935,0.019145633022626632,copA
b0485,985.0221239404873,-3.4495486572938914,0.25644416269738113,-13.451461015958305,3.01848702049919e-41,6.893888967373428e-39,glsA
b0486,4194.24020726547,-3.9532254254431782,0.29256039252362986,-13.512510669481276,1.3194373773703784e-41,3.190710034335074e-39,ybaT
b0487,1162.9684939023134,-1.6282524965093763,0.14798512498243838,-11.00281191574223,3.7039844788325167e-28,3.6254952839239227e-26,cueR
b0488,786.7316531289362,-0.09798007499140778,0.1804570568901847,-0.5429550757387811,0.5871607339100524,0.6986693809717088,ybbJ
b0489,1444.5817697372202,-0.4438141206255067,0.17684738948554524,-2.509588193054906,0.01208720284745927,0.029542503511239628,qmcA
b0490,132.737341334549,-0.2028254954642436,0.241497268143849,-0.839866624675148,0.40098317260362093,0.5324424491516426,fetA
b0491,120.82182844278127,-0.22701692963401585,0.2360875095395406,-0.9615795857933535,0.3362608300675578,0.465914483453903,fetB
b0492,1229.179700226938,-0.4540731579308215,0.199112511896951,-2.2804853075522606,0.022578921208707838,0.05061174759487346,cnoX
b0493,297.88887856165144,-0.01772982967690008,0.17539578362132935,-0.10108469719647246,0.9194832256865109,0.9473673034579564,ybbO
b0494,173.32819663624028,-0.25921960085682416,0.2256276437576309,-1.1488822758583506,0.2506045270528673,0.3689954193102928,tesA
b0495,449.45908003282983,0.7409833925426009,0.257087104958509,2.8822269894174095,0.0039487515956476045,0.011164592716442438,ybbA
b0496,515.0308545185504,0.03390531915694192,0.22181751527712665,0.1528523079639697,0.8785147465693954,0.9217902305121962,ybbP
b0497,91.43809571655954,-0.8680421280129879,0.2532414005470606,-3.42772598057748,0.0006086594878592552,0.0021872370232424807,rhsD
b0498,3.077784831892212,1.7274091427450744,1.1976145107574638,1.4423749271813078,0.1491966330951877,0.2449470282165801,ybbC
b0499,0.6535055827168484,2.744619861636976,3.0134256412920175,0.9107972747123139,0.3624021987027791,,ylbH
b0501,1.44998049600127,1.7135623725363556,1.616645601870279,1.0599492990634156,0.2891676657944544,,ybbD
b0502,47.2743450968512,0.003930177891555927,0.31689011258360295,0.01240233675804276,0.9901046206647024,0.9937304920782695,ylbG
b0503,214.3940573178892,0.7930722739436377,0.2119894834302179,3.741092534926144,0.00018322204051198415,0.0007524733352095573,selU
b0504,9.957498486345141,0.5787721972078088,0.580286983023861,0.997389591942665,0.3185754413631132,0.44591884216675465,allS
b0505,18.67066693731732,-0.27281025725739494,0.4633144114970525,-0.5888231630350019,0.5559799058653839,0.6732351673085695,allA
b0506,2193.578567179384,-1.228971403729982,0.23613911334185966,-5.204438122670489,1.9458444510583895e-07,1.5002655814611125e-06,allR
b0507,59.41310999205595,-1.0545370971813621,0.30798016619233826,-3.4240422369367374,0.0006169703102043054,0.0022113033524410633,gcl
b0508,7.022782824648612,-1.9761322834439805,0.8953198624189985,-2.2071802116673864,0.02730147167714183,0.059668447668649684,hyi
b0509,11.341785862529354,-0.10997161712950146,0.523438054939184,-0.21009480700114283,0.8335936784475597,0.8905904831319087,glxR
b0511,4.132540624283884,1.584995317784334,1.0417079146660484,1.5215352551991055,0.12812557107801884,0.21702687379552346,allW
b0512,35.1998408713586,1.3573563130457806,0.6509949761900662,2.0850488293929375,0.03706486841487645,0.07713369070070614,allB
b0513,34.78667992776103,-0.455334606094357,0.33402919905962103,-1.363158093293168,0.17283269134836887,0.27603542895615557,ybbY
b0514,41.21398611184179,-0.13161583238677116,0.3606954184690181,-0.3648946608343912,0.7151900399698317,0.805078382890465,glxK
b0515,36.452917490491636,0.38048029155271845,0.3351929237163739,1.1351083648611413,0.25632991717785814,0.3760786186717255,allE
b0516,30.089375208949534,0.6317596174116564,0.40061705561336364,1.5769663536775853,0.1148032671881888,0.1994743158962993,allC
b0517,15.246957474130326,0.8939430724259164,0.6252007324908223,1.429849688218398,0.1527601645594405,0.24940311219374897,allD
b0518,7.899161126028081,-0.8500980115770227,0.6169285317856618,-1.3779521740005543,0.16821805475940754,0.2695028928744834,fdrA
b0520,10.730666576664815,-1.2934109310689674,0.5684545086916009,-2.2753112365068278,0.022887265856845654,0.051191267648254886,ylbF
b0521,24.801185552263124,-0.6199621738237828,0.493339731094773,-1.2566637851121805,0.20887540703539842,0.3202860120561443,ybcF
b0522,328.147813060388,0.3582340483549134,0.15815199639490796,2.2651250475548697,0.023505006968681675,0.05228382621994589,purK
b0523,155.8084925413747,1.667103067972759,0.23508106636185178,7.091609263872606,1.3256135425271157e-12,2.4328559255932916e-11,purE
b0524,172.40830875418774,0.8551524756302202,0.214018208263815,3.995699630267415,6.450347577113363e-05,0.0003013338510171936,lpxH
b0525,1521.9759138923737,0.5570265088392299,0.15047205357224852,3.7018602166665846,0.00021402452740257433,0.0008677069350611273,ppiB
b0526,761.4163695628973,0.920709781049833,0.18742965345284482,4.912295168285488,9.001640234918923e-07,6.043438638241084e-06,cysS
b0527,25.756352188533825,0.671708074163722,0.3888143151727648,1.727580616123295,0.084063440504556,0.1545549212496555,ybcI
b0528,68.0184401965585,0.5056376882434875,0.2653950122770142,1.9052267934700775,0.05675059676809991,0.11114897728140007,ybcJ
b0529,1703.0202827115136,0.8870200924881246,0.1281072348298142,6.924043701875999,4.389304056184702e-12,7.425690936203832e-11,folD
b0530,8.57020860399552,-1.163705891154644,0.6595935042545709,-1.7642773672699945,0.07768529253126182,0.1446396003605151,sfmA
b0531,0.0,,,,,,sfmC
b0532,12.526618141558123,0.8186948136593828,0.6882343614478964,1.189558178898574,0.23422009150581724,0.3502651131976772,sfmD
b0533,0.5973397083179824,1.2336305747604994,2.899320549567697,0.42548954269455985,0.6704798432122362,,sfmH
b0534,3.787540038003962,0.528103733370946,1.0194922266938895,0.5180066306964723,0.6044536430429,0.7140542892383224,sfmF
b0535,2.4511226281536245,-0.026211963063358903,1.0996219396062987,-0.023837249984975436,0.9809824272920961,0.989457903962622,fimZ
b0536,11.49220120617458,2.1781339349177915,0.6312155692804072,3.450697417683928,0.0005591400631684073,0.0020359829935211004,argU
b0537,253.79956073712614,0.829892088789054,0.23059228873698134,3.5989585485906996,0.0003194941045818573,0.0012355976142389609,intD
b0539,3.227835104056945,1.4309687750633695,0.9982854430637588,1.433426466353848,0.15173599935331167,0.2481251763490311,exoD
b0540,0.0,,,,,,insE3
b0541,0.0,,,,,,insF3
b0542,3.1321759762411485,-0.37805585562629157,1.0562042047296742,-0.3579382224889471,0.7203895457751788,0.8087169368328128,renD
b0543,38.763737125213154,0.537867297491964,0.3550699417632045,1.514820699327646,0.1298178170113649,0.21944121946287878,emrE
b0544,4.212662209327009,0.7316853967825881,0.913817397516741,0.8006910338661876,0.4233105344994579,0.5533321485937269,ybcK
b0545,100.2791507163174,-0.7258231363261004,0.25284815914134556,-2.8705889684581622,0.004097078841184683,0.01152058215876213,ybcL
b0546,133.2157725051358,-0.01282121895714205,0.26918171584876127,-0.0476303485796398,0.9620108448022661,0.9762593391710974,ybcM
b0547,0.44927318231634045,0.6431464073639865,3.0962929048534873,0.2077149763046786,0.8354515233177521,,ybcN
b0548,0.0,,,,,,ninE
b0549,0.16152667683937053,-1.1250828641289559,4.426305747061774,-0.25418100972256535,0.7993557209679235,,ybcO
b0550,0.14387325273848497,0.798491287989169,4.426327699496274,0.18039588168766607,0.8568417872273729,,rusA
b0551,6.091958473002351,0.8426404834391015,1.0651356678308745,0.7911109437872081,0.4288792535159941,0.558903454550248,quuD
b0552,0.0,,,,,,insH2
b0553,637.7103351290921,-2.9691359447415486,0.37898102700618075,-7.834523981838082,4.706222464614112e-15,1.1585197935346475e-13,nmpC
b0554,0.97019761131888,-0.257550150159455,2.1012734776862283,-0.12256860084821075,0.9024487198142928,,essD
b0555,4.106349462298117,0.3950234204896868,0.930370379559363,0.4245872710143413,0.6711375738406558,0.7700381150038894,rrrD
b0556,0.0,,,,,,rzpD
b0557,11.611665672030945,0.9884011631723365,0.6615857949026592,1.4939878860575633,0.1351787855545895,0.22581064096502132,borD
b0558,0.8660350319396811,3.1829386887313262,2.8307082429712462,1.12443191439269,0.26082983934726856,,ybcV
b0559,4.786749080114656,-0.025142528533093438,0.8228138316664881,-0.030556764562611877,0.9756230229147801,0.9866632834446891,ybcW
b0560,0.0,,,,,,nohD
b0561,1.1597480263658284,-0.5652217379816642,1.5018686353580974,-0.37634565678701704,0.7066599407594103,,tfaD
b0562,13.824498732982109,1.0829028197745647,0.5496423004954325,1.970195559545664,0.04881596227143587,0.09798946332903949,ybcY
b0563,4.785384436652164,-0.6903348914839881,0.8010163389527979,-0.861823733067033,0.3887845227937693,0.5218145225090229,tfaX
b0564,46.358286713109976,0.3576727700654268,0.37806366449313034,0.9460649188410064,0.3441154754828547,0.47519607648976003,appY
b0565,133.33673131372566,-0.1446304015446093,0.37666279165221994,-0.3839784676107571,0.7009944068195717,0.7940997537710828,ompT
b0566,15.985688569662896,0.09010229146512468,0.5958643680003647,0.1512127529415713,0.8798078905790894,0.9224407646443856,envY
b0567,58.26330513593614,-0.804212935609046,0.2618941753391174,-3.070755333018382,0.002135180365106243,0.006517194706858105,ybcH
b0568,389.6565436618294,-0.5166740409309608,0.15522359275715,-3.3285793206661975,0.0008729014427291455,0.002997909633299513,nfrA
b0569,210.9659263917299,0.28109869604799637,0.18040585060482509,1.5581462303223006,0.11919858779790746,0.2058065495326323,nfrB
b0570,127.83013744695783,0.4354790566438269,0.2588813800577994,1.6821567335070573,0.09253845148886225,0.16773614377015553,cusS
b0571,185.13955458417195,0.5754255059284274,0.20642802126780382,2.787535831590977,0.005311058051563029,0.01444987402380914,cusR
b0572,4.109825752744778,0.025500681643734858,0.9527379787156551,0.026765681869963056,0.9786466253061129,0.9885052276740615,cusC
b0573,1.2598247154351354,-2.667682452910844,1.9164004387264326,-1.3920276780377305,0.16391401670892103,,cusF
b0574,5.634367283359571,-0.37643484637095637,0.7740259279887453,-0.48633363917032757,0.6267306324916713,0.7314704903364604,cusB
b0575,56.931473417166934,-0.5374672802135403,0.3609657427256793,-1.488970327641301,0.13649518249371442,0.2274663836022844,cusA
b0576,183.97951139306178,0.3840532869380652,0.18691764497905686,2.0546657699496285,0.03991129831316241,0.08228452726449882,pheP
b0577,338.4983278446694,0.4994440250779951,0.15794702969761384,3.1620982428993436,0.0015663670975572337,0.004999483802839897,ybdG
b0578,573.8906544935048,0.5462854459582979,0.1761249265921452,3.10169296605777,0.0019241741791690722,0.0059700226796709855,nfsB
b0579,115.53941318194755,-0.22609265827703864,0.26349597576501754,-0.8580497581438029,0.3908649883459768,0.52322021060077,ybdF
b0580,101.60850299477902,-0.17667850862919293,0.2700996626088208,-0.6541233962408625,0.5130323092776081,0.6371830282296819,ybdJ
b0581,1375.1192297922407,-1.3676326857270151,0.2079928282568988,-6.575383859090597,4.852780974824006e-11,7.04939314045989e-10,ybdK
b0582,0.0,,,,,,insL2
b0583,23.976699333412395,1.70448190771085,0.6236623929381799,2.733020183693849,0.006275648645689904,0.016730993244118805,entD
b0584,264.5177238670401,1.1390898165131644,0.341490011906829,3.335646071030476,0.0008510143262215723,0.002937464227621229,fepA
b0585,38.02034559911495,-0.7171154333983707,0.4108243205885114,-1.7455525329442352,0.08088873649608674,0.1497899079889246,fes
b0586,454.67534306762246,-0.17683415480894332,0.4497122161978476,-0.3932162579527224,0.6941597627783516,0.78815903083649,entF
b0587,1.1226417162341409,2.320383525045281,1.9080630120521511,1.2160937612587925,0.22394920684517783,,fepE
b0588,55.23811066586339,0.7210954682635614,0.33751722648532373,2.1364701167183737,0.0326411142145273,0.06970785482385544,fepC
b0589,59.39713033391781,0.580120809767296,0.3644998521312511,1.5915529358250682,0.1114851921835496,0.19461385353145327,fepG
b0590,94.50720595300562,-0.22453031652806804,0.23590882014967363,-0.9517673666699429,0.34121497554122504,0.4715074838487315,fepD
b0591,143.49131490165567,0.38404034266092474,0.33147130661991075,1.158593021450552,0.24662211478671447,0.3641751127471923,entS
b0592,106.71056060217556,0.007897612921637822,0.2713600125870663,0.02910381985298538,0.9767817892876974,0.9875129493184696,fepB
b0593,172.57472230235382,1.7515100718483034,0.4272100239512376,4.099880559095269,4.133634203309236e-05,0.00020206147692989617,entC
b0594,278.6498555948112,1.6126762547852815,0.522505621678837,3.086428524163379,0.002025766431315655,0.006238146666021466,entE
b0595,290.7701216864252,1.2381763728093647,0.5720453291519214,2.164472480957073,0.0304281063814931,0.06552642500488116,entB
b0596,251.18274865401006,1.3705769817033997,0.5401458179309079,2.537420333926783,0.011167278174683264,0.02768919214482684,entA
b0597,152.08429331904713,1.1835124253169842,0.4666765174888668,2.536044521128532,0.011211247987804039,0.02773634406634885,entH
b0598,7061.202962005278,-0.9851794326313744,0.3740005979386305,-2.6341653945511387,0.008434439107501822,0.02156341988242537,cstA
b0599,375.02495162724273,-1.2547332539581622,0.3082061088141776,-4.071084959301248,4.67946774151511e-05,0.000225261029102677,hcxA
b0600,661.2856767322809,-2.180444708579809,0.3663106449322637,-5.95244702480051,2.641626542589394e-09,2.935061274752703e-08,ybdL
b0601,17.718868526587492,0.6401085171595466,0.44527850669227403,1.4375464064379757,0.15056279664863292,0.24679571651616025,ybdM
b0602,8.462032002819287,0.3779858249813932,0.7006707440525684,0.5394628335631415,0.5895675354612611,0.7004948376535388,ybdN
b0603,4.689774845617752,0.7306810547420874,0.9562609246787702,0.7641021774339884,0.44480635482090103,0.5739577928777241,citR
b0604,150.52261933684073,-0.044272874983714294,0.18348248704618028,-0.24129210202263804,0.8093287317549865,0.8733879965545575,dsbG
b0605,17292.803878524293,-2.084131727486663,0.15755566049417238,-13.227907654665003,6.0549584486366214e-40,1.3101017990707974e-37,ahpC
b0606,3001.2897807688764,-2.1390369734194867,0.1473965707228609,-14.512121706286935,1.0153083072194257e-47,3.2107172699838915e-45,ahpF
b0607,3675.142053973162,0.6699682085408999,0.23967583554548125,2.7953097858868867,0.0051850004025713395,0.01413497125661192,uspG
b0608,436.18229656249486,0.04947151261343263,0.22320663282418501,0.221639975423133,0.8245941604678735,0.8844003636012074,ybdR
b0610,588.8288741805737,0.7060058345599206,0.16149021138535344,4.3718181337643145,1.23216144810137e-05,6.621458448555204e-05,rnk
b0611,635.8639607674426,-0.3324564744748115,0.19066741802292975,-1.7436459670043372,0.08122084264749127,0.1502695248082073,rna
b0612,18.082688852439354,-0.2618420789888616,0.45633985236774116,-0.5737874472945579,0.5661116441586488,0.6827382090355739,citT
b0613,1.6462280326337069,0.5013430055081795,1.4160358625752558,0.3540468280205971,0.7233037894485583,,citG
b0614,2.7236796628737445,-0.27659592907111447,1.6508020464810893,-0.16755245104082384,0.8669353808111211,0.9124350615756577,citX
b0615,6.49783910644113,0.2476362787339887,0.723962197413711,0.34205691901959345,0.7323080576468932,0.8178534161875517,citF
b0616,2.077535605794908,4.409408199356788,2.5691099683459573,1.7163174226425388,0.08610396119791044,0.157882865514991,citE
b0617,0.0,,,,,,citD
b0618,1.1269271423225289,3.530473003971807,2.405811303398732,1.46747710387105,0.14224631327779985,,citC
b0619,110.41613553092134,0.3231169206802661,0.23435277664148768,1.3787629287387093,0.16796786004017494,0.2692069678850523,dpiB
b0620,22.749383263191348,0.2770289075345077,0.41139668901361454,0.6733863322982161,0.5007015416000157,0.6256875059055891,dpiA
b0621,416.5125540639906,-0.33923037638612963,0.45221683667974416,-0.7501498150241794,0.45316447999969356,0.5823032534387259,dcuC
b0622,334.7197486846973,-2.4031282279255377,0.27744653183887213,-8.661590440500301,4.652272045265385e-18,1.517896061752857e-16,pagP
b0623,16500.540465057198,-0.43821376024514874,0.19089100388113167,-2.295622901737295,0.021697452150335216,0.04890253606909434,cspE
b0624,111.88878718586994,-1.0194059933214394,0.2641264247255347,-3.8595380768158605,0.0001136015560457861,0.0004926329081268214,crcB
b0627,1028.7801754893874,0.31278766258868795,0.16056633461736844,1.9480276692749126,0.051411652476126016,0.10210304508664447,tatE
b0628,3709.993130574428,1.946307646052528,0.15824977065225074,12.29896029568019,9.174747855216366e-35,1.63988645359976e-32,lipA
b0629,8.319314356012844,1.5771511337964599,0.6803210362503676,2.3182454308469254,0.020435986254790855,0.046364425769009496,ybeF
b0630,210.30991965702097,0.4225784387780779,0.20011584154036613,2.1116690988845974,0.03471484124683314,0.07329877368553211,lipB
b0631,1612.5469501752432,-0.7782603199132699,0.36702759279286273,-2.120440901980065,0.033968880428300936,0.071945423720116,ybeD
b0632,1255.1494824958058,1.5519326446833301,0.17374189549371227,8.932403092951722,4.1685347038187238e-19,1.5438600150809707e-17,dacA
b0633,731.5609723804033,0.10556766827552898,0.13662800440116776,0.7726649359933613,0.43972070328242807,0.5693517515571849,rlpA
b0634,283.78655122046865,-0.1614256377751827,0.19144116414227086,-0.8432127881087167,0.39910944762195655,0.5311553704026751,mrdB
b0635,463.8979309654,0.7867926300430189,0.14714844282480052,5.346931404362862,8.94578997387228e-08,7.414544875521965e-07,mrdA
b0636,209.34828877652885,0.9584168667685815,0.2327666636399025,4.117500555196697,3.8300360709604874e-05,0.00018856620703854566,rlmH
b0637,436.8931310455848,1.0166177369447178,0.19039765480432494,5.339444637537757,9.323173377845574e-08,7.665513151264631e-07,rsfS
b0638,51.94818940870466,0.3692794661521646,0.28831789788949724,1.2808065987415644,0.20026160569772244,0.3089373632246157,cobC
b0639,136.07421165068885,0.01725431691948968,0.20157736191979575,0.08559650128943987,0.9317871798199323,0.9562099591212536,nadD
b0640,363.1814395174277,-0.12457283267940278,0.19984871153699982,-0.6233356808824833,0.5330639550570113,0.65508522950228,holA
b0641,649.8130335131343,-0.6121099227738345,0.18924643874320393,-3.2344594003400555,0.001218732466711248,0.004021034647391605,lptE
b0642,4926.8770894872505,-0.36167361175746754,0.12298260304722251,-2.9408518180298486,0.0032731107159894085,0.009502654063158516,leuS
b0643,3393.9041609614687,-0.7673219169954384,0.19512672779808535,-3.9324285588873984,8.409197537468837e-05,0.000380310352877166,ybeL
b0644,28.68326186377654,-0.4564215766792566,0.39655238652942404,-1.1509742273241628,0.24974283855045476,0.36785840533175185,ybeQ
b0645,0.3444062154593097,-0.1633005564733861,3.394049543058458,-0.048113781016358444,0.9616255632631153,,ybeR
b0646,1.5719148985504816,1.8340917437706359,1.4956134035258482,1.2263140591324193,0.22008051269528417,,djlB
b0647,0.6725567645721195,1.4027963175006302,2.4286622447179824,0.5776004137880949,0.5635339275157886,,ybeT
b0648,2.5609379107876564,-0.12783771869056684,1.199189563412586,-0.1066034283410318,0.9151035986639859,0.9456100361212556,ybeU
b0649,41.91709233028053,0.583090097376649,0.3429143817048359,1.7003955753554385,0.08905654353753165,0.1624995341690158,djlC
b0650,40.808596189521786,0.9511624845038581,0.3179170043652404,2.9918578479404356,0.0027728534625673963,0.0081773318397522,hscC
b0651,912.4277086567973,-0.19220432197256612,0.2199539028938623,-0.8738391064845683,0.3822058802498135,0.5157486685122902,rihA
b0652,436.54991044717707,0.9638480040714947,0.403485896508238,2.3888022169117273,0.01690339945902144,0.03939335327439747,gltL
b0653,259.2809265371539,0.779688668982468,0.4042830814724788,1.9285711045406302,0.053784129122206245,0.10625014647832286,gltK
b0654,351.81358521250377,0.8816744527707072,0.3064627118466389,2.876938755315582,0.004015535228656279,0.011337819591350247,gltJ
b0655,3603.550675065872,0.7569081174368131,0.2580781855432466,2.932863604273817,0.0033585140181529613,0.0096958224217885,gltI
b0656,2.2759016574595132,-4.7208150813640035,2.1918532777191926,-2.1538006806169108,0.03125580632021338,0.06706295395740981,insH3
b0657,886.3519622047685,-0.7108140282032916,0.18891238222050916,-3.762665103516558,0.00016811225367226122,0.0006967899563511226,lnt
b0658,2847.8335305032233,-0.8428849145249154,0.125843765011239,-6.697867903504302,2.114822971207415e-11,3.220013790605068e-10,ybeX
b0659,807.3809859037616,-0.9099165622612468,0.1749083973851002,-5.202246295001268,1.968940468430676e-07,1.5101332585295727e-06,ybeY
b0660,2179.5645493939023,-0.5723832845824424,0.20191248396890915,-2.8348087910729634,0.004585312065794578,0.012719445278327605,ybeZ
b0661,1637.329430086523,0.7011123357866165,0.1538957600310165,4.555761222046097,5.219620348904918e-06,3.0222336977955095e-05,miaB
b0662,1244.8970562988222,-0.6591980924488963,0.14457778627500428,-4.559470091726419,5.128285952100515e-06,2.9819495826145993e-05,ubiF
b0664,0.14527101049287064,0.7984912879891685,4.426327699496274,0.18039588168766593,0.856841787227373,,glnX
b0665,0.9779566941499751,0.9307989773257004,1.8575967012685024,0.5010769973321351,0.6163169349109273,,glnV
b0666,0.0,,,,,,metU
b0668,0.0,,,,,,glnW
b0670,0.0,,,,,,glnU
b0672,0.0,,,,,,leuW
b0673,9.726080501206937,2.7480307468965623,0.9469682798234191,2.901924811472024,0.003708775445892303,0.010566026235664074,metT
b0674,951.146595263404,1.0435322685461514,0.3455349853822423,3.0200480781758214,0.0025273456314236506,0.007567310918268484,asnB
b0675,636.1186050854341,0.2465983664702418,0.20473885484595086,1.2044531882127933,0.2284144648717512,0.3422054901923357,umpH
b0676,972.458694056675,-0.09908444911981404,0.16382666583190955,-0.6048127062628332,0.545303450051611,0.6652054846178554,nagC
b0677,432.0921142988165,-0.878467654478886,0.19524699289250255,-4.499263427644928,6.818931677237571e-06,3.86656939656878e-05,nagA
b0678,519.1194231547323,-0.7841001695321345,0.21229567379979242,-3.693434517519128,0.0002212455013794003,0.0008934580119555154,nagB
b0679,1756.7845630731629,-0.8086625839060888,0.14322594058761431,-5.646062302599527,1.641643745122131e-08,1.5550224507366545e-07,nagE
b0680,1623.9691023711032,0.4138878378891016,0.15057671701677172,2.7486841663774713,0.005983501044120438,0.016045774815641956,glnS
b0681,22.270363872635272,0.21741705998893024,0.4007226492763333,0.5425624440783785,0.5874311027305168,0.6987642544343619,chiP
b0682,44.51320951262216,0.6296466634050575,0.4048118334765127,1.555405774573509,0.11984945969822555,0.20675666337364884,chiQ
b0683,1613.7647109523139,0.8048506625811389,0.14285088415432803,5.634201477616504,1.7587131624223286e-08,1.6620850139582053e-07,fur
b0684,1215.717809338923,1.211309668231465,0.17351660686518136,6.980943727032574,2.9320374760458954e-12,5.085909731655982e-11,fldA
b0685,134.06165835506775,1.8609576273893547,0.303961545254592,6.1223455941792055,9.220775622831538e-10,1.0904626065559687e-08,ybfE
b0686,328.43715339220455,0.27902737889566603,0.16040373059841984,1.739531729434819,0.0819412760928548,0.15105855875234353,ybfF
b0687,786.6504677760837,0.26074142139264994,0.1584733466204645,1.645332965783276,0.09990116513694512,0.17809787071898586,seqA
b0688,2799.6830458300697,0.032008153375450044,0.17239225522028373,0.18567048348285634,0.8527031765702359,0.9016107918930658,pgm
b0689,11.274504507953898,1.3757608354022546,0.5676316017776786,2.4236861215861123,0.015363878153062878,0.036383008690807316,ybfP
b0691,2.76192243646785,2.762549170940817,1.4033558511807713,1.9685307675999872,0.04900699958764562,0.09832492694231877,ybfG
b0692,62.00317588631288,-0.6088794262237744,0.268583572121585,-2.2670017433089353,0.023390119222675605,0.05211749600239535,potE
b0693,19.751341905460215,0.45070380005163924,0.4544637376311429,0.9917266499652931,0.32133088716762925,0.4490113110625846,speF
b0694,105.93567788441953,-1.8037357828878724,0.2602905020700291,-6.929702653547427,4.2172609437835195e-12,7.164115594997542e-11,kdpE
b0695,606.8360923005954,-1.1563830727482802,0.1832195560352763,-6.311460947572841,2.7641355659530554e-10,3.665600423107423e-09,kdpD
b0696,43.314368586460624,-0.33849781634490833,0.29638889472063545,-1.1420732098075508,0.253423590130048,0.37221306860472575,kdpC
b0697,75.12225690826048,-1.2915571476209522,0.2800624593068507,-4.611675377048147,3.994364489857036e-06,2.3593150025577982e-05,kdpB
b0698,24.042844575235037,-2.3620909001634787,0.4967341325244797,-4.7552417792571795,1.9820905860261644e-06,1.2478368145717551e-05,kdpA
b0699,2393.7734901067856,-1.6874276374474104,0.3592825651569978,-4.69665884485668,2.6445159417149047e-06,1.6226276173716376e-05,ybfA
b0700,35.59806587456794,0.1345167657604368,0.44089115301668347,0.3051019845602269,0.7602884797610159,0.8395234865155886,rhsC
b0702,3.602411311946518,1.6986764734775295,1.281690796123121,1.3253403072064758,0.18505830583451266,0.29137292044645025,ybfB
b0703,5.238292643013474,2.322296582290231,1.0117799912163394,2.295258457817907,0.021718316822404344,0.048922739976385896,ybfO
b0704,10.367571575377614,1.2060788870952612,0.6260301600506305,1.9265507703298494,0.05403563887140917,0.10669573073984778,ybfC
b0705,0.0,,,,,,ybfL
b0706,0.30679768733224116,-0.16330020676267853,3.5052160516460082,-0.04658777215344392,0.9628417778571191,,ybfD
b0707,268.42230764664026,-0.6764757360016558,0.3414224166113365,-1.98134540407677,0.047552551855141914,0.09587471342642885,ybgA
b0708,720.1546626615203,-0.34945678926126905,0.24769870997937254,-1.410813925071998,0.1582994874278697,0.25688290760885973,phr
b0709,47.33846945749266,0.10711005268590888,0.31856335870109254,0.3362284134705212,0.7366986280459054,0.8206338123201948,dtpD
b0710,741.5828544815801,-1.2902532657456427,0.16515803531644846,-7.812234283808676,5.618300086632542e-15,1.3586371562439048e-13,ybgI
b0711,800.4331525875988,-1.6873289914965188,0.16779141842255127,-10.056110183461806,8.634268873458963e-24,5.634203069649174e-22,pxpB
b0712,1137.3593944610352,-1.470286873749666,0.14005122457216154,-10.498207911006869,8.803554765304939e-26,7.238282728033721e-24,pxpC
b0713,547.5382180011239,-1.1285855141215788,0.1582383028045693,-7.13218919894147,9.878495596791251e-13,1.837578977303567e-11,pxpA
b0714,146.033700825128,-0.6678554873745599,0.22715785028195984,-2.9400502185840542,0.0032815905578023573,0.009520549599947418,nei
b0715,85.04156937996895,0.5710464426830386,0.2693454975879202,2.120126186615155,0.03399540512194006,0.07196452649654768,abrB
b0716,4.158422556921805,2.2962932096599276,1.0295860201085125,2.2303072932341403,0.025727049331351604,0.05655823518780023,ybgO
b0717,5.849077380820035,0.21274725943577086,0.8251315015559497,0.2578343682608088,0.7965347389680223,0.8651398446228639,ybgP
b0718,8.882549673534404,1.3719414887334738,0.6654916122240194,2.0615458760607903,0.03925099150095473,0.08100443075322535,ybgQ
b0719,2.9625544200619043,0.11214263206888059,1.012282781697825,0.11078192190604316,0.9117892813297293,0.9434597874519297,ybgD
b0720,8196.927750723586,1.4240780060218023,0.41988880486199437,3.3915598356804413,0.0006949598669581078,0.002437696256881213,gltA
b0721,1241.6284387620187,3.1605593650989894,0.4169065968732574,7.5809771032714615,3.4296212829106686e-14,7.305271033184331e-13,sdhC
b0722,174.78604287199792,2.3776723799946313,0.40947211958414104,5.806677100285582,6.372486318675804e-09,6.61547758991824e-08,sdhD
b0723,6115.599383175286,1.0408648799372584,0.42960351717478973,2.422849996159992,0.015399283872736116,0.03642488837791609,sdhA
b0724,3994.9458012964933,0.9612548234836183,0.4432545673183611,2.168629258123834,0.030110842041934295,0.0649452631869842,sdhB
b0726,19002.727448750404,0.9220326270422274,0.4424902766336449,2.0837353400323746,0.037184247762188365,0.0772823268707565,sucA
b0727,18611.56040159852,0.9209264918050267,0.4788933803033153,1.9230303229953654,0.05447624179244937,0.1074109496444889,sucB
b0728,18472.45010549553,1.1325440785639154,0.5076678428284866,2.230876141876373,0.02568933450127398,0.05650553993297877,sucC
b0729,13109.612928404795,1.0733929761646768,0.4983125441348758,2.1540557001794975,0.03123580405374077,0.06706295395740981,sucD
b0730,203.49616264940047,-0.27205019716318696,0.36807895554671044,-0.739108262136608,0.4598412602484684,0.5884455776217128,mngR
b0731,11.845455937902585,-0.031232669826199825,0.5128624990321191,-0.06089872019331211,0.9514398686937654,0.9700816716766045,mngA
b0732,186.93757574553754,0.15834948270781965,0.2591074557979645,0.6111344122466723,0.5411105996928837,0.6616614144370746,mngB
b0733,21398.191803413472,-1.0490407906595303,0.29725972355097013,-3.529037765789534,0.00041707360647066986,0.0015658352476720764,cydA
b0734,9514.170877411132,-1.063640931145579,0.31291904587503516,-3.3990929768153073,0.0006760972840025655,0.002381693174408352,cydB
b0735,537.1811877441681,-0.8499432979171028,0.2568277371936045,-3.309390594663028,0.0009349929936229361,0.00317928552256732,ybgE
b0736,417.22496268258084,1.9202363477682969,0.2026258122184326,9.476760767765676,2.6229906300716737e-21,1.283704104788649e-19,ybgC
b0737,448.1566255089919,1.2343975327242247,0.18374201783806235,6.718101538495883,1.841073905473074e-11,2.8453589569172203e-10,tolQ
b0738,218.76269734169583,0.8029013218523136,0.19594974391515907,4.097485946192142,4.176615165378961e-05,0.00020343678844636146,tolR
b0739,1224.3818847644795,0.27428868786449956,0.13574314311716656,2.020644885375518,0.043316538965893533,0.08848387986419796,tolA
b0740,2841.1025321393226,-0.05030588531151295,0.1539438996319539,-0.326780635229998,0.743833806909556,0.8260089987032943,tolB
b0741,3551.0270713161517,-0.3821223190088538,0.2718246829116719,-1.4057675517753574,0.15979316031985158,0.2589036315012491,pal
b0742,1911.6591405783247,-0.3822114818931764,0.22020410740756236,-1.7357145894911237,0.08261431252794153,0.15223103487331585,cpoB
b0743,223.51940297078147,0.9330821403008094,0.19165775506103194,4.868481006696946,1.1245932901596359e-06,7.408979192061319e-06,lysT
b0744,22.850690948364946,0.4989804073364117,0.44589910059511234,1.1190433142171743,0.2631216609605803,0.3837327542946409,valT
b0745,7.527421910019211,-0.6833566135129547,0.6918896533325218,-0.9876670509835386,0.3233157362875344,0.451324615238728,lysW
b0746,24.16074280877216,1.067523025730669,0.4218275051338747,2.530709858267471,0.011383196665563285,0.028105898794072468,valZ
b0747,2.412493293150426,2.5644840161215736,1.365225243991084,1.8784329013903889,0.06032196813141704,0.11691825129102096,lysY
b0748,83.69319684835514,2.245226733480288,0.2714278387964162,8.271910292754882,1.3182948175601072e-16,3.565467101966843e-15,lysZ
b0749,2.3395516705776904,1.7732304369198126,1.3157728040431584,1.3476722056201196,0.17776383547229835,0.2820482931789342,lysQ
b0750,284.02214660370606,0.9793758592133351,0.23705700201940344,4.1313939300268885,3.605700627380778e-05,0.00017859078649593225,nadA
b0751,396.68874481029906,-0.03240751302107138,0.20878184732706268,-0.1552218903892736,0.8766463914046416,0.9202996208029831,pnuC
b0752,239.69436047138606,-0.5157478750950253,0.22881089948812755,-2.254035433839926,0.02419393891962318,0.053617942263380534,zitB
b0753,2938.650423059826,-0.8899793968433851,0.3040919536045922,-2.926678546715566,0.003426027887504189,0.009842348459489671,ybgS
b0754,4223.384914476764,-1.2812773295053395,0.14753209425952676,-8.684736266614761,3.796221225909193e-18,1.2485012367770154e-16,aroG
b0755,5508.806202125575,-0.8764807489048475,0.19519382306961472,-4.490309862890773,7.111963614499485e-06,4.0216344455581e-05,gpmA
b0756,1299.175761456719,-0.4432066833831859,0.13758420164047555,-3.221348658484348,0.0012758882773954193,0.004186094739323678,galM
b0757,842.5766292903548,-0.14069116588746397,0.19204072767722025,-0.7326110851024059,0.4637956681904164,0.5928681566949011,galK
b0758,713.1247853372496,-0.16888369109678794,0.16152815686871533,-1.0455371643598392,0.2957747733227952,0.42102842559903436,galT
b0759,951.7153487027825,-0.166975060883618,0.21343770968979053,-0.782312840248796,0.43403074256694274,0.5637599945316593,galE
b0760,211.55571113235035,-0.15308679166067762,0.22162513669612388,-0.6907465188417639,0.48972484996713184,0.6168102365172862,modF
b0761,304.96399766651683,-0.12148243964207743,0.18653967160656762,-0.6512418436025611,0.5148903831654215,0.6392976035013735,modE
b0762,163.92349798827752,0.14137007635068985,0.2256135467460586,0.6266027833417744,0.5309196433898447,0.6532806506960944,acrZ
b0763,220.45168794326787,1.0496558705955752,0.23392388193602667,4.487168483646463,7.217599627918096e-06,4.075762647029024e-05,modA
b0764,157.63951271759285,0.0669950165805242,0.1951016338977702,0.34338521539818784,0.7313086805324926,0.8169592352361623,modB
b0765,250.060352707374,0.09628751259456858,0.21132797920383092,0.45563068817166397,0.6486555715122448,0.7503159973232522,modC
b0766,131.73044850778678,1.2228648511059699,0.2072079492709034,5.9016309722133204,3.599255266007659e-09,3.893825894357234e-08,ybhA
b0767,1360.2005921134587,-1.3155199377699798,0.2263027832105652,-5.813096591684177,6.13276500930568e-09,6.43158085542236e-08,pgl
b0768,6.797386798071071,0.041556321587793134,0.6593159059823978,0.06302945403064884,0.949743050019433,0.969072642995753,ybhD
b0769,1.8499582150388336,-0.33429389402991966,1.389253821386529,-0.2406283782586838,0.8098431536602786,0.8733879965545575,ybhH
b0770,6.7548999659816245,0.6687027629648608,0.7327093376524396,0.912643975723508,0.36142981793595275,0.49346993740773887,ybhI
b0771,29.689043688434648,0.12221992974860528,0.40711440283587397,0.3002102821645384,0.7640167625717724,0.8422828937872235,ybhJ
b0772,479.66443928004645,0.11177429477429074,0.15272833298205607,0.7318504208870205,0.4642598701510724,0.5930927054664571,ybhC
b0773,637.4103090468467,-0.6317679767966587,0.31827681127179425,-1.9849638881079432,0.04714848937757112,0.09515338234226553,ybhB
b0774,148.4270080982612,1.5518010358880812,0.2524161452371272,6.147788345433583,7.857078035084916e-10,9.500131706539438e-09,bioA
b0775,68.9867587295669,0.9238040598737033,0.2897787281081272,3.1879636780274554,0.0014327853319584622,0.004634288355374695,bioB
b0776,45.35695596453443,0.5927642992197589,0.32657325241170193,1.8151036401244436,0.06950798390587663,0.1319849061603043,bioF
b0777,16.77412502768328,0.26140247021160395,0.5224717752774497,0.5003188355443519,0.6168505934694084,0.7235015092019224,bioC
b0778,17.295672706368865,0.34035128683316695,0.5415225421408429,0.6285080681731732,0.5296711629487814,0.6519395661324671,bioD
b0779,4117.61176871317,0.39122435636330705,0.12753291981967066,3.067634277616254,0.002157605001238329,0.006579183087823199,uvrB
b0780,332.22667648721546,0.6009325376260121,0.17809557904787338,3.374213671325761,0.0007402688299157535,0.002572820094487781,ybhK
b0781,1467.4319592188403,1.5274110160546968,0.2930289192247402,5.212492405513191,1.8632019823618166e-07,1.442490272973527e-06,moaA
b0782,404.1214893465051,0.6594106325453254,0.2823444225517425,2.335483118758904,0.01951819677006007,0.04455264126691669,moaB
b0783,212.24351046185961,0.13659965340208674,0.25900459064332493,0.5274024412571051,0.5979141485821295,0.7081604911613755,moaC
b0784,13.124666139840565,-0.9434891241058345,0.5017768556540402,-1.880296218278233,0.06006771842229506,0.1165353423473596,moaD
b0785,213.287403588765,0.19881290331014295,0.307518607882975,0.6465069046677019,0.517951126970011,0.6419110802534985,moaE
b0786,1766.1590840679437,-1.1058085616440987,0.1832831685042072,-6.033333942602129,1.6061102631714155e-09,1.8391975743447603e-08,ybhL
b0787,18.25812726449311,0.13110748703715566,0.47171984992403077,0.27793506475987856,0.781062206143004,0.8544296778749041,ybhM
b0788,85.58051010040943,-1.293772671600397,0.3247686105564873,-3.9836752369126205,6.785759178037072e-05,0.00031521193198768817,ybhN
b0789,239.0031917422314,-1.6190548981921349,0.3548672860460608,-4.562423649223011,5.056648457807664e-06,2.9444591798933857e-05,clsB
b0790,217.958667971361,-1.1933795059093049,0.3046746746072325,-3.9168976136521185,8.969582058334749e-05,0.0004025540594084514,ybhP
b0791,1748.5360575193954,-0.8836925668910723,0.24846205073809632,-3.5566500568836243,0.0003756139684229365,0.0014231788241352002,ybhQ
b0792,110.40704881877427,-0.8170385875572133,0.3416532986537635,-2.3914260180616966,0.016783066011597035,0.039201809303224665,ybhR
b0793,116.31805497305629,-0.8423664406568498,0.21426590869274137,-3.9314067543279063,8.445025073202635e-05,0.0003815109678674289,ybhS
b0794,348.0009110731401,-0.6437124534634732,0.2503957175939022,-2.57078060139775,0.010146958747534436,0.02538453455331072,ybhF
b0795,184.45560646395916,-0.08772639792552936,0.2645173675794638,-0.3316470246482981,0.7401558067696157,0.8223731139540243,ybhG
b0796,63.68513965380936,0.39264787890305897,0.3324015536858238,1.1812456185875058,0.23750516375234043,0.3540187556874081,cecR
b0797,994.6062798465799,2.8804427293753645,0.17330543007832885,16.62061441510223,4.942350861694133e-62,2.9025720560606545e-59,rhlE
b0798,145.37451177525597,0.005588697568134651,0.22177937811201934,0.025199356295930436,0.979895950395728,0.9890973424227557,ybiA
b0799,2757.4170408612486,0.6046124999378394,0.12285601913154169,4.92130954764603,8.596703413773287e-07,5.825083134740835e-06,dinG
b0800,1272.7372034159523,0.4695273066067908,0.1660967806364947,2.826829664052059,0.004701132706250549,0.01296200976217036,ybiB
b0801,804.3704167600587,-0.1246563097282886,0.22175261797960022,-0.5621413215502878,0.5740197367880854,0.6879249495318578,hcxB
b0802,289.35576730703104,0.5641513703546434,0.27142247291910865,2.0784991172148666,0.037663412124159974,0.07815966039496297,ybiJ
b0803,179.1384878961179,-1.0634575037863736,0.2721711628156473,-3.9073114608644164,9.332881559680004e-05,0.0004152324252364123,ybiI
b0804,23.816139798931776,0.382422924779444,0.4111427878145245,0.9301462560300665,0.35229536395853156,0.4843766693088707,ybiX
b0805,74.09492770029071,1.3005677822166655,0.4319500592453849,3.010921643323195,0.0026045605490442885,0.007759267587247095,fiu
b0806,326.80764492210614,-2.452463538986959,0.191197293397194,-12.826873725101338,1.159491515433982e-37,2.269842676166238e-35,mcbA
b0807,203.2987130365515,0.3063766227178154,0.18248393649993547,1.6789237923850013,0.0931668969324529,0.1685190256788344,rlmF
b0808,389.8607652251469,-1.1561585081703325,0.2828491148281029,-4.087545081670027,4.359619773210721e-05,0.00021159854648960182,ybiO
b0809,698.0427890227271,-0.3253933390796659,0.3408459921377292,-0.9546638264362538,0.3397477285502468,0.469953873509443,glnQ
b0810,460.71757598378355,-0.1650648093868175,0.3158918072141083,-0.522535898738704,0.601297258388614,0.711142988847984,glnP
b0811,3074.0173926216526,0.36235104404170715,0.3437574436047141,1.0540893027421212,0.2918420332569198,0.41643963856966243,glnH
b0812,33834.81505876362,-1.8135910667260642,0.3370240407120998,-5.381191985278315,7.399422674148818e-08,6.23340709291512e-07,dps
b0813,115.34220816132175,0.5031386464548915,0.24475329010881494,2.0556971725740683,0.03981171463507937,0.08212040083532929,rhtA
b0814,11969.2951669917,-0.6536814169297624,0.1891851573432154,-3.455246839179189,0.0005497892326273955,0.0020072677933669833,ompX
b0815,169.44654348264058,1.3650504258867868,0.23354542038960877,5.844903417971379,5.0686225820960464e-09,5.3842654870792886e-08,opgE
b0817,336.8795354368204,0.692717688452786,0.1711630802492236,4.047120952977406,5.185145161514599e-05,0.00024757412031343226,mntR
b0818,291.1660009664549,1.0459014989124271,0.2310779231887787,4.526185299224712,6.005792443430783e-06,3.4482978680089314e-05,ybiR
b0819,1613.7076108317713,0.5214224717115757,0.1679500264332758,3.1046286969102064,0.001905180240947809,0.005915555868985229,ldtB
b0820,877.8016528180018,0.015607746460350866,0.18734152493420947,0.08331172955825993,0.9336036738807912,0.9570428445706396,ybiT
b0821,213.2018860707658,0.7299331109547477,0.22917726258100263,3.185015401328276,0.001447463045801309,0.004678059802430261,ybiU
b0822,129.3161750627872,1.3579548120267266,0.2488009868520184,5.457996084374093,4.815382750420258e-08,4.2572125778446626e-07,ybiV
b0823,115.98099459637702,-0.20778118005958218,0.3280033601204379,-0.6334727180334008,0.5264249912455172,0.6491101196791605,ybiW
b0824,9.208043601572681,0.712513826194878,0.6987762492361717,1.0196594789444016,0.30788998563729975,0.4339984774652855,ybiY
b0825,133.05898903268465,-0.04428118633847484,0.3567318838558503,-0.12413016145304288,0.9012122174484656,0.9367593997296187,fsaA
b0826,430.774594862072,-0.22142937350713496,0.20506114054052438,-1.0798212324551852,0.2802217943010069,0.4032172895944835,moeB
b0827,1032.0419164405241,-0.2242927734730661,0.18233460752477776,-1.2301163038540919,0.218653555564989,0.33205938933419643,moeA
b0828,820.0134053953415,-2.043325630499062,0.2194030025391372,-9.31311607795601,1.2413587859800443e-20,5.20737343792241e-19,iaaA
b0829,941.7951529679885,-2.214994103574289,0.15190292008904166,-14.58164268518285,3.675646186887792e-48,1.373689224935974e-45,gsiA
b0830,764.4053857710805,-1.8372373234290325,0.1395169327310867,-13.168561603703212,1.331094909057323e-39,2.7360655855673276e-37,gsiB
b0831,194.08993948156777,-1.4590121457085652,0.210222258341475,-6.940331424556459,3.911811176983825e-12,6.672803215178632e-11,gsiC
b0832,88.78388139583718,-1.2006277422511311,0.28682054160134407,-4.185989383981782,2.8392661866806847e-05,0.00014304195212554282,gsiD
b0833,18.506682460326427,-1.213517329806734,0.465098400367475,-2.6091625532316,0.009076411546149613,0.023032794979148802,pdeI
b0834,10.288249250617687,0.3240377047583317,0.6683810116717264,0.48480986009441274,0.627811227793684,0.7319716271865669,dgcI
b0835,357.66167651967015,0.8204970442500091,0.23946687705662942,3.426348789172947,0.0006117542726461655,0.0021945216534453634,rimO
b0836,9682.268868345684,-0.5746301746313266,0.29165411684216835,-1.9702453743942645,0.0488102555914976,0.09798946332903949,bssR
b0837,673.9200637590448,0.4682915287435507,0.1950195560572328,2.4012542034816247,0.016338981728638607,0.03838260222081904,yliI
b0838,794.6013814953702,0.6136136178923574,0.19170269704595222,3.2008606417533643,0.0013701778303469062,0.004466931848180913,gstB
b0839,1147.841005887548,-0.8821355876308876,0.17857427894209826,-4.93988043998719,7.817048678721039e-07,5.338187228940563e-06,dacC
b0840,292.71086272762494,0.34116453179504747,0.1711174756319008,1.9937445344795948,0.046179979809669015,0.09347409994955654,deoR
b0841,104.01233635604389,1.3509129215565805,0.23802885793335893,5.675416557830968,1.3835157063899929e-08,1.3338887190729533e-07,ybjG
b0842,271.92742860066363,-0.34309004548555583,0.2432053305621907,-1.4107011745691294,0.15833274450711587,0.25688290760885973,mdfA
b0843,412.7247332047088,1.5316193748399423,0.2834056512289414,5.404336039871929,6.504889378989467e-08,5.594477037034665e-07,ybjH
b0844,2258.8288301151665,1.281938885681834,0.27678997570414676,4.631449829137105,3.6311399393160453e-06,2.1571699841803846e-05,ybjI
b0845,3348.23584913525,0.8046902835504519,0.29995948095315034,2.6826632750312496,0.007303848901672077,0.01911274527993247,ybjJ
b0846,1408.1229818400734,0.5623864836626573,0.2209187544677099,2.5456710772143034,0.010906790533683996,0.02714153503872573,rcdA
b0847,938.8894631520243,0.7831503113433042,0.1935278553735598,4.046705885473787,5.1943438967362846e-05,0.0002477256120589659,ybjL
b0848,57.18643169618187,0.411706941338145,0.33855499863857413,1.2160710755822115,0.22395784780926598,0.3378681513188596,ybjM
b0849,74.4664698764638,-0.7898446555583964,0.3140530782582929,-2.5150037055481076,0.011903113270974373,0.02921414845192576,grxA
b0850,86.20028173765597,-0.541876690908476,0.2778915479839378,-1.9499574378555646,0.0511811922107741,0.1017436562758667,ybjC
b0851,320.63254350298877,-0.49530829839705126,0.20785850787417226,-2.382910872702346,0.017176352338188552,0.039961507901693914,nfsA
b0852,364.8233005406967,0.33776234596071025,0.15210098080864878,2.2206454170445715,0.026374987095845043,0.05785889645198451,rimK
b0853,404.071144105074,1.1692161576480586,0.18706931035988708,6.25017623360401,4.099897974668839e-10,5.234372849025961e-09,ybjN
b0854,221.2814676837628,-0.5315904615530279,0.3357994162281783,-1.583059516672322,0.11340789965300672,0.19746712218276605,potF
b0855,127.49841256967962,-0.8981850818821486,0.3876571070978047,-2.3169576036059603,0.020506041372011383,0.046497703298587316,potG
b0856,42.361083558304955,-1.4475832143153322,0.3983477721087985,-3.6339683956358666,0.0002790950645195424,0.0010979573735377258,potH
b0857,114.86424802708177,-0.4187553224956743,0.2717319289465781,-1.5410604271609194,0.12330207991608357,0.2110303291153287,potI
b0858,46.05464721867191,0.6184893205339933,0.3020393536021206,2.0477110454577896,0.04058832091655921,0.08347102915856675,ybjO
b0859,178.94808416212058,1.1905532990065388,0.21887585344324836,5.43939991678997,5.3460330773540414e-08,4.6562588942801833e-07,rlmC
b0860,66.08957326626232,-0.47618423610742655,0.3196180725351527,-1.4898539132359427,0.1362626517091212,0.22725183009176358,artJ
b0861,1231.5963323788774,-1.292125513243429,0.3245575684336905,-3.981190515689422,6.857095997576567e-05,0.0003167361982700817,artM
b0862,941.7842167051709,-1.6395146362261812,0.37634768331511137,-4.356382964242762,1.3222934314182394e-05,7.087285914681072e-05,artQ
b0863,1988.9625964683148,-1.3786663897963116,0.4021305789846687,-3.4284047566769935,0.0006071395277497027,0.0021855959707347003,artI
b0864,798.2066740569802,-1.0547412377976018,0.35383867646716327,-2.9808534452154025,0.0028744631923139966,0.008434631108924225,artP
b0865,611.5839414473279,-1.3234550549508337,0.2754113457107106,-4.805375942431138,1.544609902832636e-06,9.906226693517888e-06,ybjP
b0866,553.4571319544023,-1.1027156245335101,0.17779646548109077,-6.2021234311364175,5.57063586749414e-10,6.877142357738261e-09,ybjQ
b0867,1019.3906811651067,-1.115089357440539,0.16688547513241633,-6.681763985486239,2.360830297918239e-11,3.542107063774409e-10,amiD
b0868,298.5986252730417,0.46352434354588623,0.17166820977243105,2.7001175357997216,0.0069314983289279685,0.01824288708721055,ybjS
b0869,507.927226172031,-0.6438229164735588,0.2842805852751468,-2.2647445862348343,0.023528357700535123,0.05228382621994589,ybjT
b0870,963.5995712420572,-0.5408767266095061,0.2490765016374742,-2.1715285185623063,0.02989124379691448,0.06457325446616681,ltaE
b0871,2627.0705694509975,-1.435477505098139,0.25696870574657815,-5.5861958012654,2.3209754474230472e-08,2.1636122594911898e-07,poxB
b0872,2546.468771009109,2.89482791570719,1.9970330955214792,1.4495643172860249,,,hcr
b0873,5428.7417966822795,1.6731894105363927,2.2378929372077354,0.7476628496017621,,,hcp
b0874,61.44686856157321,1.4068048651496785,0.36497756319574726,3.8544968431255904,0.00011596787983983026,0.0005023645458604237,lysO
b0875,268.17968122698096,1.6070558182879513,0.3119311510929184,5.15195681052464,2.5778241115258127e-07,1.923309423318079e-06,aqpZ
b0876,742.0232106748402,-0.012104333418194085,0.29703373337703026,-0.040750702893498754,0.9674946400756094,0.9803723109072789,ybjD
b0877,203.61282804815997,0.5438780110142306,0.26917429684868355,2.020542144556885,0.04332718320764546,0.08848387986419796,ybjX
b0878,406.08600436674897,-0.0813182501753805,0.28101589815088407,-0.28937241882207965,0.7722963991534099,0.8466427991785782,macA
b0879,658.3008956208914,-0.8705609708088179,0.296436815129491,-2.9367505194269987,0.003316708083912136,0.009608870283976598,macB
b0880,14162.478691688875,-0.9736378508778898,0.19936921819746392,-4.88359165813429,1.0417069222427938e-06,6.907188963451815e-06,cspD
b0881,259.0365666883859,0.07230192322426614,0.2816808463032844,0.256680296772536,0.7974255829621357,0.8656500056924585,clpS
b0882,20915.817134623092,0.22094299259917283,0.20760381892387883,1.0642530264830292,0.28721409124811814,0.41140666519895946,clpA
b0883,14.039675980231266,0.2488857234871011,0.5127871757363451,0.48535871266614566,0.627421914219922,0.7319328857429339,serW
b0884,1938.809043919516,1.074687236410849,0.157171941983018,6.837653227743193,8.050096729080709e-12,1.3256390956309651e-10,infA
b0885,273.44200763773625,0.25445798575169115,0.16976229817826838,1.4989075223550719,0.13389762463415744,0.22421716288025306,aat
b0886,1187.809930282948,-0.5885740536206087,0.15244774833966082,-3.860824840188769,0.00011300489465352453,0.0004910815242290056,cydC
b0887,992.8696468923375,-0.07034411962332143,0.13363498317382363,-0.5263900062143338,0.5986172579430117,0.7087890401508413,cydD
b0888,629.5196276147431,0.7709856206560372,0.20928432728194715,3.6839147520940156,0.00022967908222309869,0.0009238852319169851,trxB
b0889,1377.369402884242,0.09812870007789772,0.1372341641068376,0.7150457083084935,0.4745807998771292,0.6029053363086768,lrp
b0890,7645.628587144561,0.404484302799281,0.13789911242007252,2.9331900379976954,0.0033549846726182763,0.00969370612641305,ftsK
b0891,1327.0217907058484,0.6617914462540311,0.17480583695523902,3.7858658370972487,0.00015317430389238693,0.0006438645841529679,lolA
b0892,1159.7508170398928,0.7529350651215287,0.15393746840611966,4.891174792709508,1.0023589952967886e-06,6.6894445286771076e-06,rarA
b0893,10051.745900315362,-0.5140294005007392,0.21499807985340277,-2.3908557734619396,0.0168091545665536,0.039232456641338426,serS
b0894,1857.1847730374247,0.10729360475318958,0.433043759916211,0.2477661952084234,0.8043153118280751,0.8702540697581809,dmsA
b0895,294.4271807086637,0.41096713502259347,0.5131743182836597,0.8008334017904407,0.42322809923559446,0.5533321485937269,dmsB
b0896,521.1846341788239,0.3082780620718241,0.47657604201242465,0.6468601752829763,0.5177224424932729,0.6419110802534985,dmsC
b0897,9579.266558715846,-0.9598647324438329,0.20245323277230504,-4.74116772204558,2.124899294203342e-06,1.3255631257162276e-05,ycaC
b0898,865.5317834800416,2.0938541070822643,0.17980303972809475,11.645265342836657,2.425655164381992e-31,3.0217782972043545e-29,ycaD
b0899,136.69468684629004,0.7287324068745197,0.21855327237807082,3.334346811398461,0.000854999809563626,0.0029462734426790164,ycaM
b0900,18.119486305744353,0.4883282623090064,0.4840306459813451,1.0088788103880244,0.31303275859221924,0.4399559336155506,ycaN
b0901,4.970749939430575,-0.15320063039788173,0.8041276065291798,-0.19051780980276847,0.8489033885627769,0.9003719892625325,ycaK
b0902,2463.7289026102167,0.5469941365918031,0.20413911022361989,2.6795166099852685,0.007372854526181429,0.019244320607702765,pflA
b0903,36706.17786400038,-0.3990697075918537,0.19865533531946653,-2.008854717896662,0.044552543347666125,0.09062617798231344,pflB
b0904,2607.616379571573,0.5614374326298,0.18216860374027494,3.0819659431010615,0.002056383633497066,0.006310891945294039,focA
b0905,867.7324175410699,0.9459450647442011,0.21448324698710253,4.41034476133739,1.0320617165620292e-05,5.6121768740562194e-05,ycaO
b0906,209.11840557435096,-1.157449948817221,0.2283655322076955,-5.068409131744694,4.011544114702442e-07,2.871515673679223e-06,ycaP
b0907,1782.2535295923492,-0.26973341276911006,0.1277303413120647,-2.1117411102042714,0.034708660848354264,0.07329877368553211,serC
b0908,322.34357755993165,-0.2238029670668404,0.1767875150949432,-1.2659432819486587,0.20553338912067287,0.31598644827041367,aroA
b0909,18.246682832267616,0.38100177723085177,0.4234159973454469,0.899828489285937,0.3682115306802869,0.5000718872238716,ycaL
b0910,1797.9419432241202,1.3305439308032827,0.16151241674452532,8.23802873873091,1.750711388123129e-16,4.673489945827392e-15,cmk
b0911,32722.766442463737,0.5054473652987105,0.17585336645056787,2.8742547015202637,0.004049822222633908,0.011403300792635613,rpsA
b0912,2195.827445187656,-0.16298208718007234,0.1661696825602057,-0.9808172265179694,0.3266828816732934,0.4552140737201625,ihfB
b0913,275.22006427522393,-0.8116699009559639,0.16941512579179982,-4.7910120018058695,1.6594219898518555e-06,1.0576564031443377e-05,ycaI
b0914,1492.9087784163703,0.14012100099453198,0.15744440270902296,0.8899713078621995,0.3734812926522708,0.5058917937705059,msbA
b0915,407.8779100903702,-0.08653103214197608,0.2130403209782958,-0.4061720886666882,0.6846161607081274,0.7808322817794539,lpxK
b0916,124.33962663905679,0.5826486821786443,0.2056555741965061,2.8331285668042105,0.004609484255694352,0.012769265347142506,ycaQ
b0917,25.45086641093671,-0.33193047693039396,0.4197498471804025,-0.7907816504522395,0.42907141951417915,0.558907669715713,ycaR
b0918,1284.7930586134119,-0.057593344294219515,0.15733542548698837,-0.36605452405874406,0.7143243904396979,0.805078382890465,kdsB
b0919,2036.7482363509218,-1.0162623781042104,0.2756390869368296,-3.686931303531401,0.00022697459718331412,0.0009139006552601413,ycbJ
b0920,116.90896182275999,0.571057407559356,0.22665932315015277,2.519452540591296,0.011753748433128817,0.028916612692155935,elyC
b0921,427.4817225915911,0.7363795962390801,0.1508214604059232,4.88245899659887,1.0477103011200372e-06,6.93580845073184e-06,cmoM
b0922,514.9693581498215,0.10691942026105389,0.1591984743566452,0.6716108347968657,0.5018314788148406,0.6262990921092317,mukF
b0923,282.2766435830173,-0.34451149952306137,0.1919097616233973,-1.7951744434925043,0.07262591093118187,0.13714520892884183,mukE
b0924,4440.1427956721445,-0.6390209856413952,0.2533855896210188,-2.521931048238219,0.011671258327096298,0.028748078479744088,mukB
b0925,2025.6043918391867,-0.5668949488409091,0.24103971366156504,-2.3518736403614606,0.018679119114213827,0.042899382830895214,ldtD
b0926,2546.6371273420127,0.8001270342919775,0.13468285584398973,5.94082319741428,2.8359434618748294e-09,3.1340224655288775e-08,mepK
b0927,2245.0650232407925,0.5490897630687549,0.14112912559050947,3.8906906052968537,9.995932166939609e-05,0.0004409149907541709,gloC
b0928,2197.1205609410395,0.20226574797174993,0.16675408690597418,1.2129582652196063,0.22514577730071872,0.3390382016422178,aspC
b0929,5167.135749019013,1.0453008212121322,0.30339813476325034,3.4453106378778773,0.0005704034681293483,0.0020660164383081506,ompF
b0930,5275.937887382331,0.040164388548064985,0.13580386990848317,0.29575290140944693,0.7674187938818786,0.8444482499058895,asnS
b0931,2207.3670550501447,1.5506924296600697,0.166757994957063,9.299058975009526,1.4169415460876625e-20,5.825046695966381e-19,pncB
b0932,3089.764219938918,-0.36625447072781514,0.17921170347708265,-2.0436972788144456,0.04098346221470074,0.08418435480320301,pepN
b0933,37.201934020402824,-0.20739802616296835,0.35087692654450675,-0.5910848234036303,0.5544635881026625,0.6721910382453687,ssuB
b0934,5.068202800800205,-0.8104676330790866,0.8454245767023609,-0.9586516117621914,0.3377342826829859,0.4677983949156856,ssuC
b0935,19.53159215706698,-0.23244004008793562,0.4226220115392202,-0.5499951108589258,0.5823227269829769,0.6955051512571233,ssuD
b0936,7.6651055254900795,-0.9449663638177388,0.648270439682598,-1.457673072800307,0.14493067746951635,0.23918507229112074,ssuA
b0937,1.3588832313322676,-0.8202989255690846,1.5370555165281414,-0.5336820412459486,0.5935615361919506,,ssuE
b0938,15.45356224714533,0.07983469837670534,0.534637303505178,0.1493249682603416,0.8812972143207123,0.9235311873750823,elfA
b0939,3.5384819060635273,0.08767343266517169,1.1093224156934034,0.07903331928109442,0.9370061209886758,0.9589325773921947,elfD
b0940,20.82346278407932,1.2106579987454602,0.467271624744822,2.590908445182399,0.009572295409024986,0.02409779940385898,elfC
b0941,33.19178278924248,0.8425386337740813,0.344954092706745,2.4424659732631344,0.014587304670355032,0.03472403561078723,elfG
b0942,7.250432063585673,0.6326060405277177,0.8652270386080668,0.731144557786153,0.46469086048372943,0.5934588777411033,ycbU
b0943,6.266995955715463,-0.010586164849457689,0.7317250753277027,-0.014467407509188722,0.9884570815817624,0.9930466916868586,ycbV
b0944,32.625813320787174,-0.12338618740416127,0.41974983589826814,-0.2939517227924909,0.7687947939909459,0.8451701628576817,ycbF
b0945,285.55840269213076,2.717136438406597,0.2752119192657396,9.872887939068434,5.457041521512563e-23,3.225611600682317e-21,pyrD
b0946,348.5024613897462,1.4311568010553428,0.28069505190197924,5.098617846513066,3.421424993636958e-07,2.4850668107493877e-06,zapC
b0947,440.86742188898444,-0.11076559531497977,0.16798091691799844,-0.6593939201382685,0.5096428452989828,0.633356026911765,ycbX
b0948,913.691189817574,0.8334681613813165,0.18015894865611742,4.626293434761425,3.722677841034332e-06,2.2083591059873214e-05,rlmL
b0949,1106.6209372098006,-0.10845910821948056,0.2218920298772834,-0.4887922665787658,0.6249887736043358,0.7299229682634729,uup
b0950,356.16493956789856,-0.5788531733373399,0.17680332464813825,-3.2739948442108395,0.0010603854604534124,0.003564386449651659,pqiA
b0951,559.0052486764704,-0.8179258320470083,0.2292958701257657,-3.5671197723639203,0.00036092653761819776,0.0013725892656322027,pqiB
b0952,224.48572183576346,-0.742611378560049,0.2683040967709884,-2.767797389221033,0.005643652927827671,0.015273902031796944,pqiC
b0953,68758.14468135929,-2.035774464949297,0.2011236380375258,-10.122004975712803,4.412819365922627e-24,2.9259839376303094e-22,rmf
b0954,1870.7822784928642,0.16161147973852952,0.13574648377925894,1.1905389755901918,0.23383462047314052,0.349815911486565,fabA
b0955,2187.81444763855,-0.032054697886651974,0.15111995509914788,-0.21211426290870253,0.8320178926844195,0.8893462186234136,ycbZ
b0956,341.9605589246455,0.38668660789228165,0.25933537737247475,1.4910677124351477,0.1359437182277482,0.22681194222170165,matP
b0957,55782.31050021077,-1.062643870544229,0.29718902944026265,-3.5756497221504224,0.0003493591638294094,0.001332296403063731,ompA
b0958,1245.6748803187058,1.782933181120224,0.18915133051060562,9.425961616591726,4.261822799158581e-21,1.9467059474823252e-19,sulA
b0959,212.8617813750101,0.006723114007350229,0.20785168657954642,0.03234572746551778,0.9741963430216142,0.9854628853744725,sxy
b0960,446.1861151430331,0.6185675021982878,0.1829860096588399,3.380408717319692,0.0007237811232162506,0.0025215798284254293,yccS
b0961,155.32986498087206,1.2081874881644825,0.20238455251291496,5.969761393164547,2.3760081081471485e-09,2.6834531133497052e-08,yccF
b0962,1515.027011646596,-0.815885017323781,0.146569708236702,-5.566532315164138,2.598586087920113e-08,2.395243813327261e-07,helD
b0963,836.0013658256922,-0.587088268399962,0.17354536481798044,-3.382909529250278,0.0007172225512968558,0.002502972757539367,mgsA
b0964,83.26682360578158,-1.2125251816937705,0.23861913242332924,-5.081424818621228,3.746142770453452e-07,2.7018233209358143e-06,csgI
b0965,1514.9080537644656,-0.11361072295613327,0.17614630523411678,-0.6449793131064133,0.5189405917201577,0.6425797507715567,yccU
b0966,2482.437457985672,-0.596851071506806,0.3017894828831238,-1.977706664277472,0.04796180802377942,0.09660509200674042,hspQ
b0967,449.43794988864175,0.5442856712340828,0.19397572255336787,2.805947383876017,0.005016888362383455,0.013722174356459336,rlmI
b0968,211.16858018109883,-1.0750255519562892,0.20710892791010488,-5.190628732446056,2.0958515979926855e-07,1.5930008883225384e-06,yccX
b0969,268.0846304396662,1.0802365860030543,0.18759583019688697,5.758318747646556,8.495582156036017e-09,8.581164187583308e-08,tusE
b0970,5227.543060115434,1.1056024235683577,0.18985310225724253,5.823462510874937,5.764074884582698e-09,6.060386662536949e-08,yccA
b0971,18.083298364940983,0.3712395413385973,0.4970007785080975,0.7469596777151705,0.4550879008935347,0.5833696166427568,serT
b0972,330.18162009822413,-2.6989242883093527,0.2925786416866538,-9.224611450619316,2.845908107029281e-20,1.1583691314848885e-18,hyaA
b0973,319.6926123774499,-2.5628229701821517,0.25721649966838656,-9.963680298449912,2.1977312650982962e-23,1.3689201864877418e-21,hyaB
b0974,133.68853028086917,-2.260347999578038,0.2531645307810003,-8.928375521661641,4.323099837980929e-19,1.5868092351731785e-17,hyaC
b0975,146.86564526897075,-2.27188578805021,0.29100210143160626,-7.807111278143699,5.851360448126603e-15,1.4067218013010798e-13,hyaD
b0976,41.62051291746516,-2.3427398011795413,0.372289527547379,-6.2927899600436525,3.1181012982558906e-10,4.082329438576422e-09,hyaE
b0977,126.41835075455184,-1.4436955585159748,0.28380777788802647,-5.086878059718189,3.640057067296027e-07,2.6392018701329747e-06,hyaF
b0978,513.8000432542752,-3.0408413138955543,0.2560445050678126,-11.876221725946419,1.573187291071589e-32,2.3097760548554653e-30,appC
b0979,628.4456354280555,-3.5380659492687974,0.3153217112638869,-11.22049583927272,3.234517738158899e-29,3.593811465289523e-27,appB
b0980,580.716951645126,-2.6072899229278437,0.2531827295546049,-10.298055983180793,7.189958438035012e-25,5.009816803179989e-23,appA
b0981,251.0077216828707,-0.8326058143544348,0.18647809808368743,-4.464898681993094,8.010665087488843e-06,4.468364202804156e-05,etk
b0982,4.139361499708006,-1.312226508710594,1.0482311152050163,-1.2518484613519079,0.2106250876628718,0.32272819060084457,etp
b0983,14.919129752581055,-0.7179384076939226,0.4570751922339096,-1.5707227604829523,0.11624706000364086,0.20181235797084782,gfcE
b0984,12.813408253793677,0.3747572426674146,0.6045720730068643,0.6198719051039587,0.5353421238571279,0.657148841796552,gfcD
b0985,2.0751680192882755,4.41730713447032,2.3044737669403483,1.9168398433691796,0.055258281425845795,0.10874427713817715,gfcC
b0986,1.037227635407912,-0.10370652744588996,1.6827000168433732,-0.06163102538052867,0.9508566692177227,,gfcB
b0987,7.78546361551323,0.5287731275536617,0.6840716699501637,0.7729791347625667,0.43953472916598957,0.5692902557030193,gfcA
b0988,5.610710107949751,-0.6159767590809608,0.7699230775704324,-0.8000497413647292,0.4236819784338326,0.5534657176172499,insB4
b0989,6.600649552505737,1.911584578357894,0.7750324590427405,2.4664574445293987,0.01364569419384039,0.03269082099701506,cspH
b0990,703.6386534642929,1.5796243067808398,0.2765176172708792,5.712562990998961,1.112872020726345e-08,1.0997636724052894e-07,cspG
b0991,11.362389322810564,1.884244651373184,0.5810599285803125,3.2427716293858126,0.0011837305149120518,0.003922238628204419,ymcE
b0992,76.8471121745548,1.101148670179609,1.3225739167379997,0.832580059415874,0.405081608942941,0.5363254410191403,yccM
b0993,97.84034184168831,0.45034136686290804,0.22514966302482145,2.000186723856036,0.045480104857966344,0.09233022768943193,torS
b0994,84.46467117197842,-0.7624394015200149,0.2414817066356734,-3.1573381360531676,0.0015921660271968738,0.0050778855995394475,torT
b0995,105.1259890134337,-0.46620200016674024,0.21451469442364704,-2.17328701616139,0.02975872208979484,0.06438847711112979,torR
b0996,4.125350786454967,-0.9622542213487408,0.8998506043726077,-1.0693488637701611,0.2849125001703591,0.4088220901222849,torC
b0997,51.182873162972434,-0.7784667363430534,0.2815437863153085,-2.7649934901110815,0.005692393180348012,0.015385554480217408,torA
b0998,37.698009061734446,-0.04644165614662655,0.40044099234881403,-0.11597627873764832,0.9076713417387084,0.9413312022925909,torD
b0999,1745.2929808200734,-2.61384103876935,0.2501673880638766,-10.44836842643112,1.4906756235553214e-25,1.1348458311918383e-23,cbpM
b1000,4978.304214057713,-2.5860419771800247,0.24707280874220036,-10.466720277091849,1.2282495062076452e-25,9.527044754754017e-24,cbpA
b1001,6.071931410930882,-0.0699599908278824,0.7421869591546426,-0.09426195106899674,0.9249010739428867,0.9512805391491637,yccE
b1002,5890.980030031533,-0.8587021277837219,0.14686521559605792,-5.846872074498018,5.0090241411823e-09,5.334740477823947e-08,agp
b1003,1213.3068859146808,-1.0285036163962142,0.19887508048879843,-5.171606286058268,2.3209019726895245e-07,1.7474776574590907e-06,yccJ
b1004,3916.0363005376894,-1.2118462438752269,0.20542012037810337,-5.899355144202334,3.6492499442241617e-09,3.927242544687311e-08,wrbA
b1006,74.2316931599537,-0.6960530193980379,0.3155835374638563,-2.205606239767043,0.02741158181188415,0.0598772650524207,rutG
b1007,8.077950538908668,-0.4590864181644418,0.6453007176911605,-0.7114301992519394,0.47681769065034474,0.6055599401493874,rutF
b1008,2.6056426309717904,-0.2753420331014295,1.2132749429972018,-0.22694116835648234,0.8204694893731564,0.8813561721486926,rutE
b1009,4.270062054783028,0.11949965086146935,0.8863151565092495,0.1348274933400874,0.8927482677685253,0.9310218490097433,rutD
b1010,1.3266814499895672,-0.9735189492194369,1.6642567123100516,-0.5849572016255568,0.5585764946943472,,rutC
b1011,1.190459897128912,-1.2885205542192357,2.0410615600045263,-0.63129921187501,0.5278449021548521,,rutB
b1012,1.9199200378696235,0.27923367702642027,1.4120817054420725,0.1977461190455705,0.8432437043469609,0.8969145843649047,rutA
b1013,137.6484000673285,0.20272189728388074,0.1951107597669506,1.0390093172002468,0.29880040307012934,0.4241603788056981,rutR
b1014,7621.869160228732,2.0973798268082655,0.9328875326616448,2.2482665416528596,0.02455919885389665,0.054339540628831604,putA
b1015,1259.1355518095631,1.4898079979925865,0.486876380898237,3.0599307266539473,0.0022138819176375497,0.006726732123730944,putP
b1018,116.59733785856895,0.08355441689730095,0.31286498528824,0.26706221797342683,0.7894212570543104,0.8600234090654916,efeO
b1019,114.66600978103918,0.19017193798389462,0.3478951466469811,0.5466357890208435,0.5846289762751554,0.6966404989759896,efeB
b1020,1716.3977784428428,1.7870649404945531,0.5214079443301254,3.427383414325361,0.0006094279286023067,0.0021880857768419937,phoH
b1021,9.214384430198862,1.7390193529178575,0.64632127184123,2.6906422992450274,0.0071314613849700476,0.01870927744327496,pgaD
b1022,6.943941314231648,0.41895798151419833,0.7269559400730664,0.5763182586720302,0.564400083653033,0.6810239929256292,pgaC
b1023,11.289711628233748,0.5777093289978303,0.533519530896107,1.0828269548586187,0.2788852388400712,0.4015752073105194,pgaB
b1024,42.46416863904998,0.3318171645443347,0.3306920930676489,1.0034021722934139,0.31566685642497294,0.4427521142146243,pgaA
b1025,20.23112595123181,-0.036440755956706164,0.40002524156610875,-0.0910961413685789,0.9274161986381231,0.9533903457367653,dgcT
b1026,2.191794695926348,0.5443883694265276,1.2107074270229732,0.4496448582669823,0.652966537374307,0.7538178700212793,insF4
b1027,0.14387325273848497,0.798491287989169,4.426327699496274,0.18039588168766607,0.8568417872273729,,insE4
b1028,0.47202380185129483,2.2834605348990755,2.8736079716238794,0.7946318904484,0.4268276620747363,,ymdE
b1029,5.0729287737321,0.09856260009215853,0.7621697121687521,0.12931844249189448,0.8971056789656583,0.933671252209575,ycdU
b1032,2.33108820135418,1.152279573587368,1.2822704302848353,0.8986244604668986,0.36885272532639213,0.500777263479788,serX
b1033,348.03494139379546,-0.2171275138700765,0.20392975798991905,-1.0647171654114838,0.2870039398296985,0.4112489357406381,ghrA
b1034,579.6441062040809,0.20521934363638514,0.15453532465181513,1.3279769146553813,0.18418573342189748,0.29044401614784066,ycdX
b1035,401.0378096348086,0.4328739759290817,0.20966144567841244,2.0646331733925085,0.0389577219708035,0.08052046004121327,ycdY
b1036,237.3178840815173,0.17295974497202565,0.1873161489146511,0.9233573612002518,0.3558210043210074,0.48775596824396844,ycdZ
b1037,102.09789340126274,-0.21524252803771693,0.31538299901959055,-0.6824798061621158,0.49493560755440436,0.6207078348554473,csgG
b1038,7.890598635931341,-0.30102062594102114,0.6114735134599036,-0.49228726889208113,0.6225162788409253,0.7284110608206594,csgF
b1039,14.909920311814313,-0.3693040247207971,0.5249165121525059,-0.7035481189311529,0.4817142303330718,0.6097066505231706,csgE
b1040,160.8164244916223,-0.1785429414427285,0.3214054761634239,-0.5555068431750846,0.5785480307336701,0.691800742974438,csgD
b1041,2.2028610140135485,-1.2878931846976116,1.2783524530308927,-1.0074633029757156,0.3137121840663255,0.44031095551268834,csgB
b1042,26.42538624756473,-0.7231674890834655,0.46532555558911043,-1.5541108378797777,0.12015798045956508,0.20711507659088974,csgA
b1043,0.9184093158336329,0.7862502797738987,1.8573853899443111,0.42331025323585236,0.6720689144775585,,csgC
b1044,6.874030490942029,-0.19082163945306413,0.6720719668608582,-0.283930365886799,0.776463745109746,0.8507575842607051,ymdA
b1045,447.65068718310573,-0.7650162871156286,0.15867050168771463,-4.821414686274113,1.4254368259967153e-06,9.199326203567499e-06,ymdB
b1046,622.6314785979785,-0.3346155061272908,0.1576371345557774,-2.122694675148973,0.033779445514596794,0.07169194657228053,clsC
b1047,115.31595474709864,2.0624920233069854,0.2489155263082281,8.285911505387714,1.1720791291710236e-16,3.2122782000147187e-15,opgC
b1048,3216.2259018689783,0.1900585854546352,0.11812731246351993,1.608930072910353,0.10763163282553562,0.18933403617705474,opgG
b1049,3943.937961100075,-0.6081333857566618,0.15408862129315914,-3.946646940267355,7.925329041793624e-05,0.0003612087327141196,opgH
b1050,66.47394408890666,-0.8025975647834435,0.31445952771664576,-2.552307988920758,0.010701187570285263,0.026678339661275145,yceK
b1051,2202.39495568593,-0.8174754312934275,0.3716426631720175,-2.199627524773853,0.027833332670996556,0.060637430106235735,msyB
b1053,270.5230962975225,0.46810541027058794,0.21143427315859809,2.213952370529159,0.026832055562911215,0.05879881685454584,mdtG
b1054,933.1261556112235,-0.694413878852134,0.22355643923656832,-3.106212825823829,0.0018950027302501438,0.005892856447850485,lpxL
b1055,502.0229738554513,1.8854336160213505,0.20999331460930035,8.978541147984942,2.743805148878464e-19,1.0254348151853968e-17,trhO
b1056,128.7665349811216,-0.22000366715855574,0.21090415162035261,-1.0431452651277493,0.29688101908958986,0.4221646037624711,yceI
b1057,12.458400911609067,1.2626936150179016,0.5454629341196928,2.3149026928029985,0.020618257969574123,0.04670063829912905,yceJ
b1058,1.0711629720991933,1.0911186768810912,1.7963525902404978,0.6074078567921963,0.5435802756786456,,yceO
b1059,301.09211027278815,0.3208337369619878,0.16368963449135804,1.9600125442208507,0.04999432412224029,0.0998186821109907,solA
b1060,4698.668692690528,1.2982871250698373,0.29998783880303614,4.32779918762726,1.5060668647595083e-05,8.020001141225828e-05,bssS
b1061,176.10616111278134,1.7935750171038114,0.22988543036122067,7.802038668938495,6.091497386531548e-15,1.4559387067459998e-13,dinI
b1062,535.3585586083638,2.3142109063233516,0.165394780073029,13.992043190852378,1.7433061229421867e-44,5.119093908153807e-42,pyrC
b1063,1175.7977407585481,0.6977779511559958,0.21359289476809318,3.2668593771042937,0.0010874768369778874,0.00364056781499682,yceB
b1064,2572.4538655827414,-0.5437198952251119,0.1917920716722445,-2.834944586000826,0.004583363503925337,0.012719445278327605,grxB
b1065,676.6757986740232,-0.49240707167219366,0.2762902848626958,-1.7822091425215998,0.07471513245468207,0.14040204537559242,mdtH
b1066,380.45369666233995,-0.6207443482587194,0.16063744020419207,-3.864256971909343,0.00011142786802463537,0.00048576878626646445,rimJ
b1067,326.47348508809773,-0.5626218470819957,0.18038587670501238,-3.118990562670598,0.0018147177365727889,0.005668924479521835,yceH
b1068,481.1517996720365,-0.5653265456821331,0.16552597374831962,-3.4153343604050073,0.0006370376106865401,0.0022643525718150444,yceM
b1069,289.95123289580954,0.6960934504104508,0.20377812310383414,3.4159380791615193,0.000635626987093799,0.0022640390192425947,murJ
b1070,49.55791321666556,0.34497977328073703,0.297442792218914,1.1598189040225135,0.2461225457664088,0.36356801496432145,flgN
b1071,59.921473178700744,0.006361935203593404,0.30044297646311224,0.021175183652111466,0.9831059104202226,0.9900902493232571,flgM
b1072,38.07095218356827,0.45074312272221206,0.3385289650601165,1.3314757945222455,0.18303250442708774,0.2889762272817583,flgA
b1073,0.3571882250631026,-2.046023043883073,4.272157853232355,-0.4789202820151022,0.6319953415968427,,flgB
b1074,0.806461407379443,-0.8055282229398993,2.187497414650124,-0.3682419085595757,0.7126928638954937,,flgC
b1075,6.029853172482252,-0.2694211101886259,0.7480294524532713,-0.3601744681376117,0.7187166666880331,0.807721218358257,flgD
b1076,14.714784702904788,-0.44300945072635506,0.49194494116488136,-0.9005264891582146,0.36784013507826296,0.5000705311091599,flgE
b1077,16.46278413728841,-0.6865415143156041,0.46127592396725364,-1.488353236412014,0.13665776223360857,0.2275415393043195,flgF
b1078,25.023560978003953,-0.47539236676726543,0.41483383031562987,-1.145982636964683,0.25180233640319727,0.37049370256032355,flgG
b1079,8.153920327060566,-0.44781672299538544,0.6633001298422161,-0.6751343816288876,0.4995903915484251,0.6250201155373024,flgH
b1080,10.985696859986199,0.4551507979174817,0.578534344745652,0.7867308173684747,0.43143945984955456,0.5614585689906676,flgI
b1081,10.662431462551895,-0.4772160105369924,0.5695489131127064,-0.8378841563034596,0.4020957678644457,0.5333914927140166,flgJ
b1082,39.50826854706362,-0.45361326549434106,0.3143210193936822,-1.443152819907973,0.14897742674852002,0.24468485871480852,flgK
b1083,104.20402126700986,-0.092905840494724,0.322667919763485,-0.2879302056517543,0.7734001647853939,0.8476267868389107,flgL
b1084,5522.471739023617,0.48232437989898497,0.2082539131584902,2.316039936939458,0.02055608823070931,0.04658548992086327,rne
b1085,2.4533911937870276,2.577615180222399,1.4545360792121884,1.7721218586880962,0.07637433118606136,0.14255927963529785,yceQ
b1086,467.6777766150879,1.5602290076545031,0.25450891846689633,6.130351018946475,8.768539360559538e-10,1.050946510532369e-08,rluC
b1087,560.6913639428677,0.08773878381708708,0.14460256719578524,0.6067581338185566,0.5440114359293149,0.6642206751129829,yceF
b1088,3190.3701974136043,1.2091037791402832,0.12499631528799192,9.673115374277268,3.922518814495138e-22,2.015684355798689e-20,yceD
b1089,1706.116263562746,0.5484029885629735,0.13423354196840195,4.085439306161387,4.3993499730384024e-05,0.00021302388385348493,rpmF
b1090,1587.8667388404035,0.6053597387170337,0.12886237200598255,4.6977230769035465,2.630777852714911e-06,1.616611024291629e-05,plsX
b1091,1298.1194963658822,0.025023649415941877,0.1463391430970807,0.1709976489293866,0.8642256142516518,0.9105906094023394,fabH
b1092,1909.0313151647697,-0.06763893136401615,0.1665879675768166,-0.40602531111874374,0.6847240028739798,0.7808322817794539,fabD
b1093,10278.949396525442,0.03423352200791885,0.12668772089441624,0.27021973215896483,0.7869912131056407,0.8595383880472514,fabG
b1094,14564.88781235237,0.44665429936203277,0.12666793437340002,3.526182862075859,0.000421595761543816,0.001577052025210762,acpP
b1095,6434.628194140591,0.7970841490254637,0.11717472614955175,6.802526237681443,1.0280028581170173e-11,1.650828027234007e-10,fabF
b1096,219.50643347144333,-0.21659297114680862,0.18313671069558596,-1.1826846202716528,0.23693416170962545,0.3533825877481937,pabC
b1097,230.82486011357335,-0.12886693813738934,0.20338112358713942,-0.6336229039573371,0.5263269497069446,0.6491101196791605,mltG
b1098,249.94806252751292,-0.3990680238939108,0.16865285243515657,-2.3662097505723714,0.017971259561551108,0.04148222799412499,tmk
b1099,342.74936873604605,-0.33856463172759615,0.15384009273727517,-2.200756809902537,0.027753244661646314,0.06049500997032237,holB
b1100,1049.7669979018751,-0.901019418879245,0.19087781245603783,-4.7203989153362915,2.353825614726509e-06,1.4511887225865056e-05,ycfH
b1101,2176.933304448205,-1.1087985918153453,0.1777009735166144,-6.239687773638879,4.384451530806912e-10,5.5459939209683744e-09,ptsG
b1102,87.56675482175973,0.9108344696245028,0.30325708275129015,3.0035060067220405,0.0026688828042428607,0.007910437785322567,fhuE
b1103,488.36041994920623,-0.62481942603863,0.17832109893455203,-3.503900714900558,0.0004584962658960651,0.0017039504062043374,hinT
b1104,241.40898503314153,-0.5783176032191795,0.19061859022358205,-3.0338992778241307,0.0024141501555999647,0.007270748197561505,ycfL
b1105,701.3832630681496,-0.6662255167666147,0.18446802545912716,-3.611604315210883,0.00030430863120235795,0.0011869191488357623,lpoB
b1106,199.49557841764957,-0.4001374731365207,0.214541022605028,-1.8650860720151292,0.062169340517466955,0.11998974594709232,thiK
b1107,619.759324887984,-0.428829531502749,0.14862906304184945,-2.8852333636928305,0.003911236192137187,0.01106613350714107,nagZ
b1108,1106.91206960154,-0.016863179631824807,0.14692505400071273,-0.11477402371240919,0.9086242390408885,0.9417166482391709,ycfP
b1109,3160.0138270966127,1.7460739404497891,0.3087704702492204,5.654925288161353,1.5591407802927215e-08,1.483710126801708e-07,ndh
b1110,2001.7400782838183,0.311631700339837,0.32301610346854115,0.9647559270065529,0.3346670756113468,0.46464584526789826,ycfJ
b1111,744.3812254770443,0.11543235449475396,0.1982372288838204,0.5822940279416671,0.5603686474413833,0.6769979350518062,comR
b1112,1625.2356501964061,2.6319473795102026,0.3399231170852369,7.742772548329605,9.727196372592893e-15,2.2720741072573514e-13,bhsA
b1113,590.1161251741963,1.4575329470380545,0.21395173756247324,6.81243799953931,9.595841711804337e-12,1.5530907589459696e-10,ldtC
b1114,2263.5875830648442,-0.44103757507408714,0.13781619835394276,-3.2001867729757296,0.0013733855754222864,0.004473841601078462,mfd
b1115,6.65583723607232,0.9604295567624823,0.7205582432143195,1.3328964949150082,0.18256577298874432,0.28866457413720303,ycfT
b1116,482.42253477445973,0.5038888481587591,0.19869583086731174,2.5359809813787892,0.011213282373697831,0.02773634406634885,lolC
b1117,353.7653441842563,0.3432691439389041,0.1741123260184557,1.9715384418132351,0.0486623204550409,0.0977765392916291,lolD
b1118,814.3459028828223,-0.03551104004665848,0.16527424660591988,-0.21486130341486934,0.8298754556481501,0.8878543976179227,lolE
b1119,1073.7090713384118,-0.002266061950673573,0.14847302689212713,-0.015262448662274376,0.9878228006183783,0.9927489122867723,nagK
b1120,617.0027063917549,0.26286966275214824,0.17754181093629406,1.4806070827252726,0.13871130690158368,0.230307828219875,cobB
b1121,2.638974095090507,1.9893581473438742,1.271707549641775,1.5643204665288437,0.11774232805303646,0.20397018224828917,ycfZ
b1122,2.114091675513739,-0.46885211414197625,1.2846503202655841,-0.3649647742624993,0.7151377012661275,0.805078382890465,ymfA
b1123,1709.2695153923653,-0.6004606510775915,0.23351688296902715,-2.5713800366084647,0.010129410227384842,0.025360539247733915,potD
b1124,119.72305680892521,-0.16031889482143,0.21066054768130132,-0.7610295168508207,0.44663943731510203,0.5757713160245796,potC
b1125,94.83311445081289,0.18980140582899166,0.23125835349442905,0.8207331884924274,0.41179826207299874,0.5427709699846419,potB
b1126,447.9053739006927,0.9698625537782682,0.19405201613939355,4.997951441440248,5.794257060021403e-07,4.06487897162935e-06,potA
b1127,1418.5820087088914,-1.136297717994081,0.16141190395799446,-7.039739264148628,1.925998921588901e-12,3.427611067814706e-11,pepT
b1128,3669.8450859745467,-0.12024550701733093,0.14798201060654578,-0.812568409663249,0.4164655497080022,0.546644276771902,roxA
b1129,542.1915009443829,-0.2214218733827555,0.14460341855133443,-1.5312353995569643,0.12571122483198655,0.2139068068229705,phoQ
b1130,446.1531392491058,-0.23149075281676143,0.17894320145732975,-1.2936549191669737,0.19578464343856206,0.30372478082110516,phoP
b1131,1425.9844282098002,0.6539945637445752,0.23023916875796377,2.8405008898901967,0.004504274729463546,0.012536948823848771,purB
b1132,549.754017811414,0.7016514472778388,0.19219502807370192,3.650726318522523,0.00026149977061450846,0.0010399724787791078,hflD
b1133,1881.2805639957849,1.1488987517570586,0.17512304684117966,6.560522857959427,5.3619434347148795e-11,7.680470195161279e-10,mnmA
b1134,181.1355480165465,0.42587364526123145,0.21682451064964944,1.9641397736133666,0.049513884840908955,0.09910008791673647,nudJ
b1135,244.6217943862214,0.7154251697256103,0.2258852843958035,3.1672057417959962,0.0015391138568128645,0.004931642295680192,rluE
b1136,21560.498195959637,0.8677652352295705,0.3550709125216382,2.443920931362375,0.01452861026903891,0.03462441554551823,icd
b1137,25.170088904500886,-0.3719327426839791,0.5732093364779401,-0.6488602313585883,0.5164287217717268,0.6406271802062671,ymfD
b1138,37.14411080554741,-0.1306180105168476,0.31977745757947296,-0.4084653480753429,0.6829320657147886,0.7798704783759711,ymfE
b1139,60.962071909612405,-0.13585155178400432,0.28706956665780736,-0.47323564585981376,0.636045069184388,0.7392652754925131,lit
b1140,33.80778503822987,0.09557007456279903,0.3561851658059353,0.26831570693449275,0.7884563169731601,0.859683151926146,intE
b1141,2.4534049309684405,-2.0707050520406622,1.336319674291982,-1.5495581572858137,0.12124760252871729,0.2082945649793384,xisE
b1143,95.33251474176063,0.08702052929585766,0.300104222318135,0.28996769396869326,0.7718409527734063,0.8465950258408413,ymfI
b1144,26.150667166944316,-2.726224795997253,0.5123005838365433,-5.321533650383451,1.0289607246585751e-07,8.343308755564896e-07,ymfJ
b1145,280.027027808862,-0.689228436840215,0.19008463529109187,-3.62590293415743,0.00028795351087432697,0.001129558094660647,ymfK
b1146,0.6292650526022775,-0.19973563461905697,2.11234600725536,-0.09455630561139934,0.9246672573377474,,ymfT
b1147,6.290786063627999,-3.644412526096999,1.058064209283933,-3.444415276614858,0.0005722959628106323,0.0020702073201572524,ymfL
b1148,2.34891754869362,-0.5175987351264889,1.2635284363895607,-0.4096454976553508,0.6820660163573329,0.7793144505961632,ymfM
b1150,0.0,,,,,,ymfR
b1151,2.8940657644042034,-4.0368894089560605,1.7385957900388302,-2.3219252180898815,0.020236962661130786,0.04601446543136541,beeE
b1152,5.21635733264463,-1.9246595350279319,1.005632949448632,-1.913878752762808,0.05563564983749252,0.10932990271602858,jayE
b1153,1.2080364199498888,-1.467470312975972,1.7774303921902392,-0.8256133795302563,0.40902344294527004,,ymfQ
b1154,1.2702981770656325,0.5706971705867893,1.5100815088762898,0.3779247459373681,0.7054864988044947,,ycfK
b1155,0.8808929405317953,1.953408456472158,2.6958860387111003,0.7245886615467174,0.4687044169135941,,tfaP
b1156,0.8486649129451992,-2.064435706299941,2.0754650970899498,-0.9946858220812902,0.3198890921642332,,tfaE
b1157,0.49287444563648225,-1.0509541308601933,2.6074678715016035,-0.4030554479104526,0.6869074344892756,,stfE
b1158,0.5959419505635968,1.240503977205926,2.459259628222694,0.5044217222816924,0.6139650565709229,,pinE
b1159,27.103954358375066,0.8736072670824057,0.37287790693616485,2.3428775232638372,0.019135663590658446,0.04377669060723254,mcrA
b1160,0.9834555937595745,2.0732592760374997,2.205535424826274,0.9400253800959948,0.347204542300398,,iraM
b1161,4.46727827941038,2.9171723570388464,1.17107949259568,2.4910113920387915,0.01273800354954899,0.030894355511620005,ycgX
b1162,876.9026022884208,0.8410932914415931,0.15480524392076425,5.433235142034978,5.534140287203208e-08,4.809905014945536e-07,bluR
b1163,630.4456147482706,2.255541170021572,0.28147855059846816,8.01319022435611,1.117705587996259e-15,2.8189494921795217e-14,bluF
b1164,7.114977373742639,2.8345225764035327,0.832283840952725,3.40571621955176,0.000659907347879314,0.002332656154025675,ycgZ
b1165,4.012660344549416,2.276517106341694,1.0359288965980022,2.1975611587028725,0.02798039369235601,0.06089327605573084,ymgA
b1166,71.42914637330813,-1.2710092710822605,0.4883399947293593,-2.602713856739628,0.009248911162504479,0.023441599130120783,ariR
b1167,14.06060855914883,-0.39867472837324147,0.6847252871608819,-0.5822404047998443,0.5604047611241295,0.6769979350518062,ymgC
b1168,40.35965815931505,-0.7980656446422889,0.32524382617116554,-2.4537457145221637,0.014137691499304607,0.03375148069317145,pdeG
b1171,30.9476971166965,0.21501417650472937,0.40171172184449355,0.5352449650148955,0.5924804770640817,0.7027372305858164,ymgD
b1172,8.166093088990417,2.079158287626254,0.706523096522877,2.9428029994472116,0.0032525532140270995,0.009456326918575252,ymgG
b1174,282.870916372741,-0.16135057547409729,0.24186421005097747,-0.667112242196105,0.5047004409523168,0.6291156800348618,minE
b1175,1590.5564223119238,-0.17871401255706829,0.12301023522747605,-1.452838556292347,0.1462685840226583,0.24100607171027985,minD
b1176,937.3075639901299,-0.298865602548666,0.13873933851561882,-2.154151848684364,0.03122826557023566,0.06706295395740981,minC
b1177,74.7175776775406,0.5113203177377939,0.2591231088496398,1.9732717780662912,0.04846460649287308,0.09752226984444505,ycgJ
b1178,222.1512433304991,0.0982371581008024,0.2814440492249176,0.3490468473977065,0.7270541394970251,0.8146414738272745,pliG
b1179,218.47950860248838,0.5768333489591805,0.18933464498130578,3.0466339058872975,0.0023141937593916793,0.007010796274767276,ycgL
b1180,435.45095968233977,0.4093576697021933,0.15148569826609928,2.702285921296127,0.006886451497342823,0.01817078818279663,ycgM
b1181,173.3205480909471,-0.40462136067727233,0.21979482574230938,-1.840904849833254,0.06563550357863478,0.12567655110003148,ycgN
b1182,58.38214904555327,-0.2326055864932249,0.28180137339410727,-0.825423892338237,0.4091309750629101,0.5399478133173751,hlyE
b1183,36.28555800441896,1.350399312031277,0.38204130355748767,3.534694545999725,0.00040824678645214166,0.001538315801195925,umuD
b1184,55.24274447549315,1.353960145911458,0.3056713216431433,4.429464100960515,9.446753581404173e-06,5.171185615599541e-05,umuC
b1185,380.11290394195726,0.7403019306580488,0.16592257221733328,4.461731280831194,8.130013640876279e-06,4.522663880601134e-05,dsbB
b1186,511.2175234982629,-0.04844983423667599,0.1453470043261679,-0.33333906303257194,0.7388783557828723,0.821360101791639,nhaB
b1187,2608.5747057343947,0.6516298341319816,0.17244939538942108,3.778672767512387,0.00015766644782358102,0.0006580373269063366,fadR
b1188,8130.892327502065,-0.9283714709523629,0.3265903742926232,-2.842617370347073,0.00447447525824503,0.012462444299895202,ycgB
b1189,4099.9340927719695,-1.0412419751105342,0.3381575343744143,-3.079162429536914,0.0020758347083033994,0.006358983968580682,dadA
b1190,3882.1515307310187,-1.2932340979164356,0.4473019620337833,-2.891188073569777,0.003837883685468538,0.010896091043481465,dadX
b1191,689.6542296118329,0.6602605744111502,0.15657091611191523,4.217006522074654,2.4756681750678627e-05,0.0001270595738789511,cvrA
b1192,214.49829999569002,-0.1694966094609908,0.20284328748937475,-0.8356037390188191,0.40337786459846814,0.5345862028898462,ldcA
b1193,219.55542193048572,0.4643791135824242,0.20009652598116587,2.320775492254843,0.020298963873671635,0.046078984254370015,emtA
b1194,5.980447693631671,-0.16198117532856648,0.6889420294870487,-0.2351158274509242,0.8141188344626393,0.8756783172359786,ycgR
b1195,390.77540986120215,-1.1910073654592295,0.25981070986310345,-4.584134988456718,4.558696741363864e-06,2.669629957798696e-05,ymgE
b1196,21.136672099334994,0.0611291366454023,0.44093495771265706,0.13863526938872958,0.88973837147666,0.9286754953144488,ycgY
b1197,374.5779486676202,-0.7669477257907722,0.2569890835900213,-2.984359160618261,0.0028417299089701976,0.008362456446511441,treA
b1198,844.0109405845384,-0.40160827170165286,0.17736132226208703,-2.2643509113457996,0.023552540602054986,0.05230928925718425,dhaM
b1199,437.7035838423392,-0.6731480814174228,0.16138384213966656,-4.1710996125303526,3.0313330574220574e-05,0.00015160353040221506,dhaL
b1200,998.8833039720481,-0.506862334943209,0.20311561601736508,-2.4954375487302536,0.012580189774673893,0.0306027521039232,dhaK
b1201,128.3383793756494,0.45468665305364137,0.2590959047144316,1.754897104818328,0.07927690948920631,0.1472029696974377,dhaR
b1202,141.16011269493137,0.6025688001428682,0.23104815674823995,2.6079792568934153,0.009107847341798632,0.023098309945795294,ycgV
b1203,2037.5546642985785,0.7738468757695445,0.17202160988852042,4.498544550716857,6.842025980169644e-06,3.8743207719665854e-05,ychF
b1204,332.94742174003056,1.2226541071053667,0.15834599292580448,7.721408571912905,1.150511145914614e-14,2.6423191736619986e-13,pth
b1205,16158.397402478358,-1.5333900555571445,0.2013723107845917,-7.61470159220358,2.643013717264401e-14,5.84162870520105e-13,ychH
b1206,225.20993634763627,0.7881268874330485,0.19739754344352428,3.992587109669542,6.53563119625949e-05,0.0003049713944134253,dauA
b1207,3363.2208641782377,1.16410667423233,0.19298653721578146,6.032061567749273,1.618810757119835e-09,1.8485919506999004e-08,prs
b1208,2157.156114754079,0.15176175562230043,0.15475662456662545,0.9806478788697303,0.32676641487428837,0.4552140737201625,ispE
b1209,357.57263241010793,-0.20578110500405555,0.15127845487373243,-1.3602803199954339,0.17374123365729743,0.27716345035512213,lolB
b1210,1555.5359524605003,0.48502763639167124,0.14606681174305328,3.3205875489696135,0.0008982818027019921,0.0030671399426145263,hemA
b1211,679.8217725148569,0.5234826371495281,0.15347786266637992,3.4108022359383536,0.0006477205310981405,0.0022935220528376016,prfA
b1212,193.32499172124844,0.5294073357347634,0.2251002632738455,2.351873463118581,0.018679128014425308,0.042899382830895214,prmC
b1213,20.634011089320435,1.3102479255326438,0.42127593942112607,3.1101893151862683,0.0018696746911838094,0.005822903526861091,ychQ
b1214,614.132084677576,0.4958349214777521,0.1530625513000791,3.239426739370546,0.0011977023036779466,0.003961185977811777,ychA
b1215,1352.5245419969278,0.346266512096744,0.12769420586082145,2.711685387465054,0.006694209601962256,0.017709070575075182,kdsA
b1216,198.104516827185,2.505521448152636,0.2521076206821442,9.938301116694852,2.8362277641212644e-23,1.7146665203386057e-21,chaA
b1217,153.00918834960285,-1.167484147041295,0.18699122571992693,-6.243523686988062,4.2782148577046996e-10,5.445121139326322e-09,chaB
b1218,566.0396794346569,-0.46425823756628143,0.3595984762086925,-1.2910461758932754,0.19668766619006917,0.3046657858731629,chaC
b1219,797.46780892242,-0.3530550209943957,0.2077998423740844,-1.6990148643078407,0.08931638294525408,0.1627269617731864,ychN
b1220,171.5015661551266,-0.49772417384036277,0.26463051100486423,-1.8808268628979599,0.05999547470580041,0.1165051471495255,ychO
b1221,892.3190732853641,-0.9180090018543599,0.967745764336466,-0.9486055487763275,0.3428212678343199,0.4735679543235514,narL
b1222,679.198470420936,-0.9088005663501167,0.49834671409154574,-1.8236310998995993,0.06820786158714884,0.1300568269873696,narX
b1223,1794.0179486916356,-2.777675852579024,1.7898380366042375,-1.5519146401922252,0.12068264939658112,0.2077951490195414,narK
b1224,13465.555994931592,-1.3785240127768885,1.862952786224046,-0.7399672299645181,0.4593198787258602,0.5880610468520745,narG
b1225,5446.187888407111,0.48099938957796,1.999164670469794,0.24060018500873542,0.8098650067783929,0.8733879965545575,narH
b1226,1330.1632182798605,1.0657158057448677,1.9903414643001118,0.5354437039373132,0.5923430760330441,0.7027372305858164,narJ
b1227,1753.0191623756657,1.4340045043023901,1.963494969212281,0.7303326602755124,0.4651868690964668,0.5939078319427251,narI
b1229,0.0,,,,,,tpr
b1230,72.74794304725188,2.6883107349908277,0.31094445776987195,8.645630008239058,5.35092359484567e-18,1.7185661639383243e-16,tyrV
b1231,130.24430590591507,2.9346201273324954,0.30325714820509875,9.677002321962595,3.776259477692138e-22,1.965088950986377e-20,tyrT
b1232,414.38265928827326,1.118922575568026,0.22700644628064226,4.929034368410537,8.263703797988605e-07,5.624517601578007e-06,purU
b1233,300.9341040881373,1.0560864680682358,0.21307078159830833,4.956505345999165,7.177239347452659e-07,4.957352138365361e-06,ychJ
b1234,910.547863783952,0.25362722599490684,0.19177622394076885,1.322516528812461,0.18599620907880599,0.2921161641793124,rssA
b1235,1325.4996537668915,-0.4654993322190407,0.14355289833604223,-3.24270242966015,0.0011840180339580842,0.003922238628204419,rssB
b1236,1288.4189257019577,0.18642841792109982,0.16065208137372977,1.1604481954230383,0.24586637400775102,0.36332015224509867,galU
b1237,9673.812139400417,-0.9767895121706344,0.3052939190938068,-3.1995052999090325,0.001376636561072656,0.004477336157096274,hns
b1238,53.872885017897666,0.8786265989539853,0.36917067086637395,2.3800010897182444,0.017312586853988836,0.04023292513100515,tdk
b1241,18846.204544259243,-1.2749258338756106,0.180669669744691,-7.05666776098745,1.705427191338094e-12,3.061576936065897e-11,adhE
b1242,183.12655880379324,0.8726773376063635,0.19500798929901225,4.475085050327134,7.638090216899855e-06,4.301395737215795e-05,ychE
b1243,65009.904990065996,1.5552398045130027,0.27952551484296234,5.563856327701383,2.638772256587434e-08,2.421426952417621e-07,oppA
b1244,3618.7782047143464,0.9840570831738364,0.26511868948289574,3.711760514104847,0.00020582268168923575,0.0008394216710560002,oppB
b1245,4165.887896322435,0.8297553557950194,0.2618157702728225,3.1692336750012466,0.0015284145969909672,0.0049050057831614875,oppC
b1246,7071.819843700138,0.885349494448395,0.25587326012749556,3.4601094854821737,0.0005399557969812263,0.001976632485654338,oppD
b1247,8698.097237175334,1.0861091667673424,0.2597779293741758,4.18091394208838,2.903397420282376e-05,0.0001459152419899859,oppF
b1248,181.0502861152564,-0.3243762683353929,0.19567481000768872,-1.6577313570543244,0.09737170169964368,0.17434454080454495,yciU
b1249,704.5884675181484,-0.27415398034453253,0.18003028259541898,-1.5228214742107427,0.1278033759189583,0.21657035383464038,clsA
b1250,433.74587848567586,-0.49816744892871323,0.20951675775304224,-2.3776973940953403,0.017421115887231546,0.04041659560519689,kch
b1251,500.56346037618323,0.36042861231522116,0.17466794075633446,2.0635075375281766,0.03906443240793295,0.08065991041135728,yciI
b1252,289.9336616067569,-0.6418265367704185,0.260456963617811,-2.464232585127657,0.013730697969581084,0.03287530538902029,tonB
b1253,69.39850136970408,1.3727835628454892,0.2575282563698837,5.330613355583716,9.78816138843765e-08,7.95239752329391e-07,yciA
b1254,611.7356047547006,0.19541395394603614,0.17219337601466161,1.1348517490556511,0.25643743953823195,0.376102145537521,yciB
b1255,704.0005182971863,0.5079301460919969,0.14564420685084972,3.487472362097823,0.00048760931734924824,0.0018010439385649233,yciC
b1256,599.2203171811506,0.3746920188897272,0.39633677792194555,0.945387962364469,0.34446084550741674,0.4755132759842143,ompW
b1257,72.75069545151187,-1.3714355274086873,0.49608852497335537,-2.764497581318468,0.0057010529818473975,0.015398836273570731,yciE
b1258,43.36282650180083,-0.9111118248390876,0.5339631705278242,-1.7063196024146212,0.08794859033214512,0.1606918466024216,yciF
b1259,264.9033454036425,-1.394621551469422,0.4043486473412574,-3.449057046782713,0.0005625478432110422,0.0020465789233987557,yciG
b1260,482.01096452846485,-0.028118510041312376,0.2710849161390738,-0.10372583779942528,0.9173869216515802,0.9463933839171007,trpA
b1261,568.5157992557957,0.0030306849390746085,0.2541914588538208,0.01192284332738922,0.9904871727701183,0.9938718006487568,trpB
b1262,408.95423799629003,-0.22132898846007776,0.18649848289822288,-1.1867602621779116,0.23532219732071114,0.3512852957220994,trpC
b1263,134.3767075733996,-2.3008679821326807,0.4494487254566425,-5.119311395966215,3.066532678449496e-07,2.2431522848942844e-06,trpD
b1264,98.17710952427046,-1.9178719481496065,0.31101014464949217,-6.166589679288579,6.977851387678625e-10,8.537484242484174e-09,trpE
b1265,12.685411317460341,0.502820302454881,0.555766569669037,0.904732903877817,0.3656069050055144,0.49801168525412065,trpL
b1266,337.1012311883507,0.6916589399805805,0.16378040840371882,4.223087161167902,2.409785722043701e-05,0.00012429898498521523,rnm
b1267,444.76404601025575,0.29546374521402663,0.17891160589387928,1.6514509706501643,0.09864652432468665,0.1761667513026876,yciO
b1268,68.93571813493159,1.1939487138730458,0.3024073425372689,3.948147236953754,7.875836278053484e-05,0.000359351419967568,yciQ
b1269,819.0530253386827,1.232410004883979,0.1690700428065708,7.289345790809028,3.114637076528126e-13,6.039751425286379e-12,rluB
b1270,231.02845763248226,0.06550652593381313,0.19231367800569676,0.3406233327401324,0.7333871618155179,0.8182114007845888,btuR
b1271,258.867548743698,-0.09835359967640005,0.16656076749547527,-0.5904967967866256,0.5548576326476373,0.6724704386245391,yciK
b1272,1451.213578731791,0.17287128303985277,0.12145316918643824,1.423357531119542,0.15463253713558495,0.25176014263936225,sohB
b1273,1454.518000039892,0.12689297769734634,0.1415751941859637,0.8962938629677469,0.37009583594516837,0.5019676613561819,yciN
b1274,4488.731596506042,-0.1621969413314588,0.12328347513300277,-1.3156421909463107,0.18829416558875567,0.2948865960896665,topA
b1275,3917.1124852459034,-0.13121277987288876,0.16943399448485458,-0.7744182640079211,0.43868348645650357,0.5685459687335076,cysB
b1276,9960.058665718117,-1.4597151711677867,0.36022411000555543,-4.0522417312524555,5.072921047918172e-05,0.0002430626856409278,acnA
b1277,1289.33502642106,0.4379628183376824,0.1522906444650141,2.8758353467884636,0.0040295985081832885,0.01136971823413967,ribA
b1278,659.1361333135793,-0.4310657313479672,0.16193776605747687,-2.661922180617017,0.007769583880670643,0.02006329103859109,pgpB
b1279,800.5324452893466,-0.0350987380310597,0.17704234997873697,-0.19825052048436492,0.8428490621884702,0.8967268360913047,lapA
b1280,1001.1193719661816,0.11416722072484015,0.21961376836317767,0.5198545682074021,0.6031649427081409,0.7129508255512896,lapB
b1281,354.80499128205156,1.838220264824153,0.25474365006580174,7.2159610822461335,5.355437317124642e-13,1.0240094330557864e-11,pyrF
b1282,36.533719017377585,1.665217323805012,0.36121420022635375,4.610054983335397,4.0256248773011215e-06,2.3743678436994134e-05,yciH
b1283,5249.461339939468,0.6116989853939585,0.14455126000175364,4.231709812744196,2.3192150875998558e-05,0.00011992821666821392,osmB
b1284,126.40577031022553,-0.07151369715452399,0.2401872280026131,-0.297741465061356,0.7659004933368413,0.8436532612849937,yciT
b1285,434.13370388699167,-1.5156899110889024,0.2252173208087298,-6.729899395154121,1.6978043579890022e-11,2.6409106403831543e-10,pdeR
b1286,1504.9021169064602,0.31672301707663947,0.19374340167547072,1.634755115981526,0.10210039331463974,0.1815461578358495,rnb
b1287,271.6319868726699,-3.279228382743601,0.3770110287535579,-8.697964071727847,3.378914761948677e-18,1.120219240836372e-16,yciW
b1288,6637.309563092593,-0.15899985570951805,0.20041802003703366,-0.7933411161338573,0.42757910773567154,0.5576705938773305,fabI
b1289,178.7616918198967,0.4189820036957777,0.20999971588247626,1.9951550978776362,0.04602596660609313,0.09325418862377963,ycjD
b1290,261.4609601699671,-0.5276034284474987,0.23232419731494958,-2.270979237398396,0.023148234869275787,0.05171869214543085,sapF
b1291,510.1889316053937,-0.7571288447633178,0.2878477368665109,-2.630310222360496,0.008530698382339032,0.021779515352690085,sapD
b1292,228.8992982474997,-0.8977649457500417,0.2748545386851912,-3.266327527442835,0.0010895215413715634,0.003644445123334823,sapC
b1293,264.03131073866683,-1.0316616461908406,0.28133327830670246,-3.667044483326814,0.0002453701226893801,0.000983154555922068,sapB
b1294,765.7895596930998,-0.6063864553559932,0.1839261177399265,-3.296902380190671,0.0009775747252091507,0.0033103868989578407,sapA
b1295,234.0596298250848,1.5756052229786262,0.22643697318259265,6.958250681562064,3.445237807881116e-12,5.950996902604735e-11,ymjA
b1296,976.6090516156686,1.9720877548652587,0.5499241660912128,3.586108551807414,0.00033564928467717396,0.0012883792803994978,puuP
b1297,1569.873975844077,1.892864985225709,0.536049689589353,3.531137172518018,0.0004137771039776562,0.0015563016234694826,puuA
b1298,522.0065506785879,2.3369635371315085,0.4989403633855282,4.6838534394655715,2.815313452825912e-06,1.7171741253067243e-05,puuD
b1299,540.8324539995073,2.07922241247397,0.4460781273534592,4.6611171563371805,3.1449762986989366e-06,1.8978865446247934e-05,puuR
b1300,2432.1752931480996,2.2181624560526236,1.0031613298591224,2.2111722113173244,0.0270239139306468,0.059124699398025005,puuC
b1301,1527.6960785999916,2.0011820951844523,1.0205871867737917,1.9608144420374787,0.049900672722004595,0.09972856857567373,puuB
b1302,1804.5767073051068,1.8896305359811687,1.0046617871600922,1.880862356000067,0.05999064512923696,0.1165051471495255,puuE
b1303,135.94317881253275,-0.2759262590913805,0.2047096492532739,-1.3478908302460866,0.17769349781216237,0.28204554807173726,pspF
b1304,1722.8200927131836,2.9112387969139277,0.23499120180308514,12.388714022380505,3.008286989888937e-35,5.621394461560646e-33,pspA
b1305,27.358451234222553,1.6280948839944251,0.42539425812247156,3.827261071130148,0.00012957706036102477,0.0005577919320881391,pspB
b1306,143.11692870769966,2.1682582737162943,0.2207002448789006,9.824448880453346,8.835598267760247e-23,4.908533037670592e-21,pspC
b1307,66.16229797906207,1.8833808078784962,0.2984359941997031,6.310836643311203,2.7753101645276965e-10,3.6685852367760002e-09,pspD
b1308,2225.284219821898,0.8506492842387625,0.22300354989903803,3.8145100588034717,0.0001364533792801367,0.0005855530712115261,pspE
b1309,12.13108416407366,1.9902793151053162,0.6081058521199326,3.2729159046356076,0.001064441423021253,0.0035750969689872314,ycjM
b1310,6.083132872579153,2.020946441006621,0.8036766608571025,2.514626266303825,0.011915862503626926,0.029227989709075353,ycjN
b1311,7.535922640517062,-0.10737066676423589,0.7900897887170398,-0.13589679084270417,0.8919028724774518,0.9304013514908884,ycjO
b1312,10.516978888891401,-1.9693782289411959,0.6403908487971408,-3.0752754081984763,0.002103082548586344,0.006428083536980268,ycjP
b1313,22.559591231002788,-0.7622208255922329,0.5011380804018363,-1.5209796569062324,0.12826494244547137,0.21717346721306952,ycjQ
b1314,18.839552133569587,-0.774033840788726,0.43473860611878085,-1.7804580267187995,0.07500103263227512,0.14079186441823097,ycjR
b1315,29.080584453600775,-0.539507470043773,0.3817315467541724,-1.4133164382958505,0.15756270276896167,0.2560238225625302,ycjS
b1316,51.454405655940924,0.1454124599756684,0.26749235751524847,0.5436135122753147,0.5867074594276971,0.6985098076186687,ycjT
b1317,3.5552729046973024,-0.2678944414913736,0.9122923634325234,-0.2936497686809675,0.7690255415423864,0.8451701628576817,ycjU
b1319,2.6586196477663906,4.762213877491742,2.21092694903339,2.1539444709259916,0.03124452688510776,0.06706295395740981,ompG
b1320,71.49833512812893,1.7587701620214193,0.27453718867072857,6.406309362083669,1.4908431305083508e-10,2.0227247886204057e-09,ycjW
b1321,855.5229137201995,0.12882326523773927,0.3375671106047725,0.38162267943385936,0.702741259436839,0.7954210676059594,ycjX
b1322,376.7620704450937,-0.36317776256677503,0.28456445672351804,-1.2762583449402378,0.20186420990073284,0.3110433908927709,ycjF
b1323,1751.8087488414778,-0.2508106657533298,0.20756955559180262,-1.2083210615267843,0.2269237902132627,0.340717202909687,tyrR
b1324,4650.593876607136,0.2876512480605079,0.2642171184496834,1.0886926999595117,0.27628942206057183,0.3985353733652669,tpx
b1325,1087.6560389980157,0.130431148082108,0.20405189628707915,0.6392057631192282,0.5226890834650995,0.645974027127156,ycjG
b1326,601.8149890006533,-0.14555422298183504,0.17116323773374295,-0.850382505665471,0.3951124592304134,0.5270302790059148,mpaA
b1327,62.36226078031547,-0.7572134079392617,0.2995322745707802,-2.5279860376459378,0.01147189140755436,0.028307890502074412,ycjY
b1328,107.64918462436124,0.49638516898978813,0.23301231955306134,2.1302958141522286,0.033147198921356556,0.07064185317039752,pgrR
b1329,504.91330835010376,0.9105357695915403,0.16852248230810996,5.403052204790137,6.551638151557609e-08,5.622919507526791e-07,mppA
b1330,149.37227416500394,0.9251241194418627,0.2954288427042123,3.131461745487425,0.0017393844499501065,0.005475198678212012,ynaI
b1331,0.6939096263526884,2.818333865900226,3.0413701281686047,0.92666586016524,0.35410004833334263,,insH4
b1332,2177.441106037762,1.191677203044189,0.2160930211621505,5.514649185037705,3.494763546148237e-08,3.150651960134957e-07,ynaJ
b1333,8576.232602182923,-0.487341523564084,0.19931254370948334,-2.445112156485393,0.014480710247865741,0.034530278323071956,uspE
b1334,5825.326401199761,0.29467627281011516,0.1455973351479397,2.0239125428408298,0.042979151149608895,0.08790412456519511,fnr
b1335,197.88319186162332,1.0574278439374265,0.26278192802953354,4.023974753007309,5.7224054467890376e-05,0.00027008965317737926,ogt
b1336,35.225552668657436,0.23887210538305492,0.33055273223303255,0.7226444742095045,0.4698983371056935,0.5985204730929636,abgT
b1337,26.015669591542704,-0.5885994960989185,0.4120027776431444,-1.428629922026237,0.15311062925494717,0.24977690351868564,abgB
b1338,29.25475572978678,-0.8634917590569574,0.37530610259105507,-2.300766635808862,0.0214048252740457,0.04826946610071414,abgA
b1339,174.09741040635421,0.7338117187838294,0.24530645895914913,2.9914080611551737,0.002776941432537264,0.008183517010151034,abgR
b1340,198.779728652121,0.3394601126457264,0.21245104215682467,1.5978274768600458,0.11008137779922568,0.19265412691895137,smrA
b1341,451.19992541225537,-1.32235992345346,0.29160542341382556,-4.534757646043028,5.766966589385743e-06,3.320448130107113e-05,dgcM
b1342,338.5689612730562,-1.4276283843337336,0.19550100463055683,-7.30240945324838,2.826595278955057e-13,5.586602496050115e-12,zntB
b1343,721.9584422676622,0.26328991810039093,0.20515193058871617,1.2833899117831284,0.19935550645718458,0.3079859026852634,dbpA
b1344,630.0887741500164,0.5556847162050975,0.1438827196881014,3.862067087761969,0.00011243168018840454,0.0004892392820646498,ttcA
b1345,31.805075192382006,-0.8565179685386892,0.4068133631703956,-2.105432235223632,0.035253700273858116,0.07424588208290507,intR
b1346,0.14387325273848497,0.798491287989169,4.426327699496274,0.18039588168766607,0.8568417872273729,,xisR
b1347,0.1860767583042411,-1.1250828641289559,4.426305747061774,-0.25418100972256535,0.7993557209679235,,rcbA
b1348,0.0,,,,,,ralR
b1349,22.205311974026714,-0.7440735047275697,0.3851965224045129,-1.9316724358850346,0.053399949011905055,0.10569436224744425,recT
b1350,25.783410103289757,-1.2854118064353122,0.43999353486761694,-2.921433395202183,0.00348424766107486,0.009981701836013067,recE
b1351,1.1477541735677745,-3.747072163218946,2.7890003168574293,-1.343518012734056,0.17910429741713552,,racC
b1352,0.18287953861993922,0.7984912879891685,4.426327699496274,0.18039588168766593,0.856841787227373,,kilR
b1353,3.454717610172556,0.8383145715294643,0.9220317888354361,0.9092035455613628,0.36324269301274326,0.4954514634954836,sieB
b1355,9.004361442670444,1.4504581995713275,0.6834847480755367,2.122151523725043,0.03382501584840459,0.07175162030587784,ydaG
b1356,776.7591456751107,0.48698035847427945,0.17712340255244124,2.749384618049545,0.005970727973340727,0.016021973040733505,racR
b1357,7.611357076049813,0.10535786990908393,0.722905116714456,0.14574232146526606,0.8841248103512428,0.924844044619328,ydaS
b1358,11.3744377138848,-0.3064767898290677,0.5602772716182043,-0.5470091423553469,0.5843724511823463,0.6966404989759896,ydaT
b1359,20.915947276198892,-0.3266901372764857,0.4146165549597285,-0.787933171911616,0.43073579665687756,0.5607203483395895,ydaU
b1360,10.573130917329971,0.11188930979598827,0.6375954073086305,0.17548637978477127,0.8606974720751973,0.9075901639609547,ydaV
b1361,14.81901992888798,-0.26599107825443197,0.561709064017323,-0.47353887500421193,0.6358287727891947,0.7392652754925131,ydaW
b1362,0.14387325273848497,0.798491287989169,4.426327699496274,0.18039588168766607,0.8568417872273729,,rzpR
b1363,174.6911814179839,0.6673864355521553,0.24171313358655305,2.761068154011484,0.0057612652349292295,0.01553085992183217,trkG
b1365,2.710919664084388,2.0462990559697984,1.1939592114036637,1.713876853099606,0.08655134495502481,0.15856175539666087,ynaK
b1366,4.263465447017391,1.3614587330507786,0.9513724749652647,1.4310470072202652,0.15241674337278185,0.24904023529630614,ydaY
b1368,10.224512747106052,1.298973044174521,0.5963489011128714,2.1782098394923737,0.029390417863058026,0.06362506994999029,ynaA
b1370,35.908227244820246,0.26595809398183595,0.3229193871851264,0.8236052232731533,0.4101639071306489,0.5411372985282726,insH5
b1372,54.2182745537094,0.024495407559323466,0.29846089578723606,0.08207241854820914,0.9345891259223729,0.9572273765416874,stfR
b1373,0.0,,,,,,tfaR
b1374,0.0,,,,,,pinR
b1375,0.0,,,,,,ynaE
b1376,1412.9709160431842,0.5790637072222693,0.19250117571444833,3.0081047820779996,0.0026288248198925003,0.007819897854253306,uspF
b1377,6.568807977549349,0.7873830194948811,0.6965618783631135,1.1303848860422752,0.25831407989031285,0.3784066856848247,ompN
b1378,5269.404270722606,-0.7575033341773415,0.21825198938347723,-3.4707740182215643,0.0005189605439199124,0.0019048632107631785,ydbK
b1379,977.3989931204828,0.6444202361989777,0.23703018679579127,2.7187264411775764,0.006553378213967065,0.017381250217818455,hslJ
b1380,328.07589737075165,-0.6196103762438269,0.24829830586537635,-2.495427321118213,0.012580552433867723,0.0306027521039232,ldhA
b1381,637.3256848510854,-0.43088319343207654,0.1379633991075309,-3.1231703206749732,0.00178914179624149,0.005601798876122441,ydbH
b1382,0.0,,,,,,ynbE
b1383,51.89071830081239,0.6813941223664679,0.3036062940239628,2.244334639230791,0.024810878427933215,0.05481658115427876,ydbL
b1384,226.8569245609568,0.6617157268734625,0.3114385503522478,2.1247071890266604,0.03361105322403379,0.07148217268701651,feaR
b1385,357.90342148223385,-0.15153163158980745,0.270239251431681,-0.5607313918574707,0.5749806636676362,0.6885364137307464,feaB
b1386,49.0796164021572,0.8525753072216639,0.27967106161450245,3.048493120095673,0.0022999217909164898,0.00697269799591275,tynA
b1387,55.09504177919657,0.8634864372807147,0.48729485668464867,1.771999899928181,0.07639457383521313,0.14255927963529785,paaZ
b1388,33.99429816514971,-0.09199644454791135,0.6483063956422558,-0.1419027255727957,0.8871568414100004,0.9273078502508293,paaA
b1389,7.8677985526364145,1.842409231906894,1.1300021392033632,1.6304475611044138,0.1030069395904939,0.18284176539573418,paaB
b1390,40.0189684754388,0.41604572726853867,0.5965049238797344,0.6974724107263539,0.48550719940169496,0.6129975727089583,paaC
b1391,27.368552100293854,0.14270449904798377,0.5346133424450101,0.26693029843837507,0.7895228279769315,0.8600234090654916,paaD
b1392,83.40678185033316,-0.12117835551548448,0.5380797087590307,-0.22520521317363412,0.8218196340894917,0.8823453945525986,paaE
b1393,45.59266954621074,-0.07019703492633401,0.6572949590058147,-0.10679685575637136,0.9149501419531386,0.9456100361212556,paaF
b1394,39.05624363344866,-0.008476496866382688,0.6740569844673939,-0.012575341642784683,0.9899665935029397,0.9937304920782695,paaG
b1395,108.13980146572327,-0.4346168480385765,0.4818930499583807,-0.9018948251611278,0.3671127405628025,0.49973525710386796,paaH
b1396,18.99941150614687,-0.9257487518721083,0.5389537901643655,-1.7176774127328827,0.0858554714910725,0.15749747581427892,paaI
b1397,620.6140469107567,0.5586129049521268,0.4004471059299631,1.3949730106173535,0.16302397849130756,0.26271719936407895,paaJ
b1398,753.9287175082048,0.577347128680097,0.4393167748741793,1.3141932238882743,0.18878118823828594,0.29542423481065605,paaK
b1399,472.7100180178147,-0.6687359836248051,0.3633102930681371,-1.8406744768428207,0.06566927635527917,0.1256826792814491,paaX
b1400,285.14953537548615,-0.23666912159686354,0.360184145842081,-0.6570781205362344,0.5111306865131842,0.6350130710957087,paaY
b1402,1.6291605969415262,0.5376462024948444,1.5981528768243278,0.3364172541260229,0.7365562400511908,,insD2
b1403,0.0,,,,,,insC2
b1404,0.0,,,,,,insI2
b1406,699.8704399337961,-1.0674580530987616,0.19873782005209742,-5.37118728996291,7.821991682125998e-08,6.562491388820403e-07,pdxI
b1407,25.492203607795187,0.4670043233140366,0.38078151500005203,1.2264364338010807,0.22003448248536173,0.3335404710535848,ydbD
b1408,0.9454453614569752,3.285605148805638,2.505218351579297,1.3115045028847019,0.1896873734312785,,ynbA
b1409,0.9825516715886625,-0.13159754630516152,1.8280118498944562,-0.07198943831395817,0.9426103130476449,,ynbB
b1410,54.97352288239227,0.5491264196456593,0.3669206633181758,1.4965807994560492,0.1345023692325348,0.22486345665512428,ynbC
b1411,75.62449454602113,-0.18214649834014365,0.2616484120765208,-0.6961498328790687,0.48633500121171735,0.6136658041686218,ynbD
b1412,147.40102155713922,0.26987627358912347,0.22939749701242662,1.1764569234794402,0.23941233632029046,0.356189996782408,azoR
b1413,3139.530349905732,-0.44715079701987437,0.1248645093387982,-3.5810880080152176,0.00034216636388006413,0.0013097261842746216,hrpA
b1414,1055.8636176444247,0.09292290336187253,0.26803276815041166,0.3466848624632608,0.7288280837447674,0.8155098416171753,ydcF
b1415,7893.110917296422,0.03975638270849801,0.532565076580662,0.07465075059700527,0.9404925936022956,0.9608263052432996,aldA
b1418,232.95590075216214,0.7211565559625385,0.21172033977126026,3.406175130559804,0.0006587990425939683,0.002330742568075563,cybB
b1419,310.93832620408955,0.8904667955736008,0.20111969333491544,4.427546506302329,9.531102675003276e-06,5.196599880230566e-05,ydcA
b1420,2.3413537662115607,0.41082938359100246,1.2265539325381694,0.33494604084865043,0.7376657904667261,0.8207593810252056,mokB
b1421,118.62788728803982,1.1349999574597556,0.2590233227683207,4.381844635955575,1.176787153718927e-05,6.357124821206976e-05,trg
b1422,796.7125198982868,1.7110082011935464,0.37553278285155706,4.556215274206525,5.208355786587979e-06,3.019964829148545e-05,ydcI
b1423,2291.5029022771246,-0.5236028929924497,0.3428187473390386,-1.527346147364048,0.12667496000108588,0.21497280095665364,ydcJ
b1424,1215.8169632875467,0.7941720807833313,0.18684088356805473,4.250526253233345,2.1326883501889435e-05,0.0001109807823750221,opgD
b1426,2344.622087610288,-0.12440076258093521,0.21735502211533628,-0.5723390302659939,0.567092312564007,0.6829633372052717,ydcH
b1427,393.8074869718661,0.3061223938549242,0.21812499686685377,1.4034264676312416,0.16048970497179516,0.2597785600517508,rimL
b1428,335.10767442172045,-1.4896636137747143,0.3502879168442033,-4.252683413105763,2.1122409022999697e-05,0.00011005605005519867,ydcK
b1429,229.93555103810914,-0.10068574925022633,0.2957815717325109,-0.3404057550322342,0.7335509853161655,0.8182114007845888,tehA
b1430,262.9727487687945,0.7974835137514533,0.16314755202144982,4.888112042567481,1.0180758712242952e-06,6.7833223769904015e-06,tehB
b1431,752.8477286874986,-1.127027282320914,0.19600996645648433,-5.7498468200142385,8.932434054374686e-09,8.978297407710106e-08,ydcL
b1432,578.6430459735963,0.3784174481335715,0.20128315704441738,1.8800254014798947,0.0601046161102111,0.11655192303258388,insQ
b1433,64.43527254470587,-0.5990034100156875,0.25588915157056563,-2.3408706713012117,0.019238830158100798,0.043963774752613885,ydcO
b1434,37.097015602257606,0.19166114916989235,0.33471181241852904,0.5726154323177461,0.5669051083508383,0.6829633372052717,sutR
b1435,456.7910612741933,0.6910833209624025,0.22154455187703015,3.1193875683568746,0.0018122740956827614,0.005665596051218123,rlhA
b1436,34.54830108810394,0.6866247686613344,0.3219564852020838,2.132663264199687,0.03295235951007013,0.07029950697763275,yncJ
b1438,76.9244250109269,0.8691107376405752,0.30906711480165916,2.812045332607834,0.004922756482825671,0.013482646169817678,hicB
b1439,233.94378089223892,1.0251576376554759,0.19803364649869207,5.1766841432283925,2.2586411741464154e-07,1.7079092807940946e-06,ydcR
b1440,2993.2467217753438,-0.7769555651326486,0.3190737497829789,-2.4350344259316303,0.014890372952849928,0.0354044668647577,ydcS
b1441,1139.534157648682,-0.6228328356077231,0.38629390806100466,-1.6123289096999258,0.10689038555586709,0.18827179735225777,ydcT
b1442,569.0763751090082,-0.3519923941699161,0.3859036191178877,-0.9121251440308151,0.36170284348906834,0.4936787482017131,ydcU
b1443,955.8576458223043,-0.17520029740077459,0.3402036071723099,-0.5149865954009044,0.6065623870472638,0.7157227247851038,ydcV
b1444,7044.208170687423,-0.31201325563721044,0.3092104421923898,-1.0090644204152612,0.31294374005494785,0.4399559336155506,patD
b1445,85.33199987376189,1.3094398469526691,0.2510849547735025,5.2151266814607915,1.8369165402830246e-07,1.4302204350574837e-06,ortT
b1446,516.1639665834309,-0.013745687242551475,0.19429839928840686,-0.07074524181822034,0.9436005132528541,0.9632832654538075,ydcY
b1447,85.0727878225668,-0.7546086400279216,0.2289893325638112,-3.295387743958068,0.0009828596269855507,0.003320078822134428,ydcZ
b1448,230.03876372436682,-0.7124671505230882,0.1808002270982477,-3.9406319447592852,8.126723532763812e-05,0.0003691597839026744,mnaT
b1449,607.7194826461094,-1.3976452837309412,0.2658451178187081,-5.257366752486533,1.461327024234698e-07,1.1619952411274357e-06,curA
b1450,96.31949836624295,0.9627780492317728,0.30237128242629924,3.1840922243217418,0.0014520874080429572,0.004683446949418917,mcbR
b1451,193.10499393088628,0.8319966974434004,0.37938160188487663,2.1930338564384835,0.028304939876558247,0.06150190688822989,pqqU
b1452,394.5701310208454,0.7577092144119367,0.2880690277450277,2.630304341786412,0.008530845960821348,0.021779515352690085,yncE
b1453,51.223470424326024,0.5883658104016396,0.28386008105175503,2.0727317776477534,0.03819724865088952,0.07911624292347849,ansP
b1454,117.31638133131679,-1.1518749694531307,0.326766741481904,-3.52506795590432,0.0004233741676307288,0.0015799694892934546,yncG
b1455,0.5272857540792489,0.9045701089985175,3.007467314709275,0.3007747098611312,0.7635862945426418,,yncH
b1456,7.664444128748087,0.4955998708761629,0.6832305160808226,0.7253772470805974,0.46822062766733885,0.5970393921651458,rhsE
b1457,7.024841555413976,1.0768404481642608,0.7360311605972089,1.4630364933062379,0.14345739352598247,0.23751644977257913,ydcD
b1459,17.58064029138638,1.8665360451776352,0.5334633595726112,3.4989020551908703,0.0004671781592899053,0.0017318028970611367,yncI
b1460,0.14527101049287064,0.7984912879891685,4.426327699496274,0.18039588168766593,0.856841787227373,,ydcC
b1461,117.5845279088753,0.36394685640866686,0.22554502460490333,1.6136328302794876,0.10660709135045472,0.1879338561499654,pptA
b1462,104.03997738999851,-0.8810876028492979,0.23451966787741424,-3.756988106045976,0.00017197066681444252,0.0007103358085379733,yddH
b1463,99.3555341365756,-0.03148522097216373,0.25924798867816945,-0.12144827480705934,0.9033359820628243,0.9387295809555789,nhoA
b1464,871.5924866465076,-0.1070890619704325,0.18304289021705294,-0.5850490114281187,0.5585147620172417,0.6755087339372994,yddE
b1465,279.89215635271296,0.2107752934111688,0.597283441600861,0.35288989905067697,0.7241709836899946,0.812074990166276,narV
b1466,276.05015753340587,0.1090968565112661,0.5317755196591777,0.20515584579972354,0.8374503655937059,0.8930631525176977,narW
b1467,689.1034224547442,-0.23795460066749802,0.4823614490980843,-0.49331181236067617,0.6217922832398675,0.7278439853072594,narY
b1468,1115.7485100296396,-0.6165767596938139,0.321166794163453,-1.9198023298137616,0.05488287248470886,0.10810900277174802,narZ
b1469,167.4562464016324,0.7396251147311886,0.22602108431870527,3.27237220793201,0.0010664907281387574,0.0035778513092297884,narU
b1471,0.8748891892228605,-0.580288568174352,2.1695526777804406,-0.26746922262704215,0.7891079079940542,,yddK
b1472,0.14527101049287064,0.7984912879891685,4.426327699496274,0.18039588168766593,0.856841787227373,,yddL
b1473,35.43121354095572,0.3272768512495869,0.3785613041268931,0.8645280108710853,0.3872978997000316,0.5204909008391075,yddG
b1474,522.7512789047181,1.438450294163707,1.3605255019753433,1.057275510143121,0.29038586670815447,0.41479371022836103,fdnG
b1475,231.01912385296384,2.3505153728078727,1.5582813436298748,1.508402434782772,0.13145156025281562,0.2214743295898873,fdnH
b1476,275.3201314837734,2.0121421688985075,1.355557348794301,1.4843652101389921,,,fdnI
b1477,614.1987259124745,-0.28619839599303526,0.22338136565218566,-1.2812098052917198,0.2001199829796253,0.30893475404778054,yddM
b1478,5404.089724963338,-1.3902131754983107,0.31397520975576015,-4.427780067667607,9.52079068056721e-06,5.196599880230566e-05,adhP
b1479,2600.4491862909076,0.6335967806064197,0.2994145110340231,2.1161191500649164,0.03433467517025368,0.072600819248166,maeA
b1480,9546.185577811815,-1.6473418122034331,0.2229888020406223,-7.387553980864626,1.4955442382792878e-13,2.984554545420462e-12,sra
b1481,60.64991095136,1.4729458461789164,0.38969856186539764,3.779705624594205,0.000157013881268612,0.0006559797417634795,bdm
b1482,7688.758399962535,-0.9775969707526225,0.16936233893540834,-5.772221716455274,7.823308094110223e-09,7.9411406357746e-08,osmC
b1483,174.1022541547663,-0.06293616905904306,0.46322125606796893,-0.13586632356484168,0.8919269584591563,0.9304013514908884,ddpF
b1484,165.32529755525672,-0.34758190327304467,0.5426944269633521,-0.6404744290777776,0.5218642082384357,0.6456957478570489,ddpD
b1485,97.3565431022022,-0.07524251013813764,0.5378283101776323,-0.13990061273138776,0.88873851716134,0.9282530599721212,ddpC
b1486,78.53941532304998,0.2719923640459388,0.5376698643465619,0.5058724360095856,0.6129462035984707,0.7203607327024908,ddpB
b1487,170.98836315667654,0.21060819866206865,0.5090264110720712,0.41374709461244313,0.6790593331561363,0.7765265420319545,ddpA
b1488,40.55366447426798,1.234360174828186,0.543705286513282,2.270274366364897,0.023190941344423687,0.051757850090622025,ddpX
b1489,446.55842917980175,-1.7467236578531042,0.2780276354562422,-6.282554088505403,3.330553370811427e-10,4.319212904544409e-09,dosP
b1490,480.6976587961355,-1.0514179646832469,0.35600456483057497,-2.953383379181174,0.00314311343972215,0.009164070461487773,dosC
b1491,451.99926284110825,0.13996438963764746,0.15604686905140538,0.8969381474199268,0.36975192290400705,0.5016667178410472,digH
b1492,41960.35940307034,-2.7645526354700296,0.3584130067965991,-7.71331559693905,1.2259043677774958e-14,2.784360693885793e-13,gadC
b1493,1272.059595559798,-3.509761883591617,0.3300147188926268,-10.635167714242312,2.0446055429632463e-26,1.787558329324808e-24,gadB
b1494,28.84167751454144,0.587139837892562,0.41602383596699455,1.41131297568042,0.15815235013184648,0.2568804075037617,pqqL
b1495,10.76473705583175,-0.0018907095897958339,0.5204403309206811,-0.0036329036730321958,0.9971013686244226,0.9983155690245985,yddB
b1496,0.8511508771036708,0.5155556962719006,1.9587891471111438,0.26320122154661263,0.7923954893305714,,yddA
b1497,4.806649293675365,1.3308690001543468,0.8724946328259163,1.5253606728144622,0.1271691621945105,0.21558450547696192,ydeM
b1498,75.92793017444876,1.1590223438034841,0.29982505185881037,3.8656621140159944,0.00011078822985355947,0.00048400681501379705,ydeN
b1499,5.582883164123246,2.820652968030507,0.9364374570506359,3.0121103623025896,0.002594382571486188,0.00774546605038469,ydeO
b1500,0.14387325273848497,0.798491287989169,4.426327699496274,0.18039588168766607,0.8568417872273729,,safA
b1501,70.29089283728169,1.0517002176957404,0.2890777321424634,3.638122555830212,0.0002746327407656059,0.0010835078668785085,ydeP
b1502,2.4220849522033316,0.7965962222172146,1.125134598995398,0.7080008231268274,0.4789447463177172,0.6071359395967115,ydeQ
b1503,1.3523197378585239,0.5569915819385609,1.6743089222414012,0.3326695417670683,0.7393837433658396,,ydeR
b1504,0.8391806368455589,3.100183041755318,2.876653868769732,1.077704577325872,0.28116561511073235,,ydeS
b1505,2.5973565779334558,2.049478517361245,1.4537612178865853,1.4097765796371207,0.1586056641947976,0.25721021124450216,ydeT
b1506,1.5519597945242982,1.0490953874780922,1.4212957069673764,0.7381260509936745,0.46043785452318453,,yneL
b1507,128.0820869021127,-0.9202893121020463,0.22458498228123816,-4.097733084172153,4.172159734348753e-05,0.00020343678844636146,hipA
b1508,13.713941449406613,-0.8844397491307534,0.5366318739371193,-1.6481312275431275,0.09932574548154889,0.17714886753780804,hipB
b1511,1695.6272696013014,-1.2758083578263824,0.26730947701255664,-4.772776379217009,1.817035059030689e-06,1.1509755204430143e-05,lsrK
b1512,967.7007873497324,-2.0019564732430797,0.2408685397696547,-8.311407023754839,9.457393230409477e-17,2.626982673663065e-15,lsrR
b1513,1445.2623039839075,-3.3006909837134377,0.20555035152144552,-16.05782213108533,5.039369044691179e-58,2.3018717936361597e-55,lsrA
b1514,677.2423032647598,-2.7184223160863654,0.2287286046292017,-11.88492502060805,1.4176222801657144e-32,2.1584611828745378e-30,lsrC
b1515,369.78783033362197,-1.9488629613992139,0.18592301848853113,-10.482096177453313,1.0440362376312482e-25,8.253909563273194e-24,lsrD
b1516,1154.933720056794,-1.3674055265517773,0.2309154470445756,-5.921671954184231,3.1868484468074504e-09,3.4751018474338004e-08,lsrB
b1517,1070.3863545179534,-0.9820706003820224,0.2661976456121778,-3.6892535173387553,0.00022491301260065176,0.0009064876419620385,lsrF
b1518,350.24926135716186,-0.72636415423627,0.37910167732975586,-1.9160140871770743,0.05536330261483384,0.10884674177407073,lsrG
b1519,859.1165309340836,-0.7495564447984924,0.17088682606995909,-4.386274015596923,1.1530884474434322e-05,6.237298167684145e-05,tam
b1520,34.61828920769734,1.6113071244283408,0.36285725164027566,4.440608854155506,8.97047146266168e-06,4.943379113002971e-05,yneE
b1521,232.26080493459173,0.06370632704460427,0.2518019211461865,0.25300175135526004,0.8002668598325082,0.8677880104993757,uxaB
b1522,299.9560633676081,0.4872422530728485,0.2782165970316559,1.7513054874199663,0.07989330301081826,0.1482136140241308,dgcF
b1523,17.03242104955697,0.9658555210374843,0.4842932384525647,1.9943609457022955,0.04611262328067164,0.09338374103785275,yneG
b1524,169.98303317064014,1.0695789895457861,0.24996808660608386,4.278862170238952,1.878511361690691e-05,9.86278442900438e-05,glsB
b1525,208.90899433913276,0.32998764251212764,0.2582891941563062,1.2775898100964782,0.20139409535460906,0.31055181020360006,sad
b1526,119.88647891610823,0.17875943902574637,0.21308758308401626,0.8389012463258594,0.40152472836483044,0.5329893956434671,ptrR
b1527,3.414690517414972,3.1538907321124228,1.345741749586069,2.3436077041397536,0.019098247230264292,0.043733458619383665,yneK
b1528,101.4306832937093,-0.5589851693369098,0.26272465710563503,-2.1276463941188277,0.033366412552522665,0.07107218756653921,ydeA
b1529,387.8598920828885,-0.40659467732118587,0.17175577157592903,-2.3672839264178105,0.017919180000945903,0.04138525223813967,marC
b1530,82.37087365068741,2.8020447083299014,0.283830687288228,9.872240155217765,5.49240603375729e-23,3.225611600682317e-21,marR
b1531,117.79087979825017,1.852171016620639,0.2744390246011585,6.7489345559087095,1.4893474298598635e-11,2.336911177157977e-10,marA
b1532,36.497526111922305,1.7106323932089744,0.3859295926368736,4.432498636658142,9.314729170115627e-06,5.105713549112713e-05,marB
b1533,234.30061739002198,-0.19047554090993662,0.24805682501213938,-0.7678705913478299,0.4425640707234221,0.5721323568377321,eamA
b1534,150.6656099051071,0.104964289562507,0.22729190700867077,0.46180390205667465,0.6442219523973778,0.7468687101820699,ydeE
b1535,1047.4378939691037,3.753957311874263,0.18688538234741123,20.08694989796383,9.598005706735156e-90,1.9728700730194113e-86,dgcZ
b1536,370.66956152420795,-1.4178633922340156,0.3320906075813157,-4.269507658047322,1.9590492349410293e-05,0.00010259428541200729,ydeI
b1537,83.86900559641897,-0.4499820697525491,0.2925462778410408,-1.5381568792239197,0.12401026141907545,0.21184931974924157,ydeJ
b1538,1121.3704125880395,-0.5722211900972135,0.23691369470015078,-2.4153149560283707,0.015721608613678918,0.03710191332424456,dcp
b1539,1137.0434742641492,-0.16950431450648018,0.14578304101458328,-1.1627162756847962,0.24494463590458082,0.36284277908496265,ydfG
b1540,592.6557004665387,0.6837856865456798,0.17168992477508177,3.982678001877261,6.814305210072502e-05,0.00031600607461947176,rspR
b1541,60.18863042747318,-0.023301970991241514,0.32344564316168056,-0.0720429274095789,0.9425677454521412,0.9624679586571666,ydfZ
b1542,25.19298596396607,0.17894039307692255,0.3879010728362549,0.461304197404112,0.6445803739438414,0.7470735599896059,ydfI
b1544,0.0,,,,,,ydfK
b1545,0.32815054911280983,1.7478783839918184,3.59122751938577,0.4867077829395697,0.6264654289600498,,pinQ
b1546,0.0,,,,,,tfaQ
b1547,5.1356184812672705,0.9575056833496768,0.9250474256164033,1.0350882093549365,0.3006277183956515,0.42645981722723375,stfQ
b1548,0.18287953861993922,0.7984912879891685,4.426327699496274,0.18039588168766593,0.856841787227373,,nohA
b1549,1.2827706353191257,1.4385918932384822,1.5949391029455346,0.9019729283592645,0.3670712487015526,,ydfO
b1550,117.54841285062611,1.7501454333752189,0.24798386711922843,7.057497141673997,1.695282517912415e-12,3.056713346990324e-11,gnsB
b1551,194.93832422081064,3.475434051833662,0.29330455171582515,11.849233267954588,2.1716868782805432e-32,2.9759349188704376e-30,ynfN
b1552,4442.050407137909,2.9857266648295555,0.21927533826976184,13.61633591989441,3.20235867151415e-42,8.228060311621668e-40,cspI
b1553,0.0,,,,,,rzpQ
b1554,4.00458069425216,1.48197892800912,0.9806342968202879,1.5112452550501698,0.13072597618072498,0.22061350085343204,rrrQ
b1555,3.5044257723254373,2.0474035054183215,1.1166013911754866,1.8336028609662984,0.06671296724142176,0.12742966643889012,ydfR
b1556,3.434271304266854,0.6000836319600107,1.0091972988833995,0.5946147820886538,0.5521009967834977,0.6703151794970346,essQ
b1557,2888.257869293691,1.5890407623411043,0.2692886445608409,5.900882916665612,3.6156143030458294e-09,3.9012573227877703e-08,cspB
b1558,147.55251927337537,3.2073073756513835,0.2624103415042905,12.222488478408323,2.357558382677386e-34,4.0383010463278057e-32,cspF
b1559,15.490396706751945,0.8508808908939702,0.6439282822357314,1.3213907734254122,0.18637110089846598,0.2923203341448278,ydfT
b1560,14.235895204499542,2.8683208076904,0.6814143912326796,4.209363413211165,2.56091198803233e-05,0.00013094414406468794,ydfU
b1561,27.36181801693377,-0.2827525378804734,0.34391440394355444,-0.8221596264600788,0.41098605347308537,0.5420480159858371,rem
b1562,270.9986786392548,-1.1428134564305399,0.1811324047400978,-6.30927115482364,2.803525660918164e-10,3.6940044846264654e-09,hokD
b1563,281.13177293920927,-1.031797405755956,0.23019840571621375,-4.482209173194471,7.387428034918517e-06,4.165941927510291e-05,relE
b1564,160.3129121506633,-0.324636055763165,0.19333212355652685,-1.6791625198708753,0.09312037432545187,0.1685190256788344,relB
b1565,10.116143243558463,1.1136513556392769,0.5999153870430581,1.8563473778000399,0.0634040601077922,0.12180097715099708,ydfV
b1566,15.975926326715337,2.143932533287256,0.6019738743202397,3.5615042857270596,0.0003687360883397392,0.001400992660965497,flxA
b1567,1.7235803484119556,0.560352372625558,1.3822265002182914,0.40539837178426485,0.6851847076161366,0.7811409686660947,ydfW
b1568,0.3299500110427261,-0.1633004303968976,3.434543108414836,-0.04754647859763407,0.9620776876350874,,ydfX
b1569,0.16152667683937053,-1.1250828641289559,4.426305747061774,-0.25418100972256535,0.7993557209679235,,dicC
b1570,532.9146513298248,0.3058484396838804,0.17427695018772932,1.7549563459449093,0.07926677503680087,0.1472029696974377,dicA
b1571,1.97288031017228,-1.14956674133414,1.3638246031049688,-0.8428992545793381,0.39928479047626375,0.5312062218001445,ydfA
b1572,0.0,,,,,,ydfB
b1573,9.067585785798444,-0.48478379913252995,0.6377760242197131,-0.7601160606901749,0.4471852132595231,0.5762941729498117,ydfC
b1574,6.942021961371399,-0.9245967735493174,0.7112750044644739,-1.2999146149462337,0.19363023542833235,0.30129443444443993,dicF
b1575,0.0,,,,,,dicB
b1576,0.0,,,,,,ydfD
b1577,5.029254039088179,-2.800613852437219,1.1042002196841412,-2.5363279254176754,0.011202178073210542,0.02773634406634885,ydfE
b1578,0.0,,,,,,insD7
b1579,10.792693746700662,1.2733397987997326,0.5826062419990362,2.1855924413556815,0.02884543611416439,0.06261013086870633,intQ
b1580,11.387418096007053,0.2805037587294176,0.6472783621791744,0.43335877594463873,0.6647541443190065,0.7642070154629294,rspB
b1581,9.719897380883447,-0.5567289949612514,0.5615725817481542,-0.9913749585639938,0.32150252321628914,0.44909849573298155,rspA
b1582,43.25456508721579,0.8679100753754622,0.3268444537668024,2.6554223740773657,0.007920916150678848,0.020377275529061795,ynfA
b1583,240.74705693064269,0.8214822960185919,0.23616274352046804,3.4784584722077243,0.0005043065712604751,0.0018593760667729264,ynfB
b1584,175.10074999864082,1.2923039532436646,0.23642798368796075,5.465951758693912,4.604295555561989e-08,4.088176896094025e-07,speG
b1585,164.14502026298416,0.26031279119472295,0.2197795539113338,1.1844267883978943,0.23624416121702263,0.35252259410641745,ynfC
b1586,358.5302273085096,-0.4968601888859961,0.17727166352068258,-2.802817884247059,0.005065826591730743,0.013837616690103048,ynfD
b1587,274.6482001398526,0.4017563107832481,0.25889406050690195,1.551817411325037,0.12070591863437435,0.2077951490195414,ynfE
b1588,310.7955529162836,0.6358407358180125,0.23892029377906837,2.661309032233067,0.007783748069885701,0.020087249413245523,ynfF
b1589,48.60594097132016,0.1746909358134845,0.2982840275014418,0.5856530008555021,0.5581087237414054,0.6752162929078627,ynfG
b1590,120.85628399314612,-0.05889920220827749,0.21075460847589397,-0.27946815794072827,0.7798855711729057,0.8535968006101744,ynfH
b1591,240.0054150351955,0.7795231864793747,0.20555796508887011,3.792230508520352,0.00014930023227589597,0.0006308049896055583,dmsD
b1592,62.67311737963676,0.8592814429585669,0.2631267864267796,3.265655521535735,0.0010921101632505442,0.0036501340496934856,clcB
b1593,587.3986660249658,-0.2579602769491882,0.23348061119935654,-1.1048466749512225,0.26922603190216343,0.3902638283320853,bidA
b1594,505.48035504620117,-0.630751540595065,0.2540957670502795,-2.482337852051878,0.013052345638153811,0.03147108089058669,mlc
b1595,51.13548432484824,-0.6063284079798591,0.31019771132257007,-1.9546514556625696,0.0506242234953945,0.10073387356707009,ynfL
b1596,226.43344448590037,-0.41974905680324265,0.21445024697403134,-1.9573260591957806,0.050309145593291076,0.1003011142260037,ynfM
b1597,17674.923113730372,-9.511085963390016,0.23234588153899496,-40.93503142982871,0.0,0.0,asr
b1598,2331.0765931555993,-2.5047893982700473,0.13356006168031445,-18.754029960434128,1.7946213842958685e-78,1.475537702168063e-75,ydgD
b1599,42.49962722733435,2.9262678162379148,0.49275824598165646,5.93854662017538,2.875598840170396e-09,3.169326228402278e-08,mdtI
b1600,106.59001662302533,2.616887899861014,0.2878153764729601,9.092244938160444,9.701484277356366e-20,3.836507445706559e-18,mdtJ
b1601,217.99246004766576,1.443580036712926,0.2602396375954155,5.547118225537971,2.904163789933705e-08,2.647232226256643e-07,tqsA
b1602,1217.0004384984516,-1.1407670060814312,0.20959736898268008,-5.442658997192362,5.2491072184245296e-08,4.5912935691368597e-07,pntB
b1603,1293.503898768223,-0.4988908558691978,0.15510147018561027,-3.216544983565752,0.0012974419202009385,0.004250026879638293,pntA
b1604,1292.0166024947582,0.4836859891451472,0.15004013582720932,3.223710685667296,0.0012654117466284387,0.0041550380913654246,ydgH
b1605,72.51870310666762,-0.09112050655202439,0.26314490046704,-0.3462750233437932,0.7291360373554399,0.8155098416171753,ydgI
b1606,115.77145046161195,-0.4583370520340759,0.21105541447803786,-2.1716431827517497,0.029882587181116176,0.06457325446616681,folM
b1607,152.26609457571044,0.7942751992153605,0.23237612863556886,3.4180584893941814,0.0006306955183421908,0.0022487331100648276,ydgC
b1608,115.46805067259402,0.2536282577571203,0.2440116463488916,1.0394104607387415,0.29861388103818776,0.4240420258887702,rstA
b1609,198.34361492896673,-0.21757557422775958,0.2319716243110112,-0.9379404695466097,0.348275004065693,0.47949046942868856,rstB
b1610,201.45518522011812,-1.0139598711117055,0.2289753318501383,-4.428249379174742,9.500102270486871e-06,5.1934734619642984e-05,tus
b1611,4419.1424821380615,0.5245285494932236,0.4548807213347709,1.1531122883249105,0.2488642984978775,0.36682722521504996,fumC
b1612,4431.942241109907,0.6914587263792514,0.4102760143165759,1.685350111268533,0.09192104283515537,0.16691139889369422,fumA
b1613,1714.7213531176394,0.2524056095990788,0.16410836387357483,1.5380423254571356,0.12403826627011054,0.21184931974924157,manA
b1614,4139.130908095715,-1.1718597687014338,0.24700857827326436,-4.744206767608739,2.093249557425876e-06,1.3097943577743951e-05,ydgA
b1615,15.271761842873445,-0.39042579835518515,0.4982760996179381,-0.7835531317969113,0.43330236587915383,0.5630009015638291,uidC
b1616,34.007605329984884,-1.2381695732027793,0.362688157057874,-3.4138682201448476,0.0006404754637585959,0.0022717813904327764,uidB
b1617,227.2708179760292,-1.5473716388924534,0.20364138933924553,-7.598512482718786,2.99553967147165e-14,6.481401889168397e-13,uidA
b1618,1388.933698739473,-0.5043640685648636,0.14056704857505573,-3.5880675711531254,0.00033313796230030385,0.0012823316133113757,uidR
b1619,890.5212585821196,-1.3413543217539294,0.2698991915087439,-4.969834530647247,6.701006319647218e-07,4.645503706588485e-06,hdhA
b1620,533.8313511357497,-0.8288526174991151,0.24044374473578667,-3.4471789582627976,0.000566473215360782,0.002055402814076059,malI
b1621,108.06284442334915,0.20915735971099145,0.2383092961728462,0.877671845244716,0.3801218277684336,0.5135329720525897,malX
b1622,433.34775303869895,0.00840367239652795,0.1736088744375529,0.04840577662722392,0.9613928556208311,0.9761141095226566,malY
b1623,1247.6224377150554,0.4178137282127107,0.15326949151421543,2.726007140005154,0.006410561160339631,0.017079596195823863,add
b1624,1274.7565803992254,0.22497351533112292,0.13783498423036952,1.6321945882412192,0.10263850047417966,0.18242407066552208,ydgJ
b1625,41.27038710963199,-0.6038825105551658,0.3703479246028654,-1.6305815975686275,0.1029786347838638,0.18284176539573418,cnu
b1626,160.25073299568294,0.48695283557051044,0.20299890119346387,2.3987954255300634,0.01644910165693604,0.0385751608166937,ydgK
b1627,155.21235786154492,1.897842579787852,0.2957203097087388,6.417694414215505,1.3835361841830032e-10,1.8896070608559224e-09,rsxA
b1628,114.31091193166738,0.9459037555888824,0.251784234520192,3.7568029523032944,0.00017209789961172985,0.0007103358085379733,rsxB
b1629,235.67957238917188,0.9161414988298584,0.22523652646618655,4.067464159581565,4.7527515587392666e-05,0.0002282542249763683,rsxC
b1630,105.82704822867116,0.10459943172076411,0.3218623332155915,0.3249818973091852,0.7451947725681662,0.8267281860102943,rsxD
b1631,95.98696421094026,0.33940001281274473,0.2611136485215678,1.2998172050156562,0.19366362725360664,0.30129443444443993,rsxG
b1632,87.70884717594924,-0.0416109213778904,0.2609509772299475,-0.15945876815484486,0.8733074408572685,0.9172628741349594,rsxE
b1633,99.72124073498419,0.6095407134075717,0.21780007618347763,2.7986248861276177,0.005132071911733608,0.014009261373928859,nth
b1634,578.6330469623863,-0.182983915611567,0.2197618543083181,-0.8326463943776476,0.40504418527489927,0.5363254410191403,dtpA
b1635,1620.195849265956,-0.11808877687343929,0.19881389691247414,-0.5939664113390761,0.5525345786621623,0.6706435349513283,gstA
b1636,319.5368661987514,0.5864834660818382,0.20024986240168768,2.9287583973735374,0.0034031883380745602,0.009798539743204885,pdxY
b1637,2456.303048839338,0.2565523032640033,0.14410270082102614,1.780343475884177,0.07501976614278287,0.14079186441823097,tyrS
b1638,628.8872890153657,0.6790875410027826,0.1783368779587647,3.807891832444225,0.00014015655109168837,0.0005977008107239947,pdxH
b1639,265.88682518990623,0.24612982038472636,0.22487580616699843,1.0945144548006385,0.2737294112835822,0.3951199472566034,mliC
b1640,364.56656383838714,0.2631549016939373,0.18211186162815596,1.445017910097798,0.1484528549940103,0.24392073816162124,anmK
b1641,4167.629289364563,-0.3146364408957538,0.16460950463617743,-1.9114111399045175,0.055951766232557695,0.1097412743234946,slyB
b1642,1521.645261313359,0.29149095682461834,0.17157708694779186,1.6988920957337055,0.08933951659500892,0.1627269617731864,slyA
b1643,31.76625326430042,1.1428217121434308,0.3897242059113767,2.9323857610304773,0.0033636864744986832,0.00970394041871164,ydhI
b1644,65.26464530748869,0.7695490565104414,0.29611312339681,2.5988346875096036,0.009354080853231198,0.023635295874390568,ydhJ
b1645,97.53269566284466,0.1782037844228631,0.24622669462685706,0.7237386859817173,0.46922617796223387,0.5979506564174655,ydhK
b1646,1266.2886076972852,-0.998445519583961,0.30012973865456233,-3.3267130543605776,0.0008787681329042836,0.003009163114901679,sodC
b1647,777.4191599923643,-0.40506467388241013,0.15965955853872202,-2.537052448282765,0.011179020461287003,0.027701599226251275,ydhF
b1648,81.33676079702855,-1.2467251643156578,0.2899327402759505,-4.300049601604348,1.707598853446982e-05,9.034670381622319e-05,ydhL
b1649,37.44351835103607,0.34822481862876964,0.3263621482652716,1.0669889890102322,0.2859768081485463,0.40993832285292087,nemR
b1650,355.4399067640052,0.7858725520697548,0.2559242286616474,3.070723534772247,0.0021354077524052217,0.006517194706858105,nemA
b1651,249.3281441630861,0.004903080492924577,0.2246188205881528,0.021828449103624147,0.9825848004874275,0.9898079183542793,gloA
b1652,231.93215644640748,1.4554886141800223,0.18573915781669362,7.836196908012512,4.643974257895441e-15,1.1500830225426602e-13,rnt
b1653,1107.8668662058221,-0.14761807945982255,0.21503367507257137,-0.6864881949769178,0.4924053060007938,0.619045325067053,lhr
b1654,1732.5320225048642,0.891336069838305,0.2552201117951143,3.492420967803087,0.00047866322048358944,0.001771183167784011,grxD
b1655,121.25937488151898,1.4239610010791797,0.3053733404490743,4.6630167485646865,3.1160738178396103e-06,1.8838499213439174e-05,mepH
b1656,9640.937353597763,-0.2029194539197415,0.34644136677837095,-0.5857252435144538,0.5580601674637673,0.6752162929078627,sodB
b1657,307.64293405521244,0.6115494222678557,0.16764905183420503,3.647795293662871,0.0002645002385745165,0.0010495757536484916,ydhP
b1658,833.5086373006458,0.7624361330237029,0.1562790345992188,4.878684687162217,1.0679563454689174e-06,7.047140507580609e-06,purR
b1659,222.63074711217678,-0.04457534181015989,0.1913243801821175,-0.23298307182665162,0.8157745508202795,0.8767710270384756,punR
b1660,173.03660298476052,2.340679468929763,0.4390697145095895,5.330997314501959,9.767486350335781e-08,7.951314135887207e-07,punC
b1661,4623.196624034428,-1.4265164909422248,0.20223892945241007,-7.05361967057834,1.7432244855717074e-12,3.115824287037082e-11,cfa
b1662,725.6037723429067,0.9274224022738122,0.1487520184759504,6.234687850126577,4.52679825084637e-10,5.691029849917256e-09,ribC
b1663,714.4863034024002,0.46009220814282953,0.175879746525271,2.6159476416843823,0.008898020083856857,0.022621991691240285,mdtK
b1664,1690.926796684941,-0.6218043536449807,0.17629837762115183,-3.5269998625919188,0.00042029698152926055,0.0015750600647828534,ydhQ
b1665,0.0,,,,,,valV
b1666,0.32815054911280983,1.7478783839918184,3.59122751938577,0.4867077829395697,0.6264654289600498,,valW
b1667,1199.773832350813,-0.15718662434863753,0.18129757663421217,-0.8670089654081745,0.38593709743618976,0.5191712721073874,ydhR
b1668,1092.3598601120523,-1.5818247206093214,0.2963981499015406,-5.336823867270366,9.458884276988831e-08,7.731876430144347e-07,ydhS
b1669,50.26150309365868,0.68605751666954,0.34022497136889457,2.0164819587145195,0.04374960289233568,0.08913700197652145,ydhT
b1670,25.58554739709632,-0.3402024374472668,0.3974956835820797,-0.8558644823045423,0.3920727429111628,0.5239957887216483,ydhU
b1671,21.061491143265993,0.7828711589752501,0.5258415860217385,1.488796587767187,0.1365409411452223,0.2274663836022844,ydhX
b1672,36.60361012570762,-0.1672084034617376,0.336282621354732,-0.4972258238862593,0.6190298127671173,0.7248277986382783,ydhW
b1673,34.33791113274927,0.53074064906771,0.3334106356583204,1.5918527854390752,0.11141778640717351,0.1945788105012278,ydhV
b1674,13.939722256432546,2.237533744583616,0.5688133539741981,3.933687085491865,8.36526721378834e-05,0.00037874023695907337,ydhY
b1675,53.35476945649307,-0.8908792099506407,0.34253156933532364,-2.6008674519530444,0.009298837458163036,0.023539113787258766,fumD
b1676,6218.043336256972,-0.5442728279584329,0.19836203207738756,-2.7438357142161864,0.006072592017117992,0.016263469565063235,pykF
b1677,80336.16480212628,0.21669615220761512,0.26249215209168575,0.8255338320816747,0.4090685832913916,0.5399478133173751,lpp
b1678,1921.8549780527508,-1.2705663047207119,0.22793555518472833,-5.574234803740877,2.4862021988815722e-08,2.3071731917837797e-07,ldtE
b1679,226.67611102256305,-1.522015457369638,0.28386890258464287,-5.361684367366762,8.244951266309972e-08,6.889226556056971e-07,sufE
b1680,1403.6390112206525,-1.7519080897064825,0.2912356894397502,-6.015430639962521,1.7940910932309688e-09,2.04307714245776e-08,sufS
b1681,1764.4731791961613,-2.1173431902940303,0.33715955561740485,-6.279944183746364,3.386946022794182e-10,4.3648072412874235e-09,sufD
b1682,964.4936220822184,-2.200340714306386,0.32771285033892494,-6.7142338545185645,1.890569010194489e-11,2.900048209294606e-10,sufC
b1683,2707.4966403572844,-2.6477752690322527,0.31276446041349826,-8.46571655082452,2.5458262213147825e-17,7.695508526341964e-16,sufB
b1684,922.484556129774,-2.803235124351788,0.3248413038516332,-8.629552618813916,6.159241155899515e-18,1.9477415686079158e-16,sufA
b1685,464.3187825353038,0.5839447150243519,0.3519442848360213,1.6591964699651958,0.09707620870834335,0.17396699825632064,ydiH
b1686,256.1217199791466,-1.4211143203663257,0.21117651659942965,-6.729509243028038,1.702362733401936e-11,2.6409106403831543e-10,menI
b1687,1754.7043945061796,-0.7997975092461878,0.1618359829873199,-4.94202521888382,7.731521190571595e-07,5.288566325197975e-06,ydiJ
b1688,714.8667737484076,-0.8573109046124544,0.15034120259711892,-5.702434793673013,1.181080977827026e-08,1.1625036700959808e-07,ydiK
b1689,7.693444564841326,0.08123921843175948,0.6972498443954332,0.11651378495781499,0.907245361688744,0.9411268437805771,ydiL
b1690,1.8971515330853927,-0.28590349971244083,1.5608463283336549,-0.18317209998351908,0.8546629849679028,0.9032183884840742,ydiM
b1691,1.0099082846781662,3.4036762219887677,2.766988145369356,1.2301014833348418,0.21865910467390204,,ydiN
b1692,5.914080560316669,0.07611888928114142,0.7745057843426388,0.09828059495481659,0.9217094865588639,0.9488705630093099,ydiB
b1693,146.73655543102362,-0.008219752984217121,0.2376119499927371,-0.03459318011770186,0.9724041397244028,0.984376611279739,aroD
b1694,5.4454246339803225,-0.25842497577730283,1.001211040474523,-0.258112391224554,0.7963201687104859,0.865135362993871,ydiF
b1695,9.466223988277367,0.556749668673839,0.5990251359755414,0.9294262214341728,0.3526682439690484,0.48456522425025333,ydiO
b1696,37.388885591176226,0.8618193682212406,0.3503663956311664,2.4597660590957044,0.013902760633399873,0.033248545063354784,ydiP
b1697,6.51564404281762,-0.24904353536741397,0.7210190852219432,-0.3454049143383683,0.7297899831564505,0.8159278272385553,ydiQ
b1698,25.999113962959452,-1.2651771166973584,0.36628028372940563,-3.4541229023182276,0.0005520857144285975,0.00201386368413129,ydiR
b1699,25.226764403425406,-0.08712001368530045,0.4216342582227132,-0.20662460885538958,0.8363030398933966,0.892302568648262,ydiS
b1700,1.946863930667735,0.8141043268326846,1.2197033842064773,0.6674609067862265,0.5044777726215015,0.6290288514549568,ydiT
b1701,17.52557577265745,-0.49839092830737564,0.44908682457869,-1.1097874643170398,0.2670906223839077,0.3875783793223595,fadK
b1702,9900.837499487883,-0.04609188746894279,0.1356423796772463,-0.3398044739307578,0.73400377848383,0.8182114007845888,ppsA
b1703,479.98723896449815,-0.1088600255852076,0.16375198815936362,-0.6647859779220813,0.5061873924929996,0.6300140389157497,ppsR
b1704,319.34415465262595,0.6648552171282518,0.1680536688838368,3.956207689745932,7.614896388932403e-05,0.0003482184544482882,aroH
b1705,7.331362805687813,0.8424371064394813,0.6489167776464939,1.2982205661176636,0.19421155295577863,0.30196811429697656,ydiE
b1706,2302.2071035775275,0.23395522828187099,0.19784166290705849,1.1825377164959325,0.23699240924878862,0.3533825877481937,selO
b1707,211.32049644013242,1.6690901028446514,0.24411003674064907,6.837449721979069,8.06153670415328e-12,1.3256390956309651e-10,rflP
b1708,265.29476424547414,-0.37012948380323507,0.18694213591417072,-1.9799147045862884,0.047713113821039856,0.09615127986190923,nlpC
b1709,150.75923733690027,-0.04659483870913545,0.26305221914692206,-0.1771315173095382,0.8594050861068907,0.906891117601836,btuD
b1710,336.3215909270214,0.015165128789220689,0.20051115009048093,0.07563234654221175,0.9397116013388259,0.9602670626656508,btuE
b1711,171.48982081632062,0.29410953460801875,0.20190233340747543,1.4566921027824504,0.14520139069216928,0.2394550719261789,btuC
b1712,3088.4322439033713,-0.6104283440280223,0.1910875363222402,-3.194495861826526,0.001400752933416424,0.004541400086178958,ihfA
b1713,3684.558775478044,-0.6543424473286464,0.2055094415226894,-3.1840018759255075,0.0014525407104133104,0.004683446949418917,pheT
b1714,669.267007199653,0.10835129144436345,0.19059333655954414,0.5684946462465278,0.5696991399847776,0.6846048419986615,pheS
b1715,16.514876610107994,0.27606859486256935,0.45816391923311994,0.6025542022703493,0.5468052949725983,0.6664442833182187,pheM
b1716,9907.63704655144,0.057946129727539764,0.15456126960472683,0.3749071800181929,0.7077294990219638,0.8004060441483614,rplT
b1717,2797.064235239253,-0.10649542112732917,0.15506196311418233,-0.6867926794458907,0.49221338358976263,0.619045325067053,rpmI
b1718,15625.11077378331,0.2971966267111063,0.12012288482085244,2.4741049730393687,0.013357044373338366,0.0321115844554351,infC
b1719,20263.58428120965,0.6918351854393079,0.12963491941678318,5.336796509395905,9.460310981178805e-08,7.731876430144347e-07,thrS
b1722,42.92543839670961,2.35851054221353,0.3746832655386261,6.294678089834228,3.080384403352953e-10,4.045833955969326e-09,ydiY
b1723,2039.6730174681031,-0.5835424774941719,0.2195809640271172,-2.657527623487923,0.007871613922309433,0.020263121374210446,pfkB
b1724,467.97866750641634,-1.1295651611948117,0.19449725270367096,-5.8076149945201365,6.336902714210201e-09,6.595191660283072e-08,ydiZ
b1725,2608.358773593586,-1.2055609882349918,0.15861636461922388,-7.600483034200628,2.9502744280477367e-14,6.417237128944044e-13,yniA
b1726,796.2998675033608,-0.6712123744671389,0.19102626448814936,-3.513717740676328,0.00044188208747160184,0.0016454504181120972,yniB
b1727,282.02840371557147,0.6887764514355527,0.18866274750338308,3.650834415115266,0.00026138972549119544,0.0010399724787791078,hxpB
b1728,86.33729992021374,1.136606825997519,0.2549761445211478,4.457698692291774,8.28442367302875e-06,4.596122229395573e-05,ydjM
b1729,1183.2680234860602,-1.9226837253485982,0.4935696367208955,-3.895465973397874,9.801012143221275e-05,0.0004340142652608536,tcyP
b1730,5.657100018730666,0.3455723896330095,0.7564645696658163,0.45682561152292056,0.6477963954533179,0.7502986655470628,ydjO
b1731,40.77905353276141,1.2573824553089425,0.32134715067032216,3.9128476872630555,9.12140707837606e-05,0.0004080316049967789,cedA
b1732,2631.3422049289593,-1.3174810351248543,0.3256531913519883,-4.045656760356543,5.217663626272964e-05,0.0002485494225678813,katE
b1733,181.12445475377498,0.7169648445666693,0.2878538920317824,2.4907248587332216,0.012748279964256499,0.030901048899209,chbG
b1734,35.565218445866414,0.5208712495922011,0.3473042613336587,1.4997548477868945,0.1336779172648734,0.22403176431956567,chbF
b1735,125.07722252997797,0.6981730685537251,0.24495038409738318,2.85026321198238,0.00436830627746359,0.01220675509325543,chbR
b1736,30.45135373213223,0.6230161659748301,0.3506700176306577,1.7766450926837445,0.07562665152755034,0.14151168157931698,chbA
b1737,120.80400421340711,-0.12952089993993726,0.31236989733905884,-0.4146395060576214,0.6784058231382826,0.7759950859547801,chbC
b1738,206.43681007157,0.9540278598512427,0.24491782252732974,3.8952978186991074,9.80781445943403e-05,0.0004340142652608536,chbB
b1739,1954.2017028862485,-1.1265236788794377,0.21341409373255588,-5.2785814618746,1.301877871067825e-07,1.0412490132217565e-06,osmE
b1740,710.7637106487932,0.13300194666741727,0.1975966561004058,0.6730981651826856,0.5008848411421293,0.6256875059055891,nadE
b1741,753.0669435303117,1.0370171553112784,0.1626415947823925,6.376088212236008,1.8166831341850713e-10,2.432879027453632e-09,cho
b1742,41.11481370201964,1.7247184458895448,0.3638312638252334,4.740434969101541,2.1325989398282498e-06,1.3283506426718083e-05,ves
b1743,772.4129550792053,0.279790233855588,0.23172833151140143,1.2074062417431326,0.22727573293886705,0.3409965467560885,spy
b1744,3214.7267360825995,-0.4816699609428273,0.8601777794668963,-0.559965593672214,0.5755029061905261,0.6887605378018203,astE
b1745,6571.254231194699,-0.739171757088749,0.9026053162271818,-0.8189313133878138,0.4128256031549181,0.5437763712175163,astB
b1746,7277.994446538866,-0.8808146826250003,0.8820154788479423,-0.998638576927799,0.3179698054032425,0.44522270777000333,astD
b1747,2708.8688402715675,-0.6308016728749848,0.8267318335711332,-0.763006391262554,0.44545958424315546,0.5745067561060375,astA
b1748,2819.3769869939583,-0.05436198100619224,0.49835445667622075,-0.10908296349702565,0.9131366874074905,0.9441410769447167,astC
b1749,441.3036504191814,1.3601770134470914,0.2221723205181996,6.122171341031973,9.230868087605864e-10,1.0904626065559687e-08,xthA
b1750,6.0619754188410875,0.1548667288346524,0.8115345706171292,0.19083195521403903,0.8486572520874344,0.9003432163435982,ydjX
b1751,15.538021504097982,-2.7380731513786385,0.5999853549085689,-4.563566642048938,5.029183579307459e-06,2.9326203822032575e-05,ydjY
b1752,41.41565077294019,-1.4853325204015253,0.3191360814224775,-4.654229361283715,3.251946577854052e-06,1.9573575961285515e-05,ydjZ
b1753,44.11360764888126,0.07459741035705184,0.30736896353334964,0.24269662590366897,0.8082404214609233,0.8728290951524655,ynjA
b1754,106.7747005172642,-0.9422844364444581,0.21443034265966657,-4.394361473086886,1.1109882103876701e-05,6.033385116121151e-05,ynjB
b1755,87.61464875257441,-1.0351497990269956,0.2723078380683329,-3.8013955322403725,0.00014388340216929814,0.0006104279322167024,ynjC
b1756,30.67871528776617,-0.5325601642544007,0.3453114027288098,-1.5422605800036284,0.12301028407819356,0.21079419668422414,ynjD
b1757,201.02723977644715,-0.2115541547189252,0.23083536909770927,-0.916472010099013,0.3594193814818514,0.49137781086527804,ynjE
b1758,232.24571539129553,0.35765557437000745,0.21917814274246097,1.6318031072571886,0.10272097054755946,0.18249175018194339,ynjF
b1759,28.747446323397387,0.45369892851422755,0.34676028025345323,1.3083935916265006,0.19073984510743724,0.29772150080809756,nudG
b1760,61.182993514018385,-0.32380984127047385,0.2517376283611902,-1.2862989270951393,0.1983387567997118,0.3067609590683278,ynjH
b1761,798.839093185091,0.4094910604955831,0.20124159187336754,2.034823202716751,0.041868665530293336,0.08588926347057681,gdhA
b1762,51.6627999720016,0.9841468820157969,0.31201087362084434,3.1542070011692362,0.0016093488954422943,0.005116808437094565,ynjI
b1763,1920.4640389493234,0.6219109666857308,0.17365946923278316,3.5812096480157116,0.0003420070754895235,0.0013097261842746216,topB
b1764,3227.0886930152733,0.33624444808381887,0.1609288013273035,2.089398823023303,0.036671837094939944,0.07668256474938866,selD
b1765,1044.3923716170777,0.10141527990664659,0.1700324346835503,0.5964466726327359,0.5508768689089644,0.6692242340675982,ydjA
b1766,1298.8252537000997,-0.24532253938330748,0.13595864685944214,-1.8043908574415926,0.07117005529000814,0.13468361395312103,sppA
b1767,247.52242919827074,0.8261791053235547,0.19615741251386676,4.211816901210146,2.5332484768934752e-05,0.00012969096498765973,ansA
b1768,201.94264108104926,0.6155546272776987,0.19606179139124144,3.1395950374102166,0.0016918152794140543,0.005345928219578153,pncA
b1769,18.892541981429122,0.10732871148251077,0.4555647823676642,0.23559483883872964,0.8137470787533272,0.8756783172359786,ydjE
b1770,130.52770814402746,-0.8101214240154878,0.29144855469582015,-2.7796378158779946,0.005441955635530044,0.014769223425744434,ydjF
b1771,27.293912184556337,1.0510869922411514,0.36683883775925863,2.8652554856553576,0.004166729210190135,0.011692439442383375,ydjG
b1772,8.103511925497717,-0.11880274220872955,0.6354295813352572,-0.1869644500325023,0.851688506174799,0.9011223585774939,ydjH
b1773,8.06000968413622,-0.2624912254367014,0.8648099420719971,-0.3035247545926669,0.7614899852722834,0.8403987461622435,ydjI
b1774,7.17273066523044,0.1761425189321768,0.6524914330572288,0.26995376492050843,0.7871958236433718,0.8595383880472514,ydjJ
b1775,13.357172381901563,-0.10893765066548457,0.5795351432885094,-0.18797419263882717,0.8508968818314975,0.9010914686268126,ydjK
b1776,24.958994799565488,-0.0882504031591852,0.39724570291843636,-0.2221557149915981,0.8241926670113178,0.8842004316501898,ydjL
b1777,749.5990032996261,1.400038938876532,0.3626995645654795,3.8600513363003435,0.00011336320655970507,0.0004921184183389097,yeaC
b1778,1302.5973371805105,0.8126503738355979,0.35419936151530124,2.294330431198397,0.021771525869834326,0.048988912343124746,msrB
b1779,22570.68465902217,0.24376159552108956,0.14904622425524153,1.6354764888485067,0.10194919943321845,0.1813557589225275,gapA
b1780,401.25455827514867,0.4963386694662157,0.26443075972126096,1.8770080681589807,0.06051698807084375,0.11710113801571022,yeaD
b1781,946.0006064464081,-0.10573904950155417,0.23389035429855057,-0.4520881154704781,0.6512055049826315,0.7528367240432042,yeaE
b1782,1107.8037689782848,1.4687978330120364,0.21920597442602238,6.700537413991544,2.0765442298830967e-11,3.173484508940301e-10,mipA
b1783,16740.143986047384,-0.8883499234647108,0.23901013242221641,-3.716787712980394,0.00020177184175485094,0.0008253572551783007,yeaG
b1784,4611.6280940866545,-0.3589528164917945,0.21598241877903526,-1.6619538688425735,0.0965220243899336,0.17331754418021905,yeaH
b1785,24.34344983486322,0.8218878989072407,0.5668074103631289,1.450030264037467,0.14705007994069533,0.24209967105975108,cdgI
b1786,162.55758568626968,1.5088544728619697,0.3014533118909922,5.005267526825457,5.578450048268592e-07,3.94037940694711e-06,dgcJ
b1787,226.99344723942352,0.5436355856222277,0.1805552941332109,3.0109091413356275,0.0026046677865242014,0.007759267587247095,yeaK
b1788,17.319274714923196,0.30806211710932413,0.44098596115374233,0.6985757920804273,0.4848171766984113,0.6125025855584415,yoaI
b1789,65.51394175193128,1.1177443482546303,0.2810960980569983,3.9763780286554655,6.997286227723804e-05,0.0003224870367956565,yeaL
b1790,121.56909743006923,-0.29007040855307525,0.20708071711692067,-1.400760112247909,0.16128582019692284,0.2605747036926014,nimR
b1791,45.11911874289448,-0.18334748284837313,0.3048764641485977,-0.6013828694858158,0.5475850057582999,0.6669698041709741,nimT
b1792,434.2442032201343,-0.11300944440845236,0.17122971174530902,-0.6599873541605045,0.5092619445608627,0.6330740411520128,yeaO
b1793,154.98912246141268,-0.24946533510392635,0.2591250678039641,-0.9627217359481962,0.3356871857422823,0.46559042529909667,yoaF
b1794,684.8393228958197,0.4338863659045701,0.18514824749855838,2.3434538094018333,0.01910612787166457,0.043733458619383665,dgcP
b1795,795.1847480245132,-0.5137426681207858,0.24613950741163665,-2.0872011710887897,0.036869953676214165,0.07690125802278866,yeaQ
b1796,2.3088576636465956,1.1985215745730775,1.487319835097046,0.8058263907270996,0.42034295892417195,0.5505033144750784,yoaG
b1797,1.0494084061430942,1.1496246846618432,2.484369326331551,0.46274306822141953,0.6435485435441219,,yeaR
b1798,43.34910645231707,0.3907134828850765,0.36487352018289043,1.0708189585509904,0.28425084070129436,0.4081575990649742,leuE
b1799,436.81932965138003,-1.4928880969386447,0.2114172541794312,-7.061335191079631,1.6491025687874864e-12,2.986546546381214e-11,dmlR
b1800,304.12634190026125,-0.625566269586822,0.23592012661720427,-2.6516019576483356,0.00801109217829825,0.02058772838556721,dmlA
b1801,9.41697918112002,0.1464489525552017,0.596344126241925,0.24557792407230025,0.806008980019087,0.8708286246671398,yeaV
b1802,22.181631925605974,0.1012608035273325,0.5478616416911408,0.18482915360666677,0.8533630405332291,0.9020764874343288,yeaW
b1803,43.7075171251688,-1.1449504374194541,0.29563910049200726,-3.872797730455848,0.00010759311794209722,0.0004715515009168035,yeaX
b1804,683.3533319243643,1.3563923436168674,0.18852989729522987,7.194574245658313,6.265596559752968e-13,1.1924938637566876e-11,rnd
b1805,1572.6673303547266,0.4783259827471052,0.3658298321491772,1.3075095049986372,0.19103972891673437,0.29782492437493174,fadD
b1806,1465.1275820496794,-0.6450672656908455,0.23565739472572336,-2.73730967127777,0.006194395252202543,0.016546561976481258,yeaY
b1807,414.969236500381,0.9369845047065676,0.1978609962885075,4.735569527509708,2.1844080076998658e-06,1.3565107733616537e-05,tsaB
b1808,1046.8151337075353,0.7075221890980362,0.1558500981810038,4.539760945651265,5.631804287498094e-06,3.24717355202029e-05,yoaA
b1809,533.716861578617,1.318022652860435,0.19354637024439275,6.809854667882202,9.769739047683694e-12,1.5750351852952026e-10,yoaB
b1810,430.29807925606934,-0.30793067109837624,0.2105990406850112,-1.4621655924774226,0.1436958378615875,0.23771975430542702,yoaC
b1811,296.3310520847149,0.5894226648614723,0.20368803765105792,2.8937519927960826,0.0038066870100155483,0.01082246908587408,yoaH
b1812,125.72179140048883,0.676846569040427,0.23836398532102854,2.839550480450519,0.004517714642276627,0.01256584904898458,pabB
b1813,114.41331712510488,-0.2537539248973925,0.22173043639780296,-1.1444253167036424,0.25244729391814946,0.37130977649284885,nudL
b1814,8318.157154045013,0.6926250106520043,0.14356835352404046,4.824357134777788,1.4045555046931853e-06,9.093114456368007e-06,sdaA
b1815,284.02382220219414,0.258508469082639,0.2292351555655021,1.1276999308632325,0.2594466668766624,0.37957131539995076,pdeD
b1816,2860.7625135897524,0.38591262952918914,0.14024229109961409,2.7517564530878595,0.005927658681233189,0.01591678957449356,yoaE
b1817,2446.345482564952,-0.5747636867031068,0.2155070257144573,-2.6670299253475744,0.007652485762441968,0.01981068574899177,manX
b1818,1765.81408283593,-0.7807181102441859,0.21109210929495362,-3.698471311181549,0.000216901859939984,0.0008785059568603687,manY
b1819,2703.37333329819,-0.7853296364032109,0.19453208708571534,-4.0370185102531515,5.413479905548375e-05,0.0002569840172252814,manZ
b1820,50.96619448244718,-0.6367296037417697,0.29334447077538084,-2.1705866896305848,0.029962429135708072,0.06469303895845373,yobD
b1821,27.274835896129087,0.41932361367672893,0.35314779303500593,1.1873884587328096,0.23507443027114583,0.3512488451517365,mntP
b1822,313.74019458931804,0.9941844290193392,0.1786836567463939,5.563935992368834,2.6375672439569524e-08,2.421426952417621e-07,rlmA
b1823,3858.952394280945,-0.3444071723759577,0.18504054406030543,-1.8612524845566498,0.06270852975424968,0.1206904334361987,cspC
b1824,1826.71380068023,-0.09124422716931074,0.27390860632181874,-0.3331192414673773,0.7390442754870524,0.821360101791639,yobF
b1825,289.4836779297362,1.4478003068490888,0.24427630401384612,5.926896236185987,3.0871390810528034e-09,3.375326798459594e-08,yebO
b1826,18.152788537725932,-0.4139069967082074,0.44893300858672336,-0.9219794240820459,0.3565393083887538,0.48845396090602766,mgrB
b1827,1051.856069552395,-0.8806669149282449,0.18150273489237295,-4.852086198317951,1.2216949941326726e-06,7.979306323784707e-06,kdgR
b1828,98.13328567507114,0.883271789073534,0.26200675213583374,3.3711794901209804,0.000748470750932731,0.002594404095349458,yebQ
b1829,3334.8761573749125,0.20779923965336958,0.2060661788407056,1.008410214730112,0.3132575711618315,0.4399559336155506,htpX
b1830,2875.011988372484,0.09628002128272185,0.1661204609337092,0.5795795457197933,0.5621981898649647,0.6787655678516505,prc
b1831,2075.454233301685,0.6153991996774447,0.14242275927701303,4.320932994146602,1.5537085306215814e-05,8.262995820679588e-05,proQ
b1832,496.9853550430585,0.18474314712039017,0.17860639415562535,1.0343590888432452,0.3009683226174138,0.4265014733816574,msrC
b1833,453.70904600350724,-0.1811901842438737,0.19920099038822497,-0.9095847560333419,0.36304154089469265,0.4953414452764957,letA
b1834,805.4828559216274,-0.565251998548337,0.21919641781964413,-2.578746514979223,0.00991595203785432,0.02488673921100068,letB
b1835,33.781734637231544,0.7302766724278176,0.3346590547961564,2.182151243069264,0.029098372349912246,0.06309251515321163,rsmF
b1836,1519.2216814205076,-1.6781636870311856,0.2082364469643871,-8.058933541630143,7.696292398616077e-16,1.9774661281694184e-14,yebV
b1837,271.0155760054874,-1.1844646677319781,0.18078538726168936,-6.551772162964969,5.685824593135763e-11,8.116119757771223e-10,yebW
b1838,178.35298375127365,0.2910242809577715,0.2448670432457431,1.1884991834760958,0.23463680131880804,0.35076068735331634,pphA
b1839,194.44382901504375,0.9843922401052334,0.24545889210935934,4.010415885307006,6.0611891046723974e-05,0.00028509780788682184,yebY
b1840,355.3162075939938,0.34625133171292566,0.22189899956100348,1.5604005984611742,0.11866524350517732,0.2052304653133294,yebZ
b1841,387.96446091421655,0.12661519052869477,0.1899440773627854,0.6665919374093721,0.5050328205075119,0.6291258860551727,yobA
b1842,44.381031206576154,0.9716539362831366,0.3309388429087735,2.936052860228868,0.003324176717695537,0.00962372569468053,holE
b1843,201.75287169455416,1.302072789777696,0.22769085802145791,5.718599337242547,1.0740571922700907e-08,1.064245222435873e-07,yobB
b1844,261.9477347449868,0.3663040393063515,0.17120608238718765,2.1395503839515704,0.03239111999890316,0.06924591488065049,exoX
b1845,689.2732767661951,-0.5662422973733259,0.179985610326921,-3.1460420438323853,0.0016549621324945954,0.005245604723735761,ptrB
b1846,980.8186869282854,2.6882777619460616,0.18506614224628778,14.526037714497102,8.287763909296854e-48,2.839249785926614e-45,yebE
b1847,1758.4358283940592,0.41637906769986877,0.25915908233011636,1.6066543528252115,0.10813021224407811,0.19012972734619552,yebF
b1848,1464.332446344958,1.4735503808317123,0.18988080175372796,7.760396876472436,8.46640220663777e-15,1.9888788269421642e-13,yebG
b1849,368.40965786208955,0.6271864776241048,0.21818314126418475,2.874587257246804,0.004045559670206882,0.011399106102961269,purT
b1850,761.7675153826373,-0.09072273700903034,0.15938800114195575,-0.5691942703279774,0.5692243085869937,0.6846048419986615,eda
b1851,288.7452185724109,0.15025715344527277,0.168910624315663,0.8895660296919493,0.37369895351489335,0.5060198939063658,edd
b1852,1314.8856669118359,0.25747901121952693,0.19076802899888598,1.3496968678175656,0.177113237467717,0.28134177713670194,zwf
b1853,608.3655052347601,-0.6437751719817342,0.2996327194351503,-2.148547639240937,0.031670276149027426,0.0678460162838206,yebK
b1854,3364.629491080594,-0.42930053475778385,0.13735531756921585,-3.1254744436192032,0.0017751849411322045,0.005566579170857736,pykA
b1855,620.6183711149821,0.4134582579249011,0.15525367080173447,2.663114216815555,0.007742113025143388,0.02000491932518194,lpxM
b1856,1975.5234215362955,0.5675831962345612,0.15073569762661365,3.765419904981749,0.00016626941805849703,0.0006911360744575139,mepM
b1857,2834.4158440172337,0.6774291180364244,0.21475461496611953,3.1544333431125477,0.001608101088366146,0.00511679843210002,znuA
b1858,1690.614382714088,0.9847141478895444,0.28563032829538015,3.44751257251372,0.0005657740740019288,0.002054679521397464,znuC
b1859,963.018348398391,0.9390930838433444,0.28885473247975824,3.2510912173099062,0.0011496296639816707,0.0038268239260150997,znuB
b1860,900.8726242451227,1.180262026386108,0.15096584070941135,7.818073418727563,5.363790581307154e-15,1.30476586270732e-13,ruvB
b1861,656.1782641701681,0.9718653075036516,0.18584961616799084,5.229310275385101,1.701436066827913e-07,1.3348480287651813e-06,ruvA
b1862,8.791236129680378,-0.18375413629289483,0.6325322250735838,-0.290505572694764,0.7714294881267076,0.8465950258408413,yebB
b1863,304.47835798771786,-0.16463106502882782,0.18327140608461145,-0.8982910566682841,0.36903039922473957,0.5008530773235076,ruvC
b1864,1037.919225462,-0.27523346944719523,0.17990735199455626,-1.529862267415972,0.1260508248578697,0.21430725433858655,yebC
b1865,552.7356437687762,-0.2588528371933406,0.17229436036746235,-1.5023871741435406,0.1329971467957157,0.22316378386823968,nudB
b1866,3507.097331259911,-0.08540526675716255,0.13841543705392675,-0.6170212555402227,0.5372207058578671,0.658275505747151,aspS
b1867,135.2198923387189,0.34473172694707144,0.22333434381491393,1.54356791283639,0.1226930433454489,0.2105138151891237,yecD
b1868,55.48888842802799,0.6708675379790258,0.28274426714425366,2.372700761556927,0.01765856364176201,0.04085219759779607,yecE
b1869,379.7181213307916,-0.1633130520550714,0.16025495969986384,-1.0190826690227557,0.3081637212550008,0.4340051586431341,yecN
b1870,142.8906761372589,0.17822420670128195,0.21759673224554496,0.8190573675535097,0.4127536838674142,0.5437763712175163,cmoA
b1871,384.36923119137674,0.014376544067325744,0.1754725881132033,0.08193042697957444,0.9347020385383796,0.9572273765416874,cmoB
b1872,72.4438795325601,0.06568660507212258,0.2448190825422486,0.2683067201707489,0.7884632338614082,0.859683151926146,torZ
b1873,11.027786201912287,-0.13253959418386269,0.5652787348862682,-0.23446768117065137,0.8146219206282896,0.8759902473719327,torY
b1874,1616.477039127876,-0.19763578853915229,0.2554363772057223,-0.7737182569731685,0.4390974211382679,0.568903088023769,cutC
b1875,200.61828908176395,0.03861383863786575,0.20634220789926724,0.18713494941721456,0.8515548264883039,0.9011223585774939,yecM
b1876,1275.6580533232109,0.5887750669838573,0.14688460444190893,4.008419188797357,6.112654836929959e-05,0.000287189988967075,argS
b1877,5.547045217978243,2.066529842273328,0.8573052406676751,2.4104948205657775,0.015930897520440072,0.03748833049715866,yecT
b1878,6.688837136940886,0.9055214449486975,0.7438405062263144,1.217359685804999,0.22346739449641284,0.3372520039554894,flhE
b1879,75.42660110769361,-0.5153109760779946,0.2426645087582367,-2.1235531257329097,0.033707528683729907,0.07157626571219713,flhA
b1880,7.32719426430464,-0.26336603233058337,0.6508474811308728,-0.4046509204782888,0.6857341232923264,0.7815505907554072,flhB
b1881,23.900118465705415,-0.652938452980382,0.37475979547009386,-1.7422852207541217,0.08145854821951323,0.1505737822528862,cheZ
b1882,7.314662445515356,-0.39260193266113524,0.6863925041226976,-0.5719787589506584,0.567336365009974,0.6829633372052717,cheY
b1883,6.274654524726707,-0.4582041424705989,0.7770581000487732,-0.5896652289472808,0.5554151110206121,0.6727494170317432,cheB
b1884,12.53075768544501,0.23908281759899452,0.5659746348585875,0.42242673588849255,0.6727135664961706,0.7710181158343591,cheR
b1885,13.471913495248439,0.026180415478507132,0.5469100892646513,0.04786968825846318,0.9618200969508813,0.9762593391710974,tap
b1886,10.753559099029951,0.5205360580362094,0.6463855521110399,0.805302742823046,0.4206449993979,0.5506974590257645,tar
b1887,23.134709457131418,0.05745497152223731,0.3910332803327962,0.1469311549987233,0.8831863606585535,0.9243327720639799,cheW
b1888,19.831628437204362,-0.29764402916976374,0.442783216326001,-0.6722116335832884,0.5014489758645932,0.6260117642816103,cheA
b1889,4.01071051001581,-0.719899016032295,1.138358542008177,-0.6324009435219962,0.5271249175697833,0.6497782717029623,motB
b1890,7.60841006751189,-0.18623200558128242,0.6945043030926578,-0.26815097437407254,0.7885831101711254,0.859683151926146,motA
b1891,52.4993060107264,0.2167448130658133,0.3215244392693043,0.6741161373561122,0.5002374807311497,0.6256267953177868,flhC
b1892,41.551251856409856,0.7118208058538519,0.3427559415547652,2.0767570144079266,0.03782399144785502,0.0784137311357196,flhD
b1893,0.0,,,,,,insB5
b1894,0.0,,,,,,insA5
b1895,237.148451141352,-0.46937169671000484,0.2071957758625483,-2.2653535997827556,0.023490989296780816,0.05228382621994589,uspC
b1896,1813.632552244893,-1.4660435587568037,0.31058014352000973,-4.720338982850496,2.3545192847608835e-06,1.4511887225865056e-05,otsA
b1897,1358.7692551035263,-1.2919678731735724,0.2728617700625102,-4.734880496002038,2.1918420769983677e-06,1.3590743255716878e-05,otsB
b1900,104.2325864277703,-2.3955570877777927,0.25067585251959595,-9.556393500608625,1.2193178870659305e-21,6.112946138692732e-20,araG
b1901,292.2925033495364,-1.9934527188534068,0.24533470059127285,-8.125441342170731,4.457375144965284e-16,1.152469762324043e-14,araF
b1902,482.5858747708835,0.6190079444586128,0.23538005538624487,2.629823259421267,0.008542926905599338,0.021786583442257368,ftnB
b1904,4.99930214187743,1.1139639657334355,0.798885330209059,1.394397823579917,0.16319750497377727,0.2628783343024359,yecR
b1905,503.2874850942749,2.510741178614524,0.15950842709773275,15.740492363304183,7.982017791330754e-56,3.2814075140160732e-53,ftnA
b1906,60.35370625800589,-1.2756853691798162,0.26490790249727547,-4.815580649553995,1.467724683640333e-06,9.442591822293285e-06,yecH
b1907,99.83077215547424,-0.1220382432380201,0.23720805638338668,-0.514477649278388,0.606918082971982,0.7159369409175949,tyrP
b1908,1741.150997657258,0.30949783223657606,0.21595190030026015,1.433179480274308,0.15180655219244069,0.24814184336505912,yecA
b1909,2.207674904341213,2.3979769318745325,1.4283189458179617,1.6788805741852515,0.09317532117927282,0.1685190256788344,leuZ
b1910,0.0,,,,,,cysT
b1911,40.58842347187206,-0.3493051439728464,0.29832069509095815,-1.1709048340288395,0.2416370318466482,0.35861727000778726,glyW
b1912,1188.9165863779365,-0.5995505488239408,0.14573380584649326,-4.11401147003235,3.8884210116110955e-05,0.00019075535535481163,pgsA
b1913,1081.839591783071,-0.2974132090668474,0.1311103867585299,-2.26841836424907,0.02330371951910461,0.05198132986600058,uvrC
b1914,526.9778729398694,1.3721041830374021,0.2118908375684755,6.475523900810423,9.448352932250376e-11,1.3302116063178525e-09,uvrY
b1915,86.2924048411386,2.0994609873292434,0.2997280154248311,7.004553726329156,2.477743307720503e-12,4.371674994866518e-11,yecF
b1916,104.3972262723024,-0.25976074429860163,0.3391710816581267,-0.7658693749145511,0.44375402990509116,0.5729500053202983,sdiA
b1917,337.57216848724306,-0.45098246463460634,0.19172786450193685,-2.3522009479746253,0.018662689763831636,0.042899382830895214,tcyN
b1918,240.8861362383919,-0.578945100784174,0.21280547730958224,-2.720536652080361,0.006517604610635578,0.01731989176103611,tcyL
b1919,630.1724577344088,-0.5349033506268919,0.14670096287979684,-3.646215676615419,0.0002661306349224512,0.0010550270396973932,dcyD
b1920,979.5689159100372,-0.5638298062048813,0.19274824747026817,-2.925213658774528,0.0034421979744910904,0.009875000609304168,tcyJ
b1921,9.726797132919561,0.5292632144558881,0.7474216235787848,0.7081186812895294,0.4788715594332338,0.6071359395967115,fliZ
b1922,3.1298826798131754,1.7336565788105938,1.3459048446274133,1.2880974355141144,0.19771204793565833,0.306021923593182,fliA
b1923,402.65796118436697,-0.30390248175234486,0.22967708328557027,-1.323172853838822,0.1857779013308022,0.2919468472365932,fliC
b1924,17.69746615929779,1.5974912211039716,0.6339641619210046,2.5198446805941495,0.011740662824513307,0.028901715491960602,fliD
b1925,3.31463858164294,1.1401342516420283,1.0151472395040209,1.123122052914288,0.2613856612813876,0.38197201595481883,fliS
b1926,2.2695155801709457,0.7178347165432624,1.3335201116062665,0.5383006302609176,0.5903695163097706,0.7010457366679462,fliT
b1927,2145.211708712383,-0.8778142588772776,0.2815972807725762,-3.117268236642593,0.0018253540638867376,0.00569349814615962,amyA
b1928,718.3321768166711,0.40996170069674104,0.14459847754413968,2.835173009145946,0.0045800874839011735,0.012719445278327605,yedD
b1929,274.81781254459355,-0.9893512220370816,0.17300722503609667,-5.718554365753574,1.074341443227651e-08,1.064245222435873e-07,yedE
b1930,13.809615024379816,-0.9737847017628404,0.5475111256119263,-1.7785660532002687,0.07531093371956159,0.1411136046130892,yedF
b1931,57.38189809204629,-0.8204997813850748,0.33037025425220085,-2.4835764443814448,0.013007041350725225,0.03139867703630734,yedK
b1932,20.84061219556762,0.6826463348590083,0.4126690728056646,1.6542221839349762,0.09808237705259126,0.17538784343766972,yedL
b1936,2.3462225470046993,1.2578109814032163,1.3071704068820962,0.9622394867425025,0.3359293182642562,0.4657691154753313,intG
b1937,3.485245196702465,0.5411010940733205,0.9431435848836234,0.5737208021619403,0.5661567491883849,0.6827382090355739,fliE
b1938,6.118438227834303,-0.037221119007582466,0.7212360544128699,-0.05160740201470201,0.9588415212467118,0.9744864014450513,fliF
b1939,22.4989881863152,0.7319635098734276,0.45691752043325584,1.6019598223753142,0.10916449435545533,0.1914769017629383,fliG
b1940,7.361916638461618,1.1588219370220425,0.6869650165985939,1.6868718333864783,0.09162799915863903,0.16652639458053276,fliH
b1941,11.743922453630972,0.05271906994588332,0.5178292539231076,0.10180782477328244,0.9189092146547471,0.9473673034579564,fliI
b1942,0.9988073379351626,-1.092375836642272,1.8815372619075814,-0.5805762440945632,0.561526086847097,,fliJ
b1943,5.030012519693892,-0.9611889449410448,0.7681487751608289,-1.251305705382136,0.21082296471012085,0.3229110312679981,fliK
b1944,1.9950449412985296,-0.16467213507090514,1.1696717198509832,-0.14078491620869868,0.8880398594957332,0.9279948811354751,fliL
b1945,9.445902693430646,-0.6580834448042698,0.5939622965895758,-1.107954913271206,0.26788128813386014,0.38845149048264516,fliM
b1946,1.5010822892579616,-1.2434851825166715,1.61170811211238,-0.7715324959721781,0.440391368650779,,fliN
b1947,0.6204920320284674,1.2411920768441265,2.438220871506389,0.5090564564305815,0.6107126520678774,,fliO
b1948,2.8101845838080144,0.7101305161640032,1.1147855529069919,0.6370108711152721,0.5241177624928912,0.6470414779604431,fliP
b1949,0.0,,,,,,fliQ
b1950,3.2342295434255477,0.7065545710808864,0.9443054527286071,0.7482267194786069,0.4543234169941759,0.5831284579415205,fliR
b1951,28.0279187060592,3.2699680948776852,0.5399332756588944,6.056244803373638,1.393359061069916e-09,1.6181070904119845e-08,rcsA
b1952,95.42954555366606,0.07888703817895173,0.23193605462629047,0.3401240842268329,0.7337630852541073,0.8182114007845888,dsrB
b1953,2347.701997575197,-1.5460374467863836,0.25781107367261186,-5.996784485485909,2.0126287672965967e-09,2.2856123929161076e-08,yodD
b1954,13.7363824098978,0.25277631848079735,0.4938154478123005,0.5118841858849215,0.6087320665773379,0.71766490556336,dsrA
b1955,2223.189083125843,-0.9838274159420068,0.2265990679992818,-4.341709895934458,1.4137812753259364e-05,7.557938651319798e-05,yedP
b1956,641.1518598381957,-0.4439049025803856,0.15551635820454449,-2.8543936323183132,0.004311906824291175,0.012058672758272803,dgcQ
b1957,134.32365071176267,-1.1082520886739191,0.2417322648782292,-4.58462625678948,4.5479920535157255e-06,2.6671605323827598e-05,yodC
b1958,442.6375409508411,-0.19809711561283644,0.1844914630584046,-1.0737467865931807,0.28293618568384693,0.4066960347364667,yedI
b1959,198.83349474089002,1.8003826280191015,0.26198943733161345,6.871966466878071,6.332284220551359e-12,1.0496782431728483e-10,yedA
b1960,85.0954557320846,0.8247114474854746,0.29595743624650434,2.78658802409198,0.005326614935341246,0.01448261507882795,vsr
b1961,707.5275412222855,0.6815372229031622,0.15992969962366518,4.261480040961157,2.0307749350709085e-05,0.00010608025105560996,dcm
b1962,277.09294104234147,0.6239567455473576,0.17302529904520514,3.606159035646809,0.0003107627235763317,0.001209796928619602,yedJ
b1963,40.43426517055766,-0.09235233458803135,0.30457457089883205,-0.30321748239023943,0.7617241267723215,0.8404315311757954,drpB
b1967,4006.6134774619636,-2.2277442683947153,0.22600462420988687,-9.857073837240803,6.388402867235134e-23,3.6476005815560606e-21,hchA
b1968,57.4205641117236,0.6584119476753552,0.3039542251841068,2.1661549441418404,0.030299348786822083,0.0652833453158415,hprS
b1969,73.07024003655032,1.0241853021816378,0.3317722728574228,3.087012948251331,0.0020217878980930367,0.006233252306932563,hprR
b1970,12.614476359067021,-0.43142971785016243,0.5454092607944125,-0.7910201547032152,0.4289322303833697,0.558903454550248,hiuH
b1971,431.88381616196483,0.0019462014848512373,0.238551616070267,0.00815840830136305,0.9934906041861884,0.9959131611337284,msrP
b1972,69.49379130007995,-0.11747170347929718,0.3268579653918638,-0.3593967897905214,0.7192982759081341,0.8081539251867558,msrQ
b1973,140.01291889597843,0.9838039194764939,0.3367477020658681,2.9214866603130107,0.003483651934904322,0.009981701836013067,zinT
b1974,37.619068344235394,-0.5803581502078685,0.41603212257999783,-1.3949839897189016,0.16302066759233336,0.26271719936407895,yodB
b1975,94.8964298762873,-0.23133485793337458,0.2761283810338407,-0.8377800828268482,0.4021542267953865,0.5333914927140166,serU
b1976,2411.353673243494,-0.09385592228819523,0.22314324227839535,-0.4206084008186087,0.674041058286085,0.7722917476627913,mtfA
b1977,46.06906086421941,0.08663230181034504,0.29327398672110366,0.29539715669610417,0.7676905050770931,0.8445211844720176,asnT
b1978,427.66190372368436,0.3125194239130548,0.16003375006941348,1.9528344725878246,0.05083921231035806,0.10111272462887372,yeeJ
b1981,265.86779535408454,0.4411098989256788,0.16370532932391246,2.6945359735533416,0.007048671738593365,0.01851571215166602,shiA
b1982,925.5361855386508,0.5118661723696997,0.16353675535426174,3.1299763240432945,0.001748203925713,0.00549875006779353,amn
b1983,207.89836469535547,0.7143646895272997,0.26307532331648,2.7154378469314584,0.006618819890169472,0.017532196242581635,yeeN
b1984,3.865302418952362,1.0858765008125806,1.0269438469682377,1.0573864423243051,0.29033525650066316,0.41479371022836103,asnW
b1985,129.3082937990927,-0.6641000066172378,0.23602826861280368,-2.813646054010044,0.004898312877981993,0.013433598559962623,yeeO
b1986,18.842226085966214,1.718451092248739,0.4537470997240609,3.787244245293882,0.00015232734676704038,0.0006409597979112621,asnU
b1987,43.35790013529506,-0.8294497635411993,0.3536679609873348,-2.3452782130041534,0.019012886484351118,0.04356879798920764,cbl
b1988,54.04861430322686,0.3426054645504117,0.3421395034576911,1.0013619038082757,0.31665187496328784,0.4436795698616484,nac
b1989,3.293401463810256,2.3944878302335226,1.1874908030337037,2.016426421254196,0.04375540500817813,0.08913700197652145,asnV
b1990,1272.9424046448612,-1.0448822251731535,0.18110924043073984,-5.769347950927658,7.957884216074669e-09,8.057847786276591e-08,ldtA
b1991,151.66736794589306,-0.37478570773069314,0.24184807394289162,-1.5496741471639444,0.12121974630349222,0.2082945649793384,cobT
b1992,55.986120994310454,-0.28793684898586175,0.31997999128722265,-0.8998589187640857,0.36819533473182453,0.5000718872238716,cobS
b1993,97.9897635039734,0.40659618810044346,0.245825482362161,1.65400341817057,0.09812681819450245,0.17539102156417372,cobU
b1994,0.0,,,,,,insH6
b1996,8.427924173930995,-0.6103312565036395,0.6777571061734278,-0.9005162040270294,0.3678456059533203,0.5000705311091599,insD3
b1997,0.0,,,,,,insC3
b1999,58.47112601274972,-0.2648690407389915,0.30894163005818737,-0.8573433133278442,0.3912551776663451,0.52322021060077,yeeP
b2000,498.7410029128332,-1.509547377952057,0.37295994580385994,-4.047478542765367,5.17723262995162e-05,0.0002474837597875711,flu
b2001,31.091907072060238,-0.39576939918216075,0.36505780210415467,-1.0841280391789676,0.2783080322727597,0.40088448516934655,yeeR
b2002,5.283338213890727,-0.04653841786288933,0.8095737157594233,-0.057485089939257494,0.9541587829724144,0.9718896820613467,yeeS
b2003,0.6321527209362797,1.3180112891548286,2.4433883619310106,0.5394194838978458,0.5895974399695421,,yeeT
b2004,1.518533544961813,0.1528678128945336,1.4561662378805005,0.10497964375072856,0.9163919613875082,,cbeA
b2005,0.48539179986379244,-1.0314536944147257,2.6134541109968192,-0.3946706736018833,0.6930859485063469,,cbtA
b2006,25.161573942240036,0.15500888021703482,0.4245993975383684,0.3650708906223251,0.7150584894196639,0.805078382890465,yeeW
b2007,1683.2927115633563,0.5001809524932109,0.2056870172228713,2.4317575277551033,0.015025762402189871,0.03568510065592291,tmaR
b2008,757.5033916091465,0.6138535885931277,0.16767172328825095,3.661044191320371,0.00025118942425553204,0.0010045133493331636,yeeA
b2009,1869.5268951562966,0.015446290210469634,0.155742843278193,0.0991781701511572,0.9209968070877542,0.9484513712268932,sbmC
b2010,117.34140749238138,0.9574230125047596,0.22370004202557614,4.279941138300257,1.8694274874652348e-05,9.827642456482838e-05,dacD
b2011,921.268809276966,-0.5412768061096132,0.1327216336684027,-4.078286193055473,4.53688978406981e-05,0.0002191674959143477,sbcB
b2012,269.99821831088235,-4.309852362032937,0.4565136924342809,-9.440795387869725,3.699602584396133e-21,1.7088838454441017e-19,tsuB
b2013,492.8201449101851,-3.078311247728452,1.0472018036015442,-2.9395587719019405,0.003286799292380081,0.009528936453437598,tsuA
b2014,300.66847898653896,1.2685450990495342,0.28478668293889214,4.454369445785256,8.41401088493678e-06,4.6617248986489356e-05,plaP
b2015,610.7179014853169,-0.6161954298105285,0.20499573972040494,-3.0058938329692197,0.0026480143539824724,0.007860579864920938,yeeY
b2016,2082.3202437202513,-0.7228594472051019,0.1340447732067412,-5.392671641811907,6.941773668909832e-08,5.897483247986561e-07,yeeZ
b2017,85.53876127007159,-1.4776654333199446,0.2698334077624455,-5.47621380752395,4.3452262946786054e-08,3.874886181653741e-07,yefM
b2018,0.14387325273848497,0.798491287989169,4.426327699496274,0.18039588168766607,0.8568417872273729,,hisL
b2019,323.45028454072246,-1.3142513617660494,0.1838429671037521,-7.148771489443757,8.755794221484809e-13,1.6436105043161668e-11,hisG
b2020,407.6134253359609,-1.5152518604318623,0.19346487120688252,-7.832180855259874,4.794791293385149e-15,1.1732968456610923e-13,hisD
b2021,327.6479342563018,-1.3625777742052585,0.22103870109026424,-6.164430787388815,7.073712809637166e-10,8.629090017928306e-09,hisC
b2022,307.18046738359425,-1.2756159048228468,0.20283407806264853,-6.288962471231549,3.195947123313963e-10,4.17096464252181e-09,hisB
b2023,152.32902341996098,-1.5853593737957055,0.24652367943562373,-6.430860424544735,1.268836327228286e-10,1.7445438599449779e-09,hisH
b2024,184.8822303965338,-1.3880693658429595,0.21537302996693766,-6.444954440470308,1.1563514748297284e-10,1.6060003084543965e-09,hisA
b2025,193.55243777776502,-1.1414754278818762,0.20058965952385446,-5.690599558279474,1.2659407455906931e-08,1.233242276095578e-07,hisF
b2026,248.32083109476082,-1.1571709934422363,0.1886687139526945,-6.133348604540641,8.604830536655614e-10,1.0343408870231355e-08,hisI
b2027,4004.3918694251074,1.5417560564249928,0.1565781353229538,9.84656033388703,7.092994696142361e-23,3.994424821348115e-21,wzzB
b2028,125.03648789533058,0.25524833314479595,0.2941964939581573,0.8676117438065022,0.3856069152278542,0.5188968996732269,ugd
b2029,3428.0779324183127,-0.0106125196475255,0.19325858614093674,-0.05491357387757229,0.9562073178064063,0.9733030118560582,gnd
b2030,0.0,,,,,,insH7
b2032,687.4036993123135,-0.1829160402618316,0.22435037651258855,-0.8153141666404468,0.4148925017154279,0.5457245193371534,wbbK
b2033,280.4535930424167,-0.33313900943288244,0.21073367704932197,-1.5808532081700053,0.11391160527937916,0.19826020715644696,wbbJ
b2034,610.9420525320023,-0.2734651538190811,0.21581096914233053,-1.2671513172193152,0.2051011892137652,0.31543995093819255,wbbI
b2035,568.1867829848787,-0.35195509484852183,0.22434194664420282,-1.5688332035680703,0.11668680941839402,0.2024902800840092,wbbH
b2036,826.1540156557627,-0.338732274300626,0.2340095891776532,-1.4475145035337438,0.14775287733670306,0.24296967460705998,glf
b2037,559.3607182757397,-0.3179487428983929,0.23311084554145073,-1.3639380105197925,0.17258707645908766,0.2757502803432994,rfbX
b2038,190.15867655701177,-0.5152611800812381,0.33018048495058133,-1.560544016277516,0.11863137674863534,0.2052304653133294,rfbC
b2039,430.686158194493,-0.15621179602932903,0.2603920170432049,-0.599910080973834,0.5485661635802275,0.6676007988390513,rfbA
b2040,435.1389823833212,0.05880530084833101,0.1974857653279571,0.2977698202737563,0.7658788501586837,0.8436532612849937,rfbD
b2041,767.6244900519577,0.49155311067895446,0.14462446590844535,3.3988240343105747,0.0006767624270434341,0.0023819951520338677,rfbB
b2042,2753.236595271453,1.15272499794997,0.16217708269598313,7.107816830759413,1.1789287517490823e-12,2.173385382672774e-11,galF
b2043,29.32999027666059,0.9593582605955703,0.4247496147727632,2.2586442158607194,0.02390552505952732,0.053064586133756385,wcaM
b2044,48.83449441051059,0.32117739344803237,0.3498029939151699,0.9181665081057612,0.3585316998717025,0.49081712226858776,wcaL
b2045,20.317589482070332,-0.7594320333980512,0.40536750930509746,-1.8734408060969414,0.06100753958044737,0.11791349093334234,wcaK
b2046,12.148251505338257,-0.27530650399342527,0.500044886174388,-0.55056358260089,0.5819328791216332,0.6952415187646132,wzxC
b2047,13.624523303538568,-1.128204851574991,0.5659751863611935,-1.9933821813435375,0.04621961353806486,0.09350828309792553,wcaJ
b2048,18.095756931049678,-1.1430682982091687,0.4815129594714226,-2.3739097270901364,0.017600853069790402,0.040741614284858306,cpsG
b2049,19.39300349899974,0.2694466755024505,0.4710145256474573,0.5720559788088673,0.5672840510442395,0.6829633372052717,cpsB
b2050,7.784737108442077,0.7035847237887634,0.6312052852408866,1.1146686192911939,0.26499245321300746,0.3854861907850933,wcaI
b2051,2.4945902633620207,-0.732281018387533,1.2345476888986167,-0.593157336061134,0.5530758619309836,0.671102381463481,gmm
b2052,7.879611852828005,-0.11880509931714404,0.6594551451686989,-0.1801564521674205,0.857029745125512,0.9052935510899223,fcl
b2053,7.738834186613926,0.8342825292435851,0.6824984285667378,1.222394798762537,0.22155836522075945,0.3351395798947465,gmd
b2054,1.27259985699093,2.529916521851447,1.911278727598556,1.323677434023547,0.18561019601515338,,wcaF
b2055,3.429584174002935,0.6056567338644807,1.0013502833704238,0.6048400284323219,0.5452852940781686,0.6652054846178554,wcaE
b2056,5.457137814290511,0.2874569419662282,0.7390210711111332,0.38896988624969897,0.6972984229653012,0.7914394855909314,wcaD
b2057,9.838450259183313,-0.27856647722375427,0.5574060708411847,-0.49975501128534183,0.617247592079826,0.7235542774565626,wcaC
b2058,1.7363361117718525,-2.156197360881199,1.4802357021145485,-1.4566581239737866,0.1452107745833043,0.2394550719261789,wcaB
b2059,5.218663159552375,-0.13868663891958619,0.8591674768338584,-0.1614197960922172,0.8717627760968977,0.9163428208985801,wcaA
b2060,10.113560913648005,1.5089729511328909,0.6342760257901473,2.379047748577747,0.017357427427921488,0.040294998480140155,wzc
b2061,0.5945441928092111,1.237227985517198,2.459891174636633,0.5029604554355772,0.6149920751144121,,wzb
b2062,5.021668941400713,0.8729762985944559,0.8475026236984499,1.0300573404538154,0.302983089184083,0.4289130439517098,wza
b2063,481.8641518908196,-0.7042248064779792,0.17700387548886726,-3.9785841102799573,6.932688630854489e-05,0.0003198684956390887,yegH
b2064,1000.6832822195023,-0.09108606401690532,0.1322782805868764,-0.6885942545729019,0.4910786376586852,0.6179443769252693,asmA
b2065,945.9762370050779,-0.021304386847827723,0.16865694809492351,-0.12631787239406933,0.8994803094524616,0.9359057332723537,dcd
b2066,309.6684565156481,1.9117324886293368,0.24717540852534534,7.734315076223726,1.0396127222140816e-14,2.414603333910785e-13,udk
b2067,854.928925877199,-0.37067325600541745,0.18271776307115442,-2.0286656851259113,0.0424923532743839,0.08703839776332446,dgcE
b2068,449.99093948625205,-0.4835822249362492,0.159384304656077,-3.034064276151492,0.00241283016940028,0.007270748197561505,alkA
b2069,147.6310008730164,0.2784673896096685,0.2490950812999162,1.1179160509973594,0.2636028490852236,0.384144385887754,yegD
b2070,148.64861992298503,-0.08259767515853957,0.2382863675037984,-0.34663197909222787,0.7288678179162122,0.8155098416171753,yegI
b2071,11.377856810934036,2.0232147012889126,0.6393368657080802,3.1645519127825605,0.0015532195107771784,0.0049652297113569055,yegJ
b2072,8.141815317933377,1.0663028809259916,0.6329442204128918,1.684671170913615,0.0920520315971932,0.16707545337574448,pphC
b2073,24.596025022560838,0.6920597939567507,0.4489927638569925,1.541360684773033,0.12322902696928677,0.21099314030434732,yegL
b2074,186.97138859982206,0.25443725442114656,0.20577979488693185,1.2364540190204298,0.21628984727718503,0.3289558128584934,mdtA
b2075,256.510564632386,-0.9719691570483542,0.19228378224004886,-5.054868100290117,4.3068831860083e-07,3.0738883294583543e-06,mdtB
b2076,287.6989303226571,-1.2158071574784166,0.24272909802548828,-5.008905678670418,5.47403902386314e-07,3.873283033924504e-06,mdtC
b2077,101.26130912225857,-0.8081333286479325,0.2531992513158829,-3.1916892504541114,0.0014144341624093637,0.004581365122069513,mdtD
b2078,105.15944970822098,-0.9296505005693337,0.20821208442221373,-4.464920963397027,8.009831480737844e-06,4.468364202804156e-05,baeS
b2079,311.9809325626758,-0.8341845751065162,0.16747860932612907,-4.980842499606136,6.330804979845798e-07,4.4037122287895226e-06,baeR
b2080,2679.288534046918,-1.5173216013332924,0.2420714443386325,-6.268073483342046,3.655422849167214e-10,4.6960760415395055e-09,yegP
b2081,591.1654912491618,-0.0012176063397058721,0.165079782453481,-0.00737586590925506,0.9941149638294957,0.9962961034380927,trhP
b2082,20.990485160326063,-0.08708180333665362,0.43197361921420513,-0.20159055892131203,0.8402368265922018,0.894929482337434,ogrK
b2083,7.842211221474052,0.4842826193343268,0.6614625766992964,0.7321391056632426,0.4640836673109492,0.5930518981396681,yegZ
b2085,7.456792963155762,0.01624997671855718,0.6444736784363657,0.02521433731472662,0.9798840010689408,0.9890973424227557,yegR
b2086,573.8506278463107,0.07828218490805008,0.21011339524260594,0.37257112911655216,0.7094676637954389,0.8021511457269113,yegS
b2088,0.0,,,,,,insE5
b2089,6.501593670312559,1.2813734335916849,0.8046576194622453,1.592445535342137,0.1112846316876539,0.19442886564723552,insF5
b2091,11706.458002596883,-0.3873293619036749,0.2574722219172398,-1.5043539804778459,0.13249024683891908,0.22283670330052727,gatD
b2092,38196.4859465102,0.03979328760633367,0.15108336794025098,0.2633862889664383,0.7922528574519946,0.8618583911909579,gatC
b2093,3571.781725438825,0.04478259964915217,0.17952670333283216,0.24944812564250016,0.8030141624923163,0.8692247726003833,gatB
b2094,8874.044490032044,-0.20887788034823412,0.1784624827930418,-1.1704302051567008,0.24182788620337536,0.35864157293725685,gatA
b2095,57763.23120195968,-0.5781756701197114,0.17207897466815128,-3.3599437190668087,0.0007795835202006533,0.002699972916213046,gatZ
b2096,63832.14289995335,-0.7502554461632002,0.19205106673749317,-3.9065414158240213,9.362660191866903e-05,0.00041610698431097123,gatY
b2097,7842.588412043168,-1.0478378922104477,0.324496499597989,-3.2291192463049345,0.001241721068789766,0.00409031675784834,fbaB
b2098,43.39265940914559,-0.26887415271369697,0.3017121722042878,-0.8911611048017102,0.37284274743961676,0.5053598861603246,yegT
b2099,53.39259763378189,-0.4414210693589972,0.2798240220659293,-1.5774952632729795,0.11468161115371953,0.19934718962069387,yegU
b2100,56.31855253242096,-0.7465738820309704,0.29987584755939933,-2.4896099105917133,0.012788337038286518,0.030979878352619842,yegV
b2101,235.20992031354288,1.0451342433519524,0.2297125663522777,4.549747799818569,5.3710250088089774e-06,3.101163456631139e-05,yegW
b2102,115.19502076776821,1.3101884450549826,0.328452705044553,3.9889713950666406,6.63604224372301e-05,0.00030895548883290257,yegX
b2103,161.83110350808406,-0.7690051584350792,0.2619673577008394,-2.9354999232891648,0.003330106937003636,0.009634109513034445,thiD
b2104,159.90727035790238,-0.2893112100246951,0.216434451933284,-1.3367151460428093,0.18131563606354673,0.28724030052302146,thiM
b2105,27.035131506848675,0.5427297401239177,0.4126705226188795,1.315164787345749,0.1884545266235278,0.2950253461345479,rcnR
b2106,27.801415003718546,1.3797316893279001,0.4064729316070495,3.3943999268854914,0.0006877917184897887,0.0024166767134286508,rcnA
b2107,169.3098153851533,1.2733889854158225,0.22971863476911059,5.543255063724811,2.968998842974407e-08,2.700343859174289e-07,rcnB
b2108,0.9429593972985035,0.7379600643604003,1.8512962100563675,0.39861803872970236,0.6901746679803076,,yehA
b2109,4.289110602934345,0.2875380399672746,0.8286817126063956,0.34698248506401935,0.7286044771825291,0.8155098416171753,yehB
b2110,2.0272729688851263,1.5627443250182342,1.4147261248417335,1.1046267525405737,0.26932135401805235,0.3902643942080413,yehC
b2111,21.833111959219632,0.9884371233524988,0.46190918856373037,2.1398949140327015,0.03236326023308579,0.06922235318325477,yehD
b2112,64.59757636931221,-0.06992735932495028,0.3454669189585473,-0.20241405323483633,0.839593042893077,0.8948838473770908,yehE
b2113,3686.8734561492197,0.14219663524075232,0.13834187382554122,1.027864024887159,0.3040137941202814,0.42948477925377215,mrp
b2114,2176.372589409279,0.8343862749388296,0.14008761465169792,5.956174477046936,2.582106617788869e-09,2.87670468989974e-08,metG
b2118,48.73876996022748,-0.01053753735561169,0.29110944034470754,-0.036197855154178504,0.9711245962093469,0.9833234519745382,yehI
b2119,3.3911874890701275,1.9497730855946886,1.0806526257346236,1.8042551687405008,0.07119131430798638,0.13468361395312103,yehL
b2120,28.94149794100041,0.3992364046276755,0.3934148464994953,1.01479750492382,0.31020236335853635,0.43657717075212016,yehM
b2121,11.162742024490214,0.218429115573393,0.5911669447811732,0.36948803971819993,0.7117639863987142,0.8042784058262709,yehP
b2122,50.34432973715528,-0.29743778312431446,0.3299522931327545,-0.9014569357899327,0.36734542082605603,0.4998864697172845,yehQ
b2123,12.633562169578097,0.11689727313233336,0.5384732943490672,0.21709019622531975,0.8281380540679251,0.8870441741201771,yehR
b2124,669.117496044833,0.2039700739449046,0.16360235774710916,1.2467428755531411,0.21249179223957826,0.3242590044160751,yehS
b2125,153.20356523475212,0.07275303905933168,0.21411773553004154,0.3397805365316137,0.7340218063959045,0.8182114007845888,btsR
b2126,307.2211130579702,0.22529612609469307,0.17045640401378467,1.321722861620814,0.18626045300569138,0.2922582909566402,btsS
b2127,504.0132767418811,-0.7368643816033624,0.21852314806722384,-3.372019797997246,0.0007461908426471645,0.002590870400441295,mlrA
b2128,145.24086632929678,-1.5948566070375798,0.27372709322896394,-5.826447752117592,5.661958199405884e-09,5.968284655835279e-08,yehW
b2129,101.80849548669148,-1.6709452471405306,0.33515184460572667,-4.985636433259779,6.175818075337206e-07,4.306333011022805e-06,yehX
b2130,167.24944034889438,-1.2064104746011055,0.3699147766348159,-3.2613200412701753,0.0011089479845954242,0.003700393802493335,yehY
b2131,411.4447568549583,-0.7399813785871433,0.2945865089742998,-2.5119323392087196,0.012007210753378137,0.029416950778985408,osmF
b2132,552.1782516354489,0.24381156142394078,0.14970820013515804,1.628578536137802,0.10340227109550416,0.18306922328751837,bglX
b2133,4155.499609824613,0.24214450970517706,0.16633517162938916,1.4557625265490959,0.14545827826026703,0.2397670336519478,dld
b2134,432.39244359275614,-0.10788077716823613,0.15080400980892947,-0.7153707471367797,0.4743799833104999,0.6028365104758779,pbpG
b2135,2751.342621338909,-2.375158847885332,0.2979373934572655,-7.972006535748968,1.5611854729886523e-15,3.8897172602765754e-14,yohC
b2136,421.15269711799465,0.013832509440567636,0.17839600732948502,0.07753822323511957,0.93819538504218,0.9596718656154273,yohD
b2137,341.1568805944633,-1.7829612417385379,0.21090737966310483,-8.453764133747098,2.8205882674810346e-17,8.402491570735169e-16,yohF
b2139,12.296677461805908,0.122452062948519,0.5702486769291194,0.21473449725116944,0.8299743249928672,0.8878543976179227,mdtQ
b2140,56.64002539029358,0.5169081544994695,0.30884290939026043,1.6736928023375581,0.09419098908867861,0.17005672206568193,dusC
b2141,42.36888779901025,-0.3992336703496784,0.2890435295785641,-1.3812233435281374,0.16721029940858312,0.2685162269018302,yohJ
b2142,186.94576764084852,-0.7576233707289517,0.2523723666655816,-3.0020060466163385,0.002682068483179055,0.007938073098883438,yohK
b2143,552.3740058336335,-0.5579496371626865,0.2877004872253041,-1.939341996059064,0.05245970837846657,0.10393342705728967,cdd
b2144,43.09316565733763,0.3782826896206517,0.3364990325193102,1.1241717005499674,0.26094019243746913,0.3816169089684936,sanA
b2145,15.586184896478024,0.136065848922339,0.5221088736266916,0.2606081907346134,0.7943946726124769,0.863271609598174,yeiS
b2146,259.95354382273075,-2.8047001214260714,0.2819884827462048,-9.946151325443871,2.6212518425917576e-23,1.6083531828201068e-21,preT
b2147,277.5873044587118,-3.080394007125337,0.279851775152503,-11.007234116870265,3.5266458807371586e-28,3.536107613587917e-26,preA
b2148,270.88483443752176,-0.9935467026720185,0.5232367385200211,-1.898847365883123,0.05758454740517817,0.11246084293714369,mglC
b2149,312.6739750513936,-0.3026575138083026,0.4573809106104954,-0.6617187267486225,0.5081515008178366,0.6318847005027605,mglA
b2150,4263.716868730896,0.22253870838816955,0.5420943351591471,0.41051657240217615,0.6814270491183714,0.7788008337296705,mglB
b2151,466.2089785269973,1.2995732752455236,0.25472617210382115,5.101844323699271,3.3635938484611277e-07,2.451725941670868e-06,galS
b2152,277.9004766780409,1.178468225276438,0.25284215463109744,4.660885076682923,3.148524990109728e-06,1.8978865446247934e-05,yeiB
b2153,1676.5602044251361,1.0851077074597022,0.1954715089480733,5.551232060872663,2.836632315312869e-08,2.59142121072249e-07,folE
b2154,2224.998221175383,0.7858553404844545,0.16821243161200303,4.671802987172196,2.985672686488381e-06,1.8156953275375345e-05,yeiG
b2155,154.58726860096493,0.5250045193381487,0.28634933680926156,1.833440667920444,0.06673706442299451,0.12742966643889012,cirA
b2156,960.7846923116513,-0.6239075841514236,0.19789365375530565,-3.1527417494796555,0.0016174483072121414,0.005138585773531,lysP
b2157,1525.417784110408,-0.0020497237356695507,0.23514024045036927,-0.008717026620980185,0.9930449071253796,0.9957091739493745,yeiE
b2158,202.05501359150927,0.048412349936205065,0.19550077559630075,0.24763252109124176,0.8044187460669149,0.8702540697581809,yeiH
b2159,453.49140631188,-0.32540369687279014,0.23249780215699908,-1.3995990235342284,0.16163342655353008,0.26088536182236444,nfo
b2160,284.9921388500523,-0.3284474728648877,0.20255592178097095,-1.62151503632684,0.1049072278785422,0.18541427936744928,yeiI
b2161,21.508444215326776,-0.5297528339431797,0.40895226133978196,-1.2953904013334931,0.1951855875884062,0.3031386288537733,nupX
b2162,6.156356307311671,-0.351831936199509,0.7264288176684283,-0.48433091810531587,0.6281510368601879,0.7321601679989318,rihB
b2163,10.285991379097691,0.564459322666196,0.5842157989942686,0.9661829132966218,0.3339526613079715,0.4639673506715346,yeiL
b2164,102.78371230673618,0.13611678584395648,0.2713665449299047,0.5015975196172988,0.615950664525889,0.7230452839847286,psuT
b2165,15.42798494186954,-0.1344734160903392,0.4593457611878431,-0.29274987918163925,0.7697133411485533,0.8456150575792898,psuG
b2166,11.015628955270033,0.9133103788478826,0.7087550536689984,1.2886121575006297,0.1975329547005631,0.3058598782576327,psuK
b2167,1600.4052338603726,-0.6170644539749959,0.3101462952757073,-1.9895915681547993,0.04663594574384827,0.09421148548057015,fruA
b2168,680.4044472826603,-0.44203383540793195,0.24347217742857577,-1.8155414720337217,0.0694407386990269,0.13191815008858573,fruK
b2169,992.535439657178,-0.2995155273796667,0.24054177606413432,-1.2451705158267747,0.21306907802593666,0.32501928748223585,fruB
b2170,124.02608289509259,0.568410449413081,0.262158470820797,2.1681940989106088,0.030143921617658997,0.06498251797073736,setB
b2171,300.76569002502066,1.749442611437545,0.22983641100270236,7.6116860849213985,2.7054302000622355e-14,5.947606177783878e-13,yeiP
b2172,1125.7365193746436,2.13160324365222,0.17959326886839985,11.869059776478538,1.713828740895562e-32,2.4294999840764328e-30,yeiQ
b2173,87.0205595838071,0.4397831610962624,0.2509291235356285,1.7526190459666562,0.07966741980317762,0.147861292465401,yeiR
b2174,25.014331714978425,0.6245894655791242,0.3647156099365987,1.7125383410041084,0.08679750515811283,0.15880041998442448,lpxT
b2175,950.1854653192205,2.2775345278358103,0.24174364375649468,9.421279883288026,4.456225186939906e-21,2.013136455330764e-19,mepS
b2176,259.8862256578043,0.661537479152169,0.1849046868535869,3.5777215299901743,0.00034660242725312475,0.0013230107506384363,pdeN
b2177,619.5029787038808,-0.3990160521335276,0.1560041645798751,-2.5577269248426306,0.010535879130735795,0.026282159651975032,yejA
b2178,156.8911827323773,-0.07714326212650177,0.20210757063147128,-0.38169407452414045,0.7026882957676115,0.7954210676059594,yejB
b2179,127.64161636736087,-0.13487229509652895,0.19943045255330624,-0.6762873641901735,0.4988582137189618,0.6242940994212031,yejE
b2180,263.3430963415247,-0.14357516929741224,0.22816776200941094,-0.6292526517900034,0.5291836638029201,0.6515346037417804,yejF
b2181,946.3987148469656,0.9413767942254337,0.2484197279084943,3.7894606928004975,0.00015097469743653402,0.0006367746511207351,yejG
b2182,515.5567140474062,0.07031860797453365,0.1728721331916412,0.40676658913313934,0.6841794279484688,0.780765192028192,bcr
b2183,627.9918856450957,0.7749232864400006,0.1666038105901172,4.651293891149261,3.298588458610957e-06,1.9825288235891295e-05,rsuA
b2184,469.09713711779847,-0.26879864096129163,0.15028008840887794,-1.7886510701933556,0.07367102759878726,0.1387999974604099,radD
b2185,2387.7122070149903,0.8253828211221492,0.23040811006398218,3.5822646212103737,0.0003406284880466045,0.0013062721216040962,rplY
b2186,542.5044313536649,0.9768029715596968,0.19098070019835206,5.114668500770978,3.142924220815947e-07,2.294948751647311e-06,yejK
b2187,190.5852003184677,-0.04242496113490656,0.25022448337791975,-0.16954760206590647,0.8653659332590822,0.9112498339211287,yejL
b2188,1307.049731596244,0.11279549750790786,0.1574022208538928,0.716606772738037,0.4736167643105418,0.6022389477515118,lapC
b2189,2.931107681233048,-0.17133344268035489,0.9633415822509696,-0.17785326185132858,0.8588382171796006,0.906891117601836,proL
b2190,294.6943661431995,-0.005033603064506119,0.21902302172035062,-0.02298207295730328,0.981664572880769,0.9896084009595002,yejO
b2192,0.0,,,,,,insH8
b2193,418.2934507751567,0.8857552019390933,0.21500786489123602,4.119640936796251,3.7946326378789994e-05,0.00018704717954820822,narP
b2194,269.84500624999106,-0.5839797362661233,0.23589348123732726,-2.4756077751830463,0.01330096103138666,0.03201419836067363,ccmH
b2195,74.3462133838163,-0.8926822223354329,0.32012805307149717,-2.78851607589686,0.005295011942543982,0.01441575767933663,ccmG
b2196,202.19684388057883,-0.6986313084844649,0.31831347468668103,-2.194790243083911,0.028178647706614827,0.06125987346477713,ccmF
b2197,74.72150359306448,-0.47096456966167793,0.40548537862184797,-1.161483482492954,0.24544533652905343,0.36290816044686913,ccmE
b2198,0.6477302460488438,-0.25941254122356205,2.742724544869338,-0.09458206136989973,0.924646798903803,,ccmD
b2199,140.24130985408974,0.30411613379788854,0.40706509414175335,0.747094600285195,0.4550064593966916,0.5833696166427568,ccmC
b2200,75.144031771475,0.701760801460832,0.42386119044975423,1.6556382543922024,0.09779509835726725,0.17502640372082093,ccmB
b2201,151.32125890438786,0.3745608316987398,0.38607142861913407,0.9701853178787037,0.33195412774972544,0.46165880215802474,ccmA
b2202,144.59786442444684,0.2924751902269609,0.5204196353458174,0.561998760928019,0.5741168633227824,0.6879249495318578,napC
b2203,39.34406679504169,0.14694874452167048,1.2508912829206242,0.11747523268254735,0.9064834695869866,0.9407742280618778,napB
b2204,90.94591850317357,-0.1695438019696001,1.3555623363964633,-0.12507267088897148,0.9004660188479319,0.936220486465313,napH
b2205,118.45789927882366,-0.0006954801522976247,1.181256996312177,-0.0005887627793688228,0.9995302352955062,0.9996335858372181,napG
b2206,744.9663518983925,-0.9068175157137428,1.2514189220415788,-0.7246314561348893,0.46867815576968963,0.5974374878664167,napA
b2207,4.206540403454105,-0.6239096746204268,1.190883646523934,-0.5239048134060406,0.6003447467638737,0.710425231418044,napD
b2208,140.8644216563143,-0.8692868651243906,1.1269819337992604,-0.7713405504149183,0.4405051027507919,0.5698289733821603,napF
b2209,1504.0316000875653,0.7948869857682481,0.1715493999419693,4.633574853873798,3.5940472016202325e-06,2.141322905197214e-05,eco
b2210,300.0996140029319,2.8394080425464794,0.2651413099207632,10.709036790212092,9.231729882912524e-27,8.433698121922974e-25,mqo
b2211,310.90871477195134,0.922391796851879,0.20737970110736728,4.44784032345734,8.673796777380326e-06,4.792739052662704e-05,yojI
b2212,95.2274331768403,-0.9187306459246718,0.23725471347175653,-3.872338856753799,0.00010779594353633537,0.0004719372991244672,alkB
b2213,524.7407169434828,-1.0612350465972664,0.15172617816324618,-6.994409662487219,2.6637815437731228e-12,4.6599174155111946e-11,ada
b2214,155.9484887257504,0.07479247582299833,0.22283370412863182,0.3356425641061193,0.7371404226191176,0.8206338123201948,ftp
b2215,132219.4931183303,-0.8969636443849033,0.27785185476363405,-3.2282082304181188,0.0012456826155361925,0.0041000810508160825,ompC
b2216,2445.6131059320583,0.3431275363728169,0.138615991572172,2.475382042728913,0.013309371873512414,0.03201569793564045,rcsD
b2217,2507.7353788688347,0.3629477396703851,0.11960938224128666,3.034442055207799,0.002409810425347554,0.007268327702570649,rcsB
b2218,1415.975891967929,-0.07957194726833755,0.14866354695724723,-0.5352485454367701,0.5924780015582826,0.7027372305858164,rcsC
b2219,238.42079193720284,-0.8972427463513758,0.22363724586978082,-4.012045233618291,6.019496214834844e-05,0.0002834610416859799,atoS
b2220,145.16066379350616,-0.9203887534400415,0.24184585031806483,-3.8056834641966666,0.00014141314455800192,0.0006018110116748922,atoC
b2221,1.4143709644971978,-0.09792994313654374,1.7176538083049688,-0.057013783955210326,0.9545342149937887,,atoD
b2222,1.6670017751389856,-0.21712663783694794,1.428820197113477,-0.15196218409817433,0.8792167619116711,,atoA
b2223,6.782505276939015,-0.517959139650306,0.6508241242914061,-0.7958511682618422,0.42611854681082073,0.556471837973089,atoE
b2224,31.017413438060093,0.08443982047447056,0.43150435690966255,0.19568706346144366,0.8448551105120449,0.8974675347067226,atoB
b2225,20.256201147291105,-0.4641023843363445,0.46022767661303143,-1.0084191106276537,0.3132533022933415,0.4399559336155506,yfaP
b2226,28.13754396134206,-0.48526557924399,0.39548458790154445,-1.2270151456946192,0.21981689840910879,0.3333335556473059,yfaQ
b2229,1.5457717589821893,-0.4722579876752421,1.3426976543516502,-0.3517232536637459,0.7250458196151623,,yfaT
b2230,58.541798764591896,0.4764378040608499,0.3266103504131019,1.458734554671167,0.14463818154852628,0.238798218612848,yfaA
b2231,8828.239556877028,0.8741892525047065,0.13250886347409052,6.597213420939474,4.189574624622239e-11,6.107567830433343e-10,gyrA
b2232,701.2303577271877,0.341585362119551,0.1743865703031666,1.9587824998548546,0.05013826390247492,0.10005747713741475,ubiG
b2233,311.82403767376127,-0.12867889912592706,0.18105729638585255,-0.7107081663900388,0.4772650980544896,0.6057538802414345,yfaL
b2234,1000.822745181293,1.4219854888819798,0.21236941349503766,6.695811159808128,2.1447854695523447e-11,3.253584156948225e-10,nrdA
b2235,624.0257617534904,0.4336100702606865,0.23942035835541153,1.8110827050764282,0.07012805027267754,0.1330394160918216,nrdB
b2236,27.170074839610578,0.052886637077467595,0.39670169432231234,0.13331588403678013,0.8939435660857684,0.9313510830494184,yfaE
b2237,580.8460548540112,0.07764156201426925,0.17472753998772,0.44435789584015184,0.6567838492230225,0.7573740264111768,inaA
b2238,4.842657895651015,2.205087877471596,0.9453271969386388,2.332618679133092,0.019668167686582104,0.04487005402860102,yfaH
b2239,274.44149448267325,-0.3816469403830643,0.1796872434884433,-2.1239512219887224,0.033674222574271905,0.07157626571219713,glpQ
b2240,99.57492932152668,-1.4224915439643657,0.48186093422853166,-2.952078998148711,0.003156421665996583,0.009189836734356907,glpT
b2241,256.2043540321468,-4.518311757972397,0.4856164260458882,-9.304281147906309,1.3490176233684388e-20,5.601829747139043e-19,glpA
b2242,75.12977823261544,-2.5502724091636373,0.6066872317553571,-4.203603233555472,2.6269925663921787e-05,0.0001333279807461512,glpB
b2243,38.82622419026445,-1.517596741338804,0.5079229613122414,-2.987848270174725,0.0028094899448483537,0.008273505131283368,glpC
b2244,16.511192422888218,0.07369954167122679,0.4467554173747458,0.16496619583105449,0.8689705892885006,0.9136414558989836,rpnE
b2245,22.868132668873766,-0.559199650808123,0.40508635977365065,-1.3804455206059911,0.16744951272653863,0.268585621076395,yfaU
b2246,20.940495844385268,-0.7099146806839537,0.40790877066857284,-1.740376112826369,0.08179299710822549,0.15105615952916218,yfaV
b2247,154.06438436443267,-0.3872474120384658,0.2054080099336674,-1.8852595483667847,0.059394804672386205,0.1156704229191674,rhmD
b2248,24.237874430299,-1.3923428752403888,0.3876055740308303,-3.5921642218943974,0.00032794306989992626,0.0012647035275408975,yfaX
b2249,954.6559962985808,-0.3388114905267651,0.13496685861386773,-2.5103310101932874,0.012061803840677093,0.02953310041037733,yfaY
b2250,41.46740680579138,0.06879439868777416,0.31870492189980404,0.21585609120088228,0.8290999243365608,0.8873808354458738,yfaZ
b2251,33.13343754524362,0.7738704795192995,0.3677285659736432,2.1044611464173455,0.035338240411161084,0.07438581993358076,nudI
b2252,6.636758293609243,-1.0826957844957972,0.7068530776048186,-1.5317126271339536,0.1255933650286175,0.21379475098660314,ais
b2253,69.65001720316153,-0.5835193021798476,0.3036779160603945,-1.9215071999631315,0.054667795541789646,0.10773696427243395,arnB
b2254,19.3203058586508,-0.6385125236716129,0.505364237372489,-1.2634699419796582,0.20642034223602357,0.31723141193730575,arnC
b2255,204.0981459526015,0.37419540987875144,0.26550352874035454,1.4093801752996309,0.15872278287686437,0.25729864369352895,arnA
b2256,54.00358648956608,0.1373367355214513,0.2792111073960305,0.49187418366796604,0.6228082896581411,0.7284110608206594,arnD
b2257,58.799003275592376,-0.3511231095282061,0.28754512486942524,-1.2211061122585603,0.2220458457542449,0.3355994381969488,arnT
b2258,13.401243049510356,-0.187086918986846,0.5478587919764643,-0.34148748131230716,0.7327366275728607,0.8181097979228762,arnF
b2259,308.9997152997188,-0.8897403342370128,0.200249257496595,-4.443164211243789,8.86454572174743e-06,4.891563417732038e-05,pmrD
b2260,380.90537736464154,-0.5442967115548769,0.1595609061453509,-3.4112159720317305,0.0006467384236073943,0.002292018671939653,menE
b2261,793.1180686988981,-0.506950090696294,0.16209918388954986,-3.127406804476675,0.0017635572164966863,0.005534338715280822,menC
b2262,787.0914803454789,-0.5499850389993901,0.1788036163551241,-3.0759167527521254,0.00209856427484657,0.00641904593295703,menB
b2263,28.76361600935763,-0.4475171985337013,0.3358632764165366,-1.3324386140349915,0.18271610049841402,0.2887911915220992,menH
b2264,579.033422195405,-0.3090364045099644,0.23370636427081604,-1.3223277229705943,0.18605904505031812,0.2921161641793124,menD
b2265,673.6244724959846,-0.2026627866295821,0.2644232991583407,-0.766433167102361,0.44341860420249435,0.5727763742851667,menF
b2266,6047.866704829466,-0.9406546302526118,0.24787961445375745,-3.794804313882347,0.00014775994962784217,0.0006249394577366865,elaB
b2267,160.29877619063245,-0.09033386832277139,0.2051969687391858,-0.4402300330156905,0.6597705097956673,0.7597525394313692,elaA
b2268,236.49442195420207,0.9291893754468269,0.20651495120640173,4.499380650256876,6.815172916449268e-06,3.86656939656878e-05,rbn
b2269,5.989648664624908,0.030567284038993493,0.7496778172394419,0.04077389424640067,0.9674761514196191,0.9803723109072789,elaD
b2270,9.827188533053606,1.02593514780484,0.7581508670148367,1.353207115418049,0.17598947274822752,0.27988113054853514,yfbK
b2271,1.9707053903107292,1.5746625937109877,1.505420158117968,1.0459954220883985,0.2955631459970969,0.4208729107010964,yfbL
b2272,22.463818846209094,-0.5498700194050868,0.5518264090518062,-0.9964547009446666,0.3190292663838675,0.44640208104291335,yfbM
b2273,8.378227702085718,1.2793071595483092,0.7067706130849277,1.810074069101942,0.0702843016139588,0.1332384866967066,yfbN
b2274,2.3196228127954033,3.5152187463781828,1.6860972028839298,2.08482567930585,0.03708512685612251,0.07713369070070614,yfbO
b2275,15.329452105979689,0.8273685534696111,0.6108665451297574,1.3544178512736615,0.17560310556195768,0.27959115684167624,yfbP
b2276,5569.1222196217905,-0.38146885526530333,0.18784448478617516,-2.0307695256506055,0.04227837976517117,0.08664327976800533,nuoN
b2277,3236.0907540616186,-0.20032942217651117,0.16285044738581558,-1.2301435175176563,0.21864336646996696,0.33205938933419643,nuoM
b2278,5994.206036914739,-0.2624349140692631,0.16365314764138678,-1.6036044393373776,0.1088012715878323,0.1910645140955056,nuoL
b2279,99.63401243260553,-0.665590545022356,0.2921989129043586,-2.2778679715355907,0.022734445053017936,0.05088094086055367,nuoK
b2280,1210.1382680882273,-0.4235479907832806,0.21423142766306952,-1.9770581534349467,0.04803505718712516,0.09670524980228772,nuoJ
b2281,1064.6034827187173,-0.525913219893535,0.19845464509740438,-2.6500423793830037,0.008048167475141749,0.020665844153846178,nuoI
b2282,2626.9873337406366,-0.6032691883130078,0.18690699631643565,-3.2276436955397125,0.0012481433452294938,0.00410489383379076,nuoH
b2283,8136.581480169659,-0.4769236080580025,0.19160436386251878,-2.489106189670126,0.012806470869820582,0.03100553695278705,nuoG
b2284,3442.2647884271028,-0.3916406314587812,0.21702981004593092,-1.8045476396809117,0.07114549792408068,0.13468361395312103,nuoF
b2285,1121.9792692871818,-0.41060848153091706,0.21799699210339557,-1.883551133293464,0.059625717108750614,0.11600630526932029,nuoE
b2286,4429.352189427901,-0.07171312078627765,0.21487909002607117,-0.3337370833875773,0.7385779638798455,0.8212859100649297,nuoC
b2287,2772.5573378231875,0.3384472173188677,0.15606036393541728,2.1686942717814492,0.03010590256674978,0.0649452631869842,nuoB
b2288,2520.1141786759795,0.4895147990659973,0.16762042066103833,2.920376867779691,0.003496083219153296,0.010008633784080222,nuoA
b2289,602.9780954385527,0.596658094721011,0.18202152492487084,3.277953500099952,0.001045626189297165,0.003526307845939824,lrhA
b2290,690.7733375737616,-0.6708437632914613,0.16250236041806831,-4.128209347640169,3.6559918856586386e-05,0.00018064642598488776,alaA
b2291,339.0589449788885,-0.009920062778200962,0.20224463759173586,-0.04904981855798938,0.9608795942219588,0.9758339950213619,yfbR
b2292,2520.1402027525987,0.8887298408209021,0.28473898927938035,3.1212088062478083,0.0018011027601004784,0.00563495696101451,yfbS
b2293,765.080575437409,-0.40984315949634637,0.15286298916032184,-2.6811143871228706,0.007337742897659091,0.01917702546234998,hxpA
b2294,440.0027214044738,0.0902857505691709,0.1482492480667148,0.609013210836258,0.5425156823518837,0.663088471764963,yfbU
b2295,1478.453458871442,-0.32858427384039546,0.1850925370710843,-1.7752432326010181,0.07585773413476678,0.14175052046728465,yfbV
b2296,3611.131095154236,0.3046699652527052,0.23548417852261094,1.2938022722552083,0.195733727629001,0.30372478082110516,ackA
b2297,3646.720909647524,0.051334646242501586,0.21481311477624201,0.23897352028982877,0.8111261156741155,0.8745186104212664,pta
b2298,29.59674485214491,-0.41498610019596427,0.37638009291275554,-1.102571862885845,0.27021313485080556,0.3912808021738858,yfcC
b2299,639.6896898191686,0.434378394355345,0.1598269014921771,2.7178052649453766,0.006571650319625529,0.01741847483170893,yfcD
b2300,631.2330035470014,0.5372519895242192,0.14907264537137405,3.6039609291550545,0.0003134041891569588,0.0012154760581360921,yfcE
b2301,403.32328069871056,-0.30488063838354185,0.1814416648298404,-1.6803231973729131,0.09289445004945973,0.16830722086969102,yfcF
b2302,219.5984293108803,-0.7909692467331977,0.19356884901019344,-4.0862424443694705,4.384156616841987e-05,0.00021253853598864866,yfcG
b2303,301.46008092905913,0.20550123588804536,0.15896370328331408,1.2927557149432376,0.19609556132616635,0.3040923623583063,folX
b2304,1568.273421067702,-0.7765868020849596,0.16577257203910306,-4.684651945327695,2.804360652636311e-06,1.7130351624053303e-05,yfcH
b2305,33.34574840466534,0.4970724420083411,0.3664182457745177,1.3565712071942615,0.1749174956001447,0.2786074484355656,rpnB
b2306,108.66011358079,0.5325313342282687,0.4987926199619959,1.0676407647507764,0.2856825878877698,0.40978406099323855,hisP
b2307,66.32255216488925,0.3271596789627552,0.582084720405187,0.5620482165122297,0.5740831683576215,0.6879249495318578,hisM
b2308,167.25500270933554,0.29961307110836266,0.5182944489703137,0.5780750145088348,0.5632134749413361,0.6797917191673026,hisQ
b2309,978.8766124896329,0.4413562664265818,0.4525779762987767,0.975204913937777,0.32945862512753243,0.4586537107684679,hisJ
b2310,1036.0721469728705,0.7822027525979309,0.4778748821367502,1.636835878672722,0.1016647667910104,0.1809280763107549,argT
b2311,126.17611258704842,0.6199320925505748,0.20834123780005614,2.9755611471672254,0.002924530403477866,0.008569311823733076,ubiX
b2312,969.9848168876188,0.6765888584933274,0.22775269812862287,2.970717203583798,0.002971052271941199,0.008680878386602892,purF
b2313,776.4515330164472,1.2936560291567798,0.17141417695106942,7.5469605383110006,4.455335078709492e-14,9.34483801457894e-13,cvpA
b2314,1003.2255770454494,-0.18925663014082,0.13755346161629328,-1.3758768984582388,0.1688597485340826,0.2704255653383769,dedD
b2315,376.45414556927267,0.25498115960431583,0.21955568717598486,1.1613507392315265,0.24549929316534735,0.36290816044686913,folC
b2316,2659.2161552785624,0.787878445469595,0.14434811222312738,5.458183230354442,4.8103111737158616e-08,4.2572125778446626e-07,accD
b2317,433.4122050221288,0.21314119208793725,0.20111586906573942,1.059793009264063,0.2892387778718859,0.4137176611095028,dedA
b2318,405.77104870675976,-0.24976916046877407,0.20837117158978158,-1.1986742626781997,0.23065462946751702,0.34543576748304644,truA
b2319,468.074211543563,-0.19859611659040866,0.15593747561433946,-1.2735624698810146,0.20281852001998757,0.31239675376626785,usg
b2320,1099.1337114152723,0.017829685522981174,0.13517190163792697,0.13190378552740922,0.8950603943758395,0.9317784961456257,pdxB
b2321,488.24456734759514,1.6393550896271534,0.1683528296453083,9.737615299255763,2.0838705317765873e-22,1.1272094415965198e-20,flk
b2322,50.36136287110039,0.14400273329654004,0.2692675201706302,0.5347942938134089,0.5927921092713957,0.7027992135510589,yfcJ
b2323,5412.690128194773,-0.31391147791082347,0.21304948726350786,-1.4734204805786064,0.14063769117820588,0.2332236984403406,fabB
b2324,503.7466278926028,0.0936210314929111,0.15711819008615538,0.5958637344382227,0.5512662619776391,0.6694994395834784,mnmC
b2325,171.66196480817803,0.08299637018283983,0.2726871227904281,0.3043648315092097,0.7608499579560785,0.8399178778618257,yfcL
b2326,223.4939397637836,0.1877162866962273,0.21859190128304976,0.8587522483422554,0.390477217737512,0.5228833361950853,epmC
b2327,219.3685447126419,-0.18854058933289447,0.271396036465726,-0.6947064953054495,0.4872392566699323,0.6144296270460403,yfcA
b2328,236.14859076515583,0.07803133164152398,0.3098347775428421,0.25184820200093344,0.8011583980225105,0.8683264366650516,mepA
b2329,841.1919852678599,0.17401745305075486,0.19839792583369062,0.8771132677900425,0.3804251188736353,0.5137738711200771,aroC
b2330,686.1931785412813,1.3494668627930095,0.16533934197753428,8.161801339310824,3.3006474683228507e-16,8.698052398894384e-15,prmB
b2331,894.3922514775883,0.15736651618423503,0.15854919058997852,0.9925406468406264,0.320933861637554,0.4486090123060131,smrB
b2332,251.18501393148088,0.45596497627912175,0.2812639914569194,1.621128157633221,0.1049901563119549,0.18548110554295083,yfcO
b2333,4.92098688681222,0.19771929514375697,0.7729205505211981,0.2558080452259036,0.7980990613684003,0.8661523868229919,yfcP
b2334,2.607552109558926,-0.9484868660853305,1.1005717860838162,-0.8618128122840109,0.3887905333118796,0.5218145225090229,yfcQ
b2335,3.353065747163687,-0.497754686150089,1.014239687115656,-0.49076632720380714,0.6235917285976618,0.7287053997342204,yfcR
b2336,3.726687054758466,0.7611613832826223,0.9037060268641746,0.8422665785729273,0.39963875408574057,0.5312062218001445,yfcS
b2339,0.778821489183536,1.7176552864715955,2.1005783599717924,0.8177058848186273,0.4135251493807711,,yfcV
b2340,1361.1079828068189,-0.40536947244530774,0.2280453356276744,-1.7775828272460146,0.07547239628657136,0.1412873502432126,sixA
b2341,2066.806657123715,0.0644634495459051,0.1391069880426156,0.46340913891512514,0.6430711292258728,0.7461657951587817,fadJ
b2342,1047.507432148307,0.3447264751108812,0.1852071272812736,1.8613024248648165,0.06270148093428812,0.1206904334361987,fadI
b2343,5925.74244452839,0.5297177793623099,0.2531328662521983,2.092647182505917,0.03638066138350508,0.07618260142365088,yfcZ
b2344,2170.806036252941,0.37921028696525305,0.40146584308759026,0.9445642599351058,0.34488138065211704,0.4758515661338294,fadL
b2345,6.571476732994373,-0.2892291798701157,0.6925219094495721,-0.4176462519431332,0.6762057749127534,0.7743403734446599,yfdF
b2346,1639.9314463022292,0.5070260053298737,0.1251342195221793,4.0518573357945975,5.081264675453243e-05,0.0002431790347006785,mlaA
b2347,212.59087509214837,-1.690182132835733,0.2314776636421366,-7.301707241389591,2.8413899603366277e-13,5.588973266480324e-12,yfdC
b2348,0.8688305474484525,3.1868614424828334,2.8298991944540948,1.1261395631082183,0.26010645016462053,,argW
b2349,27.911057319905847,1.3485237496157227,0.3640017854491051,3.704717403932278,0.0002116265349428452,0.0008588318708292563,intS
b2350,76.9731350495174,1.5915121623179977,0.25842796249025674,6.158436366490338,7.346669255444791e-10,8.935549499743649e-09,yfdG
b2351,165.45624571544718,1.2878527388741654,0.21654325265823113,5.947323331781551,2.725626875981708e-09,3.0202296730891644e-08,yfdH
b2352,121.44580576121628,0.9824099259943356,0.24519117229553494,4.006710016501788,6.157037909083497e-05,0.0002886155398431272,yfdI
b2353,26.175701407517508,-1.116231316229683,0.49273128843499164,-2.2653956475446204,0.023488411194149083,0.05228382621994589,tfaS
b2354,4.453042107222818,1.1587870218746072,0.8530116307656771,1.3584656762938403,0.17431596672872895,0.277864652664523,yfdK
b2355,0.6928214199486021,-0.16198743147314917,2.0868574278291865,-0.07762266329887878,0.9381282140653024,,yfdL
b2356,0.0,,,,,,yfdM
b2357,0.14527101049287064,0.7984912879891685,4.426327699496274,0.18039588168766593,0.856841787227373,,yfdN
b2358,0.9110340530142086,1.9719200678888957,2.2823047619787054,0.8640038353945714,0.38758578362443263,,yfdO
b2359,6.999225365721052,-0.16312980447496317,0.6723152549875867,-0.24263885619845874,0.8082851776320692,0.8728290951524655,yfdP
b2360,7.321963440758826,-0.6318835959811638,0.7351751027805093,-0.8595008095232194,0.39006427357524565,0.5225950291135776,yfdQ
b2361,0.3267527913584242,1.7427147826687681,3.594338259102544,0.4848499659862006,0.6277827762654415,,yfdR
b2362,0.0,,,,,,yfdS
b2363,0.3444062154593097,-0.1633005564733861,3.394049543058458,-0.048113781016358444,0.9616255632631153,,yfdT
b2364,46.825960747857856,-1.215474010099596,0.3125083475358882,-3.8894129378736424,0.00010048700949192332,0.0004427675198513363,dsdC
b2365,42.39777071901433,-1.232581810946022,0.4434406143927071,-2.779587099016732,0.005442805519339046,0.014769223425744434,dsdX
b2366,115.95037891708688,-0.36748019900383705,0.3528712684536957,-1.041400170136148,0.2976898636162635,0.4231684057145433,dsdA
b2367,2.953858300768003,0.15854180052380426,0.9557511346677532,0.1658818857472955,0.8682499030661461,0.9133509087781287,emrY
b2368,4.710838653583964,0.6209362389904763,0.9855622997707256,0.6300324587648357,0.52867334778375,0.6511012980044926,emrK
b2369,548.2076420058719,0.48157421115731314,0.2005503038755257,2.401263931548111,0.01633854733265124,0.03838260222081904,evgA
b2370,647.3601293938375,0.758666854754696,0.25559898137250386,2.968192011880646,0.0029955713779717206,0.008746302510541011,evgS
b2371,13.263859821092671,-0.8179518305549974,0.6541294123941029,-1.2504434368136836,0.21113760556810834,0.32303189299981144,yfdE
b2372,2.231907052043877,0.6916831068624957,1.3719816564214633,0.504148946616831,0.6141567134169523,0.7215770931286342,yfdV
b2373,6.1733796125960945,-0.36729081732087326,0.7207496047782679,-0.5095955861590336,0.6103348167756029,0.7183184745961934,oxc
b2374,5.207921622943509,0.1805598535316917,0.7312505337000715,0.24691927760800764,0.8049706968027323,0.8703930916770206,frc
b2375,3.0899393563834985,0.9865322173245122,1.0609255984117278,0.9298787952721783,0.3524338431197943,0.48440505819641405,yfdX
b2376,0.6144992968353941,2.6718815812583903,3.0891148164311173,0.8649343711818519,0.38707481113165176,,ypdI
b2377,312.6357010156196,-1.0332435259803767,0.22157011008262828,-4.6632802844889945,3.1120842750446823e-06,1.8838499213439174e-05,yfdY
b2378,2251.7312596845572,-0.8377848386826938,0.19884561369160178,-4.213242742090607,2.5173027081275347e-05,0.00012903530465227303,lpxP
b2379,682.1198534732297,1.7179844725867965,0.29742720862771244,5.776151013598711,7.642878296990314e-09,7.777196207655241e-08,alaC
b2380,559.9495659270559,-1.0500430402199328,0.15183184380088346,-6.915828813861923,4.651358113314126e-12,7.836775903210806e-11,pyrS
b2381,270.87436129701877,-0.9092728959182397,0.2105872777234533,-4.317795954949909,1.5759501669921258e-05,8.370453664734663e-05,pyrR
b2382,201.69523027752356,-0.352278098466331,0.20867756253040654,-1.688145549500562,0.09138329255388404,0.16622863526062712,ypdC
b2383,65.73858831174886,-0.27121452845738436,0.2484386705805269,-1.0916759771078999,0.27497554785467393,0.39677938828731646,fryA
b2384,11.783221546370783,-1.0813603206287186,0.6082408569124658,-1.777848870787615,0.07542867951490713,0.14126984122359143,ypdE
b2385,17.307681072268633,-0.6411094549774626,0.4277972219064487,-1.4986293088122515,0.13396982493611032,0.22424672243988172,ypdF
b2386,14.016534738580951,-0.4253391077576101,0.5112043030181527,-0.8320335045037883,0.40539003315154365,0.5365609872137785,fryC
b2387,4.379997337126278,0.3060156328786,0.8321828870953651,0.36772641882448576,0.713077239363503,0.8046830993750647,fryB
b2388,1089.8936755284003,-0.43602079192392634,0.1680455572597104,-2.59465825240513,0.009468501326204061,0.02388037359019932,glk
b2389,178.60161328581546,-0.9631759331140742,0.1894276629016673,-5.08466355103617,3.6827830659024565e-07,2.662895096563823e-06,yfeO
b2390,3023.4821172582488,0.005701083757719863,0.3165991764203761,0.018007260227834707,0.9856330615266943,0.9914209728251138,ypeC
b2392,633.073021230947,-0.7394435455533357,0.21605998336933527,-3.422399344950994,0.0006207107490194036,0.0022208555696374877,mntH
b2393,570.0510871332257,0.7394059377839644,0.14417162138721548,5.1286510526095235,2.9182569184065376e-07,2.1461456514435198e-06,nupC
b2394,0.0,,,,,,insL3
b2395,277.7829096142478,0.8618082272063287,0.16528861460725958,5.213960013241454,1.848513310545515e-07,1.4338185320099268e-06,pdeA
b2396,4.378693225143745,4.470649079734945,1.5851067034371906,2.8204089163465538,0.004796248737872828,0.01318006588328556,alaX
b2397,0.5518358355441196,0.9030179668672902,2.9713037106978306,0.30391304787056267,0.7611941369254858,,alaW
b2398,321.54524815188637,0.37082044238377376,0.22022544446313735,1.6838219729230421,0.09221607939060332,0.16729933908860117,yfeC
b2399,168.0086761321069,1.1977111660925936,0.25255892544208813,4.742303856401342,2.1130137510842954e-06,1.3201519043628478e-05,yfeD
b2400,2844.136123191918,0.5730789405976876,0.17385248645707027,3.296351707567893,0.00097949309224185,0.003314153170540119,gltX
b2401,0.703501285405594,-1.7143050428391888,2.8092422642663553,-0.6102375237070863,0.5417044762882274,,valU
b2402,24.156323288006437,2.560012652149374,0.4508454613984379,5.6782486934851155,1.3608077225719704e-08,1.3163013052925577e-07,valX
b2403,0.0,,,,,,valY
b2404,0.0,,,,,,lysV
b2405,118.95934349928923,0.022545769618689145,0.23256350762433015,0.09694457160969681,0.9227704124555939,0.949408969599185,xapR
b2406,132.14065770002102,0.27267312835564006,0.23624420444836638,1.154200286065581,0.2484180653359489,0.3663008129828142,xapB
b2407,7.455158428680409,-0.8651770515134452,0.7567790698841663,-1.1432359666684102,0.2529406329579117,0.37176937507685914,xapA
b2408,19.149142596098592,0.14441544102526824,0.46186723348049935,0.3126773898572427,0.7545257751243754,0.834280651300782,yfeN
b2409,48.78401186451763,-0.12786044803850233,0.289429282171914,-0.44176749179979763,0.6586574647686115,0.7588959746815477,yfeR
b2410,998.0775811839135,-0.9767620540753998,0.18215655961360588,-5.36221180366673,8.220906462923382e-08,6.88312555378371e-07,yfeH
b2411,693.5295407194004,-1.016236051221866,0.19048144737157446,-5.335092027306375,9.549611152306498e-08,7.789375287129368e-07,ligA
b2412,1930.4718740854735,-0.31055297233849855,0.13676177293217495,-2.2707586022046735,0.02316159528735254,0.05172043358300179,zipA
b2413,423.7821738271321,1.063950429429323,0.21619672809657464,4.921214297720817,8.600888987564308e-07,5.825083134740835e-06,cysZ
b2414,6241.006939869621,-2.7006633697116285,0.4196004547930136,-6.436273695279596,1.2244216573251382e-10,1.6891266554575982e-09,cysK
b2415,2903.731568901534,-0.2965041824042513,0.19627724644432368,-1.5106396068601775,0.13088029711536014,0.2206927405419383,ptsH
b2416,9852.666478921836,-0.5995776953705467,0.1797730519808025,-3.3351922814025206,0.000852404365368213,0.002939793914453627,ptsI
b2417,9058.173090372247,-0.2256726140529284,0.18059736917920138,-1.2495897092996975,0.21144946421196475,0.32338867089858153,crr
b2418,169.59801775852097,-0.12940593715878373,0.22996982141579445,-0.5627083430430323,0.5736335021709281,0.6879249495318578,pdxK
b2419,36.93301428781575,0.7779558177215453,0.343012485223001,2.2680102073129405,0.023328584549158246,0.052008574339256805,yfeK
b2420,50.761023971172584,1.6630914900849434,0.301391048259725,5.518052044637263,3.42777928560432e-08,3.103876793638625e-07,yfeS
b2421,690.5050868992342,-2.070506425693982,0.21330594053167598,-9.70674525300673,2.822046942910767e-22,1.5066798678319692e-20,cysM
b2422,2142.6167020885755,-3.9547525514056803,1.0380827755082898,-3.8096697534252644,0.000139152538227145,0.0005946528946484336,cysA
b2423,1031.6862984408447,-3.769356222685034,1.2174902896418804,-3.0960051630422236,0.0019614694607887903,0.0060628578596261026,cysW
b2424,705.7180343658989,-3.7685226976308526,1.36762869689272,-2.755515957067157,0.005859964606330283,0.01574530359256457,cysU
b2425,1752.3463533919894,-4.00910826206684,1.0453715892722173,-3.8351035203261663,0.00012551141996532643,0.0005414243939952329,cysP
b2426,4786.6856640189935,-0.8224161823198927,0.22932808688651043,-3.5861991153612545,0.0003355327992556611,0.0012883792803994978,ucpA
b2427,60.14269767474562,-0.8170163768504033,0.3303971273109869,-2.4728313575238356,0.013404738182780169,0.03220741009316731,murR
b2428,73.9501734035686,-0.9780424677190663,0.23995430413371646,-4.075953008011243,4.5826273441222266e-05,0.00022085792510769604,murQ
b2429,71.37560559222904,-1.2875764757959023,0.24691741617017904,-5.214603715553568,1.842106137431896e-07,1.4315497790137097e-06,murP
b2430,90.29491694653824,-1.1591822942093915,0.2802008910757638,-4.136968621901916,3.519242122692376e-05,0.00017451874989612013,yfeW
b2431,2291.7733116625327,-0.07585261611769277,0.17330264865357423,-0.4376887295549615,0.6616119406061365,0.7612333299277434,yfeX
b2432,243.56710951343396,0.6191245928798718,0.17259048605441535,3.5872463600610667,0.0003341885481090501,0.0012851722369282552,yfeY
b2433,33.463724543676896,-1.2669556921353322,0.40427038993287234,-3.1339314569778556,0.0017248114061523612,0.005441826316724756,yfeZ
b2434,96.79014320515971,-0.887953892481429,0.24987943109032193,-3.5535293505629415,0.00038009878056759417,0.0014388453838981396,ypeA
b2435,726.6503774889029,0.9577647457535596,0.15345593120745551,6.2413015790101145,4.3394466130674827e-10,5.50600772417297e-09,amiA
b2436,361.03366092297273,0.583891079358395,0.1592079164410223,3.667475163364092,0.0002449573355091293,0.0009824581524663712,hemF
b2437,171.8241765627039,-1.1072667614466,0.24530342786163634,-4.513865831794063,6.36564962969579e-06,3.639664204127871e-05,eutR
b2438,147.492909577294,-1.0071341067046033,0.3238748936901629,-3.1096393277957657,0.0018731591772557668,0.0058293394229360015,eutK
b2439,124.42950859025687,-1.1598881956417066,0.41001615164717603,-2.828884157324136,0.004671060329399016,0.012896392890637579,eutL
b2440,237.44415845203847,-1.4178677873484027,0.22002300790421736,-6.44417963763882,1.1622735785133213e-10,1.6087901283731528e-09,eutC
b2441,221.0385624830336,-1.3814719213491133,0.34535548538913047,-4.0001447198458,6.330375909661189e-05,0.00029606570380679353,eutB
b2442,326.81702543623663,-0.8728124713668224,0.2388803880870976,-3.6537636193415275,0.0002584241975535734,0.0010304382891782157,intZ
b2443,56.99545785465195,-0.14341556040021414,0.2992178418367466,-0.4793014999368311,0.6317241552518659,0.7359076231908248,yffL
b2444,4.227860150942779,0.4032040752696222,1.0149785121455033,0.39725380433652024,0.6911803093034101,0.7859410848869609,yffM
b2445,2.3313646384125852,1.7890442698816158,1.3629850396277579,1.3125927415683287,0.18932021675378574,0.29604237773861286,yffN
b2446,3.5174717099251525,-1.8823358932023933,1.05593039277159,-1.7826325542744033,0.07464613692331616,0.14037981193584298,yffO
b2447,15.490180076463048,-0.9139115372733358,0.5153849807306032,-1.7732599346953932,0.07618564473316045,0.14229858496048278,yffP
b2448,3.972144770977863,0.13941242796334827,0.9140423438147077,0.15252294262595956,0.8787744965283686,0.9218274955927848,yffQ
b2449,96.11205365904736,-1.8489342387390686,0.3153798238212316,-5.862563484045541,4.557752655850653e-09,4.87940655421928e-08,yffR
b2450,169.07368220840348,-0.23137352669279437,0.18963791611219916,-1.2200805167881215,0.22243435358218855,0.3360630751842621,yffS
b2451,68.01533076454471,0.5137491062383222,0.3947936134951789,1.3013105802041955,0.19315216716376815,0.3007759693978223,eutA
b2452,60.42239081777483,0.5347690775768308,0.3561227609219771,1.5016425128019077,0.1331894578088242,0.22339529214690998,eutH
b2453,59.34919816120604,0.7577597460147181,0.4171765239674542,1.8164007380094915,0.06930892208101938,0.13181297468216369,eutG
b2454,37.5618942790252,1.630824543598631,0.589401940061787,2.7669141086092655,0.005658966245517214,0.01530526989165873,eutJ
b2455,98.93040446772132,1.6169246396435297,0.4677028714446904,3.4571620966298555,0.0005458963769723948,0.001996601428588537,eutE
b2456,14.41997700763313,1.813579206702447,0.5978879348991213,3.033309590046241,0.002418873060438646,0.007275766332060369,eutN
b2457,112.97467966190617,1.4249632209739491,0.43578006830417215,3.269913712481527,0.0010758029507223618,0.003604422111181442,eutM
b2458,54.8430328126528,0.5266710837683556,0.5255112997639999,1.002206963018448,0.3162436455441997,0.44325865217599897,eutD
b2459,52.74589579227389,0.761051462065429,0.4589883849734237,1.6581061459964728,0.09729604360688382,0.17428498268753784,eutT
b2460,32.66412382515216,0.5567795598418266,0.6478464358428346,0.8594313853366625,0.3901025602905549,0.5225950291135776,eutQ
b2461,16.348512824339462,0.8957692444879025,0.6483068940178431,1.3817055668441627,0.1670621244165813,0.2683831158564149,eutP
b2462,16.589913990079577,1.4463207170032353,0.5803196300030766,2.4922829458579017,0.01269248813261893,0.030802136194330827,eutS
b2463,4883.382163647134,0.38472594362667456,0.2940552961992253,1.308345568331539,0.19075612579142032,0.29772150080809756,maeB
b2464,3227.529993997041,-1.9360157255355808,0.3316779711089158,-5.837034395328701,5.313812947158228e-09,5.6157030914569347e-08,talA
b2465,8939.183272867162,-2.164779850352518,0.318551853972079,-6.795690633595435,1.0779487276788968e-11,1.7176152013519167e-10,tktB
b2466,1395.6752576653953,0.01565257199156981,0.23624480820902238,0.06625572900514655,0.9471742288719467,0.9666914734092783,ypfG
b2467,422.23957047233097,0.4985087897933396,0.1531091231120121,3.255905197945905,0.001130314853091756,0.003765578898752195,nudK
b2468,128.98702603755592,-0.01788559710658561,0.2261031291258997,-0.0791037133175918,0.9369501299708026,0.9589325773921947,aegA
b2469,377.0203515595879,0.17431776802231708,0.18257722552154043,0.954761841321502,0.3396981484421351,0.469953873509443,narQ
b2470,210.66687982149753,0.044274085113656,0.23483387934120561,0.1885336359381402,0.8504583505935093,0.9008591289074765,acrD
b2471,70.36709392494966,0.4576525808031689,0.24522333883709976,1.8662684513368626,0.06200381637979393,0.11978274865476167,yffB
b2472,247.32010060277204,0.02725780781214042,0.1850054860396596,0.14733513257167502,0.8828675032768145,0.9242343534430824,dapE
b2473,564.5811888428028,-0.8706564386879205,0.1677376776607593,-5.1905835995224505,2.0963597192471255e-07,1.5930008883225384e-06,ypfH
b2474,539.3710666518598,-0.5772996618673981,0.18232426517366837,-3.1663347789582805,0.0015437301465785465,0.004942581489551717,tmcA
b2475,953.45821212462,-1.0260682949583655,0.14378719079414762,-7.136020178788612,9.607191283708503e-13,1.7952346985148028e-11,ypfJ
b2476,796.068768717209,0.44201701506674285,0.15604368143761183,2.832649236383638,0.004616401165590688,0.012779814943934894,purC
b2477,2467.628881402064,0.25749616829795996,0.11953297874030802,2.154185154687599,0.031225654590995508,0.06706295395740981,bamC
b2478,3324.597971960006,0.35423086236351164,0.17320388962189498,2.0451669020643797,0.0408384063413497,0.08394334423464431,dapA
b2479,544.2687425931908,-0.0558621297385392,0.15767923943708492,-0.3542770115962448,0.7231312940677379,0.8113517330547135,gcvR
b2480,514.7818881925604,0.629432477087665,0.21652776144583685,2.90693661119807,0.003649871510258917,0.010419876235190561,bcp
b2481,1.580703149252326,1.019715774299577,1.575042663449677,0.6474210495772752,0.5173594762051781,,hyfA
b2482,23.33233528596075,0.06281068839697931,0.42975532411372286,0.14615453229465564,0.8837993980137052,0.9247389476290002,hyfB
b2483,2.040043962373057,-0.6428141915233753,1.2591480617707553,-0.5105151737432513,0.6096905868643203,0.7181404732761967,hyfC
b2484,8.223598500279795,0.22438866264079713,0.6936799732703857,0.32347576877981155,0.7463349556701573,0.8274495692448803,hyfD
b2485,2.264820088912407,-0.5796083658916706,1.1544219091258041,-0.5020767202266493,0.6156135550569908,0.7228755569378147,hyfE
b2486,45.5007816087315,-0.6720118909483518,0.2985354367316872,-2.2510288838920376,0.02438370802950128,0.05400938777439643,hyfF
b2487,46.50297161167334,-0.9830773471674129,0.3241004065205554,-3.0332493492416006,0.002419356014577116,0.007275766332060369,hyfG
b2488,8.44331478110643,-0.5644736108244574,0.5867755670212249,-0.9619923571290062,0.33605344313407026,0.46578412161974475,hyfH
b2489,16.780824761555433,-0.00826316961814385,0.4261505744776711,-0.019390258075498178,0.9845297818785218,0.9911008655107076,hyfI
b2490,6.408451784580766,-0.8472400472205827,0.7025717567374474,-1.2059124766912572,0.2278512393552652,0.3417352955087542,hyfJ
b2491,31.888200817200907,-0.026818834919302547,0.321524903078034,-0.08341137704283397,0.9335244424656188,0.9570428445706396,hyfR
b2492,28.313078568287892,-0.07263733449894191,0.4155233729601316,-0.17480926278943948,0.8612295097592633,0.9078242345180336,focB
b2493,520.1869555904694,9.017231691668733e-05,0.1963545743006648,0.0004592320664687567,0.9996335858372181,0.9996335858372181,yfgO
b2494,780.6651311074371,0.1056101344164136,0.15154938639372043,0.6968694293623986,0.4858845109689184,0.613285607796507,bepA
b2495,419.8434375816325,0.5327212844003854,0.18882067676401884,2.821307991953449,0.0047828259371889064,0.013151971523601067,yfgD
b2496,537.3534473539045,0.8470568259549504,0.22228901603199225,3.8106103534735176,0.0001386241143115665,0.0005930111695471903,hda
b2497,244.03638589599197,3.537379715229485,0.41913429848965655,8.439728573816016,3.180754148027059e-17,9.3400573589566e-16,uraA
b2498,1599.280447670307,2.5517295492867555,0.33540246920999484,7.607962920777195,2.7844969332608004e-14,6.088865368422951e-13,upp
b2499,859.2496881385996,2.0000928771523734,0.23735735747045908,8.426504653015865,3.5614365872105524e-17,1.0310609725368014e-15,purM
b2500,248.5543476857407,0.7740764682665693,0.1717824861079084,4.506143122066115,6.601656844950702e-06,3.758921231245476e-05,purN
b2501,2239.4744730738685,-0.22796908361144347,0.1481818525505201,-1.5384413117235205,0.12394074780884463,0.21184931974924157,ppk
b2502,1283.0682881723017,-0.440659631453354,0.14979116498210973,-2.9418265857401145,0.003262825885961668,0.009479489199426443,ppx
b2503,45.622161799010335,1.113076749428269,0.34802378575899,3.198277804492035,0.001382510272894914,0.004489336281098729,pdeF
b2504,232.76726828806963,-1.0426398977691147,0.23760213114017398,-4.388175698449467,1.1430541888752058e-05,6.191167023011819e-05,yfgG
b2505,5.008886931796921,1.110025528973544,0.7998892265645299,1.3877240649196245,0.16522108518784617,0.2656331174060366,yfgH
b2506,25.138911132407383,0.7029774006354521,0.492590081401953,1.427104253976692,0.15354984651839595,0.25019556838570184,yfgI
b2507,4015.7979736109955,0.2021593469476153,0.1669196004340113,1.211118085724962,0.22585015086141502,0.33972556538283105,guaA
b2508,1966.9002450591813,0.9249143950487175,0.17121690116787985,5.402004058827288,6.590045869513335e-08,5.644099701993608e-07,guaB
b2509,1873.3971880463548,-0.2596945616272293,0.1532308634729308,-1.694792783525011,0.09011473694798922,0.163993662502516,xseA
b2510,137.0330044293785,-0.730876214400279,0.25644041866216866,-2.850081973088361,0.004370796277614205,0.01220675509325543,yfgJ
b2511,1405.5222674973545,-0.6153381939855405,0.18101907324255245,-3.3993003221325293,0.00067558489678841,0.002381693174408352,der
b2512,2915.3341197701943,-0.6344563055134559,0.19161710819633904,-3.311062939449879,0.0009294230152694166,0.003166962822655705,bamB
b2513,1035.5138038016437,-0.23224638204678108,0.14888064995499506,-1.5599500816055447,0.11877167809382867,0.20531234318539396,yfgM
b2514,3200.4750123210983,-0.10916004171639575,0.12691857369753176,-0.8600793291023142,0.3897453148990381,0.5225841453196169,hisS
b2515,3306.151995942542,-0.6261620179323976,0.11595820201997942,-5.399894160350217,6.668022471371566e-08,5.699010473972662e-07,ispG
b2516,2735.6981652615036,-0.18981253365839218,0.15934744791361768,-1.1911865307142517,0.2335803660250122,0.3495627538146433,rodZ
b2517,1172.5517440971842,1.0245448062864508,0.1987316453386642,5.155418527031743,2.530650562493882e-07,1.8949917053574406e-06,rlmN
b2518,830.934585056319,1.62690077854835,0.3353117081544114,4.851905671600231,1.2228078287483252e-06,7.979306323784707e-06,ndk
b2519,273.5152754391332,0.478997233787802,0.21239243024579615,2.2552462591697413,0.024117875784535385,0.053507062790191566,pbpC
b2520,6190.084283254743,-0.14478595720985696,0.21131563903222725,-0.6851644197889962,0.49324017320153246,0.6194185876174827,yfhM
b2521,4016.7388111140463,-0.5601463238966649,0.20182670615960904,-2.775382577237765,0.005513680565917732,0.014951675993725459,sseA
b2522,754.5043937487291,1.7891959771920884,0.46932867316775406,3.812245190808039,0.00013771016675634466,0.0005897150995159717,sseB
b2523,2766.125503587271,1.4889807290856034,0.45141790872887544,3.2984529419276876,0.0009721917393443434,0.0032975909574625376,pepB
b2524,250.13732330778953,0.7450935878367383,0.38875238576784815,1.9166276918534126,0.05528524738236636,0.1087452880329704,iscX
b2525,207.6054860200866,0.5773688302733313,0.4578093802397523,1.261155527156229,0.20725281809098695,0.31827281851776146,fdx
b2526,1431.3712248184947,0.33780206817879765,0.3231861608990522,1.0452244218597921,0.2959192587011862,0.42108829093824035,hscA
b2527,203.8899024622544,0.5695277243345606,0.3427961266120192,1.6614182020182477,0.09662948461713988,0.17331754418021905,hscB
b2528,1156.1781413554365,0.9774151362393083,0.35090312029241316,2.785427315165544,0.005345722339270695,0.014524960037502858,iscA
b2529,901.1789093366347,0.9940968095769731,0.41525711023286943,2.3939308565228417,0.0166688907836778,0.039001599323676396,iscU
b2530,3490.3374711154243,0.9208331636531528,0.32589595587803577,2.825543389061778,0.0047200494927670785,0.012996733733935338,iscS
b2531,1174.3563376940674,0.5090585899309236,0.22096186169800242,2.303830109046939,0.021232182248317355,0.04790642218596742,iscR
b2532,3401.3695900509397,0.07950201275508392,0.262744346329446,0.30258315303728406,0.762207554890744,0.8407392696956931,trmJ
b2533,673.696361798434,2.8820869629055723,0.2452037238364168,11.753846629296318,6.747580181386745e-32,8.9481619760261e-30,suhB
b2534,8.21726915090848,2.079511806115987,0.7569648436733887,2.7471709201507437,0.006011179900722881,0.01610949189822149,yfhR
b2535,5178.503007904507,-1.847042360926811,0.2150748976788363,-8.587903008955204,8.857098918363676e-18,2.758449519196445e-16,csiE
b2536,319.83683617240405,0.4781976670403873,0.18433125237884418,2.5942300118353145,0.009480303970868728,0.02389548106943062,hcaT
b2537,223.6109474526861,0.36896058475900523,0.4219273156243973,0.8744647978360723,0.3818651827362657,0.5155493485152014,hcaR
b2538,190.80472275756054,0.14243667241229213,0.2413766851782947,0.5901012034657789,0.555122802057527,0.6725935276329187,hcaE
b2539,16.675807335818533,0.10794224263522686,0.5504827576623238,0.19608650976392727,0.8445424549422197,0.8973672867065043,hcaF
b2540,4.180757382910528,-0.17998251751555358,0.9121675023127563,-0.19731301220358835,0.8435825972444964,0.8970429532519721,hcaC
b2541,41.44935180771113,-0.05671906911058953,0.2997804588922329,-0.18920202244062637,0.8499344826147185,0.90055329555606,hcaB
b2542,52.63390021319724,-0.3616045578919748,0.31277780028394553,-1.1561068514571797,0.24763745390979952,0.3652807940520939,hcaD
b2543,143.81888970020532,-0.9815485809349267,0.23022380795202557,-4.263453852433296,2.0129108711197864e-05,0.00010528087266123972,yphA
b2544,60.30004687657368,-0.8038260205020804,0.2685085861774103,-2.9936697069753015,0.0027564416572857958,0.008134767877316516,yphB
b2545,74.61472726581746,-0.6554426789172332,0.2641492413438455,-2.481334701484293,0.01308914034890582,0.03152282130893487,yphC
b2546,16.802424807925398,-1.129242705376443,0.45143241800024586,-2.501465690875191,0.012368042552758531,0.0301750877948904,yphD
b2547,25.75546532137164,-1.7483666639483264,0.5112267850231942,-3.4199433894470213,0.000626341685396712,0.0022390353640572894,yphE
b2548,15.47752493461647,-1.2397024759663866,0.5142940031108404,-2.410493741843625,0.015930944631120453,0.03748833049715866,yphF
b2549,75.13541308008266,-1.2154194568007737,0.3047669862929261,-3.9880285971413456,6.662463404839085e-05,0.00030983469521825204,yphG
b2550,174.68822902056536,0.7695043696315494,0.25890578469532727,2.9721405048445697,0.002957313129462475,0.008646880707838004,yphH
b2551,9577.60646822159,1.2725572557696296,0.24951790587207956,5.100063866446652,3.395388925821584e-07,2.4705210396553156e-06,glyA
b2552,1558.9542759430853,-0.2612915568748884,1.4735013260386758,-0.17732699133521523,0.8592515507235032,0.906891117601836,hmp
b2553,661.0263076843509,0.297856139372936,0.14313297432558797,2.080974986905502,0.0374361956037528,0.07772737380152919,glnB
b2554,180.35394414581353,-0.31646029335664444,0.22757455153625913,-1.390578565223376,0.16435325994892402,0.2645482582811381,glrR
b2555,121.6404993029267,0.5247118552006809,0.2170994151517387,2.4169197085765552,0.01565246936741761,0.03698120779853666,qseG
b2556,254.7755533942417,0.38419684158995354,0.1963334371036635,1.9568589398610625,0.05036405517738749,0.10036191509173048,glrK
b2557,3598.7754787974823,-1.0385150316663954,0.16258706833647735,-6.387439310469432,1.6868651959914382e-10,2.2736730559740334e-09,purL
b2558,93.9375227726941,0.6402174449984226,0.26842255419596445,2.3851104722408154,0.017073993286876445,0.03974585866497682,mltF
b2559,187.36261675806955,0.6962267150228187,0.2222180235544102,3.133079414021281,0.0017298263273152945,0.005453463214411944,tadA
b2560,388.28637394964176,-0.20600877314370894,0.2127723222475365,-0.9682122701280717,0.3329383681674267,0.46287102858853274,pgpC
b2561,89.08673467598419,1.4316785760977175,0.24154856625404864,5.9270837260609115,3.0836177502727316e-09,3.375326798459594e-08,yfhH
b2562,37.91661527410151,2.738358551643514,0.4027751847483858,6.79872706992654,1.0554755495199886e-11,1.6883501883566822e-10,yfhL
b2563,55.09837033948626,0.5431742818713114,0.30579871317123264,1.7762477684697122,0.07569208803421554,0.14156968785653323,acpS
b2564,495.8513098719634,0.08360808611459249,0.16815365423868625,0.4972124245121353,0.619039260768425,0.7248277986382783,pdxJ
b2565,132.85374536273142,0.5657382575444467,0.19717316014531092,2.8692457793318016,0.004114519397822111,0.011561715136327203,recO
b2566,753.0271165701525,0.6451316534448667,0.16663803868855917,3.871454912228028,0.00010818767084117978,0.00047314842002988306,era
b2567,610.1696109593123,0.8370397980138635,0.1999482113837914,4.1862829990872195,2.8355976952248146e-05,0.00014303241871250566,rnc
b2568,1565.8372845667207,-0.49476240051846637,0.16590517869993382,-2.9821998589527077,0.002861851069234489,0.00840362124687356,lepB
b2569,2483.988744818261,0.3442558901298668,0.1547115195967047,2.22514710622233,0.026071364321063363,0.057284542343074014,lepA
b2570,405.59527312209974,0.4386910756250381,0.1589557989697502,2.759830584781134,0.005783134301345683,0.01557383916623895,rseC
b2571,1505.4024674684395,0.5728805903367147,0.18228142171554199,3.142835868543529,0.0016731963203634901,0.005299314385989452,rseB
b2572,5142.393523238675,0.17265708646116046,0.23790562899619005,0.7257377103251537,0.4679995792386126,0.5969426839124842,rseA
b2573,3250.604543067562,0.3001005526170203,0.23890078024492226,1.2561723419628672,0.2090534921740832,0.3204395623891335,rpoE
b2574,159.00470403934258,1.8070123614115332,0.26814428763157117,6.738955274312458,1.595294944477549e-11,2.493634036786009e-10,nadB
b2575,211.0676998196631,1.138700489815964,0.20486169395745538,5.5583865769090215,2.722798052785939e-08,2.492967214922716e-07,yfiC
b2576,1011.0729217598843,0.9979726800393546,0.17843948635569848,5.592779380960621,2.234631659084522e-08,2.0926129272201526e-07,srmB
b2577,188.50207496309523,0.6804129248338158,0.3004289145635508,2.2648050565382096,0.02352464500362154,0.05228382621994589,yfiE
b2578,56.26331080242434,-0.867056259444012,0.34425145583879074,-2.518671293143478,0.011779857019684942,0.028963512086079425,eamB
b2579,25729.853530067205,0.07616328192383409,0.24223438693274507,0.314419777011182,0.753202237358997,0.8335963042146072,grcA
b2580,281.2583155198022,-0.20373551226528577,0.18289577753490757,-1.1139432249954524,0.2653035441190347,0.38552946973253854,ung
b2581,1475.5852980513685,0.9454374412552464,0.17473323960541556,5.410747510835621,6.276221083872746e-08,5.409128904780053e-07,yfiF
b2582,321.0467412568677,0.625902511616749,0.24968907268155038,2.5067276869381283,0.012185454903513034,0.029764946588438552,trxC
b2583,66.93016149314667,0.8247925029482679,0.28119688677618543,2.933149482571439,0.0033554229671334886,0.00969370612641305,tapT
b2584,7260.06397027543,-0.8672118969696558,0.2146332372691832,-4.040436178493819,5.335188267730853e-05,0.00025356021929065357,patZ
b2585,2101.676358790059,0.039231579119983845,0.17545347427097938,0.22360103886795982,0.8230677552350032,0.8834547106451953,pssA
b2586,52.07074321562505,0.2331043293179074,0.33001726738509624,0.7063397959898219,0.4799768507280813,0.6080692860841732,yfiM
b2587,5285.129418790075,0.48078248789383277,0.2109038063292543,2.2796292597168923,0.022629686070804747,0.05069789615099636,kgtP
b2588,0.0,,,,,,rrfG
b2589,0.18287953861993922,0.7984912879891685,4.426327699496274,0.18039588168766593,0.856841787227373,,rrlG
b2590,0.8688305474484525,3.1868614424828334,2.8298991944540948,1.1261395631082183,0.26010645016462053,,gltW
b2591,0.14527101049287064,0.7984912879891685,4.426327699496274,0.18039588168766593,0.856841787227373,,rrsG
b2592,7400.386380115396,-1.1809311812782841,0.31164221236209066,-3.789381330364144,0.00015102293477078978,0.0006367746511207351,clpB
b2593,348.7981094389516,-0.22987113776537416,0.18942450653845128,-1.2135237513141555,0.22492963921543063,0.33887176862624063,yfiH
b2594,653.9233293426754,0.5680876512483692,0.15688432833064223,3.62106054373445,0.0002933978387443874,0.0011498174595597488,rluD
b2595,2332.5073380112453,0.5831157559526461,0.1289611232498111,4.521639865241327,6.13623939541962e-06,3.513381637126749e-05,bamD
b2597,32757.125602853204,0.33122660520307035,0.1981810121974724,1.6713337041241272,0.09465578271144265,0.17059619584688326,raiA
b2598,7.9352069678607835,-0.29485395609431725,0.7087518106795883,-0.4160186283144672,0.6773963720402831,0.7753202360155773,pheL
b2599,702.2443579532315,-1.4053945188956891,0.22585058696131882,-6.222673749953058,4.887530357999836e-10,6.088677970223432e-09,pheA
b2600,348.459316087676,-0.056857813358829196,0.2394736252665728,-0.23742829004879878,0.8123245448036018,0.874892901149491,tyrA
b2601,390.82279452474137,0.19795045135376696,0.2657678571411505,0.7448246506673477,0.4563777307534831,0.584658414187463,aroF
b2602,46.83161232689315,-1.089380042579252,0.35137250960778255,-3.1003564957180796,0.001932878499051438,0.005992506417496578,yfiL
b2603,132.9290093962442,1.3020559498657847,0.29425569516630307,4.424913336443354,9.648100729680153e-06,5.253422794664253e-05,yfiR
b2604,137.4612727451927,0.788016238587497,0.23192137279603667,3.397773258614324,0.0006793670194993562,0.002389117037777462,dgcN
b2605,130.1703107030215,1.4778896928849983,0.24139768425762892,6.122219844113075,9.228057784937118e-10,1.0904626065559687e-08,yfiB
b2606,4826.486447587728,-0.3957179450220249,0.16199659305997136,-2.4427547366723297,0.014575639077926337,0.03471636862650937,rplS
b2607,9972.832025423544,-0.17020169668428872,0.12847517322657875,-1.3247827763899653,0.1852432090244408,0.2915523860258331,trmD
b2608,5878.824847259384,-0.05235891628313925,0.13318152243145973,-0.3931394935816651,0.6942164560104427,0.78815903083649,rimM
b2609,2625.5037064000594,-0.09884601953416672,0.131054988917734,-0.7542331684619382,0.45070922433209704,0.579926642012285,rpsP
b2610,7368.321407772834,-0.04476619535852604,0.12995915802974337,-0.34446356868732975,0.7304976894688093,0.8164011049032613,ffh
b2611,276.2531686546417,0.5784633672034126,0.21896189658322784,2.641844888220255,0.008245580878435244,0.021106838724313376,ypjD
b2614,1929.1000797752995,0.14939148298061664,0.19066194052684685,0.7835411858696625,0.4333093779002567,0.5630009015638291,grpE
b2615,564.0180464967749,0.39507171693557974,0.18258233256601608,2.1638003599977784,0.030479674509983835,0.06560311094792856,nadK
b2616,2118.7394757890893,3.586141607761723,0.21629791235682072,16.579640407466183,9.781232967030325e-62,5.026331090932708e-59,recN
b2617,1364.4930375864444,0.7921325426190304,0.1482107468911987,5.344636331942472,9.05987651122851e-08,7.47894625254225e-07,bamE
b2618,61.434072363751454,0.3165651158020978,0.2909075404705408,1.0881983852672092,0.27650753743056233,0.39871009694038645,yfjF
b2619,343.79852795906567,0.5460119785968208,0.17258908157791428,3.16365307471856,0.0015580239462325684,0.004976718292899836,ratA
b2620,1459.1451658098722,0.21367876327800459,0.16082289066479316,1.3286588892583713,0.18396053388137112,0.2902002128880724,smpB
b2621,899571.6427702456,-0.18192335982583396,0.15657483921388918,-1.16189395907549,0.24527854124960136,0.36284277908496265,ssrA
b2622,487.6545944726922,-0.40717291120999943,0.17335325290344464,-2.348804561728006,0.018833789475996465,0.043206310566864664,intA
b2623,31.017924268596236,2.184959871074785,0.44206722324926967,4.942596411050238,7.708896157787549e-07,5.281878684110769e-06,yfjH
b2624,2.697148468949738,-0.5531008474326632,1.0838523530625452,-0.5103101412935215,0.6098341990287528,0.7181404732761967,alpA
b2625,3.6963768881709123,0.7084161417835461,0.9334866417261761,0.7588926398277791,0.44791678214880726,0.5768752792649582,yfjI
b2626,2.6200066836485596,0.6218514650191709,1.2195341041971448,0.5099090405746004,0.6101151879690434,0.7182656179097187,yfjJ
b2627,403.5203720362811,-0.45275589918235776,0.1600704165142536,-2.82847954695015,0.0046769689520443245,0.012904039840170616,abpB
b2628,425.7272041577191,0.4070111763801526,0.1861343510130506,2.1866526740763477,0.02876788892709486,0.062474797347748,abpA
b2629,6.929666761429701,1.187920488626835,0.7243697441825461,1.6399366458457039,0.10101834036709975,0.18001144224063592,yfjM
b2630,731.0561959599968,0.2705511728265861,0.19299822744008424,1.4018324231012844,0.16096529389015735,0.2602565870687349,rnlA
b2631,124.87378762106414,0.2208674806771954,0.273798954606228,0.8066775893824811,0.41985225887663635,0.5502112324647281,rnlB
b2632,24.382965050739244,-1.0130428582362365,0.4378332099081115,-2.3137643178068767,0.020680653658056908,0.046816171359180585,yfjP
b2633,6.540444316182416,-0.05635954524306754,0.7726354767230068,-0.07294454751431598,0.9418502445506209,0.9619742497758018,yfjQ
b2634,2.521349871926958,-0.3804011137749509,1.104810092281385,-0.3443135760911082,0.7306104755385789,0.8164011049032613,yfjR
b2635,0.0,,,,,,ypjK
b2636,0.3614736511514905,-0.16330069379495513,3.349385267976529,-0.048755422481932126,0.9611142076021748,,yfjS
b2637,12.191438468058786,-0.3902354878509048,0.5088716115723756,-0.7668643307593954,0.44316218304869237,0.5727254745404509,yfjT
b2638,4.088972475255637,0.9308414845654102,0.9012537256877594,1.032829555134512,0.30168366997905116,0.42722065700443657,yfjU
b2641,71.88838025734127,0.6073157589942704,0.30896781219311414,1.965627923127086,0.04934160617222376,0.0988997284124875,yfjV
b2642,220.69697247044107,0.2001857741489821,0.20359483377538237,0.9832556673311201,0.3254816232768455,0.4540396855416056,yfjW
b2643,0.1860767583042411,-1.1250828641289559,4.426305747061774,-0.25418100972256535,0.7993557209679235,,lfgA
b2644,0.0,,,,,,lfgB
b2645,0.14527101049287064,0.7984912879891685,4.426327699496274,0.18039588168766593,0.856841787227373,,yfjZ
b2646,1.8215480242010473,1.2363007033728355,1.3518307682475796,0.9145380711932534,0.3604341826393548,0.4924376619575897,ypjF
b2647,77.93571759271393,-0.2662281402222624,0.33705764859673776,-0.7898593648019626,0.4296099049084037,0.5594318400628595,ypjA
b2648,0.4734215596056805,2.2886265137269395,3.2637344728332933,0.7012293839394818,0.48315987495834123,,pinH
b2650,1.3987012865594026,-0.08540053324356534,1.5384205738232506,-0.05551182472250076,0.9557307097108756,,ypjC
b2652,0.30679768733224116,-0.16330020676267853,3.5052160516460082,-0.04658777215344392,0.9628417778571191,,ileY
b2659,900.8840331713385,-1.7462252271313157,0.5026042699852765,-3.4743541418429853,0.0005120846853528347,0.001882987604190969,glaH
b2660,1136.8222038628728,-2.10492543217309,0.4543331542718773,-4.632999842475688,3.6040481331969836e-06,2.1441739327891172e-05,lhgD
b2661,2953.8303340910484,-2.169977704590622,0.4341443340791053,-4.998286362975386,5.784204280837055e-07,4.06487897162935e-06,gabD
b2662,4550.440314332157,-2.0013739218410884,0.4115902051112404,-4.862540208652869,1.1588882803699525e-06,7.61052671022504e-06,gabT
b2663,712.1947606225677,-1.721754427063706,0.4575937405559143,-3.76262670239328,0.00016813807752379313,0.0006967899563511226,gabP
b2664,393.7020871665988,-1.4138792476364637,0.37082823252198605,-3.8127605280232713,0.00013742324873850474,0.0005891000787945704,glaR
b2665,7040.98908900988,-1.617950929549112,0.23868933748944482,-6.7784801221825,1.214466818199427e-11,1.9202588806222478e-10,kbp
b2666,94.65433488536335,-0.195197285968821,0.34675094978977755,-0.5629322315833943,0.5734810312876689,0.6879249495318578,yqaE
b2667,155.15619556494457,4.704236328838374,0.5020355134979877,9.37032580834987,7.23089725873104e-21,3.1623636841109895e-19,ygaV
b2668,739.4562267556021,4.966690354479213,0.40899566494868483,12.143625911297532,6.201569456580402e-34,1.0197860814400813e-31,ygaP
b2669,11.88930618642101,2.4495987893942783,0.9920169071401876,2.469311532659303,0.01353733071430645,0.03246905867357865,stpA
b2670,1497.607065962925,-0.12812860355988243,0.2641495629709905,-0.485060819782442,0.6276332035352827,0.7319716271865669,alaE
b2671,271.2013631499743,2.0128588542958235,0.2127083723112041,9.462997776838328,2.9923875937339553e-21,1.447259458569446e-19,ygaC
b2672,1463.3360498969485,-1.2489191385143703,0.2191420306447436,-5.6991309920780235,1.204196739882591e-08,1.1814923144766902e-07,ygaM
b2673,14.827762918901646,-1.566585696914619,0.5108563891578827,-3.0665872643719796,0.0021651759746792853,0.006593361801412252,nrdH
b2674,10.829852991212194,-2.4393860926857323,0.7518722280200251,-3.2444157421661846,0.0011769183096487675,0.003908167343268242,nrdI
b2675,125.85093548785498,-2.2411387290559706,0.3279435686922619,-6.83391578006223,8.262754555677882e-12,1.3479438086663403e-10,nrdE
b2676,30.764046018653843,-1.8239082999781802,0.5106545460441808,-3.5717067714508883,0.0003546623764790241,0.0013512669413394515,nrdF
b2677,37.438990716641726,-0.4113244734156278,0.4079737855825771,-1.0082129978725618,0.3133522193204408,0.4399559336155506,proV
b2678,40.8674182049509,-0.3837667195292438,0.46736838864624,-0.8211225424142328,0.4115764709348603,0.5426526209150772,proW
b2679,51.22847488010472,0.08366492888970799,0.3282848421391268,0.2548546815154228,0.7988353395696757,0.8667226394750427,proX
b2681,83.54182250260841,1.1097486944498078,0.26749074529987454,4.148736784166896,3.3431493646405476e-05,0.00016659014591560354,ygaY
b2682,395.4617036503717,0.1589824654779471,0.20004997996681864,0.7947137285608166,0.4267800446258536,0.5569818296688521,ygaZ
b2683,39.51946623316519,0.06804195113448455,0.3405031546330447,0.1998276674053501,0.841615362247975,0.8958838407895299,ygaH
b2684,586.3937582427242,1.5211517038961484,0.1471627724840982,10.336525183775791,4.816877166519529e-25,3.4740670230810146e-23,mprA
b2685,349.94959308626136,1.896225596629763,0.25310852882894164,7.491749114117326,6.79617409789474e-14,1.4110642281032968e-12,emrA
b2686,288.963667880875,0.7404427002707133,0.2104515252133567,3.5183527395206533,0.00043423474542832516,0.0016184397447469127,emrB
b2687,2462.3945984733505,-0.6214399052347729,0.23889351385716398,-2.601325984958871,0.00928641645424341,0.023522155294759494,luxS
b2688,1935.2362606979348,-0.705590228513174,0.1559616474552318,-4.524126540249012,6.0645434307519394e-06,3.4771740646891524e-05,gshA
b2689,204.58017587404416,0.1258054374919381,0.18477335081644294,0.6808635386870016,0.4959578410324351,0.6214211168803233,yqaA
b2690,418.4471013204396,0.5310025761362751,0.19866979337072602,2.672789693526295,0.007522339302734752,0.019535831924635653,yqaB
b2691,1.3919230282645445,2.7131320099721163,1.8961248078682336,1.4308826078924752,0.15246386240036244,,argQ
b2692,5.072737621450927,1.3872379798415588,0.9187615599096385,1.5098998917390447,0.13106897032318238,0.22092026937212086,argZ
b2693,15.60321304543934,2.208356875022829,0.6523221225225266,3.385377865897179,0.000710803330119681,0.0024869042469123476,argY
b2694,1.7603771071933434,0.08361435684631904,1.3835387369520649,0.06043513969874195,0.9518090723615479,0.9702174799103206,argV
b2695,23.792942654091462,1.724262423259644,0.5263676557731327,3.275775789694058,0.0010537217751152843,0.00355069689958929,serV
b2696,6747.064654757847,-0.6661527316201694,0.19508262280612934,-3.41472101429651,0.0006384737107533254,0.0022666368090733338,csrA
b2697,6008.216516132582,-0.4985200290873388,0.11847129282461386,-4.207939469567139,2.577098726325633e-05,0.00013144482461445008,alaS
b2698,131.74940082635464,1.679715298385678,0.2370758142515048,7.085139847305264,1.3890395917948036e-12,2.5379296719415278e-11,recX
b2699,12923.5389378723,1.9614538210744596,0.18802936577700782,10.43163557441678,1.7780105710293898e-25,1.3052502602681825e-23,recA
b2700,171.87592045262105,1.1897835550272995,0.2077486177305506,5.727034759723146,1.0220123425659048e-08,1.0197797913321444e-07,pncC
b2701,321.84863616037234,0.7389247615040498,0.19894667046459058,3.7141851119120233,0.000203859533976176,0.0008330681353638763,mltB
b2702,19.79664485720243,-0.7246879190365523,0.4867811650009926,-1.4887345097567088,0.1365572937802087,0.2274663836022844,srlA
b2703,29.92340827491009,-0.7678023889410398,0.3669343124920751,-2.0924791244689676,0.0363956772551813,0.07618260142365088,srlE
b2704,8.562541671818822,-2.2718177860402586,0.7892008365359477,-2.878630737407712,0.003994056932396034,0.011284926494213124,srlB
b2705,68.27634646455486,-0.8970418857716802,0.26957438955540025,-3.3276228029344344,0.000875903746806241,0.00300570976888185,srlD
b2706,16.836525767680275,-0.3981457201585643,0.4787502178606598,-0.8316355905543308,0.4056146666239975,0.5366855148024633,gutM
b2707,143.14364366648192,-0.4770700248359735,0.27343456999591303,-1.7447319292622883,0.08103154266780002,0.14998679509559923,srlR
b2708,201.66671789259078,-0.9462611347308372,0.2391704113794789,-3.956430602234719,7.607797576275133e-05,0.0003482184544482882,gutQ
b2709,133.69637331042279,-1.3735815171111414,0.30343739168156847,-4.526737820606491,5.990118037600531e-06,3.444108426933676e-05,norR
b2710,66.30141843904941,0.5176172832614048,0.24245192901566717,2.1349274693869584,0.032766935131119265,0.06994022342888437,norV
b2711,33.360159951761695,0.5479805162217462,0.4023297880823954,1.3620182558034257,0.1731921238507541,0.2763947287074729,norW
b2712,198.92803982204376,-0.4254428902393295,0.2637304446127456,-1.6131732188296957,0.10670688010128411,0.1880291402041916,hypF
b2713,22.40163427878907,1.1074846024448135,0.4412657394439027,2.5097905943037895,0.0120802774853712,0.029542503511239628,hydN
b2714,149.18421161158793,0.4118529220345954,0.2100910745872806,1.9603542075439024,0.04995440421833316,0.09978744205129621,ascG
b2715,95.02940423756671,0.03246334223008102,0.22761274728017714,0.14262532576930181,0.8865860948888332,0.9269469572960308,ascF
b2716,137.82877499947259,-0.31554474938789634,0.193718431425675,-1.6288834627951398,0.10333769155827877,0.18303371391472814,ascB
b2717,312.63460771928027,0.3643598260347678,0.23000685935243664,1.5841259128557719,0.11316506859533845,0.19712779533704933,hycI
b2718,16.128796580355722,-0.8514815654347097,0.44880616617579633,-1.897214498388122,0.05779963409910436,0.11282730094084426,hycH
b2719,18.81975540986701,-1.351115411447347,0.47433870221540236,-2.848419083530297,0.004393702469148203,0.01225407791768539,hycG
b2720,5.473661535283508,-0.5505802996492801,0.8235291477558992,-0.6685620067602958,0.5037749153090245,0.6283430451563713,hycF
b2721,19.43942433660231,-0.8627995903787362,0.4989444044734405,-1.7292499577969795,0.08376436866926719,0.15414293625754585,hycE
b2722,5.441371856876909,-1.4118137061337668,0.8816588384341237,-1.6013152078656958,0.10930712234775529,0.19154372547809975,hycD
b2723,13.010940780270895,-0.6066583334669777,0.5379635667601826,-1.1276940873905283,0.2594491355567652,0.37957131539995076,hycC
b2724,3.3714125426265427,-0.7743827514223268,0.9499511577946484,-0.8151816491492982,0.4149683404154565,0.5457245193371534,hycB
b2725,0.8497531193492852,0.512806601911714,1.9589224204403972,0.26177994419831435,0.7934911022213181,,hycA
b2726,5.545262126933694,-0.029812865602161506,0.7601261662426836,-0.03922094374086213,0.9687142357914973,0.9813662452781778,hypA
b2727,427.30656099833277,-0.14241175650021023,0.31972416073967064,-0.4454206906689367,0.6560157624471349,0.7569129383722064,hypB
b2728,12.175313795034663,-0.3828486178156518,0.6287693404986745,-0.6088856328650123,0.542600247875781,0.663088471764963,hypC
b2729,403.093950007536,-0.24527539483736455,0.3188350145396268,-0.7692862566914845,0.44172339405656125,0.5712251880989377,hypD
b2730,347.836895676453,-0.546392570019946,0.3485385326241585,-1.5676676145565245,0.11695872343060802,0.20279093716711497,hypE
b2731,397.42722591648186,-0.6027274851377763,0.1592234843613584,-3.7854182600971322,0.00015345026771172504,0.0006443657309120548,fhlA
b2732,179.71055993245855,-0.39079010119380375,1.3194333571177237,-0.29618024971528467,0.7670924309928661,0.844315122841144,ygbA
b2733,842.6148803800005,0.06153864293349765,0.17777191436708856,0.3461662836482931,0.7292177518328233,0.8155098416171753,mutS
b2734,9.666191598005735,1.697825001131624,0.7188313419651302,2.3619240036058193,0.018180368676466458,0.041894336114884315,pphB
b2735,338.8929959589342,-0.4276853656227659,0.18032558793519204,-2.371739754296398,0.017704556048570606,0.040935562382268705,ygbI
b2736,24.53214179287399,-0.8367197490346533,0.37888268259495567,-2.2083874177198752,0.027217278143768932,0.059516080026081955,ygbJ
b2737,42.56270367620496,-1.2149399744581495,0.37502156222724076,-3.2396536541596723,0.0011967496721617759,0.003961185977811777,ygbK
b2738,24.70068888091598,-1.266748415660992,0.39774951199213965,-3.1847893648352876,0.0014485940473105625,0.004678059802430261,ygbL
b2739,29.43390148831621,-0.04163287827558178,0.34789366370386626,-0.11967127493020534,0.9047435560808016,0.939717220578114,ygbM
b2740,40.441566143298424,-0.2607795408684066,0.31933975737448933,-0.8166209651202019,0.4141450702577222,0.5453396488883715,ygbN
b2741,13743.075112040724,-0.3536439998513124,0.16865083079965604,-2.0969004313498685,0.03600239035179414,0.0755517237040458,rpoS
b2742,4628.374833590866,-0.0022077538711354062,0.15623056121056683,-0.01413138283590882,0.9887251630702859,0.9930733313906537,nlpD
b2743,449.32762561921504,-0.17383332647429922,0.15499460310446433,-1.1215443827882048,0.26205621055126416,0.38263424797213197,pcm
b2744,317.1652774646025,-0.2060507699739073,0.24301770158003078,-0.8478837904984897,0.39650269269024474,0.5281991476505495,umpG
b2745,482.62553879668485,0.04563787442016757,0.2213349540747793,0.20619370587416821,0.8366396041992833,0.8924300500423594,truD
b2746,99.2004003956813,0.1339854639920779,0.23921081977555061,0.5601145638721328,0.575401297152595,0.6887605378018203,ispF
b2747,167.72284313412513,0.843780653255669,0.2234130016968846,3.7767750616433133,0.0001588720903594835,0.0006623967175130188,ispD
b2748,307.75705091057966,0.7559658398133748,0.15789699750299457,4.787715103949571,1.6869088891759457e-06,1.0735112141489648e-05,ftsB
b2749,172.15581983067537,-0.0446907508476823,0.20982459247364735,-0.21299100510963784,0.8313339786020125,0.8888462902556238,ygbE
b2750,101.22719090936961,-3.5238919442614693,0.6094435842691555,-5.78214626459202,7.375353793757234e-09,7.542308319934326e-08,cysC
b2751,862.3168141238194,-3.6340880240044893,0.40294543411569633,-9.018809288607168,1.9014469212237012e-19,7.171420452431777e-18,cysN
b2752,444.4536332006614,-4.0920874247949595,0.9612438370080638,-4.257075330159575,2.071185827891589e-05,0.00010805386977744064,cysD
b2753,141.30452691428874,1.0084477566811192,0.26272746239798905,3.8383796938345416,0.00012384886906338554,0.0005359396849679768,iap
b2754,18.281300456089863,0.6274208336844943,0.4737580321770947,1.3243486992743145,0.1853872638068328,0.29166744795632976,cas2
b2755,27.087263588401573,-0.04783097238071186,0.3609830756604653,-0.13250198030253607,0.8945872567814527,0.9317578445980624,cas1
b2756,8.309872695957049,0.5930977469110735,0.6422170980223714,0.9235159710593897,0.35573838128897395,0.48775596824396844,casE
b2757,9.905319502800227,1.139744794855284,0.6071218487148135,1.8772916792040246,0.06047812802702963,0.11710113801571022,casD
b2758,13.192707361360306,0.23365796063959024,0.5297662701002062,0.4410585834303748,0.6591705860199406,0.7592743847374547,casC
b2759,2.7871422756693325,-0.7012517994928475,1.207791050420143,-0.5806068849813961,0.5615054309541174,0.6781283274536948,casB
b2760,4.851714221331227,0.6414032932199679,0.7966704041429515,0.8051049591957441,0.42075911427874635,0.5506974590257645,casA
b2761,122.64759115986134,-0.70418539740515,0.3799546297831421,-1.8533407470440921,0.06383353432044823,0.12245434418635684,cas3
b2762,848.8820474067685,-2.591050552004958,1.206796848854392,-2.147047827034544,0.0317894742255888,0.06806590028197686,cysH
b2763,2337.6934722532337,-3.2797277402823433,1.3317115734861247,-2.4627913473010867,0.013786011696678193,0.032988529735182806,cysI
b2764,2473.087330415752,-3.2912299843355073,1.17364263598531,-2.8042863163133265,0.0050428101788916845,0.013783904684457256,cysJ
b2765,149.1591848370297,2.8277727358349383,0.25331289423816455,11.16316145034555,6.175566841073975e-29,6.509680841962849e-27,queD
b2766,201.0867485152097,0.17816314683008472,0.2963580338647763,0.6011753570729177,0.5477231960304569,0.6669698041709741,ygcN
b2767,1.7544917538681197,-0.6788993012536982,1.4692674805205495,-0.4620665129083029,0.6440336235049922,0.7468609947049429,ygcO
b2768,48.559230025422075,0.5294879416810918,0.29931965027606056,1.76897153659223,0.0768986247191562,0.14330473536738494,ygcP
b2769,22.798247767654754,-0.710789262732993,0.4570439442583685,-1.5551880112674275,0.11990129871879915,0.2067593284534326,ygcQ
b2770,14.071875215231609,-0.39733158280709246,0.5109733596844953,-0.7775974525412207,0.43680636330214184,0.5664703342382036,ygcR
b2771,9.427606896423546,-1.282343633611576,0.6732747545416694,-1.9046364429400438,0.05682734596554665,0.1111933456755651,ygcS
b2774,2.2256268850938246,0.03658560581274372,1.456819304601901,0.025113345009346456,0.9799645557617144,0.9890973424227557,ygcW
b2775,3.9298312487548883,0.577431627075267,0.8584831817183667,0.6726184500428557,0.501190060877208,0.6258785966786761,yqcE
b2776,26.26099860960343,-0.20044854433861614,0.36580985590447695,-0.5479582933680136,0.5837205406549676,0.6966404989759896,ygcE
b2777,511.1463151182411,-0.5638245300963749,0.17381108822298816,-3.243892756560072,0.0011790813056558993,0.00391218986888733,queE
b2778,1.7858158592838038,0.1312115831665082,1.2972297672654418,0.10114752719797818,0.9194333502262478,0.9473673034579564,ygcG
b2779,17117.825764100147,-1.021435099643661,0.1556372213577183,-6.562922999608066,5.276309758135403e-11,7.610845409015664e-10,eno
b2780,5167.751796675039,-0.6472471004779974,0.14535659875866297,-4.452822272985544,8.47489012979636e-06,4.689135036822723e-05,pyrG
b2781,552.3333941890565,-0.24126006868657984,0.17164036335390653,-1.4056138309910466,0.15983882674535888,0.2589036315012491,mazG
b2782,44.04553100136814,-0.2567508544276263,0.3040878979365213,-0.8443310508898428,0.3984844394166722,0.5304953142622861,mazF
b2783,26.19085178659856,-0.8939301883418633,0.368160439990518,-2.428099521949959,0.015178177618042493,0.035963970137044776,mazE
b2784,1484.6741506995666,-0.15481372564260482,0.19565830078903565,-0.7912453753215887,0.4288008175761755,0.558903454550248,relA
b2785,858.2795968561212,0.005707662739534261,0.20066714096489555,0.0284434347950009,0.9773084822447017,0.9875129493184696,rlmD
b2786,379.74875355767284,0.47756657230015725,0.17911932089680196,2.6661924012949063,0.007671577416145397,0.019835128778474043,barA
b2787,101.14754539671527,-0.6270628353752334,0.33741599251945287,-1.8584265395751258,0.06310846636228758,0.1213465412606942,gudD
b2788,42.935158435318534,0.10283683966688115,0.28975320585685616,0.3549118269900509,0.7226556478823708,0.8110394126247411,gudX
b2789,53.71066789740605,0.2138317957012072,0.3537761612070376,0.6044268075374025,0.5455599173292437,0.66532091965011,gudP
b2790,588.462799742159,-0.18594525161783212,0.2054518126186314,-0.9050552986017787,0.3654360921363423,0.49794755544332225,yqcA
b2791,152.49714533371545,0.7856490994280538,0.2125948369230577,3.695522952480713,0.00021943465449701904,0.0008870165827308214,truC
b2792,25.2345059746138,0.8410991181377739,0.3769727187868966,2.2311936016071465,0.025668307627088948,0.056489514269251966,yqcC
b2793,179.14664164483997,0.5604623577736562,0.1954397638583864,2.8676987052632814,0.00413469075413981,0.011610460170948607,syd
b2794,563.9035480418928,0.4627066015807868,0.1442318179668534,3.208075777614643,0.0013362628505168479,0.004366754036943372,queF
b2795,4497.282651103315,-0.7458277258424056,0.18883556950564873,-3.9496146186595182,7.827712096261485e-05,0.00035755249364145515,ppnN
b2796,1181.576646392498,-0.1519615873729661,0.17785852375118236,-0.8543958657025338,0.3928856858861012,0.5249116199797732,sdaC
b2797,607.7850671243617,-0.8518450592661375,0.15684615832997406,-5.431086539423044,5.6011962045187375e-08,4.857915104805175e-07,sdaB
b2798,180.97042256543352,-0.0567338413851677,0.2389392229151934,-0.23744046997802543,0.8123150967329524,0.874892901149491,ygdG
b2799,360.3727006922962,-0.7109766926195563,0.23233623196704342,-3.060119752309693,0.0022124850753542317,0.006726732123730944,fucO
b2800,41.67356402260052,-0.23359357995073524,0.3026692988262655,-0.7717782439665933,0.4402457794097133,0.5696727727898431,fucA
b2801,57.46944666073387,0.5181936639144353,0.26848611439626424,1.9300575937779132,0.053599702002341564,0.10593671871712797,fucP
b2802,261.0003028350331,0.3243873489438602,0.2529957939891967,1.2821847503034458,0.1997778444241345,0.30852243366927756,fucI
b2803,76.04457697562323,0.4220176374101489,0.2540014856308039,1.661477043577453,0.09661767572356461,0.17331754418021905,fucK
b2804,57.02235110731885,-0.3644538542597057,0.310997450236682,-1.1718869527140532,0.24124244602793143,0.3585494199641454,fucU
b2805,632.3329979222113,-0.029612207951537014,0.18407878297436955,-0.1608670346090897,0.8721981266731218,0.9165660784133957,fucR
b2806,269.0766696523993,-0.39593077863589854,0.16795388753814539,-2.3573778757932917,0.01840450790657868,0.0423396373832932,rlmM
b2807,49.18155286884771,-0.7246167380880238,0.28060842991480106,-2.5823056645448377,0.009814261821886454,0.024661632243138883,ygdD
b2808,140.76477548394288,-0.5935535458550617,0.22332636330523423,-2.657785391166804,0.007865596263278055,0.0202603171919399,gcvA
b2809,542.09373029014,-1.2750533867710523,0.20545320882543563,-6.206052434325365,5.43320570137925e-10,6.727683324810271e-09,ygdI
b2810,946.974696964692,-0.15654077760034252,0.1404813864124821,-1.1143168614574088,0.26514327585363084,0.38551287887644164,csdA
b2811,399.20597064440625,-0.34721809107703944,0.16555065357633716,-2.097352584095559,0.03596237516958645,0.07550629434227267,csdE
b2812,230.21698631840854,0.3287335612701187,0.16440285519467648,1.9995611443660826,0.045547673177293316,0.09242175934444857,tcdA
b2813,466.86739903175254,0.39651644405544284,0.1718842554323627,2.3068805403847708,0.021061480646178996,0.047573487327715304,mltA
b2814,21.363774764619553,-1.049814865393652,0.4441948996336271,-2.363410444963555,0.018107602513362978,0.04177348705523861,metZ
b2815,0.0,,,,,,metW
b2816,0.7625658228370361,2.9876166663834547,2.622656619110957,1.1391566263814643,0.2546378326354459,,metV
b2817,364.05671858880777,0.48612610824001073,0.19451205817712627,2.4992080840424573,0.012447120029876342,0.03033534632090728,amiC
b2818,112.90183334391772,-0.15518028967669406,0.23027456169412666,-0.6738924548809685,0.5003796893711707,0.6256267953177868,argA
b2819,975.0009299354256,-0.17713715233033694,0.19283106637926567,-0.9186131449480164,0.35829795399218123,0.49066052260554865,recD
b2820,1668.200288429675,-0.16521779499687764,0.16598612441617072,-0.9953711226044011,0.31955579806579615,0.4468346550505061,recB
b2821,988.2122482149856,0.07568208656963081,0.15418359233996154,0.49085694152694487,0.6235276331777291,0.7287053997342204,ptrA
b2822,1148.303997247099,-0.27034669081334883,0.14958508446440336,-1.8073104800611524,0.07071388290354802,0.1339653330029889,recC
b2823,54.72199827669473,-0.3179746456261408,0.3063200311949752,-1.038047183482256,0.2992480888615906,0.4246492555436655,ppdC
b2824,44.03376716493651,-0.31275184940521245,0.3041176999251902,-1.0283908154051742,0.303766027161394,0.42948477925377215,ygdB
b2825,84.65260021712238,-0.1813650345821481,0.2870452709050083,-0.6318342539151851,0.5274951881488624,0.6500397837170184,ppdB
b2826,60.150442638413445,-0.11374248081996381,0.38747399198361054,-0.29354868500380515,0.7691027923256111,0.8451701628576817,ppdA
b2827,533.7971278353704,0.5378359541286658,0.15878057830343423,3.3872905608193835,0.0007058658800325118,0.0024738402666783085,thyA
b2828,327.5119813548746,0.48605326257463755,0.17831817766430783,2.725763962716438,0.006415285715469756,0.017081113715217727,lgt
b2829,3090.3095277834254,0.7089326420817025,0.18140042156512567,3.9081091210539673,9.302129344447029e-05,0.00041431260818008384,ptsP
b2830,2352.5945413809077,0.1426405247230936,0.1386024737979914,1.0291340465610126,0.30341668924805787,0.4293790049909693,rppH
b2831,229.02868807890067,0.009404561276393263,0.17877837575149264,0.05260457947926481,0.9580469681281589,0.973919655285574,mutH
b2832,175.2566469751661,0.5636089771011623,0.26710071710356753,2.1100990787779303,0.03484982263305673,0.07350827134145521,ygdQ
b2833,652.2048044954612,-0.22751058915512956,0.182186059137764,-1.248781549103559,0.2117449842354503,0.3237202046083809,ygdR
b2834,1140.0778084218618,-0.20933722983394557,0.1577451240523942,-1.3270599081364653,0.18448886612963544,0.29081047878026506,tas
b2835,371.22525316188654,-0.20195673705541514,0.17378699660775268,-1.1620934879911826,0.24519749231462096,0.36284277908496265,lplT
b2836,639.6438239561478,0.041773564023863084,0.16236997848698292,0.25727393951223587,0.7969673087579229,0.8653810370585897,aas
b2837,796.2662220900853,-0.2440220960214972,0.21277548541086888,-1.1468524936051312,0.25144258960082977,0.3700968441994312,galR
b2838,157.7312442547666,1.1086629571983384,0.5410474205759732,2.0491049675795683,0.04045185185297304,0.08327369202181882,lysA
b2839,80.08309928886995,0.11299917273444152,0.24744336457208696,0.4566668131507798,0.6479105479669357,0.7502986655470628,lysR
b2840,163.13144114191962,-0.03973890485414296,0.18401083857158396,-0.21595958782984254,0.829019248460978,0.8873808354458738,ygeA
b2841,145.35645876197597,0.022923458641825246,0.21873316930962558,0.10480101721278573,0.9165337028769275,0.9461969816175322,araE
b2842,47.08967191203903,-0.049534761465081914,0.33378421474260817,-0.14840354719374546,0.8820243008152571,0.9240575689733745,kduD
b2843,23.47841878499645,1.2853793458781102,0.421048045536169,3.0528091972052462,0.0022671003810907134,0.006878265436652342,kduI
b2844,613.8446931387622,0.4504196775636343,0.204644704632456,2.200983789796041,0.02773717143324216,0.06049204868013714,yqeF
b2845,189.28336642848305,0.6677861091602584,0.1810030103936624,3.6893646559131485,0.0002248147895415885,0.0009064876419620385,yqeG
b2846,4.2945858900040035,-0.6086835919269684,0.8103960986617912,-0.7510939316367502,0.4525961275583811,0.5819902034383813,yqeH
b2847,38.70201482486443,0.49898166576900116,0.4017911586315853,1.2418930955783742,0.21427600787373013,0.32608424981882805,yqeI
b2848,3.382671527358825,-0.4309292988038223,0.9525293460932501,-0.45240527294120286,0.6509770490100908,0.7527894932434552,yqeJ
b2849,0.0,,,,,,yqeK
b2850,0.0,,,,,,ygeF
b2851,0.3444062154593097,-0.1633005564733861,3.394049543058458,-0.048113781016358444,0.9616255632631153,,ygeG
b2852,1.8299262097327418,-0.46298350477610173,1.3858920600713707,-0.33406894960655087,0.7383275299922607,0.821229565962712,ygeH
b2853,0.9760567184002081,-2.324750877431357,2.2570133048039605,-1.0300120395760273,0.3030043539033199,,ygeI
b2854,0.6172948123441655,2.6784422457227763,2.710586840659925,0.988141093856516,0.323083552513884,,pbl
b2856,0.9229011457485158,-3.406795525303769,2.884897293879253,-1.1809070404453574,0.23763965416500243,,ygeL
b2858,1.6393549878096636,4.068311233527252,2.3528450932590044,1.7291028827962909,0.08379068331795166,,ygeN
b2859,0.8543480967879726,-0.7242962414041818,1.8062134737749775,-0.40100256803555234,0.6884182332066078,,ygeO
b2860,0.0,,,,,,insD4
b2861,0.0,,,,,,insC4
b2863,32.99122610520283,0.9988231440657308,0.40004995002788896,2.4967460788236546,0.012533867100267396,0.030525312588388188,ygeQ
b2864,0.44927318231634045,0.6431464073639865,3.0962929048534873,0.2077149763046786,0.8354515233177521,,glyU
b2865,370.0241941034596,0.4779392662224059,0.20089783965343383,2.379016454566622,0.017358901072325034,0.040294998480140155,actS
b2866,352.411321089861,1.8503960317230688,0.43691206245887276,4.235168105246006,2.2838079011760063e-05,0.00011824602369942772,xdhA
b2867,60.29298246169793,1.381684085157378,0.47882232556184007,2.8855882681245886,0.003906828904533248,0.011061276602297648,xdhB
b2868,67.75815444278932,1.6644649673016085,0.40779815196719477,4.081590265361247,4.472859958980711e-05,0.00021632855636905533,xdhC
b2869,3067.827479961304,-0.10818410232535759,0.20869746840929657,-0.5183776456415244,0.6041948083925768,0.7139536813170115,ygeV
b2870,630.9635902485438,5.189313088674064,0.9107181344746319,5.6980451933875615,1.2118893000405356e-08,1.1862087886825338e-07,ygeW
b2871,388.28461089420966,4.895556662442446,0.6082393609255679,8.048733733694572,8.365502268789147e-16,2.1360608588193902e-14,ygeX
b2872,1084.9475339681935,5.695712187055994,0.5228433142364638,10.89372672838659,1.2348161587160059e-27,1.1805416810422095e-25,ygeY
b2873,84.00562777813249,3.617804893221883,0.5420370605669472,6.674460394715108,2.4814347825021133e-11,3.709519414860432e-10,hyuA
b2874,244.1590214862647,1.7258355644736283,0.33636557262442657,5.130832953587176,2.884628237023422e-07,2.1290317203596567e-06,yqeA
b2875,503.9183761282123,0.7788449897008635,0.28614698583897075,2.721835379175228,0.006492047327311793,0.017263134904643453,yqeB
b2876,339.53192435613306,0.7397213847545577,0.287758685701421,2.5706309540282453,0.010151343907964686,0.02538453455331072,yqeC
b2877,382.5571576544227,-0.284438132249027,0.21884964338787039,-1.2996965763609363,0.1937049842463281,0.30129443444443993,mocA
b2878,847.5732906595537,3.2339355222652353,0.4919822279927461,6.573277119093247,4.921972854932627e-11,7.124729016418319e-10,ygfK
b2879,195.60311880326265,3.2843711617840006,0.370333148841673,8.868693423899124,7.400912361858337e-19,2.6456652799651848e-17,ssnA
b2880,144.673623353022,3.9327686027992925,0.3858205762953161,10.193257810565965,2.125206230254176e-24,1.4561204687624863e-22,ygfM
b2881,1005.7089530546224,3.889649424485299,0.20471991631496955,18.999858413877632,1.710051502408248e-80,2.343340575466769e-77,xdhD
b2882,61.96683459485891,2.7660231789599186,0.3707050961334915,7.461519163912085,8.553051924955441e-14,1.758079823174591e-12,xanQ
b2883,83.83198455323601,1.4044785223731229,0.3482079719934021,4.033447351399913,5.496449979031344e-05,0.00026002193168927335,guaD
b2886,15.382935263588166,-0.24353421540474607,0.5854738825554914,-0.4159608526716199,0.6774386494205676,0.7753202360155773,ygfS
b2887,57.95463691845808,1.8934888274322061,0.48306206265063517,3.919763057033178,8.863606783529189e-05,0.0003986683532504212,ygfT
b2888,35.30793026722415,4.2813426790352525,0.7547598815736235,5.67245660978819,1.4076418081532196e-08,1.3520596900275433e-07,uacT
b2889,351.1615691209742,0.036370711582449165,0.1736884981486694,0.20940195793113198,0.8341344644382137,0.8909136875306564,idi
b2890,2503.969097045025,-0.016578250426329794,0.11967166295758766,-0.13853112772574427,0.8898206704071063,0.9286754953144488,lysS
b2891,1877.9532229576132,0.5761121822932175,0.15150432050338902,3.8026122316447757,0.00014317836885050227,0.0006080643330004286,prfB
b2892,954.1971381959287,-0.29766291026650726,0.14097712796226547,-2.111426970949365,0.03473562886124485,0.07330501552801724,recJ
b2893,469.98088236876293,0.013297382960362014,0.15146472982666873,0.08779194321726981,0.9300420414212551,0.9551343573027179,dsbC
b2894,616.9942957672492,0.001882780762645183,0.16375508932561308,0.011497540445301418,0.9908264921048547,0.9938765520477745,xerD
b2895,788.8122833799803,0.13127614138908886,0.1508782129038734,0.8700801716993208,0.3842565927946605,0.5175880907532272,fldB
b2896,550.123657774488,0.19563846949834593,0.19915906133972947,0.9823227132237884,0.32594088826568435,0.454450136508586,ygfX
b2897,700.3404143537601,-0.2677434813842839,0.16503873446061018,-1.6223069224284814,0.10473764722464297,0.18519417967333646,sdhE
b2898,2476.38797358201,-0.825825938802648,0.1681827630073078,-4.910288807460992,9.094235335174512e-07,6.088990466270753e-06,ygfZ
b2899,7472.178991629039,0.004762355130460585,0.2634034348741749,0.018080079831667772,0.9855749693465072,0.9914209728251138,trhA
b2900,178.22338080153324,0.1569013364078357,0.18463574123972318,0.8497885369015402,0.39544266390180205,0.5271286612517212,yqfB
b2901,1328.4894465551654,-0.03413972716145548,0.18955039222524714,-0.1801089766191908,0.8570670155295494,0.9052935510899223,bglA
b2902,192.23114229940256,-0.5853567212368557,0.20801859530854877,-2.8139634361467096,0.004893479398340336,0.013429301606526781,ygfF
b2903,9358.629635728152,-1.0973124613533969,0.14079565678778938,-7.793652775861494,6.509928477648399e-15,1.546954680440033e-13,gcvP
b2904,2021.1183219629104,-0.47345461383482684,0.14242429013161545,-3.3242546857513107,0.0008865519195665417,0.0030296051050191625,gcvH
b2905,4530.872127378158,0.14852752564157373,0.18300726660253017,0.8115935962485997,0.4170248670115899,0.5470291092165431,gcvT
b2906,1110.1474784441557,0.21992176038089173,0.1471774167870853,1.4942629459181385,0.13510690598883174,0.22578231321954767,ubiI
b2907,1819.9203744554022,-0.23458813011898524,0.15520533688217397,-1.511469481858576,0.13066887834689198,0.2206077038538287,ubiH
b2908,3524.3190076162623,-0.3340381135267984,0.13398635529755717,-2.4930756029967815,0.012664187771361305,0.03075676169862002,pepP
b2909,1415.3758069250027,-0.14119466561138466,0.14985799257877735,-0.9421897569938518,0.3460954971610466,0.47712897009693583,ygfB
b2910,1398.3925537960279,-0.13311035013139672,0.1781342165888251,-0.7472475119064078,0.4549141693343519,0.5833696166427568,zapA
b2911,3806.2443950382476,-0.6975490742480434,0.20558248805730994,-3.3930374169495825,0.000691221957934671,0.0024266553963018214,ssrS
b2912,487.1722316772548,-0.0659669944661224,0.2032249624843784,-0.32460084459945804,0.7454831879202533,0.8267281860102943,fau
b2913,572.20321503358,-0.25067262358062026,0.15493862918375578,-1.6178833187127586,0.10568774588801197,0.1865531658847648,serA
b2914,1469.0244370601047,-0.1607067941900535,0.1668701345794957,-0.9630650481287528,0.3355148806004503,0.46552532935569363,rpiA
b2915,13.249195361030848,-0.10938142848846191,0.7555853018893233,-0.1447638383316301,0.884897334237815,0.9254166728699206,yqfE
b2916,613.2879890964031,-0.29865423928724644,0.16989437315339104,-1.7578818753320515,0.07876761034991807,0.14638953261686852,argP
b2917,29.578268899726037,-0.1364034992469317,0.45297920174403594,-0.3011253027109376,0.7633189471877155,0.8417393218585564,scpA
b2918,14.891680899304724,-0.25029238141564414,0.5087725485819083,-0.49195339275532685,0.622752291987662,0.7284110608206594,argK
b2919,11.409959326907687,-0.5989949330838938,0.5155320937977337,-1.1618964954661124,0.2452775108461318,0.36284277908496265,scpB
b2920,29.3351277704721,0.04490929553804856,0.3345522690843572,0.13423700775057276,0.8932151627724252,0.9312725169052599,scpC
b2921,25.761509670952034,0.00556799360867181,0.36772760130934573,0.015141625455489844,0.987919192450787,0.9927489122867723,srsR
b2922,1598.8405180638592,0.48524525374740585,0.1495014969211671,3.2457551512228546,0.0011713954080463831,0.003893410949174655,yggE
b2923,29.31299673710862,0.42562824727789395,0.40120495818077456,1.0608748436406779,0.2887467831385695,0.4131702142299545,argO
b2924,952.7469376844009,-0.9037768861390486,0.20781471197673626,-4.348955266652255,1.3678760777597971e-05,7.32205541102933e-05,mscS
b2925,12554.496575213843,-0.12999896764260624,0.15710750192866366,-0.8274523243430709,0.4079807338132022,0.5391847014111417,fbaA
b2926,7369.441577527257,0.009625125959658507,0.18769343692042337,0.051281100274908835,0.9591015280826942,0.9745097335511508,pgk
b2927,1340.2161610971223,0.27783187636178763,0.18123781977211792,1.5329685421680954,0.12528360602141414,0.21344422061916019,epd
b2928,204.4769554280507,0.5895276850411949,0.219663989422016,2.683770273827636,0.007279710821585472,0.019061714132189732,yggC
b2929,222.84474493082143,0.38404133450753836,0.2214408613524823,1.7342839625981854,0.08286771159563919,0.1526295530330075,fumE
b2930,8.466943077653818,-0.20351273683671464,0.6868418702257285,-0.2963021703522978,0.7669993286325635,0.844315122841144,yggF
b2933,8.794939714342508,0.7460008613801178,0.6007574145966943,1.241767214610126,0.21432246242045083,0.32608424981882805,cmtA
b2934,2.1739154908884863,0.1488381855723065,1.3345394942171027,0.11152774887312066,0.9111978624377383,0.9431892083571632,cmtB
b2935,4085.3351363885467,0.45497004712576555,0.18127027191616904,2.5098988505747526,0.012076574832036443,0.029542503511239628,tktA
b2936,2629.9573960770063,-0.4877095613091633,0.17257084349068857,-2.8261411455375933,0.004711249948507519,0.012981198752221455,loiP
b2937,2128.542042328308,-0.31593237705977095,0.23833550693877575,-1.3255783039533782,0.1849794166240586,0.291360299517818,speB
b2938,2974.3925114636418,-0.2776908836291749,0.2283917011100027,-1.2158536508970073,0.22404067686624507,0.33786912054186846,speA
b2939,108.34142531099384,2.1972485659744407,0.2633112190378121,8.344682668682305,7.140535703823089e-17,2.010598786192926e-15,yqgB
b2940,4.36445441925223,2.351725455536833,1.0302997014503703,2.2825644346264196,0.022456037930787664,0.050391251055386506,yqgC
b2942,4094.443714961831,-1.526103658819952,0.3086731045382922,-4.944077201357309,7.650538360097522e-07,5.250644941295645e-06,metK
b2943,88.02394442058706,0.18937455200959083,0.28133144575362745,0.6731368102214682,0.5008602574457279,0.6256875059055891,galP
b2944,20.027404503427878,1.3656383767049864,0.4216101006179088,3.239102608555906,0.001199064281682351,0.0039625026221833965,yggI
b2945,15.757148289053147,0.7033444618569432,0.45576275686962703,1.5432249591603597,0.12277620345310396,0.2105686159347978,endA
b2946,299.73515345658075,0.12208311181104299,0.17391252377894573,0.7019799906199894,0.48269164204335313,0.6105677970585306,rsmE
b2947,944.4026604232155,0.1754544371103312,0.16986834936977668,1.0328848061529963,0.3016578099513666,0.42722065700443657,gshB
b2948,840.039379216988,0.6533338244410368,0.15419941360286454,4.236941043911337,2.2658560078904694e-05,0.00011746448989202674,yqgE
b2949,322.70108343750377,0.6293596806880034,0.19812361925296884,3.1766009679261025,0.0014901190892957895,0.004797086590520744,yqgF
b2950,29.53493696860461,-0.2848149087268854,0.3442418260044146,-0.8273686902974797,0.4080281211603166,0.5391847014111417,yggR
b2951,318.00418596595756,0.9500501199714768,0.18010110665756993,5.275093182952103,1.3268864847883082e-07,1.059190357080531e-06,yggS
b2952,321.3847754357776,0.5459073642617501,0.17851684872582085,3.058015913669832,0.0022280774355640178,0.00676486435568957,yggT
b2953,26.75916670163531,0.5371335200319806,0.39590945183618315,1.3567079986113397,0.17487400997598035,0.2786074484355656,yggU
b2954,172.4323023058862,0.9099653301268545,0.2324070990225704,3.9153938668563755,9.025674248554635e-05,0.000404629736486457,rdgB
b2955,351.61106613123667,0.4919221536166093,0.25803224310774225,1.9064367603517112,0.056593563183888765,0.11089425083363523,hemW
b2956,15.560613211884847,1.280310328169243,0.4789179738749615,2.6733394819370746,0.007510020767272852,0.019527954063414732,yggM
b2957,754.9429884852503,0.7836826312001856,0.38792410604467326,2.020195752181322,0.04336308673281973,0.08851323215423133,ansB
b2958,264.48309366877066,0.10473306763030371,0.2050181469001846,0.5108477918361743,0.6094576410618138,0.7181404732761967,yggN
b2959,623.9057122719469,-0.06295977159733482,0.15483595759113514,-0.4066224188285026,0.6842853288439736,0.780765192028192,yggL
b2960,369.9864042902378,-0.1760920226110361,0.20544035280823883,-0.857144276691362,0.39136515387919424,0.52322021060077,trmB
b2961,444.3108323522506,0.5223768899807659,0.17263443669494238,3.0259136009105987,0.0024788312333844154,0.007427460058632165,mutY
b2962,106.07538836630182,-0.5561302148720855,0.2660251286503768,-2.0905176052108176,0.03657132860562137,0.07651131394285468,yggX
b2963,159.7596397320306,0.7737640187077462,0.26419885952194394,2.928718239389215,0.003403628011018384,0.009798539743204885,mltC
b2964,404.30937976775607,-0.9442993356357192,0.18023143109466505,-5.23937101259399,1.6112481838500348e-07,1.27137068787092e-06,nupG
b2965,461.58122761893014,1.1362733649780246,0.17739268626962348,6.405412696952877,1.4996317737368922e-10,2.0279559940238038e-09,speC
b2966,556.4215027994778,0.25198989778514264,0.1579378661490457,1.5955002047915487,0.11060042424045623,0.19348014640532576,yqgA
b2967,3.9641241592139433,0.6374878381932155,1.0181685440838832,0.626112289460688,0.5312412919635815,0.6534808352071465,pheV
b2968,15.345085704064218,-0.26537597917825906,0.465881248236404,-0.5696215080191385,0.568934437446178,0.6845129426415584,yghD
b2969,4.404878980755884,0.8600495565120507,0.949218647034465,0.9060605364201441,0.364903811694652,0.4973871252906878,yghE
b2970,1.1204321891340745,1.2403065604143946,1.9951005148643821,0.6216762269236872,0.5341547866705305,,yghF
b2971,1.1004770851078913,0.30137089495625946,1.772415661196385,0.17003398331113445,0.8649834109588914,,yghG
b2972,23.971899874789752,1.5898909042332958,0.42010961157889104,3.78446686391686,0.00015403842822900237,0.0006461754882137027,pppA
b2975,102.4103857822269,1.2521385364614324,0.3993632662076234,3.135337279143903,0.001716566293280779,0.0054199723745601254,glcA
b2976,2793.8410966343113,0.6758114175886584,0.46269786073560065,1.4605890256640655,0.1441282597927673,0.23833920997910957,glcB
b2977,305.74372888761746,0.8068267142738388,0.47303790787581335,1.705628028622296,0.08807735741519594,0.16085562698083986,glcG
b2979,1302.052982603568,0.219142114401667,0.30970147013137034,0.7075914567299615,0.4791989997531596,0.6072709888980391,glcD
b2980,595.1094868727828,0.6205463361813354,0.22815002254999303,2.719904776890211,0.006530071799180477,0.017330616634235598,glcC
b2981,17.19594095289409,0.2760826685741767,0.4412094367707262,0.625740624667651,0.5314850824107188,0.6535851551870969,yghO
b2982,0.14387325273848497,0.798491287989169,4.426327699496274,0.18039588168766607,0.8568417872273729,,insH9
b2983,6.408306343015568,-0.14395097989575967,0.7443138295483364,-0.1934009206615331,0.8466449944631731,0.8986257834531025,yghQ
b2984,1.8461750069458267,0.7207305678745395,1.3626325855886285,0.5289250935997535,0.5968574136818459,0.707316468044413,yghR
b2985,2.768593311809443,0.694573304677722,1.067582219252281,0.6506040398126816,0.5153021218948171,0.6396156470741524,yghS
b2986,1.636559472300892,4.064177234723824,2.3041106850303557,1.7638810761689951,0.07775200353785228,,yghT
b2987,15.550623690147424,0.057694462149963766,0.5225267519069764,0.11041437005742992,0.9120807571520957,0.9435239035360508,pitB
b2988,1352.4796953224923,-0.17230298964104127,0.1665645621784679,-1.034451670796726,0.300925059276843,0.4265014733816574,gss
b2989,1457.2930694010927,-0.4481248995885992,0.14005785587283867,-3.19956989771042,0.0013763280912926195,0.004477336157096274,yghU
b2990,41.16233068949435,0.4532236904848038,0.5236869321547116,0.8654477754868036,0.3867930683588503,0.5199824408185852,hybG
b2991,17.450780148793196,0.7673002962304675,0.4995943772652052,1.5358465410093136,0.1245760220232728,0.21241477666431954,hybF
b2992,92.76734184723487,1.1151873567510624,0.43887081246219656,2.54103787511985,0.011052394597779668,0.027454014617203752,hybE
b2993,161.1483689909122,1.1078797045258046,0.4399070231614396,2.5184405935688567,0.011787576622860703,0.028965168856294292,hybD
b2994,541.9730682489082,1.1107115509384797,0.31955520719612235,3.4758048873126226,0.0005093226893089576,0.0018761877918898966,hybC
b2995,177.17304703542513,0.8754276262893174,0.24667975708593043,3.548842582913538,0.00038692831709018037,0.0014620058010640913,hybB
b2996,303.0689228958757,0.6113480729724778,0.19689555301932818,3.1049359094080966,0.0019032025859663502,0.005913881958358024,hybA
b2997,815.5954101812057,0.4154276329052553,0.17539286327397946,2.3685549408947155,0.017857727877160282,0.04126650888308371,hybO
b2998,3.9587505267214698,-0.1504924922242204,0.8542983176786041,-0.17615918129530633,0.8601688878506947,0.9074042335012076,yghW
b3001,1550.0141990357286,-1.1306391705178493,0.197508872872353,-5.7244981153255035,1.037399594477856e-08,1.0326270539705729e-07,gpr
b3002,402.2962006221017,1.6518305927151653,0.18218720555020845,9.066666277286645,1.2271406416392343e-19,4.804547788360849e-18,yqhA
b3003,588.6479836695364,-0.8378764019054599,0.2809045694429291,-2.9827795381437885,0.0028564366740120323,0.008393717774741575,yghA
b3005,577.096566464055,-0.05308768958489718,0.19975795125631682,-0.2657600823948099,0.7904239875760702,0.860321157777396,exbD
b3006,884.7875788119578,0.02056053328444317,0.2358568825017304,0.08717376854284642,0.9305333896346749,0.9551617390232581,exbB
b3008,538.7679942443534,-0.5091368944007172,0.3057100109478511,-1.6654243438811274,0.09582812597368122,0.17255778619264278,metC
b3009,2119.7238194974557,-0.12369666703509122,0.1988055222503302,-0.6221993515820748,0.5338107923587434,0.6556606415855375,yghB
b3010,42.380286566132206,-0.7442609992771644,0.36905995946171677,-2.016639790354629,0.043733117434217116,0.08913700197652145,yqhC
b3011,351.21973796748415,-1.3183082767579908,0.21455535801630446,-6.144373596383503,8.027969013393506e-10,9.678293435208418e-09,yqhD
b3012,1487.9736715856216,-1.0803631806851202,0.21615884199888008,-4.998005960314672,5.792619511308374e-07,4.06487897162935e-06,dkgA
b3013,25.890246632894748,0.10446009476177003,0.4240276790609889,0.24635206596205542,0.8054097087225144,0.8704099139217288,yqhG
b3014,9.65096887399127,0.08174590320099254,0.5531202397575581,0.14779047542505971,0.8825081263017173,0.924093455737738,yqhH
b3017,984.2162925777197,-0.2627428715369843,0.14431591612009498,-1.820609109520105,0.06866629710817419,0.1308096141852197,ftsP
b3018,279.57538737896306,0.009113532994795366,0.2145465458166812,0.04247811569328366,0.9661175571478939,0.9797013511186462,plsC
b3019,1685.7544220889588,0.2467629786857255,0.14123253844934372,1.7472105323252594,0.08060082543529418,0.14939134056108852,parC
b3020,243.79253839266346,-0.5826668935630199,0.18798195110621144,-3.099589562371379,0.0019378897840264487,0.0060019820816711944,ygiS
b3021,195.13550475854052,-0.19094561099765797,0.20809731380949503,-0.9175784516491222,0.35883960344443444,0.49091168378038935,mqsA
b3022,116.2599713381312,-0.6531158572990705,0.2628563460450931,-2.48468742385633,0.012966523181544867,0.03131925781394298,mqsR
b3023,166.21230310550507,-0.6780198614730231,0.3610272748576887,-1.8780294694917106,0.06037713376439814,0.11697002681689009,ygiV
b3024,6560.658107025913,-0.7652884016759964,0.21943531966507046,-3.4875352010062697,0.00048749474608118386,0.0018010439385649233,ygiW
b3025,82.26324043924107,0.09222493617228082,0.23830367692147536,0.3870059302638051,0.6987518176784198,0.7924327510278575,qseB
b3026,117.34885087755777,-0.2989206195074954,0.2623429979746353,-1.1394267116532557,0.25452522003372047,0.373628418227522,qseC
b3027,4.5053132435929655,0.1727724683583701,0.8085290073761845,0.21368740859285487,0.8307908310438862,0.8884966457912112,ygiZ
b3028,143.86421672816428,-1.0109002831680118,0.22794508261978264,-4.434841372973224,9.214010797934553e-06,5.064010479987827e-05,mdaB
b3029,1726.3454768465551,-0.4861782609638995,0.14917934527723858,-3.2590185997959287,0.0011179833801795449,0.003727517985335044,ygiN
b3030,1278.7999924707763,0.3474851844276443,0.1298254187123632,2.6765573943383205,0.007438282462945424,0.019378187075518784,parE
b3031,472.77449481201637,-0.5733007274409885,0.2163557720349303,-2.6498055589126133,0.00805381073837402,0.02066742568380499,yqiA
b3032,2399.173761302395,-0.6474152055580371,0.19765652502024153,-3.275455771023683,0.0010549163121093257,0.003551810777298475,cpdA
b3033,92.36842993096816,0.4338370543493686,0.23511246091226368,1.8452320760287668,0.06500378636191001,0.12452496073337002,yqiB
b3034,268.19517966520846,0.6376165554817026,0.2250101412048706,2.833723636043391,0.004600910252145502,0.012754107920816021,nudF
b3035,4486.082700594751,0.5703923363785087,0.12152079818980549,4.693783655762388,2.681976687421077e-06,1.6431603818164006e-05,tolC
b3037,4034.290323101326,0.14080658483565467,0.13258099570033216,1.062041992458063,0.2882166220964738,0.41255519966525206,ygiB
b3038,3160.434765530124,0.2703053981768864,0.11629766746304605,2.3242546826038177,0.020111848090750065,0.04578062430845709,ygiC
b3039,119.20992746362072,-0.3586852124249363,0.2512105418760843,-1.427827071850617,0.15334163867087655,0.2500081637170656,ygiD
b3040,1033.4514455279286,-0.7331395148642774,0.15261348936178343,-4.803897204173787,1.5560673979592542e-06,9.96416366512538e-06,zupT
b3041,2377.6135284843626,-0.5722067278419075,0.2033116861848355,-2.8144310766361986,0.0048863654641174955,0.013418736421501017,ribB
b3042,581.2061922317994,0.5422154943220037,0.2089182187143355,2.595348063269688,0.00944951715538534,0.023861370712909304,ubiK
b3043,3.397438797489617,3.1141514995804207,1.3206110492294754,2.358114072570728,0.018368047637309107,0.04227941984153289,ygiL
b3044,0.0,,,,,,insC5
b3045,0.0,,,,,,insD5
b3046,9.030393051217608,0.5749288120016676,0.6425169646648597,0.8948072091785989,0.3708901558970067,0.5028790998986129,yqiG
b3047,0.47202380185129483,2.2834605348990755,2.8736079716238794,0.7946318904484,0.4268276620747363,,yqiH
b3048,5.61528035350845,0.670180642876733,1.0051785412209588,0.666727964628737,0.5049459128706121,0.6291258860551727,yqiI
b3049,1423.7903984653888,-1.2724000464892131,0.24370385013690476,-5.221091278510458,1.778718364207586e-07,1.3875353311683844e-06,glgS
b3050,293.8340676447296,2.6406110361626074,0.2382382181846459,11.083910282253743,1.501677311889381e-28,1.5433488572943115e-26,yqiJ
b3051,636.0276037290321,3.6528710504149973,0.19412930234042633,18.81669076422734,5.512159141658971e-79,5.665121557840008e-76,yqiK
b3052,773.7721818312463,-0.36089728062029514,0.20094876282901752,-1.7959666710034636,0.07249981783353127,0.13697001429855102,hldE
b3053,1194.5299072256228,-1.1579486453020855,0.16938110400789214,-6.83635079653355,8.123588057508779e-12,1.3305207372278323e-10,glnE
b3054,475.149177307975,-0.9012102149857966,0.14778556155192174,-6.0980937888791855,1.0734076480205491e-09,1.2500789917882372e-08,ygiF
b3055,614.3823261916255,1.4816173439563378,0.19822255597899563,7.474514374203384,7.748947669148881e-14,1.6008001943653793e-12,ygiM
b3056,1630.1098569994576,-0.7137437821166511,0.13275425783763914,-5.376428551087023,7.597782904878794e-08,6.387420352138389e-07,cca
b3057,183.69890491404567,0.08495666862724503,0.20102298585780512,0.4226216632128809,0.6725713184852247,0.7710181158343591,bacA
b3058,49.874733306471704,0.5790762474056105,0.3047254114082266,1.9003214885477624,0.05739094304936118,0.11213601087258736,folB
b3059,306.39999765396584,0.447502894273708,0.21282269388354838,2.1027028936987855,0.03549174895909512,0.07463252172421485,plsY
b3060,49.422055220921514,0.589095164973987,0.28239751070818125,2.0860494254948843,0.03697414618595438,0.07704040292471286,ttdR
b3061,3.3480690666348853,1.1187624791779949,1.0723993291864837,1.0432331023805115,0.29684034576294427,0.4221646037624711,ttdA
b3062,4.268034178212182,0.3288376323188608,0.9114247760752164,0.3607951428914448,0.7182525940048377,0.8076412510814791,ttdB
b3063,12.84493990379319,-0.7228700655229022,0.534123549940216,-1.3533761347984232,0.17593549764320437,0.27988113054853514,ttdT
b3064,656.5592763040979,0.5199572176620395,0.19422603609143857,2.6770726938856524,0.00742685193458778,0.019360677427451088,tsaD
b3065,4304.314355329367,1.5957063745245468,0.16875993784344195,9.455480932950321,3.2154040713608987e-21,1.5370379229493786e-19,rpsU
b3066,1641.652090119409,0.6953139827213914,0.1425141735615665,4.8789110959620725,1.0667313076012713e-06,7.047140507580609e-06,dnaG
b3067,5778.064151371553,-0.1831908494312179,0.1781185046344868,-1.0284773600987722,0.3037253351708543,0.42948477925377215,rpoD
b3068,555.2667997435449,-0.9744414778378131,0.17170249087542513,-5.675173801321246,1.385479160895527e-08,1.3338887190729533e-07,mug
b3069,1.2984403132569209,1.4076447299568233,1.947731634860525,0.7227097946979864,0.46985819670710394,,ileX
b3070,69.94751777512717,-0.3210169822640697,0.32683167999275226,-0.9822088919629471,0.32599694783843836,0.454450136508586,nfeF
b3071,96.25735498200369,-1.3336947991906818,0.29254487666056556,-4.558940885976081,5.141223892496515e-06,2.985250200854968e-05,nfeR
b3072,171.17581080766345,0.5473754407060752,0.28355979268989817,1.9303704362087988,0.05356095531614186,0.10591105690459798,aer
b3073,1825.6306987069672,-1.8159719291778451,0.29629966108891914,-6.128835660844291,8.852450435156449e-10,1.0579192947362838e-08,patA
b3074,84.87920733148202,-0.9917503244108139,0.4748643899931428,-2.088491673223033,0.036753505747162095,0.07681426645987971,ygjH
b3075,650.4910874888144,0.7785302458073959,0.19782204205385606,3.9355080845614006,8.302086927613518e-05,0.00037629414949745505,ebgR
b3076,167.49358312647072,-0.895184991893287,0.23556780379888598,-3.8001160492099495,0.00014462834236875753,0.0006129557891525383,ebgA
b3077,20.05818350889123,0.048309301794334986,0.4289731780653151,0.1126161360768795,0.9103348916952722,0.9426666850779002,ebgC
b3078,24.746803758052682,-0.47701864925615706,0.39488138966934166,-1.2080048888999149,0.22704538184070855,0.3407753065889569,ygjI
b3079,1.4104719921244344,-0.5045968427545046,1.633047273300987,-0.3089909588070463,0.7573284043585945,,ygjJ
b3080,31.28922379126099,0.175291433833929,0.415001076785501,0.4223879012355691,0.6727419074429204,0.7710181158343591,ygjK
b3081,1576.7555984469936,-0.3239482390504453,0.2416717183831705,-1.3404474516824736,0.18009991747028475,0.28542434877422534,fadH
b3082,34.01676129246989,-0.09947360711870533,0.3569585442788302,-0.27866991479269293,0.7804981527417463,0.8540399004315462,higA
b3083,8.789729848215394,0.9774388958679954,0.6362851005667156,1.5361649911296473,0.12449791986813255,0.21241477666431954,higB
b3084,402.6958614507987,2.0030494443711326,0.21462156243733965,9.332936642635511,1.0297739050157432e-20,4.4097922119997085e-19,rlmG
b3085,93.3575806248037,-0.4793345408044074,0.25723644439109733,-1.8634005843885653,0.06240592788075966,0.12033338157495448,ygjP
b3086,5.179086115390251,-0.00406644590072087,0.7409867537885555,-0.005487879344576317,0.9956213277780382,0.9973195123039755,ygjQ
b3087,2244.32082094115,-0.8097211264347596,0.18513197122771602,-4.3737509035583395,1.2212972934045072e-05,6.571666457049646e-05,ygjR
b3088,234.74631516659088,1.1648941050678436,0.36685777015424803,3.1753289689845072,0.001496667205666769,0.00481439662167143,alx
b3089,774.4968457540048,-0.2682569598948621,0.2523166390379151,-1.063175860766565,0.28770220719750217,0.41196230365340697,sstT
b3090,41.34967210049044,0.6833646779515458,0.3333995872701225,2.0496866344284923,0.040395020112705154,0.08319836056279102,ygjV
b3091,286.9919826036869,-0.21594204791254032,0.23593957732185905,-0.9152430057037911,0.3600640722906364,0.4920955456073159,uxaA
b3092,367.4800287216024,-0.2157306123757786,0.23620949605901795,-0.913302030507179,0.3610837147423972,0.4931611798358787,uxaC
b3093,341.94335164235645,-0.4793387564516505,0.16944111656405267,-2.8289400245450422,0.0046702450181522375,0.012896392890637579,exuT
b3094,1888.8236258849602,-0.09008504044998845,0.20180446871577284,-0.4463976492852931,0.6553100305510159,0.7563109308240388,exuR
b3095,1011.5439048036874,0.943820624924037,0.19581057909325436,4.820069626955878,1.4350812654457423e-06,9.247051853052425e-06,yqjA
b3096,231.0089893599852,1.1954312707834878,0.2274157146414811,5.25659043689252,1.4675062738739183e-07,1.1646560409065015e-06,mzrA
b3097,2357.5847982711152,-0.37189956411309205,0.24571582611726572,-1.513535249193132,0.13014375446492474,0.21981141109503108,yqjC
b3098,945.3204808317388,-0.6578836449743166,0.2936047809742929,-2.2407116218993686,0.02504476080571233,0.055294850522171535,yqjD
b3099,1991.7506461271787,-0.6727541697148505,0.26440951920451566,-2.544364407676594,0.01094768064364904,0.02721034771828368,yqjE
b3100,2040.3044348589954,-0.7635480087778633,0.23091321346161472,-3.3066449395923794,0.0009442048921223189,0.003207955629351118,yqjK
b3101,68.69829116474729,-0.003356504903796028,0.25217074282762186,-0.01331044539964915,0.9893801147030328,0.9934884346712671,yqjF
b3102,764.2511474080881,-1.35499319016764,0.26373013833771086,-5.13780184057898,2.7797076681421425e-07,2.058987067339162e-06,yqjG
b3103,409.09264717921684,-1.3613230570090056,0.2348717218806256,-5.796027917319493,6.790396482542161e-09,7.013899482344428e-08,yhaH
b3104,5.4692237984965075,0.6524608281343918,0.8016589740400559,0.8138882607977775,0.4157089663679141,0.5463966346033143,yhaI
b3105,305.9145149606256,0.6157327546187875,0.2025530911017701,3.039858593465852,0.002366892488477225,0.007149371800242375,yhaJ
b3106,43.02110496318195,-0.9881666853545443,0.329109441944126,-3.0025473578552284,0.0026773031356737247,0.007929678091321817,yhaK
b3107,317.041815951116,0.12361489740439245,0.20334631093194877,0.6079033194054896,0.5432515978974239,0.663489993748161,yhaL
b3110,45.121778333324464,0.5527539588634937,0.40444346910663487,1.366702644709428,0.17171852856585168,0.27446923442232357,cyuP
b3113,171.08089784450578,4.306404339022123,0.647976853308295,6.645923102091454,3.013225542991227e-11,4.471974804056655e-10,tdcF
b3114,1058.393698521477,3.4139035063392327,0.9589719626687699,3.559961749912389,0.00037090881513681865,0.0014066477297301305,tdcE
b3115,402.7487792000761,1.349906289733237,0.8834998666286903,1.5279077459109158,0.12653544475502385,0.21497280095665364,tdcD
b3116,1006.04182110151,0.5763414616626589,0.9005373691224058,0.6399972743211276,0.5221743714179596,0.6456957478570489,tdcC
b3117,708.8826091783229,-0.5561165239904995,0.5455786293626254,-1.0193150795517505,0.3080534072594754,0.4339984774652855,tdcB
b3118,705.5078954847955,-1.6087504586793482,0.5314858905795353,-3.0268921286417543,0.0024708211517721662,0.007408859048092907,tdcA
b3119,0.3646708708357924,-2.06702828873687,3.494674476533997,-0.5914794933309324,0.5541991912679765,,tdcR
b3120,1.5524688805676783,-1.1879415295676037,1.7105703717728744,-0.6944710075484318,0.48738687658135027,,yhaB
b3121,1.2280946714998764,1.4334779656449739,1.7039416240106753,0.8412717580493785,0.4001957084534892,,yhaC
b3123,175429.8473136463,0.17641161544215755,0.2123154424323879,0.8308939445058785,0.4060335448254938,0.5368941469210695,rnpB
b3124,120.26215518628818,-0.737669546862447,0.2626838575592612,-2.8082028097064526,0.004981884133533696,0.013635503111156475,garK
b3125,113.64312604091113,-0.3205435740289185,0.32450491398168535,-0.9877926657437599,0.32325420023177065,0.451324615238728,garR
b3126,31.92375476263047,-0.33567273633679506,0.3564473859437858,-0.9417174864335601,0.34633729992670104,0.4773022594698853,garL
b3127,35.12049077505795,0.779840447794764,0.3538517272569249,2.2038622047718226,0.02753403628484105,0.060080904016444565,garP
b3128,211.04753587437418,-0.7320157093377405,0.17357469832919947,-4.2172950112199485,2.4725041149261795e-05,0.00012705580520576905,garD
b3129,158.6631311484152,-1.0014402573119954,0.3092869394206275,-3.2379002462501187,0.0012041290427330766,0.003976043770823837,prlF
b3130,221.94353737058057,-0.9303867181449684,0.29325211968182374,-3.17265129798356,0.001510538302915565,0.0048514241900671,yhaV
b3131,581.9645123944243,-0.312007829123378,0.22007545327452355,-1.417731166656635,0.15626926714765416,0.2541230052389265,agaR
b3132,35.28894357672299,-1.6401328380889024,0.35340622492555773,-4.640927981487546,3.4684800371466432e-06,2.078559975613681e-05,kbaZ
b3133,33.01737389732542,-1.5985885488584233,0.4434410017918812,-3.6049633263472645,0.00031219701147996987,0.001211937596028476,agaV
b3134,12.883639723141508,-2.116633226105929,0.6724948655828404,-3.147434031740119,0.0016471026765900116,0.005224721530448718,agaW
b3135,62.708954957193065,-1.7260383492993439,0.34794323915646325,-4.960689431655197,7.024342167252214e-07,4.861459705315464e-06,agaA
b3136,3.2133857676883593,-0.6605107024565477,1.075707564626783,-0.6140244097713601,0.5391991971118997,0.6599130393947661,agaS
b3137,3.7190928790500632,-1.2303835349098313,1.0065792664271462,-1.2223414250097544,0.22157854005203625,0.3351395798947465,kbaY
b3138,0.3267527913584242,1.7427147826687681,3.594338259102544,0.4848499659862006,0.6277827762654415,,agaB
b3139,1.8638546772906084,2.1453056091853435,1.4385233126103407,1.4913248818279332,0.13587621938615776,0.22679136739605948,agaC
b3140,5.239739563942668,0.07848941753285509,0.898649419759555,0.08734153253429565,0.9304000419515175,0.9551617390232581,agaD
b3141,2.1905812224051364,0.617146065033581,1.3133536979862142,0.4699008850242405,0.6384258319732943,0.7413124206767989,agaI
b3142,5.354199703131097,1.0728190793331807,0.7802306244127645,1.3750025258757703,0.16913066162058055,0.27075395246191847,yraH
b3143,0.4316197582154549,2.1730311133768296,4.053752597467221,0.5360542019102341,0.5919210908765682,,yraI
b3144,28.376854309491364,0.6099589790351562,0.42464701731516924,1.4363905883329213,0.1508912297484545,0.24713699023740895,yraJ
b3145,51.93865595848984,0.07519715156384721,0.2855052776257421,0.2633827023765924,0.7922556215788445,0.8618583911909579,yraK
b3146,215.28040627381662,0.6681871486121602,0.17058425228894863,3.9170506048842877,8.963893730229176e-05,0.0004025540594084514,rsmI
b3147,1238.8757123904152,-0.12418053252309343,0.13218484222373833,-0.939446084997426,0.34750176124051013,0.47858617770845463,lpoA
b3148,54.99251689125864,-0.613947055295786,0.2695304322164936,-2.2778394641635433,0.022736144091665553,0.05088094086055367,yraN
b3149,414.16765702197364,0.04034227856689903,0.1812581502239082,0.2225680804811492,0.8238716813990601,0.884086787322249,diaA
b3150,516.4730739461025,0.1493263884403679,0.21641637824853271,0.6899957833546285,0.49019683904605904,0.6170236391054343,dolP
b3151,188.22859998396666,0.23137467566120998,0.21044155471914505,1.0994723735528482,0.2715620777479212,0.3924048160357483,yraQ
b3152,272.79850629086224,-0.8707527081282713,0.17445688733162062,-4.991220016857689,5.999910619409325e-07,4.201981696148507e-06,yraR
b3153,335.16870396325976,-1.4571338819506126,0.21947193325598674,-6.639272094309421,3.1523600466018986e-11,4.644929086587959e-10,yhbO
b3154,181.45348877974882,0.5974144639682939,0.23452436075702338,2.547345026503405,0.010854605350060451,0.02702803306729165,yhbP
b3155,55.17804057587899,0.5048271277481502,0.2755971600411652,1.831757365252768,0.06698757781099608,0.12784862227530402,yhbQ
b3156,1555.2223928634637,-0.09075408701428507,0.2890018412820405,-0.3140259820203603,0.7535013053907761,0.8335963042146072,yhbS
b3157,1818.6305842987033,-0.10711536253089345,0.2932895704478538,-0.3652204964783714,0.7149468195230928,0.805078382890465,ubiT
b3158,79.6714845522893,0.07849143246352339,0.29211188338190397,0.2687033185873665,0.788157997817347,0.859683151926146,ubiU
b3159,60.89570168541936,-0.1497958649969614,0.3080296177095835,-0.4863034474113199,0.6267520353566625,0.7314704903364604,ubiV
b3160,295.9887379354549,-0.07471529874519514,0.2709316473947723,-0.27577176554914634,0.7827233709202152,0.8553364640757588,yhbW
b3161,4482.221277039368,-2.5006541564357687,0.4685520632940088,-5.33698248782793,9.450616370782199e-08,7.731876430144347e-07,mtr
b3162,8661.27880065966,0.5591151112022846,0.1785224408371078,3.1319038020124723,0.0017367677133210435,0.005471151011082613,deaD
b3163,12211.10362790586,0.5077018915901736,0.17352044610956835,2.925890884752501,0.0034347138371856626,0.009860411022814427,nlpI
b3164,13054.732460567313,0.437875051510574,0.13139700243585262,3.3324584533375674,0.0008608232229050191,0.002961915297626555,pnp
b3165,5049.628269651455,0.8662684172234879,0.14791383610108164,5.856574611664428,4.725113584743336e-09,5.04543946672204e-08,rpsO
b3166,1021.9255135072295,0.23206607321367959,0.1531464954300817,1.5153208211651716,0.12969117798841465,0.21931733143166293,truB
b3167,690.3605226213185,-0.23970902735112554,0.19256659387019137,-1.2448110678673203,0.21320120680196364,0.32510020814646606,rbfA
b3168,9416.842094570335,-0.07950158254421026,0.19429282048470156,-0.4091843555818376,0.6824043743652399,0.779484407617533,infB
b3169,3742.900732152588,0.41234736832555935,0.16327747474431106,2.5254394029016325,0.011555370780885598,0.02847969381308195,nusA
b3170,904.1822664600953,0.5253636806601152,0.14466236672108357,3.631654123791872,0.00028161039179319143,0.0011064399766788893,rimP
b3171,45.84413162476437,0.204024967083994,0.29757347867663003,0.6856288671669756,0.49294717319610815,0.6193477472522007,metY
b3172,495.2535267094824,-0.7236579760672706,0.18591533169324917,-3.892406126361162,9.925490963575093e-05,0.00043874939087373344,argG
b3173,27.406481564587395,-0.2779005738673565,0.3913473755473012,-0.7101122716837215,0.477634516974464,0.60603564792655,yhbX
b3174,1.629871852467356,-1.4129730439543648,1.4305522973119806,-0.9877115618977039,0.32329393044400756,,leuU
b3175,2133.4319867697254,1.5871169704830648,0.13951905224617686,11.375628954837278,5.53027385805959e-30,6.315265508467493e-28,secG
b3176,1840.4667555922751,0.2406525960439347,0.1699338925729406,1.4161542020856115,0.1567303614520967,0.2547720505850413,glmM
b3177,174.01662219950035,0.016821029259454626,0.2209619098494734,0.07612637522418987,0.9393185566274794,0.960104074165979,folP
b3178,12203.213931387078,-0.5038616405536727,0.1951412491827042,-2.582035539200243,0.009821946989955557,0.02466586687581386,ftsH
b3179,3892.1103406464886,-0.11811387819467457,0.2846749286915684,-0.41490790473735495,0.6782093229248292,0.7759862305994915,rlmE
b3180,839.017777286163,0.9748407572157929,0.18357089754337316,5.310431938077018,1.0936572247110727e-07,8.815735001543568e-07,yhbY
b3181,545.2715949948359,0.43574031542808384,0.20817633449540252,2.0931308858150106,0.0363374722835884,0.07613830201724357,greA
b3182,299.79090438087877,0.16647475188769661,0.1952504724832542,0.8526215059580685,0.39386923247069083,0.525909395362531,dacB
b3183,1691.7652605056876,-0.8402648146994731,0.16168060096914166,-5.19706637446162,2.0245808999748035e-07,1.544165506455736e-06,obgE
b3184,768.7554941489065,-0.09503394118720243,0.18969266806389054,-0.5009890058333407,0.6163788603965824,0.7231545362700772,yhbE
b3185,1704.9334256280863,1.1836502833395657,0.19331851228772473,6.122798429039663,9.194598441127799e-10,1.0904626065559687e-08,rpmA
b3186,2338.630038854227,1.5972682569310914,0.14976980634855763,10.664821540957236,1.4868420647085927e-26,1.3287842886993531e-24,rplU
b3187,2109.0498481679656,0.2555689331044398,0.13616463701915077,1.876911206163576,0.06053026472473466,0.11710113801571022,ispB
b3188,82.34973421968466,1.37446658937611,0.24547397482464162,5.599235480494349,2.1529917841955675e-08,2.0207646632027347e-07,sfsB
b3189,1108.8465487153208,0.28904103089608674,0.14732657485642933,1.961906948408724,0.049773318715779676,0.09952475026264544,murA
b3190,181.20650827588318,1.0957780479083008,0.2127075930754017,5.151569965440132,2.5831481945256886e-07,1.9237902586404176e-06,ibaG
b3191,284.1512222770521,-0.3187442934595853,0.2069555813906629,-1.5401579958256972,0.12352184582448994,0.21123057744778626,mlaB
b3192,1078.2152638997816,-0.17650910379738546,0.1561701758144741,-1.1302356732124927,0.25837693182128507,0.3784066856848247,mlaC
b3193,321.2778066429659,-0.39322153640103624,0.19641350971322374,-2.00200860406784,0.045283806161110246,0.0919771379092511,mlaD
b3194,476.7696606559568,-0.1887398242664499,0.19598319239418596,-0.963040870805047,0.335527013106524,0.46552532935569363,mlaE
b3195,714.671166919146,0.17513307419090957,0.13868900235685347,1.2627754992445885,0.2066698721639355,0.31749620495737624,mlaF
b3196,351.95100806656455,0.070636883029503,0.15961746234111462,0.4425385668552142,0.658099528526882,0.7584657027681558,yrbG
b3197,682.0964789126992,0.32720473886954743,0.18298705751329522,1.7881305012283388,0.07375495567931199,0.13889446761230032,kdsD
b3198,571.9457820406255,-0.14949701271898114,0.17641422906862775,-0.8474203782101077,0.3967608499017591,0.5283718347736092,kdsC
b3199,450.38470141377456,-0.25018195723184217,0.15352592650298735,-1.6295746453415738,0.10319142671242969,0.18297958094822295,lptC
b3200,511.7862483991776,-0.4600965645063667,0.16686276695456745,-2.7573351017943954,0.005827459719338856,0.015668205955658626,lptA
b3201,692.563832158115,-0.5938334536807625,0.1756565839313002,-3.380650132152248,0.0007231455729996315,0.0025215025026306065,lptB
b3202,2703.6743428637014,-0.6725051512216983,0.12072661085075434,-5.570479834417519,2.540387198803036e-08,2.3468610728717488e-07,rpoN
b3203,643.5187832684435,0.7924328865250595,0.1884449766256764,4.205115470385466,2.609488962083708e-05,0.0001326033266146616,hpf
b3204,1208.2005903646234,-0.45571992556039753,0.14571478421910067,-3.1274789857641676,0.0017631242348964476,0.005534338715280822,ptsN
b3205,1092.8484152545418,-0.4910577213555049,0.18266705202583972,-2.6882665259525886,0.007182404308260074,0.018818906380661034,rapZ
b3206,53.341413208698384,-0.6233615233816813,0.27164601708636205,-2.29475672077865,0.021747070191057122,0.04896068212236354,npr
b3207,4942.569478997269,-0.990780968248297,0.19055396276838202,-5.199477113223771,1.9984993209924386e-07,1.5271060796654116e-06,yrbL
b3208,158.30235223948648,0.28680078470792186,0.27901171311648293,1.0279166473136099,0.30398903802424726,0.42948477925377215,mtgA
b3209,556.5968581422354,-0.5436794076643706,0.21792387632827323,-2.4948134037657725,0.012602338187037296,0.030637618147197117,elbB
b3210,2075.0983631501563,-0.5241572621091826,0.21025024924401256,-2.4930161271811637,0.012666309305707538,0.03075676169862002,arcB
b3211,69.84538106120247,-0.42911886739272287,0.26727847901305496,-1.6055122319510169,0.10838112346901956,0.1904080335816835,yhcC
b3212,939.7810821624804,-0.35001394560746124,0.22023110733514883,-1.5893029365502314,0.11199201609713176,0.19538801997393715,gltB
b3213,460.54856793390235,-0.6663597186867848,0.2590762807864671,-2.5720599225214453,0.010109539216347043,0.025326213112981534,gltD
b3214,6.4709214384696265,0.2783982406307127,0.7005706345398719,0.3973878248744497,0.6910814922902209,0.7859410848869609,gltF
b3215,0.3444062154593097,-0.1633005564733861,3.394049543058458,-0.048113781016358444,0.9616255632631153,,yhcA
b3216,27.260999146602387,1.0418997231800262,0.3799073700011791,2.742509899654731,0.006097161199620318,0.016308021920389805,yhcD
b3218,0.0,,,,,,insH10
b3219,24.010740838192785,0.7707827666630356,0.4055330500241345,1.9006657203825041,0.05734581129626636,0.1121011080546605,yhcF
b3220,42.478064616575125,1.3009341906631255,0.42723076626027845,3.0450386381362984,0.002326504192181719,0.0070377179794400635,yhcG
b3221,122.6457527108305,-0.861369406299033,0.3224854355042235,-2.6710335149004023,0.007561809627512136,0.019612996453439994,nanQ
b3222,185.3056220320224,-1.1567305140866762,0.22450359127569083,-5.152392028625542,2.5718469494688655e-07,1.9223386925939102e-06,nanK
b3223,161.63081498501768,-1.2378592424228894,0.2007286634179388,-6.1668285004495464,6.967325171986031e-10,8.537484242484174e-09,nanE
b3224,355.67099109434,-1.1910374097201268,0.19955738646185153,-5.968395511873533,2.395980047276357e-09,2.6985956094118096e-08,nanT
b3225,229.73988585634856,-0.7149339274318024,0.18404230405564215,-3.884617349800478,0.00010249118032478912,0.00045015089990941035,nanA
b3226,820.711595678601,-0.3925695226523834,0.1720836299620135,-2.281271744087691,0.022532371657726917,0.05053495902068487,nanR
b3227,14.055534156414405,0.025689131245202706,0.4804486719362361,0.05346904413675245,0.9573581945543256,0.9734601874382469,dcuD
b3228,1046.395201065304,0.6882819421965203,0.19226112520643182,3.5799329763492653,0.0003436823477557576,0.001314305238719925,sspB
b3229,2697.040818738679,0.6304135551982943,0.20235933369251652,3.115317409357569,0.0018374706874713035,0.005726946168456807,sspA
b3230,5593.934538904017,0.42660356095697644,0.17538343189102712,2.432405138599652,0.014998919836620573,0.035641941877657325,rpsI
b3231,6750.330412267307,0.6769921389925224,0.17423747517773422,3.8854565488965207,0.00010213776063596395,0.00044907843205823294,rplM
b3232,458.5244666476546,0.7924356151967217,0.20302999138737157,3.9030470807871542,9.49892163228962e-05,0.00042170698520888365,zapE
b3233,2845.726244493658,-0.29159120217019346,0.1705122911882276,-1.7100890506966886,0.08724940720131133,0.1594852436658919,yhcB
b3234,663.7950233968782,-0.1784293366779327,0.14925728909504093,-1.1954480599223278,0.23191201796799765,0.34719239106570954,degQ
b3235,416.9617005841428,0.590951192552376,0.15986797107145495,3.6964952303563243,0.0002185963641916429,0.0008844976901494527,degS
b3236,15894.638128790722,0.5457344046779389,0.35666715566422563,1.5300943639220466,0.12599337312960443,0.2142982031178336,mdh
b3237,685.0446919666969,-0.8660129633542856,0.27435640656296034,-3.1565253904706965,0.0015966098630709532,0.0050881109667323164,argR
b3238,193.7481195007232,1.8787222438687692,0.359628410568829,5.224065142398426,1.7503715548791082e-07,1.3680185289178732e-06,yhcN
b3239,136.61819838459044,-1.5442524996252132,0.369776066216374,-4.176182940735801,2.9644144381694286e-05,0.00014879985049224078,yhcO
b3240,72.21436773905971,0.2231572768245414,0.2871616209066371,0.7771138640323213,0.4370915950757909,0.566661478195073,aaeB
b3241,33.77397784468466,0.7246007415448704,0.4065900513622997,1.7821408544480135,0.0747262649675982,0.14040204537559242,aaeA
b3242,5.472393171296823,0.430113382250799,0.9293759053897696,0.4627980774586731,0.6435091094227217,0.746463303847858,aaeX
b3243,477.0744187173047,0.6163211913577891,0.2695721338824473,2.2862941450266856,0.02223705618552922,0.04992710976445146,aaeR
b3244,2167.692059354617,-0.34780453797264343,0.18480312749563343,-1.8820273373396312,0.059832303994879155,0.11629815684300152,tldD
b3247,628.0625375693888,-0.5093442982601527,0.18596942788447116,-2.7388603818073265,0.006165254925764917,0.016479429778816366,rng
b3248,174.2693804375176,-0.256559705331229,0.21900316462616584,-1.1714885753782212,0.24140244736593675,0.35861727000778726,yhdE
b3249,103.72593078714675,0.027631842618873817,0.32604300184696794,0.08474907439308617,0.932460880551122,0.9564238223417323,mreD
b3250,823.362411126969,0.8063974032436195,0.24027631689679751,3.3561252047574044,0.0007904277580889845,0.002732925579061241,mreC
b3251,2912.1973162567483,1.1160203086222564,0.14650161631293088,7.617802019592815,2.5803165061898147e-14,5.733881706457475e-13,mreB
b3252,572.1796780623966,0.6797361024442969,0.19802542537410103,3.43256983874757,0.0005978898737971976,0.00215796775345064,csrD
b3253,648.8119034955839,-0.9004978990934779,0.17224996087954092,-5.22785546362603,1.7148748356631472e-07,1.3428286570307045e-06,yhdH
b3255,1355.951031469029,0.31532903250360544,0.1314047376675757,2.3996778053871743,0.01640950822384527,0.03850427414853191,accB
b3256,2565.7517024089066,0.18283872324806288,0.1758845903787251,1.039538045114491,0.29855457369067206,0.4240420258887702,accC
b3257,16.268281482560543,0.8892165463770072,0.6189809215900955,1.4365815089949872,0.15083694080835075,0.24713699023740895,yhdT
b3258,146.78709319510872,-0.013745255143280339,0.23664138358904507,-0.05808474804707258,0.9536811231758207,0.9716438903037915,panF
b3259,341.1305002676345,-0.07414372987998921,0.16657811426475058,-0.4450988667223656,0.6562483077727422,0.7569687972092434,prmA
b3260,2751.1332299681144,1.8781990921766485,0.19875275749424154,9.44992721537997,3.3906638854628796e-21,1.6021861187514826e-19,dusB
b3261,559.7151540259688,1.506638686611388,0.1802040554821483,8.360736846794445,6.232773373015304e-17,1.779370231699022e-15,fis
b3262,19.344713169491587,1.8715112775868834,0.643910380293839,2.9064778808703893,0.0036552274047134104,0.010420693384727344,yhdJ
b3263,52.383507914271995,3.448689849756877,0.3814384902119663,9.041273857392923,1.5485654166963826e-19,5.894585581517434e-18,yhdU
b3264,1.3741774513384277,2.6855752335609946,1.8637657768951656,1.4409403085160601,0.14960154711615334,,envR
b3265,1.2665149689726258,2.5312807614685515,1.8612349086574378,1.3600006907749422,0.1738297052988319,,acrE
b3266,122.9789772624314,-0.06686984828463208,0.2096367292395165,-0.3189796393371086,0.7497419523898257,0.8305548817770341,acrF
b3267,434.5721899762652,-0.9031086226992265,0.3232547992892144,-2.7937980338884927,0.005209300200611733,0.014191804588942898,yhdV
b3268,93.55726734513514,-0.48788417388406674,0.39105928562198294,-1.2475964433578992,0.21217888162705933,0.3241424683644894,yhdW
b3269,10.294701147125993,0.38210242651136045,0.6159494317476442,0.6203470720432593,0.5350293104260102,0.6569610200601338,yhdX
b3270,15.889270637068096,-0.7873412714941317,0.4830726034000067,-1.6298611553472355,0.10313084507133223,0.18297958094822295,yhdY
b3271,18.40151504155732,0.2440170450545611,0.4305378459261789,0.5667725784469152,0.5708687032277355,0.6856094767657671,yhdZ
b3272,0.0,,,,,,rrfF
b3273,0.0,,,,,,thrV
b3274,0.0,,,,,,rrfD
b3275,0.18287953861993922,0.7984912879891685,4.426327699496274,0.18039588168766593,0.856841787227373,,rrlD
b3276,0.0,,,,,,alaU
b3277,0.0,,,,,,ileU
b3278,0.14387325273848497,0.798491287989169,4.426327699496274,0.18039588168766607,0.8568417872273729,,rrsD
b3279,325.38961412492046,-0.0814620209952955,0.15670491329263395,-0.519843438751481,0.6031727003812662,0.7129508255512896,yrdA
b3280,142.74577148054283,-0.7211990890569376,0.3052149919351465,-2.3629215736892157,0.018131506162034138,0.041805172087561605,yrdB
b3281,456.638934100228,-0.9902235796341886,0.1853372095298474,-5.342821239977282,9.151099838051282e-08,7.539112511869503e-07,aroE
b3282,356.41611822112355,-1.132064021546475,0.1714891455540232,-6.601374202951216,4.073638545695006e-11,5.959689701548815e-10,tsaC
b3283,648.3245558154732,-0.8866797600581134,0.1628695463185471,-5.444110210290068,5.206497866526889e-08,4.573485625917103e-07,yrdD
b3284,1838.410581618011,-0.5530703104305233,0.17738292738196282,-3.1179455576329738,0.0018211644116651116,0.005684743277414786,smg
b3287,2727.3463024072844,-0.531329312326147,0.1526800795654865,-3.480017261179465,0.0005013814784690434,0.0018502506804185257,def
b3288,3287.676364145136,-0.4691625761254286,0.12919290432478514,-3.6314887305728107,0.0002817909646272919,0.0011064399766788893,fmt
b3289,1580.540188703574,-0.20835907126407838,0.1579974001911775,-1.3187499984934123,0.1872527054834171,0.2933673293606432,rsmB
b3290,781.7191766881779,-0.5517390717598095,0.17236386955524075,-3.201013490724535,0.00136945120194946,0.004466931848180913,trkA
b3291,356.1919378194811,-0.3101793507928716,0.20629081467916274,-1.50360233573794,0.1326837893761604,0.22283670330052727,mscL
b3292,225.00973182853735,-0.3639335213212343,0.29861895226721763,-1.2187221157871126,0.22294968099524792,0.33668444415759574,zntR
b3293,241.69329936218534,-0.4320253686339388,0.29351635471701326,-1.4718953873983127,0.14104912938963488,0.2338116818228988,yhdN
b3294,5026.715148057433,-0.015297244002888165,0.15795794927952625,-0.09684377438844681,0.9228504603547417,0.949408969599185,rplQ
b3295,16167.633999605794,-0.11517540161901021,0.14677975974826518,-0.7846817695882726,0.43264017408793154,0.562664902143463,rpoA
b3296,9533.075717304882,-0.05171762149197571,0.14834600996597064,-0.3486283284858104,0.7273683574579543,0.8147714761606676,rpsD
b3297,3696.382748481427,0.05541168754009681,0.12734529636665737,0.43512944035681844,0.6634684750445847,0.7631558200638746,rpsK
b3298,5765.388328970282,0.22589573148892905,0.12301238092473765,1.8363658177394213,0.06630357148109033,0.12677859644593598,rpsM
b3299,1649.4998732197953,-0.09677061244671906,0.15497969855073174,-0.6244083150996822,0.5323594656673981,0.6544646421527135,rpmJ
b3300,24906.493662725723,-0.12859124681465653,0.13923728534821134,-0.9235403181918501,0.3557256994545456,0.48775596824396844,secY
b3301,7753.589801858337,-0.12460827001333687,0.15699290388611398,-0.7937191231504985,0.42735896494644565,0.5575603633433317,rplO
b3302,32.728702644719526,-0.7264351832846424,0.38532672802687234,-1.8852447298542483,0.05939680437420637,0.1156704229191674,rpmD
b3303,7169.237066427958,0.12711408798586812,0.16587391606611193,0.7663295773110258,0.4434802236316433,0.5727763742851667,rpsE
b3304,2548.751980997254,0.017589607607067976,0.16902828627268565,0.10406310088650761,0.9171192730553828,0.9463547518902307,rplR
b3305,7937.150683027779,0.21350915864469594,0.17367618878837168,1.229351934391315,0.21893988325387137,0.3323714401981777,rplF
b3306,5247.330978430231,0.3966615874831343,0.1660148351429874,2.3893141064260464,0.016879863767473222,0.03936081676011481,rpsH
b3307,4968.273840106137,0.21525460659692103,0.16601277243673945,1.2966147329353563,0.19476378065493383,0.3025978466638069,rpsN
b3308,12162.187686252115,0.4232687444770629,0.15317767489425016,2.76325348827286,0.0057228302603469965,0.015437372178665684,rplE
b3309,3409.3553419528193,0.36117310257335966,0.1512966358131281,2.3871852842746453,0.016977932183427035,0.03954463411108699,rplX
b3310,12758.314695034342,0.6655812273788381,0.13391381734708235,4.970220702870132,6.687673277127727e-07,4.644092034167583e-06,rplN
b3311,1363.8143342620258,-0.1789353786776952,0.2200650709100348,-0.8131021335541527,0.4161595033151926,0.5464170291053199,rpsQ
b3312,63.01286163416884,-0.6198035578588471,0.2990337336273873,-2.0726877544563482,0.03820134813989414,0.07911624292347849,rpmC
b3313,3339.2421457439755,-0.051692485714678646,0.1629736409468244,-0.3171831065095064,0.7511046676811761,0.8318403256566043,rplP
b3314,9195.071898402784,-0.0040658612635208445,0.16378650564669656,-0.024824152926806457,0.9801952257432028,0.9890973424227557,rpsC
b3315,2269.592462115051,0.1511158922088329,0.1619109776971884,0.9333270316695581,0.35065114235339767,0.4826002163424231,rplV
b3316,924.8882126676858,0.146373590112618,0.17985881305930873,0.8138249531556236,0.415745237907849,0.5463966346033143,rpsS
b3317,9116.163215642055,0.40176179843926435,0.15366542501440178,2.6145230679029496,0.00893521265749123,0.022688486247650675,rplB
b3318,1226.6503390488585,0.39271378382861327,0.16399740435689278,2.3946341429525657,0.016636956548142016,0.03894904804636209,rplW
b3319,5011.9320253997275,0.5228256697687544,0.15308647470249057,3.415230971807391,0.0006372794759401621,0.0022643525718150444,rplD
b3320,9095.31140648556,0.7254564012902499,0.1526015388970838,4.753925855095773,1.9950422766548463e-06,1.2540701528024577e-05,rplC
b3321,7236.621023529565,0.903690061388686,0.15558420500834869,5.808366352742515,6.308535765924849e-09,6.582332622770826e-08,rpsJ
b3322,16.64419162916072,-0.8152506512775296,0.43983212916106207,-1.8535495640860586,0.06380362896277535,0.12245411702426212,gspB
b3323,7.013959521559951,1.8119880215723996,0.8678217435957687,2.0879725991475313,0.03680030646579134,0.07686031727506153,gspA
b3324,3.1019400783149664,0.8872936491645768,1.1493862728172577,0.7719716775368595,0.4401312023832966,0.5696727727898431,gspC
b3325,24.303690106022596,0.575414179117534,0.3998631619020407,1.439027732338345,0.15014266557511058,0.24640179568035114,gspD
b3326,5.913116480272376,1.261280339071353,0.7276725369632989,1.7333076006068473,0.0830410105618344,0.15288024828468483,gspE
b3327,6.496953068434078,-0.5226661180692633,0.702120300044485,-0.7444110618025831,0.45662782883534847,0.5847965745614074,gspF
b3328,1.101874842862277,0.3035903459912344,1.7724371877512266,0.17128412114643882,0.8640003654445514,,gspG
b3329,2.0892472728266034,0.46204787070344794,1.2588214608963388,0.3670479770613766,0.713583231231461,0.8047669164686431,gspH
b3330,0.3238651230244219,-0.16330037436381004,3.4523869858615073,-0.04730071542749143,0.9622735578939141,,gspI
b3331,0.9383644198598159,2.0244629152766853,2.034255620020126,0.9951860992064786,0.3196457613094458,,gspJ
b3332,3.0487387735300118,0.6174845970032062,0.9982772131818435,0.6185502271809613,0.5362126996228144,0.6576284033858562,gspK
b3333,8.651549302488922,0.32953562799568126,0.5833289973656223,0.5649224185389382,0.5721265343757651,0.6867188854945314,gspL
b3334,2.5847988563200173,-0.736456453249099,1.0825755174683416,-0.6802818291802314,0.49632602776856105,0.6215175204075887,gspM
b3335,21.6949055980306,-0.05529280478231444,0.45797697172832313,-0.12073271844575348,0.9039027429731896,0.9390811666319896,gspO
b3336,2776.4453194540147,-1.078727446135612,0.26125977609350715,-4.128945765265932,3.644303446348206e-05,0.0001802855772314979,bfr
b3337,84.33371332357036,-1.5635020922286924,0.2620674643502189,-5.966028999842866,2.43097096942975e-09,2.7305250424387163e-08,bfd
b3338,299.65634728816343,-0.31069731629205793,0.18694630981402727,-1.6619601456757143,0.09652076576012382,0.17331754418021905,chiA
b3339,203.25629229643178,-1.22409523952479,0.24904530617527787,-4.915150814620343,8.871413955469008e-07,5.978751273923457e-06,tufA
b3340,42104.89253811391,-0.12499245211864914,0.22076031646509542,-0.5661907634491536,0.5712641081739109,0.6858839803454871,fusA
b3341,5530.932004110703,0.6094780160787278,0.17551104755768396,3.4725906121574197,0.0005154609753989554,0.0018937087308892814,rpsG
b3342,7175.288254540774,0.7059681544983835,0.15801555694754973,4.46771297798682,7.906028454081858e-06,4.4280222036417596e-05,rpsL
b3343,57.58940273403974,-0.05387310491363786,0.40420317164145836,-0.133282241935066,0.8939701711780601,0.9313510830494184,tusB
b3344,42.4383043640708,0.5396010437957891,0.324759879067357,1.661538504526518,0.09660534237813698,0.17331754418021905,tusC
b3345,106.43843485433416,0.38706300136238714,0.21698903378144332,1.7837906119820162,0.07445769563608118,0.14008951339127218,tusD
b3346,536.9001187611009,0.6771090751937902,0.18725526657282332,3.615968125149972,0.00029922719678505814,0.0011715457199841658,yheO
b3347,2785.018222091074,0.903599205679743,0.13373149091050457,6.756816958575952,1.4105620534404507e-11,2.2217703454765106e-10,fkpA
b3348,174.4396639307951,0.6197856201030595,0.23374618191889968,2.6515325940943053,0.00801273787810935,0.02058772838556721,slyX
b3349,5233.934509495829,0.8371379469342399,0.13447418151511922,6.225268951275369,4.807306209311998e-10,6.0069409806935034e-09,slyD
b3350,243.025540611505,0.0014166971396133517,0.2738903298875651,0.005172497839536433,0.9958729622360221,0.9973285621808249,kefB
b3351,161.32736200752728,0.34211245313337235,0.19850006899708403,1.7234878298122809,0.08480034412950467,0.15584006022190153,kefG
b3352,560.9371467676214,0.28122435433207904,0.17375216827377657,1.6185372368358677,0.10554686869007948,0.18638452628218072,yheS
b3353,176.10937141624694,0.09882374286376125,0.24970171555465095,0.3957671762256363,0.692276793447109,0.7868260707384753,yheT
b3354,13.23423777879105,-0.6979323637676446,0.5727494964842053,-1.2185647792828598,0.22300942384848776,0.33668444415759574,yheU
b3355,371.9421616215911,0.21372706445889256,0.1539098041371462,1.3886513965571958,0.1649387803851492,0.26538682041618333,prkB
b3356,1000.3746789238207,0.30097353637284824,0.2191656069946124,1.373269923598217,0.16966844903434686,0.27150914518497465,yhfA
b3357,8703.971317516405,0.24331988442322544,0.1593210130919104,1.5272303364205768,0.1267037452488377,0.21497280095665364,crp
b3358,866.7615248986862,-0.21441102072502308,0.17368407160754387,-1.234488682471158,0.21702086140360233,0.3299455477922371,yhfK
b3359,99.01605414149513,-0.12507411523350073,0.21471847517411477,-0.5825028103989579,0.5602280490522107,0.6769979350518062,argD
b3360,114.48146381181483,0.04159981297870398,0.21989366538298952,0.18918149782191065,0.8499505684158387,0.90055329555606,pabA
b3361,746.0526097852903,-0.8528708593405537,0.2479554647138305,-3.4396130786021035,0.0005825463684810324,0.002104435958546155,fic
b3362,7.327869770749206,-0.4791737787349875,0.6856696328795279,-0.6988406015921348,0.48465165160296153,0.6125025855584415,yhfG
b3363,666.2003446650725,1.2870814358372906,0.15034344535971939,8.560941468101612,1.1194953396476811e-17,3.4603348430764034e-16,ppiA
b3364,59.363371970441705,2.1448861333191465,0.34419211658982896,6.231653864040094,4.6153637094272704e-10,5.784682990687655e-09,tsgA
b3365,1111.753424232096,-2.8126044239045815,1.4265304139669939,-1.971639998955997,0.04865071763419908,0.0977765392916291,nirB
b3366,90.10861482503174,-1.3895468642413034,1.8803049238952898,-0.7390008112953729,0.459906504718697,0.5884455776217128,nirD
b3367,30.57032532407082,-0.5418737036208178,0.8862876802029995,-0.611397084405714,0.5409367323781972,0.6616456134503923,nirC
b3368,423.40994018370293,0.0869153832510885,0.17698241107062118,0.49109616444544146,0.6233584341859582,0.7287053997342204,cysG
b3369,4.5710817717433105,0.018123525443406566,0.8287500328641723,0.02186850645516284,0.9825528469726011,0.9898079183542793,yhfL
b3370,6.760689060162913,-0.6255919162623482,0.7161878061475114,-0.8735026076854158,0.3823891855085041,0.5157486685122902,frlA
b3371,35.65330939755105,-0.5327502581904582,0.3159245288818942,-1.68632128716293,0.0917339330900494,0.16664524919716886,frlB
b3374,42.623733409673314,-0.14688322240434998,0.40968323900009346,-0.3585287569070319,0.7199476513756675,0.8086625122419041,frlD
b3375,184.4463653403783,0.2295591968571803,0.26772532711142033,0.8574429596705421,0.391200125869851,0.52322021060077,frlR
b3376,46.91921230682712,-0.8473798694085118,0.2915452141361823,-2.9065127065083507,0.0036548205483046487,0.010420693384727344,yhfS
b3377,20.935638649455054,-0.5503607968117934,0.4462739668224273,-1.2332352718902428,0.21748799933562601,0.3305335176594301,yhfT
b3378,2.9985656546560904,-0.5075977139916703,1.019556775580433,-0.4978611551109504,0.618581908128595,0.7248277986382783,yhfU
b3379,9.3147649208251,0.07064359778816473,0.5972428062089513,0.1182828776734556,0.9058435237909894,0.9406220576672789,php
b3380,12.455796568713339,0.6074782711524127,0.5158774926687133,1.1775630450745864,0.23897084978017802,0.35568760443385655,yhfW
b3381,14.9488869576902,-0.11281702771758209,0.5446653067855333,-0.20713092299452215,0.8359076126785189,0.892302568648262,yhfX
b3382,34.22001374643463,-1.2936740930362622,0.3551195030987426,-3.642926062206587,0.0002695562855246926,0.0010665618862635434,yhfY
b3383,192.73764712928207,-0.7451480531131232,0.2961224954159643,-2.516350715153913,0.011857712211350332,0.029120104480801205,yhfZ
b3384,1172.4205105186313,-0.2199919660389036,0.179138649696959,-1.2280541715093551,0.21942663308046428,0.332987408118785,trpS
b3385,354.4548985913105,-0.3144405205863593,0.22132879862843022,-1.4206941100071044,0.15540570558416533,0.2529187868790593,gph
b3386,372.7957213760056,-0.05618746731944221,0.21106362543051171,-0.2662110404141653,0.7900766807091888,0.8601910292159138,rpe
b3387,259.1163399865433,0.14552047743264357,0.21087470305190104,0.6900802956759952,0.49014369374254974,0.6170236391054343,dam
b3388,2816.2694647767057,-0.5238149776232355,0.13920453175636147,-3.76291612790327,0.00016794353756821324,0.0006967899563511226,damX
b3389,2403.433866628889,-0.09022940503575164,0.13955689920479325,-0.6465420595462227,0.5179283676417579,0.6419110802534985,aroB
b3390,1796.919163098668,0.3561377778809591,0.19094876378501074,1.8650960122576898,0.06216794743656237,0.11998974594709232,aroK
b3391,36.64541596638682,0.33726455174569125,0.3211055299265579,1.050323087935699,0.2935695936552071,0.41861415175739036,hofQ
b3392,1.8252238493407889,-0.3958194488404239,1.330461285201036,-0.2975054240534437,0.7660806675691758,0.8436532612849937,hofP
b3393,5.0934615051723675,-0.46338720073259193,0.9447638771209022,-0.49047938003803665,0.6237947175102836,0.7287354599843069,hofO
b3394,9.564190150787967,-0.15256372766867865,0.5993914479721469,-0.25453103841376146,0.7990853282873114,0.8667651146673185,hofN
b3395,66.51765389464373,-0.5762380533236242,0.32393541193018105,-1.7788671201153607,0.0752615497999622,0.14109925784850175,hofM
b3396,590.620494493619,0.9926615164749282,0.20203936631634684,4.913208423553706,8.959794070022527e-07,6.0284310019415075e-06,mrcA
b3397,616.5849952623935,1.2692357152112572,0.23426504172326465,5.417947577131866,6.028708574775478e-08,5.206727090525628e-07,nudE
b3398,1008.9539666296267,0.10722171477823712,0.13771807307881218,0.778559504799905,0.4362392413607433,0.5659133863155619,igaA
b3399,339.13530229327176,0.5641440936240942,0.15051460194151386,3.748102086755053,0.0001781777357294162,0.000733892920454347,yrfG
b3400,210.7056254894228,0.07446772231647512,0.25241543569034375,0.29502047730484304,0.7679782369137688,0.8446116992917344,hslR
b3401,769.2595710695059,-0.13374020120753966,0.1422597320663098,-0.9401128433533178,0.34715968158533805,0.47827528518677104,hslO
b3402,251.71112466862522,-0.2510873354261689,0.16705806408177298,-1.502994403809591,0.13284048709444618,0.22299193239904785,yhgE
b3403,9883.985799493372,0.39364468227223903,0.2605702574302716,1.5107045836863326,0.130863734066474,0.2206927405419383,pck
b3404,575.5496076400384,-0.2928015780334784,0.14327984907650987,-2.0435642549925186,0.04099661355290985,0.08418435480320301,envZ
b3405,998.8036929171852,0.05828622922075829,0.1879478876289548,0.3101190971394501,0.7564703902856518,0.835756456453726,ompR
b3406,157.82184686490393,0.3146212593310003,0.20065248169471947,1.5679908699543395,0.1168832630994269,0.20274560953660084,greB
b3407,533.3105483169887,-0.03168669480614396,0.15676815758040027,-0.20212455957386047,0.8398193483369082,0.8948930381060212,yhgF
b3408,486.503103365354,-1.2110807921416364,0.34972103556529205,-3.4629909813232573,0.0005342063005996437,0.0019573280764395144,feoA
b3409,3847.605772439712,-0.8393848546493998,0.3637229159888943,-2.3077590598526627,0.021012541161703733,0.04751515770944117,feoB
b3410,121.80940901307268,-0.5911119252149649,0.3741945197489423,-1.579691561521421,0.11417751906141506,0.19863892545978726,feoC
b3411,41.926828065977354,-0.1434876950748084,0.30545001776524916,-0.4697583458157943,0.6385276773574666,0.7413124206767989,rpnA
b3412,259.00867181969465,0.044414670635740755,0.16983338273147208,0.26151908371256977,0.7936922347701547,0.8627363239397425,bioH
b3413,298.4456590954216,-0.2627608661292249,0.19322064903315567,-1.3599005460546634,0.17386139818193969,0.2772475593196098,yhgH
b3414,1109.2409331939,-0.19462794443883374,0.2270589942294697,-0.8571690590778335,0.39135145953317085,0.52322021060077,nfuA
b3415,120.48091741737313,-0.21395700120385838,0.2739899041388262,-0.7808937408710136,0.4348649936961415,0.5644868926696677,gntT
b3416,716.9893558106397,-0.82545948287987,0.17641847130923347,-4.678985577609791,2.8829771865377967e-06,1.755839883534353e-05,malQ
b3417,497.1980909491621,-0.9143665405192289,0.21728213185351353,-4.208199416672114,2.5741365245668803e-05,0.00013144482461445008,malP
b3418,5955.74904684693,-0.7585883406340171,0.14491127790946493,-5.234846808182551,1.651217565735047e-07,1.2979264651504357e-06,malT
b3421,130.15793026800267,-1.278671490040715,0.2493007998165448,-5.129030837372613,2.9123763752498627e-07,2.1456593689340834e-06,rtcB
b3422,62.25077781312995,-0.5881925974005398,0.2819490105122294,-2.08616656015903,0.03696353817337863,0.07704040292471286,rtcR
b3423,176.0840921987236,0.6862221696674632,0.17755457176887152,3.8648521568948424,0.0001111565082835076,0.00048510021820966,glpR
b3424,191.60945730144022,0.8200663591846268,0.19646065596260223,4.174201471366016,2.9903304370971818e-05,0.00014991766374276237,glpG
b3425,88.51584690028022,1.043876308958888,0.2926362421025741,3.567146370725302,0.000360889917624639,0.0013725892656322027,glpE
b3426,1600.225805927527,-2.755518056368693,0.19701793841739745,-13.98612775315372,1.8944974213115985e-44,5.192185932674654e-42,glpD
b3427,35.61389181946593,0.11550688153932735,0.3185655541930931,0.36258434102173775,0.7169154094243795,0.8063582074264362,yzgL
b3428,4954.385985240985,-0.7746120580949994,0.17180963231689264,-4.508548488517068,6.527265245852431e-06,3.721718089556081e-05,glgP
b3429,3056.9410992744542,-0.786996376656687,0.1697774384760996,-4.635459126493278,3.561460957595248e-06,2.124987807935278e-05,glgA
b3430,2196.6950416852437,-0.9470210458929602,0.18269850048868883,-5.1835184380814985,2.1773869198421732e-07,1.6515198574670062e-06,glgC
b3431,2452.3567842400867,-0.9466796277227847,0.16370697779726745,-5.78276894766905,7.348095729026302e-09,7.533172454370855e-08,glgX
b3432,3166.569506353618,-0.6865555748071535,0.14768176518287668,-4.648885215835421,3.3373386113361605e-06,2.0028903695186796e-05,glgB
b3433,3400.937498704834,-0.21653894802401955,0.11902763389468528,-1.8192325675868808,0.06887595616834466,0.13114824261605598,asd
b3434,155.84513981518052,0.9622107767352123,0.24599337135130422,3.9115313207406506,9.17127595504688e-05,0.00040981647229562743,yhgN
b3437,27.03357039209298,-0.21048951380218386,0.38822301416025445,-0.5421871092765664,0.5876896146689856,0.6987726212664257,gntK
b3438,1008.2522346473683,0.031235626710460516,0.1412198594789772,0.22118437750683664,0.8249488729746147,0.8845500304639126,gntR
b3439,538.3289792978279,-0.5272663431864614,0.15822383637771797,-3.332407779114589,0.000860980000161453,0.002961915297626555,yhhW
b3440,693.2569291446767,-0.27429737823094696,0.20379350937112606,-1.3459573814562815,0.1783162614950765,0.2827065757833627,yhhX
b3441,107.61535152759014,-0.3955215648254993,0.20679872233496685,-1.912591917201715,0.05580031523773975,0.10949646584360291,yhhY
b3442,1.0155652222770437,1.0110066012603993,2.112624861313055,0.4785547210838136,0.6322554365626252,,yhhZ
b3443,0.1785941125315513,-1.1250828641289565,4.426305747061774,-0.2541810097225655,0.7993557209679234,,yrhA
b3444,0.0,,,,,,insA6
b3445,0.0,,,,,,insB6
b3446,20.486214986841553,-0.5488869845922939,0.4180851828206093,-1.3128592142137903,0.18923039245759365,0.29601451422875474,yrhB
b3447,761.0181455157722,-0.7874452614987617,0.3521148663273165,-2.236330631853453,0.025330121351291236,0.05586487600598619,ggt
b3448,1538.8319498250457,-1.2487126353436246,0.22793855736948027,-5.478286121287966,4.294652844545275e-08,3.83811257476644e-07,yhhA
b3449,534.522064553431,-0.8137268347024823,0.4732802333684197,-1.7193340801728474,0.08555355780535868,0.1570136947043882,ugpQ
b3450,565.819208061614,-0.989834435761724,0.8182545674065298,-1.2096900832451436,0.22639783653961865,0.3403003678297522,ugpC
b3451,88.67103319287249,-1.3102900938650217,0.562824646066681,-2.3280609742697447,0.01990886617972558,0.04539398162221401,ugpE
b3452,54.74754732020171,-0.8789046534070257,0.5706182444863355,-1.5402673536984546,0.12349519801779703,0.21123057744778626,ugpA
b3453,345.2138792512746,-0.02656122293806174,0.4307792609725503,-0.06165854613821404,0.9508347525122639,0.9697052015822171,ugpB
b3454,14.845952847319388,-0.38553444460345837,0.5150247509519763,-0.7485745954749419,0.45411364882659844,0.5831284579415205,livF
b3455,10.890779124864435,-0.24094967528591457,0.6068007569805407,-0.39708202818481575,0.6913069722576625,0.7859410848869609,livG
b3456,26.851625943705187,-0.3125033576302725,0.35769700463819726,-0.8736538287379924,0.38230680227938163,0.5157486685122902,livM
b3457,14.314506933183461,-0.9147851015806915,0.5258316373304446,-1.739692016678372,0.08191311190059844,0.15105855875234353,livH
b3458,21.499021953798746,-0.4851529256366113,0.43506956973408567,-1.115115740990887,0.2648008269019244,0.38534378739603936,livK
b3459,257.3761883862583,0.7799281696027875,0.19328086453894164,4.0352063380058505,5.455433357496397e-05,0.00025867689195695144,panZ
b3460,63.643670160773354,0.2206625525543582,0.3179078074918236,0.6941086294649543,0.48761408723226285,0.6147137419846159,livJ
b3461,6738.6690874770065,0.5349611226292941,0.18522420984759885,2.888181426550321,0.0038747630891126763,0.010985621420236008,rpoH
b3462,708.9039633556307,-0.9776847764282499,0.17675426771056374,-5.531322038736938,3.1782620634765245e-08,2.884290362682559e-07,ftsX
b3463,394.35373988426255,-0.248801348525943,0.1503139870218029,-1.655210891916895,0.09788172660453741,0.17510521238957932,ftsE
b3464,1012.161670871655,0.3965312985186974,0.17756131600493896,2.2332077022208354,0.02553525064482981,0.05622678918098305,ftsY
b3465,193.22882275570646,-0.256757707354288,0.1959035547833672,-1.310633222751951,0.18998170927345037,0.2969638048757241,rsmD
b3466,34.177615206432954,-0.28961876907913703,0.33245883260065073,-0.8711417495321198,0.38367676073141677,0.5169764547252882,yhhL
b3467,85.27629630056107,-0.07720796488026133,0.22185640467176218,-0.34800872661075954,0.7278336297784987,0.8150705671532029,yhhM
b3468,492.6490265919936,-0.5648573906836107,0.16504729747741728,-3.422397090512177,0.0006207158962572302,0.0022208555696374877,yhhN
b3469,3111.911712372757,-2.637495854132823,0.2480423600889413,-10.633247696833267,2.0871515399559912e-26,1.787558329324808e-24,zntA
b3470,158.30212973047495,1.291137311011193,0.2369107743064071,5.449888527827395,5.0401400865530404e-08,4.445278628351101e-07,tusA
b3471,117.97833950362745,0.6348224180167421,0.21685609718480933,2.92739021986425,0.003418197105234448,0.009833595731013866,yhhQ
b3472,4082.6154808376364,0.49788421864367427,0.1476666663657529,3.371676431094299,0.0007471216791868244,0.002591913268470072,dcrB
b3473,128.34106598615688,0.20439582645356638,0.26058064553940935,0.7843860622513279,0.43281361416316333,0.5627124502924619,yhhS
b3474,214.60954847620974,-1.1871967630878075,0.24802090709578833,-4.786680191558607,1.6956270325620059e-06,1.077391457629429e-05,yhhT
b3475,139.19845218022405,-0.06947223862184869,0.19830282271282515,-0.35033408839800445,0.7260879854189835,0.8137807273875248,acpT
b3476,150.20208832935307,0.052568870037325785,0.9474678537688501,0.05548353944486521,0.9557532433687133,0.9732726240992768,nikA
b3477,60.781973803239005,-1.5080903652968711,0.5181314261428737,-2.910632880393976,0.0036069755433324317,0.01031173606303173,nikB
b3478,36.977926604331394,-1.1046435224011735,0.6509274145426854,-1.6970302643916912,0.0896909389215224,0.16329470766447235,nikC
b3479,37.35195212611452,-1.3153322901715285,0.4807061010774042,-2.7362504599452366,0.006214370747181081,0.016589141650429497,nikD
b3480,35.75723196205943,-0.34145784374084553,0.47258193946761234,-0.722536803089672,0.46996450672441903,0.5985204730929636,nikE
b3481,35.89667808801898,0.6440649077627026,0.345854267879422,1.8622436314339437,0.06256875690953516,0.12059079214960104,nikR
b3482,8.340529441613803,0.343668840940061,0.7250741777334869,0.47397749291574165,0.6355159571809788,0.7392652754925131,rhsB
b3483,1.975366274330752,-0.07403584303373069,1.379400676571435,-0.05367247116171512,0.9571961160076943,0.9734601874382469,yhhH
b3484,1.342351127927362,-0.9950898560334487,1.6650704546264286,-0.5976262765750082,0.5500893271842839,,yhhI
b3485,241.02645225931886,-1.5391177331998582,0.18633162044230786,-8.260099544813443,1.455510323006648e-16,3.9108515933858365e-15,yhhJ
b3486,686.9548904884238,-1.0592107563406927,0.16304924038219312,-6.496263054386918,8.233963374019069e-11,1.1632241728725909e-09,rbbA
b3487,743.4596039202243,0.30729630821654297,0.2602953731591246,1.1805676931056535,0.23777450408661982,0.35429176741576446,yhiI
b3488,30.5226368565858,-0.2561450952741879,0.35527006571145625,-0.7209869898867983,0.4709175193674979,0.5993628241856916,yhiJ
b3491,2321.0944521383394,-6.0029222096293315,0.3224975607135318,-18.613853067129423,2.481159625124112e-77,1.7000078698142041e-74,yhiM
b3492,212.78010562606644,0.24052027959620303,0.1823517429787247,1.3189908452054937,0.18717217307149214,0.29335295596527033,yhiN
b3493,1610.7617971343852,1.0062645862795292,0.15336217870673305,6.561360791592297,5.3318937939108525e-11,7.664131254114515e-10,pitA
b3494,2910.712045341182,-2.135435094809362,0.20441784723493917,-10.446421991496116,1.5215775701641757e-25,1.1373100710808957e-23,uspB
b3495,3602.078268650208,0.1322047722372158,0.2331277119885642,0.5670916216245495,0.5706519349175473,0.685549416845715,uspA
b3496,1313.5412960940723,-0.6552071239976429,0.13464623902943715,-4.866137581862927,1.1380031195935905e-06,7.485329319438801e-06,dtpB
b3497,192.51039475863865,-1.033150930056675,0.2125637244584721,-4.860429185124287,1.1713153806405968e-06,7.679868468602064e-06,rsmJ
b3498,2089.1182144359714,-0.9458276042024056,0.1563897570610924,-6.047887163306519,1.4675767812536259e-09,1.686463988270196e-08,prlC
b3499,938.3074738890999,-0.24285406835811987,0.15837114111998604,-1.5334490023919662,0.12516526286196877,0.21333100979500563,rlmJ
b3500,1959.2622004218877,-0.40566924569138396,0.1296821604253567,-3.1281808103812527,0.0017589194109218277,0.0055282245399844296,gor
b3501,449.08409933834486,1.2905159217094795,0.21106468089974026,6.114314892516286,9.697265700945004e-10,1.1422767706757853e-08,arsR
b3502,971.0178896961833,0.9979750529491089,0.28501771124535585,3.501449255867499,0.0004627350823516009,0.0017168807974254794,arsB
b3503,366.19451505947274,1.3194664724105554,0.3199287855685917,4.124250558028221,3.719438325968472e-05,0.00018356075579899626,arsC
b3504,2.3646903741552197,0.45174161042188493,1.230431882830277,0.36714068996877347,0.7135140771400571,0.8047669164686431,yhiS
b3505,0.34012078937092177,-1.9876509786128387,3.5438698530981485,-0.5608701958609399,0.5748860291042608,,insH11
b3506,8949.033413224593,-2.132206525297966,0.23315463295934957,-9.145031768121525,5.961234016242135e-20,2.4026110824285704e-18,slp
b3507,136.68210884817788,-2.445306933510986,0.3293633187042633,-7.4243450762245855,1.1333931713205046e-13,2.2840094741659776e-12,dctR
b3508,760.4991058679366,-3.0360410059622334,0.34796741620823163,-8.725072706650778,2.6600966767238028e-18,9.03773341984426e-17,yhiD
b3509,6366.108658209295,-2.6119975735453957,0.3088080095550554,-8.458321975873877,2.7125232049915326e-17,8.139549558919847e-16,hdeB
b3510,20406.533867299902,-2.803756043492744,0.3083694118063664,-9.092198954069087,9.705589256956511e-20,3.836507445706559e-18,hdeA
b3511,4712.601805172918,-3.4617689473439017,0.3570269444264566,-9.696099976165765,3.1324390193511955e-22,1.6509560010965084e-20,hdeD
b3512,3228.895735767331,-1.7435203033839564,0.27964377826477715,-6.2347902542395435,4.523838083898858e-10,5.691029849917256e-09,gadE
b3513,1006.1460572529446,-2.4315181130509798,0.2879371052771576,-8.444615398597172,3.0504809211052424e-17,9.02196191846306e-16,mdtE
b3514,4487.801730710797,-3.358404404197979,0.3370452060788694,-9.964255072098856,2.1850571446709288e-23,1.3689201864877418e-21,mdtF
b3515,302.71047670236004,-1.9219718991531218,0.3290056319708374,-5.84175987395706,5.1652223751972185e-09,5.472739480524682e-08,gadW
b3516,1433.9143224372492,-0.529928334788765,0.2230630905520965,-2.375688122482101,0.017516260954387974,0.04059151566149321,gadX
b3517,120.2299259525289,-4.6143797193156635,0.39413828050794636,-11.707514716329694,1.1664884944975768e-31,1.4985731877748557e-29,gadA
b3518,36.19573935339289,0.015680398920515242,0.35312268370170485,0.04440496078060232,0.9645816074200354,0.9786266012102086,ccp
b3519,655.155554828772,-0.97828180372685,0.24627605736242358,-3.9722976492481186,7.118269673357731e-05,0.00032769548294707315,treF
b3520,39.843749767619926,-0.7316731511604468,0.33576051530656664,-2.179151859152919,0.029320388837305544,0.06350691175456433,yhjB
b3521,39.946767865961824,-1.2267588302365753,0.3248616217023287,-3.77625040412024,0.00015920694133389997,0.000663120299720023,rcdB
b3522,681.2208142858026,-2.1862182404935955,0.2609377108920334,-8.378314629264812,5.369096071897012e-17,1.5435212553544485e-15,yhjD
b3523,64.77375931286487,-1.3184110349947642,0.2671320446958544,-4.935428231741546,7.997508588477474e-07,5.452364478811094e-06,yhjE
b3524,693.0651940853076,-1.9399436086198367,0.23849897882415036,-8.13397029280445,4.1545439881178095e-16,1.0809702743767289e-14,yhjG
b3525,5.414536839978684,0.40207034187428814,0.8040914482508827,0.500030615608337,0.617053520228668,0.723533092316045,pdeH
b3526,144.14292157857193,-0.16118980352898996,0.25222819808873526,-0.6390633749533527,0.5227817047560321,0.645974027127156,kdgK
b3527,610.8881608264516,1.3046681810205134,0.1676085382159476,7.7840198053608285,7.025575251785595e-15,1.6598930954075047e-13,yhjJ
b3528,1649.6882661871505,0.8704992361033,0.25563791418025,3.405203953782505,0.000661146556706293,0.002334487343985422,dctA
b3529,559.2476669756768,0.05710746726771746,0.14327037004589635,0.39859928643601045,0.6901884874754891,0.7855384474008127,pdeK
b3530,526.5545705674173,-0.835583166814038,0.16165842898317534,-5.168819046862082,2.3557785229001893e-07,1.7704946083441827e-06,bcsC
b3531,42.03441409329697,-0.7280402887266045,0.3044158425538186,-2.391597896544731,0.016775209586620796,0.039201809303224665,bcsZ
b3532,69.44496293862879,-0.031950039977805766,0.2725379878394146,-0.11723151048077539,0.9066765973196692,0.9407742280618778,bcsB
b3533,46.42255849733154,0.10744376372114299,0.391942642273846,0.2741313450810316,0.7839836862568155,0.8564860308800872,bcsA
b3534,31.45501746874544,0.8305946651960917,0.3712757449790244,2.2371368893031702,0.02527739460186862,0.05577851272586253,bcsQ
b3535,66.2921830504531,0.35203807538703136,0.2882285313651184,1.221385244964112,0.22194019113544272,0.33556312091129276,yhjR
b3536,1010.9964909882232,0.006293635355887556,0.18890199913148603,0.03331693356779589,0.9734218502216209,0.9849217883980023,bcsE
b3537,0.1785941125315513,-1.1250828641289565,4.426305747061774,-0.2541810097225655,0.7993557209679234,,bcsF
b3538,370.56151245600563,-0.48507136374418347,0.16780227842744772,-2.8907316890450487,0.003843461069772185,0.010904395070968565,bcsG
b3539,82.32782876186972,1.1585045655222654,0.274500547535832,4.220408942430398,2.438595439939491e-05,0.00012547016087097933,yhjV
b3540,1656.7649074715248,-0.20210749812833542,0.8053904715609405,-0.25094349295768,0.8018577974962493,0.868855404719842,dppF
b3541,1486.37646318532,-0.4781922940859824,0.8016164181593959,-0.5965350549879795,0.5508178427734733,0.6692242340675982,dppD
b3542,1071.622707530394,-0.5818442510664382,0.5293369689999108,-1.0991944359482975,0.27168326517424657,0.3924419898564046,dppC
b3543,1226.6885717775538,-0.7572699132311811,0.46572599729761727,-1.6259988010659747,0.10394991041063269,0.1838804138115796,dppB
b3544,19557.26691742589,-0.5977873630837389,0.3052707741325717,-1.9582200909417369,0.05020419262597012,0.10014043468479532,dppA
b3545,1.2689004193112468,0.5693212503046423,1.545763529162698,0.3683107018400347,0.7126415736287992,,proK
b3546,865.5234658829077,0.961379235823008,0.21498232920151236,4.471898873706337,7.752808995107703e-06,4.360027055935399e-05,eptB
b3547,105.79143250306241,-1.5512012150888357,0.22179635881155968,-6.993808299651805,2.67523044151929e-12,4.6601154004600856e-11,yhjX
b3548,317.8971209097369,-0.3634564098477726,0.22870941897345826,-1.5891624030138949,0.11202373220106297,0.19538801997393715,yhjY
b3549,175.33715364623617,-0.24251946684091816,0.2006887028325483,-1.2084360674914165,0.22687957348153143,0.340717202909687,tag
b3550,49.97202978061657,-0.5491744062777245,0.2906615577545568,-1.889394698494885,0.05883896074384789,0.11469273002274001,yiaC
b3551,579.9847142992105,-0.3822734895938316,0.15377265082843886,-2.4859654010928556,0.012920052615013566,0.031225359377025735,bisC
b3552,121.1889481122812,2.119512548948683,0.22522159369769718,9.410787456701822,4.924336615612631e-21,2.2004291116069046e-19,yiaD
b3553,785.4691816884775,0.2583366974756809,0.1770872344644116,1.4588103894501645,0.14461730227231404,0.238798218612848,ghrB
b3554,2198.147026239892,0.27163974284765313,0.13601084717489592,1.9971917570541446,0.04580435616451793,0.09285094092324123,yiaF
b3555,4558.678871873887,-0.9041620130311022,0.26221515059026274,-3.448168463934204,0.0005644018922666488,0.0020515085580090128,yiaG
b3556,28651.751950011796,-0.37628919122226767,0.3069412307744577,-1.225932372372506,0.22022412536074354,0.3335819378622022,cspA
b3557,11.345144449515919,0.9757641239549288,0.5861380094840976,1.6647344280125587,0.09596575112056292,0.17272994871131092,insJ
b3558,4.003159323957831,0.19183138219379658,0.9915757505224303,0.1934611471617036,0.846597831291711,0.8986257834531025,insK
b3559,4803.89673283717,-0.6031658052835596,0.11946186499777497,-5.049023847859681,4.4407330590791805e-07,3.1584521809471472e-06,glyS
b3560,1486.47889415602,0.11917443016679745,0.16622395082546632,0.7169510144295003,0.47340432281062705,0.6021550653077004,glyQ
b3561,38.812290177101005,0.25109518420841637,0.31087720337485725,0.8076989289743596,0.4192639203196886,0.5496154261588775,wecH
b3562,2.2215326123720254,-1.9793797608134192,1.5454521841325348,-1.2807770962674259,0.20027197105171513,0.3089373632246157,yiaA
b3563,0.9762824993371843,-0.25820693323423183,1.828375404602401,-0.14122205570271362,0.8876945227552187,,yiaB
b3564,167.50723828684107,-0.6560858832985103,0.2041734140329178,-3.213375680698237,0.0013118457555258247,0.0042937881377123135,xylB
b3565,221.21615490306593,-0.9975402907722678,0.22316388667904055,-4.469989771270444,7.822333809080221e-06,4.387123368230394e-05,xylA
b3566,181.16671171056018,0.006161945486817703,0.3999240915876525,0.01540778766879357,0.9877068505036515,0.9927489122867723,xylF
b3567,48.08740142615796,-0.4250854995984104,0.5045638031694979,-0.8424811627948103,0.3995186793818022,0.5312062218001445,xylG
b3568,76.20001144427432,-0.48222830861475496,0.30397210325299917,-1.5864229100437919,0.11264340679872928,0.19632562559246974,xylH
b3569,98.43941934955387,0.6907244571299953,0.23155527082519056,2.9829787707637547,0.002854577936087952,0.008393717774741575,xylR
b3570,1066.50746987264,-0.182359506002046,0.15689330277586386,-1.1623154256785766,0.24510736297880265,0.36284277908496265,bax
b3571,82.66110205278648,-0.23637583943146567,0.2781124623583678,-0.8499289727149246,0.3953645764609224,0.5271286612517212,malS
b3572,509.61296024251504,-0.04563910901284644,0.18056011053247928,-0.2527640732953409,0.8004505316987673,0.8677880104993757,avtA
b3573,127.62085967643543,-0.006939779157467632,0.3593356117714477,-0.019312806552225663,0.9845915676832232,0.9911008655107076,ysaA
b3574,206.162540043385,0.4692464466368989,0.20304938690573204,2.310996619038066,0.02083304164342557,0.047135186679208865,plaR
b3575,23.435701347539588,-0.021585697134871483,0.39352817170503296,-0.054851720122977454,0.9562565956912233,0.9733030118560582,yiaK
b3576,2.966289262317694,-0.016917482272909012,1.4956843329283953,-0.011310864131194268,0.9909754285681895,0.9938765520477745,yiaL
b3577,0.36575907723987844,1.8926737711677344,4.269029580419977,0.4433498844441219,0.6575126790196495,,yiaM
b3578,2.6122366061188904,-0.335927468732078,1.2619979995499724,-0.2661870057257377,0.7900951900557749,0.8601910292159138,yiaN
b3579,5.065009816545364,-0.9205795018928389,0.805058717627904,-1.1434936132426656,0.2528337049371089,0.37174512195867476,yiaO
b3580,14.186329605712084,-0.481582764441094,0.47080485157071206,-1.0228925271998035,0.30635866311853766,0.43220331643112847,lyxK
b3581,11.579195227794315,-1.2756148006660288,0.6141620541710733,-2.077000348690884,0.03780152703795558,0.07840669911858496,sgbH
b3582,15.709420888255531,-0.5660229982482964,0.6073263344454886,-0.931991527693421,0.35134090391950423,0.48338770281562315,sgbU
b3583,21.496834524874718,-0.8378795336622195,0.40131546440575633,-2.0878326602811104,0.03681293230712628,0.07686031727506153,sgbE
b3584,20.806072631943653,-0.46622630666584297,0.4819314744696929,-0.967412031303555,0.3333380979118785,0.4632700880715796,yiaT
b3585,239.0048584211421,0.39164787207952745,0.16835441771921497,2.3263296406793788,0.020000971936898263,0.0455534601842597,yiaU
b3586,10.87001259491231,-0.6411068724305843,0.5609311308842542,-1.1429333070174599,0.25306628246172413,0.37182111765552106,yiaV
b3587,8.894379041855364,-1.6472480850585085,0.666201570533578,-2.4725971206269977,0.013413526153194176,0.03220969977557316,yiaW
b3588,9905.067543595611,-1.345311319182125,0.16184640782209617,-8.312271722835579,9.388714005556683e-17,2.625646481417927e-15,aldB
b3589,2.3930236637130973,-0.3515469558471815,1.2698732803126638,-0.27683624917332283,0.7819058457004697,0.85482864820719,yiaY
b3590,1320.2622506799878,0.0517019509658064,0.21675061961307715,0.23853196386750755,0.8114685270995976,0.8746583940499334,selB
b3591,1142.4622502700565,0.07074702517218914,0.2528612938375657,0.2797859019800633,0.7796417685058642,0.8535968006101744,selA
b3592,330.5362458097099,0.2742005106894714,0.18529256063086622,1.4798247147964276,0.13892003120346652,0.23056126292993576,yibF
b3593,4.7535512451931,-0.27800494560959577,0.7656700423512831,-0.3630871396716464,0.7165397910964535,0.8063582074264362,rhsA
b3594,20.972784403451822,0.09034895040368758,0.43009545993669585,0.21006720325991285,0.8336152223526112,0.8905904831319087,yibA
b3595,4.144057012383832,-0.09021390625628001,0.9197604851788941,-0.09808412919449713,0.9218654898222292,0.9488705630093099,yibJ
b3596,0.6853387741759125,-0.14180437090290365,2.331892163566582,-0.06081086129043666,0.9515098402727806,,yibG
b3597,110.71319400961131,-1.7626095230361416,0.30509117263033975,-5.777320621373032,7.589956968965919e-09,7.742509453950096e-08,yibH
b3598,38.71637998431016,-1.5943194509539826,0.3262495226657547,-4.886810064661384,1.0248287413681835e-06,6.817266918712949e-06,yibI
b3599,1647.12579498918,-1.3116626277900285,0.24723701842335372,-5.30528412029309,1.1249763444912829e-07,9.050445699028697e-07,mtlA
b3600,850.023740469152,-0.8719731025476919,0.2039885871711798,-4.27461709814169,1.914660566426687e-05,0.00010039757128290956,mtlD
b3601,116.79369983201724,-0.2777191818220677,0.2098364710173085,-1.3235029186092242,0.18566818634343407,0.2918860091999455,mtlR
b3602,538.2258775031268,0.336342793230756,0.1543010445472174,2.179782996399822,0.02927355092714893,0.0634388865901472,yibL
b3603,274.93547231748937,0.0413265894795172,0.3293821203225598,0.12546700907458663,0.9001538415606697,0.936220486465313,lldP
b3604,129.41509533530828,-0.9479256074287158,0.342932658434714,-2.7641742018839475,0.005706706389960452,0.0154039855345551,lldR
b3605,623.6052152891433,-0.7161612274710443,0.3176223006980708,-2.254757382894917,0.024148561631039032,0.05354624426386271,lldD
b3606,80.20911641530243,2.155829125762664,0.3792699141777106,5.684155386900869,1.3146071250448545e-08,1.2776240877208975e-07,trmL
b3607,1022.8570061042773,-0.5354436220737663,0.1586886396899894,-3.3741774024895363,0.0007403663760104706,0.002572820094487781,cysE
b3608,1827.7095232063664,-0.673232874759756,0.16351728382882577,-4.117197026489959,3.835081963498427e-05,0.00018858877932945018,gpsA
b3609,1210.7952587534437,-0.0959864110505161,0.1430599593329133,-0.6709523160645331,0.5022509069197586,0.6266323151281116,secB
b3610,380.67890546470545,-0.11790345408820926,0.19758415426805342,-0.5967252511972949,0.5506908308336351,0.6692242340675982,grxC
b3611,745.7963502107514,0.4543740506572686,0.195242583165097,2.3272282270156723,0.019953121440909823,0.04546966864943475,yibN
b3612,1569.0042572534264,-0.10178983998928849,0.148740539539005,-0.6843449694667512,0.4937573567891985,0.6197888864774725,gpmM
b3613,279.47348851609024,0.8704391039676231,0.19872549809683493,4.380107798464169,1.1862061263204463e-05,6.39121020354306e-05,envC
b3614,146.07734532491992,0.6974229341095612,0.23112905443031195,3.0174611142185164,0.002549017423344476,0.0076155600489601315,yibQ
b3615,33.936866809843416,1.2998560945507294,0.3969595326059128,3.2745304943745484,0.0010583771535748103,0.0035605470362897263,waaH
b3616,3712.2521417778757,-0.0689846974659407,0.2848342020351513,-0.24219246485514165,0.8086310334517112,0.8729732611659624,tdh
b3617,3328.564378394793,0.09093010101473815,0.23092612543945884,0.3937627275462906,0.6937562249176791,0.7880717990153575,kbl
b3618,336.7657679596785,0.7572364673465846,0.1761438757589051,4.298965627298012,1.7159707990337488e-05,9.067295571758022e-05,htrL
b3619,1333.7381690336854,0.46635351881516185,0.174482562259693,2.672780092036129,0.0075225545941859,0.019535831924635653,rfaD
b3620,621.6501772247888,0.28363766010532127,0.15486497171851185,1.8315159132361531,0.06702357471836515,0.12785796550682094,waaF
b3621,204.8221816014534,0.13736482247803725,0.20683518563666947,0.6641269571964166,0.5066090580255095,0.6303480137841615,waaC
b3622,113.00674413059882,0.3636825826321337,0.28255168706473477,1.2871364754895667,0.19804672389259315,0.3064245697863946,waaL
b3623,260.00265923889225,-0.45828839106389674,0.304760852938542,-1.5037639731121082,0.13264215057180798,0.22283670330052727,waaU
b3624,156.31233800586529,-0.58761566224577,0.376929629055624,-1.5589532287976617,0.11900745053280679,0.20556286938670953,waaZ
b3625,178.60609713212452,-0.5603210197061554,0.3632596766785047,-1.542480643129724,0.12295683819887224,0.21079047616161958,waaY
b3626,212.01848824439472,-0.5550227753619037,0.36110424839820254,-1.5370153572656402,0.12428954868749874,0.2121903383115894,waaJ
b3627,256.03979435625257,-0.4617167074278701,0.28689369670469733,-1.6093651158293654,0.1075365284136756,0.18924771759786832,waaO
b3628,279.59328375743524,-0.8532987209316925,0.2521986763361434,-3.38343853872719,0.0007158422775545375,0.0025002783373209033,waaB
b3629,206.74174170633538,-1.017386948783592,0.20073155644999444,-5.06839565625069,4.0118280725098514e-07,2.871515673679223e-06,waaS
b3630,172.697023293224,-0.643421534425108,0.24283960210485106,-2.6495741586139534,0.00805932826448977,0.0206686827793621,waaP
b3631,465.23150085888784,-0.6008370142261906,0.21018516161445713,-2.858608141559995,0.004255040477589414,0.011915852454611771,waaG
b3632,846.8627610378859,0.06340663504595159,0.22872608608728195,0.27721645628892366,0.7816139043326307,0.8548057357572346,waaQ
b3633,547.6663447400547,0.7407036720796092,0.20944090738075483,3.5365759313343728,0.00040534996021224327,0.0015288015471858092,waaA
b3634,184.28070209339523,0.5719792165274027,0.22648687266346781,2.5254409220321343,0.011555320823115417,0.02847969381308195,coaD
b3635,133.81379053549628,0.3619140183150272,0.24376067129378612,1.484710459624719,0.1376205397681019,0.22895914163766368,mutM
b3636,33.583980489447534,0.6207276070134768,0.3417894220115082,1.8161112282538008,0.069353311660793,0.13181297468216369,rpmG
b3637,3743.730849919088,1.352354638982576,0.15685407746649832,8.62173722752868,6.5945897095431756e-18,2.0694929996894653e-16,rpmB
b3638,609.5199755005478,0.1260512635675983,0.1858376041877184,0.6782871750771781,0.49758962865825174,0.6228961520749309,yicR
b3639,473.2090499536468,0.542259482179669,0.22482631720094318,2.4119039484822116,0.015869461635930164,0.0374078880649707,dfp
b3640,216.97457585066795,0.6586611525903795,0.2461795328993067,2.675531734231487,0.007461080931233431,0.019425271506206862,dut
b3641,253.71338445116388,1.0014843302438643,0.21092265580543412,4.748111701986556,2.053246330684275e-06,1.2886863611363442e-05,slmA
b3642,38.42290915918371,1.007217176550597,0.3637881562974195,2.768691501124996,0.00562818991110823,0.015242087433837901,pyrE
b3643,443.121013774223,2.1955304253718855,0.23511380937568677,9.3381602348319,9.802249360536413e-21,4.241794433806863e-19,rph
b3644,1570.2835433770213,0.9664931269419001,0.1684501932440385,5.737560214856593,9.605013542716818e-09,9.607350528980252e-08,yicC
b3645,579.2618916663934,1.4980370706577126,0.1682279407319465,8.90480537382715,5.347979347531227e-19,1.9456232829823783e-17,dinD
b3646,110.94795029847042,1.6981627828373929,0.2669379598247683,6.361638426966901,1.996128949749813e-10,2.6643136728641173e-09,yicG
b3647,306.746622119425,-1.2668511372921474,0.2256717989480483,-5.613688299545962,1.980588524388175e-08,1.8674769320549975e-07,ligB
b3648,1983.6351805405857,0.9903098631933425,0.18364125988368635,5.392632700410458,6.94327874489296e-08,5.897483247986561e-07,gmk
b3649,653.8268775364655,0.5129177826730454,0.16652913946896755,3.0800482384563503,0.002069670709773653,0.006344829446591713,rpoZ
b3650,1341.864658398444,0.32993805954292355,0.13615674897489216,2.4232222201762865,0.015383513192228207,0.03640853352518719,spoT
b3651,142.03335190462735,0.40191247521500545,0.25695638436861207,1.5641272202773886,0.11778769463815093,0.20397018224828917,trmH
b3652,336.7528179075262,-0.122317116189011,0.18925893924892576,-0.6462950530866682,0.5180882909951613,0.6419110802534985,recG
b3653,662.208498963436,-0.36364551278611545,0.21138839973890422,-1.7202718466825577,0.08538303848655826,0.1567707330139531,gltS
b3654,277.4801025211443,1.2861448671583056,0.29649750246635254,4.337793257817615,1.4392043521758768e-05,7.683855963370168e-05,xanP
b3655,416.0318324721681,-1.0463870934900028,0.1715030810967175,-6.101272856432842,1.0522709801904541e-09,1.2289448862394766e-08,yicH
b3656,100.71447279637722,-0.2431450972633755,0.276721709733807,-0.8786628902274035,0.379584085387505,0.5131437602854433,yicI
b3657,16.134478536079566,0.5825186264610691,0.43751001095085756,1.331440679940234,0.18304405153045455,0.2889762272817583,yicJ
b3658,3.095438255993098,1.324455592004114,1.081331293097113,1.2248379386216157,0.22063628744021013,0.3340831593615852,selC
b3659,2.1818082018313265,1.0709382951440065,1.2441081621427221,0.8608080291825545,0.3893437821029675,0.5223865170448105,setC
b3660,222.46557441060216,-0.2781079806204144,0.2014161558185625,-1.3807630251415213,0.16735183567197753,0.26854709914617925,yicL
b3661,99.14777284334956,-0.2819043544688958,0.2957771451740103,-0.9530971512455672,0.34054084938322204,0.47073417344129986,nlpA
b3662,106.51684638761942,1.0176698545980116,0.2674078723348876,3.8056839752403966,0.00014141285254310932,0.0006018110116748922,nepI
b3663,117.00328185005657,-0.004756503861633825,0.20998825005394303,-0.022651285776284842,0.9819284341720653,0.9896317217164405,yicN
b3664,33.2570324268415,1.2001011357218618,0.3894071425684544,3.0818672914066916,0.002057065241229388,0.006310891945294039,adeQ
b3665,146.69470112591068,0.5884038800203784,0.32296713745201217,1.8218691990227824,0.06847483483095633,0.13050535280021394,adeD
b3666,45.249459965342,-1.0297663851575032,0.3119554491999399,-3.3010046395999986,0.0009633928944206788,0.0032704444169805204,uhpT
b3667,35.99626911798301,-0.9364685056587491,0.34426647716634007,-2.7201849955500412,0.00652454031147898,0.017327122235458715,uhpC
b3668,74.75760894490237,-0.24160388275818603,0.2504054448559693,-0.9648507559296652,0.33461956940500526,0.46464584526789826,uhpB
b3669,144.2517814174877,0.09916848294565013,0.2107453983727078,0.47056060873162464,0.6379545430751803,0.7410655910093433,uhpA
b3670,62.528905182652856,-1.1877477158314547,0.45364739814972327,-2.6182178508592404,0.008839035500734756,0.02249002706473547,ilvN
b3671,693.3089863936597,-1.7121379011172007,0.19783554059045091,-8.654349446046105,4.9573107525619594e-18,1.6046853939985998e-16,ilvB
b3672,59.234349161222234,-2.0070286264559214,0.3179025623981909,-6.313345231681413,2.7306740196918386e-10,3.6329452734476207e-09,ivbL
b3673,1358.8921265969554,1.3453828229101132,0.20616124490474164,6.525876497941006,6.760500959451979e-11,9.61675413297823e-10,emrD
b3674,225.64331807493144,-0.4857773628901398,0.3277041959657697,-1.4823654041368501,0.13824309407694968,0.22971599019819733,yidF
b3675,10.863231681496211,-0.3655715303031404,0.5667081650751999,-0.6450789892088999,0.5188759988976313,0.6425797507715567,yidG
b3676,97.5442937976705,-0.6995173193982529,0.23257969091292213,-3.0076457520968685,0.00263279839981917,0.007826055113273035,yidH
b3677,70.38933204773156,0.6493769339392121,0.24735126255026155,2.625322900089339,0.008656682928970367,0.022049333036553393,yidI
b3678,28.087005219231287,0.1339928306283014,0.3504993807860186,0.3822912049881897,0.702245377582833,0.7952977265132304,yidJ
b3679,12.520531782010487,0.21216344818125293,0.49658044550544994,0.4272488981423745,0.6691980491535929,0.7682416029238818,yidK
b3680,36.34431484680406,-0.5285582160497444,0.364331912908385,-1.4507601374537176,0.1468466632234217,0.2418616316151789,yidL
b3683,6.020549055050626,-0.32064006591563815,0.703677532898821,-0.45566335562079363,0.6486320766754605,0.7503159973232522,glvC
b3684,14.025980524201904,0.3949555632565548,0.5515631594269031,0.7160658874804653,0.47395066610983094,0.6024771763690523,yidP
b3685,429.11396405313735,-0.183987351069416,0.2587391011201158,-0.7110921784643699,0.47702711651335594,0.6056388128432385,yidE
b3686,83.67091672039997,0.2521403215651688,0.5814415007814193,0.43364692961597806,0.6645448502688436,0.7641801061413191,ibpB
b3687,405.2905235913493,-1.51475292727741,0.4201808194373766,-3.605002554151969,0.0003121498584284498,0.001211937596028476,ibpA
b3688,1023.1561738114987,-0.22997031709429036,0.1550359140015065,-1.4833357714268434,0.137985222831721,0.22947299800210558,yidQ
b3689,277.85358178956704,0.01841002839927351,0.17609532124919386,0.10454581228323116,0.9167362144934641,0.9461969816175322,yidR
b3690,14.126917349539525,0.440984373133699,0.5022536893331552,0.878011217238038,0.37993763136460146,0.5134528607954887,cbrA
b3691,25.720042262656392,-0.6241722518557022,0.40492794626007556,-1.5414402923299626,0.12320966404846598,0.21099314030434732,dgoT
b3693,96.71431316975593,-0.9681516764376759,0.34313525748433654,-2.8214870239088445,0.004780157131621099,0.013151971523601067,dgoK
b3696,26.050496141775344,1.6617819854436366,0.3932501207461578,4.225763446151142,2.381320467656517e-05,0.0001229850306851249,yidX
b3697,629.4531818399734,-0.12178537216028158,0.1915459725197548,-0.6358023118847953,0.5249052804292749,0.6476247322463232,yidA
b3698,80.49059400385926,-0.6271644424676377,0.27930058533676183,-2.2454820197080685,0.024737205239304238,0.05470395413597619,yidB
b3699,9247.3203346275,-0.16496803927608764,0.14251913560845475,-1.1575150141894428,0.24706200870231965,0.3646936868133702,gyrB
b3700,207.60049770166304,0.7119750486834271,0.17877405544396013,3.9825412413190358,6.818228853988603e-05,0.00031600607461947176,recF
b3701,934.760303228074,0.4859947764974961,0.1621392980505836,2.9973904065248718,0.002723017461363396,0.008047681368558535,dnaN
b3702,2112.63013217668,1.3127416551137236,0.18079185609431234,7.2610663083679805,3.840506080836852e-13,7.41235704146493e-12,dnaA
b3703,843.7002552173734,1.195887471418886,0.15755407993072756,7.5903300755187475,3.190915914685606e-14,6.832216315246108e-13,rpmH
b3704,107.91790478300946,1.5575089440043965,0.27114041478718975,5.744289154484181,9.230793403878103e-09,9.255558947156801e-08,rnpA
b3705,2022.2033825833132,0.39116640897059984,0.17811546134153292,2.196139549168872,0.028081956582516502,0.06108197011149489,yidC
b3706,523.0416231716919,0.25176909429273736,0.14142414079924812,1.780241286034215,0.07503648137687766,0.14079186441823097,mnmE
b3707,2526.8128287824843,3.243792496958646,0.42694620360611635,7.597660945478837,3.015310919459034e-14,6.49002261251104e-13,tnaC
b3708,72111.63863754367,2.329800803254793,0.42819430261153274,5.440989730702792,5.298536886462621e-08,4.624688989436908e-07,tnaA
b3709,8516.521071799707,2.3287181357435096,0.2762636604822244,8.429332079646958,3.476437413069067e-17,1.0135910783777969e-15,tnaB
b3710,112.54160936604148,1.9603967920705296,0.31887272713652876,6.147897343478876,7.851682086308441e-10,9.500131706539438e-09,mdtL
b3711,72.91656129126564,0.9687689633305177,0.31910137516776166,3.035928512753056,0.00239796211072875,0.007237901789431638,yidZ
b3712,442.7982284747148,1.058869267973021,0.2118367533383241,4.998515372268299,5.777340173236335e-07,4.06487897162935e-06,yieE
b3713,780.2139879262724,0.42721792998218816,0.21200996367489716,2.015084209142631,0.04389582649125728,0.089378773009192,yieF
b3714,520.5154648776211,1.412969733780876,0.18783711271411127,7.522313952575606,5.3815166248491965e-14,1.1230159819672612e-12,adeP
b3715,100.81215089718417,1.689672597195996,0.29900871998136186,5.650914118161231,1.5959681948194383e-08,1.5152483253816884e-07,yieH
b3716,10.77358078491463,2.764971327358275,0.75138826833133,3.6798170052597117,0.00023340138240973034,0.0009379404526748792,cbrB
b3717,36.59031123447868,0.5456316355874266,0.38678844832633746,1.410672004162522,0.15834134952100476,0.25688290760885973,cbrC
b3718,13.197159186432595,0.3158013040875743,0.5553879760863804,0.5686138657752597,0.5696182129252922,0.6846048419986615,yieK
b3719,9.787488983503652,-0.23981468605922138,0.5675763003418086,-0.42252413625234,0.6726424872181305,0.7710181158343591,yieL
b3720,4.151448998277911,2.262221954186007,1.0665948942283894,2.120975795428474,0.033923839377942695,0.07192413805194554,bglH
b3721,5.395353521872874,1.758400594044489,0.945317928868302,1.8601155657225057,0.06286917738932549,0.12094299871198741,bglB
b3722,9.21541208479112,0.45593550972383323,0.7125187001032445,0.6398926928623316,0.5222423647834317,0.6456957478570489,bglF
b3723,4.985359150154801,2.233918214388098,0.975635556381189,2.2897056178170767,0.022038387537300128,0.049535161927742384,bglG
b3724,202.0365863694491,-0.48592228445534486,0.17617216485579892,-2.758223950151738,0.0058116367672125845,0.01563588923430035,phoU
b3725,166.4607800421682,-0.8005324519101925,0.19637079765533233,-4.076636961648837,4.569174657027641e-05,0.00022046804008263654,pstB
b3726,136.3076529173271,-1.2306147421523248,0.22581950140258886,-5.449550346665572,5.049732715738176e-08,4.445278628351101e-07,pstA
b3727,87.83559623001197,-0.48770970071876524,0.23546947956757724,-2.0712225703917513,0.038338001294756716,0.07927943829111915,pstC
b3728,196.29564562205192,-0.04703230035614361,0.2158379220789035,-0.2179056391163277,0.827502633342607,0.8865945597267286,pstS
b3729,3541.7158839238487,-0.21353758145712584,0.30335727613196334,-0.7039144871680445,0.48148602890157,0.6096055019446732,glmS
b3730,2335.270199334242,0.1129109338503642,0.20091928819730495,0.5619715999565179,0.5741353689719786,0.6879249495318578,glmU
b3731,3756.020742370935,0.28226221748050156,0.27930269402965363,1.0105961149466525,0.3122097760389393,0.43910174112079353,atpC
b3732,10195.74552461817,0.07858386231107721,0.27035157848316543,0.2906728444197731,0.7713015422689439,0.8465950258408413,atpD
b3733,4216.303573377846,0.17737709230271986,0.2552548445951589,0.6949019619355109,0.48711674309212194,0.6144296270460403,atpG
b3734,10071.955140291855,0.5738911104851654,0.2449777091411493,2.3426258352122376,0.019148575581137178,0.04378186552505836,atpA
b3735,1919.38824226419,0.974138557060411,0.2472263703933742,3.940269622170202,8.139008024954765e-05,0.0003693097349954641,atpH
b3736,3030.2127594413537,0.9942076864909375,0.23408867972400088,4.2471412443487,2.1651547165519477e-05,0.00011252782603976052,atpF
b3737,1513.537787297051,1.1209312485006435,0.22117031883457516,5.068181184560513,4.0163500665666587e-07,2.871515673679223e-06,atpE
b3738,2413.6638759911375,1.4417963951419093,0.2060033928141695,6.998896355277594,2.579866141199128e-12,4.5324058574656474e-11,atpB
b3739,935.2567274656767,2.1506282406409825,0.18696391054983044,11.502905744302923,1.2754787540349383e-30,1.5422038699522444e-28,atpI
b3740,182.59216082696184,1.017645203810483,0.24110558727935477,4.220745007586232,2.4349624754861275e-05,0.00012544023479603346,rsmG
b3741,1512.3615440313251,1.1623734226471656,0.19638812394650537,5.918756181834025,3.2438543018205363e-09,3.5279060938582605e-08,mnmG
b3742,1081.3206486599472,1.5425583149853705,0.2811547967942811,5.486508971476127,4.0995461208097574e-08,3.6717285626686086e-07,mioC
b3743,69.25447803494109,1.3568349812561094,0.3554379921193864,3.8173605842348115,0.00013488696255863953,0.0005794360533736333,asnC
b3744,4311.164049844526,2.017073801993171,0.48047904755501847,4.1980473701347005,2.6922632350216858e-05,0.00013630411526076538,asnA
b3745,376.6631628465457,-0.0934010746472198,0.28720495604302904,-0.3252070435484632,0.7450243781968721,0.8267281860102943,viaA
b3746,508.85773061997673,-0.26793782140192784,0.21256609427332074,-1.2604918122897308,0.20749199970017074,0.31852113919619185,ravA
b3747,326.6720889165519,0.019167975793006803,0.20446960272547046,0.09374486739108373,0.9253118281626104,0.9514649638760608,kup
b3748,1785.4870225734992,0.05967910014929321,0.18382060849790263,0.32465946357681724,0.7454388174231628,0.8267281860102943,rbsD
b3749,1314.5482430391373,-0.2867805681000273,0.172649034389575,-1.6610609443254658,0.0967012073352466,0.17337054660061002,rbsA
b3750,1175.903222281311,-0.4978797456197191,0.19599232471286993,-2.540302261066173,0.011075670350676062,0.02748129711644864,rbsC
b3751,6048.415356141903,0.38181081603476724,0.2792521891668658,1.3672616754550062,0.17154329968352955,0.274295801244259,rbsB
b3752,744.5571151903591,-0.019579932573994232,0.21699214639695844,-0.09023336972839253,0.9281017672690934,0.9536181867641198,rbsK
b3753,183.30441110674545,0.3523723763299462,0.19995537468914287,1.76225508755519,0.07802620843767244,0.14520857532244064,rbsR
b3754,374.35616304145464,1.110606124287736,0.15521200381707234,7.155413866034866,8.342085548364437e-13,1.573133655473679e-11,hsrA
b3755,282.58112362713314,0.998827625084874,0.20311136979063443,4.917635217144454,8.759594863877641e-07,5.913086122397534e-06,yieP
b3756,0.0,,,,,,rrsC
b3757,0.0,,,,,,gltU
b3758,1.0219596616456474,-1.1310302473292755,1.836274372351866,-0.6159375006038302,0.5379357700288006,,rrlC
b3759,0.0,,,,,,rrfC
b3760,0.0,,,,,,aspT
b3761,0.0,,,,,,trpT
b3764,489.8909158977521,0.873676650419825,0.1766960071609384,4.9445183536267585,7.633235028666197e-07,5.250644941295645e-06,maoP
b3765,164.13464338626216,-0.2127721618983745,0.2495668990165965,-0.8525656356543697,0.3939002261641844,0.525909395362531,yifB
b3766,7.894193433140599,-1.6961749765318308,0.721779218977429,-2.349991426651025,0.018773843483232855,0.04309283671667798,ilvL
b3769,0.14527101049287064,0.7984912879891685,4.426327699496274,0.18039588168766593,0.856841787227373,,ilvM
b3770,298.2099606382072,-0.18174689715701298,0.1604111384721076,-1.133006715669032,0.25721143312515704,0.3771027823029674,ilvE
b3771,349.0913172403165,-0.5806308631160295,0.19838820996177253,-2.926740773697748,0.0034253425318458257,0.009842348459489671,ilvD
b3772,303.7710715320624,-0.7251974069842076,0.2772901070938908,-2.615302127380458,0.008914855913798368,0.02265078656466322,ilvA
b3773,292.41395415449097,0.1043475930231976,0.20980247822672302,0.4973611079580975,0.6189344264583075,0.7248277986382783,ilvY
b3774,271.0620367123585,-0.6704231669490306,0.2084164250653678,-3.2167482324809997,0.001296523194453022,0.004250026879638293,ilvC
b3775,193.86685503853775,1.2958241467358051,0.18817801462989298,6.886161219653751,5.731803032977085e-12,9.5786350685239e-11,ppiC
b3777,53.56594967147078,-0.1203042360565133,0.3268468651296879,-0.36807523305685796,0.7128171376841164,0.8046104483853385,yifN
b3778,488.3802538946033,0.6313713761000066,0.2084113523830538,3.0294481029016356,0.0024500099270511407,0.007357188320019897,rep
b3779,1713.5953354766978,0.29616238310105836,0.14109342012326448,2.0990516981041343,0.035812343685355706,0.07522971123684073,gpp
b3780,3284.39273482836,0.33530299962820365,0.12358115415044853,2.71322113742362,0.006663262417183288,0.017638552348384094,rhlB
b3781,4945.562079137958,-0.09557727516326231,0.14050021513954025,-0.6802642620037134,0.49633714899005443,0.6215175204075887,trxA
b3783,5959.365037192131,1.2710031405065665,0.17189910091320676,7.393890565770359,1.425937827615127e-13,2.8595270289394084e-12,rho
b3784,541.9339042008589,0.6604568408429393,0.16225956349608045,4.070372350403207,4.6938054928458236e-05,0.00022568695182560445,wecA
b3785,512.6056800566795,0.38288528381138853,0.1730830496847787,2.212147778241166,0.026956455767682345,0.0590085141964548,wzzE
b3786,334.7261219815869,0.5701979099830732,0.19707769033637773,2.893264625792211,0.003812599286758868,0.010831786916285906,wecB
b3787,417.07694224739043,0.4443955268458706,0.2317236852177716,1.9177820619771007,0.05513865121397469,0.10856082142751433,wecC
b3788,295.9482571431644,0.24970655189781735,0.19550953505948732,1.2772090722932752,0.20152844489883814,0.31064245855985134,rffG
b3789,261.5379792909079,0.11198668003346009,0.18096647645103844,0.6188255539348955,0.5360312859550417,0.6576020938708375,rffH
b3790,103.87479085102785,0.3095127494712368,0.23703118108734908,1.305789171076093,0.19162426363668517,0.298622952164675,rffC
b3791,362.95074974968287,0.15806716181244101,0.1507843837330645,1.0482992860339526,0.29450073848793834,0.4197963023314544,wecE
b3792,178.538494202284,-0.14950434364989998,0.19934345313109536,-0.7499837155503702,0.4532645125283199,0.5823032534387259,wzxE
b3793,85.03320783923606,-0.7752899749062386,0.3102190850154281,-2.4991691754479937,0.012448486802084793,0.03033534632090728,wzyE
b3794,119.75392732172922,-0.9687504190155334,0.20249718060281405,-4.784019294153427,1.7182417977886432e-06,1.0900759306649864e-05,rffM
b3795,186.44402398008307,0.053180569782238604,0.2711751610499085,0.19611150806120833,0.8445228890286144,0.8973672867065043,thrP
b3796,5.689406087269087,-1.8829126581142095,0.8759277029501418,-2.14962108376356,0.03158519929936739,0.06769903770578695,argX
b3797,0.1785941125315513,-1.1250828641289565,4.426305747061774,-0.2541810097225655,0.7993557209679234,,hisR
b3798,0.0,,,,,,leuT
b3799,0.4358130314786119,2.1855007106795856,4.044291518210325,0.5403914878140909,0.5889270768827752,,proM
b3800,99.16124774581992,-0.29409965054177445,0.2551186354482185,-1.1527956396641512,0.2489942745294237,0.3668872625772261,aslB
b3801,52.81456913174306,-0.2564754162054309,0.301517394333824,-0.850615656095366,0.39498288963273964,0.5270284515677354,aslA
b3802,1603.236699088836,-0.3635460848406113,0.19202478066453044,-1.89322484099451,0.05832797525734111,0.11380460668387722,hemY
b3803,1447.10837010294,-0.14247854629267,0.17546097729152657,-0.8120241234946698,0.416777789415015,0.546879505995891,hemX
b3804,580.9470278371683,-0.18830547517471632,0.13727224382240677,-1.3717665708031463,0.17013611703815257,0.27215158643729387,hemD
b3805,2087.7181040515543,-0.19955963306089827,0.1474211291317502,-1.3536704964629047,0.17584152486657478,0.27986237271641073,hemC
b3806,6262.251923872027,0.5524203471533902,0.14876900665990725,3.7132757659412783,0.00020459374252022172,0.0008352382080443212,cyaA
b3807,136.6808585222419,0.10874497066454981,0.23365661868348767,0.46540505155497547,0.6416414173315999,0.7447170713298157,cyaY
b3809,1371.45601549154,-0.031769089948442894,0.16734445072796286,-0.18984250634093092,0.8494325462885168,0.90055329555606,dapF
b3810,480.26339385115153,0.06363192250592363,0.16132202346714833,0.39444039405370873,0.6932559259270079,0.7877211474532697,yigA
b3811,425.326246953771,0.31670895858212283,0.1627663662460107,1.9457887147485862,0.05168012478681844,0.10258666972409976,xerC
b3812,266.20269579537234,0.3803075005716177,0.1796379328767848,2.1170779160127267,0.034253235614970685,0.07247300649158234,yigB
b3813,2340.225989904851,0.6072759625494554,0.12842969134608773,4.728470155028169,2.262178698647944e-06,1.4005747936960388e-05,uvrD
b3816,501.4484420054082,1.6617125276755367,0.18677254447732286,8.896985005616255,5.738425003942153e-19,2.0693565957198414e-17,corA
b3817,7.1972765123512685,0.8252759046418797,0.6808368657170362,1.2121492624708636,0.22545524931318894,0.3392556844533381,yigF
b3818,1.1319238239367468,1.0883269766663832,1.7915365229148417,0.6074824390940511,0.5435307932771094,,yigG
b3819,76.30468134307638,-0.2567399663098595,0.24673117668760675,-1.0405655651491712,0.29807721975610846,0.42357257186911923,rarD
b3820,55.88622342138461,0.541231316058229,0.3224844843143235,1.678317383885962,0.09328515615136646,0.1686434815031959,yigI
b3821,361.1044564928568,1.9015144247212892,0.17614480506352193,10.795177433904785,3.627611453518282e-27,3.3893433375940132e-25,pldA
b3822,438.8207561964471,0.754598615978601,0.19921911521646987,3.7877821872597934,0.00015199800810481224,0.0006402293148759047,recQ
b3823,568.0233010397305,0.09245886273513082,0.24424049702881462,0.37855664338998973,0.7050171234658398,0.7975578961387086,rhtC
b3824,57.82169043184285,0.09864546747694046,0.27018200656783103,0.36510746489024554,0.7150311888239136,0.805078382890465,rhtB
b3825,831.3401807825235,0.7841266714340811,0.23028461745241355,3.4050327812109056,0.0006615611179136504,0.002334487343985422,pldB
b3826,361.4576381886198,0.566522175118846,0.17683079729618387,3.203752874392949,0.0013564885699999915,0.004429328444217605,yigL
b3827,369.99537061100926,0.38140806127062,0.23410455653983825,1.6292210066646637,0.10326624151221267,0.18298599950720099,bioP
b3828,649.8661836245149,-2.4394724008974773,0.43036286076530283,-5.668408274262859,1.4413019512782825e-08,1.3747545990034846e-07,metR
b3829,1193.2558731285844,-1.7443321793414992,0.5633737740106893,-3.0962253832362503,0.00196001320050496,0.0060628578596261026,metE
b3830,874.2226660706475,-0.46859936718116324,0.32687707697778745,-1.4335644809164956,0.15169658566331692,0.2481251763490311,ysgA
b3831,2326.6699946775657,-0.618838686945223,0.17716693146188478,-3.492969494018461,0.00047768107529043695,0.0017691413518189066,udp
b3832,988.4111899329345,0.7226256006000867,0.19885309232728723,3.633967126901581,0.00027909643769081084,0.0010979573735377258,rmuC
b3833,1661.191519469796,0.5770838418642628,0.14029958917799365,4.113225457361352,3.901689921864956e-05,0.00019117815576623164,ubiE
b3834,299.11274499179575,0.701029161118586,0.16735391885739656,4.188901974359727,2.8030744020840557e-05,0.00014156558804628443,ubiJ
b3835,1245.6090637710333,0.5314470721571375,0.16613296247059522,3.198926114684804,0.001379405157635019,0.004482794152598864,ubiB
b3836,1202.2390163699836,0.49000071768268916,0.13422275052412852,3.6506532295700818,0.00026157420166810934,0.0010399724787791078,tatA
b3838,623.8660773830976,0.34535798514915034,0.1507975329526728,2.2902097825270094,0.022009158618819514,0.04949652685009137,tatB
b3839,523.0526138679135,0.6327548111106303,0.1444573769756852,4.380218057102992,1.185606054497779e-05,6.39121020354306e-05,tatC
b3842,136.54641265804756,0.732799154337412,0.2374797190597503,3.08573362491236,0.0020305063856049022,0.006248062688040235,rfaH
b3843,3031.9341120845943,-0.06928715030372863,0.14562589881263208,-0.4757886534515139,0.6342249542338408,0.7384023752068309,ubiD
b3844,1744.4035015316413,0.057534151142652604,0.14861764240956157,0.3871286760430473,0.6986609491717997,0.7924327510278575,fre
b3845,1204.844952076683,-0.26344689904018653,0.5133729932995206,-0.5131685976447186,0.607833390132924,0.7168109772910072,fadA
b3846,1389.2286680868858,0.6656503202843254,0.4559231060145131,1.460005670919289,0.14428851538203308,0.23850827773845518,fadB
b3847,2401.6890621421157,0.15091974020986904,0.17792127782231007,0.8482388506707585,0.39630496477532173,0.5281068752646183,pepQ
b3848,316.9547199048106,-0.09575655050388235,0.21204500450641522,-0.4515859768862668,0.6515672741779909,0.7528367240432042,yigZ
b3849,527.1784333044733,-0.23024586994582022,0.1709565696291258,-1.346809136643985,0.17804171136185476,0.2823801988459047,trkH
b3850,4.890350424382425,-1.8690798176752508,0.897268916770829,-2.0830765255993278,0.03724424871687099,0.07736791635930097,hemG
b3851,0.0,,,,,,rrsA
b3852,0.0,,,,,,ileT
b3853,0.0,,,,,,alaT
b3854,0.6706567888223528,-2.9691561807364377,3.022920162854917,-0.9822145543970624,0.3259941588120555,,rrlA
b3855,0.0,,,,,,rrfA
b3856,1.6422674094409409,-0.31482614324960817,1.9406486294411418,-0.16222727724815914,0.8711268801713217,,mobB
b3857,107.62010019004022,-0.5473175891705643,0.22011071796914128,-2.486555830721956,0.012898632867997042,0.03119192924725638,mobA
b3858,364.7886728538817,-0.282196061879617,0.19032633076822728,-1.4826958557997183,0.1381552361966434,0.22966282895446868,yihD
b3859,967.6157369057318,2.096581496026101,0.20874936629761118,10.043534661738963,9.809472315217971e-24,6.301053232478294e-22,srkA
b3860,986.0673339920281,0.9829917463669255,0.21195806536002404,4.637670874648023,3.5235727808527686e-06,2.108501848920776e-05,dsbA
b3861,21.070865798817692,2.2577716276850306,0.46211779245159496,4.8857059056463905,1.0305893653062812e-06,6.844511923706174e-06,yihF
b3862,38.437704147087736,1.6242533754478936,0.426966484019174,3.804170669693485,0.00014228006230625713,0.0006048741842202927,yihG
b3863,4088.613709458263,-0.5194716946576745,0.1606174840932636,-3.2342163593848836,0.0012197701264009119,0.004021230945977666,polA
b3864,15.24663676878386,-0.030755270237046346,0.4963615244827804,-0.061961430771843184,0.9505935467409382,0.9696997693925551,spf
b3865,1672.4448051681727,0.7200844810444856,0.14564576110772592,4.944081280277563,7.650378199533297e-07,5.250644941295645e-06,yihA
b3866,930.0905227585823,-0.6352639417297944,0.17631557824317468,-3.602993836730851,0.0003145729902993846,0.0012188591546849858,yihI
b3867,1200.499951965038,-0.12600600458919045,0.1359887806918517,-0.9265911786849385,0.3541388367080667,0.4862607741171884,hemN
b3868,305.56757292279025,-0.9709803761762299,0.1998398314336426,-4.8587930104346935,1.181035255347157e-06,7.73126741199389e-06,glnG
b3869,169.08173625373817,-0.7410963436615557,0.3022974060508993,-2.451547148032007,0.014224355036346963,0.03393866718190503,glnL
b3870,1217.0559410523535,-0.9439329993104538,0.3298145730096263,-2.862011192218918,0.0042096204121119885,0.011804740459885665,glnA
b3871,4344.1639446149675,1.2360412536520615,0.15083017736701515,8.194920109683368,2.5075965678305256e-16,6.650793219581478e-15,bipA
b3872,140.70412346137428,-0.4009875477764555,0.2729637610557831,-1.4690138581967638,0.1418290304419038,0.23500973161897076,yihL
b3873,156.14091789381527,-0.1850120924431141,0.22156515877842445,-0.8350234010760458,0.40370453275923923,0.5348467077580511,yihM
b3874,18.43523535628393,-0.23544150217220516,0.523418187005592,-0.4498152873119211,0.6528436339192909,0.7538178700212793,yihN
b3875,0.7347153741640589,1.4995463436744656,2.80235323979357,0.5351025425277675,0.5925789519032,,ompL
b3876,8.765479464159581,-0.6713005684255604,0.6094179918322177,-1.101543730941209,0.2706600826249971,0.39169106499288636,yihO
b3877,5.613475142870581,-0.3247924630596884,0.712804949462416,-0.45565405137077225,0.6486387683724839,0.7503159973232522,yihP
b3878,6.948216866046923,-1.0221417930806014,0.7104472126641852,-1.4387301052917891,0.15022700619185372,0.24644182859326041,yihQ
b3879,2.7256770577712346,-1.2930460152404026,1.1710869116410332,-1.104141803983164,0.2695316296389404,0.390431476196506,yihR
b3880,32.72804006103569,-1.6090577905719152,0.45555488093646107,-3.532083307425566,0.00041229944539097977,0.0015521639377310602,yihS
b3881,13.015075833755594,-1.5356710210598306,0.5615357667270497,-2.73476973694943,0.006242392672431652,0.016653131911983466,yihT
b3882,7.589072574325102,-1.8332689803918867,0.7648074890296629,-2.3970332491354354,0.01652842382126233,0.038717008734592266,yihU
b3883,61.817089922500195,-0.7957958339944796,0.3595286703913178,-2.2134419297585377,0.026867192600004836,0.058844447937463976,yihV
b3884,118.94137843583702,-0.16971634808156721,0.24901613309011317,-0.6815476008542419,0.49552505782626377,0.6212575519133182,csqR
b3885,433.42779142700584,-0.5402244384133522,0.1863903851564276,-2.8983492789071192,0.0037513256464200406,0.010679847460133509,yihX
b3886,347.2609221254386,-0.7531837733522574,0.17966720266635697,-4.19210497060459,2.7637805444214088e-05,0.00013975278989073077,yihY
b3887,130.0028458197689,-0.5788367735656769,0.2274462994072875,-2.5449381901314445,0.01092970830324335,0.027182111817685067,dtd
b3888,440.63140411047385,-0.6284211879586402,0.17250464442035882,-3.6429232967624063,0.00026955918263873064,0.0010665618862635434,fabY
b3889,1.6152066105203235,2.9321034656419673,1.796949587262644,1.631711588586379,0.10274025763120523,,yiiE
b3890,27.01145057776236,-0.4925196728502187,0.4012021699424336,-1.2276096934393146,0.2195935212161586,0.333117699527538,yiiF
b3891,1616.6393038587946,0.7764778261477154,0.21192114893129696,3.6639940377042928,0.0002483125672206311,0.0009939756220486995,fdhE
b3892,1774.998893440609,0.8199325714230528,0.26097562670509583,3.1417974995403766,0.0016791412486636685,0.005314049017133442,fdoI
b3893,4191.27710303273,0.8894342505352548,0.2497678890235851,3.561043231026656,0.00036938425336379956,0.0014021594326672022,fdoH
b3894,20739.441531119115,0.7269244454644925,0.193974855361568,3.7475189457391758,0.0001785923511176477,0.0007341931554446496,fdoG
b3895,416.7598586538559,0.15676375440174933,0.16598337117943562,0.9444545757073493,0.34493740381386806,0.4758515661338294,fdhD
b3896,14.100698106028915,-0.33483661058163533,0.479280786918119,-0.6986230613054791,0.48478762776885387,0.6125025855584415,yiiG
b3897,13.739078923779799,0.3063204004209971,0.5135665173648657,0.5964571093784339,0.5508698985687326,0.6692242340675982,frvR
b3898,39.67693210936136,-0.5698884137961429,0.3257631823810743,-1.7493947892782231,0.08022280096048438,0.14875775135252653,frvX
b3899,10.27549622974063,-0.3189742460814843,0.7418102372857164,-0.4299943975545701,0.6671997165670207,0.766375533614703,frvB
b3900,1.111968719910564,0.17075654956685998,1.723349703717812,0.09908409720817773,0.9210714985376713,,frvA
b3901,3.55697334575399,0.9540261266018356,0.9298187325541439,1.026034530387655,0.3048753080486807,0.4302582874658861,rhaM
b3902,6.4036108506716145,-1.150419323377836,0.739552496532411,-1.5555614087869132,0.11981242139813439,0.20675666337364884,rhaD
b3903,20.657034872690158,-1.4031154639394274,0.4217858980620868,-3.326605916381039,0.0008791060328379752,0.003009163114901679,rhaA
b3904,23.739120005353254,-2.77576196306461,0.5392073044623884,-5.147856752111616,2.6347957439401126e-07,1.958706203135227e-06,rhaB
b3905,40.27960969232101,-1.0127538642838492,0.3369501711615251,-3.0056487604464266,0.002650149280656877,0.007860579864920938,rhaS
b3906,51.74764276163552,-0.3726478941765905,0.3447226031057905,-1.0810080070735313,0.27969355189352485,0.40259810638455207,rhaR
b3907,64.67745999852768,-1.1650352795621164,0.31416414415041327,-3.7083648826720625,0.00020860192077080486,0.0008490717785037413,rhaT
b3908,3795.401452457488,-0.604600346059112,0.2984221714938147,-2.025990036305474,0.042765805691002856,0.0875548940217693,sodA
b3909,57.0805136138061,0.4122020801400393,0.2759684470250331,1.4936565559708657,0.13526540907337722,0.2258635648662282,kdgT
b3910,243.4875307108895,-0.1540352801045055,0.17495281592049164,-0.8804389874725296,0.3786215437088003,0.5120109099298942,yiiM
b3911,1271.4034771585527,-0.15229002676660136,0.16441135444852703,-0.9262743882709114,0.35430340245970326,0.4863243030089616,cpxA
b3912,982.8816655188658,-0.11491879748379238,0.1902554864386303,-0.6040235665995426,0.5458279741159348,0.6654504156555777,cpxR
b3915,737.9144475155326,0.05543299576401241,0.1898501349589648,0.2919829147131972,0.7702996871402354,0.8460331322023799,fieF
b3916,2850.23541238574,-0.44807263932584634,0.1495235160526209,-2.9966700299380262,0.0027294597758508597,0.008060926105260694,pfkA
b3917,126.04332761947755,-1.2977428742674357,0.37964794937784246,-3.41827968883842,0.0006301831269635734,0.0022487331100648276,sbp
b3918,20.810101675532106,1.079150697543599,0.4425018507803667,2.4387484383183504,0.014738224054347819,0.03506298558299994,cdh
b3919,5063.531737118456,-0.2920370646910269,0.140963830338183,-2.0717162976517285,0.038291906541461064,0.07922396969901684,tpiA
b3920,42.663528614392234,0.45270810276356294,0.29857826677589583,1.5162125082042643,0.12946562623958682,0.21911617516300597,yiiQ
b3921,82.06347550069627,-0.14862802479608134,0.2646756468099049,-0.5615477909942685,0.5744241603226783,0.6880704321347699,yiiR
b3922,252.46144644509272,-2.008526645659476,0.29205196380015414,-6.877292039145041,6.10009772217133e-12,1.0152834710868964e-10,yiiS
b3923,475.30155876385953,-1.6643280762803736,0.2649403822550592,-6.281896561461581,3.344673669265528e-10,4.323884734072512e-09,uspD
b3924,801.7419237194098,0.411493447874436,0.20753953867574648,1.9827231500082543,0.047398362257138546,0.09561072975421812,fpr
b3925,360.4660837625001,0.3757780508011098,0.16703870035144194,2.2496466388357286,0.02447138534971122,0.05417440235469188,glpX
b3926,1212.7906323669706,-1.538746928025506,0.2751816427851937,-5.591749916351248,2.2479243941219746e-08,2.1002766327807814e-07,glpK
b3927,577.9413200891039,-2.3219311660780635,0.28057483743355854,-8.275621532269115,1.2778728422341204e-16,3.4790299698175294e-15,glpF
b3928,2685.351453822038,-0.17352943319685463,0.16085994408825238,-1.078760994108337,0.2806942873420243,0.4037558485874954,zapB
b3929,2862.9157936268825,-0.22082158252793077,0.19769419853475237,-1.1169856483629328,0.2640004615754341,0.38445125665483865,rraA
b3930,135.2609236614718,0.30338346668409905,0.22913700937977913,1.3240264744018782,0.18549425236882233,0.29172412834285716,menA
b3931,1899.820391129204,-0.8960951969793687,0.2205212620971045,-4.063531962667534,4.833569998543809e-05,0.00023186471719969194,hslU
b3932,618.7996829288612,-0.713548276905757,0.2755100094404235,-2.589917797741774,0.009599885247141345,0.024152465269888658,hslV
b3933,702.9192216808888,0.3351106742558761,0.1410396796275865,2.376002803896971,0.017501329820140306,0.040579789560404284,ftsN
b3934,743.2371727994363,0.2040703671508947,0.22253654107103243,0.9170195877438239,0.35913237595178915,0.4911487683093165,cytR
b3935,460.0906088315039,0.9158245791930368,0.1537414455118346,5.95691406532625,2.570453149814417e-09,2.8715035051323557e-08,priA
b3936,4702.843112204872,0.3936955349473717,0.14685219531946572,2.680896489772708,0.007342522405887783,0.019177325038503605,rpmE
b3937,202.96258826439967,0.2439438217754299,0.3947908893969081,0.617906411538737,0.5366370323682981,0.6579525320805468,yiiX
b3938,1585.693794733065,-0.8584417982544974,0.29527843001793974,-2.9072282665629943,0.00364647000734095,0.010417399722153333,metJ
b3939,449.28028566269046,-1.715556069533712,0.26906138560826476,-6.376076840812253,1.8168179553107882e-10,2.432879027453632e-09,metB
b3940,955.3988499425046,-0.9796489721504229,0.18204625592685095,-5.381318979414009,7.394203601369032e-08,6.23340709291512e-07,metL
b3941,765.9851207054268,-3.3724124493684897,0.39647861463789064,-8.505912613845668,1.8017263740384606e-17,5.486590461979342e-16,metF
b3942,7516.184990097103,-1.3980466115630705,0.20885638317695057,-6.693817973370705,2.1742184393141834e-11,3.286107354419341e-10,katG
b3943,192.85358666390925,0.014774676158946341,0.1808098132136967,0.08171390643208257,0.9348742196095536,0.9572273765416874,yijE
b3944,9.970650901867062,1.5960847336001613,0.893806215752619,1.7857167532183664,0.07414513138468662,0.1395653091219994,yijF
b3945,1671.0423355861155,0.4785878586365283,0.39595482873419857,1.208693072809577,0.2267807839871997,0.340717202909687,gldA
b3946,42.57358629797454,-0.5481907823258938,0.32954146614341473,-1.663495610252957,0.09621326883332623,0.17309967097321843,fsaB
b3947,47.79546485426866,-2.2183025735805284,0.4396745642945838,-5.045328417256943,4.527430281954987e-07,3.214553694148005e-06,ptsA
b3949,13.453905692695054,-1.397088197119265,0.5767681475959966,-2.4222700281602068,0.015423884775465161,0.036462099086795444,frwC
b3950,3.87295262588357,-1.3586794042497268,0.8895331474377158,-1.5274072789343245,0.12665976757124764,0.21497280095665364,frwB
b3951,101.2819254921893,-1.2685935717813261,0.2659755617780627,-4.769586962428809,1.846040378324558e-06,1.1657560668651702e-05,pflD
b3952,23.300472153473972,-0.7604628406253483,0.409596309204458,-1.8566154614585368,0.06336588261628702,0.12178454578567365,pflC
b3953,11.73582608025906,-0.9435748874649225,0.5195203983961133,-1.816242231061512,0.069333222539322,0.13181297468216369,frwD
b3954,91.65416885561115,0.37188453478966726,0.2468242582260273,1.506677412757044,0.13189336392030412,0.22203669904847267,yijO
b3955,290.91043580001104,0.21462154688303575,0.17160923425235236,1.250641014850247,0.21106547958559407,0.32303189299981144,eptC
b3956,3759.832833055081,-0.8528365353019536,0.18148540698413246,-4.699201712546058,2.6118039121715957e-06,1.6073541740924296e-05,ppc
b3957,370.04735470175314,-0.1817578889243723,0.15721204557489898,-1.1561320779187954,0.24762713687857396,0.3652807940520939,argE
b3958,45.730537337109126,-0.45782821916887084,0.33022560334819473,-1.3864104252574565,0.16562161486912574,0.2661729705734855,argC
b3959,69.05149120449148,-1.283256917434396,0.27951383094366555,-4.591031911022067,4.410598878846549e-06,2.5902817129911664e-05,argB
b3960,340.74286709030474,-1.6474776447417274,0.18911078230726147,-8.711706570305207,2.9933370425849047e-18,1.0039892031887085e-16,argH
b3961,2401.586580725439,0.4804489723599237,0.1835066395285596,2.6181557985816104,0.00884064308844868,0.02249002706473547,oxyR
b3962,3797.473258639255,1.5450782442794593,0.26596572774919647,5.80931331775369,6.272959723047894e-09,6.561867028358751e-08,sthA
b3963,888.3035473608737,0.38436020000459886,0.14398031095525834,2.6695330594475393,0.00759567952979614,0.01968842279129378,fabR
b3964,719.4000307159782,0.47775542175143176,0.15212908150246454,3.140460831242789,0.0016868226234699408,0.005334252157757635,yijD
b3965,820.7954627070571,0.1630306814476519,0.15858989764446338,1.0280016815014545,0.30394903672194695,0.42948477925377215,trmA
b3966,695.206874559029,0.7475798196973629,0.18062885553628835,4.138761868793295,3.49185152620311e-05,0.00017357922157461894,btuB
b3967,11.412603672475178,-0.909105979560534,0.6029947175766424,-1.5076516477857602,0.13164370671101755,0.22170720126546217,murI
b3968,0.0,,,,,,rrsB
b3969,0.1785941125315513,-1.1250828641289565,4.426305747061774,-0.2541810097225655,0.7993557209679234,,gltT
b3970,0.0,,,,,,rrlB
b3971,0.0,,,,,,rrfB
b3972,200.81085997310763,1.0652542013497777,0.21715883608616476,4.905414951326704,9.323003143508934e-07,6.232010719181338e-06,murB
b3973,370.1862803488773,0.7514871901292735,0.19388364204769462,3.875970051895407,0.00010620074677636407,0.00046594585912234016,birA
b3974,349.1441345712883,1.9113111898975743,0.28465304952387804,6.714529119201459,1.886744989678959e-11,2.900048209294606e-10,coaA
b3976,2.416276501243433,1.3362550792159047,1.2310902995657294,1.0854240990179782,0.27773386363475516,0.4001976562924916,thrU
b3977,50.41937948165298,1.2835450933316348,0.34149030670175873,3.7586574732635727,0.00017082750947093153,0.000706510957178068,tyrU
b3978,9.081580129251533,0.9446159499487924,0.5986495542844346,1.577911389373523,0.11458596809671032,0.19926519240506604,glyT
b3979,3.4191080786684833,0.1223732492663454,1.0793017352649994,0.11338187021102052,0.9097278124942406,0.9423550884858402,thrT
b3980,138.60726536264247,0.2398192002031569,0.2337207567534669,1.0260928619879608,0.30484781455814614,0.4302582874658861,tufB
b3981,1709.3841128552028,0.18716813197517873,0.14077613394266983,1.3295444812499377,0.1836684008264745,0.2898505933964057,secE
b3982,1691.0575444568913,0.06937848415972754,0.1271137132560059,0.5457985797330921,0.5852043996678439,0.6971241051969012,nusG
b3983,5121.782540935252,0.5746110084265604,0.16979002154587777,3.3842448643031635,0.0007137431869586522,0.002495066531961751,rplK
b3984,12443.195454751834,0.494596784774459,0.17359830372287569,2.8490876590822594,0.004384479838635745,0.012236657580876815,rplA
b3985,10521.230262419245,0.6466870709212497,0.12742608307896877,5.074997640165109,3.875008106261025e-07,2.789870109428909e-06,rplJ
b3986,7185.179768175767,0.46091793169897277,0.11842629389030147,3.892023608590859,9.941156853660596e-05,0.00043896987997205924,rplL
b3987,16038.226119224104,-0.7329966672800254,0.203725265796585,-3.597966430005328,0.0003207150013392994,0.001238022295952086,rpoB
b3988,29295.412342329277,-1.1493770573378608,0.2756888167573415,-4.169110197710815,3.057911219131286e-05,0.00015256156579913493,rpoC
b3989,16.016820379869237,0.8692171898728523,0.5114599369469633,1.6994824561654518,0.08922831739061857,0.1626685644314115,yjaZ
b3990,1359.3464176389868,-2.0767258693957826,0.3315796792070078,-6.263127687325092,3.7733139292632333e-10,4.83242790130877e-09,thiH
b3991,791.0893070074862,-2.126969434239465,0.3670325241476678,-5.795043475176397,6.8303484790666974e-09,7.037484360261452e-08,thiG
b3992,614.629715751783,-2.109821660323552,0.3825422276549764,-5.515264741508351,3.4825531697785077e-08,3.1465441936174603e-07,thiF
b3993,387.8089965856928,-1.8472403464530847,0.30257069326095026,-6.10515290342394,1.0270231363792598e-09,1.2028752460555947e-08,thiE
b3994,1063.5438606095402,-0.9904860176992508,0.2285647250366787,-4.333503420268825,1.4675499960796995e-05,7.825029875335466e-05,thiC
b3995,1094.081743680362,-0.24520469554859214,0.17506301977750094,-1.4006652910491253,0.16131418654771845,0.2605747036926014,rsd
b3996,474.0317950461293,-0.44502905274145244,0.22750473627746487,-1.9561309360992591,0.05044973168839656,0.10048393748594878,nudC
b3997,1370.6522920399264,0.033381335688080764,0.12725455818315415,0.26231937122469035,0.7930752287167445,0.8622936432834003,hemE
b3998,459.76821394837134,-0.3411640663808405,0.14596378762302667,-2.337319906098544,0.019422556250599656,0.04435896041456399,nfi
b3999,492.16831380776586,0.3590056822618755,0.1428436628521101,2.5132769287326653,0.011961539819148784,0.029322534404603844,yjaG
b4000,2029.690369126105,0.3191427352794271,0.2359323632516758,1.3526874010878636,0.17615551707981925,0.28003686415898565,hupA
b4001,95.8967106842452,0.03014930253338557,0.28510933264137717,0.105746459626801,0.915783517525344,0.9459261408408768,yjaH
b4002,11.398627243372786,-0.13357585309306863,0.6711337296018042,-0.19903015926843914,0.8422391528346715,0.8963099035214431,zraP
b4003,101.59281595028017,-0.09607181145587244,0.2719999687218329,-0.3532052297922229,0.7239345874421113,0.8120314021758579,zraS
b4004,176.70461030424715,-0.5241606791920187,0.21119925779735038,-2.481830119379305,0.013070957392229673,0.03149748290706693,zraR
b4005,1002.4530065848522,-0.25207711771876157,0.21367972520430312,-1.1796960028741426,0.23812114423038544,0.3546797188156212,purD
b4006,957.9645775469295,0.7154497528407897,0.15852155528291098,4.513264783227351,6.383724165145679e-06,3.644929172626929e-05,purH
b4007,0.0,,,,,,rrsE
b4008,0.0,,,,,,gltV
b4009,0.0,,,,,,rrlE
b4010,0.0,,,,,,rrfE
b4011,0.0,,,,,,yjaA
b4012,1.165633378605636,-2.611991162560515,2.114283331421046,-1.2354026178719155,0.21668069899441544,,yjaB
b4013,282.20810050272695,-2.479620421709842,0.38316080107326034,-6.471487727252503,9.704264201092281e-11,1.361577820160081e-09,metA
b4014,25516.504430913494,-1.103790145010103,0.171898630658851,-6.421168922518519,1.352318607113928e-10,1.8531272646151192e-09,aceB
b4015,55627.26170409016,-1.5406761961630995,0.31304466234247963,-4.921585899706402,8.584570755122821e-07,5.825083134740835e-06,aceA
b4016,12330.379708002713,-1.4748847658651627,0.30525550546608604,-4.831640181601975,1.3541282254162857e-06,8.794346184338626e-06,aceK
b4017,14.184714341739161,0.5950108062069646,0.554488560980936,1.0730803989073125,0.2832350446842815,0.4069833165666135,arpA
b4018,3119.5615712957238,-0.36183046169250466,0.14880790031466862,-2.431527230257126,0.015035318106356348,0.03568717825359754,iclR
b4019,1846.692016022829,-1.0213202907024406,0.14957068154453193,-6.828345502981219,8.589950979828893e-12,1.3957821532836592e-10,metH
b4020,475.84437655425086,-0.8319677265442598,0.17327820891691012,-4.801340755681533,1.5760681458672798e-06,1.0060894639224204e-05,yjbB
b4021,218.78768482348846,1.0019625476009963,0.23339248994864017,4.293036797462875,1.7624578283202136e-05,9.300980914280357e-05,pepE
b4022,215.20829070804015,-0.11740661979814933,0.17122578545721148,-0.6856830557655037,0.4929129940011091,0.6193477472522007,rluF
b4023,827.2252029457594,0.9280007078288938,0.264593972455159,3.5072632200121756,0.00045274107020947874,0.0016843606693494725,yjbD
b4024,197.31988736979375,-0.6418794005807623,0.20810367730815532,-3.0844212312033363,0.002039486080427929,0.006266313360716903,lysC
b4025,4488.6888853325945,-0.7360284072853664,0.15226472805580937,-4.833873324986934,1.3390180994194815e-06,8.709973744799824e-06,pgi
b4026,83.93872427431684,0.6260594568280187,0.2347764885947291,2.6666190493577138,0.0076618464964615446,0.01982243608996439,yjbE
b4027,2.5308204108451853,1.9722765413392709,1.2711132170348576,1.5516135894960057,0.12075470956158707,0.2077951490195414,yjbF
b4028,1.8857935274798818,2.1948618668436737,1.517075361238743,1.4467718103677427,0.14796084446022578,0.24320952881886773,yjbG
b4029,77.07185056371911,-0.26224416961111696,0.2890522356839314,-0.9072552889640053,0.36427181212191195,0.4966903547705407,yjbH
b4030,52.26496848265102,0.3340369576568922,0.37112345575330824,0.9000696465785551,0.3680831880006227,0.5000718872238716,psiE
b4031,48.033261407992455,-1.1942733666587362,0.3158801300783423,-3.7807802800465513,0.00015633760507953665,0.0006544846175987526,xylE
b4032,240.4601086949095,-0.19301565593773926,0.3262592665203343,-0.591602065425809,0.5541170904658448,0.6719691324203799,malG
b4033,211.60263131123125,-0.4432305490724546,0.43503788876036475,-1.0188320615830377,0.3082827017201166,0.4340240365655478,malF
b4034,2277.6492124368847,0.643399309243307,0.36558508170623255,1.7599167510897322,0.07842192268844737,0.14587897021366839,malE
b4035,78.15036171636619,-1.0684124294616764,0.597040029041746,-1.7895155726434069,0.07353182181606434,0.1386648254522204,malK
b4036,745.0931333017616,-0.18883178491823496,0.4701947145349869,-0.40160337639053595,0.6879759446094443,0.7836711300330911,lamB
b4037,174.4846977206763,-0.5180052301676521,0.35786100579311536,-1.4475039799869072,0.14775582255355144,0.24296967460705998,malM
b4038,4.40662331757947,0.3274418231732453,0.9030742553133002,0.3625857134634484,0.7169143840414625,0.8063582074264362,yjbI
b4039,381.538441949906,-0.3391755138011,0.19953946377834295,-1.6997916471193428,0.08917012325069859,0.1626345948019618,ubiC
b4040,567.3170298620431,-0.6062630716117002,0.18801632918956995,-3.224523498703283,0.0012618250037697031,0.004146572814146482,ubiA
b4041,3102.6902012247974,0.16246005604720795,0.14259366705670706,1.1393216781682203,0.2545690098407417,0.373628418227522,plsB
b4042,242.47223225888038,0.29620932397610455,0.1702666477547746,1.739679073277569,0.08191538590383227,0.15105855875234353,dgkA
b4043,6021.224893144924,1.5397040740543162,0.1350290508657851,11.40276158487359,4.0506266273719146e-30,4.757750304321697e-28,lexA
b4044,724.1079204606107,1.6192188831545233,0.1726800617173993,9.37698809608064,6.788416559839107e-21,3.0007720943546848e-19,dinF
b4045,6153.621409345119,-1.0714200230598308,0.31231933877948403,-3.4305273161977228,0.0006024093159453038,0.002172372541974688,yjbJ
b4046,1065.6985603665792,-0.25038951351337546,0.2232752713013515,-1.121438626203384,0.26210120221102495,0.38263424797213197,zur
b4047,0.5550330552284214,-1.1242689813460724,2.9479009461046846,-0.38137949744602706,0.7029216721701983,,yjbL
b4048,5.530662791567996,0.6741818889271454,0.7753567657119864,0.8695118411819942,0.38456723421069516,0.5178368489486301,yjbM
b4049,526.1108864226705,1.309669836923412,0.21642991594163416,6.051242182603804,1.4373317372748987e-09,1.6597951606564914e-08,dusA
b4050,101.71661514968093,1.8619741578787605,0.37325017239652647,4.988541990278498,6.083668930046409e-07,4.253395063166801e-06,pspG
b4051,1768.467153019327,-1.4342846418123982,0.185851254485878,-7.7173793945059606,1.1874579844797416e-14,2.7120220967756767e-13,qorA
b4052,1206.5201812750463,0.5629218848250719,0.164214082148884,3.4279757098706134,0.0006080998663105221,0.002187137839372315,dnaB
b4053,630.9127889566544,0.10393844454841367,0.16783244270589273,0.6192988844865588,0.5357194792030988,0.657415754926549,alr
b4054,564.0108843585285,-0.04145967146007919,0.2677529647156377,-0.15484299680532276,0.876945093427306,0.9203781667295519,tyrB
b4055,710.9479679073282,-0.3484977328293292,0.25239999007347674,-1.3807359212964994,0.1673601722239142,0.26854709914617925,aphA
b4056,1179.2558192970891,-1.5914250019513823,0.24603644948154538,-6.46824893346037,9.914507493784178e-11,1.3863449083995496e-09,yjbQ
b4057,1358.8827500375885,-1.3318797144091779,0.249126986839319,-5.3461880276672265,8.982589584268498e-08,7.430065549482454e-07,yjbR
b4058,8818.590563571202,1.328773078398763,0.1254903511235587,10.588647386048379,3.364177439999277e-26,2.822476215476944e-24,uvrA
b4059,1244.9261790170629,0.26397249928915595,0.1650634982765303,1.5992178891478706,0.10977219676374328,0.19227673664071096,ssb
b4060,116.48389686483371,-0.7951636707804268,0.3322946465023062,-2.392947581762826,0.016713628717932985,0.03908403166064989,yjcB
b4061,250.90845718792107,-0.7486642430617444,0.27709209254994055,-2.701860728583628,0.006895263820277971,0.01817078818279663,pdeC
b4062,552.2738658433362,0.4823086452722857,0.43832477935841624,1.1003453785529749,0.27118166753827366,0.391992909722167,soxS
b4063,51.395258146519176,0.05397250968027858,0.28771205022611895,0.1875921068925005,0.851196414184787,0.9011223585774939,soxR
b4064,260.7195354882636,1.0433786996027412,0.20586748810492386,5.068205325704297,4.015840820944171e-07,2.871515673679223e-06,ghxP
b4065,656.618995586568,-0.7451684106471133,0.14813078673900312,-5.030476290928313,4.892628893082515e-07,3.467861617148658e-06,yjcE
b4066,7.611162507094058,0.2558640875980179,1.0755137167145097,0.23789941831670372,0.8119591066798543,0.874892901149491,yjcF
b4067,3716.3047164091427,-0.19239431774337776,0.8758958793903538,-0.21965432452689376,0.8261403795922964,0.8855966363765138,actP
b4068,694.3997559663757,0.3858879351321552,0.9370264977852932,0.41182179590888807,0.6804700445989067,0.7779233463142673,yjcH
b4069,9866.875798920764,0.8113667675526478,0.9310227293405852,0.8714790111808699,0.38349266115421876,0.5168978131163913,acs
b4070,269.695604989798,-1.1603666870671745,1.2882645924143101,-0.9007207788677597,0.36773679786298774,0.5000705311091599,nrfA
b4071,60.785793824552286,-0.5182836120076981,1.406839181244389,-0.36840288422253187,0.7125728471661363,0.8045556096402049,nrfB
b4072,53.12779597389439,-0.28083427958025375,1.3579652988792545,-0.20680519584118218,0.8361619981783431,0.892302568648262,nrfC
b4073,93.1348248390521,0.45190042096530364,1.4434292195181442,0.3130741811615538,0.7542243042305874,0.8341716746548143,nrfD
b4074,45.48300066616634,0.6551226231607814,0.5905231718976155,1.1093935925589151,0.2672604253000602,0.38768793521825956,nrfE
b4075,2.8922171392994795,1.1825582744818819,1.307403203654775,0.904509237223914,0.3657254385264389,0.49801168525412065,nrfF
b4076,7.845767850207075,0.669408691333855,0.8987377153945112,0.7448320904614651,0.4563732325991131,0.584658414187463,nrfG
b4077,487.6775406490828,0.18637563231325827,0.3196490419217803,0.5830633221759048,0.5598506735037705,0.6769253290511766,gltP
b4078,541.8508373820291,-0.053264411549869016,0.19914144317190638,-0.26747024979571515,0.78910711722967,0.8600234090654916,yjcO
b4079,858.1760354081231,0.6074584312671366,0.18306969767880307,3.3181812116876177,0.0009060568209314999,0.0030911199924061375,fdhF
b4080,8.513787182927222,0.26935009286620887,0.5961816326665903,0.4517920011414386,0.6514188326573982,0.7528367240432042,mdtP
b4081,7.361393901513004,0.9613837655551434,0.7126456918063174,1.3490346978992585,0.1773258213927139,0.2815706650233476,mdtO
b4082,0.9531301756266992,-0.21588548179565534,1.8308652235122251,-0.11791445870685839,0.9061354367816943,,mdtN
b4083,2.5011883640742805,0.9807769774596756,1.2164095008315214,0.8062884882017359,0.42007652661838846,0.5503297007419359,yjcS
b4084,28.937420216622613,0.11011061994222791,0.3938525958445875,0.27957317307025464,0.7798049914391052,0.8535968006101744,alsK
b4085,13.726830431514207,0.01523226312745801,0.648983243281352,0.023470965213895984,0.9812745985053782,0.989457903962622,alsE
b4086,5.745601302583975,0.7137731646781181,0.9396864222290308,0.7595865469514568,0.44750176311541734,0.5765213877052587,alsC
b4087,14.268244158243704,1.3140890250725907,0.5657878363331381,2.3225826726661016,0.020201582448128492,0.04595943854137036,alsA
b4088,80.68770406025166,1.0916613732644933,0.27892117991399845,3.913870483414319,9.08283667338411e-05,0.0004067488187830292,alsB
b4089,505.1078310561077,0.08935760126533529,0.20711134763532982,0.43144715287484486,0.6661432706597743,0.7655898757848286,alsR
b4090,19.955719875451262,-0.3833097102786592,0.4551179811060932,-0.8422205366333467,0.39966452056138335,0.5312062218001445,rpiB
b4092,91.76579687584304,-0.22159378199515067,0.2761561659010222,-0.8024219965255913,0.42230889327064636,0.5523741203422294,phnP
b4093,38.7846076340917,0.005471956675785091,0.3607168286192019,0.015169673942663966,0.9878968155659801,0.9927489122867723,phnO
b4094,6.57569212585085,-1.0097391332455434,0.692144789089207,-1.458855356802236,0.14460492268801164,0.238798218612848,phnN
b4095,8.37585154027548,-0.05450933668986271,0.6981494028910217,-0.07807689366221716,0.9377668872615423,0.959472293064261,phnM
b4096,8.574597176522294,-1.1478107749592934,0.6369226922808141,-1.8021194547944177,0.07152661345359743,0.1351935208771214,phnL
b4097,3.875129038691742,-0.22770040437873637,0.923600894637229,-0.24653549568958819,0.805267730594821,0.8704099139217288,phnK
b4098,2.1398137337960192,-1.371935454291699,1.2260205049280781,-1.119015097037207,0.2631336984569673,0.3837327542946409,phnJ
b4099,2.739554142912528,-2.3393942069972207,1.3049192828466347,-1.7927501246620527,0.07301288772289549,0.13781266364959752,phnI
b4100,0.71336251238349,-0.013047031531683503,2.3221461917690664,-0.005618522889699706,0.9955170909177327,,phnH
b4101,0.5096323299783634,2.37534397893229,3.225237154267348,0.7364866102294044,0.46143461325741697,,phnG
b4102,1.2521399012654115,0.30168959795530476,2.0316964657441035,0.14849147155690492,0.8819549160549794,,phnF
b4104,0.8315974772530184,-2.041379760268966,2.0773910098272275,-0.9826651557709126,0.3257722652782111,,
b4105,2.0031135754799245,-0.6191692842331288,1.3078294306017708,-0.4734327502847453,0.6359044690860689,0.7392652754925131,phnD
b4106,1.577598082393255,2.9057220550571454,1.7778811925263238,1.6343735831572572,0.1021804316120777,,phnC
b4107,214.99022200751742,-1.4889864737242042,0.20426327235631947,-7.289545773685625,3.110017599488149e-13,6.039751425286379e-12,yjdN
b4108,180.78999870784887,1.0040696461620755,0.17925588409213747,5.601320432226281,2.1272508112241325e-08,2.0011734748151965e-07,yjdM
b4109,109.86947597685275,0.5111024808921499,0.2745213582758119,1.8617949586955076,0.06263199738272857,0.120656111171695,rdcA
b4110,18.741484531876207,0.554406344488843,0.4949781971594656,1.1200621515663074,0.2626872778448621,0.383353709343354,rdcB
b4111,1649.6770422790203,0.4803928442586718,0.2397049535346894,2.0041006127524637,0.045059283803421724,0.09161162992871746,proP
b4112,247.95802704521455,-0.4891166653959276,0.1882048389130058,-2.59885276181455,0.009353588369765806,0.023635295874390568,basS
b4113,168.26696097677424,-0.8241948101918136,0.18591418708041807,-4.4332001937824375,9.284458184973589e-06,5.09591556721314e-05,basR
b4114,29.896805189970525,-1.3358489539357579,0.353415321392622,-3.7798275090957776,0.00015693704166551704,0.0006559797417634795,eptA
b4115,32.735903322283626,-1.6639168973208702,0.3495705198734837,-4.7598890716616316,1.9369938867778417e-06,1.2213162375067036e-05,adiC
b4116,5.344093317020326,-1.3119808309251768,0.7670312001166824,-1.7104660549995823,0.08717972530088763,0.15942875921350047,adiY
b4117,73.20263699789759,-0.1620752011720365,0.23658477699584898,-0.6850618337750455,0.49330490290917983,0.6194185876174827,adiA
b4118,311.1561789455082,-1.288514282310581,0.18317063358511584,-7.034502513263587,1.9997319798170297e-12,3.5434905900981933e-11,melR
b4119,384.803484684779,-0.2777691729412474,0.24553854083688156,-1.1312650632952062,0.25794354433508415,0.3780413229096367,melA
b4120,192.3329580649721,-0.1858738457328041,0.19501411489640924,-0.9531302174283106,0.3405240975635342,0.47073417344129986,melB
b4121,40.72078226023856,-0.28395142326072603,0.32707426594037237,-0.8681558068909406,0.38530904356721996,0.5186658408987693,yjdF
b4122,44.315479813208604,0.26199867144023964,0.28273160691937216,0.9266691980248073,0.35409831476476417,0.4862607741171884,fumB
b4123,40.39218351092244,0.7811746100457645,0.35546733886521503,2.1975988357736793,0.02797770627287227,0.06089327605573084,dcuB
b4124,175.26415762429124,0.29248741898728775,0.19089675396652805,1.532175968998261,0.125479016947142,0.2136885827132149,dcuR
b4125,566.1444750400653,-0.07663838045741475,0.16088524942517515,-0.4763543005417528,0.6338219863042109,0.7381422622370003,dcuS
b4126,17.484578549477035,-0.016580821222203543,0.5859246019284795,-0.028298557813804633,0.9774240308384463,0.9875129493184696,yjdI
b4127,123.2936066845834,0.46826968506648803,0.308980559895657,1.5155312205551803,0.12963793009630245,0.21931733143166293,yjdJ
b4128,1.1640334524542162,0.308210671370484,1.593965843705668,0.19336090079192206,0.846676334193434,,ghoS
b4129,5545.597910379879,-0.8659559781015147,0.17953537143760884,-4.82331682702674,1.4119042910951283e-06,9.126318460207663e-06,lysU
b4130,35.649791040653525,-0.5880904472967826,0.358750416059643,-1.6392746069986757,0.10115608198672509,0.18017879248155408,dtpC
b4131,11.576029098030803,1.6408023818613526,0.5743151042305084,2.856972365474819,0.004277030735221989,0.01196928070285745,cadA
b4132,5.286948132449132,-0.1816545616323758,0.7538639258656926,-0.24096465608667306,0.8095825098277913,0.8733879965545575,cadB
b4133,65.02931091094285,0.755954983495691,0.4718274643535635,1.6021852066865205,0.10911466035581838,0.1914769017629383,cadC
b4134,2.2278127996539494,-1.907255264920553,1.2723651335680362,-1.4989842259918922,0.13387772426257125,0.22421716288025306,pheU
b4135,1136.0067525426095,-0.616580203145762,0.17977407832691028,-3.429750322649639,0.0006041368842312047,0.0021766930158409136,dicD
b4136,664.766880954102,0.04597438277713574,0.184333308711889,0.2494089814716732,0.8030444384179654,0.8692247726003833,dsbD
b4137,138.95046711446705,0.5249778606539308,0.22111750908817696,2.3742030326715593,0.017586876926546025,0.04073219777184829,cutA
b4138,9585.875352534127,-0.021030177583049238,0.35906051872487293,-0.05857000835885116,0.9532945995211831,0.9714908524123906,dcuA
b4139,47048.23511712864,-0.38655587498508764,0.19676933908502472,-1.9645127476799398,0.04947065942189092,0.09906180267091748,aspA
b4140,861.2146824066061,0.06283670690432164,0.3676661029881237,0.17090698977586025,0.8642969004835632,0.9105906094023394,fxsA
b4141,95.41510914358594,-0.005109203786534129,0.27257135724348486,-0.018744463241492156,0.9850449579387612,0.9913145219305379,yjeH
b4142,872.5224088017725,0.48046270835864785,0.25516351360049744,1.8829600736369196,0.05970577898625012,0.11610712271167183,groS
b4143,9879.097004682242,-0.9637798010069052,0.2599322893376312,-3.707810997482627,0.00020905859186691944,0.0008492488845503023,groL
b4144,966.5490442029051,-0.06743770674885695,0.16874341512330146,-0.3996464496085963,0.6894169392924818,0.7850950242192223,yjeI
b4145,11.441531577349489,2.654262768513953,0.6727922763448843,3.945144529503093,7.975186091337376e-05,0.00036307851629554757,yjeJ
b4146,597.2767116663782,0.6182280628036888,0.20935386361131364,2.9530291542719795,0.003146722426669315,0.00916809064212442,epmB
b4147,1317.1922734419918,0.8084614331930943,0.15425438573944514,5.241092039734197,1.596290642256317e-07,1.2619905442914845e-06,efp
b4148,545.2179815775867,0.38392807646711685,0.163702721307244,2.345276079721026,0.019012995279162857,0.04356879798920764,gdx
b4149,648.9804573736985,-1.0679248299620037,0.24442244594551776,-4.369176594362558,1.2471588596734957e-05,6.69330296621115e-05,blc
b4150,87.35729743775369,1.096725773537427,0.28621262636082406,3.831856712550483,0.00012717980703167727,0.0005480463173031711,ampC
b4151,601.8117335424288,-0.029827571250525712,0.28978348552632366,-0.10293054207816892,0.9180180973611011,0.946806923796158,frdD
b4152,448.3485171888997,0.4497379142279304,0.320469052161926,1.4033739332829172,0.16050536184175312,0.2597785600517508,frdC
b4153,1067.6185418574603,0.43860317055634146,0.317798642026847,1.3801291527208264,0.1675468826934583,0.2686369870330761,frdB
b4154,4910.212379215419,0.38640366698846335,0.31941986129261135,1.2097045732371978,0.22639227439897291,0.3403003678297522,frdA
b4155,178.09808141315452,0.6863949334726202,0.2082484542233168,3.2960385517990898,0.0009805855808841218,0.003315121153794922,epmA
b4156,74.80914794413472,0.3313407962147974,0.388735012740002,0.8523564519679846,0.3940162825873499,0.525909395362531,yjeM
b4157,4.44165636242679,-0.7199895195361387,0.8087049122626636,-0.8902994264269899,0.37330512903943625,0.5058198370076211,yjeN
b4158,11.764993503251759,1.4532972191407998,0.5600066462467422,2.5951428056810393,0.009455162464443993,0.023861370712909304,yjeO
b4159,824.1110141860692,-0.2073907977592571,0.16630087232654223,-1.2470818394267482,0.2123674911243495,0.3241896606060901,mscM
b4160,1124.336168801936,0.2219334068860351,0.13786599001791608,1.6097763259611322,0.10744669526383134,0.18917060566578614,psd
b4161,1298.0328386910755,0.10759703093443695,0.1759741193504177,0.6114366779138626,0.5409105271611414,0.6616456134503923,rsgA
b4162,520.2662133021548,0.6723833731845641,0.17058892662485595,3.941541731270811,8.095954567169982e-05,0.00036816890736322784,orn
b4163,220.06464809799846,0.1781148320624967,0.27803850034638744,0.6406121160939823,0.521774725663247,0.6456957478570489,glyV
b4164,0.0,,,,,,glyX
b4165,7.859914504358774,1.4531176891028224,0.7204867810334148,2.0168554473942937,0.04371060061522604,0.08913700197652145,glyY
b4166,573.3646617189378,0.6867293595563763,0.15012338076680815,4.574433083298975,4.775111913963203e-06,2.7884211758952742e-05,queG
b4167,1323.447101332474,-1.5866822349019958,0.20604652090887185,-7.700601921853063,1.3542676963478985e-14,3.0422920763312626e-13,nnr
b4168,183.1709898078053,-0.89892066753848,0.22987378358902,-3.9104966799764167,9.210652635454276e-05,0.0004106832210884222,tsaE
b4169,971.2806128789402,-0.8958117881630251,0.17618435690870368,-5.0845137666065465,3.685690367172988e-07,2.662895096563823e-06,amiB
b4170,1526.7723957757523,-0.4681369962816742,0.13952060809759584,-3.3553250854110988,0.0007927176948360329,0.0027385398684629672,mutL
b4171,4328.553486710914,-0.09613844816859796,0.21861419493203357,-0.43976306386914665,0.6601087219407731,0.7599291391482829,miaA
b4172,2700.174258180538,0.18614566962800436,0.1497860125310788,1.2427440084859818,0.21396218122684085,0.3258025916988718,hfq
b4173,3689.367450473324,-0.3292074047031573,0.16133514549881658,-2.0405188447025147,0.041298676049995015,0.0847622851929753,hflX
b4174,4724.4250400597675,-0.6413894631234199,0.19289635984431514,-3.3250470026551016,0.0008840363009723317,0.0030235218247065356,hflK
b4175,2799.4045374941547,-0.8085013079309217,0.20577701821740707,-3.929016539041914,8.529397377289794e-05,0.0003844775506363854,hflC
b4176,11.049769182509317,-0.12279858718992849,0.5186586274605415,-0.23676187127393492,0.8128415329027951,0.874991239005863,yjeT
b4177,20797.88068091081,-0.5412856222618755,0.3021674480107002,-1.7913432629007338,0.07323822762876504,0.13817455428263106,purA
b4178,337.669043377991,0.07637560773083288,0.19867421740789387,0.3844263675846158,0.7006624606465779,0.7940997537710828,nsrR
b4179,5375.035229570839,-0.16930902632930978,0.1130078315818057,-1.4982061327913185,0.13407970275831477,0.22433929916134798,rnr
b4180,701.0203796117274,0.35443408080933037,0.13152062358431413,2.6948935547139703,0.007041112071077809,0.01850768013056322,rlmB
b4181,0.47202380185129483,2.2834605348990755,2.8736079716238794,0.7946318904484,0.4268276620747363,,yjfI
b4182,4.892243532084192,0.20448936997301748,0.7620982091368904,0.26832417071890335,0.7884498026243314,0.859683151926146,yjfJ
b4183,2.417180423414345,2.556160094681146,1.3637599734010726,1.8743474984871085,0.06088254475648891,0.11772725376007803,yjfK
b4184,0.5432649833673437,-2.6451801263650827,3.1657234490662782,-0.8355689209508402,0.40339745897937584,,yjfL
b4185,1.512650825340543,-2.008938609625449,1.5576500620922553,-1.2897239620862064,0.19714651676856187,,yjfM
b4186,11.046243034364236,-0.40284608514956405,0.5866817571751856,-0.6866518009512141,0.4923021770239836,0.619045325067053,yjfC
b4187,6427.390576264602,-3.3476380955517966,0.37018178772851057,-9.043227426431192,1.5211296395486136e-19,5.844265372134907e-18,aidB
b4188,2240.9164645957812,-0.7576294783967628,0.17696823399492112,-4.281160868783413,1.8592089174157575e-05,9.786437720225581e-05,yjfN
b4189,4149.424117228246,-1.05343618296887,0.17766538246588637,-5.929327189955765,3.0417844482443637e-09,3.343522959019406e-08,bsmA
b4190,148.0924567789227,-0.7044767914586443,0.25049219839382925,-2.8123701894741275,0.004917786893997089,0.013478014614148024,yjfP
b4191,138.77237599818488,-0.11717708783345472,0.21404128842921413,-0.5474508619032468,0.5840690204127466,0.6966404989759896,ulaR
b4192,34.648337725060735,-0.6794461762626062,0.42420367889804705,-1.6016979815630124,0.10922241173293368,0.1914769017629383,ulaG
b4193,23.113252064744728,-0.7528537480683704,0.4208563721967311,-1.788861468673321,0.07363712853449418,0.1387997411303556,ulaA
b4194,4.92256743585316,-1.8445310435839835,0.8847824586782969,-2.084728314278942,0.03709396898936902,0.07713369070070614,ulaB
b4195,15.628294867221646,-0.7638852309450883,0.6064316939285053,-1.2596393601999734,0.2077994898434058,0.3188740958365962,ulaC
b4196,51.03823519015953,-0.24187922887698712,0.28043230790451695,-0.8625226910707571,0.3883999519664608,0.5216309057609018,ulaD
b4197,37.15087655369438,-0.6478352732531039,0.32158598247602654,-2.014500968808236,0.043956963258549905,0.08945894849301914,ulaE
b4198,40.971349372685204,-0.312989624655217,0.38990031618259896,-0.8027426797690439,0.42212347887500745,0.5523073270703869,ulaF
b4199,38.18588238487194,-0.9257553722755527,0.48955832753846973,-1.8910011743244353,0.05862418746867229,0.11432828969815549,yjfY
b4200,4661.048492352106,0.5544415168191449,0.21529154150641241,2.575305620182161,0.010015154872177853,0.025120379304162995,rpsF
b4201,715.613623575141,0.43347413631913184,0.26080216376678733,1.6620802912768395,0.09649667670976991,0.17331754418021905,priB
b4202,365.63142768348376,-0.00038778078053575794,0.2291999096557326,-0.0016918888891283602,0.9986500686207976,0.9991361479922363,rpsR
b4203,5024.53679439351,0.45411761821046726,0.21528935498724766,2.109336145474384,0.03491557693801842,0.07360919835497114,rplI
b4204,2.4044315281024464,1.23271531189566,1.2248599697994595,1.00641325726196,0.314216819006502,0.440868717725505,yjfZ
b4205,1.0893186141954603,3.4945098020398326,2.405908407480171,1.452470007243463,0.14637096288096121,,ytfA
b4206,1029.654677398988,-0.09824100880195932,0.15404538030847542,-0.637740700858617,0.523642486360469,0.6466489220270014,ytfB
b4207,785.8822998063741,1.3693285322030335,0.2314290978532145,5.9168382234784485,3.2818920521616868e-09,3.5598570518302625e-08,fklB
b4208,2034.8487176760739,0.4409585374990276,0.30980029726613617,1.4233638295066546,0.1546307122369902,0.25176014263936225,cycA
b4209,1106.5559735000913,1.9034641219647788,1.9966510220441085,0.9533283988786745,,,ytfE
b4210,144.12304302839908,0.4736372346603066,0.2268809632752795,2.0876023612683294,0.03683371883279769,0.07686467924955905,ytfF
b4211,128.58489721954084,0.03419766718253201,0.2313768003401377,0.14780076106273146,0.8825000086947984,0.924093455737738,qorB
b4212,139.00638738164469,-0.5584503071602457,0.2049684807894083,-2.7245667480651177,0.006438591438125097,0.017132070810441602,ytfH
b4213,437.2859976975742,-0.18579711382760708,0.16624198315933095,-1.1176305184565438,0.26372482896254223,0.38418595742913225,cpdB
b4214,1536.2858668142787,-0.967606831820592,0.21644179633513716,-4.470517470305761,7.803056927316996e-06,4.3822905776229745e-05,cysQ
b4215,10.933746378443809,-0.04691112370895982,0.519322800464073,-0.09033133855675023,0.9280239173744218,0.9536181867641198,ytfI
b4216,736.9534610555065,-0.3298848785576341,0.20274395687593524,-1.6271009190153074,0.10371566589155613,0.1835450290487246,ytfJ
b4217,10205.53255392856,-1.137429578986415,0.2590351586617124,-4.3910239245624725,1.128181249405088e-05,6.118671657393557e-05,ytfK
b4218,593.5470175443057,0.366292053124638,0.16777030118390449,2.183294960668398,0.02901409542764087,0.06294297957943622,paeA
b4219,665.6978873414056,-0.6517020313105615,0.18468311346179017,-3.528758093226508,0.00041751459689705117,0.0015660606823392129,msrA
b4220,381.0490856827048,-0.4244393286917478,0.16633449477303688,-2.551721633392367,0.01071921230990379,0.02670707988243302,tamA
b4221,1042.2965293964562,-0.7335551683893077,0.18812617424683037,-3.8992722375082627,9.648224674042535e-05,0.00042787326467086145,tamB
b4222,280.7707676990668,0.1425235548415808,0.16503159691533525,0.8636137412806981,0.3878001129768627,0.5209955112574779,ytfP
b4224,19.863885768469824,-1.7432252253064775,0.48567295606896693,-3.5892985259383776,0.00033156897280076683,0.0012774883291321016,chpS
b4225,87.57674646094635,-1.4228489670475877,0.2498509583697892,-5.694790911875213,1.2352320273481339e-08,1.2061850034271206e-07,chpB
b4226,2999.006979858176,1.3382002177287236,0.16631557714133646,8.046150822009347,8.543868974296483e-16,2.168138602057583e-14,ppa
b4227,1240.883732880361,-0.9537317159398766,0.2864429602754169,-3.3295694019600166,0.0008698038413531106,0.0029897688894670884,ytfQ
b4230,224.4680531618001,-1.2584086754822492,0.3346934271616387,-3.759884638769755,0.0001699917276188739,0.0007037623285409775,ytfT
b4231,286.0938687346923,-0.6947434471547019,0.21231454642691497,-3.2722366830096283,0.0010670021175178109,0.0035778513092297884,yjfF
b4232,3481.3183546351333,1.171668446946666,0.15200123726035322,7.7082823012801525,1.2752242064648574e-14,2.8804652268005654e-13,fbp
b4233,1502.2873853972378,0.6179218516278092,0.1457249787496285,4.240328987726028,2.231924228486814e-05,0.00011585152150643046,mpl
b4234,1187.0753820155956,-0.09663346430029397,0.13112200883843636,-0.7369736412394514,0.4611383789262513,0.5897933545443398,yjgA
b4235,1857.4411366123056,-0.3400440420352426,0.12726326241868607,-2.671973321857211,0.007540664318070747,0.019570499376003057,tldE
b4236,268.77065672799927,0.23133719623838822,0.18494297168060728,1.250856921656384,0.21098668305096013,0.32303189299981144,cybC
b4237,102.24602241822977,-0.49308197139661997,0.39660091683431753,-1.2432698727285292,0.21376840217308768,0.32572346231785154,nrdG
b4238,1466.8686103739258,-1.023964014130433,0.28459574716636366,-3.59795964741477,0.00032072336297469514,0.001238022295952086,nrdD
b4239,92.17008296163159,-1.1941892589858147,0.22308460211062675,-5.353077925089698,8.647058794609708e-08,7.210559574977791e-07,treC
b4240,132.7909509023582,-0.5410459234813425,0.2621082759052826,-2.0642077081032686,0.038998026996252676,0.08056326079477123,treB
b4241,349.0958713392103,0.6501376522938754,0.263436906734097,2.467906491743388,0.013590581658821264,0.032577773294119074,treR
b4242,107.43476531342166,0.04163489892966788,0.24439566320305772,0.17035858322524838,0.8647281417661474,0.910811527235622,mgtA
b4243,5722.405379498477,0.15909241812849625,0.30139265848735686,0.5278576423425723,0.5975981457493549,0.7079901951514691,ridA
b4244,1214.9256038637097,2.0845304005648555,0.8141730270121933,2.5603039297611576,0.010458065756374497,0.026103890907380422,pyrI
b4245,1731.3907537429393,2.2513262765298157,0.539939148346201,4.169592598398326,3.0514461835067747e-05,0.000152424000733856,pyrB
b4246,27.076407690927145,0.4243145815285882,0.3853113409475796,1.1012252597732775,0.2707986306049537,0.39169106499288636,pyrL
b4248,58.74920219671976,0.2940547018913679,0.3513517724010213,0.836923917821435,0.402635335178241,0.5337742221598675,yjgH
b4249,32.8054834383226,0.6072360838069565,0.36395781086675766,1.6684243768826856,0.09523151249110295,0.17155860992590896,bdcA
b4251,63.15052719843678,0.06185706954153116,0.3202081666641162,0.19317767621591117,0.8468198212350571,0.8986257834531025,bdcR
b4252,196.05536205056185,-0.6085021970174973,0.17262614220570432,-3.5249713006526866,0.00042352867360773215,0.0015799694892934546,tabA
b4253,33.73354459032897,0.12833423601304295,0.34754704851816504,0.3692571597434681,0.7119360541964972,0.8042784058262709,yjgL
b4254,8.958533906672876,-0.20541614231994115,0.6538813033009816,-0.31414897670715025,0.7534078929689816,0.8335963042146072,argI
b4255,5686.404811247674,0.30592138394617735,0.15889605511528687,1.9252925047397582,0.05419277481053045,0.10695463141915058,rraB
b4256,81.19330723130639,0.0435021097884517,0.3098360303358926,0.1404036507351684,0.8883410735568685,0.9280737365672902,yjgM
b4257,2.770776593751029,1.1007547146813816,1.1150324273104097,0.9871952489637743,0.3235469304660602,0.4514940363699842,yjgN
b4258,4188.955991105628,-0.7791136059381143,0.19682974069090267,-3.9583124135778753,7.548118800464266e-05,0.0003459344079008762,valS
b4259,243.07509906542825,-0.9617057399818392,0.21123050521748543,-4.55287335980026,5.291813096588656e-06,3.05972484389254e-05,holC
b4260,2481.8547321457113,-0.9234736470735164,0.17116814778193787,-5.395125547832585,6.847565540779897e-08,5.8403199041797e-07,pepA
b4261,984.5160243137753,0.08620324435181848,0.20075762565236666,0.4293896387332685,0.6676396928203618,0.7666666975375719,lptF
b4262,1051.0395459974457,-0.5698331949361388,0.15368452591844672,-3.7078111249698815,0.00020905848664739366,0.0008492488845503023,lptG
b4263,921.3125645973083,-0.5386839947289701,0.27640146037935415,-1.9489187719545318,0.051305125904180925,0.1019407310739912,yjgR
b4264,58.62988033099506,0.7690305172085921,0.3687543923104122,2.085481646442961,0.03702560244494518,0.0771085368040373,idnR
b4265,55.16996269878165,0.5363056801335176,0.41409123191145675,1.2951389423483217,0.19527230314167499,0.3031587757611125,idnT
b4266,21.63837220639029,-0.4173769152187692,0.5148773470233653,-0.8106336734986099,0.4175760731093541,0.5475774279274497,idnO
b4267,19.460080023458204,-1.316545388725789,0.4379979976557479,-3.0058251311015143,0.00264861268533416,0.007860579864920938,idnD
b4268,10.339405955757138,-0.4003962565106767,0.579660459637804,-0.6907427440554785,0.48972722257173973,0.6168102365172862,idnK
b4269,793.8563227757248,-1.3684452355863197,0.3254115613481304,-4.205275405449825,2.607644269945726e-05,0.0001326033266146616,ahr
b4270,1.7818304827937628,4.189708070963145,2.2591814024668664,1.8545248586006775,0.0636641071092487,0.12224341164227998,leuX
b4271,253.18061228698093,0.5297359354060147,0.20140943958771387,2.630144527934673,0.008534857512328808,0.021779515352690085,intB
b4272,0.2905420209857413,1.6034022998803146,4.331586446615488,0.37016513917969773,0.7112594495107855,,insC6
b4273,0.9730852796528824,0.8061871547778646,1.8506043279848219,0.4356345343986879,0.6631019105299928,,insD6
b4277,6.959360781023062,0.8897791536200813,0.7497665021035059,1.1867416737394418,0.23532953160269077,0.3512852957220994,yjgZ
b4278,89.43782570461896,0.5002158786807747,0.2201571609314386,2.272085434625277,0.02308135066877419,0.05159729885771109,insG
b4279,32.640533749921566,-0.2886992699515972,0.3537218201142939,-0.8161760274170061,0.4143994656379446,0.5454999049752131,nanX
b4280,112.99524053015716,-0.050706672830844166,0.22283452681669058,-0.22755303477973493,0.8199937348535907,0.8810753382078179,nanY
b4281,8.963291413588447,0.10737182602130216,0.9365974299240918,0.1146403167367268,0.9087302222244686,0.9417166482391709,yjhD
b4282,1.3231746789549657,1.4765761292562285,1.5971804049026195,0.9244892591493169,0.3552316411388545,,yjhE
b4284,2.449691756107345,1.3597285652888176,1.2977872146936362,1.0477284333624781,0.2947637435505749,0.42002556316686773,insI3
b4286,4.613576965912795,0.4431963391896437,0.8735279312487878,0.5073636724541299,0.6118996701167041,0.7195422036183555,yjhV
b4287,86.23612381644092,0.33548926415312186,0.4272255996127172,0.785274254298537,0.4322927874224397,0.562391028194193,fecE
b4288,68.42747998843534,-0.40708469984991097,0.3477975805705639,-1.1704644384877152,0.2418141169933571,0.35864157293725685,fecD
b4289,110.44622935013206,0.15108966835168278,0.4118686688131114,0.3668394315767702,0.713738792859322,0.8047669164686431,fecC
b4290,302.1968090430883,0.14892504280570823,0.3739834465465372,0.39821292675096115,0.6904732380703458,0.785645026766452,fecB
b4291,1363.962890028288,0.44187921115349293,0.4191066025563227,1.0543360769271344,0.2917290770563856,0.416422998534306,fecA
b4292,82.34183082316656,-0.5545664536060406,0.3021543740584331,-1.8353745675010287,0.06645020935075516,0.1269999119669709,fecR
b4293,87.56791918508507,-0.7759451027844442,0.23526743133996567,-3.298140751420836,0.0009732733391465507,0.003298538085104262,fecI
b4294,8.66588985031922,-1.4910153382673474,0.7046549046706208,-2.115951124989753,0.034348964591992916,0.072600819248166,insA7
b4295,975.6091964727608,-0.46660716371663474,0.16484899365692057,-2.830512661106839,0.004647347177524753,0.012854278829911307,yjhU
b4296,10.248908681505947,1.4028408356506619,0.5891703723546189,2.3810444337929106,0.017263629438948408,0.04014184424407065,yjhF
b4297,119.72867572313181,-0.4280187873635448,0.25599026827339433,-1.6720119489324736,0.09452196587679083,0.17050452028059987,yjhG
b4298,21.697242596255823,0.5789038680744379,0.45099172670525917,1.2836241416303726,0.1992734984909722,0.3079749444723258,yjhH
b4299,14.656562307713498,0.11955329606562583,0.455418825631339,0.2625128548427729,0.7929260760507292,0.8622936432834003,yjhI
b4300,46.68111683435746,-0.11815624868387041,0.295953647886235,-0.39923903465210825,0.6897170836661899,0.7852193107038788,sgcR
b4301,50.944337919579574,-0.3828926152765985,0.2810548751000237,-1.3623411269430288,0.17309025408508572,0.2763394308907912,sgcE
b4302,36.4027377042222,-1.286714306911309,0.4329136837018104,-2.9722190712677814,0.002956556418012797,0.008646880707838004,sgcA
b4303,53.54557081955167,-1.526060163678396,0.31778772647321424,-4.802136887457876,1.5698131444289398e-06,1.0036550290431371e-05,sgcQ
b4304,95.08677620771356,-1.9747795073443903,0.26593578970734433,-7.425775633725666,1.1212091780437741e-13,2.2705866654866774e-12,sgcC
b4305,89.89418820068768,-0.9890639348712705,0.2516912576827864,-3.9296713917565453,8.506202824922754e-05,0.0003838529068414647,sgcX
b4306,91.02028013448042,1.2182299902996818,0.23109131003806285,5.271639120047518,1.3521073978222144e-07,1.0772313008618457e-06,yjhP
b4307,52.56354014011013,1.2510495687673617,0.318557845938443,3.9272288682197782,8.593020413050286e-05,0.0003869212148745863,yjhQ
b4308,7.151578832174988,1.8044423031634709,0.7517684046403006,2.400263554607412,0.016383271218574958,0.03846466475132019,yjhR
b4309,3.2287306438159487,0.4224771326155478,0.9801428655856192,0.43103627792375415,0.6664419925017571,0.7657191255379326,nanS
b4310,27.68393170153117,-0.09026530595606469,0.3865938618411453,-0.23348871998685658,0.8153819276735754,0.876578217747403,nanM
b4311,3.653488373323222,4.217723395941466,1.6057349085282693,2.6266623298407366,0.008622685336076463,0.02197635425704299,nanC
b4312,11.21538326402249,0.757720273985045,0.5784690027536351,1.3098718693277183,0.19023918500476011,0.2971403075815231,fimB
b4313,9.085946690963873,0.44688397507980565,0.6123163742474795,0.7298252894657833,0.46549698406779416,0.5941192491470667,fimE
b4314,821.1580220909603,-1.4796480919962327,0.26940627312087934,-5.492255524919914,3.9683266832589915e-08,3.561963099318278e-07,fimA
b4315,79.06576176113361,-2.4214960096643345,0.2915859946370394,-8.304568992343293,1.0018244226110564e-16,2.7640940948684917e-15,fimI
b4316,30.569103484130206,-2.496467069992222,0.47970619217624055,-5.204158526006764,1.9487760167848068e-07,1.5002655814611125e-06,fimC
b4317,41.35848128130544,-1.9306865232872006,0.4120587066161042,-4.685464697839598,2.7932544314957383e-06,1.708790024981991e-05,fimD
b4318,8.60812396132192,-0.25280472579090796,0.6583377624976235,-0.3840045948933706,0.700975041884143,0.7940997537710828,fimF
b4319,6.085958173066834,-1.4942271672385787,0.792899193747875,-1.8845108924574225,0.05949590284368492,0.11580854952196434,fimG
b4320,45.61085084724984,-0.31442428033194153,0.38030287193614465,-0.8267733523314951,0.40836553650891616,0.5394571724254995,fimH
b4321,77.22119145247437,-1.137794802998389,0.248328418515687,-4.581814718586122,4.609582237816073e-06,2.695589271644648e-05,gntP
b4322,244.82547088959564,-0.8017111904893564,0.24700542082737,-3.2457230606678285,0.001171527449313804,0.003893410949174655,uxuA
b4323,309.37138888991296,-1.1023134043889555,0.21196493267315822,-5.200451746840033,1.9880472866293902e-07,1.5219483045313638e-06,uxuB
b4324,824.1574778556055,-0.6331172150420358,0.20979384865763978,-3.0178063803730137,0.0025461152277469574,0.007612421600921995,uxuR
b4325,3.762116536373408,0.11446004065782808,0.974896373795105,0.11740739193875006,0.906537226666578,0.9407742280618778,yjiC
b4326,48.47883385582298,-2.038131391167324,0.30687455386266627,-6.641578343701434,3.1034171990217904e-11,4.589261908337619e-10,iraD
b4327,121.68797369516783,0.43434572346219075,0.25987602484386557,1.6713574240761422,0.09465110023464017,0.17059619584688326,hypT
b4328,231.33767401352517,0.43928545512070566,0.3055332984079931,1.4377662186401265,0.15050039732923504,0.24679183622675915,iadA
b4329,9.988050504169873,0.30479619992436713,0.7287748517958428,0.4182309518135678,0.6757782677805659,0.7740664415842592,yjiG
b4330,20.45196703431468,0.243911013969878,0.6308600319771175,0.386632535913648,0.6990282674601004,0.7925276358324526,yjiH
b4331,312.5353433967201,0.6272836490661904,0.1982045261060486,3.1648300943973626,0.0015517353517601033,0.004964345549483102,kptA
b4332,32.15192387017133,0.08038291297333353,0.37165467509934014,0.21628387414162853,0.8287664781673951,0.8873808354458738,yjiJ
b4333,14.286456044786343,0.5630721731790677,0.5113984986149835,1.1010438526981043,0.2708775718255354,0.39169106499288636,yjiK
b4334,77.4774054271926,-2.2846898833314877,0.30212423038494557,-7.562087557229341,3.966512219213344e-14,8.405325635662917e-13,yjiL
b4335,251.95178064133356,-1.843677274020542,0.22082807743200777,-8.34892598559259,6.888648656588733e-17,1.9530506639473297e-15,yjiM
b4336,282.1152927175503,-1.411027580008492,0.23665922845324872,-5.962275755019779,2.487488944883193e-09,2.7863942922111187e-08,yjiN
b4337,160.4234176590912,-0.26277843665180006,0.3763975327935195,-0.6981406990144978,0.4850892078198008,0.6126579825951464,mdtM
b4339,61.57654466124944,0.5396116247980681,0.2665818094287631,2.02418771916343,0.04295084069220359,0.08788994827558434,
b4340,152.99637865570458,1.7059168872007926,0.2941825988492452,5.7988368240468064,6.677646874601629e-09,6.914812670399822e-08,yjiR
b4341,0.1785941125315513,-1.1250828641289565,4.426305747061774,-0.2541810097225655,0.7993557209679234,,yjiS
b4342,42.80939340002937,1.5349451189593881,0.333340359507991,4.6047382957916065,4.129848790885532e-06,2.428871012779746e-05,yjiT
b4345,28.34580095559258,0.4538337163540795,0.3712048747636267,1.2225963267402364,0.22148220120122342,0.3351395798947465,mcrC
b4346,101.4290862566288,0.25194437884878323,0.22428921923975115,1.1233013325507655,0.2613095380725772,0.38197201595481883,mcrB
b4347,23.057155669650584,1.1310885281677023,0.4408884282543175,2.565475652527802,0.010303445222304253,0.025733574306739233,symE
b4348,158.37575580810415,0.33473498657816514,0.3180648830690715,1.0524110154765924,0.29261101696153213,0.41739205091216464,hsdS
b4349,396.50452205779226,0.5320954297060647,0.19398985080220688,2.7429034431733865,0.006089858965083375,0.01629909518584489,hsdM
b4350,4252.472090332803,-0.4534322424899431,0.16988479615546156,-2.6690572243734354,0.0076064489616707535,0.0197039141029795,hsdR
b4351,243.28322759423713,-0.8203433796241592,0.23262994559813063,-3.526387703504459,0.00042126977498193013,0.001577052025210762,mrr
b4352,260.6723059974011,0.0005335108105165182,0.1789709939662916,0.0029809903755521564,0.9976215173260987,0.9983500627379727,yjiA
b4353,1.363478208770955,-1.716151382513343,1.5763064053803282,-1.0887168742420186,0.2762787582165901,,yjiX
b4354,338.7335142049235,-2.541070711396473,0.21287633935738512,-11.93683957112032,7.605858515510949e-33,1.2026032445102119e-30,btsT
b4355,101.103923962297,-0.1736057705171373,0.2227135016452151,-0.7795026760150944,0.43568366184394647,0.565371064974894,tsr
b4356,125.81275632846757,0.4490585891119113,0.3101062148024838,1.448079940603353,0.1475946948618986,0.2428990354592735,lgoT
b4357,159.42629385187877,-1.9353458204696448,0.2651758199312006,-7.298349528896589,2.9131905109398965e-13,5.702917233559007e-12,lgoR
b4358,4.311350643479298,-0.8602447603653366,0.8783565673005879,-0.9793798923927746,0.3273923085482474,0.45593149743964945,lgoD
b4359,800.027003082198,-0.34408039987314465,0.1803588746280476,-1.9077541960867657,0.056422993356477734,0.11061274472507389,opgB
b4360,216.72295010341716,1.1609314519703213,0.20473487481364927,5.670413763297567,1.4245306042068804e-08,1.3650921477609524e-07,yjjA
b4361,413.31680806680424,0.3999513968741486,0.1607350561366676,2.4882648906040967,0.012836808174903569,0.031060693588598334,dnaC
b4362,407.6655479594504,0.24224819865399838,0.1634905669034096,1.481725846587338,0.13841325688247139,0.22990581779549085,dnaT
b4363,32.67594943227406,-0.053803606879823794,0.40734248557678676,-0.13208444683504897,0.8949174977500187,0.9317784961456257,yjjB
b4364,74.16899517250441,1.0658042141516215,0.2606991658346037,4.0882532582701225,4.346335075198371e-05,0.0002112031145879492,yjjP
b4365,1.6049436793668972,2.9087729317872792,1.8486091453770952,1.573492665586658,0.11560478528225776,,yjjQ
b4366,13.45775721023403,1.0005506524196184,0.6395812894473608,1.5643838694595933,0.11772744653739929,0.20397018224828917,bglJ
b4367,736.3285124983939,-0.9049550562271251,0.26810715779305555,-3.375348363230327,0.0007372230646427932,0.0025662354096075554,fhuF
b4368,9.862113514073087,3.3300428819811563,0.9668308502838799,3.444286951542136,0.0005725676776985639,0.0020702073201572524,leuV
b4369,0.0,,,,,,leuP
b4370,0.14527101049287064,0.7984912879891685,4.426327699496274,0.18039588168766593,0.856841787227373,,leuQ
b4371,551.6905128981252,1.0252632062861176,0.19581278927730217,5.235935865425937,1.64150950264761e-07,1.2927673496904836e-06,rsmC
b4372,116.68154254301463,0.7442936439011935,0.21981162524171108,3.386052230325612,0.00070905886792213,0.002482913974470082,holD
b4373,71.6489091094734,0.4267508215232839,0.3257604919166888,1.31001405054491,0.19019108242590144,0.2971403075815231,rimI
b4374,349.6727701258387,-0.08716937475462097,0.17929864233320011,-0.48616862693600066,0.626847613100304,0.7314704903364604,yjjG
b4375,969.8089227755448,0.6923239523577791,0.20806868575294857,3.327381772285588,0.0008766617990547778,0.0030058020483020777,prfC
b4376,7845.2442227433885,-1.3529227644910309,0.3633272652439278,-3.7237028263835805,0.00019632200071676963,0.0008038642877954581,osmY
b4377,503.5443985286947,-1.749699677185277,0.19978816283791578,-8.757774496403844,1.9914306783235844e-18,6.87963993158677e-17,yjjU
b4378,346.8032654929493,-1.9611134603194158,0.2075937702382567,-9.446880116241605,3.490802349583068e-21,1.6307600521745447e-19,yjjV
b4379,223.54261725567923,0.8331539277156047,0.42362064472139355,1.9667453371248058,0.04921257729571668,0.0986892220793616,yjjW
b4380,700.6064780838709,0.1705846050134986,0.29996261328220797,0.5686862210825281,0.569569100305839,0.6846048419986615,yjjI
b4381,1307.9011327458531,-0.05142382970599271,0.2752607208941038,-0.1868186261336433,0.8518028424792365,0.9011223585774939,deoC
b4382,1973.517508752386,-0.2753526699817892,0.2630142788010122,-1.0469114879884975,0.2951404029506238,0.4204165615142116,deoA
b4383,6730.541977006223,-0.7437710894511634,0.17937451782071717,-4.1464701814254035,3.376401280200514e-05,0.00016804340996252196,deoB
b4384,4061.513556625077,-0.7326837136857195,0.1822875180343541,-4.019384989089802,5.83502569538241e-05,0.0002750893421297831,deoD
b4385,197.18011420325772,-0.6609162178523494,0.2154609634908406,-3.0674522528088737,0.0021589194807768173,0.006579183087823199,hipH
b4386,261.46646837059205,-0.12273780945852143,0.17534856262968318,-0.6999647309212916,0.4839493305351401,0.6119703776776256,lplA
b4387,106.4881248554697,-0.14476619075442274,0.2176269894691315,-0.6652032962802924,0.5059204724660264,0.6298725203839597,ytjB
b4388,333.56449592911605,-0.1353124906459205,0.17899228020233365,-0.7559683048507045,0.4496681990739009,0.5789495666748533,serB
b4389,552.1982479123724,-0.7465619247536417,0.19919618571933737,-3.7478725913232576,0.0001783407996920196,0.000733892920454347,radA
b4390,1183.5726375317324,-1.5008033305859272,0.2547539686775577,-5.891187243820705,3.834307885199174e-09,4.115623946750341e-08,nadR
b4391,3562.871127471251,-0.3689887055581656,0.19394277770817794,-1.9025648179246766,0.05709735354922167,0.11166851590906293,ettA
b4392,1503.9479634995057,-0.2747746849627928,0.14864738867918245,-1.8484999124728922,0.06453005703100129,0.12373277260002159,slt
b4393,425.5016470458208,-0.9168033262887897,0.20562824338116092,-4.458547674257789,8.251684533841624e-06,4.584145286300394e-05,trpR
b4394,161.46409459491903,0.3511657718451914,0.20185552904870635,1.7396886451421278,0.08191370423491644,0.15105855875234353,yjjX
b4395,581.2652462183027,-0.16772975310136135,0.190385705717569,-0.8809997182781306,0.37831797247275556,0.5118636801344686,ytjC
b4396,5183.940811757429,-0.2819735228548485,0.15851700065645305,-1.7788219666479645,0.07526895462460821,0.14109925784850175,rob
b4397,111.50153829636348,0.47317690698613685,0.2438066098674299,1.9407878533048275,0.05228401494755212,0.10363528710192225,creA
b4398,54.55023433299518,-0.5584779251166233,0.2718412263347782,-2.0544268897199793,0.03993439272414491,0.08229087142303745,creB
b4399,106.73392581050494,-0.6150960895473843,0.23795476321857492,-2.5849286697504925,0.009739914518316212,0.024489778950946756,creC
b4400,64.02081505598169,0.13634368390621504,0.3022736503245931,0.4510604340133649,0.6519459930215697,0.7530626516750979,creD
b4401,8411.676385907022,-0.3052946117929646,0.21294448248526085,-1.4336817194317104,0.15166311124540943,0.2481251763490311,arcA
b4402,47.461661180982105,-0.38202773012532665,0.3808594013559513,-1.003067611736026,0.31582824039374313,0.4428273861728097,yjjY
b4403,121.43759601447266,0.70172209066071,0.24098815262810355,2.91185306417788,0.0035929160470680116,0.01027869023625372,yjtD
b4406,178.26315733722132,-0.6078043276616028,0.2636459442671627,-2.3053809128415454,0.021145249531329176,0.04773647491669097,yaeP
b4407,0.8812836285914644,-3.3501005455167814,2.8274151054417445,-1.184863354188445,0.23607147852418908,,thiS
b4408,51346.33033574198,-0.09471226366335364,0.20774802756351024,-0.4558997010664727,0.6484621045029761,0.7503159973232522,csrB
b4409,56.751811246204795,-0.49362950681405193,0.39220845375755686,-1.2585896659922287,0.20817858155757563,0.319336622680296,blr
b4410,3.9914876403514445,-0.1640216562530119,0.8324717124160365,-0.19702970540221837,0.8438042918504591,0.8970466624766582,ecnA
b4411,591.4938642189161,-1.0751292560303851,0.3004338426226623,-3.578589038588178,0.00034545417980566133,0.0013198532836255332,ecnB
b4412,0.0,,,,,,hokC
b4413,22.20444830119422,0.4419202810213956,0.39808919415961264,1.1101036840608363,0.2669543499022171,0.38751741964972264,sokC
b4414,20.874970265394857,-1.6523471132877008,0.4588537195798822,-3.6010324048382096,0.00031695606453235615,0.0012269363289006744,tff
b4415,1.2962460162848888,0.5401061208719095,1.5445629214741419,0.34968217439560717,0.7265772328918094,,hokE
b4417,2.7207149844809493,4.82521803466734,2.1723775695205076,2.2211691477427533,0.026339507004526284,0.05784279556389292,rybB
b4418,2.933317208333115,0.13171758179438475,0.9876088002480768,0.13337019856576682,0.8939006129255871,0.9313510830494184,sraB
b4419,0.1860767583042411,-1.1250828641289559,4.426305747061774,-0.25418100972256535,0.7993557209679235,,ldrA
b4420,1.1310199017658353,-0.6380162363466689,1.9756621864409696,-0.32293791961267165,0.7467422578908514,,rdlA
b4421,0.16152667683937053,-1.1250828641289559,4.426305747061774,-0.25418100972256535,0.7993557209679235,,ldrB
b4422,0.47382326378121103,0.644097691643618,3.051175340013482,0.211098222772334,0.8328106270067559,,rdlB
b4423,0.0,,,,,,ldrC
b4424,0.7560708696485815,0.4124729583181392,2.20830059065621,0.18678297694770363,0.8518307944494955,,rdlC
b4425,0.0,,,,,,rttR
b4426,8.181642874912464,0.1695681625992135,0.6030061977816662,0.28120467620899975,0.7785534182246696,0.8528199046953416,mcaS
b4427,0.0,,,,,,micC
b4428,2.575233443511008,1.9345248311372758,1.2133396066570143,1.594380353631797,0.11085087004381956,0.1937533702168972,hokB
b4429,119.06979459079325,-0.29511504162004065,0.22570595129766474,-1.307519983072303,0.1910361727041564,0.29782492437493174,sokB
b4430,22.41173932634454,0.286547947255501,0.5286290266016559,0.5420586703261507,0.5877780891119678,0.6987726212664257,rydB
b4431,1.265703199626945,1.4721840904849879,1.7057488415140878,0.863072015442919,0.3880978731041984,,rprA
b4432,450.2336142798702,0.1937319970465228,0.1732370249841464,1.118305957195074,0.26343634352031886,0.3840378752524932,ryeA
b4433,13.08309927989036,-0.723622122120784,0.5603513183926032,-1.2913722130547163,0.1965746411457403,0.3046191251638175,sdsR
b4435,0.3053999295778555,-0.16330019230454612,3.509735981525481,-0.0465277710813931,0.9628895999278514,,isrC
b4436,64.3823280311012,0.35995127826512646,0.27740023881583536,1.2975882061301913,0.19442887701355793,0.3021917252940403,sibA
b4437,53.42434702178628,1.064768180889464,0.32159081026144265,3.3109409439400426,0.000929828296508255,0.003166962822655705,sibB
b4438,2.3714027472860306,0.7731415542288848,1.1899757062875504,0.649712048862668,0.5158782395335257,0.6401374713921897,cyaR
b4439,7.47568187267771,0.903924421642522,0.820650364708921,1.1014732467256474,0.2706907419532586,0.39169106499288636,micF
b4440,215.28159402135782,1.1237373402903041,0.21273961309011344,5.282219535739709,1.2762812899286068e-07,1.0227665463735872e-06,ryfA
b4441,13.365980098160902,-0.30561661932793405,0.49613325651057755,-0.6159970437728928,0.5378964708985734,0.6589071489463751,glmY
b4442,10.857702410077556,-1.19905773868725,0.5646010911597777,-2.123725507196949,0.03369310319757953,0.07157626571219713,micA
b4443,1354.3974711509015,-0.5106107184793867,0.3660125149006603,-1.3950635502667765,0.16299667653071392,0.26271719936407895,gcvB
b4444,2.8021997200399436,-0.3427307728894518,1.01979931724721,-0.3360766840034767,0.7368130403345614,0.8206338123201948,omrA
b4445,9.41665975441119,-1.1648457799895964,0.6407079602687902,-1.8180604147651287,0.0690548993984238,0.13142809788283344,omrB
b4446,116.36009325824712,-0.4539742818740688,0.2826968429179668,-1.6058696559473193,0.10830255191751346,0.19035134285288494,sibC
b4447,22.328897545678917,0.320741511079021,0.42042008439618195,0.7629072039688068,0.4455187395928114,0.5745067561060375,sibD
b4449,1.9548251818958642,-0.13279307781155156,1.207604992014114,-0.10996400204513192,0.9124379239395026,0.9436559258654831,sraG
b4450,18.759802467723087,0.36345428156352433,0.4225795426790258,0.8600848949273188,0.3897422470298344,0.5225841453196169,arcZ
b4451,0.7197569517520939,-3.052859044015611,2.99643536075035,-1.0188302687934945,0.30828355298919174,,ryhB
b4452,30.629417241993295,-2.793916648732673,0.4360031606567013,-6.408019255008424,1.4742229446931225e-10,2.0067981872958367e-09,gadY
b4453,92.3852693339938,-0.28287195233188156,0.23311129772016204,-1.2134630757856042,0.22495282329871336,0.33887176862624063,ldrD
b4454,22.77374316552125,-0.6469760127759954,0.4850448429911313,-1.3338478330916403,0.18225373104519116,0.2883930286092305,rdlD
b4455,0.0,,,,,,hokA
b4456,95.19349741028275,-0.17025564385117398,0.23592857809626996,-0.7216406135491634,0.47051546248210474,0.5990365643431194,glmZ
b4457,4360.732656974568,-1.1678144142270501,0.26165965604343516,-4.463104598873257,8.078059392268467e-06,4.499851241411337e-05,csrC
b4458,1.082237672598301,2.277777215189562,1.9983071475088445,1.1398534094366395,0.25434737814121544,,oxyS
b4459,3.3279117931262516,0.7279711739914309,0.9678424935180775,0.7521587230017955,0.4519556130860607,0.5813484122017508,ryjA
b4460,128.33319037698982,-1.3360343384071138,0.2513488760016861,-5.315457779879435,1.0638951661572435e-07,8.592677854759191e-07,araH
b4461,315.5529695940121,0.14618434676713088,0.155114930668342,0.9424260200953448,0.3459745707013677,0.4771222610376795,yfjD
b4462,2.5428980340565626,1.4105913615433918,1.1699896956289102,1.2056442606403897,0.2279546854576575,0.3417395894268181,ygaQ
b4463,14.546798821958228,-0.6535324313826938,0.501798954921266,-1.3023790204689352,0.1927868507351278,0.3003208576627929,ygcU
b4464,104.58728718706362,0.16901954241401362,0.33574533270135726,0.5034159106668956,0.6146718875719592,0.7219760370880927,ghxQ
b4465,8.141416246376382,0.5594204177645464,0.6879573215724238,0.8131615148537293,0.416125461272163,0.5464170291053199,yggP
b4466,188.16248754417612,-0.7510643760156066,0.21988336433956565,-3.415739877691423,0.0006360897755351975,0.0022640390192425947,yghJ
b4467,643.6827360372076,0.6203816117136428,0.39773724861321474,1.5597775010430108,0.11881247006520367,0.20531234318539396,glcF
b4468,484.38780303430104,0.6043402361976623,0.3592607583036074,1.6821771435636201,0.09253449485515042,0.16773614377015553,glcE
b4469,1236.2624755998277,1.2582124273069484,0.16664402425014507,7.5503003061080545,4.3425576043231767e-14,9.155002210960296e-13,ygiQ
b4470,63.89798162271427,-0.1047351384816849,0.33571802074966167,-0.3119735373388962,0.7550606345060451,0.8346475580678546,cyuA
b4471,515.251425342141,3.570044672773137,1.0349348952427644,3.449535511058125,,,tdcG
b4472,869.1425082029613,-0.37286159214793124,0.13510763820586874,-2.759737325729783,0.005784785309376521,0.01557383916623895,yhdP
b4473,182.3142836447488,0.11851799849995535,0.2165447378705132,0.5473141470231676,0.5841629262391768,0.6966404989759896,smf
b4474,18.498102823424016,0.20909205681796192,0.40935209936140954,0.5107877964816747,0.6094996552918819,0.7181404732761967,frlC
b4475,154.0789669474102,-1.1279917435186433,0.23636636004372213,-4.772217769525206,1.822083356494492e-06,1.1523976428536702e-05,rtcA
b4476,48.408170918737994,-0.7443300310544819,0.30105709872882985,-2.4723882419557883,0.013421367041952735,0.032209713899280616,gntU
b4477,43.29452230347396,-0.9893807484749159,0.4138417974442213,-2.3907221420965032,0.016815273315990833,0.039232456641338426,dgoA
b4478,82.68355153920972,-0.8429961110277766,0.32820312042787514,-2.5685194885678446,0.010213396904053748,0.025524179132258334,dgoD
b4479,156.09029130790083,-0.7579978710745733,0.3545584122929348,-2.1378645796967253,0.03252773575095593,0.06950183039094586,dgoR
b4480,160.58074741869544,-0.1805496528940039,0.2545406427434683,-0.709315616351161,0.478128639652424,0.6064754204292241,hdfR
b4481,169.1308710497665,-0.2070002137859134,0.18578564025594996,-1.1141884458924647,0.2651983511220085,0.38551287887644164,wecF
b4482,8.642295021338432,0.6282099048560937,0.8367333894507626,0.7507886177082701,0.45277988061408414,0.5820444306455597,yigE
b4483,220.46396931542404,0.6639087454652391,0.18361802767575228,3.6157056791701496,0.00029953054184801383,0.0011716175618812416,tatD
b4484,4991.204405133848,2.5458417919161707,0.3663675084462946,6.948874376749931,3.682122391076771e-12,6.307168812381918e-11,cpxP
b4485,459.8944035026145,-1.119477646784704,0.3073524796007793,-3.6423250862943926,0.0002701865619087684,0.0010680163038528335,ytfR
b4486,123.44835029619048,0.4913594086515388,0.27147123840787074,1.8099869862209788,0.07029780531383037,0.1332384866967066,yjiV
b4487,280.58307314012967,0.5508397250238867,0.24063766020463714,2.289083614574108,0.022074494660625135,0.04958920631138247,yjdP
b4488,267.1000040018113,-0.9485801255184081,0.1742555073741488,-5.443616329908504,5.220961017417002e-08,4.576411672196438e-07,ilvG
b4490,157.5098751471352,-0.6846919475826916,0.26402836713267136,-2.5932514563431037,0.00950732298579808,0.023948899996700926,efeU
b4491,23.91568688408989,0.6478174757431017,0.41896573792948616,1.5462301975922725,0.12204898296809076,0.20958369631655016,ycgH
b4492,537.222414907255,0.049012730394793425,0.23471079683105667,0.2088217971074951,0.8345873548105496,0.8911658741886154,ydbA
b4493,6922.498418685319,0.3964114816795426,0.1825114768730035,2.171981118510024,0.029857087129677412,0.06456732519205884,gapC
b4494,4.192832372417951,-0.0445448601691116,0.8248513346213294,-0.054003501357685425,0.9569323746344616,0.9734601874382469,arpB
b4495,0.1785941125315513,-1.1250828641289565,4.426305747061774,-0.2541810097225655,0.7993557209679234,,yedN
b4496,240.19221113370315,-0.42336235514387544,0.27749812497017734,-1.5256404171717344,0.1270994406849848,0.2155551982904177,yedS
b4497,2.9546438238697874,-0.5960114293368223,1.1745988216009189,-0.5074170162409057,0.6118622486814302,0.7195422036183555,yeeL
b4498,1026.8130100285855,-0.02945896532997722,0.21200090238433503,-0.13895679215822987,0.889484292579398,0.9286754953144488,gatR
b4499,28.176062845480118,1.5418862815489538,0.4234142812084161,3.6415547372385277,0.00027099648945984653,0.0010701888262914785,yehH
b4500,79.38794490889967,0.13564733604588614,0.25370056369076416,0.5346749493675812,0.5928746467027662,0.7027992135510589,yfaS
b4501,7.094028937203151,0.14291872577315476,0.735085965124684,0.19442450618535906,0.8458435028589611,0.8982853630207155,torI
b4502,35.83855113812301,3.0620197401929743,0.43079622233472264,7.107814742659994,1.1789465831574522e-12,2.173385382672774e-11,yeiW
b4503,1.1544749076932048,0.2186352830451055,2.0341967952662805,0.10747990732946057,0.9144082646065053,,yafF
b4504,0.0,,,,,,ykfH
b4505,60.32952086393802,-0.7495636660013785,0.2631764799198127,-2.8481407845783306,0.004397546629794304,0.012256484200057208,insX
b4506,2.7900299440033347,-0.3336190136282975,1.0431065605916299,-0.3198321496885948,0.749095574753702,0.8300625088443312,ykgO
b4508,2.7493163490171955,0.367145423901024,1.0192368279711763,0.3602160104750519,0.7186856026309951,0.807721218358257,peaD
b4509,0.0,,,,,,ylcG
b4510,0.0,,,,,,rzoD
b4511,0.34012078937092177,-1.9876509786128387,3.5438698530981485,-0.5608701958609399,0.5748860291042608,,ybdZ
b4512,963.0181134385006,-1.086030660936905,0.3005918133533174,-3.6129748472569947,0.00030270407713351067,0.0011824464223334737,ybdD
b4513,0.0,,,,,,kdpF
b4514,0.6789512039407234,-1.6591436110003768,2.408976485623793,-0.6887338340169599,0.49099078039495037,,ybfQ
b4515,0.0,,,,,,cydX
b4516,0.2905420209857413,1.6034022998803146,4.331586446615488,0.37016513917969773,0.7112594495107855,,insA4
b4517,3.6299233293213455,2.5963835871247,1.2397893883575237,2.0942134297216364,0.03624097196788209,0.07597482700661055,gnsA
b4518,2417.18868206042,-1.805587941680549,0.32840242362013117,-5.498095664997601,3.839146492609935e-08,3.453551691711038e-07,ymdF
b4519,0.6925118685983027,2.8157612324253707,3.0420908005902922,0.9256006533003538,0.3546535537479708,,icdC
b4520,2.871641439626076,-1.037239485617711,1.0175032715497543,-1.0193967082168653,0.3080146682954217,0.4339984774652855,ymgF
b4521,1.1426805906736475,-0.5411865187304293,1.6254836170894797,-0.33293877160045104,0.7391805019007596,,ycgI
b4522,10.547411953719816,1.243677811776385,0.5850320104881814,2.125828654638222,0.03351752917122957,0.07135710120296467,ymiA
b4523,102.74822556283131,1.2618771049848363,0.2307601881893707,5.468348396168282,4.542483524465339e-08,4.042023759540478e-07,yciX
b4524,7.227000690530115,0.989695601670006,0.6654458524694087,1.4872669173567408,0.13694432842423343,0.22792637010203384,ymjB
b4525,5.120111097080087,-0.15333994659884126,0.9087794527369131,-0.16873174909163838,0.8660076446563322,0.9116920428123383,ymjC
b4526,0.14387325273848497,0.798491287989169,4.426327699496274,0.18039588168766607,0.8568417872273729,,ydaE
b4527,3.8231058039373083,1.0051458189611486,1.2358621219482664,0.8133154994479427,0.416037192819252,0.5464170291053199,ydaF
b4528,0.0,,,,,,rzoR
b4529,943.6917495179347,-1.0454991723461375,0.1541687981256912,-6.781522493895034,1.1891595781077273e-11,1.8875038708883655e-10,ydbJ
b4532,18.02708609126744,0.3726021370352049,0.4269681988763187,0.872669529055811,0.3828432308345142,0.5161917094000288,hicA
b4533,0.722947302302981,-0.018882270850621517,2.6995254312693233,-0.006994663073702932,0.9944191118332937,,ynfO
b4535,47.22030423014936,0.6232271579689118,0.3227237515162699,1.9311474753276476,0.05346481734698317,0.10577183066094696,yniD
b4536,215.75843617454066,1.966160446739529,0.1935111285934281,10.160451551447892,2.9769448413615128e-24,2.0062656135798652e-22,yobH
b4537,48.91350611835512,1.6151463121502274,0.3077045763214266,5.249016220230192,1.529136127666431e-07,1.2112290213558185e-06,yecJ
b4538,21.7459275096349,1.2223135035414827,0.50686281906094,2.411527256637312,0.0158858644033825,0.037425093731980205,yoeF
b4539,56.896738318553076,-1.1737755408667443,0.27344138389906314,-4.2926038631373595,1.765898999314092e-05,9.307193315615683e-05,yoeB
b4541,1.2331918669339452,3.677220547049988,2.352164030023403,1.5633350821257994,0.1179738007377345,,yehK
b4542,152.41514913430876,1.011727871930187,0.3327526521027442,3.040480265256595,0.0023620117038737854,0.007139875084283186,yohO
b4543,32.97529618853218,0.3852855433721261,0.3640106658218143,1.0584457532371483,0.28985226970676947,0.41431943002939126,ypaA
b4544,6.57545947578046,-0.7993287197646266,0.7423754379939084,-1.0767176267639198,0.2816064351525184,0.4049262171780353,arnE
b4545,0.0,,,,,,ypdJ
b4546,25.705101118331687,-1.9625780756411544,0.5018270389741601,-3.910865543740082,9.196596023219529e-05,0.000410501696541319,ypeB
b4547,196.11074304847133,-1.1685689167749855,0.26343778768466547,-4.435843950275503,9.171226904460393e-06,5.047244150500224e-05,ypfN
b4548,0.0,,,,,,ypjJ
b4550,16.14615019935408,0.7570757662707889,0.5408990462645635,1.3996618620408685,0.16161459951590984,0.26088536182236444,arfA
b4551,43.519258027198646,0.17730521332026591,0.32544684024345266,0.5448054532888738,0.5858873276874048,0.6977354589000351,yheV
b4552,0.0,,,,,,yrhC
b4553,41.27215180324924,0.559570576538086,0.34341102393357303,1.629448496232099,0.10321810951567235,0.18297958094822295,ysaB
b4554,2208.225995718332,-0.2880165001622452,0.2309092025587033,-1.247314948779591,0.21228203830523074,0.324179591186034,yibT
b4555,18.31591241965117,0.08727018976844338,0.43305128498055706,0.20152391366847366,0.8402889325766225,0.894929482337434,yicS
b4556,19.127952702260377,0.6276521146220357,0.4730859849356883,1.3267188938335581,0.18460168857807246,0.29087678871002526,glvG
b4557,6.241056498908115,0.7860977854377759,0.6959914397037094,1.129464732745026,0.258701838847917,0.3787475995383856,yidD
b4558,430.71767062926625,-0.6330609362519737,0.17560256733296972,-3.6050779089783576,0.00031205929826950973,0.001211937596028476,lptM
b4559,0.4316197582154549,2.1730311133768296,4.053752597467221,0.5360542019102341,0.5919210908765682,,ghoT
b4561,10.01268627869061,-0.8452036235529435,0.6402416022525417,-1.3201323072091697,0.18679084789603906,0.29286696250976985,insM
b4565,6.680149027537731,-1.2452793858134403,0.7058022674614203,-1.7643459694347163,0.07767374888814255,0.1446396003605151,sgcB
b4566,46.82107142709592,1.2305088550862384,0.3207766746819617,3.8360297122795566,0.0001250392871716159,0.0005405220920741461,topAI
b4567,5.126762486532312,-0.3864991660703122,0.871601225322041,-0.44343577640968523,0.6574505632225487,0.7579302482916146,yjjZ
b4568,1217.1150093785368,-0.6488841729098684,0.26859480387969076,-2.4158478255615,0.01569862069983846,0.037068942962111384,ytjA
b4569,6.455156994334519,0.18129616353216332,0.770204999502097,0.23538689524134895,0.81390845644811,0.8756783172359786,yhcE
b4570,8.19990853366595,0.32198243217291467,0.6358892520172654,0.5063498575443328,0.6126110683372653,0.7201727486229619,lomR
b4571,534.0304449391365,-0.1692583208950161,0.27551314303849406,-0.6143384632339217,0.5389916906541911,0.6598555212267361,wbbL
b4572,20.983442255923546,-0.4822368563671264,0.43386993150571146,-1.1114779369327608,0.26636268167548616,0.38679511987563536,ylbE
b4573,49.963819929760795,1.2331672662203412,0.297992769768497,4.138245592932867,3.4997164565715524e-05,0.0001737600767266383,insZ
b4575,508.7405183850931,0.13872608572746833,0.16690907146430722,0.831147669269338,0.40589021321117136,0.5368773058272603,yjgX
b4576,6.87672698557757,0.5696814760555708,0.6988287150288076,0.8151947162504434,0.41496086185389247,0.5457245193371534,insB7
b4577,0.28774650547696995,1.591369110190385,4.332661094439612,0.36729600481161423,0.7133982338546278,,sgrS
b4578,4.590554034884594,0.9465338513848335,0.9261027608172551,1.0220613644964718,0.30675185772225944,0.43260956675684686,yncK
b4579,0.846053681669602,-2.0017424056892796,2.298986760039282,-0.8707063652924546,0.3839145020627124,,yaiX
b4580,55.71436305220066,0.20119723952173685,0.31619598243946195,0.6363054899353681,0.5245773273840322,0.6474144079482907,yaiT
b4581,275.05749570292727,-1.3278703118737414,0.20380716264733706,-6.515327011207431,7.253146916044097e-11,1.0281961024778373e-09,ybeM
b4582,67.5706384439728,-0.21188898005459966,0.24656231403517126,-0.8593729373596584,0.3901347955119362,0.5225950291135776,yoeA
b4585,17.505066543892823,0.26348330327814434,0.5560525773832715,0.4738460246296685,0.6356097115363655,0.7392652754925131,chiX
b4586,0.8228244566792083,-0.8171639104440729,1.9588206790822533,-0.4171713721272998,0.6765530632347738,,ykfM
b4587,68.25174682763424,-0.1421562750977809,0.2757790021962248,-0.5154717145456658,0.6062234302630174,0.7156211316087372,insN
b4588,0.34760343514361164,-2.0117396688864413,3.5281546728627897,-0.570195996326343,0.568544771279667,,ylcH
b4589,2.8725563564955614,0.12231224639399307,1.0979455212460103,0.11140101583108264,0.9112983545596332,0.9431892083571632,ylcI
b4590,0.0,,,,,,
b4592,1.1615474882957446,-1.5344628608923785,1.74157774396522,-0.881076292005614,0.37827652824148394,,appX
b4593,0.14527101049287064,0.7984912879891685,4.426327699496274,0.18039588168766593,0.856841787227373,,ymgI
b4594,0.46832436417161166,-0.9724542491806227,3.0608567049495736,-0.3177065583005277,0.7507075359816131,,ymgJ
b4595,165.64360736410023,1.046941921966391,0.21764777339628533,4.810257902616611,1.5073567640751905e-06,9.682411964239231e-06,yciY
b4596,31.301933175678077,0.03126904194060538,0.3490504069128157,0.08958316999875503,0.9286184590216714,0.9539106659265595,yciZ
b4597,7.214787128590909,1.0997367818889254,0.8240709615477992,1.334517090401245,0.18203444964317006,0.2882284112381325,rydC
b4598,119.33202729435997,1.483664524970736,0.28484569467911114,5.208660522821442,1.902087543369391e-07,1.4698274230811216e-06,yncL
b4599,37.04841992619017,0.24719026285402704,0.3399747775100023,0.7270841227236468,0.46717442439882517,0.5960751268477872,mgtS
b4600,13.140652481672477,0.927697145937861,0.5625691106678115,1.649036764277042,0.09914010313505604,0.17697132609127894,
b4601,97.46107497796157,-10.141024396246301,1.9491813828795843,-5.202709447832229,1.964038100502176e-07,1.5091889030213918e-06,ydgU
b4602,78.92168002899514,-0.4466550509234262,0.2765757127842181,-1.6149467587991087,0.10632222509500672,0.18751208381191448,cydH
b4603,0.0,,,,,,rseX
b4606,347.5000561447101,1.117750248015993,0.2807174165172007,3.9817630907397006,6.840594616352004e-05,0.0003163294090868739,ypfM
b4608,0.0,,,,,,ohsC
b4609,0.0,,,,,,ryfD
b4611,8.705553994207651,-0.029660822557442092,0.5954906419034934,-0.04980904899299659,0.960274555582003,0.975460513466176,sibE
b4613,882.8442898413696,1.693325650590315,0.1914806343998001,8.843325884615322,9.291073692966664e-19,3.26458153434068e-17,dinQ
b4614,0.14527101049287064,0.7984912879891685,4.426327699496274,0.18039588168766593,0.856841787227373,,sokA
b4615,0.9552060746150207,-0.08430366883921549,2.104569438882426,-0.04005744228804474,0.9680473306833971,,yibV
b4616,3.3105111935438294,-0.08632132869579942,1.0388271387049541,-0.08309498806838185,0.933776011007674,0.9570428445706396,istR
b4618,1268.9019839125422,0.953850926969158,0.1679156756782631,5.68053532296053,1.3427381708276831e-08,1.3018859953473124e-07,tisB
b4620,9.099818047729084,-0.6426619218511805,0.5777863535769239,-1.1122829708120123,0.2660165033809566,0.38642892063572887,yjbT
b4621,0.46773837576290694,0.6601877453457168,2.6296586648027738,0.25105453958041785,0.8017719426074472,,yjbS
b4622,0.32815054911280983,1.7478783839918184,3.59122751938577,0.4867077829395697,0.6264654289600498,,ytcA
b4623,13.890844888546539,0.7128930255695254,0.4855257591490661,1.4682908417031135,0.14202523756362412,0.23524002885739675,insO
b4624,195.29109884601507,-0.3482670289124717,0.28718122075163083,-1.2127082265371072,0.22524139347983108,0.33905798923309616,ryjB
b4625,4.327039698527575,0.5695102128165972,0.836007799455206,0.6812259564895508,0.49572852631607534,0.621323162099203,symR
b4626,1.3997152253875338,0.7461896536847743,1.6399625558039863,0.4550040798455653,0.6491063036982286,,ykfN
b4627,0.0,,,,,,ykfL
b4628,0.0,,,,,,ykfK
b4629,3.4202994325963747,1.529716430073739,1.0904933183857481,1.402774693143623,0.1606840357344439,0.2599653958694604,
b4630,0.0,,,,,,ykgP
b4631,0.7235595369555817,2.924134782353473,2.9216621540674006,1.0008463087638761,0.3169011172821239,,ykgQ
b4632,2.0686730660998207,2.3465697098079286,1.4894655222519053,1.5754441272733708,0.11515396558733379,0.19999913499346397,ylbI
b4633,0.0,,,,,,xisD
b4634,1.062868556980823,0.24779333997529734,1.987102158499905,0.12470085592497192,0.9007603797615416,,aaaD
b4635,1.5442487341106783,1.0560271687615275,1.9717600540720268,0.5355759016319699,0.5922516873400876,,
b4636,0.14527101049287064,0.7984912879891685,4.426327699496274,0.18039588168766593,0.856841787227373,,ybfI
b4637,22.059353585375646,1.046316970276301,0.41293467603478023,2.533855912328789,0.011281510949501127,0.02788832923235065,uof
b4638,38.483747224912136,1.8249526008516013,0.3845908415025869,4.74517956205498,2.0832145375538574e-06,1.305502281079864e-05,ttcC
b4639,9.491931470291485,2.7442120552930334,0.8705661431233701,3.1522154599850367,0.0016203666021058197,0.005143881931472606,yeeH
b4640,34.893247043839814,0.8326396021888901,0.5221202809312612,1.5947275610588851,0.11077317201657982,0.1936999192514503,yoeG
b4641,38.492053401879836,0.8417672192737624,0.4269434725167688,1.9716128093296963,0.04865382379912746,0.0977765392916291,yoeH
b4642,31.067449093296162,1.4215993393808446,0.37927910656652974,3.7481614852187497,0.00017813555403488581,0.000733892920454347,yoeD
b4643,0.7398152033020816,1.6513781713352336,2.308030614328052,0.7154923167325522,0.4743048867760339,,pawZ
b4644,0.7347153741640589,1.4995463436744656,2.80235323979357,0.5351025425277675,0.5925789519032,,ypjI
b4645,17.512363808594998,1.3580771704639687,0.4635778587214811,2.929555725999212,0.0033944694194066594,0.009785879230842058,psaA
b4646,6.633002825792171,1.7111097267610795,0.7935667525204857,2.156226582485142,0.031065976819715395,0.06683005269798534,yrdE
b4647,0.0,,,,,,mokA
b4648,4.818876592795984,-0.8459518050903344,0.8365546256487084,-1.0112331928525753,0.3119048325801579,0.4388229865629805,ysaC
b4649,0.8930448313191274,1.922249889301281,2.715574689694735,0.7078611745042322,0.47903147242204847,,ysaD
b4650,0.14527101049287064,0.7984912879891685,4.426327699496274,0.18039588168766593,0.856841787227373,,yibS
b4651,1.1816868765551019,-0.468465180899225,1.76374280949336,-0.2656085560648114,0.7905406954458425,,yibW
b4652,1.1793014262164807,1.246136991487347,1.7989364986780108,0.692707603855444,0.48849306624612754,,yibU
b4653,0.14387325273848497,0.798491287989169,4.426327699496274,0.18039588168766607,0.8568417872273729,,yicT
b4654,0.2905420209857413,1.6034022998803146,4.331586446615488,0.37016513917969773,0.7112594495107855,,yjdQ
b4655,0.5486386158598177,2.4808620579150884,3.8371652196868093,0.6465351153468385,0.5179328632872728,,ythA
b4656,324.8966680848773,-0.1764624786050503,0.21065907412997134,-0.8376685378203903,0.40221688820565593,0.5333914927140166,yjhY
b4657,2.0267791118843643,1.5743792771093181,1.3430857480165346,1.1722105453314184,0.24111253564056723,0.35848594358711455,yjhZ
b4658,470.61670898688766,-1.7099227059402418,0.21421179909337024,-7.982392721490211,1.435235318999685e-15,3.597714875858357e-14,yghX
b4659,171.4084907519463,0.614118524525708,0.20403473308142667,3.009872462648916,0.002613574095767824,0.007780161555178511,
b4660,20.66376382053841,-0.1109174468708077,0.6954250683513877,-0.15949589958520566,0.8732781886238256,0.9172628741349594,yhiL
b4661,110.59298949200353,0.6311344871841681,0.3299605652388208,1.9127573221586704,0.05577912706149809,0.10949646584360291,yfcU
b4662,0.0,,,,,,sgrT
b4663,8.9398064094586,1.8515508832141707,0.8710865868090284,2.1255646812296667,0.03353952304321506,0.0713669664754954,azuC
b4664,0.14527101049287064,0.7984912879891685,4.426327699496274,0.18039588168766593,0.856841787227373,,ibsD
b4665,2.7187887624872857,0.7301882471483515,1.0957522326510585,0.666380797948946,0.5051677328796218,0.6291258860551727,ibsC
b4666,3.8221756355225,-0.306985448374485,0.9148103618914674,-0.33557277132252855,0.7371930598147602,0.8206338123201948,ibsE
b4667,16.356909086926716,0.8584195035552095,0.5720726920055554,1.5005427029662748,0.13347388058193196,0.22378104529866324,ibsA
b4668,7.295691494252979,2.0951741623772664,0.775401803873874,2.7020496366011355,0.006891347361121888,0.01817078818279663,ibsB
b4669,0.0,,,,,,ilvX
b4670,11.973522324439228,1.845516236835788,0.6095599212970565,3.027620702012024,0.0024648725484240864,0.007396416822314904,yjeV
b4671,0.6674595691380508,-1.5529632811019822,2.8141705755290887,-0.5518369407334207,0.5810600754644853,,ykgR
b4672,9.51143353874355,0.4526392149112743,0.6436571035737694,0.7032303572788853,0.4819122036019007,0.6097694887680559,ymiB
b4673,0.0,,,,,,ymjD
b4674,0.14387325273848497,0.798491287989169,4.426327699496274,0.18039588168766607,0.8568417872273729,,ynbG
b4675,3.1050051617487284,2.972322700686595,1.3244030100705277,2.244273592015101,0.024814803582610744,0.05481658115427876,yoaJ
b4676,0.0,,,,,,yoaK
b4677,3.6566662148116262,-0.18470387943247651,0.9094030232329252,-0.20310453639779505,0.8390533260965004,0.894540514414604,yobI
b4678,1.1332141987378672,0.2434765667478188,1.7698076223624934,0.137572334795804,0.8905784212271908,,yoeI
b4679,126.97592629920298,-1.3675595851809663,0.26465967629461495,-5.167238184250708,2.3757842331314563e-07,1.7822717121174118e-06,yohP
b4680,89.91430767632858,1.5441628845178301,0.28855200380771484,5.351419723797269,8.726684922232103e-08,7.262227067873721e-07,ypdK
b4682,0.14387325273848497,0.798491287989169,4.426327699496274,0.18039588168766607,0.8568417872273729,,yqcG
b4683,0.0,,,,,,yqeL
b4684,0.18287953861993922,0.7984912879891685,4.426327699496274,0.18039588168766593,0.856841787227373,,yqfG
b4685,1.9256115827070168,3.206713719945764,1.8114934362872381,1.7702044377914565,0.07669309033699977,0.1430514039815817,yrbN
b4686,257.98826496074565,0.14036521572939545,0.21920789472587188,0.6403291993882231,0.521958601336807,0.6456957478570489,yshB
b4687,95.39966292362935,1.0976788629453174,0.30015529914803,3.65703642767928,0.00025514813187961906,0.0010193527406774673,shoB
b4688,14.335877659881435,-0.7178168870699873,0.46454799134426766,-1.5451942542961656,0.12229928373304758,0.209925826900442,ykgS
b4689,0.0,,,,,,rzoQ
b4690,55.986948451974484,0.19138438796256882,0.3145432292126584,0.6084517808303431,0.5428878774314352,0.6632428125172749,eyeA
b4691,91.43317498175344,-1.289255562302684,0.24100763146603998,-5.349438747894383,8.822741465289999e-08,7.327331346223674e-07,sroH
b4692,0.8631211173617829,-2.0288751255564197,2.24665927304599,-0.9030631168230946,0.3664923976979173,,oweE
b4693,10.17400848979841,-3.0886505991149704,0.7715983185153761,-4.0029255183679116,6.256400301516115e-05,0.00029293919862793564,aaaE
b4694,21.564221218785878,0.23894804405610934,0.4370319722327853,0.5467518608199986,0.5845492195922992,0.6966404989759896,
b4695,0.0,,,,,,
b4696,298.9157224529999,-0.5381585158400498,0.21509684779496233,-2.501935855206214,0.01235163014546735,0.030152940337301825,yneO
b4697,0.14527101049287064,0.7984912879891685,4.426327699496274,0.18039588168766593,0.856841787227373,,yrdF
b4698,0.511030087732749,2.3787611905703967,3.223884323280765,0.7378556275709254,0.46060218547110066,,mgrR
b4699,2.049218687122398,-1.7532630609205158,1.2974520262592333,-1.3513124380987407,0.1765953693469523,0.2806275853828067,fnrS
b4700,1.1658329143841326,-0.5719211979857138,1.7180001842401047,-0.33289938105488764,0.7392102366663189,,
b4701,0.5357823375946539,-2.631375805005972,3.8292900215460985,-0.6871706739892055,0.4919751821998478,,sokX
b4702,28.630347889020005,0.50962146709999,0.4227560737831638,1.205474027941182,0.22802035850103675,0.3417395894268181,mgtL
b4703,25.769272547490868,-0.616388168748404,0.4624023403415947,-1.3330126493154293,0.18252765276126193,0.28866457413720303,pmrR
b4704,546.7999518866135,-3.8807761000426275,0.370126327699898,-10.485004198861525,1.0124116472992222e-25,8.160831925582554e-24,arrS
b4705,483.6077105054613,-1.012170397058655,0.24062973364248355,-4.2063396810407925,2.5954004572173646e-05,0.00013221426616630218,mntS
b4706,0.0,,,,,,iroK
b4707,0.0,,,,,,esrE
b4708,3.7098260228927793,-0.41893188642464324,0.8873280116213459,-0.4721274218078176,0.636835840447209,0.7399751667830629,insI2
b4712,35.437605201511936,0.008613826676462108,0.364667598578032,0.023621036555072257,0.9811548920874132,0.989457903962622,agrA
b4713,0.9939359234380697,-1.2137171348435927,1.7167940927489471,-0.7069672128823424,0.4795868532504408,,agrB
b4714,0.1860767583042411,-1.1250828641289559,4.426305747061774,-0.25418100972256535,0.7993557209679235,,ralA
