Gene_id,baseMean,log2FoldChange,lfcSE,stat,pvalue,padj,gene
b0001,29.144817784944696,-0.9497664943125638,0.3593465980646325,-2.6430373890494927,0.00821659614278866,0.01094054937100898,thrL
b0002,3942.5755137598776,0.8421872167556098,0.17338701303922485,4.857268154017303,1.1901636612466541e-06,2.0964787662296006e-06,thrA
b0003,1554.726244653587,-0.21772022158846926,0.12154693441201697,-1.7912440378828995,0.07325414215601643,0.08822564535452375,thrB
b0004,1907.569973861644,-0.174757041151474,0.12805286513191583,-1.3647257401967936,0.17233926631174656,0.19844034797392318,thrC
b0005,190.27708040054736,1.30595514022193,0.24541410133786362,5.321434803878733,1.0295200746104019e-07,1.9219454488698002e-07,yaaX
b0006,194.74383278114098,-0.14420524687827835,0.1813375497149952,-0.7952310324305308,0.42647912338929084,0.4636604349616345,yaaA
b0007,195.080367985988,-0.41191628070460284,0.16201582705109224,-2.5424446993978167,0.011008001905393087,0.014495131435100318,yaaJ
b0008,7175.768146607686,-2.626681406766039,0.14593528641539816,-17.99894645966096,1.9856016618172742e-72,2.4212239654625045e-71,talB
b0009,707.6002846714963,-0.03290628368899126,0.1367830750268289,-0.2405727732216647,0.8098862543120685,0.8302560064000293,mog
b0010,274.0187784686444,1.3404107580647244,0.17793434334328798,7.5331761866717075,4.952072046476137e-14,1.2853196431950445e-13,satP
b0011,27.866688728400096,0.6662922592847395,0.3451936161926915,1.9301986712083532,0.05358222614693194,0.06562853631018208,yaaW
b0013,3.1375449827914488,2.863635646540738,1.309344272384333,2.1870761624259605,0.02873696449087169,0.03614289076823348,yaaI
b0014,24871.897968694688,-0.7207690558442248,0.16953466017415272,-4.2514554552079336,2.1238575648361812e-05,3.454996674208747e-05,dnaK
b0015,2774.526974714983,-0.22771983548377098,0.16068361435773504,-1.4171938837322333,0.15642624951217998,0.1809693430624484,dnaJ
b0016,4.077412905937742,1.3059555365445528,0.9911304453681945,1.3176424381347747,0.1876233720997691,0.2144684715614603,insL1
b0018,1.6580954371163432,-4.408994957667519,2.40540776673773,-1.832951160562311,0.066809834477744,0.08086249419054965,mokC
b0019,5370.190605576,-1.2904765320181926,0.13441942199047147,-9.60037257197602,7.965596512791588e-22,2.760988649551856e-21,nhaA
b0020,650.8573999363402,-1.252226403506306,0.13954191023709228,-8.973837332301661,2.8636006534870097e-19,9.036250951003453e-19,nhaR
b0021,5.064864559226062,1.1729688199995432,0.8498697496296079,1.3801748097408446,0.1675328280016557,0.1933283473481549,insB1
b0022,7.396604721306552,2.429929820306252,0.7968006921186117,3.049608069296873,0.002291401773065895,0.0032154130076621195,insA1
b0023,1365.3040271098391,-0.06291389836437687,0.14603714047010496,-0.4308075203462086,0.6666083309626287,0.6985027071881675,rpsT
b0024,53.71584567828228,-0.6451442615992713,0.28436100582375134,-2.268750807553183,0.023283483988778022,0.029588307309064914,yaaY
b0025,1179.6147983727915,0.048125765953362765,0.10890692378053471,0.44189812991453203,0.6585629239628813,0.6912241276310451,ribF
b0026,6121.24224917122,-0.0019667011042261936,0.09669781104988238,-0.020338631070062736,0.9837732390158018,0.9854588690026805,ileS
b0027,842.8938055154255,-0.000406273080789558,0.14666055933766683,-0.002770159084516834,0.9977897356623441,0.9982432764512815,lspA
b0028,489.97063978589944,-0.23343947656444716,0.13102516297436043,-1.7816385132841057,0.07480819968047657,0.08990054463375863,fkpB
b0029,849.2254136473321,-0.20115903240772234,0.11518424024896087,-1.7464110712796677,0.08073954751720984,0.09655405818276493,ispH
b0030,243.90278214450302,-0.5785572440245577,0.2167465916755044,-2.669279546922367,0.007601415499885815,0.010145976661763905,rihC
b0031,366.2702880157965,-1.8777858416879047,0.1460775919602702,-12.8547151995675,8.092335119447904e-38,4.632309388271739e-37,dapB
b0032,306.19946870683515,1.4964183961884165,0.23926718708703384,6.254173062368522,3.9962767424140256e-10,8.56873366785511e-10,carA
b0033,1454.0434418598543,-1.4220628272917708,0.18769171012190197,-7.576588365933528,3.547601025514729e-14,9.240556043973867e-14,carB
b0034,77.77703153718765,0.7030559213377886,0.2547355015777928,2.7599447936513273,0.0057811129877619214,0.007815865900530706,caiF
b0035,75.66937083216975,2.952619911848048,0.29871326940862003,9.884461837579298,4.8618706829948987e-23,1.767296015404091e-22,caiE
b0036,72.56225759302178,4.929148445039059,0.4708879572851258,10.467773424187245,1.21466410754447e-25,4.817073334604285e-25,caiD
b0037,68.41791703235738,1.2976045284216062,0.25999631874283347,4.990857311734048,6.01118920501595e-07,1.0769741506096952e-06,caiC
b0038,126.62418638314438,2.0521907169853857,0.2087064327951709,9.832905912389633,8.124010143562203e-23,2.9265051270017035e-22,caiB
b0039,367.498118992949,1.7329205988981253,0.144768403128527,11.970295737527884,5.084706377221607e-33,2.552209517962316e-32,caiA
b0040,49.53728041449796,3.571072243651299,0.4049928004015369,8.817619078933502,1.169192258232261e-18,3.6016685239597016e-18,caiT
b0041,25.697803659272,3.2203660111177737,0.5073779621819219,6.347075062679016,2.1944707481231779e-10,4.76334331027526e-10,fixA
b0042,27.348662111948872,2.2876816262858912,0.4395967499808585,5.204045813317556,1.9499590141342968e-07,3.5840165261875465e-07,fixB
b0043,30.764882094816397,2.3639429102857816,0.39757933637852144,5.945839468968663,2.7504359917631164e-09,5.626124180177156e-09,fixC
b0044,0.9282533349665384,1.8113163236836385,2.1653510106321683,0.8365000938830834,0.4028736239545506,0.439516652453019,fixX
b0045,21.64415387819712,2.0368516022528924,0.4734659509833395,4.302002283421994,1.6926156690484535e-05,2.774603453056267e-05,yaaU
b0046,54.94344297016446,0.5322729453719814,0.2613783971388025,2.036407565424479,0.041709446387709195,0.051763457287481225,kefF
b0047,366.3318865798649,-0.5423214808357095,0.1556890939008742,-3.483362047061566,0.0004951582403617357,0.0007326677559907094,kefC
b0048,523.9763404259421,-0.6011966246901023,0.12368386965689956,-4.860752063772168,1.1694063989285238e-06,2.0623906122128854e-06,folA
b0049,420.29622398341604,-2.043568810659079,0.15616836064471032,-13.08567754840102,3.975988842060599e-39,2.37480364759169e-38,apaH
b0050,157.90822643696896,-1.8040521329305454,0.18972636072527188,-9.508705727734137,1.930493740283518e-21,6.602978589532281e-21,apaG
b0051,670.9984192634344,-1.7828842358809625,0.14405006521157718,-12.37683740900989,3.488190962102507e-35,1.8748494035623e-34,rsmA
b0052,533.2558845881507,-0.8315979166310645,0.17114883438007267,-4.858916624487918,1.1802982107597208e-06,2.079933035934464e-06,pdxA
b0053,3718.9226956522143,-0.6128527721808683,0.12805111118885423,-4.78600120288696,1.7013703681577614e-06,2.9684630838804857e-06,surA
b0054,3574.2669132089472,-2.3154141348776296,0.12344484798442208,-18.756668849961397,1.707722932667868e-78,2.341868021683475e-77,lptD
b0055,467.2067952868701,-0.18748393255662968,0.13618196333665175,-1.3767163283815766,0.16859996843813985,0.1944908440945209,djlA
b0058,326.51917105647755,-0.7103386941690188,0.1982128890901553,-3.583715960297253,0.0003387404430659636,0.0005085727934435102,rluA
b0059,952.0155558795883,-0.5657668065544315,0.1531190682315665,-3.6949467697831437,0.00021993285796090715,0.00033441949593917555,rapA
b0060,822.7128325625846,-0.5095866695083733,0.11947926734136817,-4.265063561633805,1.9984530091260272e-05,3.260633856995097e-05,polB
b0061,31.502709655395858,-0.6108305703705239,0.3244089256746211,-1.8829030955306725,0.059713501655520695,0.07275362144688682,araD
b0062,184.70278025301715,-1.0938292418177094,0.2494558194057039,-4.3848615936225315,1.1605954712260172e-05,1.9184908991126277e-05,araA
b0063,132.676988962897,0.12326149517699846,0.19786096036474077,0.6229702663414541,0.5333040612431333,0.5716105375194236,araB
b0064,1158.8269934656994,0.7533770556572501,0.15311521729793345,4.920327769847459,8.63993999064757e-07,1.5360668755585867e-06,araC
b0065,2225.9583441580376,2.8110429453664536,0.16358807913955475,17.18366619470109,3.5194865677369454e-66,3.853925341089062e-65,yabI
b0066,131.4753210023434,0.360076541394988,0.20203680912676364,1.7822323711768073,0.07471134596308988,0.08980866874099445,thiQ
b0067,212.20229171071753,0.9581261227458819,0.15988206041710062,5.992705624673091,2.063782338187487e-09,4.255161523513497e-09,thiP
b0068,322.7604402796069,0.8863422860892072,0.15821197186380165,5.60224536517517,2.1159274198376078e-08,4.121377213329712e-08,thiB
b0069,360.63114425999447,0.04614758119972149,0.1526508445106724,0.3023080635266,0.762417231944885,0.7867230790017308,sgrR
b0070,353.4295434592314,1.8830386436259958,0.15797566115425304,11.919802264902883,9.332978151000343e-33,4.6474852738352385e-32,setA
b0071,99.1420760057389,-1.6338764965685635,0.23279330291521716,-7.018571737708528,2.2414766385091203e-12,5.4303688292334326e-12,leuD
b0072,176.2740821136264,-0.8840855999204145,0.18990963127881055,-4.655296279431288,3.2351514978712772e-06,5.547774403439564e-06,leuC
b0073,158.44506751450402,0.14432053261246794,0.18962776162389805,0.761072805883291,0.44661358219829894,0.4841154860470111,leuB
b0074,175.84630904959423,-0.0032501584403831062,0.21822413794676013,-0.014893670658816135,0.9881170094462564,0.9892406357931364,leuA
b0075,10.095970669446329,4.664258457271439,1.122531452975263,4.155124958778526,3.2510981312149404e-05,5.2345771666452696e-05,leuL
b0076,58.30234647063751,1.172673313490164,0.28732947589495883,4.081284420394331,4.4787507590990104e-05,7.130365584648768e-05,leuO
b0077,218.17936916059838,1.1809986351963693,0.15841318065011897,7.455179110409979,8.974582671556986e-14,2.306252943385514e-13,ilvI
b0078,63.44365787355499,0.8539413377142674,0.27354611378226806,3.1217454560292937,0.0017978230838352155,0.0025553817291064313,ilvH
b0080,1902.171466951161,-1.4095879921499674,0.11758759432729006,-11.987557022610389,4.129036424533034e-33,2.0796359657659512e-32,cra
b0081,888.8837898842336,-0.42960700565876275,0.1342332124445664,-3.2004523905451143,0.0013721203585765666,0.0019674507551967575,mraZ
b0082,1197.8759407396624,-0.8257936294762274,0.11924017890033807,-6.92546452958975,4.345472083117913e-12,1.0345466798207167e-11,rsmH
b0083,173.88050924982795,-1.5950832876796914,0.17592898289042913,-9.066631668490519,1.2275303394102407e-19,3.9099772460809546e-19,ftsL
b0084,928.9603187864151,-0.7215967581068249,0.11439535721844162,-6.3079199685430645,2.8281037775992026e-10,6.108593144745678e-10,ftsI
b0085,1130.2514936068198,-3.0049533255460874,0.1315321466886543,-22.84577117606862,1.6099306748972846e-115,4.120299320289446e-114,murE
b0086,1022.524930686146,-2.7723931400211645,0.12179250519695003,-22.763249146882576,1.0608658025568208e-114,2.638379244550918e-113,murF
b0087,953.277569430854,-2.643480822412042,0.12402177279912661,-21.31465115156504,8.302381183783376e-101,1.7078075687389918e-99,mraY
b0088,1189.8531698046938,-2.5862037584086606,0.11797355553903535,-21.921893822662078,1.6063397025271886e-106,3.57126634874984e-105,murD
b0089,853.463118072541,-1.6731013154618963,0.12305112489863627,-13.596798215701956,4.183505367209997e-42,2.668955163254841e-41,ftsW
b0090,1120.6098570397523,-1.2770810911763755,0.12159224739124679,-10.502981222701788,8.3694343272296e-26,3.343216870096615e-25,murG
b0091,1760.3493893755222,-1.5470850648947465,0.11330880984621913,-13.65370501194413,1.9186989707387717e-42,1.2402515226420077e-41,murC
b0092,1249.8039825147368,-1.1706254564500262,0.11135856028986194,-10.512217950761347,7.588748225330074e-26,3.036879062536635e-25,ddlB
b0093,1114.6246236843988,-0.6669440198016338,0.142560296767629,-4.67832934501211,2.8922173703335003e-06,4.981041026685473e-06,ftsQ
b0094,1870.255709299854,-0.8736931419955657,0.11044313614719385,-7.910796202229762,2.5574790358730967e-15,6.894073922788348e-15,ftsA
b0095,5197.108730078827,-1.5743767655643843,0.10098254985978053,-15.590582410035076,8.436091891449786e-55,7.155236321033133e-54,ftsZ
b0096,26327.691365992756,-0.335455604173966,0.1105723744924353,-3.0338102596948016,0.002414862574869213,0.00338326704474038,lpxC
b0097,683.8744016401607,-2.4858682235541303,0.1293159924791969,-19.223208018559905,2.366747502630501e-82,3.461269935740686e-81,secM
b0098,3940.1231972698765,-2.4996856637445353,0.10773329852951855,-23.20253531511086,4.292638943444006e-119,1.1522071115268606e-117,secA
b0099,105.57508672352797,-1.0322885706254452,0.19850254455968086,-5.200379536268776,1.988819861816009e-07,3.653916958144437e-07,mutT
b0101,74.86403178620374,-1.5481480008841844,0.24714840320620168,-6.26404209293041,3.751241439304049e-10,8.05903602528864e-10,yacG
b0102,308.27950032313333,0.05963937503156865,0.1427034439189885,0.41792526791032036,0.6760017575331552,0.7058253644831474,zapD
b0103,190.3800577765977,-1.2054729491993468,0.16115404468419012,-7.480252522123689,7.417993414174233e-14,1.9107084265181378e-13,coaE
b0104,986.7879703946752,2.239209771232543,0.13642929495015227,16.41296887190315,1.544639436403487e-60,1.4781527824017718e-59,guaC
b0106,76.211448015448,1.785051896092321,0.25834666325885974,6.909521778122305,4.862902158034662e-12,1.1552345007916126e-11,hofC
b0107,167.30633783953814,0.9658693337654288,0.1894499081482512,5.0982834629278475,3.427473058655298e-07,6.215487416185766e-07,hofB
b0108,9.806807835111828,2.4485212903750866,0.7176086419759844,3.412056582307755,0.0006447472861464008,0.0009476385821757784,ppdD
b0109,523.9450705731211,-1.8410243759966312,0.1359139224962149,-13.54551720812783,8.421861288416245e-42,5.334249408864505e-41,nadC
b0110,231.69818130483324,-1.8448536565687366,0.15673511639175533,-11.770518943295215,5.53827721748426e-32,2.687926825949913e-31,ampD
b0111,476.34277554902195,-1.3571472780059068,0.12755620177300633,-10.639602458695258,1.9495936356979943e-26,7.917076738323406e-26,ampE
b0112,771.5189773118342,0.3679191728284744,0.12398165707465078,2.9675290805876715,0.0030020388288099858,0.004168761805811217,aroP
b0113,798.0158911897234,0.34562411857022873,0.152892908004067,2.2605634432764865,0.023786303627110858,0.03019241884848385,pdhR
b0114,8995.659206030761,-2.3233416186014666,0.1204567723442507,-19.287762517508277,6.805552730357921e-83,1.0053034603703211e-81,aceE
b0115,8962.3866704263,-2.925164788744925,0.12749540536671003,-22.94329572372736,1.7190186180313017e-116,4.425216348873562e-115,aceF
b0116,8235.97932136835,-0.4294039310045016,0.10720344381479485,-4.005505007342317,6.188512276835098e-05,9.74663006891882e-05,lpd
b0117,56.1632671476116,0.39923571855742174,0.27244518021889885,1.4653800013516545,0.14281727057822077,0.16627504306949173,yacH
b0118,16885.402481864672,-0.421739217609735,0.11354436884162362,-3.71431205186401,0.0002037572393822214,0.000310467070875922,acnB
b0119,1014.1783513028532,-1.759483988295983,0.1459417341177831,-12.056071547539522,1.801738887543103e-33,9.147929161435685e-33,yacL
b0120,287.03445059720406,-2.6156399395032466,0.19355428057493085,-13.513728199313327,1.297791081870303e-41,8.172927528459333e-41,speD
b0121,480.36408899740337,-0.6754749425994798,0.1409948445165883,-4.790777598396578,1.6613619570914612e-06,2.90095808612321e-06,speE
b0122,167.79818921920136,-0.9984912601100382,0.2138415501754848,-4.669304254905775,3.0222150622328598e-06,5.194264132692903e-06,yacC
b0123,685.5606681884084,0.6325088298601659,0.1394313498791505,4.536345882101701,5.7237281299733525e-06,9.63512475263583e-06,cueO
b0124,1210.9356317346958,-0.12059009764434521,0.20104628712910713,-0.5998126071679459,0.5486311303246951,0.5870379765895255,gcd
b0125,647.9394188960631,-0.746359131093329,0.1249109230479055,-5.975131020423949,2.2990533430095976e-09,4.729174213050584e-09,hpt
b0126,450.31400754528187,-0.41487061837133316,0.14068022301651215,-2.9490329875482093,0.003187699488695957,0.0044140462879017316,can
b0127,355.1273354158734,-1.1335215473815548,0.14923265267194105,-7.59566708147567,3.062108511161701e-14,7.994900157849233e-14,yadG
b0128,454.3657719764345,-0.20932924813952472,0.13297002212549247,-1.5742589554656696,0.11542759455982989,0.13575000567789772,yadH
b0129,246.11540584662734,-1.391110245730947,0.21647066207163515,-6.426322312769554,1.3072806758775644e-10,2.867289255213273e-10,yadI
b0130,331.10426026359806,1.763371235729081,0.16014564977657642,11.01104674519232,3.3805305367484246e-28,1.451814187586982e-27,yadE
b0131,1048.7136273178185,-0.47912541036134126,0.12259844289609763,-3.9080872402873896,9.302971636179811e-05,0.00014491040743971523,panD
b0132,156.49172072833014,0.9402772303415434,0.2055604883598957,4.574211891807263,4.780158841560502e-06,8.083849105090022e-06,rpnC
b0133,1014.2697074610242,-1.3612049870820688,0.13268212703144555,-10.259143545079471,1.0765731191836454e-24,4.153439851574415e-24,panC
b0134,889.6838789224007,-0.8168234028358877,0.12798836348064724,-6.382013025421622,1.747750935757808e-10,3.808712682775184e-10,panB
b0135,127.67258030051926,5.760152952047056,0.4613937855073732,12.484244766567206,9.100273848555129e-36,4.957847213037089e-35,yadC
b0136,6.591855062450222,1.2756336482958717,0.7263344595983857,1.7562620517842586,0.07904367371808438,0.09468034060054625,yadK
b0137,15.640437146373714,4.273490840355451,0.8160265353899414,5.236950828214608,1.632511632306804e-07,3.0131304844505454e-07,yadL
b0138,11.836981184120324,4.271903773742725,0.9382898337687142,4.552861621216007,5.292108487389359e-06,8.925617456508796e-06,yadM
b0139,59.744506464799976,5.063903712567686,0.5305177932949051,9.545209937478486,1.358322079341821e-21,4.671354525986481e-21,htrE
b0140,6.319927304327948,5.894667530442771,2.0297111235579686,2.9041903855311944,0.0036820418250896715,0.0050682764584254955,yadV
b0141,4.581585971793832,4.406917864103287,1.6043872864054636,2.746791813575592,0.006018132202099493,0.008128818028119659,yadN
b0142,12.774490913484781,-0.3468278755889904,0.5751016749745534,-0.6030722751839256,0.5464606093606021,0.5849999033086991,folK
b0143,1534.7642090883721,1.93725384432539,0.14672710960115146,13.203107793722852,8.41887275850322e-40,5.0906425663366996e-39,pcnB
b0144,174.348606208806,1.380921903074872,0.19731073167051252,6.998716650551281,2.583176787445141e-12,6.234179944261794e-12,gluQ
b0145,3338.437278459525,-0.914325089324061,0.11795933081748955,-7.751189185183952,9.103593789265994e-15,2.4126441818391876e-14,dksA
b0146,1418.6827509975049,-2.8321556381814292,0.11253682640986985,-25.16647864110232,9.329789530620458e-140,3.480485890999259e-138,sfsA
b0147,52.56914173834746,0.4225586523148453,0.26329229729758064,1.6049032070135238,0.10851510768147535,0.12796236378619194,thpR
b0148,1692.224896705294,0.9513984097110743,0.12178030612385102,7.81241598081958,5.610204181586969e-15,1.497642135072519e-14,hrpB
b0149,3541.057194572461,1.4094063790621345,0.11302210219709875,12.470183722156191,1.0857543310857852e-35,5.907899339233159e-35,mrcB
b0150,1114.8217514076136,-0.471697144208556,0.1288812243904574,-3.6599368638794636,0.00025227739962489895,0.0003814926530913106,fhuA
b0151,266.4578110692029,-0.4496245709578389,0.18086391739464744,-2.485982706969418,0.012919424340900348,0.01690083386289549,fhuC
b0152,144.1913622333523,-0.15017458405206474,0.2265286681882649,-0.662938537771549,0.5073699186930124,0.5455403962107085,fhuD
b0153,427.1052690354966,0.4800576654987315,0.17821976750396087,2.693627492741861,0.0070679108341691645,0.0094712156748897,fhuB
b0154,1902.8557995465153,-0.7386578714381095,0.10881834816730483,-6.787990112682522,1.1370644146824155e-11,2.6469368341787378e-11,hemL
b0155,939.2756073773226,-0.3203762517960754,0.13569051622981057,-2.361080646590467,0.018221767503229413,0.023440157962950285,clcA
b0156,2805.785103471735,1.298504487129645,0.18927330867256403,6.860473334758526,6.863275453094436e-12,1.61648681351106e-11,erpA
b0157,182.69152196358513,1.53340106075895,0.22020963688855474,6.963369462050313,3.322290070455478e-12,7.974220768890412e-12,yadS
b0158,123.78119975765713,-1.474260227517845,0.21694925462147105,-6.795415038830654,1.0800115021404676e-11,2.5181200383592894e-11,btuF
b0159,1195.1660020653333,-0.33825720247166385,0.12135613109444832,-2.7873103684263554,0.005314754977654508,0.007205282233333892,mtn
b0160,317.94861728697043,0.45585532828442943,0.15393659858635697,2.961318701794615,0.0030632478038394857,0.0042457231840369695,dgt
b0161,4952.951722415183,3.3666514773054317,0.174136700295946,19.33338274805825,2.813519346313044e-83,4.2126231845136125e-82,degP
b0162,462.4448563965461,2.296110298108303,0.1421848657432715,16.148767213060157,1.1585399518810742e-58,1.0782014520466148e-57,cdaR
b0163,1484.7136776974628,-1.0472326370889586,0.14541354602830645,-7.201754346084805,5.944271660064007e-13,1.4766751606998736e-12,yaeH
b0164,64.16485143757775,1.5705016139919863,0.2593645770587168,6.055189308432218,1.4025262565703113e-09,2.910853645177987e-09,yaeI
b0166,1778.0004247860213,-1.5347057162439193,0.12991160935256885,-11.813460890002995,3.325837237453845e-32,1.624898503803754e-31,dapD
b0167,706.586239368286,-0.6622892869197827,0.12040783208894697,-5.500383782597633,3.789654718749204e-08,7.27521154467248e-08,glnD
b0168,1103.5441408256158,-1.924661693754542,0.12610547239630798,-15.262316988956387,1.36320540800531e-52,1.1071642446567113e-51,map
b0169,26761.071940666676,2.324526765886689,0.15518801737165536,14.978777390523303,1.0105901206375801e-50,7.859748606089448e-50,rpsB
b0170,3840.2735483402394,-0.604694301396122,0.11251086935847837,-5.374541187389329,7.677793233040497e-08,1.4505427387057626e-07,tsf
b0171,868.4848236682222,-1.3708764010417702,0.11288669281949763,-12.143826405064054,6.186387807067247e-34,3.177652173478416e-33,pyrH
b0172,2941.5334826658996,-1.0548850040593885,0.1232039833514341,-8.562101446431111,1.108286129515958e-17,3.2786797998180424e-17,frr
b0173,900.0613778835472,-1.6482071793051007,0.12852245580088686,-12.824273929674845,1.1990453992901622e-37,6.819377064179966e-37,dxr
b0174,1528.516223544643,-0.2273776123338299,0.15292395497709593,-1.4868671972804077,0.13704988941864105,0.15968597491287928,ispU
b0175,1258.861734295874,0.6918312537796175,0.12117851516031665,5.709190716393407,1.135146344752916e-08,2.243787251729832e-08,cdsA
b0176,2643.0985827535037,0.6376966948899307,0.11086759009455291,5.751876579495181,8.82582247302951e-09,1.7579760419129368e-08,rseP
b0177,7774.778806629874,-0.050661224000369494,0.10335411266419745,-0.4901713409796307,0.6240126588085917,0.6592041574455054,bamA
b0178,2715.99689316626,-1.3000612618862872,0.10575352605670797,-12.293313616693577,9.838867282563756e-35,5.2118765075626544e-34,skp
b0179,2605.396284737226,-1.3033887260882686,0.10625610899348455,-12.266482731531138,1.3707978158635024e-34,7.192195453434013e-34,lpxD
b0180,887.4991720203542,-1.145747801818101,0.11663670718138629,-9.823218003199491,8.944184779520062e-23,3.216691290804519e-22,fabZ
b0181,1647.3866535668003,-0.4229290656399031,0.11172709386736743,-3.7853760533856473,0.00015347631535665894,0.00023556580899582028,lpxA
b0182,745.4367819793839,-0.01849204958464076,0.13007267347267734,-0.1421670600821866,0.8869480497169,0.8998260693371269,lpxB
b0183,241.20443774769208,0.4374395496351297,0.15538667064500208,2.8151677863959668,0.004875177317438494,0.0066420707370362896,rnhB
b0184,1935.0084644575043,0.03706953720648359,0.1182423804057543,0.31350465949076567,0.7538972812341569,0.7784789659846959,dnaE
b0185,1292.1807249167243,-0.11165398347713927,0.10539698825314235,-1.0593659774126456,0.2894331380256884,0.32320767975369874,accA
b0186,864.7773019361606,-1.6661680008963597,0.1539947595084016,-10.819640916452467,2.7786388262499757e-27,1.1571966048393938e-26,ldcC
b0187,263.6920585156099,0.19166660844751435,0.15414750751764397,1.24339738951391,0.21372143178349223,0.24278754650604714,yaeR
b0188,871.3967278670785,1.424427749951909,0.13200830006941033,10.790440822303907,3.819530126170459e-27,1.5846910099342468e-26,tilS
b0189,261.69946481723093,0.11798829214596115,0.15804851072654444,0.7465321349981242,0.45534602696791526,0.49285301468226284,rof
b0190,207.50167847063653,0.2856313513217242,0.17192874219711088,1.6613356654133888,0.09664605080728444,0.11473460508459174,yaeQ
b0191,74.249052608437,-0.16037794784923226,0.2348686328348348,-0.6828410669977112,0.49470727657455305,0.5324570359501011,arfB
b0192,864.5279208979963,0.4328586672003111,0.1397148870024987,3.0981570860989907,0.0019472818128098595,0.0027580226962641576,nlpE
b0193,114.0316843021152,1.4414185476399566,0.20093050046284114,7.173717003240749,7.298841060066466e-13,1.8019909336182042e-12,yaeF
b0194,2724.3044286937284,-1.7522323410358134,0.10795685632335042,-16.23085740647689,3.0516679076807818e-59,2.876540070580471e-58,proS
b0195,102.061720769452,0.1554943202947865,0.22470535747240095,0.6919920470248905,0.4889423234313909,0.5267557777153653,trmO
b0196,131.18838989598177,-0.5042386303675086,0.18528862819561775,-2.721368468631332,0.0065012251305190324,0.00874378033136107,rcsF
b0197,877.0064523480161,-1.6643487106505508,0.1713719833856067,-9.711906682585184,2.6827103636247463e-22,9.477761653833172e-22,metQ
b0198,365.1231253217217,-0.8207228701668823,0.195704720272677,-4.193679483169146,2.7446572163763526e-05,4.443538457700884e-05,metI
b0199,767.128390508282,-2.2140936378820815,0.2155012372740684,-10.274157428925848,9.214606395493787e-25,3.564384653160251e-24,metN
b0200,13.100117175402707,-0.17619908680286636,0.48956730734859916,-0.3599077882817097,0.7189160925873197,0.746032211119609,gmhB
b0201,2.745735542302544,4.681648605821614,2.1303572157846826,2.197588541082865,0.02797844054758313,0.03522914625013184,rrsH
b0202,0.0,,,,,,ileV
b0203,0.0,,,,,,alaV
b0204,2.2999112611188743,3.347516051434636,1.7173609641886216,1.9492209973552017,0.0512690384581604,0.06291784424109899,rrlH
b0205,0.0,,,,,,rrfH
b0206,0.0,,,,,,aspU
b0207,72.18696855663521,-1.135588042182327,0.27970142852950985,-4.060000866468642,4.90725338269739e-05,7.781602806424319e-05,dkgB
b0208,353.87376505887823,0.13586127361486458,0.1798834951475764,0.7552737037014096,0.4500847733928749,0.48763799470229763,yafC
b0209,1396.9461555609741,-0.40340218938449623,0.10797441022792356,-3.7360906953133908,0.0001869032802802903,0.0002853792021484002,yafD
b0210,237.194329075446,1.1446092664916974,0.18467614631648077,6.1979269619920085,5.72116766218824e-10,1.2137147011543436e-09,yafE
b0211,2609.110934470753,-0.9974504268239164,0.15184966516119452,-6.568670571417346,5.0766456713799876e-11,1.1384306798479217e-10,mltD
b0212,141.48415208070125,-2.2978178556935562,0.20665105081840557,-11.119313676816295,1.0104630348702861e-28,4.399661997526212e-28,gloB
b0213,277.7792639624813,-0.06410843280118807,0.16139985160189077,-0.3972025510860943,0.6912181011195002,0.7201756405036781,yafS
b0214,245.29098571161197,-1.7843203807880712,0.1648073944486935,-10.826700990916713,2.5725745363236142e-27,1.0744281886998625e-26,rnhA
b0215,510.2346369902598,-0.5014001780084006,0.13595775841695906,-3.6879114796133408,0.00022610227537498852,0.0003435630708321365,dnaQ
b0216,9.20263218241347,0.5876505965448919,0.6027966254908178,0.9748737330213263,0.32962289696602787,0.3652152007159463,aspV
b0217,44.929837501219374,3.5888811256663677,0.4269118748257861,8.406608804524156,4.2203580358647454e-17,1.218230562221417e-16,yafT
b0218,1.9303692856683863,4.190349185043094,2.220869198840585,1.886805934915341,0.05918643258146805,0.07213141645172269,yafU
b0219,513.6104558099429,-1.1947549345567736,0.1365145365686417,-8.751851374860959,2.09880700418468e-18,6.389314268617538e-18,yafV
b0220,1392.4011283309676,-0.7871008931883601,0.13161410726641617,-5.980368742653802,2.226330606598709e-09,4.586011853180869e-09,ivy
b0221,8087.312210589068,2.321546903276948,0.15334271366053043,15.139597101538067,8.875577294334028e-52,7.027030800298271e-51,fadE
b0222,973.264374448263,-0.8986132548316355,0.1301586343779088,-6.903984965166112,5.05636537609647e-12,1.2005458676147067e-11,gmhA
b0223,337.9249522001675,-0.47192747412034775,0.14847387648695667,-3.178521941277705,0.0014802801398896726,0.0021190872116404356,yafJ
b0224,1592.0586912043807,0.2460491148413911,0.139608001748022,1.7624284551073537,0.07799693447982123,0.09352685576186413,dpaA
b0225,188.08902157749628,1.282685654012736,0.24024603554013768,5.339050241261687,9.343475163830048e-08,1.7502118157948881e-07,yafQ
b0226,630.3923776246738,0.8170025209673419,0.14969947230953567,5.457617908485439,4.825646980877501e-08,9.207844824370506e-08,dinJ
b0227,71.9217710435971,0.4850219409733835,0.26086461061610283,1.859286086479389,0.06298659809054212,0.07652967286628937,yafL
b0228,156.76903878441735,-0.3714729118810043,0.2023066350258336,-1.8361874875412214,0.06632993258418012,0.08034792604170635,rayT
b0229,153.8081963478223,2.3767599551481426,0.2122927902649503,11.195669679511239,4.281547796934857e-29,1.884737340210724e-28,lfhA
b0230,78.00264296270328,2.19402873348042,0.2734708331161686,8.022898487855965,1.0327869708208125e-15,2.8308395053257883e-15,lafU
b0231,641.9875278125138,0.8520587708000082,0.12226587507328285,6.968900932409041,3.1942652405656557e-12,7.671115978707047e-12,dinB
b0232,75.96318897140391,0.6255932701291794,0.24401326602553383,2.563767455428905,0.010354289177135436,0.01366383911690966,yafN
b0233,38.08842784924297,1.3435611966173509,0.34018282539154715,3.9495268318467427,7.83058331237895e-05,0.0001227135199042084,yafO
b0234,52.95838940324578,3.7535033046627073,0.3971120597485958,9.45200029190496,3.324164864367871e-21,1.129087479394087e-20,yafP
b0235,8.947758610089368,5.4013133557246045,1.4722685207475774,3.6687012454643573,0.00024378575585490522,0.0003692859247327229,ykfJ
b0236,108.94526920683249,6.544564334341896,0.6241199548698482,10.486068075978562,1.0010808215021884e-25,3.980810999324872e-25,prfH
b0237,2647.622087107127,-2.442142222334658,0.13114055521754056,-18.62232639082202,2.1180935542722562e-77,2.8185789780037344e-76,pepD
b0238,401.5276057690628,1.2009429672273901,0.1913251446465286,6.276974045654693,3.4522568427566923e-10,7.427582904112883e-10,gpt
b0239,1041.7833519371504,-1.7719362230274718,0.14337403844218066,-12.358835966959607,4.3643061367093266e-35,2.3400335704987157e-34,frsA
b0240,1961.3460484704,0.7246802911008745,0.12082179604665295,5.997926821258752,1.9985253933062666e-09,4.128347621461373e-09,crl
b0241,23.981148649162147,3.5172198001926396,0.5470274761907207,6.429694948204693,1.278602807847908e-10,2.8085876048635186e-10,phoE
b0242,1466.1402200146674,1.6128821186092188,0.10683267084606898,15.097274137545037,1.687673151506056e-51,1.3290048681448405e-50,proB
b0243,1203.958707075215,0.20463930993457954,0.11657709851278858,1.755398895196645,0.07919110091983504,0.09483112792413327,proA
b0244,121.4295753459047,5.957539708973766,0.4879220994856302,12.21002228686553,2.7481388477544396e-34,1.4265692462046042e-33,thrW
b0245,14.264546033164185,7.063765567507617,1.9802612942858577,3.5670876302488277,0.0003609707947569322,0.000540901691503815,ykfI
b0246,5.391321810456037,5.66183582115833,2.0400646812488046,2.775321720531182,0.005514712506305493,0.007467168395188182,yafW
b0247,9.558928188719959,3.961504718837545,0.959815512964436,4.127360586830118,3.669507590922164e-05,5.884580114841299e-05,ykfG
b0248,11.27111567329788,3.7580301742747326,0.8452080297375811,4.446278362312199,8.737072067437814e-06,1.4529879577204856e-05,yafX
b0249,9.931899111205132,4.0271381720406385,0.9518797809233062,4.23072141330115,2.3294302553500033e-05,3.7838199203139165e-05,ykfF
b0250,251.09132096520216,-1.1636910325519612,0.15464014117939184,-7.525155006176629,5.265781593922672e-14,1.363527680967506e-13,ykfB
b0251,4.7447886522671325,2.349275722672646,1.0632540451237287,2.209514963471656,0.027138842785793312,0.03423071230460234,yafY
b0252,14.218461190041294,2.3719386780048173,0.572697721076681,4.141693935057981,3.447501924024437e-05,5.542696665286914e-05,yafZ
b0253,253.39475896094916,0.9303400468506666,0.14909849567922245,6.239768165416264,4.3821988665243143e-10,9.3688389560175e-10,ykfA
b0254,42.22357222067682,0.9090388786940857,0.3027170427446323,3.0029326081285017,0.0026739163605498336,0.0037319530181167937,perR
b0256,0.0,,,,,,insI1
b0258,354.7445723304743,1.6838658645593285,0.17366466780100018,9.69607627090184,3.1331665931065213e-22,1.1033759474283924e-21,ykfC
b0259,1.4684057867465317,-2.08893783704995,1.6178113577454236,-1.2912122461305293,0.19663008982566899,0.224181728933591,insH1
b0260,266.94099220303787,-0.2668835525191411,0.18245492346512324,-1.462736918525285,0.14353937997410607,0.16702626239651466,mmuP
b0261,697.8259303272725,-1.4940806077539661,0.16248930290968006,-9.19494748884764,3.751777985549166e-20,1.2242643952844647e-19,mmuM
b0262,294.94518680830765,4.314970182340559,0.21956851057773216,19.652044689773327,5.553021813017032e-86,8.54699371360174e-85,afuC
b0263,92.73153623152331,5.165565856459218,0.4438097852353003,11.639143678908578,2.6061906954562833e-31,1.2375891522544294e-30,afuB
b0264,0.0,,,,,,insB2
b0265,1.9864916125260927,2.017565777572119,1.416615335238061,1.4242156832454933,0.1543840463128471,0.17870064997874127,insA2
b0266,50.72670471718442,-0.4714077544996034,0.2686869243330569,-1.7544871439864316,0.07934707087216505,0.09496623327331989,yagB
b0267,55.464006863512516,1.4307823671395408,0.27991856179464397,5.111423686826464,3.1973998353854563e-07,5.80889561509153e-07,yagA
b0268,211.82272927386157,-0.3087294795785887,0.18934748684621697,-1.630491561946796,0.10299764714339085,0.12188054911967917,yagE
b0269,647.4390818299846,0.46370422384901366,0.11978538544155634,3.8711251972825718,0.000108334130368343,0.00016809546770583218,yagF
b0270,94.19932314901034,0.011911768694151852,0.22903346774419997,0.052008856222950435,0.9585216367206112,0.9637762094207699,yagG
b0271,187.65346981887942,-1.6606917167734914,0.1742725881075776,-9.529276719918538,1.583828336299685e-21,5.429916149837393e-21,yagH
b0272,1064.3313536423505,4.698064679898558,0.18095740555159845,25.96226811264127,1.3218037042730041e-148,5.760970204168083e-147,xynR
b0273,306.34276360809133,1.9302355922309333,0.16125802407097117,11.969857644922019,5.111625176354095e-33,2.562798864044502e-32,argF
b0274,0.5638722783047904,-1.3639522837159916,2.512937821987714,-0.542771998487856,0.5872867949755529,0.6240010792861174,insB3
b0275,1.155248870385515,3.432850616862382,2.369403265009976,1.4488249710620402,0.14738646834388855,0.171095789464609,insA3
b0276,225.19120805370497,0.9052143521716396,0.1930479654726348,4.689064450668644,2.7445694245181563e-06,4.7360229740215305e-06,yagJ
b0277,341.86704233231654,4.939371117816058,0.23792008404999732,20.760631190673596,9.826752726973714e-96,1.8565392920231026e-94,yagK
b0278,10.431687926771707,2.3177022740190303,0.6526160666282996,3.551402413356593,0.0003831840599320967,0.0005721764694101389,yagL
b0279,4.426230938402416,-0.6020458482087291,0.9310080881056445,-0.6466601696594638,0.5178519067417844,0.5562674703458601,yagM
b0280,97.7873391515866,-2.4004422069790943,0.25763259530099464,-9.317307866943755,1.1932957275303092e-20,3.970436729091777e-20,yagN
b0281,258.1688799357065,1.7319632963788063,0.1616643804249488,10.713326533811538,8.813674456016979e-27,3.622576559793346e-26,intF
b0283,131.98045204263255,-1.6254168210188618,0.20283793202726672,-8.013377008795196,1.1160086458139853e-15,3.0551430714385344e-15,paoD
b0284,347.1271027990779,-1.7583989857030027,0.18846567175397747,-9.330075707359647,1.0579531216267674e-20,3.52811336469775e-20,paoC
b0285,78.01110127598452,-0.907707317945284,0.2591442122500723,-3.5027111354868037,0.0004605486214806133,0.0006821450308740443,paoB
b0286,82.25508086142248,-0.49671204092031984,0.28022870000771205,-1.772523802546456,0.07630764772401478,0.09160247212465587,paoA
b0287,197.17780474630138,1.2829663981789583,0.18269749686255474,7.022353454268439,2.1816178041823707e-12,5.2911744209425875e-12,yagU
b0288,22.766778129681793,1.557145092653124,0.4145539903759473,3.756193713733145,0.00017251717761740179,0.00026414630117280093,ykgJ
b0289,88.6922588613055,0.6881183063641934,0.225292768792592,3.0543293069369915,0.0022556433379380043,0.0031682648288459143,ecpE
b0290,109.83961693437554,0.8607500492789351,0.2098453309263359,4.101830836451123,4.098939067861541e-05,6.554133591255541e-05,ecpD
b0291,99.71898690495912,1.6875088186552556,0.23316699099072175,7.23734012042213,4.57569645329173e-13,1.1412020276141757e-12,ecpC
b0292,25.46983679331552,4.992900885852601,0.7867511911667036,6.3462260266151445,2.2066097136938858e-10,4.787331670616306e-10,ecpB
b0293,48.16665520992519,2.0194153487378173,0.35567900775170663,5.677634340870452,1.3657026219594982e-08,2.6874487893901255e-08,ecpA
b0294,23.739101853110693,7.797793729869215,1.9661269634213758,3.966068252428524,7.306794712037086e-05,0.00011466848599781551,matA
b0295,23.81751093173827,2.302623769066637,0.4561635955474205,5.0478025680750935,4.469206369543329e-07,8.059584776210461e-07,ykgL
b0296,6.033918141343449,1.1112273029395663,0.7366810283687178,1.5084239448927188,0.13144605844613083,0.15356304386408384,ykgM
b0297,24.507783727101312,6.874440023283921,1.4241969958733405,4.826888445350501,1.3868275158547725e-06,2.4351075886688106e-06,eaeH
b0298,0.0,,,,,,insE1
b0299,1.640229285877621,0.9085563348848694,1.5699959615746706,0.5786997910323336,0.562791757016457,0.601167026058346,insF1
b0300,39.00022148033485,0.1163880999613967,0.3124771452823235,0.3724691604444859,0.7095435692576233,0.7371750747868911,ykgA
b0301,27.44793513746789,4.514473618258831,0.67331311889078,6.7048650792606,2.0159254256777035e-11,4.6485614058843645e-11,rclC
b0303,0.9176083434316812,0.5436231960303362,2.076043703120961,0.26185537193320924,0.7934329473615596,0.8152875430171767,rclB
b0304,75.94348329841027,-0.8962023286729797,0.28476346942861264,-3.147181520407935,0.0016485258535665558,0.0023507647578231224,rclA
b0305,148.84205886646205,5.659398582884316,0.41017275237984424,13.797597597715068,2.6348805596487365e-43,1.736338955624811e-42,rclR
b0306,97.14987505773007,2.0898532143676305,0.23703269913144,8.816729599019412,1.1785139379147484e-18,3.6278450032872185e-18,ykgE
b0307,201.9937946084485,1.5374827280485335,0.18420380650930676,8.346639286039148,7.023280270215776e-17,2.0114820917039586e-16,ykgF
b0308,65.02850597572153,1.1672261197453047,0.28613091584636946,4.079342899010662,4.5163178593310884e-05,7.18497694859973e-05,ykgG
b0310,19.270531861240496,3.344725581795053,0.5928049722090549,5.642202306993342,1.678886590478083e-08,3.2919638179441075e-08,ykgH
b0311,689.9023313580947,1.5019425344017696,0.2054964852204666,7.308847802386561,2.6944274364254516e-13,6.797059928449764e-13,betA
b0312,2186.0644955823805,2.5495630418531747,0.16303170019542915,15.638449692893872,3.9830735885502595e-55,3.4045611527763575e-54,betB
b0313,1322.2323511418865,3.0173216329236596,0.1606915469359265,18.77710240804872,1.1625360919664916e-78,1.599213711511405e-77,betI
b0314,2177.678087332363,2.1411118324822342,0.18148575621336155,11.797685268286628,4.0119582437039173e-32,1.955774107285121e-31,betT
b0315,1421.1264687528246,7.0558360872428345,0.22799052830949243,30.947935160116312,2.70847347176373e-210,2.483895879729987e-208,pdeL
b0316,120.92798253264114,0.8298839920782052,0.2069837997615224,4.009415195944615,6.086930812391354e-05,9.607267635764338e-05,yahB
b0317,10.665385532379938,5.653844628195247,1.4611544469919289,3.8694366908541307,0.00010908710229188013,0.0001692041664160875,yahC
b0318,26.881112967351594,0.8017534831365941,0.36956805202969545,2.1694339614404,0.030049752948676,0.037729324723351894,yahD
b0319,11.64654624085137,2.714632025986171,0.6942445105608229,3.910195881553667,9.222130440999451e-05,0.00014370201133196315,yahE
b0320,80.32522553238624,2.811787581562425,0.27349916130406776,10.280790508298372,8.601915022814294e-25,3.3303104600200984e-24,yahF
b0321,88.74057150467343,2.855120986727693,0.2673400614822248,10.67973490728597,1.266327511930962e-26,5.1614571365926806e-26,yahG
b0323,36.49242818258742,2.4006897522825326,0.389177434558777,6.168625257022601,6.88862697303876e-10,1.4508964562352452e-09,yahI
b0324,226.70191729016244,-0.5232461565973686,0.1535492156047015,-3.407677170715208,0.0006551835926520638,0.000962335060011473,yahJ
b0325,459.72606733598695,-3.0470304336594376,0.20683121510087635,-14.731966024438481,4.018430109112117e-49,3.008355329984956e-48,yahK
b0326,24.42151690927579,4.611091071612515,0.7246452581007744,6.363239143657329,1.9754275440870045e-10,4.2963597080390283e-10,yahL
b0327,121.1757716345182,6.962586159565447,0.6672278959928867,10.435094517750313,1.7144305177329452e-25,6.756421789669136e-25,yahM
b0328,186.02074786237299,1.6707912752009568,0.20814081132487516,8.027216116656303,9.97093481536226e-16,2.736412410051413e-15,yahN
b0329,1770.0774243122403,-3.442560498795952,0.22625189411260285,-15.215609629692784,2.7861193976055494e-52,2.2462449795347306e-51,yahO
b0330,88.93096029486378,-0.6683325399220199,0.28923288079177006,-2.310707337604462,0.020849025676043895,0.026663977636823134,prpR
b0331,1187.3234408649591,-4.580334334372037,1.542178641913523,-2.9700413492231963,,,prpB
b0333,1587.866130367103,-5.909011151888231,1.7764036663867395,-3.326389864927122,,,prpC
b0334,3875.3399497384235,-6.938283853666115,1.8864266277402573,-3.6780035606142056,,,prpD
b0335,6061.099556900122,-6.255644545740769,1.826511933412853,-3.424913043985453,,,prpE
b0336,119.64158297687838,1.147272999391186,0.21639487966875423,5.301756682724521,1.1469364131667052e-07,2.1312005448542998e-07,codB
b0337,361.5126973654112,-1.3467131358709123,0.14722473218886842,-9.147329499932598,5.835829949053786e-20,1.8833814835582672e-19,codA
b0338,142.67933255877435,2.2706689628537746,0.21756557716342476,10.436710588404146,1.6855023915355807e-25,6.648370544390347e-25,cynR
b0339,104.4057513383381,-2.2598766910422685,0.2807341480207916,-8.049881736777168,8.287407731208777e-16,2.284356219961242e-15,cynT
b0340,59.21129536641171,-2.7862510323983813,0.31511856575648034,-8.841913283368905,9.409324060915127e-19,2.9168904588836893e-18,cynS
b0341,158.16308068264976,-0.36240571723197346,0.1898620885216092,-1.9087840023982783,0.0562899614093986,0.06873464913291889,cynX
b0342,20.526066818258627,2.220589561010895,0.474895736813321,4.675951769775093,2.9259337372905087e-06,5.033200590681055e-06,lacA
b0343,60.29041231428959,2.9409213415462405,0.32148966030926557,9.147794484952154,5.810771377185343e-20,1.8769267080171479e-19,lacY
b0344,129.44213234014066,1.1250536722808016,0.2202966545299698,5.10699390638157,3.27324299980674e-07,5.94177966397908e-07,lacZ
b0345,632.0389674330595,1.8570378573857136,0.13381230890498153,13.877930009446093,8.61974755147935e-44,5.7491104123654696e-43,lacI
b0346,1530.4452955512795,2.7668933087681524,0.16135781892356033,17.14756264819684,6.554447884072187e-66,7.124118416218708e-65,mhpR
b0347,90.36338571272144,2.669866368641852,0.2656258767559526,10.051228446748162,9.072925941630458e-24,3.3710316158613336e-23,mhpA
b0348,26.097906526442625,1.0077935477974638,0.4411679028705515,2.2843764046297195,0.022349419053936892,0.02846705517228883,mhpB
b0349,28.62281546437175,0.17009297973887477,0.39754631271541563,0.4278570176567986,0.6687552220974872,0.7004188645427406,mhpC
b0350,24.760713436211716,0.08354034487719644,0.36810839130336587,0.2269449620026431,0.8204665394336192,0.8403196153063731,mhpD
b0351,34.03410698690896,0.19540225151458349,0.3264082916763243,0.5986436512107661,0.5494105407123566,0.5877290887523192,mhpF
b0352,59.28798023914618,-0.25423291053416747,0.25416562438975154,-1.0002647334570813,0.31718240932831365,0.3522293052127237,mhpE
b0353,112.79041375642377,-0.01413116603379893,0.19280462923378697,-0.07329266983866896,0.9415732246348654,0.9473840765354691,mhpT
b0354,240.92307502514936,-0.4421082907432465,0.16724614972338026,-2.6434587072675773,0.00820637746726176,0.010930249201478446,yaiL
b0355,369.4031648237672,2.9407813709117034,0.16364178926788975,17.9708458583125,3.2965000362648666e-72,3.997573873178497e-71,frmB
b0356,1786.2555386131683,2.6418172588196986,0.15639275708461306,16.892196979367775,5.135458243656469e-64,5.319126397311947e-63,frmA
b0357,261.9119765488495,3.0193101106719427,0.19883604886134498,15.184923095999602,4.4508492650215525e-52,3.549391026200158e-51,frmR
b0358,95.1001430635974,2.3026397404872867,0.26969220333353444,8.53802858230781,1.3653115373073117e-17,4.025520018236293e-17,yaiO
b0360,0.13128818873344597,0.526843880849337,4.426109897033248,0.11903090820281534,0.9052508686458666,0.9129242437065532,insC1
b0361,4.724940535145642,4.438331895862643,1.5493339932452757,2.8646708296679124,0.004174429249401613,0.0057192149255729545,insD1
b0363,45.90512604433851,3.7030390450872743,0.4260952076326006,8.690637629231937,3.604109057200254e-18,1.0866635664243507e-17,yaiP
b0364,4.61567338410725,4.4089920474094475,1.539230931674518,2.8644123222062183,0.004177837959693291,0.005722104137700644,yaiS
b0365,30.48654335445021,2.4744289975508518,0.4197940487718826,5.894387985703591,3.760726022457484e-09,7.63241860343838e-09,tauA
b0366,27.063723033419716,2.132243508116576,0.4211625972170408,5.062756099914901,4.132383893161388e-07,7.461342862057601e-07,tauB
b0367,27.656670393039917,2.044864655596654,0.3933276405841979,5.198883690349036,2.0048892185196842e-07,3.680367948258403e-07,tauC
b0368,63.964201008843254,1.2529620768497534,0.2561704998472747,4.891125549572461,1.0026098350289547e-06,1.7760517077655768e-06,tauD
b0369,1083.4180727248074,-0.4292112852273363,0.11239951157201704,-3.8186223340688668,0.00013419903039784274,0.00020648169584456613,hemB
b0372,8.265061468215011,2.604214049207603,0.7813755491026558,3.3328583831402505,0.0008595868380440025,0.0012529474374402977,insF2
b0373,9.153244017325564,2.797788978198118,0.7878293590491863,3.55126265105772,0.0003833876127814283,0.0005722862907642752,insE2
b0375,22.640882216368762,4.826491237062833,0.7886195226509857,6.120177219095884,9.347134260615286e-10,1.959337381677547e-09,iprA
b0376,368.5203244624631,0.12287483400032509,0.15688129564840478,0.7832344416360926,0.43348945312834763,0.47063688758719424,ampH
b0377,293.61808154564716,-0.07149067135619763,0.16940698920092026,-0.4220054420033886,0.6730210452780736,0.7035475282151697,sbmA
b0378,478.70676544905876,0.6565925524238627,0.1282644101027465,5.119054864072565,3.070706299964378e-07,5.587949207293589e-07,yaiW
b0379,741.3070665975262,-2.1567110522233803,0.502392036872506,-4.292884627808497,1.7636666173488425e-05,2.8861191262340537e-05,yaiY
b0380,432.0152371963807,-0.7263088213871518,0.15838650234404839,-4.585673719907383,4.525248287752827e-06,7.670443959448573e-06,yaiZ
b0381,641.42744276063,-0.7911627301849271,0.12408954583074652,-6.375740396890834,1.8208113058394115e-10,3.964001665828432e-10,ddlA
b0382,407.4481524500015,-1.2685187863417087,0.14384540312018168,-8.818625822070041,1.1587294981911788e-18,3.571937850866645e-18,iraP
b0383,546.3567943186434,1.654751823905881,0.13304822850073167,12.4372330436311,1.6409017008196597e-35,8.917591712355732e-35,phoA
b0384,467.33635320020204,-3.674328913340488,0.18390635540708425,-19.979347125917485,8.330615696033174e-89,1.3531870957172706e-87,psiF
b0385,110.87805722433707,2.157834998584412,0.2396926875698694,9.002506586503236,2.2062195231064643e-19,6.976852256260529e-19,dgcC
b0386,571.4599937742581,-0.6731421503780393,0.12346989569098597,-5.451872673989653,4.9842138781308976e-08,9.498056056940351e-08,proC
b0387,562.7580194764943,-1.4806243067763367,0.13988459163768507,-10.58461328329356,3.512280646674391e-26,1.4171456834702723e-25,yaiI
b0388,636.2786173490772,-1.3690021488043576,0.13404078950541898,-10.213325017374743,1.7283835988074833e-24,6.610203824457464e-24,aroL
b0389,322.08001165728666,-3.6810085455179147,0.19984101571170182,-18.419684930086007,9.133357393273151e-76,1.1755859428417663e-74,yaiA
b0390,395.3368317699263,-0.9238934136158765,0.1680567909575364,-5.497507172139925,3.8519765301577437e-08,7.391630638951346e-08,aroM
b0391,1007.1252776454936,-0.4102426815925453,0.16421316534301356,-2.498232591373643,0.012481427044352683,0.01635215531227396,ppnP
b0392,248.06478292913934,3.2452473390253695,0.19029414247475174,17.053847779134607,3.272625201335254e-65,3.4966252757955796e-64,ykiA
b0393,276.48975324286744,-0.14912716714288993,0.15991466897026343,-0.9325421370232178,0.3510564209303533,0.3868211176308924,rdgC
b0394,325.49220396017876,0.0858319737859654,0.1524933531666507,0.5628571475647522,0.5735321622978755,0.6110088524770687,mak
b0396,274.44785522235384,0.6089221238680371,0.18147936976795406,3.355324214794368,0.0007927201898859603,0.001158935329086017,araJ
b0397,341.2116301728828,-1.1507443209828654,0.15438073665764615,-7.453937232692118,9.059511127928889e-14,2.3267192523420637e-13,sbcC
b0398,92.08984874779236,0.18156030237571463,0.20707612280606957,0.8767804801220324,0.38060588342972657,0.41708416700464435,sbcD
b0399,282.9622013423955,1.3232853317693312,0.21302503491072133,6.2118770797240765,5.235537652276558e-10,1.1144505195996812e-09,phoB
b0400,241.28464146169117,0.8054515861097755,0.17935401433297762,4.490847830227116,7.0940221800057435e-06,1.187730693132991e-05,phoR
b0401,2150.637853997806,-1.2821462637661214,0.1363834657268159,-9.401038879114099,5.402695888114781e-21,1.814085987756008e-20,brnQ
b0402,933.483464746369,1.0385566843563427,0.1274388864927256,8.149448829464035,3.6558668682890454e-16,1.0217857748703731e-15,proY
b0403,333.3209601053224,0.1271860418201179,0.1381465326035482,0.9206603989483787,0.3572277576730811,0.39312914731922577,malZ
b0404,194.71663720919148,-0.7684348616166008,0.17872889126295163,-4.299444013704841,1.712271228488146e-05,2.8040989389154832e-05,acpH
b0405,384.5911202941019,1.182418962866109,0.1536935204222557,7.693355969838843,1.4332503209281208e-14,3.7802084557972366e-14,queA
b0406,777.7045566446342,-0.30585870765273265,0.12200029556740041,-2.5070325135709006,0.012174951199615088,0.015983935335730875,tgt
b0407,415.7343203884366,-1.3074666011890475,0.13900425602161326,-9.405946541563116,5.156397562595972e-21,1.7340307158554215e-20,yajC
b0408,1958.8653720230222,-0.11373349394707509,0.13023969271680566,-0.8732629168158298,0.38251978821912946,0.4188686835175642,secD
b0409,1785.5599927397498,-0.6003100529129769,0.11285328196147948,-5.319384979143827,1.0411861217197747e-07,1.942900088092602e-07,secF
b0410,233.75282645256743,-0.5188769489981518,0.19041466187477443,-2.7249842206971935,0.006430456021411879,0.008659182443026948,yajD
b0411,838.9957935078402,0.03626992945566379,0.13131187370100356,0.27621210811636293,0.7823851579281226,0.8054395381664162,tsx
b0412,255.7679036672362,-1.9756730020883158,0.22846702582577708,-8.64751924242631,5.263102962079563e-18,1.5739252200458042e-17,yajI
b0413,756.4513136115517,-1.4091715671228278,0.127422300486562,-11.059065499068113,1.9815120938526269e-28,8.568385301708511e-28,nrdR
b0414,1662.2273419543747,-1.091516162036121,0.12122089161543709,-9.004356819110543,2.169336292761886e-19,6.865146197511015e-19,ribD
b0415,737.3520452285812,-1.231006926196157,0.13405981934930322,-9.182519655562666,4.2112020266983443e-20,1.3660804216305168e-19,ribE
b0416,674.2156194958421,-0.7486166829102725,0.14064167515225964,-5.322865232512447,1.0214542144203252e-07,1.9076968399992668e-07,nusB
b0417,302.26196063666885,-1.2312731309904863,0.14829930464844437,-8.302622415589338,1.0183813133638488e-16,2.897811597561514e-16,thiL
b0418,1126.0608298347872,-0.5934561913305001,0.11678827668563697,-5.081470573694024,3.745240376100919e-07,6.776222003944203e-07,pgpA
b0419,2524.203298007463,-3.1477179367879,0.12430741142708489,-25.32204556953758,1.8266468013068986e-141,7.115840017126519e-140,yajO
b0420,935.9570729920164,-0.9968005553919855,0.1311702433162551,-7.599288757806689,2.977627011411239e-14,7.778940121206097e-14,dxs
b0421,822.4875967219162,-0.9270825169335961,0.16438912713015874,-5.639561041038669,1.7048420935161054e-08,3.3383963058976404e-08,ispA
b0422,311.43805111911786,-0.956424173521192,0.16689134548963871,-5.730819478476616,9.99465906816995e-09,1.979149312554391e-08,xseB
b0423,663.2067812071979,0.3867058360097511,0.14571610695143142,2.6538304110652904,0.007958381323487982,0.010603146061136227,thiI
b0424,308.38415127809157,-0.9925610235618694,0.1455001606358493,-6.821717716491067,8.995830285270419e-12,2.1074850939734102e-11,yajL
b0425,518.8235179066588,-1.6128340433181252,0.14774164313087734,-10.916583903763625,9.60404150892154e-28,4.065095261756982e-27,panE
b0426,1271.674735414292,-1.571472057361294,0.14963434219527436,-10.502081502857857,8.449606011627275e-26,3.3721818370973042e-25,yajQ
b0427,350.4416142051016,1.3943451916049951,0.14306757793763047,9.746059950863586,1.9176703735991512e-22,6.79676729837638e-22,yajR
b0428,3689.016285882206,-2.736430018765694,0.11597409739959148,-23.595182718579476,4.318985582757115e-123,1.2426257866207072e-121,cyoE
b0429,423.33908268215424,-2.598305353393531,0.15291077645410162,-16.99229716601073,9.364858355375068e-65,9.885876853803608e-64,cyoD
b0430,854.6874847122771,-2.1996025598866815,0.12442545416536932,-17.678075395756803,6.187248396136246e-70,7.167438799945199e-69,cyoC
b0431,3954.315849232828,-1.437867490959418,0.1260033949286242,-11.411339287912927,3.6703406322254174e-30,1.6742838821819987e-29,cyoB
b0432,2174.880768517575,-0.6595408734173017,0.18020472250689595,-3.659953325540971,0.00025226119334183374,0.0003814926530913106,cyoA
b0433,308.87526836571897,-0.14485407467399708,0.1794867840341053,-0.8070459084412172,0.41964003424977003,0.4569021594774889,ampG
b0434,315.97242235744187,-0.30765258127343426,0.22566882917196332,-1.3632923182270689,0.1727904020453206,0.19885577772640553,yajG
b0435,4960.192077424154,-2.993789421598208,0.1773616727478111,-16.879573671224048,6.360247070291139e-64,6.572255305967511e-63,bolA
b0436,3598.80224635758,-0.9547331790960091,0.12012757282645214,-7.947660613065982,1.9006650244297438e-15,5.145588829975235e-15,tig
b0437,3750.8350074821833,-1.9807764802530141,0.11606242278029312,-17.06647537422716,2.6364372648457362e-65,2.8306333755733976e-64,clpP
b0438,8246.673806501267,-1.7949968667225917,0.14535732597567508,-12.348857236290772,4.940825450870075e-35,2.6459262329355316e-34,clpX
b0439,4725.969965395495,-0.7807970107115206,0.1349197774650231,-5.787120505101161,7.160321343102295e-09,1.4333667372594951e-08,lon
b0440,3801.0516871991517,-2.0402634522716063,0.17049606790639096,-11.966630534797972,5.314326215036958e-33,2.6613952216828997e-32,hupB
b0441,2863.5465787761236,-0.2429833654222962,0.1112235493397442,-2.184639555783979,0.028915285245629585,0.03635677967759538,ppiD
b0442,108.89060299054354,-0.4368691763502584,0.233176222381178,-1.8735579978480796,0.060991371804275975,0.07420785480442864,ybaV
b0443,202.06618582287422,0.28472392629833965,0.17435358921724345,1.6330258962640307,0.10246355034010574,0.12134639456474185,fadM
b0444,253.8761049480507,-0.8994156526363323,0.1565000033099989,-5.747064751524309,9.08059624706428e-09,1.805455495915852e-08,queC
b0445,318.94941230932426,-0.594331364546883,0.17337116400723027,-3.428086602233904,0.0006078515197581866,0.0008949038093563671,ybaE
b0446,398.99416938298924,-0.9415505846972324,0.14465287241688898,-6.509034829143852,7.563518653026378e-11,1.6815459146778848e-10,cof
b0447,504.46647573088467,0.19683766676605094,0.1679999582203666,1.1716530697457541,0.2413363720077537,0.2723308663363578,decR
b0448,796.8860871474266,0.8573911108435711,0.13382659641881323,6.406731799113737,1.4867200853120007e-10,3.252754381482817e-10,mdlA
b0449,693.7317963997795,0.9189746767512673,0.1587674244238061,5.788181549750412,7.115248598014789e-09,1.4249920076642902e-08,mdlB
b0450,21.76756767304943,2.0528268904783302,0.4419887950025773,4.644522471358939,3.40863948333018e-06,5.831648272685367e-06,glnK
b0451,282.75689576809583,1.4198767204859928,0.15531692497976538,9.141802934039376,6.141968148217339e-20,1.977830562432533e-19,amtB
b0452,510.0661506128094,-0.051316179974332375,0.13113141278249987,-0.391333997594059,0.695550372093882,0.724175198192353,tesB
b0453,1396.5995345328693,-2.237588325385734,0.15949829111052177,-14.028917236707153,1.0372308905780565e-44,7.067941765208366e-44,ybaY
b0454,584.9652561518213,-0.6637996018538459,0.1294231901837798,-5.128907739882291,2.914281147978943e-07,5.305486192474485e-07,ybaZ
b0455,2.533253937701618,2.5145330545352524,1.3947259649610253,1.802886816268255,0.07140599191076498,0.08618842237213803,ffs
b0456,53.14363167317165,-0.03330184841094279,0.29344090743079243,-0.11348740944988041,0.9096441443965467,0.9171446458162158,ybaA
b0457,599.6194511630453,-0.36631858975955156,0.12762464914388663,-2.870280876122578,0.004101073307105344,0.00562396408033574,pdeB
b0458,802.7468843049013,1.2440823370773493,0.18113398146952897,6.868298962923384,6.497195100087768e-12,1.5335470686641477e-11,ylaC
b0459,525.2910100273406,3.1390615066260463,0.15706865839474649,19.985282479060373,7.396742575143412e-89,1.2059429931770851e-87,maa
b0460,296.2890916907573,0.6591627233581127,0.19039810748420394,3.4620235046863534,0.0005361303309922831,0.0007914383048932538,hha
b0461,632.4768932695348,0.714472711363598,0.22039923318072419,3.2417204953600756,0.001188104848588279,0.001713081409592402,tomB
b0462,3150.554030547531,-0.722188680207095,0.11695655438603078,-6.174845727956506,6.622810665295307e-10,1.3995973379083023e-09,acrB
b0463,968.4923460569581,0.7111486755640084,0.1217186705027143,5.842560328886848,5.140456096628326e-09,1.037043434342708e-08,acrA
b0464,111.4901028963191,-0.12417482307344878,0.19477622022969265,-0.6375255815469355,0.5237825523194294,0.5618666891238122,acrR
b0465,1943.8624678817869,0.6811587844932985,0.12659995970100962,5.380402854013438,7.431933628115012e-08,1.4052994772750121e-07,mscK
b0466,100.70358196685817,0.4291224355200375,0.2040400535057253,2.1031284208519208,0.03545454518155133,0.04421272178163993,ybaM
b0467,246.2339041788181,0.579894344842278,0.15686615373649018,3.696746117817148,0.00021838053955061906,0.00033228867442164714,priC
b0468,167.86984341560932,-1.6157252533827868,0.17883985296582006,-9.034480998435985,1.6478249768035398e-19,5.226027051793359e-19,ybaN
b0469,495.8441224514792,1.5628155096935543,0.159043439290669,9.826343775409313,8.670978729286997e-23,3.120985148513603e-22,apt
b0470,1708.5859218018566,-0.4362487573351366,0.13446311259642255,-3.2443749732649225,0.001177086792315292,0.0016977510025464994,dnaX
b0471,357.9803640885366,-1.6260547864527863,0.14039370763413891,-11.582105878208075,5.078299170517553e-31,2.3908741121516866e-30,ybaB
b0472,571.2392703682373,-1.0636999318859153,0.1334173896843697,-7.972723303928732,1.5521542990477258e-15,4.215042087851998e-15,recR
b0473,2913.1265489096563,-2.2938703931041635,0.1236673986452284,-18.548707405778934,8.353676967465247e-77,1.09769808987409e-75,htpG
b0474,1090.470423998759,-0.4334386388595797,0.1326872089294874,-3.266619611313985,0.001088398180597896,0.001573958209918508,adk
b0475,707.2342950555654,0.6743244906161051,0.1402097834887638,4.809396846905083,1.5138639307219262e-06,2.65287779579535e-06,hemH
b0476,192.13522319672813,0.8672349578816879,0.20159103429060235,4.301952023479033,1.6929997444137058e-05,2.774603453056267e-05,aes
b0477,578.4228715697508,0.14338510673632857,0.16575728968357917,0.86503047323012,0.3870220633360699,0.4232582766151083,gsk
b0478,1781.1003846422516,-0.34909439270648124,0.12348726547682366,-2.8269667431578194,0.004699120785024207,0.006410142452952142,ybaL
b0479,331.286817263254,0.45138965435567097,0.1607257480401543,2.8084464366151205,0.004978116289128563,0.006769746031740481,fsr
b0480,1021.4804483685639,-1.1014834125034454,0.11521410615501856,-9.560317301957962,1.1739622035220494e-21,4.0499855955360984e-21,ushA
b0481,122.62328528062817,-0.038740555103992866,0.194709520984688,-0.19896590011661233,0.8422894190251589,0.8598696712775393,ybaK
b0482,223.334746263757,-1.0653446333618972,0.1648152086846547,-6.463873339506241,1.020563058949615e-10,2.259818201959862e-10,ybaP
b0483,383.9870023173543,-0.5721326793418352,0.1870669416705537,-3.058438194544423,0.0022249396948459134,0.003131133163910394,ybaQ
b0484,4950.827713956428,-0.27212920053474543,0.11443176129106937,-2.378091514667469,0.017402506343694817,0.022432161910671915,copA
b0485,1010.0338772920522,-6.157690589011812,0.20667696595607013,-29.793792261884906,4.701349810134859e-195,3.7627894298570265e-193,glsA
b0486,4436.027603620048,-5.64208070197936,0.14422205442577085,-39.12078998211236,0.0,0.0,ybaT
b0487,1407.7430923157456,-1.1469563153875897,0.1218128141510179,-9.415727921412655,4.698155983875985e-21,1.5847726161702747e-20,cueR
b0488,706.2463451119849,-0.8026439203505535,0.12877724866344387,-6.232808424477552,4.581463240084194e-10,9.785347492892101e-10,ybbJ
b0489,1385.43577524999,-0.9792866180810482,0.14727230010896525,-6.64949632318151,2.9409769471883864e-11,6.707865555193407e-11,qmcA
b0490,106.35113841227435,-1.501275952450754,0.2209653095608788,-6.794170340286529,1.0893761066698223e-11,2.5386096461411105e-11,fetA
b0491,157.41164659783024,0.24504997258241662,0.1816838388520243,1.3487714379593334,0.17741039149600735,0.20401268112994364,fetB
b0492,1286.320921942903,-0.6404984092351168,0.11088278705711778,-5.7763556114907555,7.63359501964114e-09,1.5260256710472434e-08,cnoX
b0493,339.7011777907633,0.07860111649824497,0.14160766841683423,0.5550625709539677,0.5788518629332353,0.6156332207374008,ybbO
b0494,194.88978626092856,-0.19959053598387078,0.16524490770072875,-1.2078468181624369,0.22710618908019664,0.2573285570993631,tesA
b0495,693.1897879470562,1.448786431709425,0.13628115288916764,10.630864217062124,2.1411903319349497e-26,8.687115060993224e-26,ybbA
b0496,811.5295361716961,0.9162652509930355,0.1646613375054019,5.564543959585998,2.6283886660549805e-08,5.099236186855013e-08,ybbP
b0497,379.74115000861747,2.2668985058875655,0.18562647125935353,12.212151049945355,2.6771621189047147e-34,1.3930103602149592e-33,rhsD
b0498,4.4772423362708045,2.2494911800738406,1.0047891515514116,2.2387693742518895,0.025170925946741175,0.03186724648189665,ybbC
b0499,3.367370878996374,4.9870396116496805,2.106151179110708,2.367845034635826,0.017892028245218836,0.023042922274854685,ylbH
b0501,7.169759072330254,4.15522324367562,1.162732710347079,3.573670205283271,0.0003520122451571839,0.0005277785773780394,ybbD
b0502,43.553670099910484,-0.579159965325161,0.3024564306608437,-1.9148541958910963,0.05551110060090938,0.06785889054296114,ylbG
b0503,189.1623919683094,0.24923567774635116,0.17277322122259553,1.4425596512161096,0.14914455649494276,0.173045423745582,selU
b0504,21.61160518924505,1.9606279966575055,0.43865767830334557,4.469608292828445,7.836297587044986e-06,1.3081297678487688e-05,allS
b0505,52.56021212143555,1.8865806685687347,0.2974354918093797,6.342822966728548,2.2559261770305684e-10,4.891914793738208e-10,allA
b0506,2406.182716054655,-1.2598519163251338,0.12708527034146783,-9.913437748843856,3.639047317636253e-23,1.3271819629026335e-22,allR
b0507,72.66024312571255,-0.6362382050075598,0.2658734261182947,-2.39301164579148,0.016710710666829463,0.021616382120300707,gcl
b0508,13.928165257846317,0.317009891874569,0.5629220399061592,0.5631506130536575,0.5733323292998247,0.6110088524770687,hyi
b0509,30.101233286651336,1.8623588716788755,0.3898644353617996,4.776939630183453,1.7798317869180603e-06,3.104128179878487e-06,glxR
b0511,33.566973989238036,4.821562175792859,0.672463961519819,7.169993414808084,7.500137421973228e-13,1.8506505006460845e-12,allW
b0512,75.37950380857238,2.574135585744151,0.2799470632010924,9.195079799408685,3.747163643795915e-20,1.2236657537084287e-19,allB
b0513,48.75680015188626,0.2697247101484868,0.27988598159277184,0.9636949611178831,0.3351988813546526,0.3708332434589547,ybbY
b0514,140.90569437022052,2.2992219550681403,0.2222947711354745,10.343122077607983,4.496451421867101e-25,1.7533891160418327e-24,glxK
b0515,66.72491273588183,1.5031493405131564,0.25536915387026393,5.886182092598414,3.952188656609567e-09,8.013604084014425e-09,allE
b0516,54.32594792314319,1.6719539282761575,0.29159199884112924,5.733881364787048,9.815800133821424e-09,1.9446063091395998e-08,allC
b0517,23.660037942214263,1.623194177914075,0.4142452284457856,3.9184378393546444,8.912470627367374e-05,0.00013907371748199637,allD
b0518,75.59309497584537,3.6474726549063345,0.33090237500826847,11.022805910097178,2.966646942397333e-28,1.275310531292291e-27,fdrA
b0520,39.89081834841331,1.9024865829829791,0.34412127032045253,5.528535278308563,3.2291549552603144e-08,6.220892828470855e-08,ylbF
b0521,62.160162756394065,1.4697090807993642,0.264456922905063,5.557461172332301,2.7372684834532678e-08,5.299209619240864e-08,ybcF
b0522,410.27581865035677,0.6664744977351144,0.13034779657521867,5.113047671277801,3.1700225708174067e-07,5.761535655135518e-07,purK
b0523,137.02377846760797,1.2231404931817333,0.19055545215826505,6.4188165666645896,1.3733777066033808e-10,3.0077655047104886e-10,purE
b0524,149.76775779370806,0.2826655303812955,0.17868970357526376,1.5818792282132657,0.11367714370417771,0.13379860603898136,lpxH
b0525,808.3808879039785,-2.392827442004484,0.12118901633513672,-19.744590016205322,8.928656193401142e-87,1.3888319633693226e-85,ppiB
b0526,580.3244569543131,0.003825743890550595,0.14507578726048853,0.026370657452861802,0.9789616979681868,0.9820850944521328,cysS
b0527,175.49047940875633,3.907131384782773,0.24597475743040614,15.884277824273173,8.143037720764771e-57,7.270923336066232e-56,ybcI
b0528,55.998368828772534,-0.311586122154229,0.26112177999133773,-1.193259796883145,0.23276764233362035,0.26313383707051796,ybcJ
b0529,930.3832038610022,-1.279906455417023,0.11568835331763978,-11.063399371783321,1.8880350152806804e-28,8.172202691509888e-28,folD
b0530,21.31452118641042,1.1678226690340048,0.43599719813150256,2.678509573086233,0.007395061821895199,0.0098855335985371,sfmA
b0531,6.508098381479146,5.941060938266163,2.0428716840176584,2.908190947451993,0.0036352629540186594,0.005007017372837966,sfmC
b0532,381.0301935873826,6.2297453978974575,0.3127106985646295,19.92175332181647,2.635974275759715e-88,4.189010383355331e-87,sfmD
b0533,39.85613536283263,7.58001673168816,1.4144098043457072,5.359137576958897,8.362016097507823e-08,1.5737321445587617e-07,sfmH
b0534,13.167846562971347,2.7373869502417865,0.6312800898401569,4.336247878394051,1.4493549402510385e-05,2.3841780444637787e-05,sfmF
b0535,10.12310620291605,2.6910723003549974,0.714510222789433,3.766317422092447,0.0001656731363871884,0.00025384376831757863,fimZ
b0536,26.210698288231388,3.3786126852878726,0.527022744107887,6.410753089996124,1.448025499733577e-10,3.169670934772355e-10,argU
b0537,186.51253682797278,-0.22878975871009385,0.1706445128703983,-1.3407390302895699,0.1800051976603182,0.20678050107012544,intD
b0539,5.784214806556601,2.3421940130198173,0.8986038407443162,2.606481195406166,0.009147784679681912,0.012140050696400295,exoD
b0540,0.0,,,,,,insE3
b0541,0.0,,,,,,insF3
b0542,9.738374187119524,1.9976749157348113,0.670661026752191,2.978665579255363,0.0028950656164150137,0.004027837813988271,renD
b0543,49.449801246237946,0.8774810094239311,0.2907280049093146,3.0182197607610575,0.0025426444612449187,0.0035555021977128755,emrE
b0544,12.376979545912812,2.6299513779640544,0.6560912813200623,4.008514444320256,6.110190214249842e-05,9.64052233803864e-05,ybcK
b0545,82.3408027818958,-2.3779207555511217,0.24577579164892813,-9.675162633380099,3.8447985517328926e-22,1.3496653289256933e-21,ybcL
b0546,150.72955090831042,0.053905423241786925,0.19833647024144832,0.2717877512701735,0.7857852238990004,0.8083726467874269,ybcM
b0547,8.124519210823598,5.265244158161992,1.50280288147825,3.5036159585898394,0.00045898677139394827,0.0006800605074642075,ybcN
b0548,0.16307325132683156,0.526843880849337,4.426109897033248,0.11903090820281534,0.9052508686458666,0.9129242437065532,ninE
b0549,6.812884325880272,5.001361749622126,1.495330904717651,3.344652166181562,0.0008238582242686853,0.0012028603327465183,ybcO
b0550,12.314354254011226,6.854309185153849,1.986436642922065,3.450555148374178,0.0005594348565978647,0.0008247261348773611,rusA
b0551,29.794385210835788,3.5470695702462867,0.5357478502601521,6.620781713867589,3.573042710745808e-11,8.0741961050837e-11,quuD
b0552,0.0,,,,,,insH2
b0553,685.5096128603909,-3.35676800312973,0.18482652463736593,-18.161722240440266,1.0371927703497691e-73,1.2970802770112738e-72,nmpC
b0554,5.8163962085045355,3.1776398259953793,1.0705210786348307,2.9683113106447436,0.0029944088689034397,0.004160791616449792,essD
b0555,7.202536315975322,1.4392602531351961,0.7505604784345219,1.917580654042865,0.055164205118689115,0.0674535641479082,rrrD
b0556,1.7487658368749655,4.02778467557161,2.2378966274075824,1.7998081887443858,0.07189093051271565,0.08674996604083726,rzpD
b0557,118.62890831233648,4.701274750265822,0.3666840535415653,12.821050451633319,1.2499552240666699e-37,7.099745672698685e-37,borD
b0558,3.528670588334325,5.051874466213975,2.104449215391104,2.400568485695248,0.016369627272115196,0.021206327031151,ybcV
b0559,25.093336307437337,3.061832082506934,0.49460052851606773,6.190515185443168,5.996788987820267e-10,1.2709612481648923e-09,ybcW
b0560,0.26257637746689194,1.3204947578246937,4.099698946035331,0.3220955429182662,0.7473803147463765,0.7726557410788044,nohD
b0561,3.18881471139756,1.6605190967013592,1.0698028263756605,1.5521730320408305,0.12062082699138259,0.14155502010558949,tfaD
b0562,36.61043818578303,2.714971993554422,0.4126016679226821,6.580128498324886,4.700418628591881e-11,1.0556756532174214e-10,ybcY
b0563,8.63870139222598,0.7155887526675929,0.5993025764799655,1.194035835571808,0.2324639505009647,0.2628580298241065,tfaX
b0564,29.57982427475666,-1.658789808154818,0.3542307838846587,-4.682794052972364,2.829908022054141e-06,4.87945754527314e-06,appY
b0565,212.39347208563763,0.8101851858320234,0.16385369674023673,4.944564583833831,7.631423923459094e-07,1.360061866844815e-06,ompT
b0566,23.595875475204654,0.8013045592448177,0.4178662329083736,1.9176102210214276,0.055160453150075305,0.0674535641479082,envY
b0567,78.48062149053358,-0.12627787893899353,0.24255559664889145,-0.520614163035725,0.6026355810284665,0.6389214421212209,ybcH
b0568,582.9848061349561,0.3831015954947412,0.1291079004429503,2.9672978507153767,0.0030042976648646633,0.004169268070849385,nfrA
b0569,644.9195634297154,2.359541410031894,0.14787714489296247,15.956092550608783,2.5841161525655457e-57,2.3454184131120686e-56,nfrB
b0570,131.52382433654495,0.26065619232831255,0.22063409666833794,1.1813957872528502,0.2374455307921719,0.26807777033781505,cusS
b0571,225.3088325841726,0.8072877751056817,0.16760502766357946,4.816608346177346,1.4601889432617302e-06,2.5618779307445743e-06,cusR
b0572,39.29229981489387,4.00850517436085,0.49198989583615305,8.147535565843814,3.7141567223252524e-16,1.0367608047987166e-15,cusC
b0573,7.807685288710601,2.502303152721348,0.7814362541845378,3.202184617518941,0.0013638955678783988,0.001956932297848993,cusF
b0574,84.15863442971035,4.536742133928204,0.3932786317201899,11.535694461925425,8.718075971693998e-31,4.0653570368005276e-30,cusB
b0575,306.77084585562756,2.854637276421044,0.16884395311167041,16.906955942526633,3.998349017922558e-64,4.1609296399279197e-63,cusA
b0576,1035.44881444207,3.430248681179323,0.13218940521947725,25.949497809480256,1.8421848602049282e-148,7.873104616137956e-147,pheP
b0577,689.0628454864451,1.7903365950030414,0.1211914772236618,14.772792906046783,2.194282347368332e-49,1.653977892656746e-48,ybdG
b0578,487.4911340195343,-0.15751185679333515,0.13068761301222673,-1.2052546768805,0.22810500049283333,0.2583272992460644,nfsB
b0579,112.31435780459644,-0.6587036209818055,0.20045770847622546,-3.285997959314837,0.0010162174617255628,0.001471509627143397,ybdF
b0580,91.92931668986832,-0.8736618079870396,0.23637320655181085,-3.696111842505047,0.00021892655847889788,0.00033300439199174443,ybdJ
b0581,1193.0278262678385,-3.4617783183375375,0.15203122398899666,-22.770179884811593,9.05735441365026e-115,2.265367848232298e-113,ybdK
b0582,0.0,,,,,,insL2
b0583,38.62872881765289,2.370555037254899,0.42844236477921693,5.532961331861949,3.148689056446757e-08,6.073851545345585e-08,entD
b0584,311.1276979754749,1.277491160396223,0.20174651113644285,6.332159863385419,2.41752807477804e-10,5.237184343096916e-10,fepA
b0585,71.16152581499894,0.8050275384172281,0.28754813241360694,2.7996270803779137,0.005116167398441935,0.006944609586167561,fes
b0586,650.545464604783,0.5397906404585007,0.22339064829791014,2.416352898258501,0.01567685923815389,0.0203808429906537,entF
b0587,13.981795003307347,6.05415042431255,1.444312728995415,4.191717141843295,2.7685103480755665e-05,4.480508291260531e-05,fepE
b0588,62.58196723334968,0.7826173617030616,0.2699281102158071,2.899354798866114,0.003739314952098165,0.005142288165928185,fepC
b0589,119.18309466490528,1.8291436462013373,0.2465025546522456,7.420384136715373,1.1678112953649963e-13,2.9870455097017515e-13,fepG
b0590,292.154156811472,2.0745623496185543,0.19158454713701334,10.8284430066007,2.5241064269477667e-27,1.0561897805536188e-26,fepD
b0591,416.9959227810766,2.350193641733197,0.20808128892941963,11.294593828330107,1.3954770240388503e-29,6.249124984556479e-29,entS
b0592,149.58625798975865,0.6384689886225838,0.21705432451979187,2.9415170143931673,0.0032660889961206576,0.004516909758379873,fepB
b0593,194.84607049157728,1.8008668013647717,0.2212293512181248,8.140270680399803,3.943951645462594e-16,1.0988148824890087e-15,entC
b0594,131.86287331892612,-0.42000734726790634,0.23934829827020895,-1.754795627557564,0.0792942717773366,0.09492885079244921,entE
b0595,127.00292841651806,-1.5753540904908254,0.2868822626223782,-5.491291361447664,3.990054826056687e-08,7.643264292559416e-08,entB
b0596,129.5672062461239,-0.5466617997407736,0.2613494116993907,-2.0916894214001704,0.03646630742904956,0.0454229443414477,entA
b0597,76.72505607679665,-1.0050527444730255,0.2975679715287405,-3.3775568630912045,0.0007313283070955857,0.0010716735046054488,entH
b0598,8081.7812597869115,-0.832093491616862,0.14501165734649213,-5.73811448571097,9.573639391040401e-09,1.9000523263913367e-08,cstA
b0599,564.0239668388308,-0.09548655890594251,0.20227050430179813,-0.47207356918175075,0.6368742774410486,0.6713411324941323,hcxA
b0600,724.098547779669,-2.2294368818242227,0.26068367842560186,-8.552268769908798,1.2069233670495109e-17,3.563297559860461e-17,ybdL
b0601,29.0025436961419,1.478772585503939,0.3806126945187574,3.885242417817102,0.00010222783017225941,0.00015901304184391728,ybdM
b0602,16.69693036869613,1.6298845658610859,0.48823571998411364,3.3383148736313673,0.0008428817520019873,0.0012294120186589624,ybdN
b0603,7.3939664539575825,1.5085107070362214,0.7086345583311935,2.128756901990082,0.03327437833544596,0.04158824912908379,citR
b0604,99.7179281021118,-2.444678346193107,0.22578717636031434,-10.827356919030047,2.5542172574184606e-27,1.0677743938419814e-26,dsbG
b0605,16426.11606975335,-3.9655003002007487,0.12514453120095953,-31.68736389952887,2.3198492593876816e-220,2.490725960932823e-218,ahpC
b0606,3284.1718995065094,-2.2026863385535975,0.10940167989197054,-20.133935244217966,3.722272159667823e-90,6.2539855140678464e-89,ahpF
b0607,2538.8072489781543,-0.6880865131360914,0.1827124734429769,-3.765952593000377,0.0001659152740829127,0.00025412631750625666,uspG
b0608,396.8407601552658,-0.5643204171436634,0.17891888787966706,-3.1540572593051244,0.0016101749014881352,0.0022983106084146472,ybdR
b0610,377.1299023672236,-0.919821968744865,0.1439769815620326,-6.388673791918322,1.6733057983906855e-10,3.6519048708556257e-10,rnk
b0611,445.87693642121735,-2.843183895012175,0.16742387330883463,-16.98195029670327,1.1171129315203967e-64,1.1764428527638245e-63,rna
b0612,52.98095658048339,1.942941360442362,0.31517830928464374,6.164578282218188,7.067122901740978e-10,1.487068595289856e-09,citT
b0613,3.302171288913153,1.7630937598803595,1.1279658017202818,1.5630737715553364,0.11803524400321255,0.13870559105769933,citG
b0614,8.534326675781395,2.120936692150918,0.791514179502075,2.6795940579171362,0.007371149115213244,0.009856560876418195,citX
b0615,25.79993133251847,2.7873410244007375,0.45943263541396934,6.066919956370141,1.3038649690815767e-09,2.712482794847401e-09,citF
b0616,5.120930802240235,5.586905540567688,2.048222187761981,2.7276852940804726,0.00637804250417578,0.008591231059786347,citE
b0617,0.9381936666097026,3.15539783191046,2.625515097997839,1.2018204863177888,0.2294330864376627,0.2596977234503963,citD
b0618,3.3307917300340932,4.975018090798206,2.108923715463091,2.359031791581783,0.01832268599226781,0.023535589068562273,citC
b0619,258.99644421615636,1.920027381141288,0.15785347069052116,12.163352333922312,4.8717620832033e-34,2.508245226931103e-33,dpiB
b0620,70.8894165349249,2.390575926253871,0.2991687215451174,7.990728154692302,1.341440607891949e-15,3.654097497487846e-15,dpiA
b0621,373.9939865642059,-1.111768194810795,0.2761067570129827,-4.0265881459703605,5.65920303713735e-05,8.944995249363956e-05,dcuC
b0622,331.9423479579298,-3.8527384558670925,0.18670540584603795,-20.635387810057086,1.320816508466893e-94,2.4025761447401914e-93,pagP
b0623,15015.488609740976,-1.2090950039821313,0.17259975475210815,-7.005195376544203,2.4664140915932335e-12,5.962193756833286e-12,cspE
b0624,120.62883935653501,-1.1351341962271935,0.21094125948749176,-5.381281021006248,7.395763202799851e-08,1.399061006391274e-07,crcB
b0627,740.2092413303077,-1.1152300514043727,0.13546526006647505,-8.232590782737292,1.8320720829589363e-16,5.179692555674526e-16,tatE
b0628,1305.4387431585549,-0.8621336265736355,0.12351745386673155,-6.979852640937932,2.954898337564499e-12,7.115679694725889e-12,lipA
b0629,21.571221738744963,3.061010063765064,0.5326904062320849,5.746320992369121,9.120608980025574e-09,1.8125923580168204e-08,ybeF
b0630,209.42015860177182,0.15459840838944142,0.16184515902547647,0.9552241742683552,0.3394643432819303,0.3750808331142212,lipB
b0631,1346.1728563877873,-2.3480605700035984,0.16954317486683018,-13.849337030805941,1.2839160273668805e-43,8.524582733739078e-43,ybeD
b0632,473.7556223054362,-1.525754390208179,0.16662924955926375,-9.156582018125969,5.356708393268529e-20,1.7325665207324074e-19,dacA
b0633,602.8149515200295,-0.8572539536397946,0.12130806161302608,-7.066751724831308,1.5860233968427617e-12,3.8701080891917056e-12,rlpA
b0634,300.28971633929467,-0.28847116693988334,0.13946238479682424,-2.068451413333728,0.03859759489553543,0.04796911708925662,mrdB
b0635,760.2681952587795,1.6082408286930212,0.12164158165551246,13.221143681340319,6.624889131080717e-40,4.0169093601952225e-39,mrdA
b0636,338.87225356907305,1.7341261197334437,0.17713132514641666,9.790058976299171,1.2422340846340387e-22,4.442172575596294e-22,rlmH
b0637,423.62398163339435,0.7321811059569563,0.14658925476201345,4.994780191397022,5.890281668766791e-07,1.0562136242022541e-06,rsfS
b0638,62.625449628075415,0.590749392536414,0.25855565085889504,2.2848055750242002,0.022324230625140003,0.02845143694611068,cobC
b0639,125.46636193422266,-0.5471553476272912,0.1893461010472902,-2.8897101371558547,0.0038559719503743115,0.005294444331112826,nadD
b0640,343.9718265764363,-0.6271063187671756,0.14371439278656362,-4.363559603236942,1.2796305553401558e-05,2.110503448710141e-05,holA
b0641,761.9673916009853,-0.39671959268872126,0.13281954343825908,-2.986906764011997,0.0028181565540516965,0.0039251284382341356,lptE
b0642,4556.823336672846,-1.0248630462934563,0.10318088755981382,-9.932682985493262,3.000708297319571e-23,1.0961923589046268e-22,leuS
b0643,2707.0605413510925,-2.759382895802341,0.17480815172135009,-15.785207203614211,3.9335549607979454e-56,3.428813650976744e-55,ybeL
b0644,48.44145560011984,0.7190287305879581,0.30062108167275003,2.39181073591731,0.016765485347470226,0.021674498237757397,ybeQ
b0645,14.810192711147502,6.143449041659916,1.4440249660146423,4.2543925390813655,2.096172967637971e-05,3.4124827675822296e-05,ybeR
b0646,33.76482837885708,6.440844475216794,1.058589833546769,6.084362678637263,1.169555917271646e-09,2.441149904139301e-09,djlB
b0647,12.36905292965202,5.877521286410125,1.4530828979146249,4.044863025258354,5.235372488632994e-05,8.286986585747012e-05,ybeT
b0648,23.72512735660011,3.8595514209356745,0.6326634059545378,6.100481527159824,1.057494038175186e-09,2.210393521389919e-09,ybeU
b0649,147.1971190057756,2.7970890233513415,0.21372595986049658,13.087268505786852,3.893596454388267e-39,2.328751575029504e-38,djlC
b0650,90.08517974476935,2.291978638235344,0.2446704889289495,9.367613757868927,7.419083060112221e-21,2.481672008405319e-20,hscC
b0651,614.4979734142638,-2.767963166649919,0.1855083241256122,-14.920964758301974,2.407669059759342e-50,1.8561399651594787e-49,rihA
b0652,293.60759630466265,-0.3251966436009379,0.14742592757118544,-2.205830744689837,0.027395852762896262,0.034535092744063384,gltL
b0653,210.6154231249275,-0.001972209075817275,0.19143972107621313,-0.010301984691213214,0.9917803508626218,0.992456718458118,gltK
b0654,290.4681220698873,0.17100161771456743,0.17595017596734805,0.9718752298736039,0.33111262399403885,0.36668120020673184,gltJ
b0655,2189.5304804227685,-1.0543019721908977,0.12488170571903226,-8.442405283628503,3.1087330494886105e-17,9.003054528847936e-17,gltI
b0656,2.637736321119631,-4.027462585081841,1.6634144085867109,-2.4212021756524877,0.015469271103425906,0.020122852067754386,insH3
b0657,1109.7438260016731,-0.27065998728877305,0.1505361701723576,-1.7979731182139063,0.07218126781705232,0.08705258655634639,lnt
b0658,2642.1747895273616,-1.6902901054793675,0.11129195051668683,-15.18789182534751,4.2538172836809665e-52,3.3984217210097305e-51,ybeX
b0659,664.3424209827134,-2.814497761447184,0.14040822489372487,-20.045106072507362,2.2270652636875966e-89,3.685541838628872e-88,ybeY
b0660,1722.8724305834658,-2.3375472072131105,0.12122616842349737,-19.282529816887468,7.530204101967916e-83,1.108627373139223e-81,ybeZ
b0661,1820.8560368195851,0.7226730622048303,0.12090130267026708,5.977380278323133,2.267544559511214e-09,4.668723644045072e-09,miaB
b0662,1216.3284680872273,-1.1644777121168672,0.1240307692792229,-9.38861960531221,6.079172378814925e-21,2.0396735374651903e-20,ubiF
b0664,2.1467783414352066,4.348333739953049,2.274737724469666,1.9115758679242123,0.055930617061928645,0.06835274189522762,glnX
b0665,1.1783526670269906,1.154721545211956,1.9194202363570894,0.6015991304767776,0.5474410078311962,0.5859069575669648,glnV
b0666,0.0,,,,,,metU
b0668,0.0,,,,,,glnW
b0670,0.0,,,,,,glnU
b0672,0.0,,,,,,leuW
b0673,3.2996353973836237,0.488961674707565,1.0834952765392305,0.45128177786740997,0.6517864763636201,0.6850917070087524,metT
b0674,875.3382065013316,0.6388700497838768,0.11523944951070926,5.543848504105413,2.9589486874122395e-08,5.715354156203895e-08,asnB
b0675,598.7679532180508,-0.20227188014622663,0.15143302564520414,-1.3357184094051848,0.1816413298457582,0.20838809850951984,umpH
b0676,665.8909039618666,-2.318373536403572,0.15150832840540007,-15.301954425899009,7.419467473529022e-53,6.070724129828022e-52,nagC
b0677,415.65920722938154,-1.5359316859820715,0.15525053358353946,-9.893245778479692,4.4534951102509645e-23,1.6201888822582433e-22,nagA
b0678,455.5294948736744,-1.9632688437570325,0.17262421882923382,-11.373078801295952,5.694293587304474e-30,2.5788354291475613e-29,nagB
b0679,1913.1355098239485,-0.8588190022284808,0.11225691305997618,-7.650477630447886,2.0023417042579408e-14,5.246612013180628e-14,nagE
b0680,1206.267517499629,-0.8061731633932783,0.11816382705290067,-6.822503836409794,8.946723987878805e-12,2.0970968580746806e-11,glnS
b0681,152.59388126790236,3.6340305615928292,0.25228431285826924,14.404504665473953,4.847809370656046e-47,3.4586802025328873e-46,chiP
b0682,35.28156500043822,-0.2828294863333764,0.33312326485613314,-0.8490235182328763,0.39586820587082083,0.43208823264154556,chiQ
b0683,1313.6867115160255,0.04039742666513083,0.11973204359183275,0.33739862323611464,0.7358164223693002,0.7628506573880498,fur
b0684,595.5594802492593,-1.074849002785504,0.14378865076985237,-7.4752005602020954,7.708619613549127e-14,1.9844060549031146e-13,fldA
b0685,193.13030627714406,2.3364539179547745,0.22475827261142917,10.395407878908763,2.6017141068102257e-25,1.0225665623373762e-24,ybfE
b0686,291.9129508002375,-0.3542153222737452,0.14809380616416037,-2.391830768945876,0.016764570330135373,0.021674498237757397,ybfF
b0687,488.0371494918688,-2.0689660630700413,0.14918723495574968,-13.868251286269336,9.865266907658591e-44,6.5698797167190805e-43,seqA
b0688,2264.046795199704,-1.0463539766004308,0.11052671937361767,-9.46697760080439,2.880578189197182e-21,9.79930849215301e-21,pgm
b0689,12.001927714173528,1.2874506551016014,0.5512955446224974,2.33531844699233,0.019526791201127394,0.025038431362470952,ybfP
b0691,50.189489523847925,7.006774270505933,1.0499922042977183,6.673167897653465,2.5033970556859524e-11,5.7276267355143254e-11,ybfG
b0692,150.33129244470658,1.3954095429300333,0.19097298989937236,7.306842416120224,2.734929797104772e-13,6.895281195220622e-13,potE
b0693,58.56879354662925,2.418433052333341,0.3008381147067247,8.03898486962324,9.058576375161611e-16,2.4922408252163383e-15,speF
b0694,176.04677260795188,-0.08972608938834047,0.16910979850191127,-0.5305788912481401,0.595710626558078,0.631883898339436,kdpE
b0695,1303.168869255239,0.8626258017024804,0.13254998590264136,6.507928279495128,7.619427769851718e-11,1.6931206987827996e-10,kdpD
b0696,69.4573168911328,0.6764060768952375,0.2426723979494661,2.7873218487588014,0.005314566678163807,0.007205282233333892,kdpC
b0697,186.38158083379332,1.1206150870587068,0.17126266940245988,6.543253652232349,6.019460451384569e-11,1.345742250228282e-10,kdpB
b0698,67.40302954764906,1.018323493837195,0.2832540021926496,3.5950895166685135,0.0003242800555926892,0.0004873611487603338,kdpA
b0699,2461.1714804574235,-2.1938409262252043,0.22291694718135457,-9.841517004269758,7.457771353004923e-23,2.6953291868577723e-22,ybfA
b0700,37.617441731264364,0.005265508291386338,0.3090217108384929,0.01703928269990811,0.9864052772519585,0.9877515992864243,rhsC
b0702,4.187748142408085,1.7681525722236429,0.9438881933316243,1.8732648471665145,0.061031821544677796,0.07423655110242378,ybfB
b0703,9.078004653540216,3.0712041660357183,0.8028628320793525,3.825316160273029,0.000130604366456913,0.0002010914379654883,ybfO
b0704,5.958969996541605,-0.4580196041933558,0.7103160012967814,-0.6448110465724787,0.5190496424280326,0.557282079504439,ybfC
b0705,0.0,,,,,,ybfL
b0706,0.9090184776082562,1.8018952641482435,2.034407255641852,0.88571020337801,0.3757737086419688,0.41199398890210376,ybfD
b0707,186.69432378483486,-5.2820527068785355,0.32759584994472507,-16.123686266995662,1.7391821818912412e-58,1.6117642030916305e-57,ybgA
b0708,600.3770385509578,-1.5223568576361428,0.18980451604781853,-8.020656670005717,1.0518133733621747e-15,2.8811963096081478e-15,phr
b0709,99.56122284618961,1.5611999463616817,0.2389168716551866,6.534490157793718,6.382659172266372e-11,1.4254929313199682e-10,dtpD
b0710,802.5974265391095,-1.389114719418831,0.13462658281534598,-10.318279572795387,5.825766838252967e-25,2.2649551569322756e-24,ybgI
b0711,846.9847139245716,-1.9629074398028707,0.13637505927293736,-14.393448848109102,5.688689865500152e-47,4.052040904196063e-46,pxpB
b0712,1212.0354938554112,-1.6688048896544707,0.11093053568511288,-15.04369269784774,3.797616744755627e-51,2.974574539219621e-50,pxpC
b0713,632.0759551512643,-0.9294870222481818,0.1234862628194084,-7.527047956803935,5.1900312267073295e-14,1.3447037939944478e-13,pxpA
b0714,261.9117151550312,0.7218773938220284,0.18209505280508592,3.9642888848535835,7.361506189888552e-05,0.00011544478178799219,nei
b0715,119.09862015892782,1.1087392403621725,0.22987096324840806,4.8233114121683265,1.4119426384821359e-06,2.4782182992816434e-06,abrB
b0716,34.711248802262396,5.460097633573454,0.7672824972913185,7.116150378574826,1.1098320426263277e-12,2.7262726850675754e-12,ybgO
b0717,8.13145510502593,0.8031712325485499,0.7201970652536649,1.1152103657429655,0.26476028510675986,0.2973908586476032,ybgP
b0718,96.05221436239951,5.109087757508887,0.4291183599247694,11.906010636330228,1.1012097959146463e-32,5.458925136955262e-32,ybgQ
b0719,19.377177872052062,3.520721372640331,0.6119205689392979,5.753559450931914,8.73836982223659e-09,1.7421333314078564e-08,ybgD
b0720,5932.607326489849,0.5025203997382535,0.1351371871666809,3.7185944910813835,0.00020033435351943363,0.0003053572798450647,gltA
b0721,984.5794317713131,2.6179513979046334,0.1785712326785141,14.660543910887323,1.1534525973946905e-48,8.605929379205809e-48,sdhC
b0722,150.38079336510432,1.9347240707441784,0.2167231819227512,8.927167152029872,4.370567644340985e-19,1.369340837750108e-18,sdhD
b0723,3782.9336163920702,-0.48799063132662535,0.1697645843018259,-2.874513746984016,0.004046501541524373,0.005552587215021911,sdhA
b0724,2106.861373984944,-1.2943652204018445,0.148034446057534,-8.743675913772028,2.256461100237622e-18,6.8645070927754054e-18,sdhB
b0726,7778.8854816543635,-3.756681629048069,0.12841117281243503,-29.25509943387326,3.867335499339121e-188,2.935174287601864e-186,sucA
b0727,7738.023585833452,-3.468563179566181,0.13285105900534794,-26.108660371510876,2.907142569914977e-150,1.3058409788536457e-148,sucB
b0728,6786.96816413818,-3.993949591752718,0.17516687466068612,-22.800826922837754,4.499332215696609e-115,1.131774880771227e-113,sucC
b0729,5045.045139122155,-3.602607452206816,0.1791085311465112,-20.114103047720683,5.553445080396229e-90,9.259948956024319e-89,sucD
b0730,288.989220100682,0.4381185670708826,0.16770596985430078,2.6124208187192752,0.008990351533006551,0.011941921378483657,mngR
b0731,85.54852256940114,3.592781467550408,0.31838875850101267,11.284259797567511,1.5695722575647842e-29,7.014474190660081e-29,mngA
b0732,339.2068139787047,1.3092426750373887,0.14329499911676125,9.136694812151656,6.439017129642609e-20,2.0704567863175137e-19,mngB
b0733,17252.902749811736,-3.559124197451443,0.11032715654917377,-32.259729234162855,2.5696416065025303e-228,3.1421006532844828e-226,cydA
b0734,7883.904807899341,-3.1680596064333915,0.12083989340526514,-26.21700100155298,1.7008518090044102e-151,7.881210171828857e-150,cydB
b0735,445.18527404814137,-2.5700449471602567,0.14206769628384627,-18.090283818113,3.801244246927283e-73,4.687136463578123e-72,ybgE
b0736,189.92788149001714,-0.033237033258613824,0.17844177085346077,-0.18626262841735977,0.85223881277801,0.8686166366864551,ybgC
b0737,512.013207689953,1.3078649346968527,0.15484079112527918,8.446514159428961,3.001296100371342e-17,8.697633596994502e-17,tolQ
b0738,250.91799429751873,0.8935058032560774,0.15417738600253644,5.795310365693824,6.81949462685339e-09,1.3670043418674236e-08,tolR
b0739,2160.934949865336,1.3420514511948338,0.11090954768464967,12.100414069045735,1.0507980445447697e-33,5.366140362048813e-33,tolA
b0740,4016.2074381676207,0.6042385635118749,0.10959514347999412,5.513369884151616,3.5202731389218466e-08,6.769874337061585e-08,tolB
b0741,2886.9298946563126,-1.7229616364158509,0.10278142760864223,-16.763355758944318,4.523556777387227e-63,4.5881790170641874e-62,pal
b0742,1835.3549745092362,-0.8929762461960038,0.10467964917917176,-8.530562083443439,1.4563834883539376e-17,4.2854278848489527e-17,cpoB
b0743,154.0135963713622,-0.28631674860196793,0.22074244550957187,-1.2970625016906983,0.19460968240564047,0.22193570516829775,lysT
b0744,87.47644473376238,2.874510755904755,0.35727069268397466,8.045750224599072,8.571866393351843e-16,2.359809622484979e-15,valT
b0745,39.67694447420097,2.7817064581516595,0.41202665150944784,6.751277976706016,1.4654851418519784e-11,3.3988754449064323e-11,lysW
b0746,54.87290391487929,2.4236510178779294,0.37709679784784017,6.427132321754376,1.3003362539645563e-10,2.8549028378812854e-10,valZ
b0747,4.327599460150364,3.3688832138768205,1.255042899854282,2.6842773376654843,0.007268678230397837,0.009728404247555876,lysY
b0748,26.468784243036186,-0.6387518146947192,0.45068809945593885,-1.4172812982322074,0.15640070075620793,0.1809693430624484,lysZ
b0749,1.6180909079047276,0.8460510376321567,1.4503965970204442,0.5833239262765805,0.559675258670624,0.5979831283174968,lysQ
b0750,314.5769255594539,0.9866926312396239,0.1512885620873761,6.521924841018475,6.941079661352682e-11,1.547070008570861e-10,nadA
b0751,455.03607052172316,0.07770856245692463,0.15099485993284514,0.5146437600027276,0.6068019800719395,0.6428742036766975,pnuC
b0752,220.5257390687542,-1.2689374515790368,0.18560795648872452,-6.836654395557247,8.106398559493137e-12,1.9041817747539374e-11,zitB
b0753,2171.3512582873745,-5.0668698920438935,0.20704404282392885,-24.47242539768595,2.9049863587064364e-132,9.912984458159482e-131,ybgS
b0754,4215.237792001145,-1.8482251909607428,0.10766843204038964,-17.165896780844903,4.780421111058345e-66,5.221690752079116e-65,aroG
b0755,4289.031080880143,-3.479911927073913,0.13437662690172858,-25.896705456216125,7.253791611143196e-148,3.0123764785143727e-146,gpmA
b0756,1183.0897605752643,-1.2064879405227025,0.10844159492782672,-11.125693432724594,9.407151902079956e-29,4.104091444296924e-28,galM
b0757,558.2120149754975,-2.777053541468286,0.16514552576132532,-16.81579642358456,1.8696297593921214e-63,1.9051181020472497e-62,galK
b0758,525.0276178461485,-1.9342275044268389,0.14653321174180553,-13.19992567852117,8.78216571123121e-40,5.303030653064443e-39,galT
b0759,817.7068088563468,-1.0783012496606428,0.16881209170867803,-6.387583014618918,1.685281262071284e-10,3.676218094964218e-10,galE
b0760,593.2358431110356,1.9383073732911813,0.15596919741177184,12.427501105707984,1.8533779762995845e-35,1.0047499817328536e-34,modF
b0761,276.70764881560274,-0.7875697381351809,0.16414815416943318,-4.797920160114954,1.6032165525921674e-06,2.803877339893016e-06,modE
b0762,121.44711363887579,-1.2830960988179474,0.22746948667288056,-5.640739413384016,1.6932145351808093e-08,3.318579868150455e-08,acrZ
b0763,286.2195725753913,1.390480149949705,0.18531962393352638,7.503145756697987,6.230420579750136e-14,1.607638416885117e-13,modA
b0764,205.3892425988469,0.5089726973904298,0.16289363205943894,3.124570868459171,0.001780646230661444,0.0025317844662053218,modB
b0765,432.5247281480726,1.1715701274362813,0.14749261843657369,7.9432458373507835,1.969580382186337e-15,5.325609854044383e-15,modC
b0766,111.30106606626622,0.6394601709355766,0.20667140620575863,3.09409115985276,0.001974168173594895,0.002794304919667115,ybhA
b0767,1285.0889293688754,-2.3214916538518593,0.13403443046506286,-17.32011428553781,3.3169835260864627e-67,3.7248371127124e-66,pgl
b0768,43.93670980361026,3.4580424054176935,0.4151065939150617,8.330492591802267,8.050667261972238e-17,2.299742847968968e-16,ybhD
b0769,39.683044711167675,5.066546785555754,0.6463918209013477,7.838197547875548,4.570595683941021e-15,1.2253204750735916e-14,ybhH
b0770,102.7958659316782,5.112270123578153,0.4160804183770033,12.286735683259224,1.0672943745091058e-34,5.646910861284957e-34,ybhI
b0771,376.33944644898776,4.527361217979817,0.212047950989144,21.350648270171682,3.845671990877364e-101,7.947722114479886e-100,ybhJ
b0772,587.5862801702375,0.3921104202628323,0.13817948025544335,2.837689210713222,0.0045441404881217595,0.0062083508469000575,ybhC
b0773,479.58819576172556,-3.04238495448604,0.17201571182963862,-17.68666897997763,5.312447076321267e-70,6.17028813455573e-69,ybhB
b0774,119.92696200890725,0.9161172233256952,0.21648569137518484,4.231768009729567,2.3186149490386373e-05,3.767642305525316e-05,bioA
b0775,56.944835167083795,0.2292909143857603,0.27944506351760506,0.8205223291457963,0.4119184053487337,0.448716857298967,bioB
b0776,71.0618313632447,1.3653683508877343,0.248629702712023,5.491573758060521,3.983678889816584e-08,7.634372865900131e-08,bioF
b0777,31.596916633554965,1.4758073807281924,0.3617204863572248,4.079966262322027,4.5042237578726007e-05,7.168327180822556e-05,bioC
b0778,18.08540731368809,0.20950792311946637,0.44934646213922896,0.46625030076358054,0.6410363483822463,0.6750818195164231,bioD
b0779,3753.107875399742,-0.1361295149401038,0.0995952404790868,-1.3668275138980015,0.17167937654830545,0.1977839873241666,uvrB
b0780,379.85481329099485,0.6887503720696935,0.14365309670952267,4.794538982075675,1.6304935788409056e-06,2.84931827473508e-06,ybhK
b0781,860.1762665482867,0.0973856730147455,0.20484457882062618,0.4754124984680315,0.634492987724391,0.6691514451276399,moaA
b0782,256.1862131590475,-1.0451134727931863,0.19428465287501687,-5.37928990956124,7.478020422379447e-08,1.413406865578116e-07,moaB
b0783,162.24637590925283,-1.125035903234814,0.2033180743884604,-5.5333787053546235,3.1412023379268823e-08,6.062066063811546e-08,moaC
b0784,14.874584239086564,-0.8258575520837792,0.4761808984728925,-1.7343357424296024,0.08285852914581986,0.0989536747965,moaD
b0785,164.53916153325727,-0.988053637195282,0.18466314009711504,-5.3505731391530595,8.767610847113748e-08,1.647951449572789e-07,moaE
b0786,1661.6991777359806,-2.0128421734756663,0.1624224997445806,-12.392631418928936,2.8648599487566177e-35,1.5435879430142755e-34,ybhL
b0787,79.66994215491256,2.8585611264070785,0.29503170227493414,9.688996485344623,3.3581187395274206e-22,1.1816497754915832e-21,ybhM
b0788,96.12577296248632,-1.1997188061007136,0.22979897899265034,-5.220731664517466,1.78217612800439e-07,3.281112218935728e-07,ybhN
b0789,236.54894512641036,-2.414751683684117,0.21532075535059308,-11.214672174785616,3.454640845245912e-29,1.5268402611217375e-28,clsB
b0790,193.02774649131663,-2.7095509390630945,0.21291493405322923,-12.725978809855118,4.2412629272162465e-37,2.3632961272918885e-36,ybhP
b0791,2550.5670319822343,0.057634526185725725,0.11092140815123146,0.5195978589376199,0.6033438906928481,0.6395183739055905,ybhQ
b0792,121.05069385840773,-0.8487589746519671,0.19862917291926852,-4.273083163855993,1.9278851064651445e-05,3.148998233268856e-05,ybhR
b0793,198.33012568573224,0.4957256631576673,0.1633321662832831,3.035076766800983,0.0024047447009101905,0.003370164334099541,ybhS
b0794,700.3455992313928,0.9957772785183124,0.1224278309042542,8.13358589434676,4.167745374915554e-16,1.1602439025634072e-15,ybhF
b0795,329.36729735635254,1.1002105584081587,0.16304202810923185,6.748018110220392,1.4987824408789414e-11,3.4724422656574215e-11,ybhG
b0796,237.10761827600564,2.766148883351503,0.1971427921259833,14.031194615443036,1.0044519740261907e-44,6.855190061493475e-44,cecR
b0797,754.3204626084115,2.2499052191594195,0.13925905383402795,16.156258119065686,1.026036502662844e-58,9.569094671020845e-58,rhlE
b0798,105.15790989249875,-1.6553023290293283,0.24504860535437115,-6.7549959186078725,1.4283927711525386e-11,3.316342288298246e-11,ybiA
b0799,2185.4774062376496,-0.3006187923323693,0.10474973478220694,-2.869876405485976,0.004106322698455171,0.005629409068389805,dinG
b0800,926.8247965844779,-0.7973661632938005,0.129175017635367,-6.172758307992586,6.710876043576334e-10,1.4168477862744854e-09,ybiB
b0801,774.8638497341623,-0.5701874977912618,0.14330972101711753,-3.9787077509079523,6.929084984104882e-05,0.00010889622313470079,hcxB
b0802,580.1320377026933,1.8045313549790822,0.22734983400571906,7.937245095739496,2.0672130514620024e-15,5.586170566320279e-15,ybiJ
b0803,151.92165162953646,-2.873982056850974,0.22107690746585879,-12.999919755503214,1.2247172735344893e-38,7.217142487414755e-38,ybiI
b0804,19.684007535187067,-0.4571996122005532,0.4177657550916525,-1.0943922679834048,0.2737829735978973,0.30682869776500016,ybiX
b0805,87.1375691197372,1.4372273873003885,0.2711430453670037,5.300624197663045,1.1540742523315622e-07,2.1435590121365136e-07,fiu
b0806,310.8637007203984,-5.70945737852983,0.27346578652723214,-20.87814147076594,8.461979858011143e-97,1.6337559357440815e-95,mcbA
b0807,672.4979128799736,2.51071204460702,0.1397487927806509,17.965894335472527,3.604222205729623e-72,4.3587324586873075e-71,rlmF
b0808,401.5416257833461,-1.5082171709719905,0.16522091786306545,-9.12848802971786,6.946259863793242e-20,2.2319296292275802e-19,ybiO
b0809,584.8027166028411,-1.45104329205078,0.17357170961338356,-8.359906664990842,6.276789527502592e-17,1.8035527088816195e-16,glnQ
b0810,397.5839434156367,-1.0559817120877995,0.15998386183304888,-6.60055145555724,4.096311769854509e-11,9.228231530654835e-11,glnP
b0811,1760.7156440708525,-2.42207810091175,0.12626014820355552,-19.18323505376294,5.1099866239892214e-82,7.399395104868603e-81,glnH
b0812,29376.983418567474,-6.7167956565306675,0.19044528167082675,-35.26890032455751,1.7610055976261307e-272,3.691403162262013e-270,dps
b0813,156.94189286135048,0.9885212432834016,0.19739053207585117,5.007946596463619,5.501379289498738e-07,9.880486182118909e-07,rhtA
b0814,10734.494061259937,-1.6037429427649286,0.13004055146624113,-12.332637201875173,6.043585038441488e-35,3.2247104653599313e-34,ompX
b0815,653.069689614074,3.5225812685474853,0.1677140175709927,21.00349940669921,6.092819346895892e-98,1.1920262562238096e-96,opgE
b0817,406.31602692860446,0.8972713455761162,0.14687612205347877,6.109034831743532,1.002354527482753e-09,2.0961352161420805e-09,mntR
b0818,677.8897756973671,2.450792332304663,0.1679976670955903,14.588252174419589,3.3363616578943394e-48,2.455963882617204e-47,ybiR
b0819,1828.6953299426411,0.5878567483928749,0.14235638735488107,4.129472230335569,3.635969138010777e-05,5.835047810981932e-05,ldtB
b0820,1912.047962693254,1.5724578837177776,0.1399424995880842,11.236457033040368,2.700022654952258e-29,1.1969284720140825e-28,ybiT
b0821,296.2436077101258,1.2287244283496208,0.16618479625421384,7.393723469564772,1.427731810566365e-13,3.647635188690156e-13,ybiU
b0822,121.61179999231176,1.0298920885196978,0.2239440400272561,4.598881436605102,4.2476542374500895e-06,7.211019650310565e-06,ybiV
b0823,124.72267052663562,-0.29213612736689276,0.1892467677684619,-1.5436782926951393,0.12266628757454782,0.14376384395717773,ybiW
b0824,8.465052953450384,0.2661825038329647,0.6328362415175641,0.4206182996009354,0.6740338288386654,0.704438963567855,ybiY
b0825,107.99313816608674,-1.1502524616571113,0.20993619174484623,-5.479057479784683,4.2759744828653224e-08,8.169635274988346e-08,fsaA
b0826,419.3478167273251,-0.637470329569823,0.17070110697066296,-3.7344241105558846,0.00018814521195446165,0.00028717587483479204,moeB
b0827,927.4423912143385,-0.9593729976773083,0.13937271955971026,-6.883506332573876,5.8397000742398185e-12,1.3820623509034237e-11,moeA
b0828,903.9607764234438,-2.039545167613407,0.15338621679922843,-13.296795567251166,2.416028291598364e-40,1.473041071968975e-39,iaaA
b0829,1044.476854559726,-2.1659183115688854,0.12744103767153658,-16.995454142105075,8.87404252572849e-65,9.390272884196351e-64,gsiA
b0830,776.425213344698,-2.4823173961422027,0.12323186196820987,-20.143470661691097,3.070474644251884e-90,5.178631947891492e-89,gsiB
b0831,223.00497888501545,-1.2567371176698094,0.17925694806983175,-7.010813980723537,2.3693558210088793e-12,5.730716661583014e-12,gsiC
b0832,97.32605109159385,-1.227942687655191,0.24272693728056427,-5.058946903103018,4.215782247298051e-07,7.605685841231975e-07,gsiD
b0833,56.24895610756976,1.5472960255959123,0.28469426638669476,5.434939190149512,5.481512311123776e-08,1.0441201728068743e-07,pdeI
b0834,143.86901983516435,4.790111172557504,0.3250387543040607,14.737046303335717,3.727337691221597e-49,2.795185777982533e-48,dgcI
b0835,337.5091028160686,0.4568096380620595,0.187299594715873,2.43892486128987,0.014731030891929465,0.019196565419263917,rimO
b0836,6621.984569221774,-4.833099245339604,0.17854784100606869,-27.06893131894735,2.2867703183003144e-161,1.2427608569330844e-159,bssR
b0837,360.59799131482526,-2.6821072279769784,0.16165789541261266,-16.59125414896202,8.061915740903388e-62,7.939273622249824e-61,yliI
b0838,563.6007303840107,-0.6703304453916185,0.1412091747825036,-4.747074306071755,2.0638014834050033e-06,3.582355729475089e-06,gstB
b0839,1114.9102920992261,-1.4848410271732713,0.13852876074885717,-10.718648020429368,8.321072473527552e-27,3.4265071121111585e-26,dacC
b0840,373.87590578807567,0.7005688343453785,0.14039351930842248,4.990036846404135,6.03677763562834e-07,1.0806789407090669e-06,deoR
b0841,348.2506292565861,3.288322960520819,0.17360057132307155,18.94189019920466,5.151408117722943e-80,7.221814819814139e-79,ybjG
b0842,953.644685737948,2.225117910099336,0.1820925226173091,12.219710497260275,2.439518899124974e-34,1.2723651888564141e-33,mdfA
b0843,229.3235757186826,-0.06432869442688365,0.2206778309644321,-0.29150501500647735,0.7706651089246033,0.795047529760043,ybjH
b0844,888.8279995561874,-2.171944095676885,0.2186519936933114,-9.933337716203615,2.9810639631660423e-23,1.089920561948249e-22,ybjI
b0845,2069.3832310466114,-0.8995460986064275,0.23312695581629,-3.858610410180506,0.00011403354924914969,0.0001766897866225825,ybjJ
b0846,869.1476533444601,-1.379565839005167,0.19322268577915935,-7.139771572070574,9.348614497856806e-13,2.299027989919869e-12,rcdA
b0847,1747.8494425459005,1.8447566063772365,0.11017869573244182,16.74331497676327,6.335928549498693e-63,6.3823243649641295e-62,ybjL
b0848,142.35094286191148,2.09259224564861,0.19937323446265484,10.495853424299936,9.025835824085273e-26,3.592380587488551e-25,ybjM
b0849,83.5352864521555,-0.7325918938478468,0.25958053591328906,-2.822214274542386,0.004769329953929922,0.006501886174419175,grxA
b0850,134.9527999242147,0.4816559414431721,0.20156790747287534,2.389546766059412,0.016869176037652724,0.021789352381968104,ybjC
b0851,296.0280734200878,-1.2183876806683966,0.1697281805601996,-7.1784642753314385,7.049880622696176e-13,1.741502497256373e-12,nfsA
b0852,347.96529060901275,-0.0626674779616351,0.1392091816494796,-0.45016770603125933,0.6525895200471894,0.6856083692715341,rimK
b0853,206.58495998184776,-0.978437024711229,0.17783131407034064,-5.502051367197406,3.753975385847352e-08,7.20986023058466e-08,ybjN
b0854,202.98309989676045,-1.2991889508900858,0.1873138808138483,-6.93589255235822,4.036643299468767e-12,9.631058972499465e-12,potF
b0855,136.63017724112882,-1.0214510574556666,0.18855305678027678,-5.417313698849106,6.050113706106247e-08,1.1484519419698017e-07,potG
b0856,62.58887762894785,-0.2715392088457678,0.2406790928691521,-1.1282210083507054,0.2592265937249236,0.29154712968245117,potH
b0857,154.61950726091297,0.17810994087648757,0.1914738755181466,0.9302049190496878,0.35226499548928236,0.38795859648331776,potI
b0858,79.1883832815036,1.5675467958002838,0.24049912069893714,6.51788992510529,7.13032838507338e-11,1.5868405233110724e-10,ybjO
b0859,476.8099312994607,2.7946620053955042,0.14938109286967027,18.70827125246532,4.2390386608349773e-78,5.736693141312305e-77,rlmC
b0860,54.33030706564705,-1.8351068322328585,0.3095373083953504,-5.928548134459466,3.0562482840489575e-09,6.245870448646013e-09,artJ
b0861,1061.198732079396,-3.3187185897012026,0.1386278121883713,-23.939774691038448,1.180863129201072e-126,3.635076569750433e-125,artM
b0862,820.8296315997213,-4.531877843376153,0.17384286129870075,-26.068817606432383,8.232921303888304e-150,3.660739351486496e-148,artQ
b0863,1631.7457722338324,-5.087101903747521,0.14615136846819252,-34.807076779815766,1.9008799041767724e-265,3.218335899302367e-263,artI
b0864,635.9996547950694,-3.820253437251525,0.1582151340644161,-24.14594191536783,8.236750665201733e-129,2.6465822210378126e-127,artP
b0865,573.0800343408719,-2.411419009292746,0.1644960438521392,-14.659434675889846,1.1724505577354038e-48,8.71812053235008e-48,ybjP
b0866,609.6089558359234,-1.1126363940898962,0.1442980858733634,-7.710680203106439,1.2514890468617436e-14,3.3047719161879997e-14,ybjQ
b0867,1234.5382276722266,-0.7260936310748103,0.10957225091702806,-6.626619650486452,3.4346109358046316e-11,7.785353933785781e-11,amiD
b0868,500.3558197966518,1.388151944362431,0.13680742656421127,10.146758690113176,3.425519215213592e-24,1.2899175008871029e-23,ybjS
b0869,517.4635387190398,-0.9576383850763764,0.13157179413028874,-7.278447416534251,3.376838033682332e-13,8.474823845079604e-13,ybjT
b0870,955.8530369827853,-0.9517932459682421,0.1318133746486124,-7.220763814791397,5.16963732401697e-13,1.2871461255838633e-12,ltaE
b0871,2212.5153365303413,-4.492864722919909,0.1734662743705914,-25.90050855258125,6.572425903785393e-148,2.7554113169965045e-146,poxB
b0872,377.13031694585726,-2.9939864937923857,1.2987689637512798,-2.3052494919071287,0.02115260449173628,0.027036517123293583,hcr
b0873,1543.4049678091149,-3.7918364679341736,1.7009891378437778,-2.2291949922389356,0.025800933596923946,0.03263669818783311,hcp
b0874,157.3840539137024,2.9069918828552903,0.21503342839960532,13.51879056428896,1.2115116371912458e-41,7.640507488418144e-41,lysO
b0875,240.85357490401603,1.1979104505334246,0.1665370839886908,7.19305527539303,6.335727704044356e-13,1.5721461867645578e-12,aqpZ
b0876,635.9709888653969,-0.8666744972478457,0.14097463170623895,-6.1477337217224335,7.859783542553252e-10,1.6507045398053157e-09,ybjD
b0877,1225.2845422138337,3.632845227570611,0.12663841780751714,28.686754702607857,5.581825018578711e-181,3.963095763190885e-179,ybjX
b0878,456.15529405359985,-0.028901217222800462,0.1298273801890601,-0.22261265058813706,0.8238369897568563,0.8433791695138793,macA
b0879,1070.8002213239658,0.354817390910137,0.14371552572245558,2.4688869843844343,0.013553401592598787,0.017709134405051903,macB
b0880,11981.119079463931,-2.6729380829141864,0.16115048585466005,-16.58659648922735,8.711949138885861e-62,8.560267881557044e-61,cspD
b0881,188.6105569348948,-1.4965819710278787,0.17002429615033968,-8.802165366440123,1.3420123877444034e-18,4.128258931412204e-18,clpS
b0882,14958.838141460996,-1.3087431604231288,0.11136347744345017,-11.751996170267782,6.897006617468535e-32,3.336332212098515e-31,clpA
b0883,20.383409131993385,0.9101774420493294,0.4204582172805448,2.164727444111352,0.030408564084362336,0.038147192675794535,serW
b0884,1061.6443872581597,-0.8860669038936002,0.13267640123148852,-6.678406224989671,2.41554710325594e-11,5.543919889745906e-11,infA
b0885,231.7167305037566,-0.5434750421232131,0.18499961529673833,-2.9377090392943908,0.0033064717878569395,0.004568452231684321,aat
b0886,891.9978693314306,-2.8928520071745445,0.14057973483018993,-20.578015819057413,4.320057905472136e-94,7.793809385200139e-93,cydC
b0887,813.9928574403904,-1.1460599811344703,0.11405370371533423,-10.048424065165937,9.334825955652563e-24,3.4647473740963394e-23,cydD
b0888,606.8455220435112,0.45258792564558714,0.13866232437319376,3.263957442596293,0.001098676669912686,0.0015877789563216165,trxB
b0889,1173.1279355770678,-0.7409538961469787,0.11039017496475403,-6.712136260165857,1.9179546035101156e-11,4.427286924305993e-11,lrp
b0890,5588.317819403756,-0.8898448327489683,0.10524732045467612,-8.454797983499947,2.795709525165603e-17,8.107189281804337e-17,ftsK
b0891,728.9391989411446,-1.8062192885416526,0.14429327189905392,-12.517695834115296,5.9744439119751905e-36,3.271082350810297e-35,lolA
b0892,707.0679136492605,-1.043321720013315,0.12153680947529305,-8.584409320251323,9.130433488795456e-18,2.712022146941808e-17,rarA
b0893,7869.951808213081,-2.270497129145023,0.11334664130458569,-20.03144604032625,2.9302464506109906e-89,4.8310654964754986e-88,serS
b0894,1153.4435700690765,-2.5511397160465097,0.20698080391061197,-12.325489455284274,6.6041270541849e-35,3.511034697164484e-34,dmsA
b0895,180.515895439179,-1.7550328154621246,0.24903297040642328,-7.047391406037123,1.823029955513987e-12,4.441050284544865e-12,dmsB
b0896,396.1242549760286,-0.8781947905235462,0.18322795012652549,-4.792908450469053,1.6438064883848732e-06,2.871442921377068e-06,dmsC
b0897,7013.824013428236,-7.861870002259748,0.18524738873448457,-42.439842504491004,0.0,0.0,ycaC
b0898,641.9247647194103,1.3476492879587734,0.143280483988081,9.405672359892918,5.169860032408327e-21,1.7372308292107982e-20,ycaD
b0899,170.38013027950055,1.00275718650447,0.18377993907070955,5.456292953273088,4.8617757279374916e-08,9.272762891846117e-08,ycaM
b0900,75.84816295714226,3.0239552605733975,0.3020389047920462,10.011807130129117,1.3525891192072494e-23,5.007651221825325e-23,ycaN
b0901,40.885034048040254,3.7163628564594626,0.44605240241799815,8.331673221158528,7.970770473872467e-17,2.2783981575315973e-16,ycaK
b0902,1447.7471128926284,-1.689902280856803,0.14727264308264318,-11.474651676540505,1.768885493691436e-30,8.153543396052044e-30,pflA
b0903,23791.779287410387,-4.920772583244867,0.1304621635327195,-37.71800535877786,0.0,0.0,pflB
b0904,1248.1098840250067,-3.730321119725993,0.13195664791585843,-28.269292821871435,8.245792739656705e-176,5.337938182348355e-174,focA
b0905,579.568105560907,-0.36660983207731923,0.1693836516169692,-2.1643755378845047,0.03043553965936062,0.038170155436041436,ycaO
b0906,189.81668077290962,-2.383287862951975,0.20056874361719554,-11.882648412559766,1.4567744239739004e-32,7.189149119207521e-32,ycaP
b0907,1564.367132841792,-1.1320323410603117,0.11871228102516322,-9.535932856183235,1.4854398636678792e-21,5.100550920332297e-21,serC
b0908,292.7478592076938,-0.9183042703859675,0.16238520287859304,-5.655098211581112,1.557571834316029e-08,3.0595409257738333e-08,aroA
b0909,48.66849081146011,2.1984419421524164,0.32328587504054046,6.800303112150288,1.0439925986999339e-11,2.4367207950567916e-11,ycaL
b0910,1574.2223686066263,0.8406929697691026,0.13635936988155414,6.1652746745555795,7.03608965799511e-10,1.4812466128404816e-09,cmk
b0911,35212.086512734764,0.44476937958110757,0.1267269191763732,3.509667736513789,0.00044866696765978245,0.0006656663268076718,rpsA
b0912,1797.3411768374147,-1.3077554832102645,0.12800442039370005,-10.21648689309348,1.672943256777222e-24,6.4093091525964585e-24,ihfB
b0913,705.4492142888625,1.4061098720766636,0.13170339465182243,10.676337354810974,1.3135232186226025e-26,5.348870683049672e-26,ycaI
b0914,2354.002923340661,1.0057201136872798,0.12281492088394032,8.1889082079667,2.6360648470049293e-16,7.405205779525016e-16,msbA
b0915,824.1897596348418,1.3564338758699417,0.1429871837048854,9.486401792971302,2.391468482147149e-21,8.154333275299574e-21,lpxK
b0916,359.26084957249356,2.469375661050987,0.15424415376348694,16.00952516383505,1.096433714058543e-57,9.992756126885519e-57,ycaQ
b0917,22.98668593708453,-1.1024387106720448,0.43326874485202366,-2.5444685862317766,0.010944415553743208,0.014415714323033395,ycaR
b0918,1109.2385129118409,-0.9024394808682747,0.12531344083646098,-7.201457998795151,5.957207814677421e-13,1.4790540778460241e-12,kdsB
b0919,1825.911051843328,-2.214166632722419,0.16452726663942482,-13.457748845818662,2.772343917764699e-41,1.7359684105263448e-40,ycbJ
b0920,205.16700422264378,1.5601061942647632,0.16514080643070853,9.447127139465486,3.482576479063501e-21,1.1819816238116832e-20,elyC
b0921,454.1619969584803,0.6510219694611749,0.1303406633500707,4.994772565432259,5.890514419392398e-07,1.0562136242022541e-06,cmoM
b0922,563.9202230731664,0.08795237114030796,0.11786499604923881,0.746212820501562,0.45553886472672767,0.4929405315946547,mukF
b0923,343.91221136591304,-0.032327963183748976,0.14191981302645992,-0.22779034508537338,0.8198092329027358,0.839841806664613,mukE
b0924,4464.285288559958,-1.0100826089112231,0.1122078259136887,-9.001890917022026,2.218629372699476e-19,7.011059941581546e-19,mukB
b0925,1932.5563190032026,-1.1584571479156303,0.12946935680854743,-8.94773231652565,3.628596981650906e-19,1.1409345652305205e-18,ldtD
b0926,1486.477242425359,-1.1485548680340438,0.11294850557524784,-10.168836339927143,2.7315235010100974e-24,1.033892214225834e-23,mepK
b0927,1802.454070659517,-0.333569523633313,0.12124607784689477,-2.7511778488581933,0.0059381394465250256,0.008023231996194955,gloC
b0928,1457.8379552353636,-1.7632574490479935,0.1164942721794909,-15.136001247608286,9.374302856910153e-52,7.408560354778905e-51,aspC
b0929,2683.064795803362,-1.1627369092451871,0.20149681684804924,-5.770497655662812,7.903776497816499e-09,1.578603636269883e-08,ompF
b0930,4030.4958111713077,-1.3014903105276772,0.09989897455714641,-13.028064765401272,8.472946427390354e-39,5.019907156577704e-38,asnS
b0931,1342.4816341503563,0.2251741149030784,0.13079145849640703,1.721627065648665,0.08513709701158967,0.10137232919800317,pncB
b0932,2490.6421720542858,-1.7482425937604844,0.12394921205452197,-14.104507521931472,3.562676643833963e-45,2.4504535290870475e-44,pepN
b0933,57.00943390839114,0.6741769483789387,0.27960805542923983,2.4111499482515875,0.015902308961359864,0.020631289138787538,ssuB
b0934,17.258739139768345,1.927779725926777,0.5309918079889392,3.6305263036504956,0.0002828438764192786,0.0004265432381057664,ssuC
b0935,40.52008263297562,1.3080596678256473,0.31983271968590965,4.089824421685879,4.316998566063645e-05,6.886413346288737e-05,ssuD
b0936,17.90214588767797,1.1475515991393552,0.44843247161629424,2.5590287764024127,0.010496505227888706,0.013842305576143224,ssuA
b0937,13.342844696469951,3.687264933722785,0.7796582516450867,4.729334841185377,2.2525661269789985e-06,3.90385672872502e-06,ssuE
b0938,26.478054468716227,1.1227935435113978,0.42079820431984455,2.668246993416288,0.007624818175740459,0.010174128405459079,elfA
b0939,11.20645908430748,2.2841269199858587,0.7153784734689361,3.192892999575339,0.0014085512960341515,0.0020183733089656035,elfD
b0940,69.15624690847042,3.1633856131211506,0.3107679669264947,10.17925252852518,2.4543938713333823e-24,9.322037809844305e-24,elfC
b0941,100.72713959027492,2.7416500108297504,0.2514233897898285,10.90451454465541,1.0967712149615638e-27,4.633384729616894e-27,elfG
b0942,35.00655158577267,3.304082944734871,0.4796614447698696,6.888364659619647,5.643739059909994e-12,1.3378427216867954e-11,ycbU
b0943,27.138898744550165,2.7657477507314563,0.4633793685363214,5.968646725614127,2.3922945655004205e-09,4.909501481274057e-09,ycbV
b0944,92.25227449311741,1.9615455628801204,0.2512261723157426,7.807886992024214,5.81546919444101e-15,1.5514966905411712e-14,ycbF
b0945,248.77215736124074,2.320333615212151,0.190716959525154,12.166372728410229,4.6948584876454624e-34,2.419996143163387e-33,pyrD
b0946,822.4378877214934,2.7886505304491562,0.14647963607243558,19.03780351468201,8.293340733610659e-81,1.1738677141271422e-79,zapC
b0947,324.4423019328504,-1.8089693567060943,0.15754173548896966,-11.482477015322393,1.6158389090918355e-30,7.463717605269948e-30,ycbX
b0948,2130.1250965638033,2.2867773095149526,0.11310492478593268,20.218193980881093,6.77171072421443e-91,1.1553903336430977e-89,rlmL
b0949,1523.9012907973113,0.492453234964624,0.12408303642521502,3.968739395424338,7.225384687860041e-05,0.00011347179235090938,uup
b0950,680.7310960695609,0.9196934157405745,0.1382353129921591,6.653100396949518,2.869822847508232e-11,6.55236523585645e-11,pqiA
b0951,729.065099588463,-0.23109611833672514,0.13216332895539476,-1.748564599297588,0.0803663100375335,0.09615996107236273,pqiB
b0952,244.5067767208723,-0.7902354527972528,0.15073537582710697,-5.24253479623556,1.583855106498377e-07,2.9257785055836573e-07,pqiC
b0953,62789.05736652928,-5.137476437416991,0.2297918536656438,-22.357086883037297,1.0302153290874543e-110,2.412238233320731e-109,rmf
b0954,1500.2385370726442,-0.8863113359320911,0.10806315647218045,-8.201790183319892,2.368333932185903e-16,6.670125380346989e-16,fabA
b0955,1629.1948094053057,-1.5734315450476375,0.1102015762426902,-14.277758982163425,3.011301653073746e-46,2.114154685299941e-45,ycbZ
b0956,490.01137311055487,0.9978461123850557,0.1601929386752234,6.229026826257916,4.693414278373528e-10,1.0014740500921123e-09,matP
b0957,48648.19957697843,-2.5661289353134653,0.10597815181013977,-24.21375435864077,1.5937924383106874e-129,5.275093468754621e-128,ompA
b0958,1693.7613773838184,2.1624569176517303,0.11317771699500886,19.106737395551942,2.2191683355589125e-81,3.195458678663719e-80,sulA
b0959,462.3836935482695,1.5571350684308025,0.14144555771721576,11.008723734851369,3.468826614579083e-28,1.4882821400952362e-27,sxy
b0960,386.3131971473279,-0.013431923537458092,0.15033689614512735,-0.08934548924364925,0.9288073434088834,0.9353946295323505,yccS
b0961,102.28534613866401,-0.03723262616776969,0.19940118042821006,-0.18672219536420684,0.8518784527695764,0.8685809410935393,yccF
b0962,1737.243881076929,-0.6680871480255149,0.12567841310103114,-5.315846465124038,1.0616263905102566e-07,1.9785264060229253e-07,helD
b0963,753.9169827306605,-1.461692138751184,0.14253223552808225,-10.255168827848742,1.1217979625338552e-24,4.3165687334563204e-24,mgsA
b0964,106.9487527379128,-0.5891460656869443,0.20003818287914665,-2.945168053455463,0.003227792923501677,0.004466753992220806,csgI
b0965,1015.5597648985544,-2.568291332768391,0.15726749473530233,-16.33071943500527,5.967645795109086e-60,5.673774684680388e-59,yccU
b0966,2978.880015127801,-0.3115388250656308,0.13516481840986327,-2.3048810240024498,0.021173237649060726,0.027048446375571994,hspQ
b0967,557.8490484206102,0.8245416010692538,0.14663473120433515,5.623098936364926,1.875619071699615e-08,3.6597850858252236e-08,rlmI
b0968,205.50912680432262,-1.7378037817236132,0.18398652540149502,-9.44527746220209,3.5446395037164314e-21,1.2021188825392705e-20,yccX
b0969,250.6985513796028,0.7118181760657899,0.1694690712669913,4.200283690375282,2.665807478608256e-05,4.319059448227288e-05,tusE
b0970,2525.982830392314,-1.3995595788740478,0.16060613454396713,-8.714234875573249,2.927289152309342e-18,8.874605267538378e-18,yccA
b0971,28.28022591411728,1.1631468570789427,0.4101081984890912,2.8361950855022524,0.0045654549349681784,0.006233601930437321,serT
b0972,332.4283443562485,-4.294492555582184,0.27051645349448544,-15.875162120849438,9.416728112769328e-57,8.391181609799712e-56,hyaA
b0973,321.69745973543866,-3.9579251855295996,0.23405354069264295,-16.910341000682028,3.7751720269644126e-64,3.9379875030088496e-63,hyaB
b0974,132.7204557814423,-3.5206498292161004,0.2803572613441049,-12.557726567655848,3.605439968497039e-36,1.9888655064315745e-35,hyaC
b0975,161.45377328480643,-2.3139655039687854,0.22563462620960553,-10.255365246197648,1.1195195211967398e-24,4.311570369473359e-24,hyaD
b0976,49.85741425892638,-1.7694508094377368,0.28546629867652584,-6.198457813203294,5.701908400377157e-10,1.2102121879681892e-09,hyaE
b0977,130.43307688608326,-1.859042646921068,0.23354606281849413,-7.9600684528168095,1.7194412803691752e-15,4.666449146846554e-15,hyaF
b0978,592.9853640596971,-2.5493369365643996,0.20508542948184352,-12.430609736661452,1.7826937959451554e-35,9.676224524969883e-35,appC
b0979,718.9401178008402,-3.014844115751806,0.21916561161358258,-13.7560089539383,4.686959883565688e-43,3.065675692044006e-42,appB
b0980,649.3869097673995,-2.4917059244633437,0.19770240630582814,-12.603316120537729,2.0245026187633167e-36,1.1209887456347321e-35,appA
b0981,514.618220531056,0.925170857496851,0.15252572936918804,6.065670764684416,1.3140406820772564e-09,2.732360454654739e-09,etk
b0982,13.167832526216346,1.5937159915128358,0.5446820221613773,2.9259566621801456,0.003433987709628327,0.004740173690117245,etp
b0983,49.68256157029956,1.9506387734920252,0.30322154110940497,6.433048148080673,1.2507001047700666e-10,2.7500408897092073e-10,gfcE
b0984,88.62285862229112,3.744123491204061,0.3206361344008056,11.677172624978645,1.6675016758697218e-31,7.935505272625422e-31,gfcD
b0985,67.27542915728374,9.302446838039444,1.9518681414270769,4.7659197056406235,1.8799412039615125e-06,3.2761287331110763e-06,gfcC
b0986,29.893973623716604,5.666312145127403,0.882682274046723,6.419424420012165,1.3679054853594405e-10,2.997272248159411e-10,gfcB
b0987,134.28393073166353,5.230571930620253,0.38415197213379493,13.61589243331677,3.221858656327441e-42,2.0614275879583425e-41,gfcA
b0988,19.4439537125279,2.0899918678810727,0.48602378744671,4.300184315793863,1.7065611279076524e-05,2.7957878991624435e-05,insB4
b0989,19.804074819749356,3.56436704434729,0.6213969334103076,5.736055092492296,9.690715071898192e-09,1.921555303896209e-08,cspH
b0990,917.0826156799461,1.8895147813818864,0.21379488300390462,8.837979444753024,9.746520273022722e-19,3.0129341461970524e-18,cspG
b0991,30.298800340584652,3.362578569168499,0.4782656879571969,7.030775265378096,2.053890920435921e-12,4.988504981900751e-12,ymcE
b0992,91.25628986619704,1.2514946246740128,0.8696976967823714,1.4389995849180457,0.15015064035622386,0.1741209480632501,yccM
b0993,475.8942491032242,3.2350884530190056,0.15362350398570465,21.058551387553592,1.9092401999493228e-98,3.76882303146947e-97,torS
b0994,188.67910316996722,1.1499400295236868,0.18693343707905524,6.151601594087046,7.670436609700715e-10,1.612476693214066e-09,torT
b0995,313.54400102871875,1.8747621738156552,0.15209576366867153,12.326195868937381,6.546503173755171e-35,3.48460785621164e-34,torR
b0996,27.66731733246114,3.008784463145528,0.4733973583213424,6.355727192510364,2.0744289915372811e-10,4.507224294544477e-10,torC
b0997,177.0408490776263,1.9892115268657051,0.19001876497651574,10.468500451055716,1.2053725978504193e-25,4.784535776138454e-25,torA
b0998,137.60803515261264,2.4596959819189546,0.21775184544828918,11.295867444223672,1.3753929462475872e-29,6.165457993260569e-29,torD
b0999,1763.7327538699246,-3.95111227420713,0.16090454210006708,-24.55562921119977,3.765837576986864e-133,1.2950950792106385e-131,cbpM
b1000,4906.186263547795,-4.602470205270592,0.1467709170138666,-31.35818933962074,7.523862034996022e-216,7.200008843054889e-214,cbpA
b1001,9.25781051069469,0.7785666683399801,0.6306726902078084,1.2345019539112123,0.21701591908949613,0.24627586383912398,yccE
b1002,4659.197010156254,-3.1489803894061175,0.15801521218228937,-19.9283369361514,2.311150078138094e-88,3.699520961441415e-87,agp
b1003,942.5440809570683,-4.370542349383005,0.17468821340136165,-25.01910268749098,3.7885030575074736e-138,1.3897492049289915e-136,yccJ
b1004,3136.0795890208124,-4.6869614804857225,0.1365314408728838,-34.32880698043368,2.9178197228741214e-258,4.281414140030627e-256,wrbA
b1006,123.90808279209357,0.5248142093758076,0.18911995994938646,2.7750334206725817,0.005519603544108201,0.007471492866286685,rutG
b1007,11.44695796633627,0.28152346427042707,0.5379308454792143,0.5233450854070891,0.6007341315583711,0.6370589369115754,rutF
b1008,7.736325359746601,2.012666526773197,0.7727195575854193,2.6046532755846665,0.009196727517093422,0.012193974256097966,rutE
b1009,17.58719641170664,2.7329498946969215,0.5550168880720987,4.924084209743724,8.475633467806291e-07,1.508073505468201e-06,rutD
b1010,5.257817317365088,2.154832489796794,0.9143182834854539,2.3567640817401156,0.018434954568797426,0.023665987171725363,rutC
b1011,10.336904904938132,3.3031533973146807,0.803714870642028,4.109857261538583,3.9590376192221504e-05,6.344260502299201e-05,rutB
b1012,17.438450474389143,4.095421226648983,0.7380008898730489,5.549344564277529,2.867425550763997e-08,5.541004071318312e-08,rutA
b1013,347.8986305901122,1.9749935720984098,0.1538228774332404,12.839400777401027,9.863495634521152e-38,5.624236759476958e-37,rutR
b1014,3868.438801547583,0.5170788951429669,0.1640266947558283,3.1524069659069553,0.0016193041342145466,0.0023098434215205557,putA
b1015,1670.0863845468996,1.8399292318030342,0.13583019869165444,13.545803875173759,8.389046162412847e-42,5.321121211374835e-41,putP
b1018,462.5797761601668,2.680233788597005,0.14661685522987242,18.280529782164646,1.182716684189758e-74,1.5047164288448885e-73,efeO
b1019,383.67720875532615,2.4644492038432224,0.18874293506563447,13.057173255180237,5.783569621004201e-39,3.4450978987361966e-38,efeB
b1020,1874.5626243175338,1.7659080193562862,0.22764196973830214,7.757392107379755,8.669357590009321e-15,2.300332255046476e-14,phoH
b1021,23.873423286283742,3.2107297432092814,0.520413016498646,6.169580009376331,6.847162207322448e-10,1.4435444461989185e-09,pgaD
b1022,33.27901466100739,3.2034749035342105,0.4595106032558131,6.97149289012339,3.135951715532952e-12,7.543420465451397e-12,pgaC
b1023,53.74332777164046,3.2882671543726896,0.37201404425376516,8.839094128741106,9.649779584221683e-19,2.9851250688505866e-18,pgaB
b1024,185.96149140509928,2.9847021064315404,0.2205323312104896,13.534079515908974,9.840737701577433e-42,6.21505414093886e-41,pgaA
b1025,243.8874302864975,4.356480110324971,0.25110297284351774,17.349376875119038,1.9939532218695468e-67,2.25061079042814e-66,dgcT
b1026,4.601552225858399,1.9022132656605812,0.9335742781206301,2.0375596353081935,0.04159399226676315,0.05163473038868906,insF4
b1027,0.16307325132683156,0.526843880849337,4.426109897033248,0.11903090820281534,0.9052508686458666,0.9129242437065532,insE4
b1028,7.690984376098143,6.173320362121165,2.0210614050769014,3.054494211117881,0.0022544036525311436,0.003167534273361664,ymdE
b1029,135.28660720171771,5.618631210023119,0.42149256765901916,13.330320962073293,1.5423268162267e-40,9.482294196969181e-40,ycdU
b1032,4.851273458864123,2.369345175269794,1.0050428634923476,2.357456842225351,0.018400594050107084,0.023628767505417557,serX
b1033,372.2724031166851,-0.3132823715241146,0.14598660660735008,-2.1459665294277865,0.03187564916218534,0.03993073637220827,ghrA
b1034,411.6092954352437,-1.3723231485933765,0.13989856877564724,-9.809415211346057,1.0256118782428462e-22,3.6824987667414424e-22,ycdX
b1035,357.3611211010227,-0.15077561182895105,0.16504037071474617,-0.9135680632319341,0.36094385414676344,0.3969210207229709,ycdY
b1036,554.4351754991917,1.808695693815377,0.13228239616581403,13.672988592890349,1.472221487794562e-42,9.530469101870091e-42,ycdZ
b1037,207.40106675476753,1.2727229723351423,0.2131599724033676,5.970740932198748,2.3617852100865875e-09,4.853678102148066e-09,csgG
b1038,19.075958298360153,1.574752206373641,0.4782770552881759,3.292552274799816,0.000992824392536927,0.0014400042754357668,csgF
b1039,28.763841986940406,1.0645675576587619,0.388698270627022,2.7388018885226137,0.006166351863709306,0.008321361405287666,csgE
b1040,168.94128334814968,-0.34032342494111967,0.20946150239848468,-1.6247540528649511,0.10421497486725645,0.12318859274051097,csgD
b1041,11.615771093888176,2.5243450186568723,0.6600626191859883,3.8244023298425547,0.00013108969948343724,0.00020176813186226949,csgB
b1042,46.354840234102234,0.6256660542989233,0.28712188941152367,2.1790956293205976,0.02932456488779875,0.03686086083269277,csgA
b1043,5.419924353358099,3.7111326352736818,1.2008561220793126,3.0904057255816477,0.0019988324753007158,0.0028255814246222703,csgC
b1044,25.747558704182172,2.4206873813668346,0.45277990178513,5.346278339261598,8.978111052124746e-08,1.6853579894009863e-07,ymdA
b1045,394.8030345410402,-1.891602123171308,0.14818641627458753,-12.765017001735123,2.570945135186099e-37,1.4453768180190557e-36,ymdB
b1046,506.82716443220244,-1.6259509057728814,0.1371620220981294,-11.854235457462362,2.0458295391163853e-32,1.0062281152167964e-31,clsC
b1047,126.68681780090863,2.056370992502184,0.21614035967699693,9.514053717571546,1.8337417541408034e-21,6.276929394811677e-21,opgC
b1048,2110.998677052271,-1.866702463800256,0.10839720414368029,-17.220946596795482,1.8493855490515965e-66,2.035248796731282e-65,opgG
b1049,3687.174296410651,-1.3090041058608552,0.11149485001758605,-11.740489409639876,7.902780020459927e-32,3.8061310339239165e-31,opgH
b1050,64.06003801068705,-1.414714137662931,0.26671199729153755,-5.304276343131784,1.1312083978371718e-07,2.1028629084794046e-07,yceK
b1051,1650.942724329836,-3.976579577752993,0.20121712790293067,-19.7626296488604,6.2464257862045295e-87,9.75062635137317e-86,msyB
b1053,373.2363449906445,0.9856307913846525,0.1441980215432021,6.835258770102855,8.18571337522758e-12,1.9217872148134298e-11,mdtG
b1054,1121.652376722242,-0.39008605076259517,0.16761155984589096,-2.327321881147437,0.019948140032783144,0.025548941642220366,lpxL
b1055,229.6775233906284,-0.07573724913294454,0.15958271802504037,-0.47459555815474014,0.635075272858326,0.6696051140412816,trhO
b1056,102.71014437716103,-1.5418631661026916,0.21677581778538302,-7.1127083355266105,1.1378758243508777e-12,2.7904899046198127e-12,yceI
b1057,32.35048730160569,2.8076104476449126,0.4279015832723413,6.561346247363584,5.332413965600648e-11,1.1945692761615294e-10,yceJ
b1058,2.0127779288588896,2.0970126917102014,1.4632046657111446,1.4331643008334822,0.1518108890921861,0.17595353706787867,yceO
b1059,347.7545222388978,0.43999733214668396,0.13762010270671052,3.1971879361577398,0.001387744784378857,0.00198920629789506,solA
b1060,5525.696516877742,1.4239326815159774,0.15495235892937465,9.189486958149429,3.9471941539307e-20,1.2861249937529934e-19,bssS
b1061,447.74692048341586,3.217113478174702,0.16399021915930087,19.61771558491292,1.0914907647974563e-85,1.6741262531841124e-84,dinI
b1062,302.99920389120064,1.0493189705554806,0.1501716810374443,6.98746237177594,2.799026090357514e-12,6.747706927576e-12,pyrC
b1063,902.249687060592,-0.27754633067704665,0.17171419210290195,-1.6163272661279122,0.10602357470133031,0.12512487287808471,yceB
b1064,1748.0776453660492,-4.692227777090969,0.16397422324912278,-28.615642654773616,4.2924260584801835e-180,2.9992475411793283e-178,grxB
b1065,632.0681100038901,-1.158544702058541,0.1323077537897834,-8.756438446527403,2.015167001096218e-18,6.143189154311324e-18,mdtH
b1066,393.96857298119147,-0.86392918311698,0.14624430908445776,-5.907437961350353,3.4746911408739778e-09,7.0616760859313245e-09,rimJ
b1067,349.3521860278192,-0.6751028319523706,0.16436162166069485,-4.107423771627422,4.000967595191569e-05,6.404457946921195e-05,yceH
b1068,522.0186480400661,-0.6247414322036006,0.14029309654944205,-4.453115994794722,8.46330027611829e-06,1.4085235468987792e-05,yceM
b1069,419.7097002482869,1.2874715331640543,0.1589441612230793,8.100149909609316,5.489150550175272e-16,1.5197006743315438e-15,murJ
b1070,44.87498285891997,-0.21170544498833446,0.2716585908768728,-0.7793070129127202,0.4357988845702552,0.4729750221593351,flgN
b1071,46.571093658986875,-1.2719741699004865,0.3146585665024876,-4.042394853694316,5.290803994372817e-05,8.371717894762451e-05,flgM
b1072,61.9556399746281,1.30838902748205,0.2681135298069236,4.87998135873359,1.0609586835599782e-06,1.8771463525044308e-06,flgA
b1073,6.265241034068219,3.9258851277082765,1.1818000248075693,3.321953837619459,0.0008938948131237319,0.001301662245243357,flgB
b1074,3.7289362483866455,2.4532547042374637,1.1386971441267708,2.154440025507207,0.031205680537295562,0.039113726003751445,flgC
b1075,18.338736925149338,2.006817493535286,0.4889144659895403,4.104639222473362,4.049463428608144e-05,6.477375731371021e-05,flgD
b1076,21.32615220756577,0.3781211534860685,0.3851575499960178,0.9817311214332368,0.32623232911523603,0.36200522126676804,flgE
b1077,30.51180661054805,0.7938987560669536,0.3414520760584996,2.3250664199532887,0.020068408890911823,0.025688030223260785,flgF
b1078,41.31880114905594,0.6524638654419397,0.29784530751950944,2.190613210850072,0.028479794329507317,0.03582968123420727,flgG
b1079,23.540392255264805,1.812187075610851,0.41479066291546884,4.368919644606756,1.2486269591790661e-05,2.060913338697506e-05,flgH
b1080,29.139745972528065,2.224810098452902,0.429413349770102,5.181045488324977,2.206456706777415e-07,4.0419568968931257e-07,flgI
b1081,25.241168326260564,1.414608697952539,0.3997625527896579,3.5386223348860297,0.00040222085837743685,0.0005993826061535128,flgJ
b1082,82.0818979639816,1.1741754656208285,0.22945602080601266,5.117213579736498,3.1008242770135297e-07,5.638095195131581e-07,flgK
b1083,150.7571903157712,0.6187801751786381,0.19329226424803725,3.2012671463385862,0.001368246133343759,0.001962534857927412,flgL
b1084,3251.747980618966,-1.8396204842128607,0.12758452589233357,-14.418837012924946,3.93924354308098e-47,2.8150243630913107e-46,rne
b1085,2.9102445081464086,2.71694284769871,1.3081645707492218,2.0769121167550364,0.03780967122180207,0.047029718202422355,yceQ
b1086,518.790708243507,1.5751817147062148,0.18187752787681924,8.660672558585924,4.689889078640435e-18,1.4063277741263758e-17,rluC
b1087,458.68089761688276,-0.915578891241809,0.14829191506616357,-6.174165940424359,6.651365439980443e-10,1.404957325661896e-09,yceF
b1088,1976.031546607257,-0.21623705372838423,0.11829076670662496,-1.8280129527326305,0.06754760771648168,0.08168806845273416,yceD
b1089,1054.0453393616483,-1.3945787288927145,0.11521644600325559,-12.103990161728378,1.005997648513668e-33,5.1493042427408914e-33,rpmF
b1090,1957.2516389651937,0.8629309094431689,0.10814588921186187,7.979322337002146,1.471388647231462e-15,4.000650293460714e-15,plsX
b1091,1738.0556517318591,0.5361631797915382,0.10516632877359561,5.09823995991913,3.4282606648112316e-07,6.215487416185766e-07,fabH
b1092,1999.2246537800195,-0.22633621443704177,0.1113332100838696,-2.03296226046602,0.042056335981022555,0.052179253378934976,fabD
b1093,6662.567104036549,-2.399349032360814,0.10050651574192875,-23.8725719884832,5.903860413953876e-126,1.792330589118963e-124,fabG
b1094,9193.98889056988,-1.5075230554698182,0.12852508859515277,-11.729406857041242,9.008773552377555e-32,4.329325456066157e-31,acpP
b1095,9779.271079446624,1.4718785034272919,0.12693817532228444,11.595239176003018,4.356469157018347e-31,2.057637041759095e-30,fabF
b1096,367.8354457615739,0.8718159447658317,0.14736640074762228,5.91597501426999,3.2991529500011926e-09,6.72355152125243e-09,pabC
b1097,511.34281147388475,1.5083873118760192,0.14866252952714645,10.14638535126352,3.438644240803673e-24,1.2937531579502366e-23,mltG
b1098,369.53891758631886,0.4415550895211875,0.13921111717201318,3.171837842344082,0.0015147756292358025,0.002167059577476764,tmk
b1099,494.48244490448104,0.42553497515731403,0.12319435139722817,3.4541760261817362,0.0005519769683183841,0.0008140042259757209,holB
b1100,886.8402230789311,-2.509408902690416,0.13065734805651197,-19.20602966474603,3.295247959088047e-82,4.803205799968736e-81,ycfH
b1101,2204.6905848583833,-1.5385298569583972,0.1195502155780014,-12.869318967932536,6.699020522458797e-38,3.839725044253076e-37,ptsG
b1102,136.41486485678126,1.6253497237049936,0.22742381101346934,7.146787825170739,8.883201876973102e-13,2.18824032806019e-12,fhuE
b1103,446.30586522059053,-1.4483514608300723,0.1319864088031588,-10.973489421854847,5.125536422839897e-28,2.1841830913205446e-27,hinT
b1104,239.29011806459266,-0.9985406659599453,0.14978675825610682,-6.666414825886217,2.6212769631410576e-11,5.994213606102305e-11,ycfL
b1105,719.6552365668496,-0.9542500833187704,0.13128313295860253,-7.268641917767713,3.6311953659977703e-13,9.102802961914684e-13,lpoB
b1106,209.7859258895036,-0.5646501794986054,0.16806578737976133,-3.359697344128239,0.0007802790135620412,0.0011411256537209652,thiK
b1107,607.1843221091004,-0.8685487259312069,0.12887528080449126,-6.739451666055562,1.589854702393077e-11,3.679569085138972e-11,nagZ
b1108,826.1571352459705,-1.5342009913546268,0.13077661409180022,-11.73146286137731,8.79258106704936e-32,4.230048290399048e-31,ycfP
b1109,1425.066234042538,-0.35729441533128015,0.12431425352121205,-2.8741226787024394,0.004051515562971689,0.005557734966719032,ndh
b1110,1997.5057381109607,0.045841146731437805,0.2543149008645209,0.1802534832823594,0.8569535724026123,0.872412031849283,ycfJ
b1111,761.8491710445741,-0.10134457462288485,0.1634525961140715,-0.6200242579943959,0.5352418163727151,0.5734082442620326,comR
b1112,1745.4654445374038,2.5816591312548365,0.25276002875817033,10.213874179152175,1.718625656038568e-24,6.578600119897198e-24,bhsA
b1113,245.94515855312633,-1.2681765571292827,0.20035854991695112,-6.329535513482921,2.459002947776256e-10,5.324412678854441e-10,ldtC
b1114,1827.7122199912865,-1.8845474706037126,0.11615765924675471,-16.2240482704662,3.409616110981237e-59,3.207079085585343e-58,mfd
b1115,21.20909390228103,2.9019112082306378,0.5157231686815377,5.62687772133539,1.835007083736764e-08,3.586901057996996e-08,ycfT
b1116,502.9381152798572,0.3642645736693064,0.14517720549666574,2.5091030814591098,0.012103815753981074,0.015895285485985886,lolC
b1117,303.57841518085957,-0.3854957380431616,0.14160848285806232,-2.722264445340845,0.006483623687863737,0.00872277245537169,lolD
b1118,692.5747450866498,-0.9315058123875787,0.12369556216963506,-7.53063243376605,5.049514717726806e-14,1.3098387617815793e-13,lolE
b1119,859.4888350798877,-1.1486695323689842,0.11186376640574076,-10.268468238434313,9.774424100739283e-25,3.774299551881958e-24,nagK
b1120,502.3529126124525,-0.6819024804627614,0.13995310299418942,-4.8723641410871235,1.102706831570055e-06,1.9494439648881053e-06,cobB
b1121,16.74028268122674,4.810386910269687,0.925153827654506,5.199553594741328,1.997677211607756e-07,3.6686587757602595e-07,ycfZ
b1122,5.297840086876524,1.540444050299985,0.8425729434120063,1.8282619473418453,0.0675102478652332,0.08166532319394244,ymfA
b1123,1328.130339978649,-2.5601192794310745,0.16707239597247556,-15.323412730926794,5.334170628562689e-53,4.405444485353275e-52,potD
b1124,103.1794329335312,-1.0585935285150059,0.2131811841757341,-4.965698697134374,6.845416466426935e-07,1.222455305688088e-06,potC
b1125,96.21926469511028,-0.05166652210674611,0.2067221676307162,-0.24993218046669294,0.8026397963811863,0.8235944950279679,potB
b1126,704.6510251041818,1.6890265982291013,0.14830585101886726,11.388806217862744,4.754589558561224e-30,2.1621594252878622e-29,potA
b1127,1333.5750247474991,-2.060956834653505,0.1301287814016678,-15.83782474909959,1.7062171533583659e-56,1.5021535818167053e-55,pepT
b1128,3161.4904857851275,-1.000988505592046,0.11819808381047842,-8.4687371683373,2.4806771503799487e-17,7.203127187316975e-17,roxA
b1129,779.0928607592681,0.5061245329524671,0.1202900363099569,4.207534958658692,2.581714739667653e-05,4.185896237207001e-05,phoQ
b1130,419.9790811772271,-0.7856405430494635,0.14328758036104566,-5.48296329011812,4.182598356639933e-08,7.99817461595525e-08,phoP
b1131,733.868765645746,-2.3173836386009437,0.1375697408381887,-16.845155224408543,1.1386980573322959e-63,1.1684263049829293e-62,purB
b1132,359.8174848864675,-0.8354556335003797,0.13519210646442095,-6.1797663735659745,6.419653115289113e-10,1.3586208179568593e-09,hflD
b1133,1029.8094127021216,-0.740462077960381,0.12828631284954847,-5.771949177686474,7.835975281450243e-09,1.565772273669722e-08,mnmA
b1134,115.64828058559624,-1.481747983290123,0.21075307629786413,-7.030730034022946,2.054556913263531e-12,4.988504981900751e-12,nudJ
b1135,149.3656055989259,-1.1073716830713507,0.19905437656600194,-5.563161695689575,2.6493019654652674e-08,5.137545044924276e-08,rluE
b1136,10577.553362529208,-1.9660289341648,0.1379097227693021,-14.255912452623875,4.118832986433474e-46,2.882528268089054e-45,icd
b1137,20.31736971717284,-1.705788179191704,0.4453559271565345,-3.830168355640074,0.0001280556161144789,0.00019737423744255468,ymfD
b1138,24.288698135895242,-2.907809399659245,0.4463281016321005,-6.514959262090325,7.270938855906551e-11,1.6173154544568285e-10,ymfE
b1139,46.76556597924923,-1.5936169170441141,0.2904160137561406,-5.487358966307754,4.079875168056926e-08,7.808526299907212e-08,lit
b1140,52.96118229885676,0.9512893790276782,0.28871602676307434,3.2948963370444404,0.0009845799305087588,0.0014289880824594646,intE
b1141,5.502599072047992,0.611515037166611,0.791179364198995,0.7729158075118913,0.4395722089047648,0.47671763084473384,xisE
b1143,72.19953826916851,-1.2641957201116656,0.3025573211535664,-4.178367640523921,2.9360878357142235e-05,4.746477654356964e-05,ymfI
b1144,45.476077612938894,-0.29941437910473206,0.30280264540357116,-0.9888103147371013,0.3227559566557403,0.3582379528992861,ymfJ
b1145,677.8848773980136,1.3518484871200844,0.13981688019701777,9.668707277799198,4.0951807625988084e-22,1.4341277420015874e-21,ymfK
b1146,1.6424134986545775,1.737853671801008,1.505637836272653,1.154230871418074,0.24840552910329294,0.27980581860611453,ymfT
b1147,12.452738155819446,-0.1193207182153127,0.5554315593834594,-0.21482524030100336,0.8299035733798302,0.8480119614712193,ymfL
b1148,4.789447685243965,1.0793632371036253,0.9301759274302989,1.1603861218871474,0.245891634570662,0.27732897140149987,ymfM
b1150,0.29436144006027753,1.4548318459551972,3.524848506267024,0.4127359923039447,0.6798000517106397,0.7091184425664067,ymfR
b1151,7.894239416653334,0.6590946322602607,0.6804224446942949,0.9686550427600655,0.33271733049165186,0.3682729919095427,beeE
b1152,25.79015279071234,2.203876432541941,0.4508729049520665,4.888021454241614,1.0185443291521716e-06,1.802827558073124e-06,jayE
b1153,7.165274103163738,2.6815381173481065,0.8545077944257042,3.138108434868413,0.0017004195871198435,0.0024216263417992726,ymfQ
b1154,7.584165123340381,3.6031282726836555,0.9844114066760294,3.660185414602218,0.0002520328086984317,0.0003813848139877952,ycfK
b1155,11.959032562356116,5.827518160746419,1.4546095473936584,4.006242205125118,6.169238919028715e-05,9.724284709075057e-05,tfaP
b1156,7.439328422457467,3.111858066989946,0.8865299329830083,3.510155665606374,0.00044784443017383474,0.0006646699870617736,tfaE
b1157,5.991068577831413,3.867623289136277,1.1769103967849248,3.2862512725708113,0.001015303961753239,0.0014706706283770183,stfE
b1158,6.613878073600151,4.952401686018025,1.4988883567898723,3.304049740318516,0.0009529892225224365,0.0013840509922612226,pinE
b1159,50.76433880017941,1.931832949255208,0.3124381303992485,6.183089582525087,6.285901876755361e-10,1.3309543079113563e-09,mcrA
b1160,5.375284146303546,4.634899443632679,1.5476572233376786,2.9947842285367634,0.002746390457677951,0.0038294617658214576,iraM
b1161,8.477494714390446,3.7867719432806997,0.9702031405791567,3.9030712073558225,9.497974430229361e-05,0.000147843293641689,ycgX
b1162,848.9991541565979,0.5384602921228853,0.1169342834250549,4.604811149913903,4.128403301522416e-06,7.013983532729323e-06,bluR
b1163,206.77961521693229,-0.47599248214372775,0.193745341083789,-2.4567944678363927,0.014018286267070062,0.01830026576145979,bluF
b1164,26.227681224043806,4.71245927682156,0.7290709593392946,6.463649685199543,1.0220733456870473e-10,2.2620245689866176e-10,ycgZ
b1165,13.465011627002978,4.047265408576267,0.8255241594704928,4.90266137234828,9.454688833414252e-07,1.6768549655394655e-06,ymgA
b1166,80.6221862518541,-1.178624072244856,0.3545864374158187,-3.323940083085298,0.0008875526272599707,0.0012932825770269418,ariR
b1167,72.14340354907795,2.821773732851891,0.3717498286908858,7.590517910361239,3.186293396416138e-14,8.309279343023601e-14,ymgC
b1168,130.92747424452503,1.855341314197914,0.21637266130877184,8.574749245008698,9.93029110140221e-18,2.939686713407702e-17,pdeG
b1171,173.3035315878602,3.3065071052615163,0.2365791538459731,13.976324843118874,2.1742949370012082e-44,1.4634933199815472e-43,ymgD
b1172,85.50557324358311,5.597043106568312,0.5250903356149772,10.659200383136259,1.5794957002681378e-26,6.420073935900593e-26,ymgG
b1174,240.2703980989223,-1.116690518312245,0.17310175345515239,-6.451064163261408,1.1106746016695301e-10,2.4482671990732454e-10,minE
b1175,1354.0051784107022,-1.1394770558319847,0.105673522021107,-10.78299496447547,4.141767686643785e-27,1.7135396011847688e-26,minD
b1176,1182.7284825186086,0.10420046421376034,0.12051025510291984,0.8646605562719091,0.3872251247179045,0.4232840821972227,minC
b1177,91.64526979828366,0.762658337258204,0.21310828665264914,3.578736187304068,0.00034525976488597346,0.0005181839362523202,ycgJ
b1178,138.78925580602606,-2.553406163150824,0.2614619890562615,-9.765879057094532,1.577380602125931e-22,5.613281657686619e-22,pliG
b1179,199.17487359103714,0.07919379754583147,0.1683130116608752,0.470515005134569,0.637987116355481,0.672192265724468,ycgL
b1180,495.85528868865794,0.489977547656184,0.12788152714253065,3.8314959056602316,0.00012736649436755111,0.0001964346864727159,ycgM
b1181,265.3050529436841,0.520008334565976,0.16979027802690988,3.0626508219955935,0.0021938588931364566,0.003090357391227738,ycgN
b1182,59.5799803480542,-0.48192886909646404,0.254081345317289,-1.8967503044926262,0.05786090100942343,0.07055503774057671,hlyE
b1183,219.2139320811467,4.2157486535130015,0.24605364262756646,17.13345353677236,8.354487819467718e-66,9.03598412316877e-65,umuD
b1184,387.77681142873877,4.434075854129486,0.21417771570120345,20.702788054362333,3.2690119938644305e-95,6.12348544552818e-94,umuC
b1185,583.0343638383714,1.4430136786555812,0.14227803255991997,10.142209958152607,3.588871012377567e-24,1.3491212806563665e-23,dsbB
b1186,757.576010643138,0.7155547598947951,0.12128412627409979,5.899822028462777,3.6389387702506783e-09,7.3886570418097265e-09,nhaB
b1187,1580.0018740198577,-1.2734282903632272,0.1294869642178912,-9.834413047327262,8.003292304123409e-23,2.885380239373566e-22,fadR
b1188,5972.918575929606,-6.042083719563557,0.15238703924776015,-39.64959060422434,0.0,0.0,ycgB
b1189,5086.747068106455,-0.5763476621199123,0.1539460453505249,-3.74382895518756,0.00018123705351725597,0.00027701580193852804,dadA
b1190,4128.3268141476265,-1.4829518240273007,0.1289598441976123,-11.499330146172413,1.3294314058414102e-30,6.166656531626857e-30,dadX
b1191,520.728228233911,-0.3826533811546642,0.13179844989730502,-2.903322318682965,0.003692264181536332,0.005080758651804605,cvrA
b1192,257.5839103504484,0.08058724439232715,0.14447503832165318,0.5577935491729102,0.5769853681829521,0.6139447886732791,ldcA
b1193,380.43243890884787,1.4512985277728654,0.1712871290031028,8.472898905010986,2.393603036406156e-17,6.959471972430581e-17,emtA
b1194,22.78659019124017,2.477559128767478,0.4647639861656962,5.330789825621701,9.778653749926072e-08,1.8286165593532102e-07,ycgR
b1195,347.67279884434106,-2.6719129133959716,0.24025803386450667,-11.121013813435246,9.91389652378197e-29,4.320888366107746e-28,ymgE
b1196,36.8591165249235,1.1465686054527802,0.330928782609026,3.46469894946366,0.0005308253438446698,0.0007841252226859854,ycgY
b1197,313.77663241578756,-2.2821761275247767,0.17202824742545303,-13.266287145741796,3.631317653465826e-40,2.2048359049043537e-39,treA
b1198,651.7465627286044,-2.1245458244932145,0.16688901411170218,-12.73029166000833,4.013371900134752e-37,2.2391461475783495e-36,dhaM
b1199,371.43395401093466,-1.992581792013137,0.15285602771135692,-13.035676916685253,7.668341107314381e-39,4.5554706551144275e-38,dhaL
b1200,774.9887261429894,-2.3328042278855077,0.15943704370824688,-14.631507042706435,1.7682651473835086e-48,1.3082190216440681e-47,dhaK
b1201,1070.15184959548,4.07841543687698,0.14070717158013804,28.98512841297622,1.0131472296962002e-184,7.559108652750294e-183,dhaR
b1202,409.3884189827473,2.4884536069555825,0.1500993630041958,16.57870864439326,9.934059518705465e-62,9.739360802080502e-61,ycgV
b1203,1172.641164081281,-1.2711228810704922,0.11885214953237534,-10.694992779446855,1.0742802164686337e-26,4.403148522248534e-26,ychF
b1204,231.11908597992965,0.1390411764129252,0.15391193309690793,0.9033813923016638,0.36632351224046344,0.4023343565076148,pth
b1205,18736.79374023764,-1.274384278664961,0.1801027358938245,-7.0758740689883,1.4850968055863394e-12,3.62785579255886e-12,ychH
b1206,643.6406954511705,2.5994834951015564,0.14360959834714931,18.101042862175493,3.126910385437471e-73,3.8773688779424646e-72,dauA
b1207,1972.139778910356,-0.46485410392852305,0.11207092767386906,-4.1478563047257655,3.356029211427076e-05,5.3976034302893635e-05,prs
b1208,1625.5373931455442,-1.1752653136687146,0.1216382575185506,-9.661970975615786,4.3736691457774585e-22,1.5267955257503864e-21,ispE
b1209,300.86836246531806,-1.2311439947560094,0.15136652509946588,-8.133528823146339,4.1697088910843033e-16,1.1602439025634072e-15,lolB
b1210,1660.6667039649667,0.4051604406451566,0.1117782308616891,3.62468109865229,0.0002893182288827556,0.00043615713819927744,hemA
b1211,488.03218104281723,-0.769318774794562,0.13154399660515967,-5.848376168041608,4.963949757239614e-09,1.0018939399985686e-08,prfA
b1212,250.33685092093864,0.9002157965600098,0.18416110968406796,4.888197068883588,1.0176363647088368e-06,1.801945002996098e-06,prmC
b1213,26.280681728270707,1.600097253975556,0.38354452144230994,4.171868360831824,3.0211216698999425e-05,4.8821503637663535e-05,ychQ
b1214,472.678895155351,-0.5534008252602046,0.13163576576884836,-4.204030888018483,2.6220313271327976e-05,4.2496987857284886e-05,ychA
b1215,1432.0879740974333,0.23981876743121996,0.10779131846610158,2.2248430656930744,0.026091775201404856,0.032985638838766276,kdsA
b1216,288.2258252628447,2.962399941216402,0.18954388389358862,15.629098023967453,4.612864498534099e-55,3.9352382795633926e-54,chaA
b1217,182.58547539367729,-0.8265952211039028,0.16589979030812696,-4.982497081935192,6.276893757082509e-07,1.1218386649889242e-06,chaB
b1218,842.4886904445469,0.4090153650885556,0.11354813766289387,3.602131866775802,0.00031561818154924573,0.0004746673164262999,chaC
b1219,681.9054389054681,-1.3821443371349111,0.1662635563977496,-8.31297228978087,9.333431916948575e-17,2.659272964298228e-16,ychN
b1220,283.80947305262845,0.6429666664435221,0.1606368791473949,4.002609300281275,6.264771001846431e-05,9.859678923892738e-05,ychO
b1221,829.3771394703326,-1.7749823774523243,0.7394387252485634,-2.400445522860142,0.01637512796392356,0.021207211914442924,narL
b1222,1122.879145433429,0.38491460316871645,0.5605046219895155,0.6867286870935322,0.49225371586855904,0.5300638104827292,narX
b1223,1789.147915441544,-4.558662317163536,1.216799285476293,-3.746437371862142,0.0001793637568319914,0.0002742477449025447,narK
b1224,10889.046508023697,-5.3892259505788225,0.9991741011680224,-5.393680585074096,6.90288823249289e-08,1.3075092082372504e-07,narG
b1225,2622.707124906857,-4.211337732934974,0.9845768493022115,-4.277307287815705,1.891675960409869e-05,3.092149119095523e-05,narH
b1226,519.3540935221066,-3.286153102066691,0.9378657328354842,-3.503863065911943,0.00045856108989359925,0.000679658558152062,narJ
b1227,557.5555480004713,-3.7447316786795906,0.8354640272688073,-4.482217733444958,7.387131628977513e-06,1.2345540406514432e-05,narI
b1229,0.0,,,,,,tpr
b1230,320.85619475370976,4.849286867567488,0.2751284524976698,17.62553753908298,1.568705866622396e-69,1.8029877871727906e-68,tyrV
b1231,512.0791805576285,4.893352334528229,0.2378439641994619,20.57379236424323,4.713235011255999e-94,8.468432865122002e-93,tyrT
b1232,280.33318270087483,-0.07791787949681175,0.17220758136463007,-0.45246486176371903,0.650934129439323,0.684686269484325,purU
b1233,169.6364892855235,-0.8020760328530236,0.1839900591182639,-4.359344394457042,1.3045267460555607e-05,2.150759077204711e-05,ychJ
b1234,698.2104390972017,-0.929086535516598,0.1592262489659095,-5.83500862169727,5.378778571971268e-09,1.0846258943571929e-08,rssA
b1235,1035.703182703813,-2.172410941043379,0.12188384098867501,-17.823617334517962,4.634067531116105e-71,5.51328791134408e-70,rssB
b1236,1055.9775987265716,-0.7673885405675345,0.1353953161460423,-5.667762832650735,1.4467402837582363e-08,2.8456437574190152e-08,galU
b1237,14450.293158888124,0.05821686741372113,0.12991956445795,0.4480993117288637,0.6540815247556706,0.6868480133526865,hns
b1238,67.14040885869483,1.1386096380818533,0.2749844220199983,4.140633239213265,3.463483588449754e-05,5.5663580709586766e-05,tdk
b1241,15570.395518565929,-4.1182994874228,0.14838672513099735,-27.753826926142636,1.5666930358433487e-169,9.447373621619754e-168,adhE
b1242,255.61094435190543,1.366750840442029,0.15777964467653866,8.662402829236823,4.619226948673997e-18,1.3860829603314883e-17,ychE
b1243,24018.957932418383,-1.6493296974737248,0.11090653011916199,-14.871348834929966,5.058384087009279e-50,3.8457697324723395e-49,oppA
b1244,1781.6821911719865,-1.6063472257446514,0.15758493000621446,-10.193533262865326,2.1191912437055253e-24,8.083778037081214e-24,oppB
b1245,2134.7669025719533,-1.7878168524058706,0.15870949348864974,-11.264712734614882,1.9599005015332086e-29,8.723439846055798e-29,oppC
b1246,3243.0529104755383,-2.4519815323461054,0.15209975965766387,-16.120877099772308,1.820075717575561e-58,1.6831876699091637e-57,oppD
b1247,3549.4736857985663,-2.695503893817119,0.14339112289245462,-18.798261980546627,7.803167336440933e-79,1.083581785962555e-77,oppF
b1248,263.23886564456785,0.455340396585327,0.16825465543116144,2.70625734199445,0.006804629229018136,0.009127991672777782,yciU
b1249,1186.3711704643408,0.8389855578596782,0.1118641514107229,7.500039532586631,6.379858931378245e-14,1.6452336857602246e-13,clsA
b1250,384.8408529056788,-1.42587320762637,0.19141813034629615,-7.448997673557937,9.405203008805266e-14,2.412686692585127e-13,kch
b1251,297.71406320823013,-2.106107337097469,0.16327931222190517,-12.898800885657566,4.5715533830851755e-38,2.6409419937455307e-37,yciI
b1252,653.6855295248257,1.2415192001717614,0.19649883844182284,6.318201216946819,2.6462531961738547e-10,5.724229272509734e-10,tonB
b1253,84.57287121198716,1.5674146758890075,0.23372605408864924,6.706204329682936,1.9975197295188712e-11,4.608533464015761e-11,yciA
b1254,484.7264158497692,-0.8901264959137919,0.14213601020101083,-6.262498114692836,3.788584590797013e-10,8.13132587454337e-10,yciB
b1255,493.9173157709403,-0.8852871946776865,0.128629289319328,-6.882469765341867,5.8823652961712865e-12,1.3914117159455134e-11,yciC
b1256,319.80292634563665,-3.1818917001133795,0.237837314194974,-13.378437739609403,8.082844336007529e-41,5.00431515711746e-40,ompW
b1257,93.24243425226946,-0.7281036778364308,0.34176885425202685,-2.13039798325073,0.03313877016728991,0.04143052152127526,yciE
b1258,35.41025098055625,-2.8986316668848393,0.4383220671900659,-6.613017878536173,3.765629541224158e-11,8.496310220640053e-11,yciF
b1259,222.86144031843912,-4.2866729281674045,0.325088462337798,-13.186173687435089,1.05400729286862e-39,6.347113684278612e-39,yciG
b1260,353.1074063287073,-1.6693999913691522,0.16782867947133603,-9.947048362817357,2.5977380518911677e-23,9.513513231634708e-23,trpA
b1261,541.942992360528,-0.4572837396467603,0.17505342438220364,-2.612252466700382,0.008994780269930185,0.011944199924052087,trpB
b1262,463.4279551398063,-0.14032962761690346,0.15771729422750433,-0.8897542168995146,0.37359787492501784,0.40971047469355465,trpC
b1263,162.40139804655917,-1.6724433213044037,0.2529608529875844,-6.6114709116137,3.805198983066883e-11,8.581191559149805e-11,trpD
b1264,114.45195246188761,-1.5861932834415744,0.2661131765137087,-5.960596556029094,2.5131875036813873e-09,5.151169801967883e-09,trpE
b1265,9.356243920028868,-0.7106921439607159,0.5798643735964806,-1.2256178794927597,0.22034250630381613,0.24998652390448417,trpL
b1266,276.3126176697216,-0.08249345811243783,0.14265070118273782,-0.5782898887174932,0.5630684198002776,0.6013166385154832,rnm
b1267,313.6429559348475,-1.2379393601824975,0.14474118960851973,-8.552778677104573,1.2016016369860494e-17,3.549966715444691e-17,yciO
b1268,93.2111981869374,1.5982591984697279,0.240809851427015,6.63701750156235,3.200936551169813e-11,7.278162550748718e-11,yciQ
b1269,703.8026891060234,0.6890847741331592,0.12602259760509066,5.467946124174509,4.552802098122477e-08,8.694765655503316e-08,rluB
b1270,213.36045642723062,-0.48651686231701996,0.15701107372440806,-3.098614962476935,0.0019442752125000463,0.0027546506229241077,btuR
b1271,268.52256986567204,-0.2859686038362123,0.14342789772266484,-1.9938143720768124,0.04617234435184564,0.05698084099714733,yciK
b1272,1080.058555827545,-1.2002403547134228,0.12148578721846401,-9.879677139146072,5.099695013970973e-23,1.8506889902308512e-22,sohB
b1273,966.5678818861502,-1.9423087419310239,0.12409166530578171,-15.65220949485096,3.2088246047188626e-55,2.748102317115259e-54,yciN
b1274,5551.115405370302,0.16785330053143632,0.10817028948388141,1.5517504975934113,0.1207219347610045,0.14163591599625316,topA
b1275,3335.296021598369,-1.0686947313082766,0.12160677936523019,-8.788118038210605,1.5208613127953377e-18,4.668641212639523e-18,cysB
b1276,8612.73094559149,-3.8916982840338163,0.16925622089977038,-22.99294089957491,5.4845168972194815e-117,1.4285706142935004e-115,acnA
b1277,952.1951787636689,-0.7948987611992497,0.1159901630409591,-6.853156684662566,7.223788789193472e-12,1.700487606953458e-11,ribA
b1278,597.6706194306608,-1.212079270909382,0.12025120252814607,-10.079560498579479,6.802973104968303e-24,2.5421636339618396e-23,pgpB
b1279,656.5425745166158,-1.0914214766317234,0.12644008392674397,-8.631926227319369,6.0327291196523036e-18,1.8028563193964316e-17,lapA
b1280,993.7882703983508,-0.19281202462079225,0.11794499642896558,-1.6347622235667845,0.10209890275260526,0.12097964196957427,lapB
b1281,575.6771233142683,2.5198365492886245,0.17451569234372064,14.439025599632803,2.9396864761232083e-47,2.1041463199828235e-46,pyrF
b1282,51.0402366159299,2.1048564076920644,0.3004908677905347,7.004726709895595,2.4746840299973123e-12,5.978901811222925e-12,yciH
b1283,2844.9652298192536,-2.049915300909007,0.12432312071521981,-16.488608789065356,4.430332808416241e-61,4.2956663045480823e-60,osmB
b1284,259.0926619271022,1.400209721956846,0.16518123392287742,8.476808707038714,2.3145504278789285e-17,6.738525782753336e-17,yciT
b1285,517.1266651470168,-1.1333383885412882,0.17314515366480088,-6.54559694310224,5.925820296357051e-11,1.3254807390530357e-10,pdeR
b1286,1301.1810817352386,-0.3897875713821683,0.14377033365816486,-2.711182213077043,0.0067043772294106225,0.00900325459544404,rnb
b1287,314.44095489195956,-2.626770131313346,0.28398538806505164,-9.24966650295275,2.2519419380349492e-20,7.408855314820513e-20,yciW
b1288,4608.577224969984,-2.366424448977615,0.12292554953752763,-19.250875492366013,1.3879748358774922e-82,2.036621742510907e-81,fabI
b1289,130.30727913510918,-0.8767748622867915,0.18777662860198602,-4.66924381811762,3.023104204443257e-06,5.194264132692903e-06,ycjD
b1290,227.36177961113538,-1.5740862949600642,0.17345009690297414,-9.075153736239127,1.1351713392122358e-19,3.621032054501639e-19,sapF
b1291,424.68226685078304,-2.3220681687145914,0.1726684521823287,-13.448132182609774,3.157475095125155e-41,1.9715184920199905e-40,sapD
b1292,225.7630567855413,-1.4186799702841053,0.17131553339885547,-8.281093617945,1.220491904322611e-16,3.4684347080878847e-16,sapC
b1293,259.5895312833539,-1.6092262354751325,0.19638561672246702,-8.194216370485512,2.5223098366960184e-16,7.090171073522269e-16,sapB
b1294,773.144002224199,-0.9541803206455638,0.13795100019877854,-6.916806107028229,4.619396377988212e-12,1.0991666408596817e-11,sapA
b1295,153.41298026226448,0.452036368249691,0.17445754804412295,2.591096649686743,0.009567061854356887,0.012669737148880571,ymjA
b1296,1540.1029472919115,2.5902447694849817,0.4413192207437564,5.869322358359184,4.37579913895105e-09,8.860288780893525e-09,puuP
b1297,5913.674852225028,3.911000466105167,0.5678865143805185,6.8869402020780495,5.70051693655247e-12,1.3505745723737337e-11,puuA
b1298,1419.8777365080607,3.7959461268343544,0.4646813674411468,8.168922605477874,3.111556848232941e-16,8.724250475109177e-16,puuD
b1299,1126.6776971961754,3.144169699249686,0.2715807709511756,11.577291309092498,5.371662496941333e-31,2.5262882811469818e-30,puuR
b1300,2916.495602340283,2.355219956742443,0.6933406128897456,3.3969161952394793,0.0006814983474548244,0.0009996520244905489,puuC
b1301,926.323409801886,0.7971445659195351,0.6996808149714231,1.1392974465822574,0.2545791130436693,0.286539825011054,puuB
b1302,738.8719844380016,-0.43591558095228794,0.6630505023374382,-0.6574394852512195,0.5108983697459437,0.5492001522885578,puuE
b1303,483.9397189058033,2.294296482300744,0.14160464990082952,16.20212672329275,4.871284513222082e-59,4.572152329894159e-58,pspF
b1304,7610.958611253026,5.047538588803534,0.19039744762248229,26.510537046755648,7.3276194347213366e-155,3.5061066034394916e-153,pspA
b1305,303.0524996392498,5.330014668254687,0.2837141190518905,18.78656827536963,9.726960506324922e-79,1.3422595657944297e-77,pspB
b1306,992.5041784045558,5.068719325923923,0.18083437368611205,28.02962303351731,7.0781694904675e-173,4.45115744243399e-171,pspC
b1307,461.4113172869002,4.8371857807191985,0.23699407959711052,20.410576453818614,1.346868407030803e-92,2.3715658910998378e-91,pspD
b1308,2057.853836757364,0.43755612294997526,0.1769205439115101,2.4731787121840783,0.013391715690270192,0.01750306783508592,pspE
b1309,248.0913311184169,6.505582796510734,0.4290558213605982,15.162555715665592,6.2585797003126256e-52,4.9729725344361334e-51,ycjM
b1310,120.39015417188115,6.465703911341991,0.5882786142072751,10.990887234707216,4.227497405837199e-28,1.8102571576357345e-27,ycjN
b1311,69.46368612290547,3.9366668100910647,0.4633644364153959,8.495832870872142,1.965185991643976e-17,5.740377395631575e-17,ycjO
b1312,56.73997088788698,2.3552151276051627,0.33101461999724413,7.115139287880309,1.1179987092600825e-12,2.744802185255373e-12,ycjP
b1313,92.73075559060027,2.2961399055570633,0.31300316389833016,7.335836088554353,2.203415579258808e-13,5.580802865303379e-13,ycjQ
b1314,57.367967248818694,1.759638642823141,0.28337373499490787,6.209603874737231,5.311832831441452e-10,1.1301444235865282e-09,ycjR
b1315,80.67381379451602,1.695492914809018,0.24239531980206525,6.994742787086487,2.6574601291512333e-12,6.409939445766427e-12,ycjS
b1316,146.0037337892642,2.1404376875505613,0.19781463173332922,10.820421466274807,2.755074949185252e-27,1.1484696899918068e-26,ycjT
b1317,12.141760977090259,2.245936133221859,0.5986735196462907,3.7515207529954004,0.00017576520104478893,0.00026902587447815053,ycjU
b1319,61.119702498262505,9.16420414875249,1.9536791862804839,4.690741557317698,2.7221663848666134e-06,4.699206441640326e-06,ompG
b1320,185.203021494701,3.213442384123143,0.22062979182672005,14.564861606028899,4.699352577988841e-48,3.453514198381783e-47,ycjW
b1321,684.0020908789065,-0.9527539090804436,0.13533738128964864,-7.03984294657928,1.9245663404942497e-12,4.683217816946206e-12,ycjX
b1322,364.78764954837385,-0.8411924114057128,0.15891005971132494,-5.293512650702025,1.1998893723419803e-07,2.2277153171865867e-07,ycjF
b1323,1785.4486387790712,-0.5130651617736695,0.11107419655986543,-4.619121070996393,3.853689584947688e-06,6.562453211968945e-06,tyrR
b1324,2895.324632911546,-1.9846855125946516,0.12956334739024558,-15.318263633747952,5.773942824016391e-53,4.7508217404336736e-52,tpx
b1325,1206.5726181111906,0.1465199043933628,0.10943269266273352,1.3389043148643918,0.1806018248041229,0.20739094690690255,ycjG
b1326,528.4266806455166,-0.9529854878732347,0.13396837441207562,-7.11351087191616,1.1312756973117415e-12,2.775850401096035e-12,mpaA
b1327,60.96186244466656,-1.2998609101646608,0.2626919948301365,-4.948231905601785,7.489065030645987e-07,1.3352314404578224e-06,ycjY
b1328,131.06165009453497,0.7286359264598209,0.2036599472914342,3.5777085094554906,0.0003466196885918943,0.0005200476718410083,pgrR
b1329,740.6032869481245,1.5012886232206841,0.14187703686314343,10.581618113922467,3.62640565284218e-26,1.4605157990678203e-25,mppA
b1330,248.3038711722522,1.7548936081249784,0.16957667488053393,10.348673302866056,4.243248486519527e-25,1.661813152816633e-24,ynaI
b1331,7.5464413222379,6.151771082496228,2.0303487331834345,3.029908597450997,0.002446277591144271,0.003424010796889374,insH4
b1332,2487.188214914613,1.2614486850899416,0.17812361152192938,7.081872382396875,1.4221960205235343e-12,3.4799927083627564e-12,ynaJ
b1333,6533.802606132805,-2.4457455987383176,0.17032157831427178,-14.359575709341467,9.279349464629306e-47,6.567153752941834e-46,uspE
b1334,5087.981787682689,-0.39232169919374094,0.12698300730626952,-3.089560623237586,0.0020045279311069965,0.002832722938277046,fnr
b1335,134.75642444125057,-0.14225460151235464,0.22914307427590788,-0.6208112637132027,0.5347238112935901,0.5729927500765296,ogt
b1336,43.133317897671425,0.5078546790038689,0.29309226899745927,1.7327467583536682,0.08314068973384757,0.09920989867400298,abgT
b1337,49.132569237323544,0.8843631749141895,0.2800595101779058,3.157768769760413,0.0015898160757330095,0.002270723674684201,abgB
b1338,54.258139355352874,0.6765115618175372,0.26027662725421175,2.5992021218132257,0.009344073652741402,0.012385610424380505,abgA
b1339,168.74032517995167,0.4224855019791597,0.20871014413995823,2.024269130377518,0.042942468034854166,0.05317376773260986,abgR
b1340,470.0130333720859,1.9512871770323257,0.15590051861619356,12.516232751195243,6.085566515359797e-36,3.3277843230576183e-35,smrA
b1341,402.0000728706628,-2.938323446320086,0.16076236061900578,-18.27743406482866,1.2517830673125078e-74,1.5879968479278556e-73,dgcM
b1342,629.3317384292358,0.3912303316971279,0.1310119163366756,2.9862194419913726,0.002824498794798301,0.003932145380993713,zntB
b1343,550.8699734707287,-0.9337596975059809,0.13338657023182823,-7.000402633361738,2.552279557903462e-12,6.1629921085524075e-12,dbpA
b1344,590.5387511670151,0.13584620062716599,0.12955121341318368,1.048590723684736,0.29436652707360766,0.3284667812872043,ttcA
b1345,54.35039735204014,0.4866491251570992,0.30058120020793094,1.6190271541282466,0.10544142075221566,0.12453800218708166,intR
b1346,0.6756172891428108,2.6795762277610877,2.855930924405254,0.9382496631353604,0.34811612154720706,0.3836773077242878,xisR
b1347,1.398767039319903,2.5029316860112645,1.8746862030866742,1.33512034274866,0.18183696244715675,0.2085581836092715,rcbA
b1348,0.5935169664894503,2.462296406950137,2.722279109831103,0.9044981457110413,0.36573131716614826,0.40178419220498746,ralR
b1349,57.48190208383471,1.4649331892182,0.26662604598371986,5.494336398431414,3.921822970347698e-08,7.519104841232826e-08,recT
b1350,72.0178996738733,1.3561009260267167,0.27174663358254475,4.990313617315862,6.028134073304725e-07,1.0795706342834579e-06,recE
b1351,9.078265728829543,2.559146238600738,0.7737250842709779,3.307565297578566,0.0009411076887227345,0.0013676976050701476,racC
b1352,2.2169160949797546,4.387317043976427,2.2326120684063286,1.9651049575791995,0.0494020909451033,0.0607792074735452,kilR
b1353,61.15787545375536,5.47009015300493,0.5884141708002645,9.296326336881743,1.453821207596257e-20,4.8118202675479126e-20,sieB
b1355,23.34965900061918,2.9446695471481927,0.5119425559227292,5.751953052312086,8.821830073118521e-09,1.7579760419129368e-08,ydaG
b1356,518.9497550629802,-1.1373537741200783,0.12823021829350334,-8.869623628939118,7.339353643656717e-19,2.2816267471311347e-18,racR
b1357,14.354294609761103,1.3389427573733863,0.5009224355217494,2.6729542588340527,0.007518650160948206,0.010041595269567355,ydaS
b1358,16.608955887891977,0.48217286756148764,0.4520476027123156,1.0666417976080802,0.28613361853179786,0.31968532710075487,ydaT
b1359,32.37465236037079,0.6065772017887783,0.3298593674573657,1.8388963953469604,0.06593042610246293,0.07988597184229061,ydaU
b1360,36.31287840673709,2.4261446944253935,0.40725282040212496,5.95734289090938,2.563719752032297e-09,5.249067138812172e-09,ydaV
b1361,22.144267869258528,0.5652389891675623,0.4257392082033161,1.3276648668393884,0.18428884492158382,0.2110953669905834,ydaW
b1362,0.0,,,,,,rzpR
b1363,183.956312231801,0.5580147265595844,0.17778531991928695,3.1386996789887847,0.0016969927155735963,0.00241752813396601,trkG
b1365,23.159747455199156,5.282740629208384,0.89335104604797,5.913398380824997,3.351203127256031e-09,6.823309975106868e-09,ynaK
b1366,60.03582386690488,5.445569426824571,0.5909338448650309,9.21519299350393,3.107188408079541e-20,1.0176966794915281e-19,ydaY
b1368,50.86930434168203,3.858803545734888,0.4157283188734245,9.282031967876996,1.66276756168466e-20,5.499250793791039e-20,ynaA
b1370,35.20901408550042,-0.06874334047152325,0.3372676348720573,-0.2038243026123781,0.8384908007469246,0.8563889802524275,insH5
b1372,120.47578380722545,1.6164706548763557,0.2060629614397933,7.844547334376973,4.345179822771659e-15,1.165599121257821e-14,stfR
b1373,0.0,,,,,,tfaR
b1374,0.26257637746689194,1.3204947578246937,4.099698946035331,0.3220955429182662,0.7473803147463765,0.7726557410788044,pinR
b1375,0.0,,,,,,ynaE
b1376,794.7066120942294,-1.882533970637449,0.17611447286123452,-10.689263295928836,1.1427505430918314e-26,4.67074084558054e-26,uspF
b1377,56.74292159879815,4.329852066621754,0.44397523733019295,9.75246298117649,1.8004608484075283e-22,6.391636011846725e-22,ompN
b1378,3952.287774128095,-3.6202467576753907,0.13439003523020893,-26.938357084838472,7.809631773157504e-160,4.092618936361826e-158,ydbK
b1379,639.919980850607,-0.934655949645846,0.19792858755444834,-4.722187740508837,2.333211505072031e-06,4.0404394356125415e-06,hslJ
b1380,333.4724313192191,-0.9494247029788815,0.20398196272555263,-4.654454199248412,3.2484003117369505e-06,5.566157326689784e-06,ldhA
b1381,570.3655691965666,-1.2737098854303464,0.13435974614893004,-9.479847364541106,2.5465529325989995e-21,8.66970302343449e-21,ydbH
b1382,0.1360822751023412,0.5268438808493364,4.426109897033248,0.11903090820281519,0.9052508686458667,0.9129242437065532,ynbE
b1383,26.88240607629881,-2.1352287128447207,0.4071458854071207,-5.244382393081596,1.5680668746593979e-07,2.899046779609689e-07,ydbL
b1384,222.1936766658736,0.3722963104190849,0.1553614973172773,2.3963228782404564,0.016560495170919818,0.02143466619887946,feaR
b1385,999.6003819553429,1.9298538300703023,0.1306081675958899,14.775904643585498,2.0952490361984885e-49,1.5820388091502138e-48,feaB
b1386,62.164218933200914,1.159719468959819,0.26719947186638915,4.340276052415728,1.4230383145007696e-05,2.3417624898812664e-05,tynA
b1387,69.16657173793008,1.1441028534571658,0.24551744712213322,4.659965582356471,3.162622615962931e-06,5.427627584978099e-06,paaZ
b1388,42.80241730184241,0.2662980636379351,0.4388440666833034,0.6068170538354619,0.5439723292243892,0.5824777896486891,paaA
b1389,5.422293711475606,0.9159139305650484,0.8570592892016865,1.0686704433460867,0.2852181942984573,0.318824401041597,paaB
b1390,31.99941103317858,-0.5277918186947242,0.3690655946620758,-1.4300759169328192,0.15269523140552319,0.17693193173127483,paaC
b1391,22.625323044331065,-0.7832138192761288,0.386856531400962,-2.0245588627902924,0.04291268197702781,0.05316679596478368,paaD
b1392,70.66568158522023,-1.0823854018164079,0.24394711839538924,-4.436967359713095,9.123512142653026e-06,1.515535866111646e-05,paaE
b1393,41.39343206180846,-0.7209525304968929,0.31788409476922164,-2.2679729573141807,0.02333085497554721,0.02963994909158985,paaF
b1394,28.98515664820893,-1.5356603582713109,0.36847413156812253,-4.167620537528568,3.07795760207703e-05,4.970348262781763e-05,paaG
b1395,95.26361354289249,-1.3663400215550703,0.2233900365493399,-6.116387474842856,9.572042046696352e-10,2.0045732202453543e-09,paaH
b1396,18.50716211113184,-1.5339963320080459,0.4363219513871312,-3.5157441131055807,0.0004385234131855183,0.0006514951281952925,paaI
b1397,730.1953254164887,0.711421585458124,0.13456733398598036,5.286733149757147,1.2452008023655262e-07,2.309892091029518e-07,paaJ
b1398,643.1726207812832,-0.10849778815158244,0.13947422446415503,-0.7779056565356018,0.4366246333531061,0.4737544086813835,paaK
b1399,516.57911222824,-0.7046945512028382,0.13095211387034864,-5.3813148209316655,7.394374445869313e-08,1.399061006391274e-07,paaX
b1400,229.31505082976764,-1.5289436359391169,0.18749220220945986,-8.154705197984892,3.5003263814522497e-16,9.789349892727322e-16,paaY
b1402,6.720564672507037,2.9779416010672204,0.9745160784983278,3.055815770280624,0.002244491210413022,0.0031566294914498797,insD2
b1403,0.29436144006027753,1.4548318459551972,3.524848506267024,0.4127359923039447,0.6798000517106397,0.7091184425664067,insC2
b1404,0.0,,,,,,insI2
b1406,630.2113242299148,-2.2680699650680847,0.1798418596802843,-12.611468593019275,1.8255912011532548e-36,1.0121224770121698e-35,pdxI
b1407,247.62680509202448,4.325472988695626,0.24331528088070273,17.77723525229968,1.0608391249582796e-70,1.2553262978672975e-69,ydbD
b1408,27.83288652728075,8.032601344818532,1.966578117273164,4.084557472833294,4.416089561627886e-05,7.038242668459795e-05,ynbA
b1409,80.05686882720703,7.102148398210559,0.85859143505634,8.271860291437129,1.3188479383253268e-16,3.7431132330806505e-16,ynbB
b1410,399.6886773888912,3.9215377250692907,0.1992484794429611,19.681644427263546,3.097859657067942e-86,4.7848344597940627e-85,ynbC
b1411,202.49775701225875,1.8311906892984997,0.18976362532444302,9.649850893013205,4.92272544600595e-22,1.715743263128915e-21,ynbD
b1412,136.85919682956288,-0.2229268612514339,0.18611651661055073,-1.1977811819781095,0.23100221499987272,0.2612722894217471,azoR
b1413,2839.475286513373,-1.2478213822454867,0.10766083087082898,-11.590300503463677,4.615105343501614e-31,2.175127807504722e-30,hrpA
b1414,738.96342215673,-1.6734378190467922,0.2156768931696124,-7.759003732174356,8.559913171597243e-15,2.272662109853502e-14,ydcF
b1415,6043.799750664341,-1.2972685196378941,0.17307722492000308,-7.495316152876246,6.613874897313873e-14,1.704582979975156e-13,aldA
b1418,443.102054572585,1.8328769287042346,0.16120995120988665,11.369502409425879,5.9324813388481326e-30,2.6839447948211183e-29,cybB
b1419,338.5449607950813,0.8651279632400252,0.16144994140771338,5.358490413169597,8.392018884994172e-08,1.5787037235788182e-07,ydcA
b1420,5.015969543503411,1.7725611032478088,0.9023733808814144,1.9643322163564023,0.04949157794642256,0.06085528662574081,mokB
b1421,308.17380050016885,2.70279172301915,0.17563436075822508,15.388741197058593,1.9478487380435953e-53,1.6208752636801335e-52,trg
b1422,1211.093819752473,2.2885532596865765,0.175839671700218,13.014999616174439,1.0054280107696208e-38,5.940797454238753e-38,ydcI
b1423,1723.9335894463939,-2.672663637084782,0.10998315915988675,-24.300662551431422,1.92895922417823e-130,6.531752696025052e-129,ydcJ
b1424,733.1517713360809,-1.0142805429546204,0.1204452948239276,-8.42108896356094,3.7300088614380056e-17,1.0788107101215572e-16,opgD
b1426,1859.3381278097204,-1.4025904779258778,0.25154211229118556,-5.575966843683958,2.4615881240759462e-08,4.781955393725646e-08,ydcH
b1427,271.625264187972,-1.31860164845245,0.1987107005286785,-6.635785817996981,3.2277825256062885e-11,7.335414908476449e-11,rimL
b1428,309.059078223256,-2.9064409961955437,0.19286917395978517,-15.069494707337528,2.5707159771135826e-51,2.0171643014712996e-50,ydcK
b1429,350.87867070052454,0.7449437284118896,0.15088073067396512,4.937301967483325,7.921077335775188e-07,1.4105413605211317e-06,tehA
b1430,185.7400141049337,-0.4059868993279165,0.17208140789623944,-2.3592723019369757,0.01831081411184647,0.02352720482205142,tehB
b1431,754.693046948962,-1.6304279677400857,0.182163617032105,-8.950349110891526,3.543598518571217e-19,1.1150050520908147e-18,ydcL
b1432,587.8348872940757,0.16318428625912554,0.14126925336230195,1.1551295301364684,0.2480373870734589,0.2794626511127121,insQ
b1433,110.1608035665111,0.6595878411793552,0.2218773119637239,2.9727592936009395,0.00295135805611822,0.004102266549741839,ydcO
b1434,63.981131728500905,1.2304572945324017,0.2696738974720081,4.562760081962038,5.048549462653867e-06,8.52790281450588e-06,sutR
b1435,519.8425580900961,0.7656167446852278,0.15048357846505592,5.087709585953348,3.6241377488878337e-07,6.562506939779615e-07,rlhA
b1436,47.381807480766405,1.1620210552906882,0.2830265095168272,4.105696873676071,4.030977994014332e-05,6.450150901363537e-05,yncJ
b1438,67.22772208652391,0.31022399004155565,0.23433929579569096,1.3238240261335636,0.1855614947689801,0.21238733748649255,hicB
b1439,598.7796669449772,2.5932114152864223,0.15249860399522525,17.004820682605175,7.563626338167095e-65,8.022911600147362e-64,ydcR
b1440,2240.6566335395482,-3.7413006022290367,0.14273362513314222,-26.21176754068387,1.9513475943942105e-151,8.947741781795119e-150,ydcS
b1441,828.459838450464,-3.5283096694165748,0.15317739266104696,-23.034141057773887,2.1212041518187636e-117,5.59134172233904e-116,ydcT
b1442,402.58924959128336,-2.8026205722978186,0.17702764207379834,-15.831542122271939,1.885429782319105e-56,1.653319103937988e-55,ydcU
b1443,579.2005156575955,-4.836797315488099,0.20713501659472308,-23.350939860408523,1.3481870414835733e-120,3.709199597881681e-119,ydcV
b1444,4358.719074219304,-6.348603161662828,0.16588165212652767,-38.27188287719956,0.0,0.0,patD
b1445,101.08146167641816,1.4488693283442864,0.21402435286583973,6.769647046906405,1.2909694467839131e-11,3.0020324906195376e-11,ortT
b1446,649.2195840516259,0.34425525437041804,0.15554961854193827,2.2131539607575585,0.026887032947219426,0.03394227675183824,ydcY
b1447,131.9364062006031,0.3054613531443268,0.1807511060548407,1.6899556512348448,0.09103643948263683,0.10822101177493042,ydcZ
b1448,250.22484684850474,-0.7672167591276593,0.14694620321234375,-5.221072354070946,1.7789001648681233e-07,3.276451266003966e-07,mnaT
b1449,602.3658963281159,-2.065172689362602,0.1453100664339441,-14.212179101173284,7.699190832988193e-46,5.3626326023439914e-45,curA
b1450,96.73123843077671,0.7528034254070759,0.24640971403259507,3.0550882637179435,0.002249942969566033,0.0031632861552314522,mcbR
b1451,227.23794839255925,0.9719908107405858,0.23527379738282653,4.131317730886146,3.606896263695472e-05,5.792614867853874e-05,pqqU
b1452,626.0355312412463,1.5240762208230354,0.13605887066771685,11.201593937562045,4.004625615405274e-29,1.7646007966980997e-28,yncE
b1453,312.05776392155843,3.682934217331007,0.18977791747850326,19.40654774941444,6.794138960853174e-84,1.024239715947797e-82,ansP
b1454,100.2095663755254,-3.0279211029800606,0.24412659695270372,-12.403077504769708,2.5147627480176917e-35,1.358280443775936e-34,yncG
b1455,1.4245830598042495,2.59293641866021,2.0106906052468583,1.2895750404831021,0.1971982463991947,0.22477127929809815,yncH
b1456,22.154941363074514,2.4169547124855257,0.4873716985638144,4.959160984537677,7.079828116654265e-07,1.2637850332693147e-06,rhsE
b1457,3.446183561587368,-1.332364326653719,1.023729629570004,-1.301480672405028,0.19309397597148337,0.22049278397573793,ydcD
b1459,29.443773108605395,2.587079739496988,0.43559422098915396,5.939196653303178,2.86422125761073e-09,5.856155121227326e-09,yncI
b1460,0.43044371516261876,2.010927280272348,2.923449821902377,0.6878610555264386,0.4915402831207851,0.5294250859549049,ydcC
b1461,78.52650041540693,-1.369037933380893,0.24237232870788936,-5.648491066118679,1.6186226195562652e-08,3.1752124649227625e-08,pptA
b1462,82.33597376701867,-3.2016454987983907,0.28183214291761133,-11.360114803279679,6.605777288826746e-30,2.985485793163792e-29,yddH
b1463,138.2633128498284,0.5827226315890472,0.17722751159703923,3.287991950786845,0.001009047243944858,0.0014623615228697303,nhoA
b1464,674.0996803943335,-1.5022964712027274,0.15638024268717446,-9.606689728752661,7.491886033945291e-22,2.5988402144544658e-21,yddE
b1465,171.41552359850724,-2.3153753160428563,0.24530510882437281,-9.438757012193165,3.77227608061712e-21,1.2783340497980417e-20,narV
b1466,155.46389986798957,-3.968236724136517,0.3080837793186659,-12.88038186532365,5.804764115972973e-38,3.335844861424677e-37,narW
b1467,434.4686154894012,-4.112535647381667,0.23804074667916325,-17.27660371072788,7.058383796226226e-67,7.846213502774709e-66,narY
b1468,850.4280489992401,-2.8075687724553506,0.18328205985923016,-15.318295607391713,5.771103602300459e-53,4.7508217404336736e-52,narZ
b1469,109.11325338705113,-0.795760045678669,0.20669498008258905,-3.8499243927487132,0.00011815429198101117,0.00018281729114249953,narU
b1471,2.8732546883960524,2.0042550602399745,1.290104912241655,1.5535597463600301,0.12028946739556051,0.14120379612673528,yddK
b1472,0.29915552642917276,1.4739476917237762,3.5105274838728646,0.4198650198567013,0.6745840629071174,0.7045122289245861,yddL
b1473,59.979608880148284,1.302192953492886,0.28991223267718297,4.491679917980131,7.066356938841153e-06,1.1840922438058148e-05,yddG
b1474,278.3446742024238,-0.3187074095979014,0.769262785810609,-0.41430238856811996,0.6786526647945911,0.7082572381284471,fdnG
b1475,91.24859136530795,0.25831753272312447,0.715228890795093,0.361167643040765,0.717974129027184,0.7452303975424815,fdnH
b1476,112.41006127658333,-0.20323149868224596,0.2745714414934271,-0.7401771195753113,0.45919252901076946,0.4962841916782242,fdnI
b1477,1226.5881496811055,1.199222736222779,0.13822881712794716,8.675634799889492,4.112499375414726e-18,1.2365588968972422e-17,yddM
b1478,4554.678774008705,-4.214207840513251,0.17479359166107922,-24.10962438877338,1.9813577294707355e-128,6.274774622395811e-127,adhP
b1479,1579.2162146501178,-1.3044738724217886,0.12088010515816346,-10.791468709552928,3.777044562438487e-27,1.568542468288134e-26,maeA
b1480,8174.168648998973,-5.458059760897921,0.19884498251016386,-27.448818129564497,7.17698761855265e-166,4.102999934658281e-164,sra
b1481,21.667137417064282,-2.1234796313811306,0.4714120088459846,-4.504508989025128,6.65265820666753e-06,1.1160442616520756e-05,bdm
b1482,6167.0018416063285,-3.3817212880611867,0.12498936540334564,-27.05607214780424,3.2401372788638878e-161,1.7394005245803456e-159,osmC
b1483,143.14273225242837,-1.1173215638386715,0.17813064426111522,-6.272483706963023,3.5533364816981117e-10,7.637591402556195e-10,ddpF
b1484,146.07521461559568,-1.2183219444541642,0.18432405494280144,-6.609674167770604,3.8516682799908174e-11,8.68153802791581e-11,ddpD
b1485,96.87237552648662,-0.4089227031370092,0.2584643165542199,-1.5821244053672938,0.11362117320207034,0.1337684954360828,ddpC
b1486,74.8134195645016,-0.1434573941261244,0.22504805023201044,-0.6374522862038965,0.5238302799100694,0.5618666891238122,ddpB
b1487,121.46775128593441,-1.3650666752655516,0.2401555882737124,-5.684092904428877,1.3150877762270188e-08,2.5901639333115602e-08,ddpA
b1488,22.978434557491354,-0.4628442299831259,0.40188330928364036,-1.1516881126716827,0.24944925880881186,0.280909602782397,ddpX
b1489,439.6261788521558,-2.6609359310591985,0.1593980593505493,-16.6936532471029,1.4577143697530174e-62,1.4517779763920322e-61,dosP
b1490,398.93670436830035,-3.1054747103186204,0.16853271562222358,-18.42653931524923,8.046879365095768e-76,1.0418342048573992e-74,dosC
b1491,383.5583749655814,-0.6949308687450279,0.1320870633899955,-5.261157685769726,1.4315119845082885e-07,2.6488086405235334e-07,digH
b1492,40400.27960612343,-10.099279263368782,0.1685569656342091,-59.9161193093945,0.0,0.0,gadC
b1493,1293.0927538292074,-9.343092141764778,0.41451008161035113,-22.540084201251094,1.6799889601622035e-112,4.029412227258621e-111,gadB
b1494,113.94989874561874,2.9904731791371346,0.2541266437746765,11.767649132409206,5.729905103946393e-32,2.777868091142293e-31,pqqL
b1495,53.25353798177493,2.9863465286066915,0.3375881847647356,8.846122771411178,9.061256700577032e-19,2.8109691329062785e-18,yddB
b1496,35.342661040029455,6.508880879212878,1.0699941538762432,6.083099478285283,1.1788115603096703e-09,2.459302601176857e-09,yddA
b1497,12.409292619572113,2.8312187408198506,0.6648569517170553,4.258387813360398,2.05906509814233e-05,3.3533128235377496e-05,ydeM
b1498,57.16730283514638,0.27450218192341946,0.2508297536091521,1.0943764763695227,0.27378989659721054,0.30682869776500016,ydeN
b1499,8.643706647040366,3.3542110866779695,0.86894493724371,3.8600962419063216,0.00011334237557056347,0.0001757425633186405,ydeO
b1500,1.023960681652069,3.2542257540887856,2.422092636787296,1.3435595751635845,0.1790908490590274,0.20583757638585864,safA
b1501,353.9767093857001,3.7028806239472094,0.19912368739237754,18.595882149623932,3.4695781159190205e-77,4.572779301280098e-76,ydeP
b1502,72.91566406121565,6.218329419060399,0.687188273560628,9.048945766842717,1.4435524983694602e-19,4.588099709619035e-19,ydeQ
b1503,39.49257710300565,6.0676954384207455,0.8743643373183307,6.9395504590572905,3.933496084634809e-12,9.390048679263789e-12,ydeR
b1504,45.00031987372552,8.72289082449409,1.9558330347362636,4.459936338926977,8.198400128706154e-06,1.3659862742832888e-05,ydeS
b1505,300.23937857986806,9.018848317269132,0.8449758223052846,10.673498672025527,1.3542897660770758e-26,5.509781469751652e-26,ydeT
b1506,12.317929546271747,4.354412635598975,0.9418134018359702,4.623434564756126,3.7743784253987e-06,6.434862056005065e-06,yneL
b1507,373.5302049225447,1.6016566694662477,0.15482748061151203,10.34478287149212,4.4191689258524755e-25,1.7276360223448132e-24,hipA
b1508,47.009267804248566,1.9288801172711516,0.35159046742211036,5.486155900112583,4.1077440588567374e-08,7.858448216900198e-08,hipB
b1511,1665.3714686928427,-1.9521345596644788,0.14298985532395553,-13.652259142732566,1.9571563106212576e-42,1.263255436855539e-41,lsrK
b1512,1113.5707148155823,-1.7133619304267294,0.13644493951171102,-12.557167283435032,3.631010482820675e-36,2.0004640982949452e-35,lsrR
b1513,1553.7769977149283,-3.750026587901544,0.14096677352792492,-26.602202022866617,6.40132378445507e-156,3.238922678065658e-154,lsrA
b1514,693.8975901029198,-3.834566769273819,0.15401980578622518,-24.896582291475433,8.102106491099709e-137,2.94755973337363e-135,lsrC
b1515,351.9482917548568,-3.5446198857412505,0.17166969157732193,-20.647907345629,1.0194085102328951e-94,1.8697651091855015e-93,lsrD
b1516,932.0948520853768,-6.056309284152338,0.19989614006245343,-30.297279788695114,1.2449391424900287e-201,1.0340041708002088e-199,lsrB
b1517,796.8918823993827,-5.941194656230065,0.20698820282802974,-28.703059280949155,3.494151585738185e-181,2.5215172590851623e-179,lsrF
b1518,246.90685291971752,-5.362033116723307,0.29325990375685224,-18.284235410406048,1.1050215757632077e-74,1.4099434714520695e-73,lsrG
b1519,633.874955047415,-3.916619508872178,0.15325498821051708,-25.5562285743819,4.681629370313861e-144,1.8735029534656015e-142,tam
b1520,43.282669455588774,1.8541718770842053,0.32476827341735376,5.709214935233046,1.1349848420681142e-08,2.243787251729832e-08,yneE
b1521,493.60812055584523,1.5602964247287554,0.17951005349724553,8.691972367735366,3.562007279686411e-18,1.0747056919245773e-17,uxaB
b1522,467.61109982512716,1.2602149299783785,0.1361084211107639,9.258904920753038,2.0653955181270084e-20,6.810390315202315e-20,dgcF
b1523,39.43584354165678,2.37984817209995,0.35915133681433825,6.6263102156576466,3.441814805278207e-11,7.797667922200035e-11,yneG
b1524,217.83877273739196,1.3836267991238866,0.18362963983308273,7.5348772691684625,4.887943339196878e-14,1.2694233969996848e-13,glsB
b1525,276.82078189350784,0.7736342414564679,0.1647484720349345,4.695850783322717,2.654993106130566e-06,4.585044979673108e-06,sad
b1526,343.46573425071034,2.1826229237157255,0.15268981670210888,14.294489120868665,2.3683741793471214e-46,1.6654286162118256e-45,ptrR
b1527,6.31366572837391,3.963491103687108,1.1854108668162244,3.3435589419997886,0.0008271112148430853,0.001207209405749092,yneK
b1528,229.32451298822386,1.2866479994765905,0.1763064418428011,7.297793467035061,2.9252519801111154e-13,7.362469534847988e-13,ydeA
b1529,448.9110310281022,-0.248438977604704,0.1307913669950817,-1.8995059330945465,0.05749798727621916,0.07015136917680619,marC
b1530,509.3692150307608,5.452125740835749,0.2320933914108249,23.491085668979803,5.030965990969477e-122,1.438072226769327e-120,marR
b1531,880.7046254646697,4.9170164452636635,0.18199114550081494,27.01788832491109,9.110243206809746e-161,4.831721758599579e-159,marA
b1532,365.9858208676274,5.239378210554469,0.27699109204266176,18.915331074067566,8.528323772582084e-80,1.191799404663693e-78,marB
b1533,281.33878084501345,0.059134732461161806,0.18302171840843215,0.32310226882033993,0.7466177920715047,0.7724116382370773,eamA
b1534,179.60668676951818,0.3154005022373096,0.20099493299479862,1.5691962853883066,0.11660220950607814,0.13705819125387342,ydeE
b1535,229.7548378583693,0.9121368324775796,0.17698712166234276,5.153690414931774,2.554094715469802e-07,4.663262105971824e-07,dgcZ
b1536,321.254565792621,-3.660483132012127,0.23078485278175176,-15.861019854165935,1.1796262754380538e-56,1.0490333059552148e-55,ydeI
b1537,208.6052647859543,1.5353369822423386,0.210934303092453,7.278744897027948,3.3694013320792394e-13,8.460983835603429e-13,ydeJ
b1538,888.2369388597384,-2.313614638923875,0.12732722587425527,-18.170620014989844,8.819608907200158e-74,1.1092548116998598e-72,dcp
b1539,1076.0817735152923,-0.6880308522303324,0.12495277347692962,-5.506327175341694,3.663973100272164e-08,7.040074023307755e-08,ydfG
b1540,643.9268518554713,0.6514144019409832,0.13568707554397996,4.800858146064484,1.5798715414887246e-06,2.7652463322597873e-06,rspR
b1541,65.73947779342762,-0.05730305134724747,0.27473685489372063,-0.20857431511842348,0.8347805631360562,0.852797409822446,ydfZ
b1542,209.15320770426,3.905466034865932,0.23078637089182388,16.92242925686688,3.074820959772128e-64,3.215050324208291e-63,ydfI
b1544,0.0,,,,,,ydfK
b1545,0.0,,,,,,pinQ
b1546,0.0,,,,,,tfaQ
b1547,15.938672045774448,2.8518971593729403,0.5858426218745835,4.8680260754115485,1.1271846019714533e-06,1.9911182254728483e-06,stfQ
b1548,0.16307325132683156,0.526843880849337,4.426109897033248,0.11903090820281534,0.9052508686458666,0.9129242437065532,nohA
b1549,0.7719378955915496,0.11265039025725263,1.9875646234505546,0.05667759876993759,0.9548020189165181,0.9602555374161555,ydfO
b1550,41.71440728739828,-1.314349927553547,0.3279111096167011,-4.008250678331408,6.117017149146462e-05,9.647835718574965e-05,gnsB
b1551,26.34507688355264,-1.030203966467952,0.3928186536753241,-2.6225943112147756,0.008726311218931717,0.011594694230527442,ynfN
b1552,709.4195136278125,-1.7832188981221941,0.18506922190391092,-9.635415763773256,5.666215332596168e-22,1.973313282760153e-21,cspI
b1553,1.0191665952831739,3.2493038857023655,2.446965723636098,1.3278910506658113,0.18421410162316387,0.21106467343705557,rzpQ
b1554,33.51493016430359,4.8068444416384795,0.6685313021973041,7.190156131567094,6.471727281987013e-13,1.6049883659327792e-12,rrrQ
b1555,4.670867182568177,2.3658970554488525,0.9876759465659032,2.3954183188068425,0.01660141271239424,0.02148131062902982,ydfR
b1556,13.645338566470562,2.983197989376733,0.6482597373129397,4.601856042675421,4.18742595888206e-06,7.111515845292757e-06,essQ
b1557,1315.7093581966858,-0.6124371597889863,0.2230064931420394,-2.746275012714123,0.006027621298999933,0.00813913771723856,cspB
b1558,102.00553589304866,2.43960697635342,0.26333171159935415,9.264387344525973,1.9620043614482998e-20,6.479177193619967e-20,cspF
b1559,35.694566765668746,2.276446108877353,0.3758838653694585,6.056248534743092,1.3933267571708217e-09,2.89449003542518e-09,ydfT
b1560,286.85975857222684,7.210189251823357,0.4783189202438871,15.074020588913767,2.4004921018222997e-51,1.8869582557538863e-50,ydfU
b1561,129.73999987401783,2.7734592122466353,0.22718086132160445,12.208155194554166,2.8119279065243414e-34,1.4579630912273441e-33,rem
b1562,3117.43773679197,3.821499828431751,0.16449826149535263,23.23124751406394,2.2013295724036987e-119,5.981637517111779e-118,hokD
b1563,1647.0776969547887,2.7860812031844695,0.16181518803562797,17.217674292545635,1.956953734611901e-66,2.1482569425839374e-65,relE
b1564,580.4555265531066,2.294182234732323,0.15883255571781504,14.444030220153426,2.7337800099671545e-47,1.9599510755497416e-46,relB
b1565,7.343986276817851,0.10230431329789731,0.6816099227114961,0.150092171327147,0.88069189639539,0.8947163000075022,ydfV
b1566,15.37866255532166,1.9050669697775287,0.5349259121456671,3.561366025691339,0.0003689303468851999,0.0005522038038043692,flxA
b1567,38.39085422065419,5.607207805547303,0.7638870868251693,7.340362080018541,2.130167828686926e-13,5.398387324052877e-13,ydfW
b1568,3.3705095603194652,3.926376441302782,1.6153620544906404,2.4306479345528866,0.015071851861797164,0.01962327473990864,ydfX
b1569,2.545026323216365,3.5197289774723446,1.6606457970839885,2.1194941050360128,0.03404873142205783,0.042531928410867934,dicC
b1570,304.67801370294154,-2.655939081062726,0.16583941503508465,-16.015125719665864,1.0020399012159394e-57,9.151410052183745e-57,dicA
b1571,12.928289530113872,2.9004046582307867,0.6608722153740245,4.3887526071727585,1.1400266369774334e-05,1.885906522350493e-05,ydfA
b1572,0.5443291004093648,2.3631784090028805,3.3201620623557697,0.7117659814852905,0.4766097015744163,0.5142244868457305,ydfB
b1573,115.81021391603657,4.208559656798328,0.3292887690137892,12.780756748560993,2.1001609144166257e-37,1.1852446596489727e-36,ydfC
b1574,111.25510733615205,4.408311428417374,0.3314599141820294,13.299681921707252,2.324550994203509e-40,1.4192334918840286e-39,dicF
b1575,3.3122615325675038,4.953587456631422,2.0984323095391266,2.3606134132195886,0.018244738632905884,0.023449150207898308,dicB
b1576,3.5160618712165195,5.04854795626732,2.0890653454368584,2.4166539200388604,0.015663902098970398,0.02037001389650449,ydfD
b1577,37.043939943053836,2.7064884398227482,0.43486629313743425,6.22372550490455,4.854861748387758e-10,1.0349201654432404e-09,ydfE
b1578,0.0,,,,,,insD7
b1579,27.02554216703457,2.753911156089567,0.46202128700339695,5.96057202028728,2.5135649101833284e-09,5.151169801967883e-09,intQ
b1580,35.0583920381603,2.3954292810516336,0.3834938302241728,6.246330689730722,4.2020704580545876e-10,8.996845406788081e-10,rspB
b1581,56.63722129862179,2.9872775549965684,0.35076902831307866,8.516366366104238,1.6463743338213265e-17,4.8187099850275795e-17,rspA
b1582,56.86799046040438,1.2402610875794398,0.2711192025570385,4.574596988638279,4.771375377498827e-06,8.075199696943421e-06,ynfA
b1583,133.23871531489078,-1.3606402926284562,0.21762028434884498,-6.25235968558589,4.0429693267752984e-10,8.664630465659621e-10,ynfB
b1584,119.27091948506255,0.17666562869657698,0.1865214583024307,0.9471598083375843,0.3435573521974822,0.37901156703051675,speG
b1585,169.21253977903007,0.07843688453211796,0.18489623883826464,0.4242210930030303,0.6714045792112507,0.7026032748791546,ynfC
b1586,282.26292190676287,-2.196579605343915,0.18578647190231332,-11.82314074244802,2.963924717376347e-32,1.4529172166916125e-31,ynfD
b1587,179.93934320232924,-1.410656644267718,0.2193000933841713,-6.432540098359743,1.2548891127015372e-10,2.757874125867282e-10,ynfE
b1588,208.45710031857018,-0.8574619316211324,0.19697864438342652,-4.353070528559683,1.3424393875830608e-05,2.2124366095621988e-05,ynfF
b1589,44.17112447896047,-0.40002283910307607,0.3021090124230653,-1.324100978963497,0.18546951050687677,0.21233726534493408,ynfG
b1590,171.9990758274145,0.613210617559835,0.16669311734578726,3.678679883871836,0.00023444430819036382,0.0003553801117954482,ynfH
b1591,162.78906125038313,-0.5693004577858385,0.20485135952861883,-2.779090454150997,0.0054511343403742295,0.007383351805023802,dmsD
b1592,169.94968568089874,2.562200067594197,0.20456649204831062,12.525023242756225,5.4475390214760464e-36,2.990033263408673e-35,clcB
b1593,556.8313821872545,-0.7866450089714351,0.16242362796620163,-4.8431685637210755,1.2778479249065602e-06,2.2473378207905228e-06,bidA
b1594,808.0474517778467,0.4737685307530623,0.14469073627570816,3.274352891883116,0.0010590426462272144,0.0015325133887877046,mlc
b1595,156.17660319774916,1.8421784702072415,0.1897536669210215,9.708262823579508,2.780351866001573e-22,9.79974252283348e-22,ynfL
b1596,314.36934458208583,0.26297351607389363,0.15632251229829638,1.682249806554315,0.09252040972353014,0.10995541133989732,ynfM
b1597,19476.703076104317,-10.141268584536503,0.2376764513925768,-42.66837764161115,0.0,0.0,asr
b1598,2638.532149636311,-2.2719205458629146,0.11233731886169733,-20.224094440601352,6.00834486372015e-91,1.0291336221827277e-89,ydgD
b1599,306.74560773959814,5.800807289974185,0.3082980161059778,18.81558422996842,5.628458401126325e-79,7.840656291695596e-78,mdtI
b1600,361.13131909888483,4.382883069801392,0.2124733012790294,20.627923806980316,1.5412672211879518e-94,2.7920404558310143e-93,mdtJ
b1601,328.24375504380674,2.0266766718431555,0.16949554544293696,11.957108763813881,5.960114370550798e-33,2.9746511858463283e-32,tqsA
b1602,1604.116472516401,-0.4419232841243381,0.13368509307384502,-3.305703530312302,0.000947382704297533,0.0013763625954844028,pntB
b1603,1650.0144537588556,-0.03558452791900597,0.11279995888845434,-0.3154657880167741,0.7524080230826233,0.7773058243627571,pntA
b1604,864.8433968033202,-1.1316469138980336,0.11701901454838112,-9.67062419954116,4.0191910669689763e-22,1.4086368691717701e-21,ydgH
b1605,173.34113530878554,1.678236875363173,0.18115773785167652,9.263953586885892,1.9699945521698712e-20,6.500686670653503e-20,ydgI
b1606,125.46486602506735,-0.5266967822787656,0.19210605434821512,-2.7416979858639174,0.0061122512554951285,0.008250883172857883,folM
b1607,234.11579835692507,1.4935557356990374,0.15865296422088118,9.413979392277012,4.777005960368168e-21,1.610136312215978e-20,ydgC
b1608,177.01615814271054,1.0310179916469768,0.17831254484094794,5.782083322105178,7.378114578236932e-09,1.4756229156473864e-08,rstA
b1609,225.44014178643866,-0.12660913090582865,0.15193230173318792,-0.8333259580847402,0.4046609202803897,0.44102930702507437,rstB
b1610,196.29306593150093,-1.647108959259732,0.17971997041453577,-9.164863289597523,4.960981551633122e-20,1.6069345688218544e-19,tus
b1611,3063.660271036533,-0.905375005858607,0.12546378195400157,-7.216226003696764,5.345019785859536e-13,1.3300608873574719e-12,fumC
b1612,3502.266857635636,-0.1939462650604038,0.14168455938524807,-1.368859570174145,0.17104317569362137,0.1971026333516548,fumA
b1613,982.1570470639753,-2.8572276683434503,0.1433902696280431,-19.926231227231455,2.4104452315233888e-88,3.8444854743354916e-87,manA
b1614,3540.261922174443,-3.074772450081521,0.14210959649241112,-21.63662782791533,8.123117572540985e-104,1.7442909050890446e-102,ydgA
b1615,145.75007284854993,3.844789110873208,0.27314448861157076,14.076026686157116,5.332478597178322e-45,3.6620235233664545e-44,uidC
b1616,76.24621389216746,0.9195291107532364,0.2385753332250474,3.8542505560951996,0.0001160846681871363,0.00017974136804775728,uidB
b1617,331.9351865798035,-0.36327759659981496,0.15475776696168142,-2.347394923899127,0.018905204688818348,0.024262597970897484,uidA
b1618,1198.1585796792572,-1.5825938603877814,0.12209926038816059,-12.961535191586126,2.0216065717485297e-38,1.1802535979889957e-37,uidR
b1619,862.5384591801221,-2.1614912142523,0.15723620883512324,-13.746777731831632,5.324882792369025e-43,3.4777646961436867e-42,hdhA
b1620,1202.1280349987471,1.132854929648955,0.1664261967257565,6.806950780205096,9.968901789769501e-12,2.3280162163695142e-11,malI
b1621,581.1438107694189,3.2525825301943136,0.1605873467363659,20.254288997837634,3.256168481713399e-91,5.643170730906449e-90,malX
b1622,442.1753974165944,-0.2261613166849611,0.14592730424393577,-1.5498217955627012,0.12118429418452735,0.1420647837550704,malY
b1623,883.0783801019284,-0.9998852149338994,0.11980779179983553,-8.345744462133322,7.07666740450638e-17,2.0254544807956493e-16,add
b1624,1023.5547450649337,-0.7857057488798235,0.11735885888447904,-6.694899356964817,2.158201142918937e-11,4.9714293203187656e-11,ydgJ
b1625,96.01169665920263,1.3066766985269114,0.2231595665073136,5.855347001151697,4.760150691716027e-09,9.61642191139695e-09,cnu
b1626,249.37819950218088,1.254017152618707,0.15702291439411603,7.986204799837147,1.3915643208074255e-15,3.788290748419473e-15,ydgK
b1627,319.5037616489897,2.9715724506911654,0.21867932796827205,13.58872134051147,4.6717066916799304e-42,2.9717995457767416e-41,rsxA
b1628,316.7690210746069,2.665537845914803,0.17828032577032446,14.951385321949493,1.525425487517086e-50,1.1780566659737214e-49,rsxB
b1629,331.893381767859,1.4279920487095237,0.1577180187283361,9.054083104918984,1.37719925255741e-19,4.383536594184901e-19,rsxC
b1630,148.8622638404795,0.7302532163306876,0.20870016741408312,3.4990542910384366,0.0004669115002718574,0.0006913368396221717,rsxD
b1631,103.46668527748672,0.2850251651082718,0.21231238215232354,1.342480180471907,0.1794403524215542,0.20618544279814188,rsxG
b1632,96.25480590936849,-0.049343074295934077,0.22926480227677673,-0.21522306872192853,0.8295934061023612,0.8478918443609459,rsxE
b1633,68.92887667309004,-0.7705141181693994,0.24809094611225266,-3.105772823409558,0.0018978245817160289,0.0026914380827042397,nth
b1634,1112.7890733231632,1.1913696910932914,0.11692607504089084,10.189084775800874,2.2184281497240697e-24,8.4476822794856e-24,dtpA
b1635,1201.8291583650691,-1.7774990808604707,0.1363256209317517,-13.038628166236885,7.37724774268811e-39,4.388465481528792e-38,gstA
b1636,245.50701550185997,-0.42459585484456913,0.17535097796801646,-2.421405684558054,0.015460612425376859,0.020117533519511954,pdxY
b1637,2018.4377044811988,-0.6518347849266625,0.11060404393682456,-5.893408249150285,3.7831019732715496e-09,7.674292574350857e-09,tyrS
b1638,411.507750196868,-0.8764292206586302,0.1478809531482411,-5.9265862303448,3.0929700294284644e-09,6.3179833269346174e-09,pdxH
b1639,186.652596927216,-1.352458475409226,0.20345924309332925,-6.6473189167858875,2.984798497188435e-11,6.804289479349297e-11,mliC
b1640,361.73670660897807,-0.027877898242047464,0.15318087422461293,-0.18199333554637773,0.8555879560261944,0.871424845540793,anmK
b1641,3707.597697568388,-1.1390643635822986,0.12886143555128515,-8.83945114152454,9.618996301468695e-19,2.977694916952545e-18,slyB
b1642,1012.3099081464746,-1.5523540620294796,0.15444450453731715,-10.051209440439475,9.074676203534031e-24,3.3710316158613336e-23,slyA
b1643,60.08701727231908,2.1695726100444497,0.2991806547699509,7.251714225014648,4.115294764000748e-13,1.028123016522775e-12,ydhI
b1644,202.87056401809,2.7296953186538353,0.1948853902224291,14.006669845996893,1.419046563395753e-44,9.610219957027853e-44,ydhJ
b1645,315.52380042006496,2.391685514011875,0.17119858315972697,13.970241282782409,2.3682298493767165e-44,1.5891688714872416e-43,ydhK
b1646,1086.7309365183837,-2.5857050421714773,0.15664157493492836,-16.50714405320314,3.259477230940257e-61,3.1673772120527623e-60,sodC
b1647,614.2996675581967,-1.951874196265513,0.1447533828676337,-13.484135276136227,1.9392577900459096e-41,1.2177764324938792e-40,ydhF
b1648,83.93315345513325,-1.608855454537263,0.23158543351054262,-6.947135794117302,3.727768510031176e-12,8.908597709640195e-12,ydhL
b1649,530.7086010020408,4.8235694986383715,0.20683976976991866,23.320319414414072,2.7583027501675316e-120,7.541645159153711e-119,nemR
b1650,1229.7187046320607,2.9150388098640097,0.13169613485357762,22.13458134595224,1.4687050615823485e-108,3.3325977737554114e-107,nemA
b1651,364.25488295322356,0.7265750507085842,0.13730310031196416,5.291759975249973,1.2114482253226373e-07,2.2482272714461422e-07,gloA
b1652,355.43923645420597,2.070657248827102,0.15393992311969415,13.451073684226065,3.0343411207727225e-41,1.897325229210444e-40,rnt
b1653,1333.150473995369,0.10636521981230149,0.11656426712154765,0.9125027972885457,0.3615040976688685,0.3974378216629268,lhr
b1654,1087.9231233998883,-0.6775442916560148,0.1683357732004812,-4.024957255218037,5.6985665460957495e-05,9.003980594369521e-05,grxD
b1655,141.27390527237532,1.5362600069102295,0.21459631462536427,7.15883685883509,8.136444347817309e-13,2.005410303420593e-12,mepH
b1656,6884.601905344323,-2.2709197617293198,0.20379510580697352,-11.143151611698874,7.73333251046977e-29,3.380549127218265e-28,sodB
b1657,966.6901324921779,2.6322832168656913,0.1319391746157721,19.95073278676572,1.4770765316948686e-88,2.381718275648649e-87,ydhP
b1658,1040.8708832337609,1.0396975607338574,0.12204954983378641,8.518651335869514,1.6142200697557355e-17,4.7277423466831324e-17,purR
b1659,453.95026321039336,1.399642401694769,0.15316636847406245,9.13805305720092,6.35867379789724e-20,2.0461171095280448e-19,punR
b1660,112.37830650587803,1.3649348723215968,0.21993269375919638,6.2061481128224605,5.429900631580349e-10,1.1535918233695316e-09,punC
b1661,5141.385140866747,-1.388367224114641,0.131653345731233,-10.545628114525536,5.321606615942477e-26,2.1373825112571884e-25,cfa
b1662,450.875554374062,-0.6568507117188042,0.13413913706087413,-4.896786471950513,9.741659279329582e-07,1.727055342231527e-06,ribC
b1663,1637.421424862776,1.9759954906504982,0.14334809198288415,13.784595688140959,3.1552936207145504e-43,2.069985472188592e-42,mdtK
b1664,1503.0985931542273,-1.6029979919678465,0.11685535958076,-13.71779606617014,7.944373269085071e-43,5.1656028257773236e-42,ydhQ
b1665,0.26737046383578716,1.3477247736063036,3.613684600373589,0.37295030492339404,0.7091854306929826,0.7370033011797724,valV
b1666,2.2109946146309696,4.36250208455066,2.1875462808315964,1.9942444750893467,0.04612534392219047,0.056938800882075834,valW
b1667,1059.504430144864,-0.9490760932250811,0.14847934401470164,-6.391973910735413,1.6375784425713427e-10,3.5757045159717515e-10,ydhR
b1668,1036.7901255264842,-2.7654455573163963,0.15299005734884663,-18.075982225502738,4.927009262760298e-73,6.041419157289924e-72,ydhS
b1669,83.13908664549527,1.5421186008014836,0.23231603801569106,6.638020405191853,3.179238618905576e-11,7.232562480838422e-11,ydhT
b1670,46.03825227603314,0.9398373189478945,0.3090866632549735,3.040691918087059,0.0023603521080177423,0.003309003178182835,ydhU
b1671,45.41165208289622,2.0966281820549377,0.3416191664695425,6.137325969507233,8.392207365740538e-10,1.7616832057219764e-09,ydhX
b1672,57.17785437944679,0.7524863338115102,0.27695892059879873,2.7169600899100774,0.006588455182105271,0.008850283708156057,ydhW
b1673,89.64036324915433,2.2622243211507973,0.2580181656516693,8.767693993316943,1.82362653390761e-18,5.5708563513263694e-18,ydhV
b1674,37.44663057201357,3.6883616159054506,0.4604087749095718,8.011058470008257,1.1372536081195268e-15,3.1113675468876057e-15,ydhY
b1675,82.49549809919831,0.19835878296423998,0.28257076933860037,0.7019791304972157,0.4826921784519267,0.5201495641481961,fumD
b1676,4429.505487154063,-3.5069008096494287,0.13815045736797063,-25.38464856695062,3.726278115954583e-142,1.4645603809314354e-140,pykF
b1677,69843.17642393972,-0.5132719580011198,0.21009574178507415,-2.4430383673658267,0.014564188846988927,0.018990390789231416,lpp
b1678,1625.1791147467748,-3.5951592111346886,0.1704701008533626,-21.08967609649756,9.8936630756509e-99,1.9617975161718586e-97,ldtE
b1679,197.4403955592884,-3.956611872089631,0.22152005883221823,-17.861190056320872,2.365417510602289e-71,2.8372119568586585e-70,sufE
b1680,1259.8966025014224,-4.173889430700469,0.14146379618528918,-29.505000878341423,2.4836215518841633e-191,1.9523039413203728e-189,sufS
b1681,1634.0973672489527,-4.936866865669004,0.15589482215154196,-31.667933530659433,4.295735429714128e-220,4.502339848000379e-218,sufD
b1682,898.0950022334922,-5.222345584170633,0.19666868771260862,-26.5540266979461,2.30743498311693e-155,1.1285920884089697e-153,sufC
b1683,2637.5803577304687,-5.465667475500049,0.19943739765476434,-27.405429171119554,2.3629403941947848e-165,1.3335466173391593e-163,sufB
b1684,912.8246788467853,-5.405861710337428,0.2554036565400226,-21.165952686704433,1.967458418205432e-99,3.9367054349728685e-98,sufA
b1685,219.63925789248856,-3.8175320484401487,0.24991077479614188,-15.275580060740479,1.1123382710013594e-52,9.050855949996273e-52,ydiH
b1686,261.8478188719462,-1.8791911704946236,0.1736088520669977,-10.82428198862476,2.6414125880051538e-27,1.1021325319809182e-26,menI
b1687,1603.910574805105,-1.7188525529929322,0.1324185143532657,-12.9804548962646,1.57939736684837e-38,9.245355330939529e-38,ydiJ
b1688,1065.4907364077853,0.13201034834018505,0.12234738771569245,1.0789797052875956,0.2805967748907533,0.31381783614560366,ydiK
b1689,15.3468816962731,1.4640861460066104,0.5160493920695466,2.8371046812691514,0.004552468337022438,0.006217798827047091,ydiL
b1690,15.601920211977843,3.657656267838461,0.7072214745950239,5.17186821841481,2.3176501935336491e-07,4.242118982093606e-07,ydiM
b1691,27.742490327907586,8.024446599419587,1.9654213535785978,4.082812362249369,4.449394736090831e-05,7.08619234018518e-05,ydiN
b1692,16.330827013584734,2.02372507460432,0.5362539476822932,3.7738185114551137,0.0001607677349834628,0.0002465852158178408,ydiB
b1693,150.4002463667392,-0.22221030984402892,0.2220231666352827,-1.0008428994666743,0.3169027657888398,0.35200756371498176,aroD
b1694,42.81761732253032,3.597683604456207,0.4380021849055305,8.2138485341852,2.142097566939076e-16,6.044559929272957e-16,ydiF
b1695,71.01651037556813,3.9777414863977003,0.36642227177912984,10.855621485790534,1.8752675320316773e-27,7.869330482367439e-27,ydiO
b1696,56.246636234313996,1.508257141984932,0.28282538900610743,5.33282088742168,9.669868186520996e-08,1.80904206362369e-07,ydiP
b1697,21.612585466902377,2.2006523666614815,0.48475552029246755,4.539715948636876,5.633006240198293e-06,9.489664550077644e-06,ydiQ
b1698,61.23715926739345,1.0159220162785787,0.25764268884025765,3.943143199023458,8.042060297173539e-05,0.00012589313452403243,ydiR
b1699,42.30604535123092,0.9547208738247276,0.3087868544416337,3.091844293537396,0.0019891715841532814,0.002812827919512607,ydiS
b1700,1.974191215945431,0.5848335577192301,1.2473681514273054,0.46885400837758456,0.6391739923826196,0.673281625859845,ydiT
b1701,41.876140136447496,1.4282288235418101,0.3180339952000224,4.4908055273888206,7.095431427656848e-06,1.187730693132991e-05,fadK
b1702,7319.5528422106545,-1.6450388216008067,0.09803022547438582,-16.78093479475508,3.364972037448387e-63,3.4209253831057276e-62,ppsA
b1703,324.34542097835464,-2.4679359938517136,0.15612815324669488,-15.807117054360969,2.7789576109498445e-56,2.4320022670777764e-55,ppsR
b1704,324.03969094445415,0.4612733618203442,0.14722175264823675,3.1331875454742373,0.0017291891494285348,0.002461005701837831,aroH
b1705,28.790414787986222,3.167628177544817,0.4709058507499971,6.726669826887551,1.7359002124945374e-11,4.015466492591147e-11,ydiE
b1706,1512.5647056755276,-1.7432463304963643,0.15164991630967484,-11.495201401473839,1.394553761206924e-30,6.46192174403461e-30,selO
b1707,195.92433086745885,1.3259894415273068,0.20557766975307024,6.450065530560882,1.1180179844634257e-10,2.461988578093046e-10,rflP
b1708,337.8702321104125,0.06796760422765535,0.1738435458172571,0.39096996042120735,0.6958194402438117,0.7242840330937005,nlpC
b1709,177.82460160242843,0.14629111862740346,0.17954098428899082,0.8148062639109294,0.41518321485851506,0.45216143290627986,btuD
b1710,293.66357374867766,-0.758280177389283,0.1516435415726468,-5.000411949796221,5.720794968261263e-07,1.0270366823118303e-06,btuE
b1711,347.971322808863,1.627778734554903,0.14515518388208745,11.214058575249929,3.4786820718919696e-29,1.5359236189035555e-28,btuC
b1712,3889.530272970209,-0.1731818855890728,0.16316540960405157,-1.061388476940841,0.2885133914671384,0.3222623570764636,ihfA
b1713,4087.5696597025853,-0.6347351152679335,0.12025767660060734,-5.278125548491828,1.305120369749189e-07,2.417988159779432e-07,pheT
b1714,820.1673001595831,0.38875879382623246,0.12469658448737993,3.117637868145276,0.0018230665662141569,0.002589589875596876,pheS
b1715,16.479440259007905,-0.0010121121246475713,0.4732389713825036,-0.00213869141353854,0.9982935724416829,0.9982935724416829,pheM
b1716,13754.573554073862,0.6478405499179114,0.16908590489630862,3.8314284701329626,0.00012740141523843798,0.0001964346864727159,rplT
b1717,3392.2651196660445,0.162424433810229,0.1589928595211772,1.0215831975057643,0.30697821356473265,0.34158698081697497,rpmI
b1718,26250.44007128541,1.2594356074058244,0.15350290783995083,8.204636805440646,2.31289013904935e-16,6.518144937320895e-16,infC
b1719,10549.747482428282,-2.0924430254098447,0.1011409822104063,-20.68837952410705,4.4077913706354744e-95,8.186961018370193e-94,thrS
b1722,82.84737694015122,3.285370221759087,0.29635192349287276,11.086043184862609,1.466311572394296e-28,6.365585346824153e-28,ydiY
b1723,1632.9327730609677,-2.2582648638643987,0.15912818965196945,-14.191482155383454,1.0344893265179643e-45,7.194031619797913e-45,pfkB
b1724,376.6284524347631,-4.011784769005196,0.18943610173709152,-21.177509103164205,1.5396110110012168e-99,3.094688433985094e-98,ydiZ
b1725,2544.944116938468,-1.8998263459926223,0.18303938521801466,-10.379330894986213,3.0792571121097613e-25,1.2091783949604969e-24,yniA
b1726,766.4852372672326,-1.2554702162106233,0.15040693972545244,-8.34715617844705,6.992622547912329e-17,2.004005498431645e-16,yniB
b1727,203.0282173968383,-0.5079276815351235,0.1654035830896284,-3.0708384428400746,0.00213458615673486,0.0030107171617900844,hxpB
b1728,315.59091805691793,3.262784860940546,0.1847245986797007,17.662969004999614,8.087161297453188e-70,9.343749089603395e-69,ydjM
b1729,1552.1390565696165,-0.9900460975854459,0.1095020869753115,-9.041344552717641,1.5475641023097066e-19,4.915135049327077e-19,tcyP
b1730,17.405828920286933,2.433665681490317,0.5260846564273839,4.625996314010041,3.7280192764883846e-06,6.363218633230659e-06,ydjO
b1731,47.55495661874556,1.3686585831140399,0.2907952892177904,4.7066050718895465,2.5187618999575884e-06,4.356616850142752e-06,cedA
b1732,2111.9100773601695,-5.709000170074524,0.16518794961515015,-34.5606334080372,9.867647620849116e-262,1.5513351723920646e-259,katE
b1733,327.99783407081674,1.7361615071795384,0.15438088237618525,11.245961808593458,2.4243958110142428e-29,1.0769112371427545e-28,chbG
b1734,135.14688270964757,2.880775942680872,0.24191805626593124,11.908065016503544,1.0744163939195992e-32,5.332109319091404e-32,chbF
b1735,101.06988018325585,-0.11724765058221151,0.2083952143714684,-0.5626216078705885,0.5736925750660139,0.6110318692089507,chbR
b1736,38.2216016166142,0.9269811921569377,0.32056904734372416,2.8916740397677874,0.003831952874194382,0.005264749236018623,chbA
b1737,215.03308312991953,1.0552137768785756,0.18525211837913075,5.696095602637108,1.2258215778424468e-08,2.4186761925873828e-08,chbC
b1738,128.37699850184725,-0.6085677433209674,0.18916825673023435,-3.217071161092438,0.0012950647273263906,0.0018618268407615986,chbB
b1739,1760.688862127278,-2.3950723905470186,0.1439330477197127,-16.64018395004774,3.5652121090686133e-62,3.5188483641524745e-61,osmE
b1740,525.7103570542873,-1.2993874480866716,0.13298676846140434,-9.770802487495455,1.502571403156018e-22,5.3557241430710855e-22,nadE
b1741,847.0841224377306,1.0808229968599892,0.12483962010588286,8.657692132860449,4.8141165592836706e-18,1.442596398500117e-17,cho
b1742,55.918266548903404,2.0975733356290247,0.29794030911717595,7.040246893226109,1.918994968265233e-12,4.672243280035152e-12,ves
b1743,449.02820094505415,-2.594982426949053,0.1784771984377946,-14.539573960499457,6.801463134126057e-48,4.981703946160216e-47,spy
b1744,2113.553739513118,-5.532747232352165,0.19861380980774238,-27.856810348222258,8.908057074461403e-171,5.446287116913762e-169,astE
b1745,4698.655461943791,-4.8128743683059,0.1752586550430355,-27.461550284772404,5.057405252566985e-166,2.9293023581315614e-164,astB
b1746,5456.523073930938,-4.396727443983033,0.196355806338317,-22.39163448218874,4.748527278966668e-111,1.1298928152438527e-109,astD
b1747,1988.4035228250912,-3.4208360410148986,0.24170343190677906,-14.153030488761356,1.788793865863904e-45,1.2380928612473122e-44,astA
b1748,2233.895179069765,-1.2957213602844193,0.2508240446477559,-5.165857851084661,2.3933864001993853e-07,4.378922250073855e-07,astC
b1749,476.73300666517093,1.321828507126662,0.1457562838821144,9.068758285548347,1.2038101371066372e-19,3.8371992929351315e-19,xthA
b1750,9.187152832926838,0.9492031932107337,0.6298741183322585,1.5069728467713117,0.13181761734930164,0.15392584793673286,ydjX
b1751,24.86595981363787,-0.5728252100499465,0.37378472125294515,-1.5325003336942389,0.12539901531502945,0.1468102301640318,ydjY
b1752,50.95249068806307,-0.9523926475925595,0.30589535790372696,-3.113458975380403,0.0018490821464927658,0.002625696648019727,ydjZ
b1753,64.8275957576916,0.7862080533462963,0.26278565907464957,2.9918225222593215,0.0027731743275083544,0.003865583720611709,ynjA
b1754,173.6401180428525,0.31129003770369107,0.16665142000236838,1.8679111027032782,0.06177446305641651,0.07507763290291151,ynjB
b1755,130.92856054342258,0.014804251688455896,0.19938025730485148,0.0742513420765641,0.9408103934946723,0.9468329565988907,ynjC
b1756,53.68268778580964,0.7566960996152939,0.2608827197142298,2.900522121373837,0.003725415415766465,0.005124774581313743,ynjD
b1757,161.08236352430032,-1.4829067744072078,0.2157656617945434,-6.872765397764092,6.296907874670074e-12,1.4878684092483986e-11,ynjE
b1758,258.9332856536452,0.38656682503356005,0.15091581440403048,2.5614732727654825,0.010422926072544157,0.013749391840377398,ynjF
b1759,71.03787292104927,2.112616592372075,0.2701995115019124,7.818728393064184,5.335960137304312e-15,1.425297119199853e-14,nudG
b1760,101.0301954414363,0.7590390138682782,0.20585471934399405,3.6872558291942004,0.00022668543170452967,0.00034433032103634904,ynjH
b1761,1023.2413512187164,0.7689274348237569,0.15149190747656374,5.07569973625629,3.8607255685627786e-07,6.982298255058896e-07,gdhA
b1762,189.09013299003269,3.1482209717829646,0.22136601062318398,14.221790250997309,6.711377118178739e-46,4.6820098374362615e-45,ynjI
b1763,1599.940505008237,-0.1200152073833026,0.12773204476698685,-0.9395857367056046,0.34743009533647307,0.383017099842513,topB
b1764,2232.774279553388,-1.2492394104696374,0.1349423548946197,-9.257578255879734,2.091213371526365e-20,6.885206627867659e-20,selD
b1765,850.8005058705968,-0.916386396079864,0.1705683911679149,-5.37254522836962,7.763294856310139e-08,1.466067093842867e-07,ydjA
b1766,1144.4236758041513,-1.0770793815229294,0.10914567555819299,-9.868273534563127,5.713958275929357e-23,2.0701929490239531e-22,sppA
b1767,162.19715428399203,-0.619323854029293,0.19177716578786053,-3.2293930900740015,0.0012405325370243223,0.0017863343892643333,ansA
b1768,147.78201133993818,-0.5506578442538148,0.18214386422004547,-3.023202821636488,0.002501145503358503,0.0034985835734935274,pncA
b1769,219.95080500237188,4.387507123310984,0.25333797803740077,17.318789536810968,3.394225830273591e-67,3.8018783981843125e-66,ydjE
b1770,170.11322905588432,-0.2219259940798207,0.20031982633792003,-1.1078583589896545,0.2679229916499345,0.30048331445681825,ydjF
b1771,151.45225527185315,3.8501301909187267,0.26036783975539607,14.787272477798147,1.769816023872295e-49,1.338613425616124e-48,ydjG
b1772,46.756759588180955,3.184998756530399,0.3752002518297609,8.488796958418686,2.0878713479151486e-17,6.086628922862572e-17,ydjH
b1773,47.764437291514845,3.149555571181297,0.3709444302513507,8.490639875754889,2.0550245024936357e-17,5.998818209533809e-17,ydjI
b1774,27.530940419020766,2.7001287425675238,0.4600352462056305,5.8693953666337055,4.373872830852443e-09,8.860288780893525e-09,ydjJ
b1775,79.67944474639609,3.229788223719053,0.30208447930355764,10.691672181123595,1.113451282297235e-26,4.555216119584042e-26,ydjK
b1776,87.42003884287668,2.3614708812086866,0.2683770585558651,8.799078780860569,1.3794382405399883e-18,4.2404239768554674e-18,ydjL
b1777,408.78540959795697,-0.32712179942486797,0.1788274305213309,-1.8292596301988928,0.06736072322742984,0.08150684542252505,yeaC
b1778,820.2966601528301,-0.8030896683269519,0.16507149595045828,-4.865102019599903,1.1439778365437948e-06,2.0191621637793844e-06,msrB
b1779,12965.78126930831,-2.8625661273234306,0.18560654043702093,-15.422765386302439,1.150696002457387e-53,9.62996920687722e-53,gapA
b1780,214.3260005862077,-2.5747253884303127,0.1771901313370459,-14.530862238217688,7.724200698364752e-48,5.629458853344642e-47,yeaD
b1781,796.3082629979823,-1.0795851901973212,0.14691537993586845,-7.348346991775689,2.006730020964859e-13,5.088493981732322e-13,yeaE
b1782,1018.3231458826116,1.1029002407976969,0.16720228255985747,6.596203256991212,4.218205298777938e-11,9.488267616362026e-11,mipA
b1783,12272.099480266086,-5.423789300827756,0.124358429083373,-43.61416705570888,0.0,0.0,yeaG
b1784,2906.442509424434,-5.91226698566408,0.15623144441332595,-37.8430027826062,0.0,0.0,yeaH
b1785,28.254715392912942,0.925020039692923,0.4781260851463659,1.9346780450385848,0.05302981617412966,0.06498809877464332,cdgI
b1786,243.39565194746785,2.081012468446476,0.2036341069337339,10.219370908841288,1.6239131328612726e-24,6.226886420605681e-24,dgcJ
b1787,203.17569223024296,-0.006184597321158098,0.1597276086864192,-0.0387196513615867,0.9691139056358166,0.9730929317082264,yeaK
b1788,45.1315836293854,2.1058204551898125,0.32006587301645706,6.579334545553177,4.72558430527547e-11,1.0607864411944221e-10,yoaI
b1789,126.4415476061266,2.1874955915990295,0.21694238955626988,10.083301820696704,6.548773065292479e-24,2.4492522543260402e-23,yeaL
b1790,282.2848518174124,1.4986030990271235,0.1535702318934435,9.758421801869433,1.6977657412350722e-22,6.031932843354954e-22,nimR
b1791,80.203168102619,1.024271521697252,0.2430784790955958,4.213748273842191,2.5116720988132195e-05,4.078340309470967e-05,nimT
b1792,290.33530524826097,-2.5886555398274065,0.18050081633858533,-14.341517076419084,1.2039454747420668e-46,8.493217916369517e-46,yeaO
b1793,215.82282450485272,0.40207401745706,0.17386953640176128,2.312504109563997,0.020749919109686068,0.026544941563742538,yoaF
b1794,466.5937235756622,-1.1379201601178235,0.1503429604185979,-7.5688290090173,3.7660346791061336e-14,9.803716533072264e-14,dgcP
b1795,582.690650392955,-2.970618249390832,0.2120384448513957,-14.009809643118022,1.3576839499789394e-44,9.208820874895672e-44,yeaQ
b1796,15.898208487349267,4.288826650124459,0.8080237524143455,5.3077977439519595,1.1095766369713886e-07,2.064394064221493e-07,yoaG
b1797,13.636002972507326,5.111369545002885,1.1013848928528842,4.6408567778363645,3.469675540112323e-06,5.931460865077455e-06,yeaR
b1798,162.0637067976228,2.7720914839802338,0.23153225053554685,11.972809306557656,4.932958118588844e-33,2.4788677668981837e-32,leuE
b1799,479.50353501186146,-1.5185593453997699,0.1727093489584426,-8.792571766136218,1.4617475902938722e-18,4.4903090666250005e-18,dmlR
b1800,266.63250644547213,-1.6847034845208322,0.21282494754095121,-7.915911663488915,2.454478461106054e-15,6.620474378547089e-15,dmlA
b1801,45.92361899010873,3.0440352738974292,0.3924702597244092,7.756091572479751,8.75867914783418e-15,2.3226328679979557e-14,yeaV
b1802,26.063620034552343,0.27948679584801867,0.4120654307279223,0.6782582934809633,0.49760793753992394,0.5354363581155573,yeaW
b1803,61.96836246653717,-0.20679383483269617,0.23953582535809567,-0.8633106739818495,0.38796667704743404,0.4239894022747777,yeaX
b1804,618.1783086352067,0.943321210402562,0.14240863329721826,6.624045105704897,3.495000402147853e-11,7.910021475709435e-11,rnd
b1805,3359.402875800626,1.860183514474486,0.19040724598892517,9.76949960498185,1.522019335707362e-22,5.420654624420557e-22,fadD
b1806,2485.2627255688294,0.6017489092641765,0.1635334961724636,3.6796676115183624,0.00023353815198669397,0.00035449480863635407,yeaY
b1807,314.4088807176417,0.008240544633164433,0.1596466014255092,0.051617413459374234,0.9588335439018433,0.9638696643653605,tsaB
b1808,999.1411776411045,0.35669115966576964,0.12648002713155113,2.8201382285819503,0.0048002966578095585,0.0065420761262159986,yoaA
b1809,291.93955708738537,-0.44765885151923884,0.1451423605144867,-3.084274294095953,0.0020404937222274003,0.002881698224332697,yoaB
b1810,387.30407321728654,-1.0781895309817606,0.15513912473400923,-6.949823475092756,3.657435720792912e-12,8.745264553465726e-12,yoaC
b1811,192.00455557132648,-1.0824764644682738,0.18963459447239817,-5.708222529122086,1.1416209991063311e-08,2.255572548503622e-08,yoaH
b1812,204.45300845232154,1.5044005264385212,0.17255772282044973,8.718245128929318,2.825467264278612e-18,8.571817296591626e-18,pabB
b1813,144.70935640774772,0.14977471894311786,0.18816668061572653,0.7959683321883506,0.4260504420910407,0.46330880585097856,nudL
b1814,4891.396161011402,-1.3391683661589522,0.11690089948934099,-11.455586501120612,2.204658643526262e-30,1.0130383453864931e-29,sdaA
b1815,244.99485814325058,-0.4819380207292308,0.1680332594661414,-2.8681108862638056,0.004129307826946141,0.00565915723979356,pdeD
b1816,2001.0623783175124,-1.1080150482047264,0.12095216560343935,-9.160770645790066,5.152800544140362e-20,1.6678402937724907e-19,yoaE
b1817,2910.6452589035252,-0.31302445812395274,0.17532426617030153,-1.785402927737886,0.07419598411024975,0.08923790220036049,manX
b1818,1944.9436868918183,-0.7847783655186121,0.1748469061451715,-4.488374331696942,7.176874008794056e-06,1.2003267244191275e-05,manY
b1819,2947.7233733613593,-0.8295084973959514,0.18881247492615968,-4.393292856948958,1.1164656670891788e-05,1.8483196188516603e-05,manZ
b1820,48.16565939288111,-1.2958907263839894,0.3005257067133102,-4.312079457549429,1.6172628964825877e-05,2.65443373240729e-05,yobD
b1821,123.05138454559237,3.096708890845975,0.24195232626567273,12.798839088017996,1.6642048977852315e-37,9.416233881813098e-37,mntP
b1822,511.05077512849857,1.7732124851037,0.15338926326930222,11.560212542324486,6.554635251478581e-31,3.0727906684780315e-30,rlmA
b1823,2637.4748542001703,-3.215873087765362,0.15663054910769394,-20.531582798412042,1.1245169352784004e-93,2.01224534516078e-92,cspC
b1824,1064.1187224650384,-5.46805802785864,0.2061522080893179,-26.524372833734283,5.074563682213851e-155,2.454750475725865e-153,yobF
b1825,381.18177031240765,1.7828313340537583,0.1931424491274357,9.230655105121109,2.689817056459378e-20,8.829660464231307e-20,yebO
b1826,38.380050241710954,1.2315758135511734,0.3463244796685633,3.556132719032181,0.00037635400554475207,0.0005626445114928807,mgrB
b1827,1133.4671410570586,-0.979736778556388,0.12069448919302458,-8.11749388979568,4.759087587073814e-16,1.3217352402712259e-15,kdgR
b1828,109.56633880903452,0.9108281161486983,0.218960217010899,4.159788150481057,3.18542916266779e-05,5.1344779106787306e-05,yebQ
b1829,4759.458330310351,0.8348837361238775,0.176106405963329,4.740791407086731,2.128850207974021e-06,3.6923556404655793e-06,htpX
b1830,3006.9003795873036,-0.05551994417765426,0.11179402964522689,-0.496627094969599,0.6194520425262996,0.6548578028820294,prc
b1831,2117.2828210709044,0.4252337063356279,0.10823457625703334,3.928815735609213,8.536521697648315e-05,0.00013339640934699283,proQ
b1832,455.4029167210594,-0.3693564523834696,0.1534719234993005,-2.4066711614854626,0.01609865824027241,0.020867577612979728,msrC
b1833,500.0924273099759,-0.18619080807104726,0.1534455041782098,-1.213400217023025,0.22497684339470625,0.2550471451515573,letA
b1834,912.2028109636125,-0.47262400986396563,0.15189906073665177,-3.1114347091543673,0.0018618064014854683,0.0026429125376778557,letB
b1835,32.45749084235259,0.3923967648929592,0.3219962848716101,1.2186375536892295,0.2229817889730321,0.25285054998951245,rsmF
b1836,1300.7049533987613,-5.809250621656059,0.1898584711710153,-30.597795219910775,1.3094710992620162e-205,1.1302532899904697e-203,yebV
b1837,286.7303525582058,-1.3904621968420396,0.15256811478565682,-9.113714217387441,7.960881672618986e-20,2.5560759389401003e-19,yebW
b1838,141.3234733357079,-0.7533894169002945,0.21369516051698154,-3.5255333582550903,0.00042263094623926664,0.0006287331616577397,pphA
b1839,321.4238614931963,1.7928581491477427,0.15858592180345046,11.305279363762127,1.2356029523693039e-29,5.544469109408435e-29,yebY
b1840,1244.1524007907092,2.6336266695992663,0.15902993340432417,16.560572045914316,1.343109925722521e-61,1.3138599762290082e-60,yebZ
b1841,584.8071606799382,0.8935772316330896,0.1297014572386785,6.889492613708385,5.599173168657641e-12,1.3279935500232186e-11,yobA
b1842,21.547032621000113,-1.6898626685396538,0.42604633113773,-3.966382397958883,7.297175488193974e-05,0.00011455836839882266,holE
b1843,194.8618808110779,1.0253266025658199,0.16514112849919343,6.208790092958749,5.339408504885311e-10,1.1354626202176397e-09,yobB
b1844,257.85724248880496,0.0632027354453606,0.14928989485864697,0.4233557502683167,0.6720357244208157,0.7028513325969188,exoX
b1845,679.2615207900297,-1.0096985780596996,0.14508911843929395,-6.959161299764619,3.4230441780553062e-12,8.198172182698291e-12,ptrB
b1846,1347.3535489236954,3.0467423592884835,0.1537008907822563,19.82254197605606,1.9025170986868119e-87,3.0017492001503034e-86,yebE
b1847,2407.967789343907,0.9226618181968805,0.1398126601896066,6.59927231872718,4.1318075780900774e-11,9.303435784528143e-11,yebF
b1848,1751.3840260053219,1.6288730714630393,0.14926852844955854,10.912367719987774,1.006014421591951e-27,4.254059062293725e-27,yebG
b1849,234.23541211413757,-1.0969316637012423,0.16685175912162856,-6.57428887460288,4.8886240487062336e-11,1.096825844159268e-10,purT
b1850,1766.8293126712767,1.6220691145020465,0.14713365227885444,11.024460341865412,2.9126018384868435e-28,1.253301397167066e-27,eda
b1851,358.09060396349804,0.4583703316042089,0.15303961983873135,2.995108927264888,0.002743468499670238,0.003826599599349933,edd
b1852,816.7192429379579,-2.083971086554348,0.1314988976627222,-15.847821720144506,1.455387815724622e-56,1.2890577796418082e-55,zwf
b1853,513.6187398331313,-1.9651940703099229,0.19401032405752844,-10.129327291506398,4.0945662576410526e-24,1.537907906666887e-23,yebK
b1854,2594.7295160909034,-2.1910510418060705,0.12489777731517714,-17.542754474140843,6.757130741564958e-69,7.70592992859299e-68,pykA
b1855,716.5287073682239,0.5290170771437981,0.1201611201526358,4.402564460715822,1.0697879017680196e-05,1.773044557071846e-05,lpxM
b1856,1873.1702793819106,0.1815127751850119,0.1095818460560269,1.6564128249145231,0.09763824566361451,0.11581879747001646,mepM
b1857,1441.431240963925,-2.3257769705474183,0.15547834356482698,-14.95884839792933,1.3636535618248808e-50,1.0568315104142826e-49,znuA
b1858,874.947272833183,-1.3317165187900288,0.11566830602456399,-11.51323611938449,1.1315114664299361e-30,5.254128138422551e-30,znuC
b1859,794.2796948053434,0.24149733455853106,0.13114990387567457,1.8413839996974908,0.06556530586850665,0.07948732482323499,znuB
b1860,1368.6416507748063,1.8086434020205089,0.11757002336097243,15.38354208255513,2.1107745746694097e-53,1.7531376750367437e-52,ruvB
b1861,717.5020287841838,0.9562730675147686,0.1480766726335696,6.457958910794551,1.061245447396713e-10,2.344005248088475e-10,ruvA
b1862,50.73701618909178,3.1304155976416457,0.3688660250623464,8.486592380289125,2.127845193526328e-17,6.199056612774915e-17,yebB
b1863,414.1724590805532,0.41539413336011016,0.14004225071567178,2.966205778879448,0.003014986853339071,0.004181465698928353,ruvC
b1864,860.3280268718466,-1.4244818921708415,0.12901807013296698,-11.040948688061757,2.424595823326637e-28,1.045354634112033e-27,yebC
b1865,468.8554817275154,-1.276727984518824,0.13812986389720588,-9.24295404698976,2.3978398550048078e-20,7.877082866963555e-20,nudB
b1866,3198.8850058302146,-0.7187459357220667,0.11646491623935568,-6.171351501639504,6.770870604074159e-10,1.4281443411180859e-09,aspS
b1867,145.14143745933168,0.2761804721686069,0.18128267837511644,1.5234796542288758,0.1276387471048536,0.14935294118967718,yecD
b1868,45.68770698425099,-0.09468079385573017,0.2861596393299385,-0.33086704357550717,0.7407449166186681,0.7670569567055698,yecE
b1869,389.21603313331417,-0.39700300262071314,0.15097787068271398,-2.6295443221280475,0.008549938585023755,0.011366456178924152,yecN
b1870,123.31423304796833,-0.5827658914095984,0.2273104214704107,-2.563744713682025,0.010354967581556252,0.01366383911690966,cmoA
b1871,406.1268470953169,-0.1095244080915903,0.13915526353289676,-0.7870662259620411,0.4312430991101428,0.46837703485883264,cmoB
b1872,867.7268303476144,4.409107404189872,0.18270643043679946,24.132196078971834,1.1484348727393584e-128,3.6633408042019245e-127,torZ
b1873,345.80465592537166,5.739519654479212,0.3025750347410933,18.96891347757884,3.0821123827783505e-80,4.3346513447253355e-79,torY
b1874,2073.3669336399903,0.2310791923896266,0.1683150048831308,1.372897161189378,0.16978431924469084,0.19580575669770214,cutC
b1875,175.18226585111464,-0.7250862574208057,0.184688484806038,-3.9259960261317848,8.637158122863452e-05,0.00013492111446715725,yecM
b1876,1076.3729038845238,-0.1252506017054805,0.11481858266508378,-1.0908565390571494,0.2753360134193119,0.30824749009964675,argS
b1877,19.065046796085237,3.9458682623409276,0.6861493455234858,5.750742586995394,8.885231122705975e-09,1.7690089281841564e-08,yecT
b1878,21.883394410515113,2.940656122403252,0.5205461315270156,5.64917486520719,1.6121979710520767e-08,3.1640193796572636e-08,flhE
b1879,209.99873956369996,1.7142588069256444,0.16844753304814736,10.17681159174743,2.516726805891927e-24,9.550544309945053e-24,flhA
b1880,46.821915656408386,3.25462715488351,0.37811471730743845,8.607512497952387,7.466301357599897e-18,2.2267383859183433e-17,flhB
b1881,60.78497979938093,1.4643942714211349,0.2685889827758314,5.452175499854145,4.9757313474422456e-08,9.485998004088682e-08,cheZ
b1882,11.291204994034947,0.5602399361419445,0.5792859869925746,0.9671215059948027,0.33348329569581237,0.3690280210289005,cheY
b1883,31.71844210851697,2.781953071192196,0.4524582318193768,6.148530130628197,7.820427286987693e-10,1.6432229554806598e-09,cheB
b1884,43.49534984882263,2.546743987156036,0.35459715074327514,7.182076849229547,6.866030627205541e-13,1.6979925180313929e-12,cheR
b1885,57.76871524955027,2.7739889397260313,0.32224905175686924,8.608214437257532,7.420734677729681e-18,2.2146490882282072e-17,tap
b1886,61.87871445318263,3.5188713712945128,0.3925330996618482,8.964521397879267,3.116312464799358e-19,9.826652915506285e-19,tar
b1887,36.33841858298711,0.9343376985720621,0.31792977876211703,2.938817817601027,0.003294666741299337,0.004555000940703418,cheW
b1888,86.6829823408592,2.644491758411173,0.2718763855435599,9.726816667523607,2.3173143531698695e-22,8.200014294737754e-22,cheA
b1889,50.00761553461413,4.046392918624426,0.4607226626307675,8.78270865930311,1.5958414792742782e-18,4.885183721672721e-18,motB
b1890,64.54636496437453,3.763952288620073,0.36642413781030037,10.272118837784344,9.411453926097303e-25,3.637332764063242e-24,motA
b1891,89.17092510031465,1.2287841587820743,0.2416705389053722,5.08454263539013,3.685129854616638e-07,6.670206258232911e-07,flhC
b1892,54.6377625817456,1.1076662750853385,0.2725592431984438,4.063946839912794,4.8249819402679265e-05,7.65389927966105e-05,flhD
b1893,0.0,,,,,,insB5
b1894,0.0,,,,,,insA5
b1895,169.2209101898572,-3.1256652935159357,0.24219883053464192,-12.90536905820802,4.197994022779582e-38,2.4315223274047e-37,uspC
b1896,1559.6973741888248,-4.053463610653605,0.19925051074555944,-20.34355443048189,5.295025494094148e-92,9.286335547809737e-91,otsA
b1897,1113.961467436351,-4.458596745490112,0.19080594814139126,-23.36717900526978,9.219511273473748e-121,2.552470982756694e-119,otsB
b1900,167.46722869061605,-0.4528655247110558,0.16889289309859506,-2.681377033707897,0.007331985539418843,0.00980717117730834,araG
b1901,302.09901292546084,-2.54343247465956,0.18115012192155394,-14.040467915119478,8.812882507888643e-45,6.042727227371621e-44,araF
b1902,363.9396674299939,-0.4441878467585299,0.17213399659155043,-2.580477160549085,0.009866388248394722,0.013046512787453758,ftnB
b1904,37.70752188089329,4.3744186260775,0.5468130622400265,7.999842959415858,1.2457799352523638e-15,3.396046751081121e-15,yecR
b1905,212.26189828182729,0.6434362656021838,0.16674563678155174,3.8587892194452413,0.0001139501614928181,0.00017662275031386806,ftnA
b1906,68.5104085596528,-1.1472094584017285,0.24628081394010323,-4.658135727457584,3.190858178468816e-06,5.473950780054454e-06,yecH
b1907,483.7421858902283,2.888093167839537,0.159600822317771,18.09572861779646,3.443596877924761e-73,4.258065577703595e-72,tyrP
b1908,1524.5411043310505,-0.3609869334785153,0.12264189608310146,-2.9434226394698966,0.003246049385961296,0.004490606347266381,yecA
b1909,1.6520601832750692,1.715311577484681,1.5364496290051872,1.1164125039330464,0.264245603660501,0.29688850110095083,leuZ
b1910,0.0,,,,,,cysT
b1911,31.72257356652815,-1.8837197977889415,0.3519444346612929,-5.352321594747792,8.683289814407986e-08,1.6327997335764185e-07,glyW
b1912,922.4881961949621,-2.572476443871942,0.1278350531605875,-20.123404185864224,4.603565484144177e-90,7.705283369278581e-89,pgsA
b1913,838.9098867063443,-1.8601328469759422,0.12200201947381926,-15.246738168749028,1.730653444842765e-52,1.4004294970951935e-51,uvrC
b1914,403.0796520615028,0.5757012533476729,0.1564937405012,3.678749396007046,0.00023438042894100456,0.0003553801117954482,uvrY
b1915,76.547949508595,1.7040987789333706,0.27385265117158925,6.222684979104419,4.887180438356531e-10,1.0413053383177857e-09,yecF
b1916,317.7067520549254,2.0174943868626456,0.1861118976118188,10.840222536823605,2.219305480020226e-27,9.29532133496578e-27,sdiA
b1917,331.1706856258103,-0.8886462149035623,0.1474475040881849,-6.026865089368239,1.671704307432703e-09,3.458102613401672e-09,tcyN
b1918,233.37422482291285,-1.09845972680681,0.15955696295983846,-6.884436168939236,5.8016860677261415e-12,1.3738043071614026e-11,tcyL
b1919,593.4831247222623,-1.172313817541235,0.12391631089687327,-9.460528715359098,3.0639002421041505e-21,1.0414894877021212e-20,dcyD
b1920,892.4556015783193,-1.3725754476174388,0.1494522692953512,-9.184038851259743,4.152187085884989e-20,1.3497104833703876e-19,tcyJ
b1921,12.139611882649033,0.8395586879404089,0.5752443076162467,1.4594819571869453,0.14443250308237893,0.16797671824798732,fliZ
b1922,20.319258376163834,4.653249551537704,0.8084280505748278,5.755922927499904,8.616969620640458e-09,1.7187086665183187e-08,fliA
b1923,960.3716742681963,1.5400272396001282,0.13695938339484942,11.24440838902056,2.467454053768044e-29,1.0949327363595697e-28,fliC
b1924,44.73973194028917,3.02240392991729,0.44327907202025296,6.81828699050155,9.21324527660385e-12,2.1549790492885308e-11,fliD
b1925,6.305880102572998,2.1698298300797587,0.8358390135309249,2.5959901308189868,0.009431877434451704,0.01249823132644684,fliS
b1926,4.455764754252864,1.867948022014628,0.9698069634002925,1.9261029179098845,0.054091524366854604,0.0662154867249427,fliT
b1927,1750.2189067086344,-2.8198360319777387,0.12596694486396912,-22.38552371832834,5.446197758859166e-111,1.2889334695966693e-109,amyA
b1928,678.670283564355,-0.00682076467859677,0.13894838674418689,-0.049088476940392596,0.9608487864070698,0.9656749675260095,yedD
b1929,317.14166618371996,-0.7968988020297705,0.14674399874411678,-5.4305375950627734,5.6184541337629066e-08,1.0697420024577991e-07,yedE
b1930,18.982912001894743,-0.1933787691430182,0.4639723999793321,-0.416789380470977,0.6768324706793969,0.7065251448732999,yedF
b1931,58.32051942652305,-1.1840215485889283,0.2743658914482854,-4.315483759073973,1.5925376086333704e-05,2.615802445225409e-05,yedK
b1932,17.440745633151394,-0.014445961908972385,0.4349298421900223,-0.033214464742708776,0.9735035632904591,0.9770548758788421,yedL
b1936,7.221028800936363,3.0765128458491926,0.9213938717781897,3.3389768915131355,0.0008408755904206014,0.0012268923927847158,intG
b1937,9.571798803360833,2.369823682259367,0.6852425352703885,3.4583721241476395,0.0005434501887113266,0.0008016983011753552,fliE
b1938,29.724895655705286,2.928745333904852,0.4740372738015783,6.178301782932709,6.479477156222022e-10,1.3706227026280318e-09,fliF
b1939,45.01337797549144,1.9237006318671435,0.31737306819299116,6.06132285521266,1.3500652454797524e-09,2.8059429700669827e-09,fliG
b1940,26.212931972611514,3.2370554240947502,0.49755101259258455,6.5059769594829175,7.719005754828498e-11,1.7143826101289128e-10,fliH
b1941,44.146620833421586,2.567792795902246,0.34935195802138214,7.350160023276824,1.9796970068341486e-13,5.022839322238571e-13,fliI
b1942,1.7007931981179036,0.3566242125957983,1.4247316754098427,0.2503097381429459,0.8023478261828872,0.8234868572760713,fliJ
b1943,10.923632921167105,0.9735691302173622,0.5582977743295839,1.74381696467704,0.08119101132643099,0.09704122504994549,fliK
b1944,4.740068522392138,1.624978455893113,0.865495327346349,1.8775126849908899,0.06044786042011535,0.07360760209387213,fliL
b1945,20.689872874147945,1.1811166336433359,0.4209531344849394,2.8058150347033304,0.0050189493136369315,0.0068231670409604,fliM
b1946,7.365289954561617,2.4187392020149954,0.7992813377361587,3.026142470516954,0.0024769556152711312,0.0034658482576044244,fliN
b1947,3.2374478295971385,3.8623694326460187,1.616144622947305,2.3898662148207714,0.01685451113591736,0.021776800123366077,fliO
b1948,8.97530851217068,2.744786874282479,0.7733426749273552,3.5492504982222965,0.0003863293791964655,0.0005764820092280817,fliP
b1949,1.6174776481415194,3.9121653081571734,2.264620148874845,1.7275150139862951,0.08407521111980673,0.10021637675315169,fliQ
b1950,11.112322374123261,2.8450417947388016,0.7015533140657413,4.055346525627272,5.00600328926773e-05,7.92962449778933e-05,fliR
b1951,161.3702191966566,5.775575336478077,0.4186513459881945,13.795668858642442,2.7063106516891357e-43,1.7807443181966482e-42,rcsA
b1952,89.1595322640585,-0.4305529166532067,0.21991984878550488,-1.9577719747940499,0.0502567753116381,0.06172721119470729,dsrB
b1953,2144.966739527791,-3.18652582309846,0.19464517025470235,-16.37094729311157,3.0837650854648296e-60,2.9382540922545847e-59,yodD
b1954,20.364916000748895,0.9466084704581007,0.4084884790865502,2.3173443534438922,0.02048498101589131,0.026213629776730682,dsrA
b1955,1842.1683091843988,-2.9474790268902775,0.15930767448848768,-18.50180185200856,1.9968510531364155e-76,2.608349654571662e-75,yedP
b1956,654.04518448784,-0.7262814148022877,0.12504059344773524,-5.808365065908461,6.308584243598595e-09,1.2680542392840645e-08,dgcQ
b1957,134.7174795492707,-1.5939126352373254,0.21728944710963394,-7.33543509102452,2.210023311039502e-13,5.594320077743466e-13,yodC
b1958,418.53267090401033,-0.7279661384518042,0.15420586502229772,-4.7207422256380625,2.349855855345795e-06,4.0676623968667675e-06,yedI
b1959,117.07978025787166,0.48581899706409126,0.20878583386953722,2.3268772026346483,0.019971801884585565,0.025571806834190126,yedA
b1960,133.8217705239077,1.558183461544161,0.23428137673121252,6.6509062021256655,2.9129388645886956e-11,6.647359710689185e-11,vsr
b1961,542.8141302030034,-0.2985566793568775,0.13039575867615297,-2.2896195580897998,0.022043380217220274,0.02812607528005903,dcm
b1962,402.64788486324665,1.2322884558060871,0.14356478348539772,8.583500952595562,9.20285431066987e-18,2.7298493716690544e-17,yedJ
b1963,102.01170553116931,1.7759143205035266,0.22526354505666302,7.883718246806474,3.177803810670371e-15,8.550545461229202e-15,drpB
b1967,3823.082471397589,-4.387337573544104,0.18394000970878138,-23.852002511526727,9.653303790328457e-126,2.8712056273666126e-124,hchA
b1968,157.95398566544338,2.435914978153956,0.20616796281803557,11.815196429446711,3.2578658761688075e-32,1.5952308772964505e-31,hprS
b1969,160.81606400467192,2.329035476216449,0.2027588803337087,11.486724884173897,1.5383412467724394e-30,7.113212361651552e-30,hprR
b1970,15.31252246653625,-0.1459932211691416,0.48128290441060084,-0.3033417971659122,0.7616293962513577,0.7860943967874506,hiuH
b1971,500.3486257518832,0.13564825021027963,0.15805204741426296,0.8582505094333781,0.39075415090885046,0.42682376483889817,msrP
b1972,164.04362137210646,1.628615827770364,0.20076166321903566,8.112185372729783,4.971737600347785e-16,1.3790541220372369e-15,msrQ
b1973,65.14835414429216,-1.9800409492255349,0.2972506331578109,-6.66118328560238,2.716316310208369e-11,6.208320040258173e-11,zinT
b1974,41.166242839622036,-0.6241549909814957,0.29932622908721385,-2.0851997931649264,0.03705116867505915,0.0461123111415353,yodB
b1975,77.57984401078248,-1.4127569805652005,0.2607179578383682,-5.418717576182602,6.002805539879366e-08,1.1399633298770047e-07,serU
b1976,1636.5870944407552,-2.363782334981658,0.189287106220538,-12.487814844755565,8.701070234090519e-36,4.746234345782709e-35,mtfA
b1977,33.094290977178716,-1.543390467900535,0.33399975587998926,-4.620932922044101,3.820182856601029e-06,6.507912126454229e-06,asnT
b1978,602.734818487501,0.8999732303079354,0.1267973787228107,7.097727408666307,1.2682501569492569e-12,3.1050262463240425e-12,yeeJ
b1981,333.8744012180198,0.7539047414615191,0.15048018788414055,5.009993355683302,5.443191468804697e-07,9.783964412281862e-07,shiA
b1982,476.48649300760053,-2.927940037439422,0.1634483905813312,-17.913544618125147,9.245578806599124e-72,1.1150421344287492e-70,amn
b1983,125.79457675159362,-1.1428624017701987,0.2360890832823668,-4.840810027642466,1.2931094560626016e-06,2.2723624054241805e-06,yeeN
b1984,4.917711631773881,1.4014648091016337,0.9335863282873609,1.5011625241691182,0.13331353033958224,0.1555383409898863,asnW
b1985,404.7980612421363,1.856108745265958,0.15796763593495863,11.749930511273774,7.067694318702631e-32,3.4151471340207447e-31,yeeO
b1986,49.140967448030274,3.2030531093344736,0.3745793881196071,8.551066104875224,1.2195674777705288e-17,3.5982145021084906e-17,asnU
b1987,78.4206024606551,0.6463571695719725,0.23884203106861648,2.7062119957700483,0.006805558534769804,0.009127991672777782,cbl
b1988,86.82208094419313,1.194990682077003,0.23856714146897462,5.00903299054036,5.470419646966009e-07,9.828892769773214e-07,nac
b1989,8.34607823525671,3.736402228014797,0.9724982147048554,3.842065899471869,0.00012200306720969109,0.0001884412287217755,asnV
b1990,1241.6323651648481,-1.6837900311888696,0.14755392442071688,-11.411353766423185,3.669729684038191e-30,1.6742838821819987e-29,ldtA
b1991,761.5626498557958,2.8214954776327397,0.1479366259240595,19.072325463750275,4.288054165471468e-81,6.089036914969484e-80,cobT
b1992,329.3812628058631,3.1136887695872617,0.20480014606086655,15.203547602265255,3.3497791793891166e-52,2.6859249449309454e-51,cobS
b1993,341.35335394380826,2.6673118296837623,0.175620772417545,15.187906265109277,4.252880473747158e-52,3.3984217210097305e-51,cobU
b1994,0.9651846428341931,3.1906031244482,2.457114079731886,1.2985164794612836,0.19410991725156923,0.2214805224835168,insH6
b1996,9.861471325505837,-0.4425583946152484,0.6127945914651651,-0.7221969658007433,0.47017338854249346,0.5075289986179637,insD3
b1997,0.0,,,,,,insC3
b1999,142.53851265634492,1.6045969269477316,0.18744741177513952,8.560251175260792,1.1262188648964238e-17,3.3294932459866067e-17,yeeP
b2000,651.2025912921094,-0.7374554807649788,0.15340698210273904,-4.8071832889007196,1.530716417183204e-06,2.6802759222118e-06,flu
b2001,66.38055108353272,1.2639935546764856,0.2577323553321207,4.904287445973441,9.376709449224913e-07,1.6636950824461132e-06,yeeR
b2002,18.633248731805093,2.440669448372553,0.5213657159030868,4.681300234989431,2.850610919601334e-06,4.911306954240733e-06,yeeS
b2003,1.7015416963778272,2.8859193700708823,1.7767305092415542,1.6242864942431903,0.10431467832299134,0.12327334603431085,yeeT
b2004,5.5344710147126,2.6124109471213375,0.9730403755338629,2.6847919293051192,0.007257497192820003,0.009716393747808288,cbeA
b2005,3.1597418726470443,2.871500727169067,1.2952586042813907,2.216932369858431,0.026627713370968434,0.0336342020829277,cbtA
b2006,36.16340510785668,0.8163274777237217,0.3751938576674204,2.1757485125125138,0.02957407053679724,0.0371638762497806,yeeW
b2007,1069.7272901544509,-1.3585401260729795,0.14857597288247432,-9.14374040241085,6.03287864300441e-20,1.944123849670967e-19,tmaR
b2008,607.7406615504756,-0.2523419094542383,0.16655344548686898,-1.5150806920660964,0.12975197062516608,0.15174499858979307,yeeA
b2009,1335.8943593038468,-1.7285874934448615,0.17450617857782075,-9.90559479058216,3.936208482848873e-23,1.4331836014475384e-22,sbmC
b2010,153.01295297900762,1.307430582304791,0.19086711924871294,6.849951879878897,7.387483399877283e-12,1.7371635644369552e-11,dacD
b2011,779.4448358724385,-1.7665984263619414,0.12087206223243291,-14.615440439535416,2.239017414785852e-48,1.653717224813309e-47,sbcB
b2012,302.5447267686408,-3.9083193549156023,0.18524734378358315,-21.097842889890668,8.324813538784254e-99,1.658182316639289e-97,tsuB
b2013,526.1817213568812,-3.5611867051569934,0.2102048330150409,-16.94150726259552,2.223537663099993e-64,2.3304792364205164e-63,tsuA
b2014,631.6048762548269,2.4584905848192804,0.16083165428105117,15.286111405178366,9.463461146094652e-53,7.728785893341124e-52,plaP
b2015,1263.1365834490027,1.066458656246998,0.17095006944765337,6.238421895309954,4.420072187300534e-10,9.445222217716967e-10,yeeY
b2016,3477.0947371531693,0.5163948297605783,0.1342159804859286,3.847491393282471,0.00011933346805790434,0.00018451209216399541,yeeZ
b2017,341.7288729368169,1.967123165248049,0.20725052064852723,9.491523394452942,2.276821860521044e-21,7.769433976754757e-21,yefM
b2018,0.5347409276715743,2.3463822002668167,2.965434184386077,0.7912440655811013,0.4288015817221513,0.4659552117355986,hisL
b2019,502.29630105915726,-0.04110538372411976,0.1600569317837952,-0.2568172666188859,0.7973198401886097,0.8185172426563105,hisG
b2020,577.9659209568554,-0.44263751713087823,0.1832713034765845,-2.4152036283598073,0.01572641501071955,0.020433199196336325,hisD
b2021,353.52453515007437,-1.4783261833325703,0.1809516358635309,-8.169730968596967,3.0907791973592745e-16,8.671516906804032e-16,hisC
b2022,352.03611522647975,-1.0973101960804856,0.16213673666793127,-6.767807337382538,1.3074870187378733e-11,3.037233697353096e-11,hisB
b2023,178.65940223792072,-1.262624768386785,0.17270150318672164,-7.311023616405115,2.6511492808459587e-13,6.695558883697022e-13,hisH
b2024,196.0944008132482,-1.5997088259587622,0.1661976684538563,-9.625338555233167,6.250076385092148e-22,2.174927766575149e-21,hisA
b2025,173.13992156399695,-2.4940301717088844,0.23281570699668439,-10.712465253662645,8.896076068707444e-27,3.653034221497217e-26,hisF
b2026,240.4273726063869,-1.8914090205148424,0.19010923163203677,-9.949064568183266,2.545647380967187e-23,9.330507719415118e-23,hisI
b2027,2803.1368630799975,0.5691428960590803,0.12231203379330355,4.653204418306715,3.268159630604766e-06,5.597836067674e-06,wzzB
b2028,132.5479347445689,0.14256785178425802,0.1970102848201984,0.7236568990008451,0.46927640017793715,0.5066849922941573,ugd
b2029,2922.1390745893646,-0.8885498996322546,0.12118353631760265,-7.332265806334514,2.2629369779099045e-13,5.724970446413448e-13,gnd
b2030,0.0,,,,,,insH7
b2032,463.4968807594619,-2.745196586684774,0.15517651002384686,-17.690799891445582,4.9369607651105e-70,5.749338965083709e-69,wbbK
b2033,212.756930063808,-2.0929399155245614,0.18166808901665377,-11.52067997661768,1.0378868665569995e-30,4.829575038672211e-30,wbbJ
b2034,444.67957878559747,-2.290273107701591,0.17096170215004727,-13.396410300661937,6.345904349782226e-41,3.940010006733619e-40,wbbI
b2035,392.59448983033366,-3.1030117868479383,0.17198685191607668,-18.04214538656766,9.094375591454e-73,1.1120400375994584e-71,wbbH
b2036,578.8048228706058,-2.866330990601872,0.14168136570024145,-20.230825531892705,5.241801678154823e-91,9.01344179188966e-90,glf
b2037,499.7199974221616,-1.119780674943478,0.14297167934415592,-7.832185227733006,4.794624497932445e-15,1.2838161216483347e-14,rfbX
b2038,174.96954032575414,-1.2644052203888367,0.1831615321730963,-6.903224740410634,5.083510834288521e-12,1.2063404146920793e-11,rfbC
b2039,351.86803711743227,-1.3046894537926854,0.14774242651837677,-8.830838131864601,1.0389424936845462e-18,3.2094209524206124e-18,rfbA
b2040,441.16767633360433,-0.19004372200940226,0.13536734702738207,-1.4039111069448698,0.16034532181807382,0.18530850791366787,rfbD
b2041,642.2256039128182,-0.2746718143559581,0.12050811118450984,-2.2792807194148814,0.022650383407120642,0.02882537951955625,rfbB
b2042,1383.1583255353316,-1.088653484114532,0.13000406942190113,-8.373995436877703,5.569691654556283e-17,1.6056177251707111e-16,galF
b2043,37.675170864960656,1.2933961032472698,0.3380562811010475,3.825978618219089,0.00013025359591587777,0.0002006215287689622,wcaM
b2044,123.32502147081807,2.0548154553025437,0.21522977039023655,9.547078229823526,1.3340554991100924e-21,4.5914873393922024e-21,wcaL
b2045,46.9083865324064,1.2316396285936897,0.2958508389780556,4.1630425414647725,3.140348308870118e-05,5.068040591823546e-05,wcaK
b2046,55.27285256058874,2.7128711413831197,0.3329663170909112,8.147584311485817,3.7126603193910426e-16,1.0367608047987166e-15,wzxC
b2047,62.09550810923016,2.325090585623438,0.3033105297047339,7.665710082293756,1.778445049920486e-14,4.671071067869916e-14,wcaJ
b2048,62.634577309435976,1.8358855245273147,0.27736790527786004,6.61895442693044,3.617483437221932e-11,8.170426932093866e-11,cpsG
b2049,64.30482266500799,2.510164282194472,0.32573802797346413,7.706083007290016,1.297382589271582e-14,3.4239077685692474e-14,cpsB
b2050,60.772363164630775,4.135867114460809,0.414238373864329,9.984268419843172,1.786137667031663e-23,6.574061881499483e-23,wcaI
b2051,19.13794042636662,3.3309350746174853,0.5988306636465514,5.562398983268345,2.6609106483238465e-08,5.157784532770397e-08,gmm
b2052,61.149819212889135,3.6185710952414594,0.36944800904998754,9.794534025359585,1.1884411676474348e-22,4.25672743692759e-22,fcl
b2053,77.01327142447106,4.585759670686845,0.41052239643662947,11.170546870260047,5.682990571028541e-29,2.496659131104555e-28,gmd
b2054,16.587605725958,6.307795103310676,1.4427802548038289,4.371972157442875,1.231292305773265e-05,2.0330640397651585e-05,wcaF
b2055,33.46973084591794,4.379108148145591,0.5790161350752511,7.563015748389233,3.938298999857833e-14,1.024004264463921e-13,wcaE
b2056,19.036631212072837,2.595512047951661,0.5128037169844375,5.061414264340111,4.1615787179026e-07,7.510975611401084e-07,wcaD
b2057,52.62018922603335,2.9662593125154118,0.3454737013773485,8.586064006288785,8.999954054993078e-18,2.6768782263567252e-17,wcaC
b2058,8.519611093215591,2.1855547161334297,0.8207233981372279,2.6629613839375357,0.00774563023673439,0.010325943156300662,wcaB
b2059,30.073285016644324,3.1415317685437723,0.47393965666997534,6.628548010978867,3.3900486558395016e-11,7.688302000518025e-11,wcaA
b2060,77.84413753902506,4.693836036057139,0.4239230916599909,11.072376401288011,1.7080997614918262e-28,7.4006448327628135e-28,wzc
b2061,3.826123147957439,4.150527541426506,1.6390507049248042,2.5322752547895844,0.011332499177851292,0.014909044046892224,wzb
b2062,44.87022838107135,4.475091710827943,0.5217255036531792,8.577483139108326,9.697158954240215e-18,2.8745382974118135e-17,wza
b2063,583.1671410201124,-0.3762952547858646,0.1187460465090196,-3.1689076465992687,0.0015301300698480624,0.0021883146742921284,yegH
b2064,1363.5952242609,0.4813778376895855,0.11786329108758925,4.084204956841507,4.422798159367619e-05,7.046383459115548e-05,asmA
b2065,1848.1630761136119,1.333133696388852,0.11193286134185108,11.91011898031772,1.0482757390940371e-32,5.208250342541706e-32,dcd
b2066,127.86933061152222,-0.34465464823621117,0.22957467590848704,-1.5012746805470707,0.13328453096884116,0.1555383409898863,udk
b2067,793.775536288459,-1.0226555373971276,0.13988276999975086,-7.310804164079315,2.6554831631298536e-13,6.70265876381744e-13,dgcE
b2068,384.8593290368244,-1.5935142842320607,0.15276647944995897,-10.431046718950155,1.7890649203860726e-25,7.044243094400261e-25,alkA
b2069,420.26198222579904,2.240030263704669,0.19045928041565677,11.76120301838821,6.184672709688881e-32,2.9950417236579157e-31,yegD
b2070,276.0427917111011,1.1878474315288603,0.15523093221450046,7.652131019141692,1.976756748733077e-14,5.1826582536765965e-14,yegI
b2071,24.6452543115671,3.1544023485987442,0.5084862498802871,6.203515531327317,5.521558823953217e-10,1.1724988877492553e-09,yegJ
b2072,74.43052760819008,4.627815358842759,0.42151497973961427,10.979005684926157,4.822019245958647e-28,2.0568341783633688e-27,pphC
b2073,92.35000112429316,2.9770117228304045,0.28909332442548463,10.297753255792475,7.212616007987465e-25,2.797351160102275e-24,yegL
b2074,420.2648562941888,1.7918334514482424,0.1602199449853243,11.183585486890344,4.906670179890925e-29,2.1577584547332517e-28,mdtA
b2075,577.4400624550736,1.056098109300867,0.15128376032014448,6.980908638613738,2.932769955805845e-12,7.066257988756064e-12,mdtB
b2076,456.71382289654974,0.07905669580724814,0.14062957766121287,0.5621626482993615,0.5740052075457679,0.6111491005875322,mdtC
b2077,152.46465399406023,0.19430080992465104,0.198957321833005,0.9765954232523175,0.32876948581465193,0.3645449059335259,mdtD
b2078,133.73672072403784,-0.4006760128892781,0.18266785473179165,-2.1934675560600656,0.028273709646892027,0.03559075489437195,baeS
b2079,316.34217501269654,-1.2030828498071493,0.14119494763339308,-8.520721668674044,1.5856217394861454e-17,4.647075164592552e-17,baeR
b2080,2247.7482655643685,-5.3302807360957924,0.18637193780710576,-28.60023241059291,6.674169336768453e-180,4.519952833916112e-178,yegP
b2081,969.4651914654678,0.9791717620211721,0.12509993099826,7.827116723467986,4.991855994425677e-15,1.3341924764700564e-14,trhP
b2082,78.16208876283687,2.489781518572862,0.2701539270003841,9.216158899549596,3.0793370011431277e-20,1.0100776064852495e-19,ogrK
b2083,23.69389395525468,2.4587154086254706,0.4656898495866089,5.279727292334293,1.2937629865838963e-07,2.397955649238868e-07,yegZ
b2085,21.45229082710095,2.0939197245890533,0.4504019468454697,4.649002383880603,3.3354435827964572e-06,5.71086061900817e-06,yegR
b2086,418.0207730867087,-1.480228771618044,0.13277130670586357,-11.148709825514375,7.265211900593604e-29,3.182235103125676e-28,yegS
b2088,0.26257637746689194,1.3204947578246937,4.099698946035331,0.3220955429182662,0.7473803147463765,0.7726557410788044,insE5
b2089,20.110070480100877,3.09345509527258,0.5644690780713432,5.480291508335907,4.2462563018173804e-08,8.116378741033482e-08,insF5
b2091,7624.057183159086,-4.559083193066458,0.11473130033988434,-39.73704803798491,0.0,0.0,gatD
b2092,22342.84863647215,-3.7178013170956157,0.19254727862940207,-19.308511361779928,4.555135798445993e-83,6.79718907957941e-82,gatC
b2093,2068.5318266349236,-3.914284105604899,0.21179008991591358,-18.481903979355106,2.8880739653640704e-76,3.7613318329978218e-75,gatB
b2094,5455.252458278742,-4.6330202497620885,0.12944320914226168,-35.79191431101087,1.4754581714900717e-280,3.2474834354496476e-278,gatA
b2095,42049.47069634724,-3.2837799308889237,0.16427719133475022,-19.989262685880195,6.829750068637352e-89,1.1176416283324024e-87,gatZ
b2096,50479.398502585536,-2.7999047677785387,0.1541204169700123,-18.166994502249015,9.42199759078481e-74,1.1816419770551205e-72,gatY
b2097,5942.925822941426,-5.765240949626474,0.1657765629733044,-34.77717746238273,5.384022092063709e-265,8.777950092320166e-263,fbaB
b2098,54.41384499945079,0.11378248304241007,0.2583650705427032,0.4403942173893967,0.6596516123537471,0.6922017634281752,yegT
b2099,71.1697292781725,0.1344297052009557,0.24196036619836928,0.5555856412068105,0.5784941495752117,0.6154014611962498,yegU
b2100,86.51420335023812,0.2874993627407581,0.21746878481824405,1.3220258851450528,0.18615953148812725,0.21301644336125192,yegV
b2101,427.57892749470983,2.020552223201424,0.1573806765709636,12.838629666777091,9.962223464223164e-38,5.673183400971587e-37,yegW
b2102,168.89119074269192,1.8594825582831078,0.1864349576163437,9.973894284942286,1.982977658942393e-23,7.280289953848552e-23,yegX
b2103,413.28388038114764,1.4201963281830512,0.17785247621115466,7.985249114535401,1.40238807640916e-15,3.815396979204649e-15,thiD
b2104,390.63376619748357,1.5953118739668166,0.14229441203099952,11.211345907380187,3.5869708373835356e-29,1.582148860336906e-28,thiM
b2105,135.92117234977715,3.3528645902900216,0.2496222125095543,13.43175575836101,3.9395884703708356e-41,2.4563836326589826e-40,rcnR
b2106,163.6406855011629,4.19411683757238,0.2678348804974152,15.659337685155819,2.8686906438113148e-55,2.461593803909826e-54,rcnA
b2107,248.27542952527946,1.8216109342508673,0.17412777291504108,10.461346307688963,1.2999528202800404e-25,5.1460362543819585e-25,rcnB
b2108,33.755814307477294,6.433914268424514,1.0551569864917654,6.0975896011609505,1.0767976536274816e-09,2.2496740727423704e-09,yehA
b2109,61.10190466698365,4.796781891125722,0.48975894340405646,9.794169061591438,1.1927405137665207e-22,4.268653448455467e-22,yehB
b2110,1.9614058500018483,1.292947699869905,1.3177935675731702,0.9811458575040544,0.32652081922362386,0.3622340338262077,yehC
b2111,9.545454503380713,-2.3762691972279173,0.6722132849914733,-3.53499291115328,0.0004077860980210096,0.000607059318054949,yehD
b2112,47.89163951025151,-1.6553378071172664,0.2941325531658115,-5.627863319787328,1.8245556947408652e-08,3.56805604986641e-08,yehE
b2113,2376.5493848461633,-2.1234777606888424,0.12313966714599192,-17.244465653551668,1.231460302955678e-66,1.3586186099275426e-65,mrp
b2114,1236.4189562727377,-1.2009611603306647,0.11828130073613936,-10.153432138946087,3.1991067233134267e-24,1.2077588161257037e-23,metG
b2118,114.71838836632107,1.7032062566351915,0.20481874885500137,8.31567552363555,9.12311116849179e-17,2.6010320831412476e-16,yehI
b2119,52.29279421061367,6.060354291128173,0.7566808585108715,8.009128581704571,1.1552407619149353e-15,3.1586148036953698e-15,yehL
b2120,86.48458156848814,2.3916090059816018,0.2515343272375196,9.50808198724799,1.9421017957087204e-21,6.637524926016915e-21,yehM
b2121,16.075725808020973,0.8467039717833863,0.4567625924840849,1.8537069053282602,0.06378110326462458,0.0774522528471386,yehP
b2122,123.26900650741145,1.593906073303538,0.2064156845593106,7.721826355911204,1.1467454920491359e-14,3.029996192077008e-14,yehQ
b2123,15.826963221537703,0.42725200278808817,0.477496275182356,0.8947755720710501,0.37090707111267285,0.407266881276624,yehR
b2124,527.0773820367391,-0.9020050957056356,0.14914807752816714,-6.047715201258888,1.4691435940313855e-09,3.0448070155019584e-09,yehS
b2125,130.82452747129935,-0.7553175446707265,0.21003860294397947,-3.596089166867013,0.0003230371110411103,0.0004856589353835272,btsR
b2126,238.11900163658038,-0.9315760418573742,0.1566547302076824,-5.9466831331703345,2.736303690542119e-09,5.599818152378619e-09,btsS
b2127,398.41652083781247,-2.7570446003521343,0.16774296147375237,-16.436126893965348,1.0544620869840736e-60,1.0156984916638714e-59,mlrA
b2128,167.3297919922718,-1.3655333638833238,0.197563462804059,-6.911871985346009,4.782993969423558e-12,1.1368649812852323e-11,yehW
b2129,116.80570361828086,-1.4464176845755659,0.19883225692726603,-7.274562522843935,3.475448840240911e-13,8.717336635179767e-13,yehX
b2130,206.61046104911495,-0.7262459916889783,0.20701599697909565,-3.5081636312497833,0.000451211427965377,0.0006692158712613171,yehY
b2131,397.75063092978075,-1.3162373868112272,0.15656999546666048,-8.406702592589028,4.21698603072119e-17,1.2180559387949263e-16,osmF
b2132,913.1505060769729,1.1864783543076123,0.12741304939436723,9.312063088885344,1.2537301561631659e-20,4.165222752777552e-20,bglX
b2133,2389.134448820237,-2.852840925715237,0.12956247936657062,-22.019036218376964,1.892457457473902e-107,4.2287298110660496e-106,dld
b2134,346.2231492924623,-1.3246000425672106,0.14593692907384087,-9.076524022901648,1.1209758243897315e-19,3.5783434220185626e-19,pbpG
b2135,2613.3245670669053,-5.249034677848213,0.1529952774331247,-34.30847517592563,5.866088214672859e-258,8.32984526483546e-256,yohC
b2136,434.7456470857626,-0.18118258852361246,0.1539684891494307,-1.176751097088247,0.23929486664126487,0.27009641101406356,yohD
b2137,369.8537364040441,-1.9064929799332135,0.17978464185609003,-10.60431503075374,2.8454130697679147e-26,1.1523006746199044e-25,yohF
b2139,118.11421335925182,4.124461278861515,0.3191221538193511,12.92439659703567,3.278585955776972e-38,1.9014934620988446e-37,mdtQ
b2140,255.43869152010674,3.1568155746176854,0.20205846738809113,15.623277833511573,5.0539286630845e-55,4.303170981605023e-54,dusC
b2141,51.99882212823727,-0.06149265282826424,0.27536015018833426,-0.2233171821928698,0.823288655454202,0.8430138779505459,yohJ
b2142,191.2654446841109,-1.0819039365656706,0.18454868821667042,-5.862430922811304,4.561393906412194e-09,9.227599253688639e-09,yohK
b2143,633.666656638406,-0.419850069223071,0.16972228130923048,-2.473747500825262,0.013370415675732696,0.01748041871237758,cdd
b2144,57.93577723096618,0.8454184549930541,0.2764174919276955,3.0584839226245366,0.0022246001573255837,0.003131133163910394,sanA
b2145,21.82591379012042,0.7480736149042161,0.4635276695748533,1.6138704634188241,0.10655552653775953,0.12571895679957584,yeiS
b2146,415.4763507652051,-0.615381997805101,0.21988971070727573,-2.7985938761105444,0.005132564743058955,0.006964719481795783,preT
b2147,397.7985558005028,-1.1515589205482593,0.20263893247649145,-5.682811819401259,1.3249803421025303e-08,2.608480977609722e-08,preA
b2148,489.8192725202084,0.5469912436291962,0.1596093328506547,3.4270630285824946,0.000610147431233823,0.0008979836149419219,mglC
b2149,526.9317301032082,0.81955073555199,0.17720468446954596,4.6248818873229975,3.7481192181843544e-06,6.395046821103693e-06,mglA
b2150,4615.540617015227,0.17206830985915963,0.16767056474906386,1.0262284862979822,0.30478389697950226,0.339660434051587,mglB
b2151,437.1547192922082,0.9634757134026076,0.19400443515001523,4.966256120163405,6.825779615636682e-07,1.219443257631196e-06,galS
b2152,272.39597415520217,0.9275740332506225,0.17903015936392055,5.181104885044044,2.2057541169597575e-07,4.0419568968931257e-07,yeiB
b2153,830.0261090206285,-1.3155223793753252,0.11531110400747226,-11.408462269948245,3.793766711347666e-30,1.7287951411337914e-29,folE
b2154,1218.3056409607977,-1.506117705519451,0.12320279563988444,-12.22470397442731,2.2941588732151198e-34,1.1979700308295323e-33,yeiG
b2155,495.5944126695287,2.6085218325711548,0.17043512375821673,15.305071953781459,7.072373564038962e-53,5.797502500726166e-52,cirA
b2156,960.0866861120476,-1.0190125584989016,0.14733571833155368,-6.916262872562844,4.6371358357220595e-12,1.1027915693597249e-11,lysP
b2157,1189.1375337113366,-1.2824165804199126,0.1741031340721254,-7.36584431552305,1.7602915924188e-13,4.474877801903605e-13,yeiE
b2158,400.0601885398987,1.4043592855683182,0.16230786868341204,8.652441172199588,5.040934323667307e-18,1.5095369314818698e-17,yeiH
b2159,342.5398026294609,-2.113190655963563,0.18448813226654898,-11.454344677902744,2.236483006016156e-30,1.0265900096437037e-29,nfo
b2160,246.58608859920136,-1.2850485582811357,0.17834251815852348,-7.205508655759215,5.782757023014019e-13,1.4381749387179497e-12,yeiI
b2161,79.93860901931103,2.2330966186417167,0.25515644139558624,8.751872405915854,2.098415812689205e-18,6.389314268617538e-18,nupX
b2162,52.81267219031063,3.6706334148911264,0.39442413576261665,9.306310344811884,1.3235017478033266e-20,4.38708937788422e-20,rihB
b2163,34.3602603509144,2.6944681969889386,0.4054620391474701,6.645426542653323,3.023402195257127e-11,6.888724877599313e-11,yeiL
b2164,279.83456804450054,2.0614071962773965,0.17591863956526863,11.71795780919839,1.0312809842001168e-31,4.934455317879254e-31,psuT
b2165,70.18552578804999,2.7872064341148177,0.30347935953702865,9.184171333321732,4.1470795893405433e-20,1.3492567887861842e-19,psuG
b2166,32.20577763987354,2.7328211374176505,0.43000347116843235,6.355346690555446,2.0795706256176422e-10,4.516166696580593e-10,psuK
b2167,2352.2775657572506,0.26568623667671054,0.12695500240442192,2.0927591008218243,0.03637066448682832,0.04532946349689078,fruA
b2168,799.8567704128751,-0.23177511788619584,0.13990478557389946,-1.656663258053952,0.09758757528523923,0.11578989390987146,fruK
b2169,1311.8668878364508,0.23078599581181072,0.1582826613710151,1.4580623917539999,0.144823346371354,0.16835594879647356,fruB
b2170,127.63143190409646,0.40245906642522955,0.21819458534977282,1.8444961215699966,0.06511087053292536,0.07895814107050618,setB
b2171,183.55147138526152,0.5066160032551901,0.20293795443879398,2.4964083463647273,0.01254580852975545,0.016431612361792174,yeiP
b2172,814.5668949466163,1.340861846975296,0.16706354921334104,8.026058666232503,1.0065410211716624e-15,2.760619049967388e-15,yeiQ
b2173,102.27169301056601,0.5982075742934065,0.21254806462365777,2.814457874987504,0.004885958080439154,0.006654699093469417,yeiR
b2174,48.87869256156731,1.8158015881828342,0.2987831632358361,6.077322324717414,1.2220596602121929e-09,2.5459094293677582e-09,lpxT
b2175,387.34609399468013,0.22287025021817788,0.19997327670632262,1.114500166667176,0.2650646729959443,0.29765680880820067,mepS
b2176,217.9379102720361,-0.05300446470796085,0.16842401273587201,-0.31470847800713647,0.7529830065964045,0.7777173146497823,pdeN
b2177,586.6133443978041,-0.9737874955506487,0.12686913343130835,-7.675527287162353,1.647395808314114e-14,4.3372226962911066e-14,yejA
b2178,134.10358330718432,-0.9712469676808141,0.1844556301513053,-5.265477485746135,1.3982545560206618e-07,2.5883585179154556e-07,yejB
b2179,109.19342281498024,-1.0525684749809265,0.21929097936917055,-4.799871285215775,1.5876763745470278e-06,2.77780262351193e-06,yejE
b2180,224.55407642664304,-1.0808772647980036,0.17304921346547528,-6.246068636501763,4.2091227096313253e-10,9.007563523479384e-10,yejF
b2181,2717.6871802078053,2.72146486693027,0.14173663555529756,19.20085697158029,3.6403610257353727e-82,5.288735721216868e-81,yejG
b2182,640.868773048256,0.3902074455518329,0.14266442909764177,2.7351418150965214,0.00623534060348507,0.008406728740135153,bcr
b2183,578.0999210441345,0.33839175964441864,0.12976430605335013,2.6077414501434264,0.00911417670238792,0.012099097057874434,rsuA
b2184,373.48476862231786,-1.6391965580350742,0.14231915347568047,-11.517750900023309,1.073772375900413e-30,4.991284053551867e-30,radD
b2185,2684.732788619258,0.8661326429385151,0.1866818013555317,4.639620127132709,3.4905019262160975e-06,5.964747468634806e-06,rplY
b2186,625.1918796963497,1.0729497728456852,0.12732001256161407,8.42718871337255,3.540685991446463e-17,1.0247271357230328e-16,yejK
b2187,147.03648282084978,-1.4021575595178335,0.2234692534390625,-6.274498786474829,3.507623674207365e-10,7.543018765931031e-10,yejL
b2188,1045.5354830697709,-0.9701366268450794,0.11620814633068163,-8.348266945799658,6.927186998345449e-17,1.9865457437600434e-16,lapC
b2189,6.525322108100899,1.480536993486301,0.7306080545144781,2.026444937662485,0.04271920988116152,0.052971820252640286,proL
b2190,701.907330070725,1.7248703021263947,0.13942594489258123,12.371229066837573,3.7405346826618e-35,2.008028496716737e-34,yejO
b2192,0.0,,,,,,insH8
b2193,618.4457362728996,1.4922965421227055,0.15654645309554788,9.532611647303723,1.5337524479514401e-21,5.262336925863008e-21,narP
b2194,301.93169615971146,-0.5368669662685542,0.17320570934173404,-3.099591626101182,0.0019378762832401206,0.002746468576568902,ccmH
b2195,83.89818331793013,-0.8034734446447793,0.24339180715880898,-3.3011523848069655,0.0009628857004685198,0.0013979626825403773,ccmG
b2196,242.38622147231047,-0.40784416787902417,0.16363669295274583,-2.49237601004806,0.012689162549583572,0.01661442401643869,ccmF
b2197,67.61431952508057,-1.294581679481359,0.25217348777584125,-5.1336946278512885,2.841089371628006e-07,5.176521280590432e-07,ccmE
b2198,0.6550904778474905,-0.4952386746701486,2.2855161201806182,-0.21668570626008588,0.8284532881175235,0.8471199475710426,ccmD
b2199,122.92830998788611,-0.3663339650550895,0.21126037920824364,-1.734040080908814,0.08291097179035443,0.09896260786907272,ccmC
b2200,65.84906127459993,0.12486046532592047,0.25917114656385426,0.48176838734306215,0.6299704887626993,0.6650192066027344,ccmB
b2201,141.3344857734963,-0.07778237083495339,0.20073111509452898,-0.3874953357297091,0.6983895373021862,0.7267874097409512,ccmA
b2202,95.01181486740604,-1.6236136786842736,0.279074311106588,-5.817854292092691,5.960782535588005e-09,1.1992397039149176e-08,napC
b2203,33.54871501586237,-0.6781613759635028,0.4448497489875238,-1.5244728754079222,0.12739062766282477,0.14910224487417034,napB
b2204,76.02658567032042,-1.2197088274302135,0.7943245776978118,-1.5355295073020292,0.12465381474685802,0.14597661413026575,napH
b2205,95.02574678701671,-1.1456481998861656,0.6408548377693402,-1.787687526669672,0.07382643524991105,0.08884198140243532,napG
b2206,642.0423470871456,-2.335333270019925,0.875352766618472,-2.667876722480041,0.007633226032869636,0.010182260908088527,napA
b2207,5.680480723449292,0.021317239301757746,0.9062893230603386,0.023521450335279404,0.9812343283240301,0.9838488772317461,napD
b2208,135.4986663456857,-1.501528017152674,0.8929263014629523,-1.68158112790787,0.092650092651758,0.11007981318570545,napF
b2209,1027.8848325845258,-0.5248833194224466,0.13386192105981284,-3.9210801344163864,8.81529393284161e-05,0.00013760611309350626,eco
b2210,1070.8985138065443,4.665804003306304,0.15575753768654899,29.955558315873642,3.724411090804351e-197,3.0360847447631026e-195,mqo
b2211,521.0237902116221,1.7668285775021775,0.15685173848463702,11.264322567105186,1.9686004671137308e-29,8.753312380034994e-29,yojI
b2212,105.90567058469651,-0.8932587525794772,0.21788572233151118,-4.099666297640154,4.137462824759611e-05,6.610929711285592e-05,alkB
b2213,672.3585600857572,-0.47774486043124753,0.12557853824094659,-3.8043511823222698,0.00014217635587938387,0.0002184503729776781,ada
b2214,314.02280004756216,1.4623542384259285,0.14350990699775604,10.189918375801012,2.1994880554177497e-24,8.38281075320254e-24,ftp
b2215,96457.23014629894,-5.919668748926389,0.14355638308353885,-41.23584491176261,0.0,0.0,ompC
b2216,1674.9400182554318,-1.2889497511933865,0.10707959551948898,-12.037305006057776,2.262259235168309e-33,1.1433369865913774e-32,rcsD
b2217,1737.5443918216106,-1.1967937128431063,0.10897455835452718,-10.982322212764329,4.648189894782517e-28,1.984610273213641e-27,rcsB
b2218,2271.623240595539,0.8741316579065971,0.11396389514270763,7.670250800150291,1.7166036713543184e-14,4.514031876524319e-14,rcsC
b2219,224.36399620391788,-1.6814778511642015,0.21474717187925338,-7.830034903135543,4.877345460129928e-15,1.3043787797990244e-14,atoS
b2220,124.06116679037989,-2.4222178213791055,0.22232973050298935,-10.89470947452319,1.2215580091226726e-27,5.155607244638547e-27,atoC
b2221,6.842849423470703,2.9695652279524594,0.9230653859602181,3.2170692056266104,0.0012950735543871001,0.0018618268407615986,atoD
b2222,4.8223927135505855,1.9666320585759318,0.9490179285745729,2.072281249238165,0.038239220040587746,0.04753714956754229,atoA
b2223,28.427380972439817,2.440572511480593,0.41719598197400837,5.849942513666496,4.917429369573737e-09,9.929598204065865e-09,atoE
b2224,50.97157058051965,1.0388031962554563,0.3370135320983065,3.082378294389789,0.0020535368440446006,0.0028991883218358987,atoB
b2225,50.81738749296654,1.5367255099664547,0.31679257489018564,4.850888662712982,1.2290952989461628e-06,2.163325672115557e-06,yfaP
b2226,118.1433021229858,2.4683267683950483,0.22543699803611048,10.949075750199938,6.712906296077817e-28,2.855093093269039e-27,yfaQ
b2229,9.6953161997136,3.1765555504874725,0.7993527589076134,3.9739095350449762,7.070242621527233e-05,0.00011107497508908951,yfaT
b2230,120.78567203731411,1.799224465399411,0.22323787759731753,8.059673764883666,7.649832921941171e-16,2.10993512045019e-15,yfaA
b2231,5293.930274746657,-0.8848671289896105,0.10397132874013902,-8.510684048303405,1.729102065891441e-17,5.057479929604069e-17,gyrA
b2232,723.6687401551004,0.16898662719887542,0.1363440324973052,1.2394134462923077,0.2151924243487615,0.24433248697014398,ubiG
b2233,614.3987064382051,1.272863118084583,0.13501322016474746,9.427692462496596,4.192096134860996e-21,1.4184171549314453e-20,yfaL
b2234,408.7836032584885,-1.4597151264019832,0.16373186253484354,-8.915278332531907,4.86592479168956e-19,1.5234566808689505e-18,nrdA
b2235,341.86340355508634,-2.5769146334659174,0.15031181569279767,-17.143792865442666,6.993616207374295e-66,7.582733631739322e-65,nrdB
b2236,26.26719634728079,-0.3530114459673298,0.3952639665851931,-0.8931030293935069,0.371802000838119,0.4081477325908728,yfaE
b2237,649.3111056240297,0.11647853504344459,0.12232249015219941,0.9522250151915359,0.34098287706637753,0.3764752006135425,inaA
b2238,7.426194278919589,2.747687496014318,0.8483832673252965,3.238733720759216,0.001200616066535001,0.0017294214413897495,yfaH
b2239,402.230283097156,0.4346219755597019,0.13541785005819396,3.209488079842717,0.0013297156004486177,0.0019091350532207485,glpQ
b2240,182.27664890476777,0.3703630394947156,0.579553131795772,0.6390493281386105,0.5227908424476786,0.5611619820664914,glpT
b2241,323.5466249210803,-2.3186475151631076,0.6301170397111255,-3.6797092746866227,0.00023350000190529302,0.00035449480863635407,glpA
b2242,98.87180257976341,-1.2882006666630716,0.6949798832330237,-1.8535797909292053,0.06379930103862481,0.07745298487921302,glpB
b2243,52.96559624588328,-0.5627129631931292,0.3944876031173342,-1.426440168832781,0.15374132579082714,0.17800350240168886,glpC
b2244,16.60067111790129,-0.2090101359243465,0.46171109221109263,-0.45268597495333257,0.6507748801022424,0.6846823666850074,rpnE
b2245,34.34721493365352,0.3594630047166686,0.3235746161594518,1.1109122494934263,0.2666061223025036,0.29915884536722426,yfaU
b2246,36.9526621796269,0.6505282911116871,0.3176974610425667,2.047634529331432,0.04059582335615203,0.05040982070910613,yfaV
b2247,117.2217176548366,-2.200406791188108,0.21963307415282574,-10.018558451069234,1.2633205559507727e-23,4.681091824322644e-23,rhmD
b2248,31.24095160584349,-0.7046443118612585,0.33420361730214493,-2.1084281419497852,0.03499397232436931,0.04366311399429527,yfaX
b2249,824.9032737238009,-1.309275360306559,0.12191723431375097,-10.739050698420302,6.672695603508404e-27,2.7554602295163225e-26,yfaY
b2250,99.15523941388123,1.7788612932286827,0.23469342027327786,7.5795107129862025,3.468605619795606e-14,9.04014324354071e-14,yfaZ
b2251,23.683568269987045,-0.39270151742956183,0.3681011085986926,-1.0668305752311353,0.28604834915990884,0.3196711939583444,nudI
b2252,39.05063880527174,2.7686368339129683,0.3819117076015678,7.249415974441321,4.185725325877615e-13,1.044533043339754e-12,ais
b2253,125.24159338968907,0.7785022248114112,0.18850922628111882,4.129783142022192,3.631055692688072e-05,5.829287804235191e-05,arnB
b2254,29.809503213926167,0.3707894781797526,0.4089662658290532,0.9066505214753864,0.36459163614808954,0.40063214735993263,arnC
b2255,285.61767100318605,0.9316562917424407,0.16848630608682047,5.529566843624437,3.210224627908774e-08,6.187131704051849e-08,arnA
b2256,170.71301068725964,2.320956371195726,0.1918108711968753,12.100233718314584,1.0531091961476042e-33,5.371711102481754e-33,arnD
b2257,127.41976256112697,1.3176787661504832,0.21293492837730804,6.188175778356262,6.086443797956617e-10,1.289341944109963e-09,arnT
b2258,19.10257567624355,0.5088221762211355,0.43490588233176797,1.1699592874970137,0.24201735304616734,0.2730293152509556,arnF
b2259,307.96380741680764,-1.3479701105448108,0.18118084494990516,-7.439915135165155,1.0075000307274295e-13,2.581498914587977e-13,pmrD
b2260,379.3513988965103,-0.9381877939906553,0.13290811346296602,-7.0589204040735645,1.6780114963312002e-12,4.090036880869293e-12,menE
b2261,723.0207868246976,-1.2901218752445756,0.1342304019858356,-9.611249434988006,7.167391140699674e-22,2.4882378392239724e-21,menC
b2262,643.7841975539473,-2.0149174509043264,0.13942280326676845,-14.451850082579593,2.440415197735056e-47,1.755344395495052e-46,menB
b2263,29.1641925133603,-0.736117189882794,0.3446333245636764,-2.1359431529575854,0.03268404765739613,0.04089897672486759,menH
b2264,578.7982129640707,-0.6420929884483958,0.14411104452756243,-4.455543227469912,8.368103176068074e-06,1.3932068903574759e-05,menD
b2265,575.9719607388784,-1.153597034898711,0.13700770353111907,-8.41994285844438,3.766679789468079e-17,1.0887015386236693e-16,menF
b2266,4497.18419370432,-5.324926044605745,0.13526839636909713,-39.365632975170364,0.0,0.0,elaB
b2267,135.1990869491239,-1.0566590567492473,0.1869256610687397,-5.652830385661568,1.5782703400355897e-08,3.0988162519342844e-08,elaA
b2268,143.60444236836162,-0.7341204352459464,0.19134063327107914,-3.836720003983114,0.00012468849552786066,0.00019245398222778493,rbn
b2269,6.878031498124902,0.12300979285614906,0.6685961074358384,0.1839822151042865,0.8540274070470844,0.8702381124586263,elaD
b2270,57.393824452325305,3.882544439661911,0.4093236018164611,9.485268922760108,2.4175889329313235e-21,8.23701740151988e-21,yfbK
b2271,14.145716649537356,4.567106847042237,0.9277524306023132,4.922764625986688,8.533006153814516e-07,1.5176684076400606e-06,yfbL
b2272,21.803180997625038,-1.048640623850119,0.426568528278999,-2.458316904158131,0.013958993558916473,0.0182282674714774,yfbM
b2273,9.435639801644479,1.3122226199179294,0.6279095729017482,2.08982738366892,0.03663330854704307,0.04561805494316367,yfbN
b2274,3.655939925773391,4.070479600659759,1.591571039352342,2.5575230385670746,0.010542057462222622,0.013898214120606165,yfbO
b2275,88.60121345729544,3.7462339585897237,0.31791510057391315,11.783755951909399,4.733576768969786e-32,2.305000546128871e-31,yfbP
b2276,3717.218139669663,-3.837852653833481,0.11995667701478153,-31.99365595431229,1.3360888931431812e-224,1.508067514773406e-222,nuoN
b2277,2021.5772341088602,-4.067308162736187,0.12299998711340664,-33.06754950296139,8.703724454526951e-240,1.1610240923887164e-237,nuoM
b2278,3749.542637934123,-4.636002709009973,0.12139866201568086,-38.188252094665984,0.0,0.0,nuoL
b2279,72.22787767650755,-3.844117788313354,0.32822483021962384,-11.71184332928485,1.1084324665731345e-31,5.292103815460887e-31,nuoK
b2280,799.7380760841552,-4.474002903034031,0.18186026515819861,-24.601321784844732,1.2227024773833914e-133,4.238060083024952e-132,nuoJ
b2281,714.4489779074389,-5.033341085694534,0.1827803546134364,-27.53764810413891,6.221550497283179e-167,3.7009817958162906e-165,nuoI
b2282,1802.584895381439,-4.974060411468386,0.14288950183906088,-34.810537845325854,1.6849603910041586e-265,2.9668782564801225e-263,nuoH
b2283,5415.37971183846,-4.755219156511856,0.13128701061093126,-36.22002766598089,2.94631502813255e-287,6.826146712547097e-285,nuoG
b2284,2271.5078646938578,-4.2046271326812015,0.13154386040469762,-31.963689675409952,3.486727737102732e-224,3.8371438746815563e-222,nuoF
b2285,743.6994912698418,-4.229658112255479,0.1947240438338983,-21.721293523790123,1.2909272205078656e-104,2.8131988240968437e-103,nuoE
b2286,2750.1826421653427,-3.3324312611126308,0.13789171540488768,-24.167015772685865,4.946431048074329e-129,1.6010433436487643e-127,nuoC
b2287,1640.4019160285882,-2.2151123982735013,0.14390239805766497,-15.393158336290234,1.8193093697959362e-53,1.5167802738336575e-52,nuoB
b2288,1390.8000662601223,-2.289038404638862,0.13939355087372007,-16.421408237979076,1.3441065717299032e-60,1.2918683687238066e-59,nuoA
b2289,702.129817027559,0.7265355211451074,0.13950711715126687,5.207874235959794,1.910163140662085e-07,3.5123384065139926e-07,lrhA
b2290,754.433463404234,-0.7066613450178377,0.13120798421956845,-5.385810545151609,7.211889779905035e-08,1.36545113166202e-07,alaA
b2291,247.24607763177048,-1.6576787624502536,0.17676472428970552,-9.377882205351275,6.731109363380014e-21,2.2566902831377625e-20,yfbR
b2292,1427.7062205615039,-1.0998434135805646,0.1795068319739558,-6.127028155341398,8.953563317266811e-10,1.8777315732543358e-09,yfbS
b2293,824.5748956255758,-0.48957046349701216,0.12065352022167208,-4.057655861159651,4.956773622963308e-05,7.854469938187358e-05,hxpA
b2294,400.31250096176285,-0.5076621037294364,0.14902882114715654,-3.4064692978289894,0.0006580895166947089,0.0009662808714109768,yfbU
b2295,1697.257057622536,-0.2044790069223976,0.14035843823523536,-1.4568344411163838,0.14516208631503977,0.1686470055314872,yfbV
b2296,2083.5311608798493,-2.5501099078056826,0.14290871472285305,-17.844327497809935,3.199314065066608e-71,3.827005574571524e-70,ackA
b2297,2444.7263555417553,-2.0714329371716818,0.1258762675154294,-16.456103903126724,7.582673084863378e-61,7.336027894410679e-60,pta
b2298,150.12911019462493,2.815793680824828,0.21919606655123836,12.846004607325467,9.056850691246531e-38,5.177695680891847e-37,yfcC
b2299,713.1751005011856,0.46026571167166097,0.1315739180752305,3.498153117310782,0.00046849208228787827,0.0006934438958410357,yfcD
b2300,436.6980756234245,-0.8965079989525373,0.13432618069474186,-6.674112182120806,2.4873330229534642e-11,5.693832536162844e-11,yfcE
b2301,327.2958291393373,-1.5897111355245117,0.1565637640231947,-10.153761602774178,3.188321274174453e-24,1.204720193039995e-23,yfcF
b2302,176.2980978505503,-2.739560873252449,0.19226620762712907,-14.248790294784452,4.5611385682862165e-46,3.187005075808877e-45,yfcG
b2303,212.40378008774556,-1.4094330101224142,0.1586525265450916,-8.883772863975354,6.463018190599236e-19,2.0134611518059335e-18,folX
b2304,1989.408936061741,-0.28127979675511394,0.12974514294519235,-2.167940859828053,0.03016318651005386,0.0378501559342238,yfcH
b2305,140.3453625573486,3.035970374427273,0.22801167771428374,13.314977569839991,1.8942933760325034e-40,1.1613759667541894e-39,rpnB
b2306,161.21630331608733,1.1915947587916274,0.21317215245972232,5.589823741244873,2.2730021595126056e-08,4.421456255490274e-08,hisP
b2307,62.62500398955288,-0.10902029427156097,0.2997256057038439,-0.3637336690522294,0.7160568987642925,0.7435910517481519,hisM
b2308,192.3415201399661,0.40264630392519163,0.21070985065383163,1.9109040354581532,0.05601691438888516,0.068439205423223,hisQ
b2309,880.4579879578129,-0.11860576125034772,0.1481828803068863,-0.8004012407149568,0.42347836238845116,0.4608533377587051,hisJ
b2310,1042.5280413045268,0.5659682118975323,0.1444753556041373,3.9174031413930974,8.950799130539477e-05,0.00013962231669962713,argT
b2311,201.22777238350736,1.4177451002405579,0.16305714165490942,8.694774640665802,3.475188398018016e-18,1.0499505372735283e-17,ubiX
b2312,628.1236493310595,-0.9245921060517214,0.12793429585516997,-7.227085590078366,4.934691229339747e-13,1.2300402486723422e-12,purF
b2313,454.9132580978515,-0.26257649005953254,0.13115616628336457,-2.002014068421554,0.04528321847963837,0.05591493064442303,cvpA
b2314,1277.2718302804244,0.22257053141730146,0.11107086254768571,2.0038606553698632,0.04508498919602524,0.055717047288293964,dedD
b2315,471.56924806612665,0.5793681941430993,0.15694601034934016,3.691512723729043,0.00022292424247835385,0.0003388510066953431,folC
b2316,2488.0162070505307,0.3950557823674765,0.11724774792000399,3.3694104098017807,0.0007532917494610827,0.0011034909421389972,accD
b2317,382.2596561364366,-0.46086320715191154,0.16919040978841857,-2.723932211809434,0.006450974574369349,0.008684155986658677,dedA
b2318,441.4961517009352,-0.2898777962364177,0.16210643145809842,-1.7881942969754772,0.07374466608839357,0.08877500081126745,truA
b2319,672.4549637782897,0.525413601946929,0.12476121886929763,4.211353549674462,2.538450980381944e-05,4.1203028081273294e-05,usg
b2320,1003.2224652921979,-0.5876052475840335,0.10938003068103101,-5.3721437443876825,7.780604422304494e-08,1.4687058605053338e-07,pdxB
b2321,506.94640074605496,1.5240541322104733,0.1401038619049683,10.878030851456694,1.466977267333082e-27,6.179554000765768e-27,flk
b2322,440.417165405717,3.971556304709068,0.17583670479007782,22.586616994730992,5.867227976009157e-113,1.4348631972440171e-111,yfcJ
b2323,4623.072734751953,-1.3253891488843408,0.131690474636508,-10.064426850481627,7.934814951787895e-24,2.957583015899264e-23,fabB
b2324,749.9911132032558,0.842307140935251,0.12564317592965976,6.7039625089293295,2.0284232595416444e-11,4.674931512304879e-11,mnmC
b2325,228.89528440270877,0.577004844716196,0.17666170475196696,3.26615689306469,0.0010901783009269507,0.0015760147391397166,yfcL
b2326,202.0168635436929,-0.40750639533333854,0.18596473020588478,-2.191310120377026,0.028429358198011276,0.03577645362711425,epmC
b2327,202.48709300752853,-0.8016454866572584,0.16718694282861926,-4.794904871722027,1.6275204447494121e-06,2.8452521833943256e-06,yfcA
b2328,225.76432288362855,-0.3487986523273424,0.15778609267707458,-2.2105791860959165,0.027064991407248874,0.03415713651797865,mepA
b2329,798.8077857968638,-0.2621365509325516,0.11248088163757636,-2.330498722237788,0.019779807476373503,0.025340719589929034,aroC
b2330,418.45082513635447,-0.05340098675824933,0.14319835345316612,-0.3729162065799481,0.7092108095859874,0.7370033011797724,prmB
b2331,791.2772354285279,-0.5228205824565703,0.11876015247649716,-4.4023232671416235,1.0709782224052787e-05,1.77434931690931e-05,smrB
b2332,501.62605139932253,1.7179263463730174,0.14865407886104334,11.556536891119382,6.841249847229189e-31,3.20374274760669e-30,yfcO
b2333,14.825348573954775,2.28827987503025,0.603072107085894,3.7943719302281322,0.000148017657793871,0.0002273460326617656,yfcP
b2334,11.319051857023808,2.2921461289864626,0.6724022216858662,3.4088913674906194,0.0006522744846172385,0.0009583819363434859,yfcQ
b2335,10.43086626868312,1.9497678025062164,0.6410073590823756,3.0417245213804986,0.002352270639058837,0.0032997754471437222,yfcR
b2336,24.972487139952534,3.9319725278497226,0.5927834803110662,6.6330669771472035,3.28782527138054e-11,7.46416031181905e-11,yfcS
b2339,42.0929935597082,7.657241597461288,1.4122565943603378,5.421990329547394,5.893907153969731e-08,1.120249537641397e-07,yfcV
b2340,2679.219957451635,1.0900673508355627,0.13208488410382943,8.252778947655216,1.547531386892355e-16,4.389325492976899e-16,sixA
b2341,1894.8520287037584,-0.5131161431440675,0.1345539061961922,-3.813461516278064,0.00013703387194256505,0.00021069615937519085,fadJ
b2342,1358.6746201274848,0.7380767120206553,0.15542604090351597,4.748732630195684,2.0469534231641687e-06,3.554512413715452e-06,fadI
b2343,2987.895654311149,-3.1077578157238777,0.1610985154057587,-19.291039448106464,6.387607897257899e-83,9.467424230211877e-82,yfcZ
b2344,1515.0317048202805,-1.1379344661933206,0.15115190038635112,-7.528416535185522,5.135933052688479e-14,1.3314709833883797e-13,fadL
b2345,11.15126393310662,0.8558727707537491,0.5841186413106688,1.4652378989879653,0.1428560229188591,0.16627504306949173,yfdF
b2346,1276.7255723770288,-0.49582862934124333,0.10950976509129902,-4.527711560040949,5.9625894023437274e-06,1.0021885662129474e-05,mlaA
b2347,215.43423833009103,-2.2888648170472976,0.18910558927977825,-12.103633878642077,1.0103746114828644e-33,5.165701556036666e-33,yfdC
b2348,3.7888725694301946,5.1447101840182,2.106409591357161,2.442407310110784,0.014589675576152608,0.019017989898200704,argW
b2349,96.96072350118327,3.346673209160234,0.284168381111278,11.777078069251147,5.123861328142451e-32,2.4895405702519945e-31,intS
b2350,44.478667076739875,0.14132755055217786,0.2778046360931026,0.5087299929178064,0.610941496097207,0.6463264758038706,yfdG
b2351,69.51805195401063,-1.6681011832258634,0.26340248272883726,-6.332898482749343,2.405978772314174e-10,5.21473094816691e-10,yfdH
b2352,49.90962772720309,-3.145942948672091,0.34204432303502286,-9.197471604725242,3.6647100631017117e-20,1.1994091968605008e-19,yfdI
b2353,48.16883906444803,0.5107172739865091,0.3419706628498159,1.4934534726764035,0.1353185247212389,0.15775215726241887,tfaS
b2354,21.47910340456251,3.7042453968966482,0.6090778392485668,6.081727421681701,1.1889457153322753e-09,2.4792700326350903e-09,yfdK
b2355,5.945605916023035,3.838518938304188,1.184788000088086,3.239836104027728,0.001195984220598551,0.00172331343341238,yfdL
b2356,0.9651846428341931,3.1906031244482,2.457114079731886,1.2985164794612836,0.19410991725156923,0.2214805224835168,yfdM
b2357,7.199991080128767,6.081172477590615,2.0149438665265196,3.018035677625949,0.002544189499500494,0.0035565329237221893,yfdN
b2358,20.166110328381404,6.589274929457756,1.4298324314117312,4.608424585076658,4.057314842292017e-06,6.895868701069288e-06,yfdO
b2359,6.467204917351611,-0.7558228261272905,0.6806608309680579,-1.1104250336431654,0.26681591575417385,0.29931795646021236,yfdP
b2360,40.76081180632153,2.8417385740402765,0.4038725999075832,7.036225222237266,1.9751758521930397e-12,4.8010624524316735e-12,yfdQ
b2361,4.335576066210582,5.352501832598946,2.068416815474358,2.587728833258125,0.009661100144377292,0.012786579325180047,yfdR
b2362,0.4256496287937235,1.998354781733467,3.1723366042575627,0.6299315082300833,0.5287393970313331,0.5669941110187401,yfdS
b2363,0.31070742474991064,-0.4349406319882154,3.3279520267890494,-0.13069317961529173,0.8960180279445288,0.9071461267276486,yfdT
b2364,84.22986280374535,0.4183156375299746,0.2230265059002781,1.8756319381922082,0.06070583767172012,0.07390129906828317,dsdC
b2365,62.524804711038314,-0.14456014094797331,0.3313165056624708,-0.4363203718417947,0.6626043032866324,0.6948032737179028,dsdX
b2366,149.4865725103645,0.10687740206047824,0.24444815858914695,0.43721909249523555,0.6619524646923389,0.6944506076205138,dsdA
b2367,60.389162162987105,5.255608148488423,0.5537150393194861,9.491539465764824,2.2764708040949506e-21,7.769433976754757e-21,emrY
b2368,14.158910232661336,2.5266557362971334,0.6216956894685696,4.06413584507388,4.821074286393817e-05,7.6504574652868e-05,emrK
b2369,320.28628452423436,-1.8983844391140574,0.1776407116250085,-10.686651847699535,1.1753775264503958e-26,4.795191725147954e-26,evgA
b2370,340.1399052183778,-1.8234229127837016,0.21892958707800567,-8.328809902400296,8.16590666093118e-17,2.329638439495726e-16,evgS
b2371,57.629875703009986,2.3420842996332705,0.3534910065565395,6.625583837190675,3.458783573981944e-11,7.832080911866523e-11,yfdE
b2372,52.97677568352571,5.759299954396277,0.6884587073490483,8.365498021766342,5.986153490047989e-17,1.7245450041355528e-16,yfdV
b2373,64.47272326484901,3.9819075454169903,0.39833231603255714,9.996446145965056,1.5796448811584914e-23,5.828664515389505e-23,oxc
b2374,37.22164339721102,3.6781488637613213,0.4630465930017705,7.9433666489524475,1.9676621479660307e-15,5.32369316247478e-15,frc
b2375,66.44922304555763,5.823263584929479,0.6253905824285442,9.311402743412486,1.2615505504722137e-20,4.1880433809794004e-20,yfdX
b2376,4.725292694051015,5.468197483105552,2.0541925156550653,2.6619693341457764,0.007768495555593757,0.010353290171275724,ypdI
b2377,395.58078263988153,-0.5062894793965442,0.16691919175489617,-3.0331412108679436,0.002420223187816415,0.003389698527765784,yfdY
b2378,2002.5615124355534,-1.9657025886704034,0.15302296780288654,-12.84580097284797,9.08071549074827e-38,5.184605653732021e-37,lpxP
b2379,625.3087438443482,1.3592559680765006,0.1332640988454223,10.199716051456209,1.9885301260808557e-24,7.591942424117889e-24,alaC
b2380,506.4516862692892,-2.2044256595629275,0.13915768448418395,-15.841206813221103,1.6168771754632138e-56,1.426351368013841e-55,pyrS
b2381,238.224867235136,-2.169546222647036,0.1642224840024581,-13.211018185637492,7.5792225271697e-40,4.5892348782119696e-39,pyrR
b2382,208.25398041090088,-0.5775281086022989,0.16069490240422227,-3.5939416867720397,0.00032571276377690357,0.0004893472990259145,ypdC
b2383,200.67907792807762,2.020654303467671,0.17587356613868035,11.489243937172105,1.4941385326294925e-30,6.916086036419585e-30,fryA
b2384,37.53366111541738,1.6893171057617216,0.33073224243463223,5.107808943349718,3.259159434616585e-07,5.918655045867247e-07,ypdE
b2385,38.9705243836161,1.2428956793524983,0.31053356390909104,4.002451985242912,6.268939281861335e-05,9.86271290877541e-05,ypdF
b2386,45.27017988346245,2.037480815292292,0.3193558170928062,6.3799708858918045,1.771216531957975e-10,3.857939224977242e-10,fryC
b2387,10.249627042095197,1.937030441217043,0.6568161850184767,2.949121056087485,0.0031867912096458844,0.0044140462879017316,fryB
b2388,977.9992510436292,-1.2671343352389222,0.1201632061510134,-10.545110902304563,5.350968907640198e-26,2.1472165115252644e-25,glk
b2389,193.5514797710799,-1.0401644357717341,0.1673850104824839,-6.214203008820691,5.158580074806741e-10,1.098600362327009e-09,yfeO
b2390,2328.852693290132,-1.3158003528526998,0.2225379002478728,-5.912702292001056,3.3654013248045566e-09,6.849050685062255e-09,ypeC
b2392,1781.8804630737732,1.620502781485481,0.17851841712935615,9.07751036304142,1.1108665411101696e-19,3.548646236550774e-19,mntH
b2393,342.95493434860214,-1.1322010140168817,0.1386261077589092,-8.167300029702503,3.1536788818441554e-16,8.836724658101828e-16,nupC
b2394,0.0,,,,,,insL3
b2395,500.6126670138113,1.8490786259712877,0.13220591764292822,13.986352948023246,1.8885097389862296e-44,1.2730811441067968e-43,pdeA
b2396,11.478919735142513,5.760400084088275,1.4622239993181,3.939478552379529,8.165890148004463e-05,0.00012774075490943726,alaX
b2397,1.4029149776798064,2.5497803859180683,1.9804104870151578,1.28750095126039,0.1979197382546547,0.22550170851389395,alaW
b2398,240.00132314427893,-0.8607874048006365,0.17088597670449776,-5.0372032942711344,4.723829930253315e-07,8.511788519433111e-07,yfeC
b2399,140.43558890388425,0.582091208851276,0.18092429689300824,3.217319170766227,0.0012939456505304005,0.0018614211613185697,yfeD
b2400,1981.7105401909823,-0.80381867657557,0.10884780979522836,-7.384794219449766,1.526893545386661e-13,3.8919428991268565e-13,gltX
b2401,2.169930496502174,1.38054701284842,1.3769437150506747,1.0026168809649658,0.3160457477263655,0.35114421541934904,valU
b2402,16.690548745956104,1.737422301108661,0.5734151558794625,3.0299553182265107,0.0024458992073421292,0.003424010796889374,valX
b2403,0.0,,,,,,valY
b2404,0.0,,,,,,lysV
b2405,328.8336458731556,2.0186860725235856,0.16523470070037977,12.217083118539797,2.519638525581429e-34,1.3125974898946094e-33,xapR
b2406,163.85916235919487,0.5642153459163692,0.16772420669450144,3.363947023723595,0.000768362905887263,0.0011248199240823848,xapB
b2407,29.917672743858954,2.2445512332489184,0.39629191653790824,5.663883464638397,1.4798492846248035e-08,2.909466972272615e-08,xapA
b2408,112.74622131572904,3.33984958576793,0.2849874886477543,11.71928494691217,1.0152529782839486e-31,4.863050718613648e-31,yfeN
b2409,248.1027405690552,2.9616824201361758,0.19201095218945916,15.42454941431598,1.1193364185700775e-53,9.385369361039012e-53,yfeR
b2410,857.1253868664066,-2.521348663514949,0.14728527713783374,-17.11880992120753,1.0744958402579607e-65,1.1592967374547898e-64,yfeH
b2411,1084.732687095516,0.16051479826583015,0.1331649932727835,1.20538284365037,0.22805554148033425,0.2583272992460644,ligA
b2412,2775.92836677661,0.43945270160471606,0.09889278078821745,4.443728835432591,8.841302442404902e-06,1.4697663652366457e-05,zipA
b2413,314.99227610681976,0.1195001021028621,0.175008677452158,0.6828238681795065,0.4947181456237877,0.5324570359501011,cysZ
b2414,6239.088006698905,-4.361661882337672,0.23268875682260584,-18.744618097997993,2.1420413970894626e-78,2.9283435496856567e-77,cysK
b2415,2010.9287809448563,-2.8502123500245142,0.13001970781250274,-21.921387134131347,1.624318878551291e-106,3.593091308232554e-105,ptsH
b2416,7576.023080950584,-2.672859455824782,0.11171842281931511,-23.92496589526386,1.684168306573695e-126,5.148408948289864e-125,ptsI
b2417,6542.472629304187,-2.2247867819459857,0.12780666075952335,-17.407440024836177,7.245204703562433e-68,8.241186332062489e-67,crr
b2418,198.8845720398053,0.04894812412388981,0.18316261722503052,0.26723861487386896,0.7892854465523875,0.8115941452285937,pdxK
b2419,42.4063214698806,0.8681732924770726,0.2979250760459612,2.914065858434618,0.0035675463577288223,0.004918364881529056,yfeK
b2420,148.6948836545327,3.3282383301802914,0.23710858821264555,14.036768365367834,9.285110135346423e-45,6.346747642204186e-44,yfeS
b2421,772.3929762675544,-1.9681738468254946,0.14247917154794768,-13.813765376668805,2.1053285339158857e-43,1.391539970915575e-42,cysM
b2422,2351.8696073272736,-4.041025220650542,0.14127216186629118,-28.60454011084803,5.899596776753066e-180,4.0578164080104686e-178,cysA
b2423,1146.3720422367026,-3.5949387418825807,0.15605178963767302,-23.036831235511276,1.993512231648132e-117,5.286410146816311e-116,cysW
b2424,776.4718018514859,-3.7829832074174297,0.2040382657462766,-18.540557544836236,9.720868113659797e-77,1.2735494475098342e-75,cysU
b2425,1888.1988298616445,-4.689838202690706,0.24082416927769068,-19.474117638429078,1.820336900896047e-84,2.753650528434501e-83,cysP
b2426,6284.837904908693,-0.20767718025930773,0.16648250981503898,-1.2474414308748456,0.21223568311651453,0.2413488703381289,ucpA
b2427,187.03887661727813,1.7774956647248221,0.20938610315571804,8.48908135705128,2.0827688354085245e-17,6.075777609985637e-17,murR
b2428,276.2359635149706,2.0404218267117677,0.15966054008072864,12.779750248120644,2.127516031372184e-37,1.1991453995006857e-36,murQ
b2429,197.8550951937683,1.3484067888641682,0.16420544575367724,8.211705663446134,2.180683022575724e-16,6.149498184098871e-16,murP
b2430,118.12151638723823,-0.4782078379941443,0.22004827865456067,-2.1731950866330174,0.02976563743304587,0.037383262761845344,yfeW
b2431,2138.4756597914998,-0.6211030884068247,0.1302001360683565,-4.770372037712302,1.8388597141288766e-06,3.205806123404085e-06,yfeX
b2432,463.71883312146565,1.7553101329863918,0.13505611516074162,12.99689488992964,1.274123497208311e-38,7.498250848544097e-38,yfeY
b2433,96.84616992133454,1.432033112504472,0.2367023957950623,6.049930790494959,1.449080734234672e-09,3.0046412586439126e-09,yfeZ
b2434,179.86365595284937,0.6785271464810714,0.16662914849883595,4.07207954066819,4.659526094132768e-05,7.402105328896587e-05,ypeA
b2435,736.7355141657355,0.7698239069086412,0.1339432979187807,5.747386534975717,9.063337883773372e-09,1.8028383806764747e-08,amiA
b2436,475.0576164030606,0.9866001424837393,0.1320550278059558,7.471128959462783,7.950968482569574e-14,2.0455969176079056e-13,hemF
b2437,186.13003261339384,-1.19100805903631,0.19025160855898832,-6.260173399096559,3.8454964167595543e-10,8.249451864802904e-10,eutR
b2438,152.83951062286448,-1.3008323820581733,0.18936844923962365,-6.869319505342317,6.450887972672353e-12,1.52343395148625e-11,eutK
b2439,133.64285570454308,-1.284599644311381,0.18970526396881265,-6.771555082006411,1.2740543579438723e-11,2.964263892002603e-11,eutL
b2440,267.9734889795052,-1.2984144898579482,0.16915856722376668,-7.67572409229724,1.644868274689029e-14,4.333159871442912e-14,eutC
b2441,247.75054539546798,-1.3032140532001422,0.16573187170322146,-7.863388253611394,3.738798854114458e-15,1.003548326573893e-14,eutB
b2442,481.435315699416,0.0906902757357284,0.158892723061716,0.5707641859753584,0.568159502922458,0.6063122743914328,intZ
b2443,64.34660853936232,-0.0834049042165958,0.2558974246830516,-0.3259310027050843,0.7444765586105462,0.7703774826054594,yffL
b2444,7.438162164750899,1.443164053680497,0.8056296818805486,1.7913491597178717,0.07323728193761192,0.08822564535452375,yffM
b2445,3.252736995489704,2.227504344429223,1.1456288709894347,1.9443507411832377,0.051853169655777354,0.06359923455690496,yffN
b2446,8.86984486600486,0.9234005211544307,0.6464254812141337,1.4284717233300814,0.15315612786310295,0.17737260585461173,yffO
b2447,34.563403665083065,1.0483440477968822,0.376309382015398,2.7858567920424204,0.005338645157478083,0.0072354421130598895,yffP
b2448,5.592701144245686,0.7069923112626015,0.7595902389162399,0.9307548662964871,0.3519803812864234,0.38774215175746646,yffQ
b2449,109.83782193726034,-1.63981537668188,0.2537510126109196,-6.462300819253221,1.0312283652252622e-10,2.2811393285033187e-10,yffR
b2450,165.58018007672226,-0.6319644555282224,0.16756998514849036,-3.771346371894787,0.0001623691092076339,0.0002488679730961018,yffS
b2451,79.35657504067025,0.6538525988560976,0.23659471758251954,2.763597621861726,0.0057167988660987955,0.007736043224275099,eutA
b2452,58.90904472344844,0.21945625252076773,0.297871921578423,0.7367470265672215,0.4612762030168891,0.4981692457508209,eutH
b2453,66.18463675105026,0.7905222696129666,0.2452025093690322,3.223956686443297,0.001264325214007896,0.0018199998665999863,eutG
b2454,27.552340762453312,0.8015602672206307,0.4163608766300185,1.9251575068925204,0.054209656369143926,0.06634164785570518,eutJ
b2455,58.8495249149804,0.2586583429238829,0.28418299262011903,0.9101823460267513,0.36272635282868215,0.3986819987894779,eutE
b2456,6.3676173391794935,-0.30479786734137365,0.7162483501060538,-0.4255477409424297,0.6704374269921229,0.7020136902044066,eutN
b2457,40.9652005572814,-2.2444101753289405,0.3355294500595879,-6.689159997521374,2.244552262556287e-11,5.162235663413153e-11,eutM
b2458,52.2179911550815,0.15677831618199012,0.262593959401877,0.5970370245343484,0.5504826615653955,0.5885899140662791,eutD
b2459,42.373570291172996,-0.05284633691250552,0.2897661193179321,-0.18237583136668367,0.8552877914966494,0.87132072625972,eutT
b2460,28.80526044649709,-0.04073179020473753,0.3762148576556455,-0.10826736205623193,0.9137836117033481,0.921107272433739,eutQ
b2461,11.50051180436259,-0.26374246302333854,0.5229389660541066,-0.5043465492989292,0.6140178717622362,0.6492689578422686,eutP
b2462,10.509551457539065,0.19463140204717438,0.5896671672623565,0.33006993241761823,0.7413471216990808,0.7675000069894998,eutS
b2463,3444.4502899775293,-1.076224693462347,0.12897003988699376,-8.34476514394628,7.135554409058233e-17,2.0409818394200353e-16,maeB
b2464,2886.4587902703756,-5.577116554311505,0.2208659673842619,-25.25113588282461,1.10049118225551e-140,4.176174296800651e-139,talA
b2465,8278.340824757683,-5.2841195402779535,0.16297047906465364,-32.423783562553304,1.268796249531095e-230,1.5957831686959658e-228,tktB
b2466,2233.144366928846,0.9432885763389551,0.1768492693648319,5.333856225286372,9.614866252342702e-08,1.7995170596433919e-07,ypfG
b2467,237.56763278110543,-2.1063901553058364,0.16444715032555288,-12.808918556118826,1.4615730479540942e-37,8.280366225346104e-37,nudK
b2468,238.8386239980563,1.2259595534255254,0.16972656092529342,7.223144961766721,5.079881165596631e-13,1.2655142552889853e-12,aegA
b2469,616.6921581919347,1.1076995866193997,0.1420683819268133,7.796946594281849,6.342306556225332e-15,1.6900020254542318e-14,narQ
b2470,453.8734365058624,1.5657120944934249,0.18056765347621215,8.671055221414232,4.2813400143172594e-18,1.2864476957695957e-17,acrD
b2471,70.84397107543319,0.22270410348256048,0.2284177965721291,0.9749857796751649,0.32956731382317905,0.3652152007159463,yffB
b2472,475.06975917413547,1.3335940213835897,0.13128034631185104,10.158367637267594,3.041254875054279e-24,1.1501377972499085e-23,dapE
b2473,520.112641545706,-1.783303216054664,0.14389700294122953,-12.392914234516764,2.854772237090256e-35,1.5400376700577582e-34,ypfH
b2474,646.810304826235,-0.29271319879280666,0.141035550870263,-2.075456840396718,0.037944214920479724,0.047183738440664334,tmcA
b2475,976.1795003889923,-1.3815697335022046,0.1163701732330605,-11.872197962060813,1.6507288556408188e-32,8.137187483237274e-32,ypfJ
b2476,492.04221859182076,-1.6380721203598478,0.14060303882586686,-11.65033226905257,2.2856588016575833e-31,1.0865518407015854e-30,purC
b2477,4267.683695600545,1.2888052666778558,0.11179926294808651,11.527851192331266,9.549756445897054e-31,4.4484685581840035e-30,bamC
b2478,2552.0289526812217,-0.7699997113038003,0.1166959708716937,-6.59834016163599,4.1578641596449545e-11,9.357320056624278e-11,dapA
b2479,447.7466581033644,-1.1121068913749832,0.16795597931636633,-6.621418873573945,3.55767258241795e-11,8.04772595467822e-11,gcvR
b2480,284.70629550805194,-1.8338915278744408,0.19575953475630967,-9.368082786656354,7.386194836873858e-21,2.472549784936785e-20,bcp
b2481,7.8324177535832895,3.647605461641283,0.9997304802290087,3.648588828466773,0.00026368473240092385,0.00039819560618485996,hyfA
b2482,94.9119459626611,2.701833737458534,0.2706663493579756,9.982156052524894,1.8245827237553676e-23,6.709952506241544e-23,hyfB
b2483,11.012053491562966,2.838841776488871,0.7312488935421333,3.882182662509973,0.00010352306604604395,0.00016081135402733405,hyfC
b2484,28.128467695377683,2.51199958596394,0.4354861301027771,5.768265421842699,8.009159601299018e-09,1.5989261027173822e-08,hyfD
b2485,9.261763124688324,2.3439648829905693,0.705297486506827,3.323370532056874,0.000889366954735947,0.0012954974635167567,hyfE
b2486,102.70331017190271,1.2204930950476187,0.20957684415636932,5.823606610551809,5.7591047490768465e-09,1.1602553366332394e-08,hyfF
b2487,81.97790433170873,0.49306410886216506,0.23115781759766574,2.1330193976841914,0.03292313498630773,0.04117262505958143,hyfG
b2488,10.513515002311523,-0.1496497857888338,0.5808078484800043,-0.2576579951191652,0.7966708667438475,0.8180417903910465,hyfH
b2489,18.69038847619331,0.008369997275166841,0.4145615479071176,0.02018999909041766,0.9838918058307091,0.9854588690026805,hyfI
b2490,7.850910181157253,-0.482331378855651,0.6535432655897031,-0.738025168724576,0.46049915484107085,0.49757419725341034,hyfJ
b2491,60.55329236793824,1.2703862134964123,0.2614196466410924,4.85956671512355,1.1764293452491881e-06,2.073945525745665e-06,hyfR
b2492,68.2880021173682,1.6983265255842854,0.2622781176467999,6.475288677614188,9.463084328494038e-11,2.0975074125896653e-10,focB
b2493,1265.345804530341,1.7704206708824477,0.1183605579548848,14.957860130714106,1.3840526266184722e-50,1.0707556524384034e-49,yfgO
b2494,975.085421419265,0.43345674610620977,0.11567131493783864,3.7473140712470325,0.00017873823285324275,0.00027338627554550886,bepA
b2495,339.4610861370157,-0.3352454578044515,0.1481950277419544,-2.2621909986629234,0.02368560521422788,0.03007327203721694,yfgD
b2496,432.9222111154293,0.0679643065525651,0.14440119993305617,0.4706630317758653,0.6378813879175163,0.672192265724468,hda
b2497,191.52237892661927,3.0008940391057872,0.20481071739120096,14.65203616944467,1.3073822170063767e-48,9.705053152212597e-48,uraA
b2498,563.8873955230139,0.259489301682064,0.1447486552306769,1.792688859654911,0.07302268883532935,0.0879950386677032,upp
b2499,367.7165847807193,-0.08615119449852679,0.17789822309059913,-0.4842723721565905,0.6281925805857158,0.6633014487259105,purM
b2500,213.5383705013652,0.15574905044150067,0.16287042979092975,0.9562757993665856,0.3389329132300545,0.37458766860123016,purN
b2501,1490.6448345728024,-3.0773425915053467,0.1289558262043527,-23.863540578839515,7.326850201010246e-126,2.1940676588331365e-124,ppk
b2502,992.5811055482815,-2.194728823568969,0.11268527768550196,-19.476624352777737,1.7333819079130662e-84,2.6311541926321784e-83,ppx
b2503,150.49117835464682,3.0844518515967687,0.2308223339833547,13.362883038082431,9.96292940053343e-41,6.159665059150022e-40,pdeF
b2504,206.2334006797938,-2.379873870122783,0.2014349062330287,-11.814605098133493,3.2808686495928016e-32,1.6047093106119459e-31,yfgG
b2505,35.96507679044844,4.298825628141906,0.5457894412096738,7.8763444353450645,3.3709816505186503e-15,9.064789997301831e-15,yfgH
b2506,54.284318576560985,2.0344414101334607,0.34649127467963325,5.871551634350707,4.317350814891082e-09,8.749990003292146e-09,yfgI
b2507,2945.724984893656,-1.2185405378446519,0.11352126210663717,-10.734029160986648,7.045561017810168e-27,2.906706616719809e-26,guaA
b2508,2922.9514959524276,1.537940606527742,0.12771115336511069,12.042335896309355,2.1284216205464726e-33,1.0769324107638588e-32,guaB
b2509,1636.5542469379689,-1.1358470994962138,0.12926022247038918,-8.787290303143433,1.5321050137715483e-18,4.6966060380378516e-18,xseA
b2510,289.1055842389898,1.0424515902358464,0.1737069610665143,6.001207918413127,1.9585500145343376e-09,4.047670030037631e-09,yfgJ
b2511,2818.594538468034,1.0018352242687747,0.13909055837488848,7.202755068166055,5.900791603353339e-13,1.4667015605850592e-12,der
b2512,4637.095579846043,0.4532860277814448,0.13321253829766083,3.4027279531945105,0.0006671667484909413,0.0009789560089523744,bamB
b2513,1184.389132468845,-0.12142405598331522,0.11840631260494665,-1.025486338624842,0.3051337682110682,0.33996427427616355,yfgM
b2514,2547.3847625377334,-1.3563569550512644,0.10945762342980003,-12.391617071068199,2.901332782236677e-35,1.5613284727880014e-34,hisS
b2515,2658.2997015024885,-2.3133323771317382,0.10486545719497711,-22.060003732502135,7.65765444347217e-108,1.7198466765390045e-106,ispG
b2516,2515.052378045633,-0.8251686548671263,0.10145774425427553,-8.133126366372501,4.1835811919850243e-16,1.1633685664635552e-15,rodZ
b2517,1171.9726790850107,0.8110738879326616,0.15994342344883603,5.071004924388869,3.957205316971146e-07,7.150910429107957e-07,rlmN
b2518,587.0258973059573,0.69851959738643,0.1505007686684321,4.641302523346821,3.4621980131327487e-06,5.920977332482657e-06,ndk
b2519,424.36715837189064,1.2436766968481805,0.1392137271156046,8.933578050212088,4.124481351870581e-19,1.2950047725345433e-18,pbpC
b2520,5251.755315594205,-1.1045078406509816,0.10100837979285093,-10.934813952229689,7.856696955925863e-28,3.335118611377594e-27,yfhM
b2521,3029.7501840653986,-2.749220268130909,0.16744017724086063,-16.419119433779557,1.395776199502078e-60,1.3386071525507945e-59,sseA
b2522,356.31974039655205,-0.13906592271525192,0.16045406884053676,-0.8667023760766022,0.3861051032255606,0.42237441958223604,sseB
b2523,1615.7177927879532,0.024599484699402478,0.1256698460191052,0.1957469152597091,0.8448082616108367,0.8622411239533743,pepB
b2524,290.7814742661394,0.8659020889602023,0.17017786525003936,5.088218069300302,3.6144361200054926e-07,6.547632839614889e-07,iscX
b2525,171.5005102437926,-0.2108512179659301,0.19315443183101855,-1.0916198813931104,0.27500021372379424,0.3080282292142856,fdx
b2526,2337.255184704061,1.2323135590393173,0.12620803500212038,9.764145040516743,1.6045965411851602e-22,5.705520173099415e-22,hscA
b2527,466.9187227288812,2.0524825658169936,0.1683799364578886,12.189591046260517,3.531893114886377e-34,1.8291051166740977e-33,hscB
b2528,1516.2020698377153,1.3387015169320213,0.11698384661415866,11.443473228807276,2.5352858026753897e-30,1.1625341774351109e-29,iscA
b2529,846.8367626555288,0.6270925987481594,0.17321351206562957,3.620344575142369,0.0002942109410779838,0.0004433812265064309,iscU
b2530,4399.926562583756,1.202837737865864,0.1552717327774755,7.7466626819299185,9.433912712285e-15,2.497178818970449e-14,iscS
b2531,1617.5731910012275,1.0146280648915116,0.17004667449262365,5.966762172320662,2.4200775072029802e-09,4.964203721671724e-09,iscR
b2532,2720.367940620958,-1.0245904739203244,0.10769085541222655,-9.514182703798996,1.831468474977236e-21,6.274026635680773e-21,trmJ
b2533,511.79969121118023,2.258043596459363,0.19431042110925242,11.620805428596967,3.230759818378282e-31,1.5292263140323868e-30,suhB
b2534,73.78112167821183,5.376547355536088,0.5316978311258361,10.112035522416168,4.885843760907762e-24,1.8319833250013602e-23,yfhR
b2535,4650.984477823043,-4.611940985504506,0.14850317825175138,-31.05617697747903,9.415452862713396e-212,8.818473085460504e-210,csiE
b2536,744.9548799963945,2.0212454859154505,0.13981586439199514,14.45648170688685,2.2816628174548586e-47,1.6465376594157847e-46,hcaT
b2537,326.4543970003456,1.022231628642532,0.19464098590423337,5.251882710589469,1.5055232551321438e-07,2.784585449198192e-07,hcaR
b2538,369.76359254486516,1.4273238398930073,0.15716697576950003,9.081576030236214,1.0701388988002398e-19,3.421025005460171e-19,hcaE
b2539,37.921114842886915,1.6940398510094126,0.3689330946482653,4.591726455509452,4.395943035128329e-06,7.4598848267675035e-06,hcaF
b2540,20.31600994190909,2.8401929911797725,0.528976795695635,5.369220378456781,7.907774078720746e-08,1.4914319406396196e-07,hcaC
b2541,125.42151127574932,2.1311949487136954,0.2118044965036455,10.062085479271278,8.125848337568122e-24,3.026225413026639e-23,hcaB
b2542,124.91903349327879,1.4991403534828216,0.1993999457096679,7.518258584009914,5.551063055153451e-14,1.4357097278957397e-13,hcaD
b2543,157.37671336373862,-1.0205540109129183,0.19497975998196246,-5.23415359115905,1.6574259240107302e-07,3.056551704019788e-07,yphA
b2544,127.0308888879779,1.0016660032027693,0.19657640360397913,5.0955556457361775,3.4771986291120503e-07,6.301617276801666e-07,yphB
b2545,169.04492124487038,1.2383117927723013,0.17997926093868488,6.8803026877311595,5.97255183426745e-12,1.4119856699487279e-11,yphC
b2546,73.9388443614511,2.2641009820611924,0.2655958309409369,8.524610397836712,1.5332501311600044e-17,4.496580331356655e-17,yphD
b2547,155.60430831050783,2.6134433571789897,0.21839712666797967,11.966473172296366,5.324412050633703e-33,2.6634161189647225e-32,yphE
b2548,47.79878521974381,1.5865059967546238,0.29842806360942803,5.31620913115928,1.0595137136636752e-07,1.9754253992153742e-07,yphF
b2549,241.44647472395104,1.6569073589014722,0.16844072015620615,9.836738749186736,7.820485001652565e-23,2.821784834202835e-22,yphG
b2550,313.44432126460083,1.7685748495675269,0.15425982623687792,11.46490886649738,1.9796786994989275e-30,9.115633509617445e-30,yphH
b2551,3723.828790764602,-2.2768749304211036,0.1465746604051276,-15.533891902787941,2.0457787607815727e-54,1.7251950392644604e-53,glyA
b2552,1903.9341631874056,0.028219201410312714,1.1212451807418609,0.02516773484960868,0.9799211726601507,0.9828236505012492,hmp
b2553,509.58840691825384,-0.8385564885407137,0.12863423199200957,-6.518921717453895,7.081459704145638e-11,1.576762044392974e-10,glnB
b2554,316.4815086845631,0.9017842048249562,0.15035689153795098,5.997624688838027,2.0022461525115757e-09,4.134093603825496e-09,glrR
b2555,254.92801029281043,1.86082354060194,0.17018357965953074,10.934213185106952,7.908905786047013e-28,3.354046557820708e-27,qseG
b2556,421.6814632587238,1.2971455311212046,0.13906997887328978,9.327286461322233,1.0861599567280173e-20,3.6194368883548314e-20,glrK
b2557,3232.037700594065,-2.248210698938899,0.10871441568037411,-20.67996856597889,5.2475023531007934e-95,9.705674520314996e-94,purL
b2558,219.98964639406574,2.1497528784002475,0.1839690647529181,11.685404180792567,1.5135783519657465e-31,7.210792105360624e-31,mltF
b2559,439.05376841559547,2.189735817624275,0.1691685902111977,12.944103955057555,2.5370610749950324e-38,1.479224218824918e-37,tadA
b2560,519.5549444444495,0.33651854413976257,0.1501918886657708,2.240590667906397,0.02505260175667407,0.03174483388971769,pgpC
b2561,208.2757543891374,2.773176441733961,0.1936523562331116,14.320385745246044,1.6321475155537672e-46,1.1495541381548293e-45,yfhH
b2562,66.5275383409297,3.493681883994678,0.3501531278229139,9.977582966962869,1.9106425010631795e-23,7.020574532287242e-23,yfhL
b2563,56.13644078248128,0.3429127869601855,0.29009868700269065,1.1820556325268892,0.23718362726943876,0.26785077661366585,acpS
b2564,538.7526955941892,0.04374002911325131,0.1317057783364228,0.33210410101767834,0.739810653550376,0.7662697639832365,pdxJ
b2565,153.74357832677939,0.6775634466745567,0.18651607207237583,3.6327349120435826,0.0002804330765255274,0.00042319725843859154,recO
b2566,787.7436696769606,0.5186798318186477,0.14276172686199748,3.63318547078123,0.00027994364106520667,0.00042260353496880647,era
b2567,404.922146731482,-0.564445826069536,0.1701437282217801,-3.3174647809162168,0.000908383671733137,0.0013223230565374568,rnc
b2568,2204.0353128615925,0.24221785750186706,0.10648826110156814,2.2745967958932156,0.02293012850293685,0.02916452634207686,lepB
b2569,3729.3112802860173,1.0645737369420325,0.11378954392645907,9.35563761139648,8.309698265946714e-21,2.7774709010400484e-20,lepA
b2570,1275.3664798167163,2.514872480473255,0.12568064096880083,20.01002271382075,4.504433099334689e-89,7.398699441519142e-88,rseC
b2571,2871.3759569962695,1.722858116301038,0.11319581712368083,15.220157070102655,2.599063057443497e-52,2.0992799227277565e-51,rseB
b2572,11481.69115817328,1.7239318479769072,0.12200220229438352,14.130333842803672,2.4697072263483858e-45,1.7066956374231703e-44,rseA
b2573,6034.922111184117,1.4604393899937884,0.13432304026485983,10.87259033978144,1.557159607667385e-27,6.553170738959683e-27,rpoE
b2574,285.0018306911088,2.6586630039783055,0.17483633648130464,15.206581523530138,3.198127923429268e-52,2.5737036780503908e-51,nadB
b2575,360.3924381646587,1.9862998549609048,0.15133654218195067,13.12505113651132,2.3662297936985696e-39,1.422970430582118e-38,yfiC
b2576,723.7303179035597,-0.07657594805945574,0.13602430891873887,-0.5629578173795562,0.573463608265286,0.6110088524770687,srmB
b2577,318.3485014749854,1.5789602013196793,0.15247706550863574,10.355394734628158,3.955515523793179e-25,1.55050572891697e-24,yfiE
b2578,136.69392104376507,1.260167710102891,0.23841762099830108,5.285547707532367,1.2532920379615704e-07,2.3239223045942852e-07,eamB
b2579,14648.676111836283,-4.081981917327202,0.16867653990290904,-24.200057220030768,2.221639912408786e-129,7.298252906286176e-128,grcA
b2580,327.32582869545604,-0.03963150694934166,0.14468098678648822,-0.27392339401048965,0.7841434931166934,0.8068722900186265,ung
b2581,2027.1019297526116,1.4057254667513215,0.13269447405144852,10.593700128057263,3.1873826616807416e-26,1.289600962933697e-25,yfiF
b2582,559.023813982591,1.5901520363851747,0.18020716361607358,8.824022333390419,1.1042018989926314e-18,3.408623253412036e-18,trxC
b2583,103.55100676116528,1.5368740279214286,0.23337346080229404,6.585470441402998,4.534473026992466e-11,1.0194458766507065e-10,tapT
b2584,5659.673011959564,-3.38358976229879,0.17525651211489168,-19.30649949304385,4.736048600899747e-83,7.04327227741915e-82,patZ
b2585,1550.6414158606865,-1.4825022726305774,0.13297518534256592,-11.1487137153553,7.264894343527621e-29,3.182235103125676e-28,pssA
b2586,53.117103913661005,0.009616151949087947,0.2635174036588511,0.036491525096903996,0.9708904362032484,0.9746544356138425,yfiM
b2587,4906.765989065009,0.020789978366057216,0.17348513712779828,0.11983723049855405,0.9046120887747293,0.9129242437065532,kgtP
b2588,0.0,,,,,,rrfG
b2589,0.0,,,,,,rrlG
b2590,0.6253020290828358,2.5274178120255826,2.914879717568406,0.8670744788515513,0.38590120296286246,0.4222563001348547,gltW
b2591,0.3986586525692331,1.9247105105841957,3.218146872737546,0.5980803818773266,0.5497862997163101,0.5879881660231285,rrsG
b2592,7977.469777070265,-1.2972794325441797,0.13891310507209928,-9.338783636510467,9.744713769523145e-21,3.2521781662957456e-20,clpB
b2593,382.87403104957093,-0.24365073746350324,0.15307187727358265,-1.5917407024938397,0.11144297873232793,0.13127428214602824,yfiH
b2594,576.3808198841031,-0.023078458590053096,0.14118103058079418,-0.16346713503303056,0.8701506475093911,0.8850284543290987,rluD
b2595,1489.8051534591723,-1.1598216460538788,0.11906247417770643,-9.741286279023479,2.0099388720178528e-22,7.118061878216081e-22,bamD
b2597,24113.31801647203,-0.9809406094722413,0.21645875617856222,-4.531766821495726,5.849239538688631e-06,9.835123166274771e-06,raiA
b2598,6.709569918287403,-1.3547868681734583,0.749614539232372,-1.8073113543939545,0.07071374665464865,0.08539970172119708,pheL
b2599,769.0954496154945,-1.4488784588812331,0.16501726367101782,-8.780162915376842,1.6323803464095286e-18,4.9935637838045484e-18,pheA
b2600,932.1525357918491,1.9065632074255123,0.13966190261272937,13.651276201730193,1.9837374933369193e-42,1.2785376933629748e-41,tyrA
b2601,1028.7912164299094,2.0415635011658804,0.12945691322291794,15.77021613091003,4.987880488181389e-56,4.322175178931983e-55,aroF
b2602,43.259108831690696,-2.1194826904256625,0.33662923334523864,-6.296193201533312,3.0504413471019963e-10,6.58237392644264e-10,yfiL
b2603,171.18570761951898,1.6066103334061779,0.20613815547247588,7.793852281853258,6.499652746749045e-15,1.730881511868681e-14,yfiR
b2604,128.42420730831915,0.38924532570448644,0.20782227420330315,1.8729721209946213,0.06107223488084846,0.07426518727776102,dgcN
b2605,72.77927047638237,-0.11649360809248349,0.22790456075538273,-0.5111508418540155,0.6092454374257972,0.6448421292494252,yfiB
b2606,5446.532786399885,-0.3226029608156216,0.18885250520746585,-1.708227065673409,0.08759421829254195,0.10421344565507289,rplS
b2607,8207.441807064048,-1.287695374835189,0.18574451210172108,-6.93261599099087,4.131285567275266e-12,9.846193322764332e-12,trmD
b2608,4580.896220823965,-1.3656878310116236,0.12865273951290618,-10.61530315003219,2.5297193729773508e-26,1.0253982209803222e-25,rimM
b2609,1909.2855209387446,-1.86103382034929,0.14107917565587028,-13.191414053118994,9.832345060388417e-40,5.929038761072577e-39,rpsP
b2610,6438.24616779157,-0.8364196583115475,0.1081433484497868,-7.734360645397571,1.0392404444112026e-14,2.747589451230098e-14,ffh
b2611,184.33235084372652,-0.9700361289224104,0.18522090744024747,-5.237184842296195,1.6304438211919516e-07,3.0105762168150044e-07,ypjD
b2614,1773.0438588057143,-0.39977923164467083,0.12550820454962944,-3.1852836480230824,0.0014461218964279558,0.002070861609653826,grpE
b2615,366.7857323039794,-1.4490869248902707,0.1480982252548049,-9.784633964364517,1.3106866867878194e-22,4.679353443017016e-22,nadK
b2616,2341.2817098965343,3.5877081328126925,0.13565423291070589,26.447446982168955,3.904004475486881e-154,1.8478954517304572e-152,recN
b2617,2082.8103913177206,1.4757580585178505,0.11959944756779488,12.33917119626592,5.572655699817046e-35,2.9770425231304174e-34,bamE
b2618,71.00811676628359,0.44400780372515625,0.26232365438970845,1.692595373292328,0.09053251235597759,0.10765103171016029,yfjF
b2619,297.6935683218582,-0.10154719041883413,0.15927971441065855,-0.6375400081207007,0.5237731584572027,0.5618666891238122,ratA
b2620,945.2977639447305,-1.8992500171937434,0.1429686054136478,-13.28438513965137,2.8519141194979285e-40,1.7339952975179395e-39,smpB
b2621,1027368.3824825607,-0.07896714513351782,0.17284421745250222,-0.4568688863150316,0.6477652887219015,0.6816788909762875,ssrA
b2622,416.5261243666461,-1.4810498648012789,0.1479411316655001,-10.011075676708913,1.3626280114481397e-23,5.040578576802278e-23,intA
b2623,19.79570538373286,1.1401372937954533,0.4194104819092903,2.7184282295597013,0.006559288419857376,0.008816484770751807,yfjH
b2624,2.8052142675572367,-0.8029844301467588,1.0535739013413614,-0.7621529245593843,0.4459687386361598,0.48353556341782644,alpA
b2625,4.121700954086923,0.7239997622978271,0.8657088411770562,0.8363086153924973,0.4029813076308498,0.4395252022277009,yfjI
b2626,19.482190669006645,3.997715080777863,0.6931456677121479,5.767496309935892,8.04578462229202e-09,1.6055096966151165e-08,yfjJ
b2627,403.5954279924608,-0.814559095738852,0.14000479017936576,-5.818080186365678,5.952734605326822e-09,1.1981681633584212e-08,abpB
b2628,381.6816133349151,-0.16732169583513823,0.13174861158730508,-1.2700072799193038,0.2040820369984736,0.23225675461925563,abpA
b2629,13.211246213744486,2.2366545566188956,0.5821299358993662,3.8421912681115744,0.00012194074945183558,0.00018841108427061434,yfjM
b2630,740.1053133467516,0.03220742162297341,0.16181497459937177,0.19903857293006338,0.8422325713649886,0.8598696712775393,rnlA
b2631,152.0410198510341,0.4707378161401852,0.23415998715457154,2.0103255977266774,0.044396739372973136,0.05489731649433364,rnlB
b2632,69.54366566928479,1.523519152318705,0.27087524671260393,5.624431064884805,1.8612035817615072e-08,3.633267479784547e-08,yfjP
b2633,10.216653303519104,0.8507191383403325,0.5821772569588674,1.461271680010747,0.14394089854268124,0.16744921653934536,yfjQ
b2634,12.19754067778486,2.759225792082772,0.717439845714273,3.8459332981927226,0.00012009443250972581,0.00018562348732718153,yfjR
b2635,0.0,,,,,,ypjK
b2636,1.1176714145088686,2.1790511033475006,2.130724851266957,1.0226806628982659,0.3064588571299557,0.3410952943327598,yfjS
b2637,16.712411608682046,0.2574143934976843,0.4579900183776983,0.5620524098090671,0.5740803114333135,0.6111491005875322,yfjT
b2638,8.672625875956179,2.2242161353422327,0.7794900644257502,2.8534246128984484,0.004325078845039164,0.00591824590483755,yfjU
b2641,251.85852413950457,2.810339698507948,0.1991378894842424,14.112531300731334,3.1795680264060316e-45,2.1938022652412778e-44,yfjV
b2642,117.16664364927271,-4.834206167333416,0.33273025724934235,-14.52890460668488,7.948124510210163e-48,5.783081668420683e-47,yfjW
b2643,2.0821989592116235,3.169770854751441,1.7269211543117295,1.8355040974726864,0.0664310325323829,0.08044825452752395,lfgA
b2644,1.6174776481415194,3.9121653081571734,2.264620148874845,1.7275150139862951,0.08407521111980673,0.10021637675315169,lfgB
b2645,1.9754092133885681,4.192308635613516,2.256238264624262,1.858096594382364,0.0631552983838774,0.07671347226430142,yfjZ
b2646,2.465595182702882,1.6574798126042962,1.2304561856396796,1.3470449675074117,0.17796575057268826,0.20459786733376176,ypjF
b2647,375.8133427719536,2.800578618456544,0.21639250560378198,12.942123899542281,2.603315032501341e-38,1.5158456049035586e-37,ypjA
b2648,10.618442975605353,6.635970264208205,2.002586396573638,3.3136998611206687,0.0009207028015392663,0.0013398128040911902,pinH
b2650,21.595264402714694,4.758376001776738,0.7938750706783878,5.993859963017325,2.0491784995104304e-09,4.229012543293443e-09,ypjC
b2652,0.8406542660525896,1.6996530820686122,2.2405405371203817,0.7585906409232228,0.4480974730055819,0.4856044008297813,ileY
b2659,883.9504964362621,-2.680886454722831,0.6494672351720545,-4.127824021811693,3.6621219628483444e-05,5.8748764141612285e-05,glaH
b2660,1087.0895667134625,-3.8474977692075476,0.520586340128946,-7.390700586293806,1.4605718028471087e-13,3.72720989920752e-13,lhgD
b2661,2746.7320339770754,-5.004401073354144,0.4905199501156974,-10.202237589263744,1.9375628850439445e-24,7.403777621496044e-24,gabD
b2662,4111.969056329679,-5.328781156818906,0.5728101839680956,-9.30287433073241,1.3669923737421657e-20,4.5278408045244647e-20,gabT
b2663,622.6348468882248,-4.865304735843259,0.5703294874510616,-8.530691193238956,1.4547588784170422e-17,4.283510757720281e-17,gabP
b2664,458.9455497798292,-1.139850016772456,0.29380189031291043,-3.8796551497965903,0.00010460466190004036,0.0001623659103258031,glaR
b2665,6084.027256743735,-4.760818041335963,0.17538735672062478,-27.14459086648697,2.9330905715631105e-162,1.6139330870026016e-160,kbp
b2666,103.47386184125607,-0.23328253826903922,0.2925033460896817,-0.7975380158472261,0.42513863341174896,0.46243149599172695,yqaE
b2667,332.32425963757925,5.68093060601513,0.2879521822694796,19.728729128708736,1.22203963777755e-86,1.8941614385552026e-85,ygaV
b2668,676.2473589742127,4.680917205696986,0.18281688713698338,25.60440273873391,1.3626867950520493e-144,5.503254377815707e-143,ygaP
b2669,100.96373761609146,5.605060976851032,1.1133130171722438,5.034577778572634,4.789032043554221e-07,8.625744294486775e-07,stpA
b2670,1231.0261023872388,-1.2306257496969286,0.20562383613985427,-5.984839952406701,2.1660274116980397e-09,4.4638823344076645e-09,alaE
b2671,226.24746730728782,1.4898682148739262,0.1758000296008817,8.474789328854891,2.3550532803318126e-17,6.85191311303413e-17,ygaC
b2672,1210.9580258904964,-3.9466139937857054,0.16481681814073573,-23.94545677016847,1.0304187772564808e-126,3.1942982094950907e-125,ygaM
b2673,23.780461733577948,-0.0688598374988653,0.3870079302642592,-0.17792875058618562,0.8587789313995768,0.8740681748025289,nrdH
b2674,18.31684055368214,-0.2940096026709087,0.48344727651173114,-0.6081523610853858,0.5430864271139324,0.5816706696242167,nrdI
b2675,145.07674831725208,-1.887114002258955,0.25842454210341553,-7.302379204772957,2.8272310122793907e-13,7.119834620168123e-13,nrdE
b2676,37.1425190515247,-1.281306377457277,0.3599003511369737,-3.560169845373747,0.0003706150070968302,0.0005543483728305289,nrdF
b2677,721.9727647112595,4.875512966839691,0.24428240214683478,19.958510821868728,1.264237554179259e-88,2.0460197476092274e-87,proV
b2678,1129.23638189697,5.426813359560875,0.20263555693972687,26.781150561720317,5.357797126545152e-158,2.7424445291920655e-156,proW
b2679,199.66124591210192,2.654871956885984,0.2044338213025466,12.98646153542752,1.4602375199319263e-38,8.582063501655994e-38,proX
b2681,108.84556328841767,1.4474970514355412,0.21445287730102736,6.7497208228346155,1.4812990183429542e-11,3.433743169429007e-11,ygaY
b2682,402.58881228429595,-0.07172864090265668,0.15066177778170928,-0.47609049859070973,0.6340099057506017,0.6688022058744665,ygaZ
b2683,33.748566757508996,-0.7691266086335434,0.3255044443229027,-2.3628759055300774,0.01813374054416743,0.023333740390361013,ygaH
b2684,591.6533999519432,1.3453208063728916,0.1435632916609511,9.37092477337517,7.18997657475326e-21,2.4086968707811147e-20,mprA
b2685,1199.7707384593082,3.7717696210402307,0.18220416986870822,20.7007865064673,3.407638925348275e-95,6.356112944653859e-94,emrA
b2686,1276.6117868435585,3.2786857410329078,0.1436323144102872,22.826936643708937,2.477189852035481e-115,6.2680333916089705e-114,emrB
b2687,1804.9764002009908,-3.390932837154048,0.15182145022402901,-22.335004916303713,1.6891015214572331e-110,3.9340872473305504e-109,luxS
b2688,1774.516723988011,-1.5539956903241423,0.12125324901470252,-12.816115881032706,1.3320809439198525e-37,7.556469478266999e-37,gshA
b2689,212.56174593538938,-0.045410122021280454,0.1649676221070448,-0.27526687625899443,0.7831112107200211,0.8059984918376275,yqaA
b2690,412.8560710036464,0.25038867934948017,0.13927996984131757,1.7977364558216762,0.07221878137283406,0.08707397304936061,yqaB
b2691,1.847212144217959,3.016300797060631,1.7491988109981413,1.724389919599503,0.08463747611434766,0.10083198101633516,argQ
b2692,1.7042409966433751,-3.3493918351233853,1.9217714947929627,-1.7428668518596293,0.08135687545526601,0.09721307430892535,argZ
b2693,5.639151012464194,-0.2222814892685389,0.8913457459943296,-0.24937740519597765,0.8030688611962815,0.8238427236042953,argY
b2694,1.2147121254605,-1.8004523739394356,1.8529612802153541,-0.9716621675603412,0.3312186438205098,0.3667063556584216,argV
b2695,25.608774515300837,1.662174109731852,0.4116367372526237,4.037963474362511,5.3917245579604204e-05,8.525277120740579e-05,serV
b2696,5135.500934990309,-3.0197089219331508,0.1699862447179353,-17.76443103936951,1.3328476982492171e-70,1.5729746830276283e-69,csrA
b2697,7689.464475556592,-0.02676694023053233,0.10256885115961666,-0.260965584852636,0.7941190471602657,0.8158021109917128,alaS
b2698,267.49156642741644,2.7514031518072155,0.18793427368708213,14.640241494153477,1.555148831331967e-48,1.1524857164180673e-47,recX
b2699,13792.904369691169,1.9019549894141885,0.11024166615100928,17.252596552821384,1.0698156615681905e-66,1.1832483774430089e-65,recA
b2700,100.92453220145143,-0.4118900919062429,0.21591991516213363,-1.9076058435691576,0.05644217931027173,0.06890140691176266,pncC
b2701,212.6145545456467,-0.7373096370207542,0.16743872460618472,-4.403459467067154,1.0653819641729955e-05,1.7664073093369213e-05,mltB
b2702,79.60273802094777,2.2830199055290454,0.2901101427185285,7.869493579699086,3.560796857405874e-15,9.563531279011994e-15,srlA
b2703,65.94160613942371,1.125339448758395,0.2606230832784274,4.317880958979287,1.5753435071104834e-05,2.588526359947872e-05,srlE
b2704,15.810063477331953,0.05819582264014189,0.46648170325592186,0.12475478080694286,0.9007176873095437,0.9116944721859305,srlB
b2705,85.30015406596686,-0.42718974682099753,0.22165191007189275,-1.9273000926652906,0.05394224206548029,0.06605111253748101,srlD
b2706,17.134067376628426,-0.7030579307386939,0.46952059959329845,-1.4973952822255017,0.13429043513672706,0.15663659127500595,gutM
b2707,121.93161659323367,-1.6072397131417877,0.2407062667157932,-6.6771826719388585,2.4357926935061623e-11,5.5816550946455636e-11,srlR
b2708,222.4427306445273,-0.9455545122446412,0.2061917757027089,-4.5858012960126935,4.522485658691237e-06,7.668714125407868e-06,gutQ
b2709,3269.625730756712,4.899336898122134,0.20638850851099333,23.738419030540015,1.4471984346693689e-124,4.2189188804069944e-123,norR
b2710,130.52713313731758,1.7417569380754792,0.21129320968550716,8.243317145250163,1.6750082352068973e-16,4.747834031797013e-16,norV
b2711,109.95793063095967,2.652415413070052,0.2606805270259197,10.174965669017233,2.5649042047110882e-24,9.724985623719388e-24,norW
b2712,360.54805257340604,0.902816592157735,0.15574660992348482,5.79670140236934,6.7631952038116715e-09,1.356336459552573e-08,hypF
b2713,56.66272531928028,2.634816510413414,0.33031982548829136,7.97656182615902,1.5046581370735359e-15,4.088583407035621e-15,hydN
b2714,185.765766653253,0.7115621898524233,0.17128484682500936,4.154262347441512,3.26338589421219e-05,5.252440477631466e-05,ascG
b2715,363.1800879465782,2.5858297843141633,0.1576775281025604,16.399482002484376,1.9287559103802215e-60,1.8417317825366019e-59,ascF
b2716,308.359424735186,1.4103290095878547,0.14325368663403548,9.844975321233905,7.205690947923355e-23,2.606364137449352e-22,ascB
b2717,244.8317748451973,-0.6792181778306343,0.16564776906867604,-4.100376248043744,4.1247896560314976e-05,6.593073371768574e-05,hycI
b2718,24.3231007812346,0.16812825311478144,0.3721610575294971,0.4517620791139755,0.6514403907724446,0.6850550884329435,hycH
b2719,33.33531951344214,0.31157430741638265,0.3404173505054671,0.9152715246556704,0.3600491040665318,0.39603602101471086,hycG
b2720,10.584902502798808,0.9640482281190872,0.6010957850847125,1.603817980495777,0.1087541800452725,0.12820993587554622,hycF
b2721,52.89013865870928,1.5015718194508032,0.2889315431094068,5.196981275534247,2.0255075633986439e-07,3.71666706714499e-07,hycE
b2722,22.235578374119047,2.0685977379161433,0.44664072355269796,4.631457967965778,3.630997176750405e-06,6.200019228881026e-06,hycD
b2723,73.69946231666273,2.9033368428756496,0.30200825755646044,9.613435295996405,7.0168034136799945e-22,2.437882291003894e-21,hycC
b2724,12.664483888568958,2.149644021385297,0.5877851862523654,3.657193259821876,0.00025499212571444997,0.00038533310586852344,hycB
b2725,5.471367007397963,3.7434501071202915,1.2166827356486571,3.0767676711747898,0.0020925832946705153,0.002953366996838605,hycA
b2726,7.684456184614553,0.5716701456688715,0.6638272949865911,0.8611730038615223,0.38914276614663734,0.4251691378946383,hypA
b2727,280.70993297131156,-2.8582905724831313,0.256730420756433,-11.133431574105774,8.624988525266832e-29,3.766587250815932e-28,hypB
b2728,8.553010275313818,-2.9099179123962386,0.7758777291183037,-3.750485164335143,0.00017649274775998223,0.0002700455598329655,hypC
b2729,300.5184834123408,-2.0028212364737796,0.23152736948910768,-8.650472904750913,5.1286456891088384e-18,1.5347585536000752e-17,hypD
b2730,317.5361829328817,-1.3435442785314053,0.1715244268294705,-7.832961773235694,4.765092253442726e-15,1.276685094318617e-14,hypE
b2731,317.79583648411034,-2.3112677477374683,0.16066316336376843,-14.385797586372487,6.354132875555055e-47,4.511434341644089e-46,fhlA
b2732,307.7766518355283,0.788101705628107,0.9112280137792529,0.8648787062192169,0.3871053661182249,0.4232582766151083,ygbA
b2733,705.1260024716844,-0.8555629070873129,0.13270051664714003,-6.447321598319881,1.1384405405718157e-10,2.5057076297985665e-10,mutS
b2734,18.712081602582277,2.699819736316101,0.5236706581589744,5.155568092754392,2.528631306100384e-07,4.6186867259144774e-07,pphB
b2735,392.29439674822316,-0.2712568212747453,0.16748127321051054,-1.6196247859532165,0.10531290194414829,0.12441959054163734,ygbI
b2736,68.24051936420024,1.551188899299825,0.3008158877219535,5.156605626939497,2.5146665530632126e-07,4.595085996921653e-07,ygbJ
b2737,127.01727443547702,1.5221987867474522,0.22344928919698565,6.8122784915441414,9.606490606976317e-12,2.24457386687419e-11,ygbK
b2738,50.19510000096426,0.6765708691969473,0.2758625146826174,2.4525654381688966,0.01418415776988205,0.018511314112961988,ygbL
b2739,38.00379322758175,0.37272714516883027,0.3348304278864572,1.1131818201875727,0.26563034892393234,0.29814571166285386,ygbM
b2740,104.10906487341049,1.7115501605039571,0.22287668534403748,7.67935936350619,1.5988613426286537e-14,4.2144836109289425e-14,ygbN
b2741,15191.380651902597,-0.34951977306140164,0.1300621004796949,-2.6873299121904317,0.0072025774122596396,0.009645800355572538,rpoS
b2742,4028.5134471626043,-0.7946768604582601,0.12627753623887458,-6.29309760173812,3.111925306289523e-10,6.711756589067359e-10,nlpD
b2743,440.1281511266816,-0.5655992522323915,0.13051831680345805,-4.333485644655556,1.4676685507442016e-05,2.4134019276712645e-05,pcm
b2744,358.9358954097388,-0.1278137062751976,0.1465857657131934,-0.8719380470084331,0.3832421761568203,0.4194510341726313,umpG
b2745,483.2923166849736,-0.24361488932253922,0.1374884962467251,-1.771892892663316,0.07641233844672034,0.09170313899739993,truD
b2746,100.95750457075509,-0.09495272610382759,0.2216985173843668,-0.4282966220256881,0.6684351779587789,0.7002502744822809,ispF
b2747,203.2667920482177,1.0494606728634546,0.18408221927015256,5.701043137269566,1.1907649582131047e-08,2.35161388338003e-08,ispD
b2748,191.0638177163448,-0.9615143786109762,0.16087093879198044,-5.976930238806492,2.2738150990359533e-09,4.6794455661319615e-09,ftsB
b2749,109.27117340190905,-2.909902154281961,0.2563092964084096,-11.353088612303981,7.158838242191855e-30,3.228812084234482e-29,ygbE
b2750,121.81533711822688,-2.402357675943027,0.25811441365538723,-9.307336393660117,1.3107820855419654e-20,4.3482010102153216e-20,cysC
b2751,1034.4311172649823,-2.4974434466978703,0.17840657248312827,-13.99860673257456,1.5895646466269883e-44,1.0731999347319023e-43,cysN
b2752,505.09023299114534,-3.4154896721841044,0.28491568727449756,-11.98772066521386,4.1208889836727995e-33,2.0779098861543715e-32,cysD
b2753,511.1666913806774,3.1525375480302094,0.1536987396258736,20.51114768867963,1.7120663384139043e-93,3.03891775068468e-92,iap
b2754,23.78092277428985,1.0047899384909544,0.4394684196476844,2.2863757520881256,0.0222322856398548,0.02835067247585192,cas2
b2755,98.63121753653763,2.4547393007907066,0.24536214865776865,10.004555772840819,1.455434192898055e-23,5.37936298668114e-23,cas1
b2756,36.91624323647568,3.1798910448908413,0.42023657809293485,7.566906858325911,3.8221574030701836e-14,9.943934331155407e-14,casE
b2757,22.532956155014514,2.4674208128573425,0.46464369554788454,5.310350353399036,1.0941469373265432e-07,2.0365474918018789e-07,casD
b2758,57.626426161416056,2.9176386065177957,0.33946239597624345,8.59488014313662,8.335175089755927e-18,2.482506139722976e-17,casC
b2759,8.966109730691011,1.880700290215153,0.6587642737244306,2.854891142748694,0.004305158233828721,0.005892819199413566,casB
b2760,34.874363780430706,3.9542524801122303,0.5164627750164531,7.656413339734423,1.911976697138877e-14,5.015805375926899e-14,casA
b2761,190.32355459551377,0.3499194516730041,0.1840635269844578,1.9010797924270517,0.057291561999617664,0.0699188954594724,cas3
b2762,824.3713251493506,-5.179506021919126,0.1769652051660592,-29.26849951694641,2.6116921648546183e-188,2.0169594578403565e-186,cysH
b2763,2408.886931617432,-4.943429789784722,0.18605174878950928,-26.57018717613614,1.5012130328651908e-155,7.425100865924236e-154,cysI
b2764,2500.736388806104,-6.252133614973657,0.26346478602437523,-23.73043361626029,1.7497869976524364e-124,5.067475239253964e-123,cysJ
b2765,82.84970737634617,1.6211104186054088,0.2533176930078923,6.399515167520896,1.558710970004455e-10,3.408567158449881e-10,queD
b2766,304.54534688786816,0.9536270118764909,0.21092437768807631,4.5211796869053895,6.149595920259295e-06,1.0328317909569409e-05,ygcN
b2767,2.9693401597048203,0.6122402882807217,1.0953435928245068,0.5589481622857434,0.5761970985521019,0.6132542620469905,ygcO
b2768,52.571617233719884,0.4887823301604269,0.2738796311350283,1.7846611233365037,0.07431630047298356,0.08935819576128752,ygcP
b2769,70.66535940841798,1.826310069581897,0.29605405429182746,6.168839923339338,6.879282750031071e-10,1.4496219562296204e-09,ygcQ
b2770,40.51390236481455,1.8636142745765765,0.33557150090563803,5.553553473841096,2.7991998117570777e-08,5.411540435377539e-08,ygcR
b2771,37.06955259099137,2.018257399302516,0.36561950427854856,5.5201032102622705,3.388006064232196e-08,6.521207999453488e-08,ygcS
b2774,3.5175130559132604,0.9749471863375727,1.0942139764220833,0.8910023152194646,0.37292792817381704,0.4090776824872022,ygcW
b2775,13.975339360461453,2.8250604109260524,0.6201111354544926,4.555732431502792,5.2203353982875614e-06,8.81131764695623e-06,yqcE
b2776,46.72306580627812,1.0118418701727085,0.28592845447008564,3.538793898802294,0.00040195955234483986,0.0005991960546637268,ygcE
b2777,425.8464744229873,-1.917091685354634,0.16353023046211293,-11.723163845224263,9.698111716272565e-32,4.650445291397803e-31,queE
b2778,8.324493808499087,2.9451856946192616,0.8349801011262734,3.5272525544580176,0.00041989603617785136,0.000624875710363388,ygcG
b2779,13455.77549665056,-3.986911541327466,0.13076335543108697,-30.48951694596573,3.588700142531154e-204,3.037972697581181e-202,eno
b2780,4434.756804549787,-1.8672197421836596,0.11733635975178425,-15.913394161312102,5.116293690252833e-57,4.586950066088181e-56,pyrG
b2781,943.8776589837016,0.8929939390193286,0.1446810443448399,6.1721557448183955,6.736509143996237e-10,1.4215778164847285e-09,mazG
b2782,132.35627958842178,2.000394701582666,0.21869090179591383,9.147132711764431,5.846467228621059e-20,1.8854321421531064e-19,mazF
b2783,81.87921857217448,1.7399202478887876,0.28802306305758124,6.040905993493115,1.5325125197691022e-09,3.1746447585993353e-09,mazE
b2784,1296.0399326914335,-0.9898349623765511,0.12328818176303208,-8.028628115216092,9.856864532436297e-16,2.706794614584191e-15,relA
b2785,603.4210300316416,-1.847443246379261,0.13865083852104446,-13.324428947458948,1.6690498943087551e-40,1.0247081777890013e-39,rlmD
b2786,385.3633484224368,0.26556772379050064,0.1533847332893417,1.731383026820142,0.08338347185063305,0.09944569035125621,barA
b2787,144.67907812482662,0.18485730890136276,0.20970366609981225,0.8815168200892424,0.378038154202347,0.41437349472079965,gudD
b2788,72.7712090979886,1.133316175936628,0.244295978578554,4.639111059178599,3.4991099012858163e-06,5.977136897733863e-06,gudX
b2789,73.8555825729682,0.7547848622275884,0.2714390680533937,2.7806788007359273,0.005424537858302805,0.00734958930509355,gudP
b2790,438.877335049396,-1.885001983826286,0.1790370793305117,-10.528556379913207,6.380547454311092e-26,2.555702447122605e-25,yqcA
b2791,132.23545418127736,0.19349994759113354,0.19007704211994386,1.0180079899866588,0.30867415899940764,0.34338732573045044,truC
b2792,21.57266961578171,0.22196783553548924,0.39342911288349236,0.5641876217767885,0.5726264510302661,0.6104871972475736,yqcC
b2793,178.63206999798342,0.30847143366090907,0.17815930156696405,1.7314360291481337,0.08337402524950561,0.09944569035125621,syd
b2794,411.60396820512915,-0.8018932499777846,0.13587702308099206,-5.901610381173871,3.5997046003202336e-09,7.312367166871098e-09,queF
b2795,3284.7588649774057,-4.110896228845641,0.15841497431151638,-25.950174512932957,1.8100707755018127e-148,7.81169760172449e-147,ppnN
b2796,1156.6894292056525,-0.539649958964019,0.13994761586525012,-3.8560854047247655,0.00011521724838650218,0.00017846105819753082,sdaC
b2797,660.8476720521016,-0.9096859630889476,0.16358315802602638,-5.561000130246996,2.682329971833562e-08,5.197014320427526e-08,sdaB
b2798,248.76921218925375,0.5369402152163354,0.17800699778887058,3.0163994780316785,0.002557960157635241,0.0035746478139397878,ygdG
b2799,522.3262363925932,0.16238084960682353,0.15598647831029916,1.0409931127735588,0.29787874468298603,0.33213329131066477,fucO
b2800,50.76099139454897,0.05850062384690739,0.26862879695574976,0.21777495380193357,0.8276044601804531,0.8466453250556251,fucA
b2801,90.14644126634066,1.299062844825314,0.24037125483515118,5.404401810508595,6.502503170106506e-08,1.2327312211373317e-07,fucP
b2802,335.0936135406603,0.7013172479834208,0.18541040842673115,3.7825128261909913,0.00015525309065713498,0.00023820986583224406,fucI
b2803,89.29414517103622,0.5807673605218007,0.2102113679504892,2.7627780846685135,0.0057311717742938645,0.0077507275423783694,fucK
b2804,64.64192518048169,-0.2654307078843448,0.2630023841364082,-1.0092330864448633,0.3128628623136569,0.347783414117353,fucU
b2805,435.72213873218874,-2.068748691871081,0.16941050358366688,-12.211454709768846,2.7001765862903635e-34,1.4033267217060425e-33,fucR
b2806,873.6127254325564,2.0634558160233216,0.1236247450852261,16.691284698712934,1.5167160769154012e-62,1.5071296096120984e-61,rlmM
b2807,162.42180384809458,1.9253628835364964,0.19690406393688217,9.778177479128484,1.3970343095817927e-22,4.983585924456282e-22,ygdD
b2808,407.6798507762326,1.7516399600316581,0.15615104223616694,11.217600183432857,3.3421706696793195e-29,1.4801041537151272e-28,gcvA
b2809,437.4326586809545,-4.85921477994237,0.20986103315414412,-23.154440378520626,1.3114741647511771e-118,3.498854104990716e-117,ygdI
b2810,2912.179157380798,2.10118918058955,0.10007598116279533,20.995938847419435,7.143757937563053e-98,1.3914523204049803e-96,csdA
b2811,928.8286473448096,1.469772109794353,0.11322233613024692,12.981291148272899,1.5622457990586256e-38,9.16437441512954e-38,csdE
b2812,375.5066513316315,1.2243114691347012,0.13453247909036511,9.100489914501125,8.992526520720318e-20,2.8831101051865144e-19,tcdA
b2813,1068.1659015925616,1.9291404612233483,0.13265808521542954,14.542200410103376,6.54543521401438e-48,4.80216763534855e-47,mltA
b2814,20.55527544305968,-1.756862925136036,0.45281757577638326,-3.879847026970602,0.00010452217948310083,0.00016229510902455373,metZ
b2815,0.0,,,,,,metW
b2816,8.440360817547656,6.311489531587246,2.0079366269719006,3.1432712799832654,0.0016707092455288688,0.002380855324965387,metV
b2817,925.9778444690365,2.179450234139469,0.12814597123839364,17.007559528227183,7.21825666961865e-65,7.675064217309492e-64,amiC
b2818,305.71815529682164,1.874336100485288,0.18200219906321502,10.298425569211243,7.162392433562253e-25,2.7803220011059118e-24,argA
b2819,927.9167096463785,-0.6770687859239651,0.1270154971799237,-5.33059981621663,9.788891215515964e-08,1.8297536785860412e-07,recD
b2820,1541.014085614516,-0.774119177211776,0.11671529664725519,-6.632542601089993,3.299530659888008e-11,7.486873177745882e-11,recB
b2821,1161.39270656985,0.24852705979813516,0.12674350137704024,1.9608662937187575,0.04989462217589817,0.06133094841815845,ptrA
b2822,1306.5988347207553,-0.1710118640821089,0.11348301087021524,-1.5069380233283243,0.1318265440076063,0.15392584793673286,recC
b2823,54.66188071245548,-0.6630469040825477,0.2838570500530175,-2.3358479345808285,0.019499168332486803,0.025010296911307375,ppdC
b2824,48.18062423982144,-0.3396545198363995,0.27493024120536524,-1.2354207319910182,0.2166739608852979,0.24595120572900497,ygdB
b2825,78.3426911546237,-0.77719673159092,0.24561490559987895,-3.164289763655545,0.0015546193292716418,0.0022226158777050235,ppdB
b2826,57.604509899524906,-0.5610062017834795,0.32830381469535386,-1.7088019592585586,0.08748763969601817,0.10411478506133331,ppdA
b2827,328.77917574195055,-1.4318212500689402,0.14318161867738277,-10.000035362745297,1.5234264967808562e-23,5.62594248223937e-23,thyA
b2828,221.61279576524626,-1.0792237089783678,0.18604923564847264,-5.800742503546144,6.602191758683329e-09,1.3258598595677016e-08,lgt
b2829,1812.1381258948652,-1.3166287558738836,0.1140887161193876,-11.5403941832083,8.254607697306201e-31,3.8533174001635096e-30,ptsP
b2830,1550.438181615434,-1.9592637163786706,0.12143653836160834,-16.13405440250991,1.4704238578903444e-58,1.3655708486146193e-57,rppH
b2831,322.5605044848865,0.640915704498526,0.1506884685496936,4.253249838338935,2.1069028460236986e-05,3.4286825612555715e-05,mutH
b2832,250.1561125431538,1.1454694170389366,0.2079315932493915,5.508876256553614,3.6113164791701393e-08,6.941928009304346e-08,ygdQ
b2833,437.2153251437144,-2.990587252188568,0.17917600750807605,-16.690779607050754,1.5296027649411307e-62,1.516511570106049e-61,ygdR
b2834,1042.5261028800908,-0.8729366455209155,0.13503319088984658,-6.464607995770566,1.0156174295687259e-10,2.2499989556927689e-10,tas
b2835,534.0323603736823,0.523984030220108,0.13659294803946598,3.836098698658386,0.00012500418795850722,0.00019287361913541845,lplT
b2836,498.16080931349876,-1.2057064151705887,0.1367106040936417,-8.819406681465065,1.1506779993142884e-18,3.549603751213383e-18,aas
b2837,817.1131742709284,-0.4813903754096635,0.13495443274341865,-3.5670586406369047,0.0003610107155016375,0.000540901691503815,galR
b2838,290.42212843947203,2.1015178282038907,0.18129162756372277,11.591918813047345,4.5287188218118835e-31,2.1367009918130663e-30,lysA
b2839,125.72888198359509,0.9756823831823086,0.1974733001606413,4.940831911902049,7.778994895793726e-07,1.3858007094813428e-06,lysR
b2840,239.86466216098358,0.7063453405955029,0.15073810004540672,4.685911129188513,2.7871719416661532e-06,4.807653168971162e-06,ygeA
b2841,418.02185049464384,2.0875825175582965,0.15092153796759833,13.832237238441634,1.6287490722374687e-43,1.0797821409622497e-42,araE
b2842,88.548332834894,1.2303713540657368,0.25580925564569834,4.809721802129901,1.5114050137966096e-06,2.6496236044335624e-06,kduD
b2843,66.58128563135783,2.9674493578466223,0.30959725279832406,9.584869797858511,9.257433310480602e-22,3.1986830009996558e-21,kduI
b2844,916.9570461413114,1.1430917250490031,0.14369622283136962,7.954918386340913,1.79249629454653e-15,4.858724561942011e-15,yqeF
b2845,133.62011130828316,-0.6093187667713653,0.17844644196009726,-3.4145750404349124,0.0006388159400381626,0.0009395482018202446,yqeG
b2846,7.752290791773831,0.7593718646484083,0.6401666931495552,1.1862095806833932,0.23553954363727359,0.2661306650644965,yqeH
b2847,19.174427888045543,-3.5184581521222094,0.5948341010107822,-5.915024283482417,3.3182662299091184e-09,6.759374337834307e-09,yqeI
b2848,2.6665480590123116,-1.9278796908245153,1.1744134032923343,-1.6415681951686891,0.10067952343792202,0.11932990365474763,yqeJ
b2849,0.8656815166941327,3.0174572863030993,2.514966328786548,1.199800272379392,0.23021691837663705,0.26051796264626126,yqeK
b2850,0.8021113915073615,2.930420852478536,2.7043952821586092,1.0835771204790434,0.2785523397758457,0.311610520887744,ygeF
b2851,2.0276881990314903,3.1546976549080696,1.7139848707954308,1.840563302897784,0.06568557962602359,0.0796112118705275,ygeG
b2852,2.3100583597134867,-0.05468099410232037,1.2002280776684404,-0.045558835957698565,0.9636618792286995,0.9682811212884581,ygeH
b2853,1.4863478679340305,-0.7346345124281819,1.4859796386063175,-0.49437723999851485,0.6210397847882275,0.6563786632983859,ygeI
b2854,0.26737046383578716,1.3477247736063036,3.613684600373589,0.37295030492339404,0.7091854306929826,0.7370033011797724,pbl
b2856,5.848185449074236,2.298316082802163,0.9195835576194787,2.4993009757066584,0.012443857490115654,0.01630778823205987,ygeL
b2858,3.1437480468627856,4.895228692606106,2.141684539717932,2.2856908203907693,0.022272352668126043,0.02839354081815547,ygeN
b2859,3.415868758699237,2.2936652986629738,1.1339725748635732,2.022681455888756,0.043106000000589326,0.05336125196923347,ygeO
b2860,0.0,,,,,,insD4
b2861,0.0,,,,,,insC4
b2863,252.5917215836058,4.292594186654715,0.24003050127294404,17.883536316801298,1.5845991043112998e-71,1.9058484309230443e-70,ygeQ
b2864,5.524573724772428,4.690431191883378,1.5373014778734861,3.051080909888634,0.0022801912058392254,0.0032017230265085394,glyU
b2865,441.0956604137992,0.6649336483609972,0.15598089228484044,4.262917326737341,2.017751854172529e-05,3.290901690280649e-05,actS
b2866,287.26508871782124,1.2681542368220453,0.1487354782047926,8.526239012563865,1.5118272462025955e-17,4.436709025189217e-17,xdhA
b2867,28.718995634164497,-0.8414515100870901,0.3761593942169029,-2.2369546607731086,0.025289303469624404,0.03200791083188229,xdhB
b2868,28.713548522170814,-0.7180150899634345,0.3400502926910846,-2.1114967562039664,0.03472963643857528,0.04334557970020085,xdhC
b2869,2022.758760726836,-2.6957289329115404,0.16198121183045047,-16.6422321604386,3.445319513206777e-62,3.408156516210389e-61,ygeV
b2870,44.475317764511175,0.4912171946370434,0.3015025506457288,1.6292306436048458,0.10326420217695138,0.12216313302417091,ygeW
b2871,36.6513513143306,0.7195922749847036,0.3317139796281658,2.169315492193996,0.03005873985531096,0.0377298468329281,ygeX
b2872,58.22328893825959,0.6536403167932652,0.25085597506175183,2.605639816362206,0.009170283781803608,0.012166241473025764,ygeY
b2873,23.393533928107207,1.2392545344023036,0.4037170965836431,3.069611232442696,0.00214337574441095,0.0030211783627592066,hyuA
b2874,169.38022788305986,0.7752231127176402,0.1657357827657566,4.677463730408208,2.9044492587816774e-06,5.000150816252226e-06,yqeA
b2875,499.20789115861936,0.5306037712943349,0.17186602153608824,3.0873104907645708,0.0020197650993798917,0.0028533395274294875,yqeB
b2876,275.48694222991435,-0.04364837742776427,0.22735515697507358,-0.19198323015188842,0.8477553414804975,0.8648479752484705,yqeC
b2877,284.1671088226822,-2.126209455683022,0.1933010120380718,-10.999473997912915,3.8436738249261843e-28,1.647502646282869e-27,mocA
b2878,173.7803539890126,-0.08763140965323686,0.20624925190828686,-0.42488110304615334,0.6709233508760534,0.7023554317613286,ygfK
b2879,44.03449803447137,0.2579047025148506,0.28097678067563764,0.9178861751305291,0.35867846015924876,0.39462698865808876,ssnA
b2880,18.59873007335932,-0.16626076930121875,0.4294171167562572,-0.3871777877815489,0.69862459303866,0.726860188739348,ygfM
b2881,305.45386299844984,1.7488238632285746,0.15729786488635394,11.117912277398561,1.0264583414360736e-28,4.464890927867189e-28,xdhD
b2882,30.921020028823005,1.3400326228160848,0.3856586099596594,3.4746602000050113,0.0005115008382811261,0.0007560868670629674,xanQ
b2883,66.49695325643287,0.6940831611220234,0.2705358922651341,2.565586234457198,0.010300161456654218,0.013599673285000561,guaD
b2886,56.27004861992248,2.3721348122739734,0.34907276980033364,6.795530953705763,1.0791434305745039e-11,2.5174294548961133e-11,ygfS
b2887,203.94256481373637,3.8180574403233614,0.22589462014535006,16.90194055027368,4.353406398542354e-64,4.5197393788640196e-63,ygfT
b2888,15.571985574594024,2.833137098994734,0.6065018581749906,4.67127521673199,2.993355507464412e-06,5.147168337444665e-06,uacT
b2889,259.41661679418803,-1.493540434752543,0.18045854552276785,-8.276363030777658,1.2699443298016653e-16,3.606641896636729e-16,idi
b2890,1825.5711412115033,-1.6683148682437863,0.11281641063951073,-14.787874022819748,1.7540719147414945e-49,1.3289887381569807e-48,lysS
b2891,1173.7281874873963,-1.277356640144187,0.11861598361748948,-10.768840768233915,4.830446597683929e-27,1.9965845937093574e-26,prfB
b2892,1801.8003742474675,1.0741574439317558,0.10958368889433769,9.802165402256858,1.1019751950725955e-22,3.95024007223906e-22,recJ
b2893,443.0928960861722,-0.47922511658672284,0.13269762100815727,-3.611406993929933,0.0003045403004429859,0.00045832013762393977,dsbC
b2894,824.6580145774141,0.5116515058456307,0.12156076280956214,4.209018551875881,2.5648233160466732e-05,4.160041354914317e-05,xerD
b2895,687.6931870633201,-0.6091702943688134,0.13877039761570345,-4.389771196417462,1.1346998754658625e-05,1.8778003202258373e-05,fldB
b2896,471.66278564394025,-0.5793827260519476,0.1452024376755341,-3.990172171534905,6.6025349912926e-05,0.00010380128225596437,ygfX
b2897,544.0004080375611,-1.7854217466144784,0.15342157809300475,-11.637357461752538,2.661339016285486e-31,1.2624153394061109e-30,sdhE
b2898,2135.8435099039443,-2.157539088309901,0.14190633639386638,-15.203965820959326,3.3284564140825706e-52,2.673698017297715e-51,ygfZ
b2899,5050.626739228085,-2.132332373297843,0.1029247638817003,-20.717389021642102,2.414274201519533e-95,4.5417243739696515e-94,trhA
b2900,147.5429491174983,-0.7732248297877009,0.18141970385621062,-4.2620774554926095,2.0253521405918103e-05,3.300851581964142e-05,yqfB
b2901,1050.2218802447453,-1.2628006779760732,0.1397171477569176,-9.038265511783253,1.5917735251293558e-19,5.051901267209391e-19,bglA
b2902,168.29579348399477,-1.6199086761313943,0.18455143500879548,-8.777545815637747,1.6708045198890451e-18,5.1075565948274835e-18,ygfF
b2903,7256.376827039564,-5.003967556597055,0.15876498038354275,-31.518081282840356,4.910960384857938e-218,4.9131926395783284e-216,gcvP
b2904,1382.0923434504823,-3.925230901634272,0.16448649018594777,-23.863545858367452,7.325925547042003e-126,2.1940676588331365e-124,gcvH
b2905,2642.981553032509,-3.1267333606380325,0.13465336936498776,-23.220609891779198,2.819575972991441e-119,7.614584928287315e-118,gcvT
b2906,721.1645509312865,-1.866133403158008,0.15031528422391072,-12.41479476151076,2.1724322632070894e-35,1.174821476982507e-34,ubiI
b2907,1305.3347857462504,-2.2981722610684012,0.1123186626686479,-20.461178992562044,4.776917929146079e-93,8.44497699763094e-92,ubiH
b2908,2453.957478784865,-2.92062229271197,0.12457209246209076,-23.445237492504678,1.478378582923837e-121,4.171681103865853e-120,pepP
b2909,977.279913102236,-2.3689962902753483,0.12246076298731154,-19.344941452968133,2.2485958136119635e-83,3.378265792327598e-82,ygfB
b2910,1008.2803029989095,-2.0076589909372924,0.13812781152303466,-14.534791862698036,7.29348803864326e-48,5.333211685399938e-47,zapA
b2911,13019.235510290038,2.0028720389140657,0.18290071611690092,10.950597031199871,6.601107927536283e-28,2.8102589068679614e-27,ssrS
b2912,893.661584345608,1.1703888022571094,0.14087386690125905,8.308061871244405,9.727780685548187e-17,2.769837682909646e-16,fau
b2913,578.7941638809895,-0.536456460569827,0.1274348345111064,-4.20965321317283,2.5576295394265242e-05,4.149902407871566e-05,serA
b2914,1184.1354689021198,-1.3767694522249943,0.14240838507269352,-9.667755529438882,4.133435994780206e-22,1.4463740261544091e-21,rpiA
b2915,29.39940672803677,1.5356525197797464,0.3768691552907751,4.074763079496137,4.60612161678032e-05,7.322552313855893e-05,yqfE
b2916,549.4044236416524,-1.0824474507346198,0.14214276475715243,-7.615213145628311,2.6325667737018816e-14,6.881567065223089e-14,argP
b2917,135.9517873154695,2.7897497800638615,0.22914748320781192,12.17447270644409,4.251326134023814e-34,2.1965185025789705e-33,scpA
b2918,51.00152372663316,2.2262028110127345,0.3267345967443171,6.813489704473589,9.525917901416228e-12,2.2269299310692635e-11,argK
b2919,22.04267566089571,0.9471878179579979,0.4215892799544247,2.246707549253606,0.024658723472979063,0.03126373868895559,scpB
b2920,75.07719626173022,1.8938801049334846,0.2653059686784197,7.138475302186199,9.437182217199348e-13,2.3195129045288402e-12,scpC
b2921,71.03162036916522,2.014393638286494,0.2714005319373592,7.42221698648486,1.1517591353763904e-13,2.947699833678413e-13,srsR
b2922,1111.95072269785,-0.9619420192886359,0.11886332616474465,-8.092841167471484,5.828885240806594e-16,1.6107189472712257e-15,yggE
b2923,128.60937517832633,3.0628366826721516,0.2536714139413003,12.074031658060191,1.4485944830430449e-33,7.363409831819265e-33,argO
b2924,1028.9023142623716,-0.9990824341813929,0.16669101103392947,-5.993619139894907,2.0522168814485565e-09,4.233298365574764e-09,mscS
b2925,7520.3577160965915,-4.675779410678849,0.13335449728847104,-35.06278007680724,2.490225767128459e-269,4.567489094541448e-267,fbaA
b2926,4775.9851665052365,-2.4848337660651802,0.12106047221003725,-20.525558183467584,1.272931340912816e-93,2.2686007136430022e-92,pgk
b2927,1136.7456284738018,-0.5124642005786727,0.11187957035952023,-4.580498467520843,4.638690159993479e-06,7.856681063598034e-06,epd
b2928,176.8144758988104,-0.055295388219262366,0.16504100549676676,-0.3350403013652606,0.7375946852406807,0.7641543432406394,yggC
b2929,171.11489468907644,-0.730914999344963,0.1863733620727386,-3.921778258524404,8.789786432346202e-05,0.0001372566153784604,fumE
b2930,46.26329031668636,3.043762425813031,0.37460310320892937,8.1252995496821,4.462589196034535e-16,1.2401715682414156e-15,yggF
b2933,48.2259391765773,3.6108020890125996,0.40601890234012433,8.893187160010127,5.938067473403471e-19,1.852542382560034e-18,cmtA
b2934,3.8923298835507407,1.2939119226519524,0.979360981229178,1.321179776866327,0.18644142770801453,0.21328356672834717,cmtB
b2935,2497.1219203883015,-1.667362202200683,0.13429612521459824,-12.415564481375204,2.1516391980871917e-35,1.165008087328391e-34,tktA
b2936,2317.4913861252912,-1.4330547579994581,0.13262107864254097,-10.805633408110255,3.237150569289799e-27,1.3468749344058313e-26,loiP
b2937,1590.6650263662016,-2.1755003510229463,0.11690676744797174,-18.60884873060178,2.7240802833925104e-77,3.611867893823443e-76,speB
b2938,3279.286297159217,-0.2817324023251116,0.12747185580305334,-2.21015376727859,0.027094492368047018,0.03418456732706878,speA
b2939,66.96849081473546,1.1000791183424,0.2643250527257225,4.161842046368187,3.156906919061448e-05,5.0922331468334535e-05,yqgB
b2940,5.581353946426812,2.6291990786410806,0.9998991839382417,2.6294641708633217,0.008551954308177371,0.011366456178924152,yqgC
b2942,3770.0114285982527,-2.988126466323275,0.21089448785279033,-14.168822033931313,1.4287706270847834e-45,9.920265458087093e-45,metK
b2943,423.51939135482075,3.0538762915566826,0.19174987582365044,15.926353424944525,4.159158278283965e-57,3.7465453161992455e-56,galP
b2944,54.033219932932575,2.957044094536609,0.3382876439794341,8.74121224101339,2.3062229391035786e-18,7.011045150506873e-18,yggI
b2945,93.64790999085535,3.728949424058229,0.31170282418871287,11.963155719758984,5.5415182690206706e-33,2.7688721248841084e-32,endA
b2946,258.2713044823222,-0.6613009687690684,0.16169570261650826,-4.089786914977376,4.3176966914486406e-05,6.886413346288737e-05,rsmE
b2947,840.5839365544651,-0.47290596448899813,0.12929251105656503,-3.6576439008296733,0.0002545443557061958,0.0003847885487014676,gshB
b2948,512.8833114552095,-1.230907625543432,0.14196767162152296,-8.670337489403613,4.308414593381967e-18,1.293699934520288e-17,yqgE
b2949,247.56936073528405,-0.36950213765824286,0.18445779213505256,-2.0031798786126003,0.045157984595026596,0.05579159365346817,yqgF
b2950,72.14801183860106,1.602896245372241,0.24807435443143225,6.461354092993444,1.0377018124951796e-10,2.2943060666015977e-10,yggR
b2951,207.81657344282362,-0.44271658979487294,0.17191167580354888,-2.5752560884857227,0.010016589328209499,0.013237173888555453,yggS
b2952,272.8854016488862,-0.15856403945595288,0.14511160711121615,-1.092704040789973,0.27452376505182907,0.30757282101251,yggT
b2953,17.04871127840593,-1.2450083206180205,0.46697731637347917,-2.666100208649723,0.00767368158584409,0.010233125216869338,yggU
b2954,151.54566762178118,0.3715633156993803,0.20061385375762375,1.8521318879018847,0.0640068864922677,0.07768357164018815,rdgB
b2955,314.82425238211175,-0.06782162125168564,0.15081272227053194,-0.4497075593531519,0.6529213199244279,0.6857932832992918,hemW
b2956,49.59527733494352,3.1577001469345025,0.36778774095904987,8.585659050789532,9.031715515726576e-18,2.6845112559235913e-17,yggM
b2957,857.5201865478051,0.849347656717878,0.27306624693517056,3.1104087973184185,0.0018682858088020888,0.0026512553611691796,ansB
b2958,748.6108603156999,2.110676314088126,0.14354181735975047,14.704260771606794,6.052828962292874e-49,4.5236932244504634e-48,yggN
b2959,505.27433872770547,-1.1922755851564286,0.1340588711482459,-8.893671675319258,5.912220939053774e-19,1.845786991043597e-18,yggL
b2960,581.5669057043679,0.751214639654675,0.13373289371560393,5.617276488851025,1.939908701595699e-08,3.7835525495898397e-08,trmB
b2961,412.83922123970143,0.07896455693830633,0.16018079209455938,0.4929714474859835,0.6220327621786703,0.657270335840256,mutY
b2962,87.7111634994538,-1.9542705683758803,0.2440713911655488,-8.00696287689997,1.1757596335738752e-15,3.210728230144044e-15,yggX
b2963,156.26912990464317,0.48707021996762345,0.20420728167896596,2.385175572403662,0.01707097200235128,0.022030612358355416,mltC
b2964,420.2205342955355,-1.208131250326547,0.1450290466114683,-8.3302709254038,8.065755922591155e-17,2.3025588567604583e-16,nupG
b2965,451.48883535884835,0.876713665076299,0.13241548451566437,6.620930084446327,3.56945779107601e-11,8.070237902576578e-11,speC
b2966,359.86688871521557,-1.8086994747080058,0.15626272756388,-11.57473380188255,5.53427701397075e-31,2.599987984578361e-30,yqgA
b2967,6.486195295252895,1.4706826312019727,0.8013239105686987,1.8353160461145241,0.06645887489489631,0.0804598369877155,pheV
b2968,37.77369893966146,1.623084914188817,0.34870175138090403,4.6546508807632625,3.2453011860649153e-06,5.563012391377631e-06,yghD
b2969,45.40690695610467,4.65318368207308,0.5396452906316656,8.62267078551994,6.54103038958102e-18,1.953433906033626e-17,yghE
b2970,40.61912175504109,6.707034520252735,1.0536716821180292,6.365393161910404,1.9479012355636885e-10,4.2385868704653273e-10,yghF
b2971,11.061225887463344,4.203432924076539,0.9676538461237068,4.3439427651891585,1.3994799105216731e-05,2.304717757619306e-05,yghG
b2972,48.12308124207164,2.6603134142690696,0.3417316012116019,7.784803643669437,6.982156079527889e-15,1.857126952391648e-14,pppA
b2975,199.20723211643494,2.3142994317125583,0.18866687064666443,12.266591499504868,1.3689581257651428e-34,7.191114164222146e-34,glcA
b2976,1446.8190011936701,-2.1966741217719092,0.14789675080232303,-14.85275443750591,6.676794645778471e-50,5.067456901847729e-49,glcB
b2977,149.98145700862713,-2.1723862534633143,0.20268805374347318,-10.71788007897465,8.390436962991546e-27,3.451841449634466e-26,glcG
b2979,782.4667305093716,-2.4757971598752575,0.12178995606514706,-20.328418203475835,7.208916407510441e-92,1.259271826423054e-90,glcD
b2980,2125.334449233367,2.851632717105368,0.12381613577934628,23.03118813356674,2.2707844931882803e-117,5.949996035127863e-116,glcC
b2981,46.64155540365849,2.143694191969792,0.3267743484530442,6.5601666780702965,5.374766734163719e-11,1.2034447184022732e-10,yghO
b2982,3.3662434850164846,4.971383719424713,2.1057778927099307,2.3608300460534455,0.01823408491399717,0.023442519109507533,insH9
b2983,36.32360803328799,3.146449872941701,0.4329302756939697,7.267798187359545,3.653941217342573e-13,9.15460969763347e-13,yghQ
b2984,22.40111453326206,4.819387035912807,0.8072398458381322,5.9702045937895765,2.369562534987557e-09,4.8673888376179315e-09,yghR
b2985,22.52074588877799,4.209940621707887,0.6763898926500735,6.224132955644085,4.842263257091168e-10,1.0327346345792307e-09,yghS
b2986,20.139647363222824,7.5633110749840515,1.9692940648093333,3.8406204589441697,0.00012272373324335027,0.00018948785469562535,yghT
b2987,79.0209419048713,3.0587393862590013,0.29118117797678417,10.504591703049138,8.227806831922232e-26,3.2896281266232216e-25,pitB
b2988,1019.4507783565228,-1.7817305589980248,0.12582023174830667,-14.160922565793985,1.598813170369271e-45,1.1083426103882725e-44,gss
b2989,1094.4952354475824,-2.476596815838903,0.13943274520915114,-17.761945460687674,1.3932074922971032e-70,1.6398126687411357e-69,yghU
b2990,57.398566453632064,0.9814624235366378,0.3017097974088897,3.2530015000027293,0.0011419289437526222,0.0016483867137865483,hybG
b2991,21.45240974136564,1.0137485042932433,0.39973047575761783,2.5360800984009635,0.011210109034544424,0.014752436463397476,hybF
b2992,137.45621741807142,1.7007594436425157,0.20076508127752107,8.471390706093587,2.4248043221029955e-17,7.045537046796956e-17,hybE
b2993,178.08942418334797,1.1087697835651045,0.18006337940697056,6.157663969302257,7.382579161460173e-10,1.5527048957834536e-09,hybD
b2994,475.4947231558421,0.5972131859410855,0.15059915275012836,3.9655813132758575,7.321728630709397e-05,0.00011486190104199133,hybC
b2995,124.1149992214633,-0.32416915961237575,0.214897083252981,-1.508485618814833,0.1314302846211656,0.15356304386408384,hybB
b2996,205.1653115768119,-0.853485610782402,0.16476518351184483,-5.180011896876537,2.2187174955001122e-07,4.062726462226079e-07,hybA
b2997,614.2785527929176,-0.7514828585450857,0.16048081173650555,-4.682696020873512,2.8312622186477653e-06,4.879881083197911e-06,hybO
b2998,7.646734171492675,1.2208218066207936,0.6836520027115418,1.7857357277952768,0.0741420576308271,0.0891974139630776,yghW
b3001,1472.1405465803164,-1.969464954787411,0.1503091115471987,-13.102764925657734,3.174777098298966e-39,1.9014107192805508e-38,gpr
b3002,364.0049521000454,1.263256241591678,0.1449859544457303,8.712955999227686,2.9605158779505184e-18,8.969160973667021e-18,yqhA
b3003,476.246565182719,-2.8060039880943277,0.1663949313086556,-16.863518413847043,8.346892249826027e-64,8.584817683115461e-63,yghA
b3005,557.0511344558839,-0.473011008337594,0.14174833908163864,-3.3369774305797524,0.0008469482548720006,0.0012349341563254543,exbD
b3006,757.953595805509,-0.8187231666767173,0.14830836356858768,-5.520411303696202,3.3820707662692834e-08,6.512631458056599e-08,exbB
b3008,391.27765528629084,-3.021435641611158,0.22070191383208979,-13.690119805258549,1.1631731689467858e-42,7.54092531620582e-42,metC
b3009,1464.2423688478284,-2.315555550516648,0.12119084162041266,-19.10668759747791,2.221286587167419e-81,3.195458678663719e-80,yghB
b3010,218.5224901172662,2.684272361053462,0.2142779442038176,12.527058587514853,5.3095583490607634e-36,2.917937060245378e-35,yqhC
b3011,368.4094952507941,-1.5951116251237023,0.16475571864265243,-9.681676838079447,3.6074984996981935e-22,1.267374971721584e-21,yqhD
b3012,1136.3311757178215,-5.75954817254268,0.20918314866897994,-27.53351887659377,6.971771884418696e-167,4.0919653113614797e-165,dkgA
b3013,31.19998503570478,0.3562541093131667,0.363582471846924,0.979844015866522,0.32716312126944413,0.36285514230992516,yqhG
b3014,18.818307224389226,1.3974179954930839,0.4422659137048037,3.159678266378469,0.0015794344465963474,0.002256627859109744,yqhH
b3017,1362.0327324616387,0.38009275104141943,0.11294187193030537,3.365383843433803,0.0007643724311293231,0.001119350446384325,ftsP
b3018,378.7460516842568,0.5516727627790238,0.15429203557631074,3.575510302384817,0.0003495454095727892,0.0005242585665892395,plsC
b3019,3373.9835955320173,1.5702699332649481,0.09950674473199193,15.78053766600706,4.235645918113382e-56,3.6848445319239345e-55,parC
b3020,2922.103053980632,4.099953751906124,0.11902242415947038,34.44690175704088,5.010583892638725e-260,7.605720791515748e-258,ygiS
b3021,1546.0980738370308,3.6413257398771726,0.14686285282139003,24.794055609866422,1.0391211941210773e-135,3.6888802391298246e-134,mqsA
b3022,645.7128051275898,2.8546329085107147,0.17075008597859165,16.718193095777554,9.660403204078061e-63,9.66479429644355e-62,mqsR
b3023,134.30575907630842,-2.4006405635592873,0.2286624950554866,-10.498619648914241,8.765244893600677e-26,3.49181973046427e-25,ygiV
b3024,4667.574138036332,-5.434570382643786,0.17325055144762738,-31.3682717730721,5.482389614697074e-216,5.362995351977004e-214,ygiW
b3025,120.64963913149052,0.8072854463207042,0.19813537759676778,4.074413444547187,4.613046587109626e-05,7.330913746013203e-05,qseB
b3026,206.7988192116829,0.9243042220126996,0.1638647068941306,5.640654656709406,1.694048292503113e-08,3.318736352291368e-08,qseC
b3027,27.529843661362793,3.4485938533874743,0.5116342191458124,6.740350282170333,1.5800524299050046e-11,3.658806310595387e-11,ygiZ
b3028,151.1412911274861,-1.226132621467885,0.1831836061709222,-6.693462625273485,2.179507164642052e-11,5.0152590375087884e-11,mdaB
b3029,1385.8793722663174,-2.016277475356393,0.12512602481530105,-16.113973718358167,2.0351467315622648e-58,1.8781375078274823e-57,ygiN
b3030,1442.1146386584307,0.4055726208459385,0.10866617240409063,3.732280358028614,0.00018975413455368418,0.0002894309425867352,parE
b3031,500.11516105285506,-0.7266118541354141,0.1511352511853779,-4.807692768142979,1.5268216921700095e-06,2.6745201308923127e-06,yqiA
b3032,2389.382331766846,-1.056028311187159,0.1406267431395741,-7.509441572852437,5.938011327106818e-14,1.5330865608166694e-13,cpdA
b3033,83.35979435276762,-0.11801982329290577,0.22184430253315499,-0.531993934238034,0.5947301966546343,0.6309959811216438,yqiB
b3034,219.07403644322645,-0.16506384403405414,0.15428289387030913,-1.069877806238244,0.2846743141477962,0.3182972646376934,nudF
b3035,2306.524230383324,-2.6578189866291946,0.10499126135378584,-25.314668595829353,2.2023946773240734e-141,8.5043345347198e-140,tolC
b3037,2547.459562765663,-2.2954813771246307,0.10731299227595084,-21.390526239561908,1.637015546472531e-101,3.3991237903641894e-100,ygiB
b3038,1813.2594695401094,-2.7591227026308984,0.11379708181104481,-24.245988198645584,7.288908544813142e-130,2.4307405616869285e-128,ygiC
b3039,168.47758868730676,0.3558845240222675,0.18949026757924983,1.878115053446886,0.06036542744559677,0.07352756270490232,ygiD
b3040,1019.5419915792298,-1.2086538180802613,0.11447176778850583,-10.558531954475702,4.638592913258229e-26,1.8647567127089244e-25,zupT
b3041,2093.7053888646246,-1.5682510378127248,0.162132366754778,-9.672658638140241,3.940068930236374e-22,1.3820066478805194e-21,ribB
b3042,308.1423663688444,-2.472967587238448,0.17016410611696928,-14.532839173136502,7.504441477785445e-48,5.478366730549176e-47,ubiK
b3043,7.209887573403699,4.145696788673757,1.1487815319757417,3.6087773639116087,0.00030764348165256437,0.0004628320595470227,ygiL
b3044,0.0,,,,,,insC5
b3045,0.0,,,,,,insD5
b3046,51.01788165356942,3.5471196626546657,0.4079124574040066,8.695786554862456,3.444353874710754e-18,1.0413492964613145e-17,yqiG
b3047,2.9177508183581744,4.783615155643129,2.1263477123357943,2.2496862238905995,0.02446887063146937,0.0310319701871876,yqiH
b3048,15.776620140353058,2.528128338566434,0.5899699933442046,4.285181224617732,1.8259028661206308e-05,2.985744582712859e-05,yqiI
b3049,1237.5928986379097,-3.1579885559918717,0.44880479382244487,-7.036441231154113,1.972117728277062e-12,4.796277480594269e-12,glgS
b3050,120.1764332011053,0.7478433409528242,0.23964406783680875,3.12064199086324,0.001804572760617592,0.0025641476088568886,yqiJ
b3051,136.80461424256393,0.7248606053712031,0.193727127490943,3.7416577366279866,0.00018281037843640517,0.00027932359801355626,yqiK
b3052,771.7775491332008,-0.7175248454165982,0.11901191245775522,-6.029017016857811,1.649599202378701e-09,3.4139801076027463e-09,hldE
b3053,1216.5594066570534,-1.5670206428524975,0.10689413599776425,-14.659556655991612,1.17034624419271e-48,8.717198252007293e-48,glnE
b3054,537.9074496929777,-0.7969084671772727,0.1316251453874599,-6.054378628273828,1.4096070737870819e-09,2.9241707534452094e-09,ygiF
b3055,682.9683796860672,1.5007404034111296,0.16095510914773836,9.323968722444354,1.120680977417701e-20,3.731647248557277e-20,ygiM
b3056,1929.4959096459397,-0.457164337760207,0.10230389658386514,-4.468689395280655,7.870031158684386e-06,1.313262970452186e-05,cca
b3057,485.6223952768332,1.974901930555044,0.1527229443127372,12.931271980397092,2.998171957830944e-38,1.7411547438485244e-37,bacA
b3058,110.76329714948189,2.013245641635343,0.2189915133441315,9.193258729034184,3.811169351750869e-20,1.2427235175116539e-19,folB
b3059,258.9299751484656,-0.2987114759919197,0.15809381288017782,-1.8894570922792444,0.0588306070050282,0.07171762172144397,plsY
b3060,65.14801969049172,0.9915841301897055,0.25091743476853784,3.951834319940364,7.755442911570201e-05,0.00012157927242425934,ttdR
b3061,38.071527423146144,4.9930037632434905,0.6448818934114205,7.742508844263772,9.747399046549903e-15,2.5786088102711946e-14,ttdA
b3062,16.64260915535059,2.7953169622526435,0.5885243392583499,4.749704941303299,2.0371365656661054e-06,3.5402586506364766e-06,ttdB
b3063,44.01005063336194,1.993649166707878,0.3339555494639918,5.9698039751330425,2.3753880875319234e-09,4.877079459568809e-09,ttdT
b3064,805.0759959737707,0.7749361971904574,0.14606807436742703,5.305308504589057,1.1248259654370472e-07,2.091881664492557e-07,tsaD
b3065,2209.9998654874307,-0.19463254871306254,0.12936650861098528,-1.5045049201902565,0.13245140744011302,0.15461445122020087,rpsU
b3066,1761.1690630686946,0.6299434123619764,0.12080340874976234,5.214616200664253,1.8419820777717595e-07,3.3883849169875826e-07,dnaG
b3067,8516.28326191675,0.5973263982883131,0.12270155106882062,4.868124266442939,1.1266248150797946e-06,1.990928316331295e-06,rpoD
b3068,732.9599718114815,-0.31454670916957317,0.14940578809660043,-2.1053180949468873,0.03526362803060673,0.043987104162859406,mug
b3069,4.307234624166352,3.3500007973102814,1.243001761864419,2.695089339443498,0.00703697604705941,0.009435506719206677,ileX
b3070,164.85735530151297,1.5160097008416438,0.1848878437593982,8.199618049602474,2.411520051054223e-16,6.787411294591234e-16,nfeF
b3071,279.28225502474277,1.4214139665399343,0.16549632601495823,8.588794692707928,8.78864019442877e-18,2.6157940592207872e-17,nfeR
b3072,1110.113385948557,3.7484185616419476,0.17302720778116426,21.663752248621794,4.509641206939003e-104,9.73109832987524e-103,aer
b3073,1690.9600603001556,-3.6776024806930123,0.13188824920925565,-27.88423155771883,4.144289659619902e-171,2.5694595889643395e-169,patA
b3074,94.58352432620855,-0.9481417229334618,0.2141873789827729,-4.426692774506199,9.568886738925257e-06,1.588319736981485e-05,ygjH
b3075,378.3999508992509,-1.2056368885149562,0.16772599589858614,-7.188133729990982,6.568291357242021e-13,1.626187770223812e-12,ebgR
b3076,220.67470871941757,-0.24735539322544828,0.17866984374346676,-1.3844272096672332,0.16622768214122374,0.19190512897604695,ebgA
b3077,16.954640370281783,-0.8212644149768916,0.4302096461848694,-1.908986519153916,0.05626383073706638,0.06872180435753779,ebgC
b3078,54.443826682834434,1.276537683180532,0.27470695544635615,4.646907032646322,3.369489246796538e-06,5.7669096673399535e-06,ygjI
b3079,13.55492769358292,3.7201915639880134,0.7906884508112755,4.705003039023727,2.5386217265331123e-06,4.3875197645067765e-06,ygjJ
b3080,128.68271103360146,2.789033456875435,0.25658151357912934,10.869970396426481,1.6025283761587236e-27,6.731230831918609e-27,ygjK
b3081,1739.478183777859,-0.3205881468958029,0.15097603573384946,-2.123437308030507,0.03371722368195098,0.042129781052497366,fadH
b3082,186.11848008344407,3.1102561030302693,0.21517461391381815,14.454568066640011,2.3459684477445593e-47,1.6901723579331506e-46,higA
b3083,47.30890751914947,3.750138754676004,0.4296157478993927,8.729053283107794,2.5681322044091347e-18,7.801875751420987e-18,higB
b3084,314.9228324432916,1.3529544832643101,0.1650318667744864,8.198140817937317,2.441332737168035e-16,6.86693080448159e-16,rlmG
b3085,74.42224442861196,-2.0456795725615344,0.26398840628178805,-7.749126567239939,9.252676011666186e-15,2.4506786885291545e-14,ygjP
b3086,21.349092678426814,2.67516795483311,0.4980739623792589,5.37102550403167,7.829013458481058e-08,1.4772103405158004e-07,ygjQ
b3087,1841.1977464677466,-2.562820007196983,0.15299911430596694,-16.750554529824708,5.610090171255804e-63,5.664132324281662e-62,ygjR
b3088,419.344183734355,2.083606776720936,0.47492389969888144,4.387243467936687,1.1479626570696926e-05,1.898321418640416e-05,alx
b3089,1040.9548948840704,0.30066180485660243,0.12610313878667462,2.3842531419081023,0.01711382559827589,0.02207944322497376,sstT
b3090,51.28526117378373,0.9487905831646998,0.2664784940059462,3.560477128572816,0.00037018155464699877,0.0005538882405017296,ygjV
b3091,385.69481864643586,0.34569924874673635,0.16618400837229944,2.0802197042465824,0.0375053857274383,0.04666441717698796,uxaA
b3092,533.8029926239057,0.540334503704785,0.170315603552746,3.1725484479021664,0.0015110734498542412,0.0021624659708252177,uxaC
b3093,1118.0009312810978,2.0302292822528454,0.12672168884625526,16.021166548024905,9.092826490118746e-58,8.321543078898694e-57,exuT
b3094,2162.6442826592843,0.018236049695138964,0.12756424710506495,0.14295580547831183,0.8863250847291217,0.8994013423184863,exuR
b3095,730.7845989212695,-0.13168342208050116,0.14185281156269322,-0.9283102719631496,0.3532466472801571,0.3888451466184675,yqjA
b3096,158.29383736698873,0.05893964045119145,0.20687487980217012,0.2849047719450236,0.7757170999524551,0.7993227233124315,mzrA
b3097,1546.9246768500504,-4.229757765801495,0.17482122838656455,-24.19476058393011,2.5259788306375052e-129,8.236562083308368e-128,yqjC
b3098,707.1722158439688,-3.2383079337721115,0.2029753563042864,-15.954192630742165,2.663963866964186e-57,2.4129154202420465e-56,yqjD
b3099,1487.920894484867,-3.3149417197797373,0.1801203446270744,-18.404038292526447,1.2192999262432949e-75,1.5648274855169049e-74,yqjE
b3100,1561.8376855589274,-3.300090596413896,0.15697562958435443,-21.02294862681546,4.045069278668603e-98,7.949283466383568e-97,yqjK
b3101,76.8917697507823,0.03327880682075841,0.22585625204663617,0.1473450768760955,0.8828596545285577,0.896711628803579,yqjF
b3102,657.3937305691305,-3.587180081072881,0.17379865488595597,-20.639861012887206,1.2040827679160447e-94,2.199324624218435e-93,yqjG
b3103,428.61048062749114,-1.6536039857412816,0.18005316627143989,-9.183976155400591,4.1546063265944467e-20,1.3497104833703876e-19,yhaH
b3104,19.459480783680558,2.8837083770310152,0.5373232488750302,5.366803656957906,8.014421846929146e-08,1.5102519250934119e-07,yhaI
b3105,455.2700306612434,1.275860437499598,0.15671076162223319,8.141498543509003,3.9041523801745253e-16,1.0884153753976098e-15,yhaJ
b3106,50.15309904031856,-0.7603790183705282,0.271860714949546,-2.796943348404146,0.00515885780648408,0.006998241005899205,yhaK
b3107,214.08208823868188,-1.832676435399777,0.18585572618621782,-9.860747758524965,6.158899342211336e-23,2.2295620809551234e-22,yhaL
b3110,525.9295213415711,4.662136284257768,0.22394830450727063,20.817912841605857,2.978804277447242e-96,5.701172360575112e-95,cyuP
b3113,27.980634282471982,1.0627975735329935,0.38960272559673065,2.7279007658510896,0.006373877941964326,0.008588249372674307,tdcF
b3114,252.47043383833753,0.6189673613007018,0.31493129191647956,1.9654044459477,0.0493674453283482,0.060753562855853725,tdcE
b3115,155.3753874992377,-2.0189229082495737,0.3194163639520185,-6.320662107821279,2.6044495082866975e-10,5.63657164969422e-10,tdcD
b3116,509.02998453455547,-2.751151885766044,0.4745541716150931,-5.797340009472049,6.737500506779168e-09,1.3517993268387374e-08,tdcC
b3117,502.90280057613745,-3.5431867379805686,0.3007519334135667,-11.78109379968075,4.8854945179328833e-32,2.3763477202144256e-31,tdcB
b3118,604.2927864441725,-4.73884352633034,0.5552952288120797,-8.533917239786039,1.4147406063972015e-17,4.168465963427363e-17,tdcA
b3119,0.9259517819117425,0.44843408601453216,2.067535163738061,0.21689308790462003,0.8282916644466636,0.8471199475710426,tdcR
b3120,2.173208760428944,-0.23009821955185822,1.2694578082406522,-0.18125708318794184,0.8561657906475125,0.8718116609831945,yhaB
b3121,2.5343813316815074,2.5435170397828353,1.4579693283489072,1.7445614186296141,0.08106124157640658,0.09691243493192335,yhaC
b3123,468387.1403010462,2.0539173655125307,0.16097308547983097,12.759383715545884,2.7637898122871644e-37,1.5518115757255227e-36,rnpB
b3124,154.8874538457725,-0.20323350777584348,0.17969738791724915,-1.1309764161370712,0.2580650178944257,0.29031490129600357,garK
b3125,115.33400451680366,-0.6026496353242206,0.20322484111465533,-2.9654329265004464,0.0030225724758731285,0.004190665838990083,garR
b3126,31.095406146993714,-0.7784868327291219,0.34245861540564876,-2.273228932514924,0.02301238762903017,0.02925224670603258,garL
b3127,31.139720541793967,0.26582051515319916,0.35819510943472077,0.7421109561565457,0.4580201122447559,0.49538194941066727,garP
b3128,263.86887364250185,-0.29184415059884544,0.15573066420447484,-1.8740313739088224,0.0609261009542743,0.07414893458687184,garD
b3129,263.0146732930045,0.32277717770678044,0.1831557409500812,1.7623099119494858,0.07801695010394481,0.09352685576186413,prlF
b3130,806.4306313490052,2.0076583983349456,0.15086824064183163,13.307362701346944,2.0975593914025607e-40,1.2824245056880656e-39,yhaV
b3131,697.1736374236112,-0.05673546902177925,0.11586839496745811,-0.48965439659118026,0.624378477061113,0.6594323550918952,agaR
b3132,72.37054845731605,0.5444609753932731,0.2362860495802659,2.3042451145992047,0.02120888801299223,0.02708486365917952,kbaZ
b3133,32.106280491028286,-2.535184292620583,0.3852600345284386,-6.580449736302571,4.690273746494877e-11,1.0539349174104365e-10,agaV
b3134,18.559793300592272,-0.7299185513214685,0.4560912108860028,-1.6003784635611125,0.10951464982813455,0.12907188448285095,agaW
b3135,81.29724138367048,-0.9061615646697438,0.25779843269662894,-3.5150002860416656,0.00043975351461043096,0.0006531022170428869,agaA
b3136,14.91992741348274,2.580232740790459,0.589287563472154,4.378563032261217,1.1946439055846623e-05,1.974032459603485e-05,agaS
b3137,11.172997475210193,1.5339043638568575,0.5728112737044889,2.6778529583343933,0.00740957386384504,0.009901925971052175,kbaY
b3138,2.1156394268508127,4.314412487290902,2.1861998461625958,1.9734757985935854,0.04844137921842541,0.05964725911035207,agaB
b3139,18.591499345305557,5.567054517218805,1.0790575120051777,5.1591823932291865,2.4803059273032087e-07,4.534180519928872e-07,agaC
b3140,17.818954258426402,2.3855551149087777,0.5254032728906224,4.540426826395882,5.614046065246819e-06,9.461344096177832e-06,agaD
b3141,11.133634573950308,3.4210197142874095,0.7946633258893091,4.3049925708587855,1.66991339488999e-05,2.7388072892346255e-05,agaI
b3142,24.55312582392744,3.5585885717214127,0.5472867394317591,6.502237886151327,7.913382809823414e-11,1.7566672278791056e-10,yraH
b3143,2.157012662181989,4.335469647514979,2.180549838283208,1.9882460705087044,0.0467844819968002,0.05770391979543695,yraI
b3144,73.21736064992982,2.302825370885224,0.2705855316191523,8.510526623893693,1.7314514279675597e-17,5.0609888352677275e-17,yraJ
b3145,82.66723000279099,0.9728306461830553,0.23521059718394993,4.135998368399357,3.53414700741029e-05,5.677852235992736e-05,yraK
b3146,195.5884338573034,0.17945911991681054,0.16121450374417895,1.113169818775008,0.26563550230388755,0.29814571166285386,rsmI
b3147,1136.1211593532842,-0.7500948469679347,0.11042631641642013,-6.7927181790553455,1.1004021398988687e-11,2.5629472062618094e-11,lpoA
b3148,43.97679180924314,-2.3297287453904247,0.3508512761830428,-6.640217389931855,3.13220844877626e-11,7.129256252075024e-11,yraN
b3149,399.13084340599215,-0.37160403422684013,0.1437068780924784,-2.5858472409908253,0.009713997162045327,0.012852724829372868,diaA
b3150,582.8360764861458,0.2140240776961104,0.14151702735023974,1.5123556628024932,0.13044340768868967,0.15247261833393838,dolP
b3151,683.4278047849001,2.619047022367318,0.13937186285278708,18.791791748767203,8.815224032786794e-79,1.22027094944426e-77,yraQ
b3152,320.48099894808524,-0.6300388670424746,0.157392393988529,-4.00298166306812,6.254915186232945e-05,9.847688358296647e-05,yraR
b3153,289.5474176830394,-3.861129531500051,0.19382990298353267,-19.920195346886615,2.719279770161779e-88,4.305852355486386e-87,yhbO
b3154,219.5539514013557,0.8133009977239828,0.16667222851077135,4.879643147457061,1.0627796201907925e-06,1.8796126508958893e-06,yhbP
b3155,119.88611636893516,1.9157276464192359,0.2139151840916547,8.955547753909876,3.3805301805639425e-19,1.065217885099676e-18,yhbQ
b3156,1356.6806042054056,-0.9013797814822525,0.1621931271668274,-5.557447453091634,2.7374835697759483e-08,5.299209619240864e-08,yhbS
b3157,1377.6815591868597,-1.621016608297623,0.18446779154013765,-8.787531930444953,1.528814365387549e-18,4.689784555007659e-18,ubiT
b3158,61.661332009470605,-1.154394930145192,0.27020679573955325,-4.272264607504132,1.934977695851547e-05,3.1594109114015243e-05,ubiU
b3159,66.78138271847025,-0.15823992576879367,0.29426775336381283,-0.5377413051886676,0.5907556586991979,0.6273839347632977,ubiV
b3160,215.10387621022224,-1.8141245963469628,0.18354143882493268,-9.884005530093557,4.8840695328880395e-23,1.773900501961481e-22,yhbW
b3161,4522.368878120479,-3.767931568981917,0.2485760263522047,-15.158065016467742,6.701473040037118e-52,5.3152944724762866e-51,mtr
b3162,8696.258800658294,0.323742670243325,0.1202364830098005,2.6925494004755333,0.007090802996544559,0.009499000240654032,deaD
b3163,7013.066425186422,-1.9357322137819348,0.10705150510733465,-18.082251266258076,4.3975553223898605e-73,5.407273332167645e-72,nlpI
b3164,10643.45658882033,-0.43276393861499785,0.0970289571304602,-4.4601524267969355,8.190138257130568e-06,1.3651264145357351e-05,pnp
b3165,3359.8409759579204,-0.5066057791263507,0.10958333771310168,-4.623018331972028,3.78196285461177e-06,6.445296355401088e-06,rpsO
b3166,1345.933796366298,0.6734383127972075,0.12664053044374993,5.317715508909128,1.0507819213999594e-07,1.959975431357043e-07,truB
b3167,831.4834156099905,0.020811670850578144,0.1385632467742605,0.15019618358455009,0.8806098367995566,0.8947163000075022,rbfA
b3168,12394.764739002914,0.40300140155374825,0.10224556564934953,3.9415049346573996,8.097196888358631e-05,0.00012671120050677104,infB
b3169,4145.563767712039,0.42319390257503003,0.10383846785384082,4.075502184515107,4.591515122773986e-05,7.301968775451981e-05,nusA
b3170,718.781618340175,-0.397471594100645,0.13545894264746777,-2.9342587970368683,0.0033434530505322877,0.004617941017204183,rimP
b3171,59.642008476474025,0.6231989242946265,0.31491752890232616,1.9789273924091917,0.04782418166267715,0.0589037626410478,metY
b3172,569.7314030314811,-0.5703485717652328,0.13387031620367,-4.260455849656065,2.040103808656827e-05,3.323662829647428e-05,argG
b3173,91.59894808563821,2.1746502868685575,0.24333466865920278,8.936869944801076,4.003491057515385e-19,1.2579134643242486e-18,yhbX
b3174,5.480515002412974,1.6441670700072426,0.8395779737982925,1.9583256365920956,0.05019181443776092,0.061664629404137195,leuU
b3175,1665.5954084686089,0.8759006967427635,0.1899837538520932,4.610397883940501,4.018990195128526e-06,6.836010370539325e-06,secG
b3176,1989.9545130682252,0.18820076051040113,0.10464658422593655,1.7984415057835759,0.07210707035148407,0.08698693441689034,glmM
b3177,228.22693482756665,0.47690915149627006,0.16484938184733675,2.8929993315833284,0.003815821091812837,0.005244222430896069,folP
b3178,22057.485641488875,0.8426335099535532,0.13169940964478327,6.398157077744583,1.5726346351522942e-10,3.437307678222641e-10,ftsH
b3179,4103.0948513498,-0.2588500345830486,0.1306203890564341,-1.981697011109141,0.047513161945579606,0.05855345433495001,rlmE
b3180,395.6984308513076,-1.899449675360306,0.14933438829299908,-12.719439220077843,4.611578604371316e-37,2.566393048854935e-36,yhbY
b3181,451.7466006816371,-0.38305754741658227,0.13108006048755358,-2.9223174447112394,0.00347437228913652,0.004794415930024753,greA
b3182,262.5274915782399,-0.5395509486838038,0.16055047623278318,-3.3606312565619887,0.0007776457087536351,0.0011380307213874673,dacB
b3183,4166.666733617045,1.3101929827987355,0.1236930253793004,10.592294745650161,3.2356107844312406e-26,1.307911723881205e-25,obgE
b3184,2002.2393335919749,1.8366336459328068,0.15006477139038046,12.238939418732489,1.925319856016734e-34,1.006562708573119e-33,yhbE
b3185,1547.1377360081076,0.7611573065244228,0.15717144183111367,4.842847387900873,1.2799159407040468e-06,2.2500758670044783e-06,rpmA
b3186,1321.4103096300712,0.08949629595369814,0.12672145053162823,0.7062442512947789,0.4800362557391812,0.5175409252421934,rplU
b3187,1742.0684787892599,-0.6355229878937034,0.1106981245229841,-5.7410456647957995,9.409371108643607e-09,1.8691359034408464e-08,ispB
b3188,62.823959311635754,0.5716726701159357,0.25245097158398155,2.264489879080383,0.023544001545155114,0.02990210467448725,sfsB
b3189,1237.7477714974368,0.32159900643559275,0.10505781169290268,3.0611622425152683,0.0022047958893459544,0.0031047701551186473,murA
b3190,115.5473267286091,-0.28946733334793684,0.19754545065005688,-1.4653201700945042,0.1428335860105713,0.16627504306949173,ibaG
b3191,291.4711728153278,-0.5659178013486957,0.1492341516070646,-3.7921467388963648,0.00014935061695339028,0.00022931336443279525,mlaB
b3192,1035.8040702414712,-0.6412663972275634,0.12742270443780035,-5.032591327086366,4.838939551372647e-07,8.712070308851693e-07,mlaC
b3193,444.80133577173086,0.27345068345711115,0.15769504947687563,1.7340473550960134,0.0829096812165604,0.09896260786907272,mlaD
b3194,951.0069181938729,1.258558801045405,0.14371004166336385,8.757626025838462,1.9940547177746066e-18,6.0830414883186545e-18,mlaE
b3195,1283.7830612547075,1.3028211517932529,0.10614980995844102,12.273419540772833,1.258248318554952e-34,6.633304309316047e-34,mlaF
b3196,507.1357031608584,0.7468543386829788,0.12619193621619146,5.918399868304353,3.250888245383165e-09,6.628258479007269e-09,yrbG
b3197,764.8988188096467,0.36964117243409816,0.1189755266117318,3.1068672941486186,0.0018908125807323766,0.002682358034284216,kdsD
b3198,638.9083501701518,-0.11391417708786893,0.14341508879229573,-0.7942970160751203,0.4270225407561281,0.4641365986193768,kdsC
b3199,335.6243308532507,-2.0397273649486247,0.14974687053053823,-13.621168560799129,2.997330200564518e-42,1.9261675245087603e-41,lptC
b3200,546.0232244404915,-0.5768826980850497,0.1268812238956209,-4.54663566738309,5.451023781144222e-06,9.190121288623847e-06,lptA
b3201,746.5194905904536,-0.6788638700303851,0.1257301923418107,-5.39937032932251,6.687520032952408e-08,1.2672605761970083e-07,lptB
b3202,2366.7591999548663,-1.7782118623225667,0.10942989929605013,-16.249780670197065,2.2416493816271804e-59,2.1175408965499673e-58,rpoN
b3203,299.8314017688412,-2.6882377300689138,0.1758756802118209,-15.28487467301481,9.644834425953993e-53,7.862326137601755e-52,hpf
b3204,901.8892817703141,-2.555308941579692,0.1384035014420762,-18.46274779868286,4.1184631574384116e-76,5.347927675234186e-75,ptsN
b3205,805.8303128037263,-2.794282787417746,0.13176773849158951,-21.206122374150784,8.384656797824548e-100,1.7087620011122064e-98,rapZ
b3206,39.20915517003838,-3.3264343212142453,0.3830518893950819,-8.684030579949292,3.819860280209088e-18,1.1501385057100141e-17,npr
b3207,5480.680973438149,-0.9711569457447691,0.12721599834238295,-7.633921506719969,2.2771859020009438e-14,5.963219714817462e-14,yrbL
b3208,119.60296802519163,-0.9428679533374276,0.2205689496052572,-4.274708452956946,1.9138756994950382e-05,3.127275734661157e-05,mtgA
b3209,453.17372737065836,-2.0329691447618368,0.1797517994510462,-11.30986811242186,1.1726565828125282e-29,5.272762285537027e-29,elbB
b3210,1764.7295534992584,-1.6956922974129072,0.1406869585059935,-12.052945883684506,1.871399284792349e-33,9.490667801446913e-33,arcB
b3211,86.57805395611236,-0.053607380878302385,0.2339003286178464,-0.22918899342757137,0.8187220268990216,0.8389232687172936,yhcC
b3212,1014.7860276989722,-0.4190212168263489,0.13974265226650312,-2.998520566413995,0.002712938452613267,0.0037852155525843426,gltB
b3213,433.2393043784662,-1.3534427200443964,0.13083502900895902,-10.344651048701326,4.425254705256644e-25,1.7284801430824975e-24,gltD
b3214,24.428390746643974,2.6982694249129686,0.4704814325422607,5.735124147902686,9.744094528809948e-09,1.931269883647969e-08,gltF
b3215,3.5450165730239576,4.024422249948992,1.6024093903854268,2.5114819434383113,0.012022543625009563,0.015793266797162666,yhcA
b3216,68.1272340688371,2.570460266657626,0.28900795504460114,8.894081362780964,5.890452841262754e-19,1.8402961963973483e-18,yhcD
b3218,4.0370666877904,5.2386173793726725,2.0714961271002417,2.528905224991121,0.01144189192476439,0.01504642921444194,insH10
b3219,88.31141594543091,2.997863894886,0.31025325274351484,9.662634858382365,4.3454109407755405e-22,1.518134838197931e-21,yhcF
b3220,128.03660628391324,3.069735221362879,0.26211651205047953,11.711338585078135,1.1150515910172215e-31,5.3179383571590565e-31,yhcG
b3221,106.46365276523728,-2.1894573340959793,0.22822626642362018,-9.593362623879747,8.526003712094248e-22,2.950587133698025e-21,nanQ
b3222,193.574860090087,-1.4311087406966707,0.17806108188750464,-8.03717873398532,9.193052787581424e-16,2.5276588613949675e-15,nanK
b3223,177.1535157779551,-1.2613670439132267,0.17361790687911413,-7.26518978708507,3.7251487935481025e-13,9.322401926775866e-13,nanE
b3224,418.52723607576087,-0.904776447631509,0.14647724011253793,-6.176908077571455,6.536910622854623e-10,1.3821076158408284e-09,nanT
b3225,378.07827473320475,0.48816684439849506,0.1645143832815032,2.967320149528719,0.0030040797649088613,0.004169268070849385,nanA
b3226,629.9289197827069,-2.1432176748781737,0.1588096498043289,-13.49551288299455,1.6619456689611701e-41,1.0451264049667243e-40,nanR
b3227,83.02069060956804,3.2903180210822183,0.304566155558296,10.803294985454906,3.3206872529889276e-27,1.380327222630525e-26,dcuD
b3228,861.9170478432405,-0.07188835110649552,0.1307211679091538,-0.5499365730610299,0.5823628780934076,0.6190681935202078,sspB
b3229,1960.2235371442214,-0.5559131534267768,0.11688688376894758,-4.755992593024041,1.9747370987186965e-06,3.437245040948874e-06,sspA
b3230,6388.763939897549,0.5158664399406278,0.14279359115590834,3.6126722198434105,0.00030305769590663307,0.0004562448623054031,rpsI
b3231,4159.101213936488,-1.1414739310466373,0.14128184618619594,-8.079409788730281,6.508098458686309e-16,1.7961535683471557e-15,rplM
b3232,335.7326061974049,-0.29320659297248974,0.16104078906107597,-1.820697692069112,0.06865282321304099,0.08300184778462137,zapE
b3233,2230.9573070408874,-1.77822577109631,0.11221813691292151,-15.846153037420049,1.4945430029795944e-56,1.3210799797422037e-55,yhcB
b3234,650.7524488563462,-0.5698336018929487,0.1268933842042725,-4.490648629684528,7.100660548300748e-06,1.1880314607989316e-05,degQ
b3235,379.3197515688544,0.09285801379714871,0.14252024082404044,0.6515426388578299,0.5146962619981892,0.5530126788664946,degS
b3236,8906.713584961122,-2.0045078648232555,0.1211306345981768,-16.548314730396257,1.6464738126822175e-61,1.607046058409561e-60,mdh
b3237,663.3558981676096,-1.474117188673183,0.2005273123109359,-7.35120404140973,1.964292949276786e-13,4.986630659006005e-13,argR
b3238,584.6334674958229,3.5537344868824556,0.25373842932360546,14.00550360603911,1.4425351816390311e-44,9.754285513940116e-44,yhcN
b3239,119.86491377119387,-3.9262191803087965,0.3374604008384739,-11.634607114059849,2.7485276804567998e-31,1.3023701667783458e-30,yhcO
b3240,241.75929622269095,2.4745202567412816,0.19178897059629513,12.902307411357901,4.368188060741149e-38,2.526775800707298e-37,aaeB
b3241,61.39942506976741,1.7463102287618628,0.30108058076372984,5.800142355020443,6.625864652551211e-09,1.3300071226872064e-08,aaeA
b3242,10.16579296888303,1.5246725458190251,0.6867002697235033,2.2202882582715855,0.02639920646290526,0.03335513973872243,aaeX
b3243,532.0377734167436,0.6435960061350625,0.1380515262075492,4.6619984857499395,3.131534953737538e-06,5.376371632742841e-06,aaeR
b3244,1771.5741262329811,-1.6311090824483097,0.112543556763946,-14.493136074146584,1.33887652591915e-47,9.693642215618582e-47,tldD
b3247,777.7288608518388,-0.13434156613790565,0.12888190495377155,-1.0423617356221762,0.2972439998887828,0.33150952305812564,rng
b3248,177.8108498339211,-0.5107617287938071,0.1805357798454164,-2.8291440579321527,0.004667268504004598,0.006370640606086276,yhdE
b3249,126.88228446559587,0.31118680708362445,0.1914102987505077,1.6257579091354877,0.10400116559904668,0.12300191589656193,mreD
b3250,1179.8351951529578,1.3639813482175183,0.13914271003788906,9.80275105929805,1.09560285057778e-22,3.9305980018283517e-22,mreC
b3251,3209.531866711994,1.1158682429196576,0.11259982168494002,9.91003561303954,3.765119431952928e-23,1.3720244817431115e-22,mreB
b3252,1955.2860180359396,2.820648951441956,0.12500108395332854,22.564995936316024,9.568238314607948e-113,2.3270378486687396e-111,csrD
b3253,536.6492636111003,-2.7207572065530274,0.1349491933403914,-20.161344719492163,2.1398681778276563e-90,3.6229614303066704e-89,yhdH
b3255,757.9235191345446,-2.8535850915789878,0.12869071445154043,-22.173978159500617,6.1250507732810525e-109,1.3970193525379894e-107,accB
b3256,1813.9525031746268,-1.4352602422704377,0.12657359518156588,-11.339333770298627,8.377983032707696e-30,3.774808731830018e-29,accC
b3257,17.19974436369361,0.7888788895197127,0.44451825937190453,1.7746827557418743,0.07595028420665126,0.0911983499939113,yhdT
b3258,194.4107956023182,0.48004185606992444,0.18856252795785897,2.545796671633544,0.010902867418643141,0.014365579993799385,panF
b3259,306.48998121884597,-0.7614624897960107,0.1491146668806284,-5.106556623337318,3.280823302258926e-07,5.953084986209313e-07,prmA
b3260,1723.3191337116514,0.7320162784440513,0.1582996068995449,4.624245712174007,3.7596398905434835e-06,6.412218054309343e-06,dusB
b3261,274.7363018345153,-0.49252847702894237,0.16041197361548018,-3.0703972149209444,0.0021377425290151795,0.003014203271212306,fis
b3262,22.569188283353338,1.988763203823836,0.5498704675587192,3.6167848996390433,0.000298284977762135,0.0004492132987030168,yhdJ
b3263,8.936654391391722,-0.25177596611641284,0.5937614229195305,-0.42403557455522795,0.6715398692015069,0.7026032748791546,yhdU
b3264,6.895043160416332,5.019890610096543,1.5003627334569807,3.345784654708285,0.0008205009184538379,0.0011983560195865277,envR
b3265,22.468923996937217,6.748337360118386,1.4361131373202085,4.699029056102644,2.614012658315312e-06,4.516045416759813e-06,acrE
b3266,300.3199570218954,1.7337085555877065,0.15009255616845887,11.550929638654765,7.302621891941507e-31,3.416168073148407e-30,acrF
b3267,319.7946151724979,-5.600390143101918,0.5707898206781022,-9.811650348719631,1.0031431048404668e-22,3.6047640387818243e-22,yhdV
b3268,81.68549218398863,-1.4881702176661455,0.24354143214872076,-6.110542278315014,9.929316826926837e-10,2.0774169520975256e-09,yhdW
b3269,30.55643786044367,2.370790152089045,0.4246340785619047,5.583136803617194,2.3621878647817315e-08,4.592911210587095e-08,yhdX
b3270,34.69977285015443,1.08815636756931,0.3378079163129668,3.221228144816987,0.0012764249443025,0.0018368168044523064,yhdY
b3271,28.973799168165495,1.0798088299360238,0.3751237304505986,2.8785404448792336,0.003995200480570968,0.005483901626277956,yhdZ
b3272,0.0,,,,,,rrfF
b3273,0.0,,,,,,thrV
b3274,0.0,,,,,,rrfD
b3275,0.0,,,,,,rrlD
b3276,0.0,,,,,,alaU
b3277,0.0,,,,,,ileU
b3278,0.1360822751023412,0.5268438808493364,4.426109897033248,0.11903090820281519,0.9052508686458667,0.9129242437065532,rrsD
b3279,284.51674285863925,-0.884573251708036,0.14572511224842788,-6.070149736443788,1.2779104299792095e-09,2.661003648424068e-09,yrdA
b3280,142.53592041715652,-1.1339185048662714,0.21218144171467493,-5.344098407961035,9.086819427180274e-08,1.7043109978034754e-07,yrdB
b3281,459.21410828197554,-1.4299035561527258,0.1325337009231565,-10.788980811618538,3.8806923907167855e-27,1.6085506500880688e-26,aroE
b3282,373.6182521580228,-1.3792709704691106,0.13757830618944497,-10.0253521697662,1.1793839893654184e-23,4.3737559571917203e-23,tsaC
b3283,604.8261078795726,-1.7251916514874346,0.14019927440953253,-12.305282311576173,8.483926608945736e-35,4.499547582238449e-34,yrdD
b3284,1551.762197229379,-1.8021836081275358,0.13509892832227366,-13.33973282029663,1.3594588788285611e-40,8.369703474969687e-40,smg
b3287,2235.868998837332,-1.9622519922325439,0.13548658161810936,-14.482998750115826,1.551766983441894e-47,1.1216548868819733e-46,def
b3288,2704.180003273196,-1.8138728537677342,0.11407090357446817,-15.90127540791851,6.208772952881113e-57,5.555085068817614e-56,fmt
b3289,1063.0582489805072,-2.859865032290744,0.13173880747449954,-21.708599668661215,1.7016344598366574e-104,3.689948222759097e-103,rsmB
b3290,614.9819862920248,-2.326541125381114,0.14300493406594664,-16.2689570159043,1.6392617751379786e-59,1.5518344804639532e-58,trkA
b3291,296.0795070651389,-1.477253890012689,0.18251888509257957,-8.09370432688857,5.787708054324268e-16,1.6003449029607681e-15,mscL
b3292,216.68142717564206,-0.8616977238724582,0.15374347227278432,-5.604776002089787,2.0852446109035666e-08,4.065211150220328e-08,zntR
b3293,219.20630047452372,-1.212363683769327,0.1529106363025989,-7.928576540418996,2.2167201783565797e-15,5.986504432592432e-15,yhdN
b3294,5706.925942566129,0.06651954174673157,0.1302926214948933,0.5105395914483059,0.609673484819623,0.6451400673499953,rplQ
b3295,20220.681028021154,0.24004046138142443,0.11882512118031746,2.0201154351625896,0.04337141517041287,0.0536747173404997,rpoA
b3296,8996.203514109331,-0.5533839768305329,0.11702095522738885,-4.728930606960324,2.257055039112165e-06,3.910096923326151e-06,rpsD
b3297,3006.6156447134454,-0.9874930130595047,0.1270828711972905,-7.770465081218268,7.819846881089593e-15,2.0774270350365955e-14,rpsK
b3298,4094.099116892941,-1.3340682259153982,0.1183668784084664,-11.270621003552431,1.8327267730144063e-29,8.165651067620867e-29,rpsM
b3299,1507.7608831196549,-0.7309846513416959,0.1346923851872155,-5.427067390080477,5.728750291463313e-08,1.09027059157032e-07,rpmJ
b3300,28513.131408194266,-0.01768333289118124,0.14491835613587523,-0.1220227261935084,0.9028810198609988,0.9129242437065532,secY
b3301,10988.855919800808,0.5500944952345468,0.14050776699965425,3.9150468830374363,9.038664273624095e-05,0.00014089305995925377,rplO
b3302,53.79331699203999,0.4747757070228487,0.29545367742766304,1.60693788331367,0.1080679950477034,0.12746926961414531,rpmD
b3303,8115.39950074604,0.1983251977955433,0.13248234203233808,1.496993446471028,0.13439496330705167,0.1567169876761964,rpsE
b3304,2361.7942359732997,-0.5323826487605674,0.11972281185117191,-4.446793727350601,8.716145946231314e-06,1.4500557239346275e-05,rplR
b3305,7948.734515237115,-0.05612796813281221,0.13273393323468038,-0.42286073172845023,0.6723968744853961,0.7030620051032574,rplF
b3306,3975.121923441582,-0.7562810645192148,0.11651142334423426,-6.491046481208751,8.524217238088663e-11,1.891310699700922e-10,rpsH
b3307,4259.41180259141,-0.5556528516420012,0.11257751645006861,-4.93573556393429,7.984923734825302e-07,1.4213357978447627e-06,rpsN
b3308,9591.783979316986,-0.5680626624996306,0.11553882442060366,-4.916638760592494,8.804279844119587e-07,1.564652397005023e-06,rplE
b3309,2459.4419087462684,-1.0173116411952199,0.11187802644970402,-9.09304242734889,9.630565084533689e-20,3.0854255823957276e-19,rplX
b3310,8589.66331158412,-0.7880216383472178,0.11226087571205348,-7.019557199682594,2.225724849133646e-12,5.395176644210524e-12,rplN
b3311,1896.1994547138545,0.4553624857336461,0.16039332734763187,2.8390363443655398,0.004525000266859527,0.006186040737489329,rpsQ
b3312,92.55434152973798,0.2647053159242262,0.21607172916613923,1.2250807495537384,0.2205447974989515,0.25015155851336884,rpmC
b3313,4253.588073424465,0.3443277530565379,0.12669147841753675,2.7178446203124875,0.006570868745436366,0.008829354156718828,rplP
b3314,11506.837713530922,0.3414657415775764,0.12605596782357942,2.7088423299043796,0.0067518417795573256,0.009061465705369313,rpsC
b3315,2508.3207790296256,0.1569678345552358,0.12192259796536277,1.287438400876506,0.1979415269644903,0.22550170851389395,rplV
b3316,976.4694663293291,0.025040733874212004,0.14124443197928432,0.17728652041932963,0.859283338231881,0.8743793931800138,rpsS
b3317,9581.235673359975,0.27854070265599684,0.11659979636976206,2.388860969985631,0.01690069664372942,0.021823662841213523,rplB
b3318,1384.7069557850964,0.453165523346986,0.1212184449208656,3.738420531981116,0.00018518000749720583,0.000282846076683796,rplW
b3319,4482.643628534947,-0.032237237623703854,0.11529752085002991,-0.27960044054750804,0.7797840690687459,0.8029495841030689,rplD
b3320,8763.140405612407,0.4003550819601246,0.11613033309570459,3.4474634773516626,0.0005658769102176431,0.000833943809433567,rplC
b3321,5598.838544642906,0.023126395484718155,0.12396295493918512,0.1865589239629187,0.8520064751571791,0.8685809410935393,rpsJ
b3322,25.32063570451233,0.20922004531021027,0.3549432235178648,0.5894465127031223,0.5555617825781525,0.5938763882731974,gspB
b3323,72.20146564515692,5.34985840554658,0.5283944405497412,10.124743931788137,4.29100426994814e-24,1.6103154984067955e-23,gspA
b3324,15.084208166714555,3.5689971304618755,0.7153470474512416,4.989182723515945,6.063527299915002e-07,1.0850263078953594e-06,gspC
b3325,124.22177719321559,3.399800438119152,0.26625102871295,12.7691541871357,2.4378916710807345e-37,1.3723272552554212e-36,gspD
b3326,27.030187656253762,3.705159119050441,0.5397457507840812,6.864637866380622,6.66601357014993e-12,1.570866795278372e-11,gspE
b3327,15.591537274572731,1.4243012193993347,0.4876226994012608,2.920908360394619,0.0034901247034958955,0.004814643981444353,gspF
b3328,3.877510216841388,2.5492173603518666,1.1470044111496487,2.222500049321321,0.026249530703254434,0.0331755481354367,gspG
b3329,7.445487648160572,2.7353917187995935,0.8439769897989112,3.241073811089728,0.0011908034651192348,0.001716410233613252,gspH
b3330,1.2903328385734907,2.4175377715384028,1.8834317473227233,1.2835813004505765,0.19928849609503907,0.22697747989918807,gspI
b3331,6.53296365680938,4.936638563640557,1.5002928331362468,3.2904500072301843,0.0010002727416614772,0.001450329581289138,gspJ
b3332,12.719459627875045,3.091980756056504,0.7110631715488542,4.348391085030434,1.371398948117735e-05,2.2593181772508492e-05,gspK
b3333,16.71416813207288,1.5555852602373101,0.4722174447730444,3.294213878491826,0.0009869736871682387,0.00143199016839637,gspL
b3334,6.434691228172053,1.420465649752196,0.7393780628590798,1.921162827389601,0.05471118292446785,0.06693680579030224,gspM
b3335,56.23648994220426,1.8676987794272033,0.3084127296761241,6.055842057455101,1.3968500823329613e-09,2.9004405954857054e-09,gspO
b3336,2275.805353902891,-3.4292067249953733,0.18883901975501854,-18.15941816179778,1.0816496190635326e-73,1.3452166934053847e-72,bfr
b3337,90.83394633556293,-1.685420108975427,0.2347045577293261,-7.181028460977498,6.918894590851962e-13,1.7101052211639717e-12,bfd
b3338,475.85530526489725,0.6771247243348772,0.14255864143403124,4.749797820205909,2.0362011914823538e-06,3.5400306654444396e-06,chiA
b3339,177.8884597953264,-2.929330322315598,0.2256589080565329,-12.98123059951053,1.5634814143031086e-38,9.16437441512954e-38,tufA
b3340,31967.157622555173,-1.6459845010993888,0.11061170317789736,-14.880744566894007,4.395800776922793e-50,3.3478053667844528e-49,fusA
b3341,4520.136820417459,-0.19841453600873896,0.1559362196228814,-1.272408273642825,0.20322809594143665,0.2313447319198873,rpsG
b3342,4466.613984058812,-1.0414291102528188,0.11734545691328445,-8.874899273027763,6.9996734098015205e-19,2.1775662438124587e-18,rpsL
b3343,79.41096839287785,0.5306782098499296,0.29832500673126844,1.7788592906258285,0.07526283373397198,0.09042221454610935,tusB
b3344,46.30082234216308,0.5138796003883697,0.2959021265746826,1.7366539616898353,0.08244826856663566,0.09849044185354958,tusC
b3345,111.71097289032737,0.26108599558862655,0.1969270120857101,1.325800827542095,0.18490567883943754,0.211746825767743,tusD
b3346,371.25229828291435,-0.6698051786654255,0.1411775885474673,-4.744415778430874,2.0910895638036713e-06,3.6282917855198112e-06,yheO
b3347,1673.6228659866813,-0.8242015265800791,0.11314152300563911,-7.284695350432925,3.2239800322451187e-13,8.105060023953748e-13,fkpA
b3348,214.03721106174555,0.8651761175143617,0.16693527375032038,5.182704038982063,2.1869191548981678e-07,4.011174216609056e-07,slyX
b3349,2849.6274978864544,-1.41096527133626,0.10182621104663747,-13.856601918439477,1.1603891667114094e-43,7.716062102513027e-43,slyD
b3350,498.22747368759696,1.441286147346594,0.21342550131193444,6.753111219076235,1.4470792438502419e-11,3.357956157843313e-11,kefB
b3351,227.3428109930178,0.9209852058813414,0.16622936797941565,5.5404482196875575,3.016984399944337e-08,5.8248970739276186e-08,kefG
b3352,709.4773287636489,0.6240780196404644,0.13906172012944934,4.487777219061612,7.197013001922988e-06,1.2032377984984806e-05,yheS
b3353,196.00121359006684,0.1268980494167821,0.16844391744387816,0.7533548930851822,0.45123668067437694,0.4887657156320392,yheT
b3354,11.640817724255884,-1.758799550925566,0.5751575807573023,-3.057943787526504,0.002228613771183868,0.0031353013169547416,yheU
b3355,313.59787545182263,-0.6223377970855464,0.1414146386468847,-4.400801805529744,1.0785160269370626e-05,1.786165368915331e-05,prkB
b3356,684.4996817455489,-1.3682770656181351,0.17470102046081368,-7.832106887578522,4.797613782682257e-15,1.2838356152806866e-14,yhfA
b3357,5927.56451575995,-1.5198878252103174,0.11595854398058034,-13.107165483768528,2.995874788175115e-39,1.7967085582488905e-38,crp
b3358,754.208803323031,-1.0868741770426886,0.14316609726564888,-7.5917008132586155,3.157333729118374e-14,8.23863845618203e-14,yhfK
b3359,215.58932624855325,1.476671287991875,0.17313914405101302,8.52881245362282,1.478576693458761e-17,4.347825387178e-17,argD
b3360,107.85565602950857,-0.4489767227598911,0.20758166414005474,-2.162892009850002,0.03054948647024471,0.03830214737739026,pabA
b3361,582.294549140759,-3.3372726311185756,0.15224384609391742,-21.9205748983762,1.653559903484567e-106,3.639485347569533e-105,fic
b3362,7.3079289874902935,-0.7957608613618773,0.6603345423885403,-1.2050874371700706,0.22816954907709064,0.25833393905281715,yhfG
b3363,332.64823213418623,-0.8439146816356778,0.14974052050833497,-5.635847122547588,1.7419986760139472e-08,3.4096390270401936e-08,ppiA
b3364,257.78804566117833,4.340374372891961,0.23228863088141666,18.685263916802374,6.525534921354752e-78,8.757745342623053e-77,tsgA
b3365,1135.7870804533904,-3.909618729262299,1.080549327512178,-3.618177004712667,0.0002966854671331389,0.000446957366981546,nirB
b3366,80.61822479522469,-2.945969511937695,1.277112661505786,-2.3067420758825112,0.02106920310981175,0.026937738045132536,nirD
b3367,40.29723348203177,0.040430268907851,0.894471280099194,0.04520018675542877,0.9639477453947124,0.9683473243330726,nirC
b3368,461.5858833556111,0.056837392199107724,0.14354607031554717,0.3959522686630578,0.6921402406204494,0.7209657688620962,cysG
b3369,13.049347463573504,2.0558129274723314,0.6252587544400903,3.2879394536639164,0.0010092354171917857,0.0014623615228697303,yhfL
b3370,20.980191976372165,1.885568229478814,0.47811984086334985,3.9437146680087745,8.022910859184918e-05,0.00012563804198552833,frlA
b3371,50.98117612453973,0.25941621604492443,0.26571514315061484,0.9762944368506691,0.3289185759984068,0.3646183761130664,frlB
b3374,80.73631784349836,1.1835999318264516,0.2410486483525976,4.910211859371735,9.097804747207649e-07,1.6161637004523032e-06,frlD
b3375,212.84764597307483,0.3521257897852373,0.17378896828503387,2.026168825674312,0.04274748706926583,0.05299195665415606,frlR
b3376,121.96422598467962,1.414959065996332,0.2033078494952038,6.959687338730677,3.410287474614699e-12,8.176517136848533e-12,yhfS
b3377,63.209303483322316,1.8650529528521809,0.28982651100509466,6.435066779723944,1.2341905615726394e-10,2.715095878082338e-10,yhfT
b3378,3.699024649993905,-0.15034850347153986,0.9776974551024354,-0.15377814751066068,0.8777846646276046,0.8921745771624834,yhfU
b3379,16.75640073799819,1.2300473078167917,0.45664739715217917,2.6936479119071266,0.007067477895609076,0.0094712156748897,php
b3380,23.807525315827217,1.763213636057934,0.43021781739127585,4.098420764508507,4.159785876511427e-05,6.644186294776234e-05,yhfW
b3381,24.41467602381981,0.8809519374253136,0.4124456528586878,2.1359224695893344,0.03268573378420813,0.04089897672486759,yhfX
b3382,39.93911282426595,-1.0475504350679523,0.3263064392925044,-3.210327192252916,0.001325839614445012,0.0019041911852485946,yhfY
b3383,206.27568306644707,-0.8676434991705814,0.20081310911090364,-4.320651689583698,1.5556907033823566e-05,2.557188378001917e-05,yhfZ
b3384,906.5714856991876,-1.725218726222074,0.13543495348941423,-12.738356545136034,3.6193887627993282e-37,2.021897123584092e-36,trpS
b3385,301.74439469518103,-1.348232081309141,0.15252100220562465,-8.83964871599448,9.602002233069672e-19,2.9745259556631034e-18,gph
b3386,274.93550484198937,-1.6828945172551637,0.14862048820281668,-11.323435534396726,1.0045634900863585e-29,4.5215628664214214e-29,rpe
b3387,239.89992895333043,-0.3777971640230103,0.16940018354279218,-2.230205163429324,0.025733825635398798,0.0325611671305046,dam
b3388,2832.9680804481736,-0.8724647379855065,0.10748848232531039,-8.11682069661213,4.785550047925433e-16,1.328246614815117e-15,damX
b3389,2243.5587072814924,-0.6390768689509725,0.10165558746882636,-6.286687085911057,3.243121320686616e-10,6.984452081048181e-10,aroB
b3390,1225.5438741466712,-1.2840476869720772,0.11686493670252512,-10.987450326872358,4.391569697004518e-28,1.878687055997462e-27,aroK
b3391,79.77684862755167,1.7902365940584273,0.24112883884938244,7.4243985190700155,1.1329356701967486e-13,2.9012116464258797e-13,hofQ
b3392,3.0236863343592955,0.7466963183412301,1.192437502737977,0.6261932525828209,0.5311881923968066,0.569481349958778,hofP
b3393,16.50500766697107,2.0078043332967677,0.5429644118490503,3.6978562305018214,0.00021742796973878956,0.00033095363858580624,hofO
b3394,22.080727970721526,1.5544558872076806,0.4193473748768167,3.7068453991498145,0.00020985696109288875,0.0003196506376231475,hofN
b3395,110.85724149839274,0.6098108903113076,0.24590405479315053,2.479873261237063,0.013142908900261445,0.017188082287270017,hofM
b3396,881.2333126467302,1.6083783144443848,0.13532543699410618,11.885262299315055,1.4119114696045708e-32,6.983409313707103e-32,mrcA
b3397,947.6135775433562,1.9091734372690263,0.145568476587568,13.115294478750322,2.6913479336008725e-39,1.6162774357040983e-38,nudE
b3398,2376.0830747061495,1.781145543492488,0.1083029139168043,16.445961415781678,8.965036957740675e-61,8.654406291222468e-60,igaA
b3399,261.60444837259,-0.44605145073488,0.14793093219232784,-3.0152683020678865,0.0025675202281137764,0.003586868944511851,yrfG
b3400,155.64584839697008,-1.4190402699889892,0.1920029550830625,-7.390720988513419,1.4603476886825725e-13,3.72720989920752e-13,hslR
b3401,709.967275688378,-0.7406314939149418,0.13852533982258444,-5.346541613711263,8.965067663369914e-08,1.6836274681806467e-07,hslO
b3402,369.6117548510935,0.5333590375691009,0.1393855420459502,3.8265018720038584,0.00012997716153569046,0.00020026582606934176,yhgE
b3403,6065.166021981339,-1.7972328327131568,0.13498945999215597,-13.313875267132643,1.922457450956376e-40,1.1770038524492304e-39,pck
b3404,593.1634370192222,-0.5204320864322153,0.12704853648589864,-4.096324922955558,4.1976067084509896e-05,6.702163485890917e-05,envZ
b3405,902.2622559632813,-0.5755979702262508,0.13362738794362022,-4.307485008006785,1.651212836129232e-05,2.7091460695642485e-05,ompR
b3406,174.3345455522912,0.31727778662830014,0.17178082707123898,1.8469918444199966,0.0647483222962045,0.07854012530942193,greB
b3407,530.6889757447208,-0.34686369301194264,0.1260592691756454,-2.75159213027515,0.005930633508019759,0.008015550722229961,yhgF
b3408,429.4404914111122,-2.763956928496433,0.2122052474043232,-13.02492262705528,8.82905342085312e-39,5.223856607338096e-38,feoA
b3409,3073.701564034042,-2.933677087576458,0.16317759861831818,-17.97843032632499,2.8751759188422267e-72,3.496277457111459e-71,feoB
b3410,101.1778363890137,-1.984704706044391,0.22168819252802113,-8.95268567717483,3.4693666140218845e-19,1.092428600495303e-18,feoC
b3411,52.689123499532535,0.2324216426384886,0.27494434071467105,0.8453407043561911,0.3979206407276219,0.4342207884191848,rpnA
b3412,426.9516719165709,1.026398683670036,0.14750720862327835,6.958295077573982,3.4441525220418033e-12,8.244241110401314e-12,bioH
b3413,265.7165411575429,-1.057917048584236,0.15261078044966858,-6.932125276255563,4.145645711790293e-12,9.875071657630343e-12,yhgH
b3414,1128.6091367257702,-0.45828334387341163,0.12952856550185116,-3.538087078304454,0.00040303711865578905,0.0006003957347962042,nfuA
b3415,250.40960975847645,1.3260112463560747,0.15246974465549873,8.696881137645775,3.41130438471803e-18,1.0320661100707057e-17,gntT
b3416,853.3937367958656,-0.5402112240475544,0.12162477370551951,-4.44162161695384,8.92834610925987e-06,1.4836760880695338e-05,malQ
b3417,437.6822712225101,-2.1809206793002796,0.15980090247552942,-13.647736937119287,2.0824570870139577e-42,1.3402011837771115e-41,malP
b3418,5059.05132132187,-2.1429393026298156,0.14245289759310006,-15.043142953475538,3.8292921145839525e-51,2.994057529022835e-50,malT
b3421,214.59925971668204,0.14749093120757045,0.1730036106080981,0.8525309424996854,0.39391947271277916,0.4300678370242197,rtcB
b3422,137.85387450454797,1.2307560387509016,0.2077154878868073,5.925201106917896,3.119154292342394e-09,6.368514468873479e-09,rtcR
b3423,352.02783922828826,1.9007101243166387,0.14969618576628513,12.697117929805799,6.134758627872103e-37,3.405448610326986e-36,glpR
b3424,402.17058864791875,2.0929811517076407,0.15752460690408424,13.286693379797125,2.7653089064583374e-40,1.6836638736140525e-39,glpG
b3425,163.52614011157166,2.04700644585042,0.2175332933456562,9.410083460639592,4.9574311164632405e-21,1.668395395617063e-20,glpE
b3426,2384.2758151787025,-0.8600388095877883,0.5460210485157633,-1.5751019341206947,0.11523291769570636,0.13555726982803298,glpD
b3427,33.360437704083154,-0.38508831002591526,0.3257310999732106,-1.1822276413200534,0.23711538768444984,0.26784242663252456,yzgL
b3428,3702.5872296918947,-3.769997643699124,0.11250175362031652,-33.51056781232524,3.3814837559095463e-246,4.6516535917230694e-244,glgP
b3429,2348.3657040434755,-3.318128523262757,0.1074510284579857,-30.88037937729162,2.1911157845972473e-209,1.9290583367594166e-207,glgA
b3430,1756.5902444701896,-3.3100495012211866,0.14580387442840093,-22.70206820084629,4.2740931109362355e-114,1.0569976333899612e-112,glgC
b3431,2088.2138737968676,-2.5372881177999944,0.11218849059359486,-22.616296060095625,2.996018151001996e-113,7.367861397045133e-112,glgX
b3432,2372.384097835169,-3.307748994429199,0.11780942011946458,-28.07711803584958,1.8643858217659006e-173,1.1894241141178977e-171,glgB
b3433,2339.343847589584,-2.6387173379862032,0.11706835166404896,-22.539971738549205,1.6842613580544896e-112,4.029412227258621e-111,asd
b3434,229.2703032058629,1.5521992370937236,0.17887350504238772,8.677636392968866,4.040784837441831e-18,1.2158260324278156e-17,yhgN
b3437,38.394737696678774,0.48062716712233505,0.33067497987866945,1.453473036571094,0.1460924607809868,0.16968311671712505,gntK
b3438,716.843174351658,-1.7175893166062797,0.12635945941421664,-13.592882753446116,4.4134847043877887e-42,2.811600530928371e-41,gntR
b3439,440.5574619858571,-1.9670959280487796,0.15063405400897845,-13.058773070872356,5.663316096537091e-39,3.378037595793533e-38,yhhW
b3440,526.393919005825,-1.9658412716887859,0.16055142297673825,-12.244309239000703,1.8020480179888456e-34,9.432360731494527e-34,yhhX
b3441,95.69319590458561,-1.257755419288689,0.21280392369237147,-5.9103958116246735,3.412866611093146e-09,6.942439381715355e-09,yhhY
b3442,2.3665139939857807,2.4368923001259732,1.5825512591021884,1.5398504699989743,0.12359680631691866,0.1448158481253862,yhhZ
b3443,0.6243037221684705,1.047722842424407,2.257380032751737,0.46413223614246163,0.6425530072466253,0.6763554131754291,yrhA
b3444,0.0,,,,,,insA6
b3445,0.0,,,,,,insB6
b3446,47.30588278499834,1.3298254800278635,0.30085882744409315,4.42009792873695,9.865618340547543e-06,1.636339560478157e-05,yrhB
b3447,610.9580568766218,-2.7404038536425155,0.16087287476546414,-17.03459242359993,4.548998400130311e-65,4.848593452148578e-64,ggt
b3448,1342.6349368390763,-3.0354631574402315,0.1778831422149658,-17.064366637800767,2.7333765956630035e-65,2.927572694430302e-64,yhhA
b3449,502.9054588411802,-1.5659499981471248,0.1336601958149886,-11.715903815633341,1.0565839758201064e-31,5.0500354631488695e-31,ugpQ
b3450,467.28771800064163,-3.012370459025593,0.19932047406019957,-15.113201356905185,1.3254088009240692e-51,1.0456002762845435e-50,ugpC
b3451,81.09228413689351,-2.6135163031786086,0.31305115562453006,-8.34852788824466,6.911902635130751e-17,1.9834547196770248e-16,ugpE
b3452,53.48753983057836,-1.452963735504004,0.3345186688719182,-4.34344588421258,1.402650410627704e-05,2.309075208520252e-05,ugpA
b3453,283.6080770533312,-1.076924085515676,0.19851796762381754,-5.424819216144696,5.8013225923918095e-08,1.1036051016295915e-07,ugpB
b3454,48.07655022970054,2.076194128114778,0.310397344762594,6.688826960497183,2.2496654674066202e-11,5.1712936749472284e-11,livF
b3455,32.3982771586406,1.9918896775810255,0.41399983323201417,4.811329661731358,1.499294832407178e-06,2.6294405785882057e-06,livG
b3456,108.5240524473429,2.491006167416363,0.23566872574804174,10.569947961952105,4.1072247204151307e-26,1.6526511169348634e-25,livM
b3457,88.60617901989934,2.9384256445264483,0.2748294666335395,10.691814384097961,1.1117451412803927e-26,4.5524670808523614e-26,livH
b3458,78.30414501930166,2.2214924132914775,0.274403416141815,8.095717045094597,5.692801133421368e-16,1.5750918032256982e-15,livK
b3459,309.52420423261236,0.9735262259541627,0.16014058952248217,6.079197215753282,1.2078572827799544e-09,2.5175131433699618e-09,panZ
b3460,541.9276950799537,3.972865386852573,0.18236737563616562,21.784956728108483,3.2225010921325616e-105,7.057437715207728e-104,livJ
b3461,10194.324736878347,1.2370801232803712,0.13379953076234152,9.245773256691818,2.3354585637324308e-20,7.6778854350636e-20,rpoH
b3462,1241.988551274497,0.4786915180847183,0.12121425682582192,3.9491354451198855,7.843396396531285e-05,0.00012287057273142603,ftsX
b3463,699.3872387884376,0.9724723404523242,0.11828197656582783,8.221644317138303,2.0073176253747665e-16,5.667871832520669e-16,ftsE
b3464,1340.9917405375134,0.8348664713433097,0.10560450802444953,7.905595006891389,2.6665680311573897e-15,7.183740803644327e-15,ftsY
b3465,202.15346820847546,-0.42852333525667136,0.17500366314025248,-2.4486535171166195,0.014339130982952574,0.018708018549779853,rsmD
b3466,32.98134008958476,-0.763345525076151,0.3341357201366896,-2.2845373274185667,0.022339971444469215,0.028463257394660924,yhhL
b3467,107.4436688813006,0.2956761507432394,0.2028065743695503,1.4579219222176887,0.14486206530512882,0.16835594879647356,yhhM
b3468,587.3141731404071,-0.3002831382622337,0.13635635977172156,-2.2021938600073154,0.027651617594740132,0.034827588169398016,yhhN
b3469,7389.172820459164,0.5842594835154831,0.1277213682309906,4.574485002844788,4.773928005188936e-06,8.076414711315024e-06,zntA
b3470,194.41135479259628,1.5102888264669516,0.18976342118728845,7.958798471367991,1.7371791344913205e-15,4.711683641423778e-15,tusA
b3471,255.84650516454306,2.007437292724112,0.17565589456663,11.428237564567745,3.0217975259112097e-30,1.382739366846273e-29,yhhQ
b3472,3088.446746059212,-0.6138577799922887,0.13045889635798813,-4.705373087840794,2.534021058002069e-06,4.381288569255737e-06,dcrB
b3473,756.6726267562149,3.390654403688223,0.13747902530608042,24.663066937951744,2.665073252859591e-134,9.310835284990413e-133,yhhS
b3474,216.03580982045386,-1.6802403949468196,0.20388387656601062,-8.241163662604851,1.705437536346333e-16,4.830975569495855e-16,yhhT
b3475,171.13599407285264,0.23633737655617076,0.1792968640338113,1.3181344683842489,0.18745863780116867,0.2143358243118817,acpT
b3476,125.52983899363876,-0.853406797507789,0.8326441924880419,-1.0249357471139093,0.3053935060944163,0.3400815112136657,nikA
b3477,72.49426772476664,-1.0997001896230318,0.37424282740699877,-2.9384669767553873,0.003298397948421996,0.004558727713957183,nikB
b3478,44.816968181356636,-0.7004761287227257,0.4205417075213721,-1.6656519821809284,0.09578275112626594,0.11374040206577357,nikC
b3479,43.81459068901156,-1.0156220406926484,0.34228396661272836,-2.967191395914134,0.003005338120592827,0.0041693975439173105,nikD
b3480,49.152494072318696,0.3065031622789252,0.3035043676841399,1.0098805648751197,0.3125525151243643,0.34752618630397875,nikE
b3481,35.46315561813389,0.3670722213096277,0.3177266829448794,1.1553081343605913,0.24796426606696043,0.2794517919167332,nikR
b3482,9.736614432799405,0.492872708907409,0.6293445560923958,0.7831524148991749,0.4335376145311387,0.47063688758719424,rhsB
b3483,2.395366345542287,0.19076114225890584,1.194168021457477,0.1597439713936425,0.8730827614813208,0.8876005348823959,yhhH
b3484,2.0919308925294082,0.18178347685802312,1.2555601999705257,0.14478276458770395,0.884882390696892,0.8981444048530595,yhhI
b3485,403.49885937788355,0.057785037813479725,0.12799349705308602,0.45146854444888757,0.6516518910247042,0.6850917070087524,yhhJ
b3486,2093.5118319202197,1.6259704253844596,0.11306724274167414,14.380561389467422,6.853635355588525e-47,4.858245223075795e-46,rbbA
b3487,2655.298321171435,2.641875279260041,0.11293398062912179,23.393094483546367,5.024420791292915e-121,1.4087579823739752e-119,yhiI
b3488,31.741628285006,-0.4498522119046965,0.3259504507644317,-1.3801245276688086,0.16754830648187435,0.1933283473481549,yhiJ
b3491,2562.9746143073567,-6.076900913483536,0.21263761467854683,-28.57867326376023,1.2371076709754933e-179,8.12938369841838e-178,yhiM
b3492,494.3375254072144,1.8477082110635215,0.1443739099849057,12.7980755751278,1.680645939249352e-37,9.497051892908405e-37,yhiN
b3493,1220.3419760733623,0.09581361843894279,0.1288602841030008,0.7435465403937562,0.45715085551444934,0.4945632995759661,pitA
b3494,2780.7188810681623,-4.015399989398721,0.16672120503737828,-24.08451875391905,3.6320343123117197e-128,1.1339159604819994e-126,uspB
b3495,2406.405805470092,-1.8907175580251594,0.15360179735523566,-12.309215065058694,8.08052260855435e-35,4.2907672524555185e-34,uspA
b3496,1464.1425880447835,-0.616375836358872,0.11936025972954593,-5.163995434958801,2.4173359381748626e-07,4.4209027003929146e-07,dtpB
b3497,250.01869519615067,-0.41438534240450914,0.16639674475573207,-2.4903452469146594,0.012761905905965609,0.01670470109963146,rsmJ
b3498,1864.883200942478,-2.1293868682571646,0.13449464765417596,-15.832502671276739,1.8568623714312219e-56,1.63151859461881e-55,prlC
b3499,711.0042337776672,-1.901119012714422,0.1183521007670891,-16.063246874305403,4.61735213624346e-58,4.243336973641693e-57,rlmJ
b3500,1463.674389593046,-2.407404330113271,0.11473137682364323,-20.98296383049389,9.385752421193904e-98,1.8200917250262365e-96,gor
b3501,407.7032869858228,0.8758124162478733,0.13117384557888337,6.676730505100502,2.4433164559906773e-11,5.595982850817358e-11,arsR
b3502,1027.5070432474615,0.904487257508474,0.13849108887574563,6.531014124092715,6.532583740267088e-11,1.4574979029222364e-10,arsB
b3503,159.22950651035592,-1.412966886685447,0.19126812684905223,-7.387361971712896,1.4977047282192306e-13,3.8197544690736117e-13,arsC
b3504,5.454650623503135,1.9643559854980468,0.9703556565439114,2.024367016619905,0.04293240284592617,0.05317376773260986,yhiS
b3505,0.9985812721051522,0.6738624574447379,1.8756778533955476,0.3592634290717043,0.7193980299137404,0.7463563817299753,insH11
b3506,8102.075501333595,-7.257552877978869,0.19249656700060624,-37.70224576501674,0.0,0.0,slp
b3507,133.1796431755711,-4.531649237153713,0.3286830797412264,-13.787290908681701,3.0396181518908994e-43,1.9970744932274238e-42,dctR
b3508,772.2034082379982,-4.918765494701788,0.21548082059950427,-22.826929473430376,2.4775961157200383e-115,6.2680333916089705e-114,yhiD
b3509,6044.852639451937,-9.76784986954485,0.25963376635855834,-37.62164685488287,9.5176366172541e-310,2.3275909105084756e-307,hdeB
b3510,19711.504011038152,-10.259744589288552,0.20553444595455195,-49.91739725981113,0.0,0.0,hdeA
b3511,4807.99392193166,-6.961322866281615,0.17217623296330897,-40.43138095468197,0.0,0.0,hdeD
b3512,2749.219767681055,-9.438621990056816,0.3257374637301975,-28.976163447612084,1.3141376261179606e-184,9.641389716952103e-183,gadE
b3513,963.0575725849498,-5.183810800256458,0.19256378626308776,-26.919967148829034,1.2823307488416568e-159,6.64096465458938e-158,mdtE
b3514,4828.941391140429,-3.8546167035974452,0.17094150040083106,-22.54933234211103,1.363264197827971e-112,3.297301647713587e-111,mdtF
b3515,303.96280564233524,-2.7557615839842273,0.23243509728188916,-11.856047628823182,2.0020447714653254e-32,9.857943046969085e-32,gadW
b3516,950.7850267924291,-5.91841350039198,0.22268987496853174,-26.576931264738956,1.2545863997537632e-155,6.27578333149553e-154,gadX
b3517,128.52661990824416,-7.2256252303848525,0.6218619626302752,-11.619339442828748,3.2866754916620454e-31,1.5540220745753301e-30,gadA
b3518,89.51372855317898,1.8098183993600014,0.252467568064297,7.168518369452853,7.581376236178328e-13,1.8696480779639775e-12,ccp
b3519,602.3614565415287,-1.9734030661042194,0.18203437612100642,-10.840826376620258,2.2047046799515083e-27,9.242961905853848e-27,treF
b3520,66.26879027047315,0.4996438665089965,0.2770540861296605,1.8034163418732785,0.07132285303712659,0.0861116837820711,yhjB
b3521,164.23678447951164,2.103795300906213,0.18994294944231332,11.075932573876067,1.6416204104989478e-28,7.119618765533367e-28,rcdB
b3522,717.4837171250632,-2.6148080393694846,0.1658676045195504,-15.764428786100204,5.4664321787347075e-56,4.71828126486082e-55,yhjD
b3523,153.75682705689283,1.0126403967045945,0.19064406495952496,5.311680680537236,1.0861880574225045e-07,2.0225887600566267e-07,yhjE
b3524,743.9972581107895,-2.1485912826951448,0.16059460341826823,-13.378975612892448,8.024569453941535e-41,4.975233061443752e-40,yhjG
b3525,47.17567722644397,4.144937033616763,0.4819926676887239,8.599585245752346,8.000469885410696e-18,2.384432527798096e-17,pdeH
b3526,391.7070343416107,1.8780254696459182,0.15757866891762848,11.918018362165654,9.534949813379249e-33,4.7426948111294294e-32,kdgK
b3527,780.6281048266004,1.5946475796309398,0.1236866757158063,12.892638357384158,4.952020053804367e-38,2.8532450624145055e-37,yhjJ
b3528,1411.4141178432085,0.2555040772885045,0.14502232425947617,1.761825833320342,0.07809872860816267,0.09359940194204522,dctA
b3529,504.12761833777995,-0.5819533586305026,0.1303698076288973,-4.46386605315132,8.049389604298901e-06,1.3426833284624389e-05,pdeK
b3530,849.6759828884054,0.3585229661991342,0.12159761217725853,2.9484375538271137,0.00319384657990472,0.004421167498346094,bcsC
b3531,101.32567171973876,1.324929227926736,0.21669882611518548,6.114150462552457,9.707268534911882e-10,2.0319256343643416e-09,bcsZ
b3532,326.90631395048274,2.898468557295844,0.1752059286521001,16.54321049290076,1.7921135872307914e-61,1.7453283210154742e-60,bcsB
b3533,593.9505866976717,4.515592412740503,0.201813407010384,22.375086371284343,6.882439971958203e-111,1.6201337302973266e-109,bcsA
b3534,137.8969332930553,3.3228772520081313,0.23885490783626567,13.911697616387073,5.378747290406466e-44,3.603842552872034e-43,bcsQ
b3535,66.13239253103366,0.08051101604870366,0.2794074788724483,0.2881491088699797,0.7732326025344455,0.7973225383829068,yhjR
b3536,790.9341029849705,-1.2436327874305741,0.13743378041846804,-9.04896004202077,1.443363814435126e-19,4.588099709619035e-19,bcsE
b3537,0.35693325833268325,-0.4349405509245787,3.1981888046670015,-0.13599589564252293,0.8918245256232753,0.9039400326487815,bcsF
b3538,290.5704744256335,-2.189729172152993,0.15939666748534204,-13.737609491455386,6.0438589641283305e-43,3.941491431124876e-42,bcsG
b3539,147.945548634235,2.0970035062282304,0.200373309536036,10.465483207737787,1.2443999125521884e-25,4.930556629212181e-25,yhjV
b3540,1039.212673513492,-4.018414851654935,0.18637004151570752,-21.561484984249777,4.1313642417565073e-103,8.785635455174949e-102,dppF
b3541,1010.1609981062394,-4.1248297800508675,0.20447085326633338,-20.173191993668034,1.6841019824091878e-90,2.8623231376699784e-89,dppD
b3542,776.1518685913366,-3.4049382487650797,0.20337276850721528,-16.742350874985895,6.439399895087393e-63,6.471743912825275e-62,dppC
b3543,937.2514887754668,-3.3011483508716903,0.20422912738485602,-16.16394484539367,9.0575444693012e-59,8.465246444557087e-58,dppB
b3544,13771.029762430482,-4.061621715295535,0.14212075327183793,-28.578667237477767,1.2373210081645423e-179,8.12938369841838e-178,dppA
b3545,5.127350786720229,2.997398313803418,1.0847597022806281,2.763191062040382,0.005723924976990565,0.007743306007594489,proK
b3546,572.1518232852028,-0.37784715312753225,0.17153973092318966,-2.202680108532529,0.02761730322489366,0.03479432421178646,eptB
b3547,134.86938025276072,-0.8679852152078128,0.19298116162541637,-4.497771740500788,6.866936359466932e-06,1.151114008163497e-05,yhjX
b3548,257.94145186408105,-1.7121866141461661,0.20789414907471743,-8.23585763123523,1.7827584066075272e-16,5.046754023078029e-16,yhjY
b3549,178.99039147877366,-0.5001553851001761,0.17681631578228704,-2.828672132927001,0.004674155729317544,0.006378063707518856,tag
b3550,82.51947782744224,0.6106672994333601,0.22859425933280345,2.671402603091218,0.007553498948316844,0.010085078062023278,yiaC
b3551,784.7673305329396,0.22360388366814918,0.12586423896336155,1.7765481721399765,0.07564260940126849,0.09085368801756723,bisC
b3552,379.93681626903117,3.827258017412804,0.1834740425862237,20.859942711591927,1.2381976777271417e-96,2.3801511691506015e-95,yiaD
b3553,602.1696019013427,-0.9208729542083254,0.1403138222174142,-6.5629525278090295,5.2752646094904656e-11,1.1823683712310094e-10,ghrB
b3554,1552.3330018240006,-1.2759267295704984,0.12569259914901587,-10.151168312287133,3.2741998725387985e-24,1.233992109496215e-23,yiaF
b3555,3326.291066750569,-6.212491974725177,0.18805127807353667,-33.036159277236116,2.4586664391843254e-239,3.183249901555706e-237,yiaG
b3556,20682.24746973389,-2.6615566919704317,0.170707029315443,-15.59137138431624,8.332537895032055e-55,7.081048612728013e-54,cspA
b3557,165.86510305687423,5.254562576191833,0.3526630487849106,14.899668661903371,3.312179184297077e-50,2.540106754229222e-49,insJ
b3558,95.19849912216169,5.462986382617187,0.47826057825179885,11.422614848554348,3.223857568941982e-30,1.4736678108496994e-29,insK
b3559,3827.3562206004462,-2.3358203355679708,0.1052381206493149,-22.195572489854957,3.789947661804385e-109,8.734738014273771e-108,glyS
b3560,1021.0011633002567,-1.7362035021159035,0.13628704113184698,-12.739314667755266,3.575215599531564e-37,1.9997584585944022e-36,glyQ
b3561,105.68475946948507,2.136673677520253,0.23272165327559696,9.181241399097189,4.26149916499552e-20,1.3813784480346302e-19,wecH
b3562,23.993923519567577,3.505444772569501,0.5658546041885564,6.194956701989479,5.830105467657051e-10,1.2362294927083978e-09,yiaA
b3563,11.30064256662041,4.199406067212966,0.9471484050820337,4.43373609107144,9.26139847858348e-06,1.5378602830148803e-05,yiaB
b3564,243.36990784985878,0.20662958171428394,0.15556887353428742,1.3282193090428385,0.18410566732924505,0.2109953521435399,xylB
b3565,288.54633562120335,-0.3692967582180439,0.16022501086622765,-2.304863368218904,0.0211742267628853,0.027048446375571994,xylA
b3566,127.87266459252477,-1.8223883903694214,0.24236589434640396,-7.519161865921423,5.5128499114014685e-14,1.4266646272774406e-13,xylF
b3567,74.46076451214377,0.5375694727574034,0.25008590401603137,2.1495392748043227,0.031591676237825286,0.03958626780498346,xylG
b3568,120.15164529099502,0.5366923546949407,0.19608877972315641,2.736986560131884,0.0062004826161635145,0.008364855800291691,xylH
b3569,110.12008111719076,0.7232619238925274,0.20406231147656725,3.544318981095049,0.0003936287002685407,0.0005869761309560015,xylR
b3570,1482.4773177388572,0.4552714860672621,0.12770815861170243,3.5649365789660963,0.00036394418176981464,0.0005451113603779258,bax
b3571,116.10451765928026,0.4456794615420522,0.20860645069261244,2.1364605939188985,0.032641889639078374,0.040867348746081625,malS
b3572,633.8522460743208,0.28888149181525064,0.11966146907453891,2.414156319903628,0.01577169421934573,0.020481279743494354,avtA
b3573,152.83113454702956,0.2298903177759643,0.2791034929236344,0.8236740979764975,0.41012476080901483,0.44687356363398106,ysaA
b3574,250.59750105371384,0.7052817213559011,0.1483313851311787,4.754770682766674,1.986717938727443e-06,3.4567321605842703e-06,plaR
b3575,45.72280189611524,1.3288039155286095,0.30360534596002164,4.376747422963971,1.2046343099972347e-05,1.98979370829562e-05,yiaK
b3576,3.754441494726173,0.34778497528843055,1.0364483274851612,0.3355545723464055,0.7372067855491572,0.7639322669461841,yiaL
b3577,4.167708728514854,5.297493618594443,2.0808843519995652,2.5457895406363984,0.01090309013159558,0.014365579993799385,yiaM
b3578,20.08919845799661,3.57711884926595,0.6156577161844122,5.8102396107945,6.238349131919347e-09,1.2545094965147999e-08,yiaN
b3579,11.684911151709327,1.145358592016077,0.5563699809158595,2.058627588301337,0.03952992780809576,0.04910009656073294,yiaO
b3580,46.38534861120001,2.0370732334844845,0.31133306381997644,6.543067441954674,6.026963362091261e-11,1.3467356710622197e-10,lyxK
b3581,15.883105337113571,-0.39031553408871306,0.46716203875797396,-0.8355035334772283,0.40343425828436896,0.4398012889964814,sgbH
b3582,18.46612896518104,-0.34522287857728756,0.4441422212528663,-0.7772800289138457,0.4369935750642042,0.4740378800967538,sgbU
b3583,42.597456393078225,0.8457957889146573,0.29004303904059586,2.9161044226828543,0.0035443185470609216,0.004887872883509454,sgbE
b3584,65.87681979722558,1.9873193783146217,0.2851000463066476,6.9706034918601985,3.1558426632122957e-12,7.587121465571013e-12,yiaT
b3585,161.8803476780422,-1.2536786095201566,0.19358931504996973,-6.475970066821891,9.42047232581112e-11,2.0891143162831513e-10,yiaU
b3586,54.12939110752293,2.6754196525234097,0.3280230013861992,8.15619527050633,3.4574330347591715e-16,9.675537329313334e-16,yiaV
b3587,9.989791355879289,-1.5453140979071025,0.5872227947984633,-2.6315635421432493,0.008499297194176497,0.011306710863936217,yiaW
b3588,7908.4742110382185,-6.715179410605482,0.1612207027113708,-41.65209118724345,0.0,0.0,aldB
b3589,22.47594513610224,3.774192484393867,0.6217804810652329,6.069975818359445,1.2792951148704767e-09,2.662627468397087e-09,yiaY
b3590,962.336975793426,-1.5269277368266416,0.12589749190435445,-12.128341190360356,7.474822890561291e-34,3.834984890938322e-33,selB
b3591,807.5302441705126,-1.6675441398819943,0.17107562190917888,-9.747409486357238,1.8923545549519913e-22,6.712445407654042e-22,selA
b3592,243.38325784089875,-1.06794811088782,0.16955057273962634,-6.2986995185668615,3.001531990253586e-10,6.480011682734814e-10,yibF
b3593,6.89672625554864,0.4688318155708292,0.6599389400969835,0.7104169599416735,0.47744560902018596,0.5148739762143211,rhsA
b3594,22.498966925014837,0.009595887119241623,0.41368364906994093,0.023196196274170987,0.981493772726003,0.9838488772317461,yibA
b3595,11.610570198195086,1.9910849443099858,0.6120848417560065,3.2529558134420946,0.001142112557257831,0.0016483867137865483,yibJ
b3596,2.481162551006921,2.44587777595495,1.3847988541117768,1.76623324657772,0.07735672546360782,0.09278591430267075,yibG
b3597,142.51570347531927,-0.9690398890101114,0.185218468229224,-5.231875083918954,1.6779913432295547e-07,3.0918869371688994e-07,yibH
b3598,46.97658790263864,-1.1195201181481573,0.28686622794514843,-3.902585975935168,9.517041626737223e-05,0.00014808772442876373,yibI
b3599,1658.752238209083,-1.8267410702628015,0.134659530307967,-13.56562781768981,6.402907538683882e-42,4.0671860007628357e-41,mtlA
b3600,882.7146935684076,-1.1343146019362755,0.12459433588718938,-9.104062346488291,8.701479380737142e-20,2.7918303377554587e-19,mtlD
b3601,231.53929748039988,1.1870977306500623,0.15583850833789342,7.617486482071324,2.5866298820981622e-14,6.76550489661088e-14,mtlR
b3602,424.9747662173722,-0.6917417940817028,0.13482533971876362,-5.1306512227199175,2.8874148272514645e-07,5.258750545949916e-07,yibL
b3603,289.17188588325587,-0.10176919564537779,0.18949952371279022,-0.5370419600611847,0.5912386304255892,0.6277454054832232,lldP
b3604,108.19281831713586,-2.730240119134685,0.2552500467086114,-10.696335433981233,1.0588324737364774e-26,4.3438774924398635e-26,lldR
b3605,506.44920077592707,-2.4471599457494726,0.16047197317687867,-15.249765409515556,1.6522567212709677e-52,1.339453791350792e-51,lldD
b3606,59.12449012682202,1.4137824337024867,0.2970402123817671,4.759565792006104,1.9400987794950884e-06,3.379625970454048e-06,trmL
b3607,1289.3550928446207,-0.10339631886460574,0.11131273244513584,-0.9288813291468524,0.3529505900098693,0.3886164325221222,cysE
b3608,1554.5440870425316,-1.9693777334007083,0.11537669416762548,-17.069112160030258,2.5200302929835644e-65,2.712267322668374e-64,gpsA
b3609,951.7974359607365,-1.3957072796840084,0.12088265780606866,-11.545967841997099,7.736566137693464e-31,3.615325280055905e-30,secB
b3610,249.78506919906417,-2.8054086798576496,0.18487027502594974,-15.175012204984615,5.1768112312183494e-52,4.120854075917392e-51,grxC
b3611,453.40476811539475,-1.6985612507855745,0.15364393381601554,-11.055179391719792,2.069227463860457e-28,8.938900192260776e-28,yibN
b3612,1375.947886001285,-0.8969626056557404,0.1256223621833516,-7.1401507666810335,9.322860582094433e-13,2.2939760918043426e-12,gpmM
b3613,325.2754847165605,0.9918903583135874,0.14897657796386013,6.658028878567796,2.775242556110104e-11,6.339708215877881e-11,envC
b3614,127.49793349328,0.11226057930320205,0.19651324013912264,0.5712621664765516,0.5678219435076455,0.6060989804366284,yibQ
b3615,131.33073322531544,3.463680691512768,0.2677889370962511,12.934368122413588,2.8798099049637226e-38,1.674626578817742e-37,waaH
b3616,2660.2353962710818,-1.8914259679254466,0.15780465617728862,-11.985869198944856,4.214008950403587e-33,2.1200077028201818e-32,tdh
b3617,2863.99400616313,-0.7072743340882445,0.14533530248529608,-4.8665005817138,1.1359158938862615e-06,2.0057367689078716e-06,kbl
b3618,202.90368778252912,-1.0884270562194205,0.16935943758525965,-6.426728098169787,1.303797251189821e-10,2.8610745262899265e-10,htrL
b3619,776.1905789888601,-1.9610298014747518,0.1268003218563205,-15.465495455893452,5.93151273115543e-54,4.992451059760268e-53,rfaD
b3620,389.4565633899626,-1.9426863754916412,0.1397860883732009,-13.897565903017883,6.55322865013661e-44,4.3840900483132765e-43,waaF
b3621,142.66180349928504,-1.60499500909024,0.22884043427908338,-7.0135988604743735,2.3226471145047517e-12,5.620831554727827e-12,waaC
b3622,58.74397656778711,-3.676237755145233,0.3549342231872708,-10.35751842167548,3.868688903209074e-25,1.5178225090843443e-24,waaL
b3623,191.2810820258478,-2.71899971460808,0.20362831014097682,-13.352758821824189,1.1414200866838232e-40,7.047028361265343e-40,waaU
b3624,117.33088674234394,-2.9101063970784637,0.2369827862370392,-12.279821852409416,1.162539662060333e-34,6.143456893624953e-34,waaZ
b3625,133.41192978617667,-2.8778048117422905,0.22176706332297394,-12.976700726523823,1.6587313565691295e-38,9.696859802944632e-38,waaY
b3626,155.96555373206587,-3.0801200906583754,0.25148302908523895,-12.247824840754497,1.725622988311121e-34,9.043086183982802e-34,waaJ
b3627,192.1337821098995,-2.5341022297649816,0.20115500229682212,-12.597758946236336,2.1722925227657406e-36,1.2013105132179386e-35,waaO
b3628,269.7233868531866,-1.477325238274708,0.15286082320635327,-9.664511856516723,4.26649028415467e-22,1.4917466426408943e-21,waaB
b3629,167.83951717871514,-3.3604058565080406,0.21865097060837327,-15.368812894624092,2.649798423672371e-53,2.1966878834285838e-52,waaS
b3630,142.4775996659503,-2.14808571744116,0.20019286795440794,-10.730081143202197,7.353157881632049e-27,3.030767883421749e-26,waaP
b3631,444.33930425131797,-1.1902294455896536,0.14687696291525507,-8.103581541758805,5.336443141799027e-16,1.479283545982325e-15,waaG
b3632,601.7164016221208,-1.6546617517035456,0.12979135910379197,-12.748627975922036,3.1728012824034224e-37,1.7791937891897918e-36,waaQ
b3633,492.38469032895176,0.24036625858528005,0.15412888907530087,1.5595146375696463,0.11887462284259265,0.13961741989143353,waaA
b3634,172.53947907643283,0.15657215529863636,0.17538919810783998,0.892712647003302,0.3720110758693771,0.40827543155746643,coaD
b3635,177.16955566561663,0.799276330325273,0.17628648625775983,4.533962570202912,5.788729151362395e-06,9.740820231000484e-06,mutM
b3636,27.41215653744463,-0.201001201333669,0.35411897559991995,-0.5676092363961825,0.5703003340382621,0.6083019312906299,rpmG
b3637,1772.3110860418753,-0.9239675755440229,0.1240266370949549,-7.449751095296024,9.351649477026713e-14,2.4003475800508213e-13,rpmB
b3638,436.44128285648753,-1.4766728056192389,0.1465077474736859,-10.079144830784204,6.831811499048124e-24,2.5507747429015985e-23,yicR
b3639,453.86930817247077,0.18915812415038402,0.17367821311916964,1.0891298381829435,0.27609663346694857,0.309020437457795,dfp
b3640,157.00730672177852,-0.5238273892972483,0.195895963816461,-2.674008075980744,0.007495064654625316,0.010013133417195945,dut
b3641,189.26195071816394,0.04621632074983333,0.1645160206024218,0.28092291912118494,0.778769521306411,0.8020925205406694,slmA
b3642,53.953394497219534,1.504378153160166,0.29931426852199045,5.02608232006033,5.006010682391249e-07,9.001821496685571e-07,pyrE
b3643,392.3964514370696,1.803187681275284,0.1813888539466586,9.941005977167436,2.76025388298293e-23,1.0100280625844437e-22,rph
b3644,845.7996965863405,-1.1716273469121152,0.14835812643871302,-7.897291338443241,2.8502961082242075e-15,7.674008237555328e-15,yicC
b3645,331.348138662135,-0.022622497265289743,0.16397853489945297,-0.1379601133719192,0.8902719409601929,0.9029901115453385,dinD
b3646,109.55699589615494,1.4881954643474211,0.2093319437291674,7.109261194616531,1.1666577412738343e-12,2.8594807222090303e-12,yicG
b3647,319.3148398572115,-1.5643231873396743,0.17334798614773417,-9.024178602262472,1.8104845824129231e-19,5.737763233824109e-19,ligB
b3648,1586.8361732886017,0.22168574304354788,0.1302983255965942,1.701370620294006,0.08887341457336125,0.10570677410211733,gmk
b3649,732.0100560494279,0.549770183196293,0.14161428269329984,3.8821662105011967,0.0001035300720839311,0.00016081135402733405,rpoZ
b3650,1087.0043448167783,-0.6018849257997859,0.11478134555221324,-5.243752135019123,1.573435425883668e-07,2.9077509423761154e-07,spoT
b3651,144.39469227103245,0.19478983072437886,0.17371212259740082,1.1213370017694633,0.2621444409716802,0.29467819947838003,trmH
b3652,581.9122954715436,1.0028789269655838,0.12271007427366405,8.17275136456193,3.0143479223720063e-16,8.462474205536717e-16,recG
b3653,1901.0609765049467,1.8590393838717825,0.11585885668163401,16.045725265356243,6.1239352957904615e-58,5.616158994181168e-57,gltS
b3654,253.40730557353473,0.888158668300113,0.17778159411233296,4.995785265255984,5.859683456981594e-07,1.051542053715164e-06,xanP
b3655,765.8163060884305,0.5610091557121077,0.12853140467462382,4.364763282034439,1.2726049232751248e-05,2.0997027257335453e-05,yicH
b3656,138.71948628807561,0.3841206119510088,0.18968928421235878,2.024999005853079,0.04286746631089247,0.05312572823776708,yicI
b3657,35.79533316104487,2.012824861858209,0.3501489355763067,5.748482023928817,9.00482174211093e-09,1.7920083774309363e-08,yicJ
b3658,10.094150704443374,3.2408447336871284,0.7913819989556187,4.095171153708384,4.2185662330851924e-05,6.733186569267954e-05,selC
b3659,37.875242076697944,5.592797435513626,0.7680400811946236,7.281908291575729,3.2913080095169476e-13,8.269599233957536e-13,setC
b3660,191.1946115513797,-1.249257352789624,0.1831459420886799,-6.821103097030288,9.034407374059667e-12,2.1153968755643964e-11,yicL
b3661,98.08755127881057,-0.6486459710453298,0.24897030492716246,-2.6053146026193548,0.00917899346627984,0.012174127519904746,nlpA
b3662,222.8750017915213,2.2414037550349994,0.20110162780261218,11.145627111656253,7.521256859087235e-29,3.2911106057357864e-28,nepI
b3663,148.65975588529847,0.37923156965965604,0.17958272741372538,2.1117374433565463,0.034708975534223974,0.043332078928432764,yicN
b3664,81.0666550057484,2.6514536879899264,0.2731132733669108,9.708256414282225,2.7805266721987773e-22,9.79974252283348e-22,adeQ
b3665,271.6054551132177,1.6817265981107161,0.15588021310236405,10.788582878099822,3.897530247739791e-27,1.6140101740875407e-26,adeD
b3666,118.36972159969089,1.3381381630845244,0.19768257339762343,6.769125573820618,1.2956305494958531e-11,3.011280717466075e-11,uhpT
b3667,258.6020892341001,3.1494502594959135,0.20404829303874505,15.434827768433674,9.54548871157824e-54,8.018939180986147e-53,uhpC
b3668,587.235337724645,3.5989726545938057,0.16269044612564154,22.121598042791117,1.958661164635685e-108,4.421552023962197e-107,uhpB
b3669,496.20223867638725,2.450543082078145,0.15040938936738338,16.292487406438145,1.1159651824128074e-59,1.0587238648666333e-58,uhpA
b3670,67.56350112170475,-1.2930294030908291,0.35303514474797076,-3.662608163314487,0.00024966027972300514,0.000377924536224439,ilvN
b3671,997.2086638490555,-0.50987918696975,0.13891250026061738,-3.6705061532486445,0.00024207064200240563,0.0003668141019258484,ilvB
b3672,76.26985497179055,-1.1371327503589483,0.26627040814729624,-4.2705937857349365,1.9495321636278194e-05,3.1819950256913834e-05,ivbL
b3673,3903.5122866697907,3.040764228570713,0.14203857053063484,21.408017675838842,1.1249706431320804e-101,2.3469766687523305e-100,emrD
b3674,211.64037697228028,-1.1160075508820007,0.24787736077384082,-4.502256871696433,6.723564924503413e-06,1.1275098208633914e-05,yidF
b3675,11.727332309854773,-0.427502006552726,0.535229969041087,-0.7987258398826856,0.42444940018814814,0.4617959119199773,yidG
b3676,99.03544794111279,-1.0388217552074563,0.20804872230406496,-4.993165753208566,5.939753868950661e-07,1.0646089792801634e-06,yidH
b3677,162.9073115299332,2.1377017002953225,0.19281525866820767,11.08678698491302,1.4541739330449197e-28,6.319125027901023e-28,yidI
b3678,57.50719638524646,1.5302621757538686,0.26921602478766643,5.6841422309864456,1.3147083137330587e-08,2.5901639333115602e-08,yidJ
b3679,76.04281733933209,3.4526426644580965,0.3305049691980886,10.44656808893167,1.5192362258849736e-25,5.997917368919869e-25,yidK
b3680,55.36295381807634,0.41833731313543315,0.26387478286426674,1.5853629838915666,0.1128838863393208,0.13293602666283846,yidL
b3683,26.195042226307013,2.6209523371279286,0.45819013891797505,5.720228600548582,1.0638082677202132e-08,2.1046669638221925e-08,glvC
b3684,47.27271867683877,2.6019821243237207,0.35849451542832483,7.258080702336281,3.92621295812179e-13,9.814417627286836e-13,yidP
b3685,996.3546817839434,1.5685998432392911,0.17078142561464457,9.184838676652802,4.1214462112370875e-20,1.3419087442208327e-19,yidE
b3686,5660.756481075489,7.053827015544692,0.5034432069465412,14.011167333704261,1.3319744890251136e-44,9.048382254148997e-44,ibpB
b3687,1219.5973303750216,1.4216272061537027,0.2260418503723904,6.289221238508078,3.1906248776161794e-10,6.878124736173566e-10,ibpA
b3688,1221.7269944148213,0.011612712567677508,0.12865352575437827,0.09026346149151152,0.9280778550941085,0.934873848541022,yidQ
b3689,242.37318647028744,-0.7541768836662065,0.14678828396696791,-5.137854761187347,2.778925196789467e-07,5.065353505700719e-07,yidR
b3690,93.50969988479721,3.7242993801966477,0.3153138986161338,11.811402531071572,3.408279124945768e-32,1.6633308988926019e-31,cbrA
b3691,79.16199079587786,1.8564726574926118,0.2677771066460377,6.932902818860456,4.122914507933444e-12,9.831565365072058e-12,dgoT
b3693,129.28812521436612,-0.26081862396088595,0.2195016474716608,-1.1882308263520411,0.23474248194674152,0.26529817856984755,dgoK
b3696,94.79662889425163,3.6665946276976817,0.3099820087392104,11.828411082987751,2.783610798572083e-32,1.3660484654753968e-31,yidX
b3697,456.0538562148683,-1.94450210536008,0.15550357749048827,-12.504549006141161,7.049878574385312e-36,3.850318298318132e-35,yidA
b3698,80.64970357105848,-1.023245109107698,0.24435941280131085,-4.187459354961295,2.8209451895504696e-05,4.56201349169771e-05,yidB
b3699,6492.126741969834,-2.294598917120902,0.11715565192161759,-19.58590029148651,2.0396871668118373e-85,3.106817615330695e-84,gyrB
b3700,268.08075640900046,1.0633244904202759,0.16922730134801808,6.283409839607001,3.3122633818898306e-10,7.129869636713465e-10,recF
b3701,980.3573469473608,0.36203685965187793,0.1248962374761527,2.8987010895424623,0.0037471193707097287,0.0051514114521749605,dnaN
b3702,1562.340589801164,0.4191658384561263,0.11962673691996968,3.5039477732854016,0.0004584152528313301,0.000679658558152062,dnaA
b3703,538.6141784709927,-0.14328608358085754,0.1362647156911647,-1.051527410115516,0.2930164272358401,0.32704318273127997,rpmH
b3704,156.2003958357968,2.0615503741279144,0.19564764328003204,10.537057025405623,5.82946433984955e-26,2.3370949020052568e-25,rnpA
b3705,2593.997717274061,0.7584221958469989,0.12807286263914014,5.921802481950761,3.1843194584500117e-09,6.495539506995806e-09,yidC
b3706,538.0847764697586,0.06277391144997232,0.12218179618999249,0.5137746653548864,0.6074095426032706,0.6433630429594797,mnmE
b3707,312.7016230957549,-2.5022514873329857,0.16652648752753435,-15.026147038135605,4.949705973023234e-51,3.863227959795794e-50,tnaC
b3708,14420.70077556286,-3.429766026433509,0.19456560162568445,-17.62781292158659,1.5068408285900968e-69,1.7364171014276455e-68,tnaA
b3709,1666.5886591873914,-3.870419094693165,0.15689033193775037,-24.6695831852076,2.2687666474857953e-134,7.989688625785977e-133,tnaB
b3710,57.648628035927146,0.3552328115817032,0.26051852680941423,1.3635606493413748,0.17270588404944442,0.1988104868163322,mdtL
b3711,58.15474937028003,0.18861203088600764,0.2835473429322392,0.6651870863451583,0.5059308390822046,0.5441259598436025,yidZ
b3712,409.2633063563594,0.6637051374007604,0.1367813283016076,4.852308028017299,1.2203288865336322e-06,2.1487551034084193e-06,yieE
b3713,551.6385599111724,-0.9950426077820254,0.1408761080988074,-7.063246005377465,1.6265738150507552e-12,3.96685758108223e-12,yieF
b3714,797.4490370807499,2.0299748056424796,0.15214417110829107,13.342442177410875,1.3109343192738992e-40,8.082258926391743e-40,adeP
b3715,88.69237282917761,1.242132488140273,0.24272014850805637,5.1175499676288485,3.095300753552009e-07,5.630377651709067e-07,yieH
b3716,19.276077372596095,3.5219765904987357,0.6315709355455473,5.576533675439755,2.4535843469636867e-08,4.768511388668498e-08,cbrB
b3717,91.33025847646651,2.18776918099061,0.24066454805739346,9.090533685372192,9.855409418563709e-20,3.152871530560861e-19,cbrC
b3718,32.787420936372556,2.013531168014544,0.37562138813051205,5.360533855742341,8.297637394704765e-08,1.5622839953588697e-07,yieK
b3719,42.327760764857864,2.6537082411163055,0.3750686346598646,7.075260354742411,1.4916843390367382e-12,3.641927044059746e-12,yieL
b3720,61.75704366316241,6.301139415371571,0.751404206524582,8.385818658795905,5.037393978364837e-17,1.4531198094863704e-16,bglH
b3721,13.695594201470158,3.2094170439417895,0.6954312394672212,4.615002694444047,3.930902164725448e-06,6.6887635597686204e-06,bglB
b3722,42.30068378114928,3.149614885029719,0.4177883155036468,7.538781646472893,4.7438250283382974e-14,1.2327224188161265e-13,bglF
b3723,16.57413071571814,4.017265123031432,0.7428029955176557,5.408251107323308,6.364315261608996e-08,1.2070536743473847e-07,bglG
b3724,200.79792071639656,-0.8692712172178098,0.19047632411779694,-4.56367068843802,5.026690563555612e-06,8.494238718146565e-06,phoU
b3725,195.59084096215943,-0.5636693061069031,0.24144792333245021,-2.334537809756953,0.01956757865914551,0.02508342494395997,pstB
b3726,299.9377348991382,0.8823539482129685,0.23386019056446353,3.772997644803286,0.00016129781115207956,0.0002473120740827078,pstA
b3727,317.7732085696399,2.2065610566757594,0.2484710371287232,8.88055639069364,6.652675775777181e-19,2.071080535005032e-18,pstC
b3728,496.81515510017834,1.813302971095243,0.26075449057098204,6.954062294860573,3.549147635511705e-12,8.490949941044851e-12,pstS
b3729,2916.609182845487,-1.3542357673326206,0.10519930638845282,-12.873048443228786,6.38321702652176e-38,3.6634838788459955e-37,glmS
b3730,1808.542948499069,-1.1130021133045493,0.10923731517353145,-10.188845373364076,2.2238973760781366e-24,8.461189498267898e-24,glmU
b3731,2406.220685486504,-1.801496423587482,0.13425867789211668,-13.41810043023864,4.737001035357116e-41,2.9494029077287167e-40,atpC
b3732,6477.289138321002,-2.439815265713184,0.13061880523708752,-18.678897431994198,7.352210143622211e-78,9.837212477879931e-77,atpD
b3733,2504.6313508141266,-2.7619814359402386,0.13637384656132714,-20.253014090191986,3.341552003705681e-91,5.7684360471813365e-90,atpG
b3734,5680.164407898076,-1.8753778349929806,0.1059852032034546,-17.69471377427007,4.605644942203317e-70,5.377731839676127e-69,atpA
b3735,912.4423444028429,-1.8466930493127267,0.14727722711322863,-12.53889067243889,4.57352854192302e-36,2.516584080193142e-35,atpH
b3736,1539.9279712890418,-1.401459790138328,0.14246367487412906,-9.837313205464902,7.775971356492376e-23,2.8080250952649255e-22,atpF
b3737,866.8747689145284,-0.6247444332860588,0.13780080875011286,-4.533677552059702,5.796549699588974e-06,9.750252876419818e-06,atpE
b3738,1024.98935108633,-1.2118886959336073,0.13440498044161694,-9.016694857226883,1.9384943917543256e-19,6.139030440649311e-19,atpB
b3739,500.87564409631653,0.7151595116423911,0.14421198586873651,4.959085108871172,7.082593541743297e-07,1.2637850332693147e-06,atpI
b3740,169.84030780802803,0.6317549903005999,0.21005191143204271,3.007613622716255,0.0026330767323780807,0.0036772854619061906,rsmG
b3741,2311.385025064605,1.8054573548327655,0.14833519556719912,12.171469811524625,4.410678719927324e-34,2.276179100248544e-33,mnmG
b3742,657.0375083789005,0.2178043967356444,0.21205924630348025,1.027092194904542,0.30437705356822076,0.33929293233915114,mioC
b3743,79.52747709967865,1.4360229146934538,0.267634658841393,5.3656089271475,8.067657381677432e-08,1.519633196155073e-07,asnC
b3744,8933.247319134329,3.08645376488021,0.12313513163199255,25.06558221015698,1.1807675353635532e-138,4.367847639218791e-137,asnA
b3745,372.15374939982274,-0.4421220568210288,0.1429080386514704,-3.0937521849228724,0.0019764249991008715,0.0027966000790877648,viaA
b3746,399.5783320316298,-1.7210072160071606,0.15240597433654868,-11.292255592335028,1.4331100164643006e-29,6.411128346012044e-29,ravA
b3747,357.0069431444958,-0.010182535672134044,0.16973472458598285,-0.059990881046711554,0.9521628974810228,0.9578201724660563,kup
b3748,2425.2727787199333,0.601797101032455,0.16128996812567056,3.731150226054724,0.00019060751443839268,0.0002906318942008329,rbsD
b3749,1556.4036559699462,-0.06523756644175266,0.1447637721372449,-0.4506484286683512,0.652242956779798,0.6854078528872455,rbsA
b3750,1057.8289400475014,-1.3417260709482335,0.14589025285878096,-9.196817776764012,3.6870698864186064e-20,1.2058307310560701e-19,rbsC
b3751,3245.479234919747,-3.0508241909466682,0.15008240267313613,-20.32766091565742,7.321021751087846e-92,1.2737999109995532e-90,rbsB
b3752,591.2262448044686,-1.2077143265853587,0.15005403272031306,-8.048529617570674,8.379463274103895e-16,2.3082851897750527e-15,rbsK
b3753,132.488106092017,-1.0160236550479544,0.19018416256785478,-5.342314740247906,9.176713908608633e-08,1.7204384423209202e-07,rbsR
b3754,231.59189590230199,-0.37402253369174754,0.15493730541305145,-2.4140250322195227,0.015777378375781317,0.020481279743494354,hsrA
b3755,137.319399723109,-1.6429478705426082,0.21444818323944675,-7.661281367481389,1.8408705093586703e-14,4.832147872508567e-14,yieP
b3756,0.0,,,,,,rrsC
b3757,0.0,,,,,,gltU
b3758,6.173145249200072,2.790829921652086,0.993490427631784,2.8091160659742638,0.004967773318928047,0.006757768278714852,rrlC
b3759,0.0,,,,,,rrfC
b3760,0.0,,,,,,aspT
b3761,0.13128818873344597,0.526843880849337,4.426109897033248,0.11903090820281534,0.9052508686458666,0.9129242437065532,trpT
b3764,303.5293017993801,-0.762614047512816,0.16086790853261937,-4.740622629268409,2.1306244895609016e-06,3.6939775514167344e-06,maoP
b3765,138.5196621678236,-1.2322770102939204,0.20093124995468037,-6.13282906751368,8.632989154758412e-10,1.8113640733673273e-09,yifB
b3766,14.206978872288921,0.19736299128056092,0.493579520207371,0.3998605760580209,0.6892592109919473,0.7183046985763618,ilvL
b3769,3.0496851551006117,4.831686361597969,2.118874254177548,2.2803082118119433,0.02258941511204679,0.028764421557196985,ilvM
b3770,373.3224817094546,0.18514223178673211,0.13606051596063162,1.3607344531921517,0.17359762254748068,0.19973254951751435,ilvE
b3771,485.0223024013723,0.14143584319549704,0.12624163030472896,1.1203581802143354,0.2625611583948393,0.29507128395559934,ilvD
b3772,468.113350905729,0.3122371949111009,0.13940731703867826,2.2397475365261594,0.02510731756988434,0.03180501063097291,ilvA
b3773,573.5605486175095,1.4292620496476043,0.15541342598205504,9.196515942018005,3.6974375796708935e-20,1.2083236990134574e-19,ilvY
b3774,298.1872970878085,-0.6851013187507047,0.17086634607679774,-4.009574351421891,6.082829790238937e-05,9.604238427773242e-05,ilvC
b3775,242.0809006696347,1.54369878421622,0.16376561218439695,9.426269432425439,4.249339204075241e-21,1.436681349949248e-20,ppiC
b3777,74.96432881202007,0.5212629810740603,0.2530509001999903,2.0599135615091573,0.03940680500072683,0.048960980980299044,yifN
b3778,550.4983383805483,0.6841502709347863,0.16453968634464122,4.157965085102813,3.210950844685882e-05,5.171827888147549e-05,rep
b3779,1587.6223299468277,-0.1971207843185711,0.11126106722638357,-1.7716959690624596,0.07644503915503935,0.09171737867552009,gpp
b3780,2278.8179752019355,-1.2403757024516753,0.10111501769137667,-12.266978049072303,1.362439893474288e-34,7.165424624938848e-34,rhlB
b3781,3390.846213702964,-2.3026726394028603,0.12062688067093366,-19.089216488027066,3.10389833586578e-81,4.4506060177463075e-80,trxA
b3783,4602.794224859739,0.4773147504253754,0.11955654741802303,3.992376500773898,6.541440299531436e-05,0.00010287752839777556,rho
b3784,550.3206355282939,0.4631079518800214,0.12911243717814308,3.586857796209419,0.00033468672250379453,0.0005026581209354158,wecA
b3785,424.69256114124227,-0.45450086414638763,0.15315037506470075,-2.9676771209628234,0.0030005934670917812,0.0041680695620504955,wzzE
b3786,314.1552485114445,0.1600383313682997,0.14664716497072539,1.091315549129419,0.275134058111396,0.3080997516678619,wecB
b3787,402.943133283131,0.09688530011681587,0.1500439265171612,0.6457129079845472,0.5184652995204575,0.5567904973137482,wecC
b3788,284.01744344937555,-0.1489057820321523,0.15784800859688272,-0.9433491328511633,0.3455023523243137,0.38098731335962643,rffG
b3789,249.52733091296682,-0.3211710460331906,0.15380936050485625,-2.0881111850344776,0.03678780633091613,0.045797489668747964,rffH
b3790,98.79750757254862,-0.10559852745257355,0.19838065113115413,-0.5323025549641929,0.5945164629504969,0.6309212801128464,rffC
b3791,338.5761778836524,-0.34104441415950754,0.1412757016695104,-2.4140344739346675,0.01577696953256241,0.020481279743494354,wecE
b3792,264.1528589128047,0.6305220942354753,0.15145812051305005,4.163012799179348,3.1407575498624795e-05,5.068040591823546e-05,wzxE
b3793,110.31992789225984,-0.2145196598554528,0.24043643455867988,-0.8922094534016975,0.3722806761101297,0.40846947563230085,wzyE
b3794,161.82309192603785,-0.2340735874095421,0.17065044997024273,-1.3716552605068362,0.17017078219278936,0.19620004798655286,rffM
b3795,349.1483166764936,1.299476584341481,0.158041406982796,8.222380508691236,1.9950303691223153e-16,5.636793122513756e-16,thrP
b3796,5.633003690155445,-2.8100456992390903,0.9348238018962147,-3.005962934982121,0.0026474126623571574,0.0036961340119556637,argX
b3797,0.1938600070058517,-1.3967302712687888,4.426108047723433,-0.3155662392803981,0.7523317663170519,0.7773058243627571,hisR
b3798,0.0,,,,,,leuT
b3799,0.26737046383578716,1.3477247736063036,3.613684600373589,0.37295030492339404,0.7091854306929826,0.7370033011797724,proM
b3800,344.01833383394523,2.232865899628108,0.15513996324176907,14.39259010361131,5.759778373605651e-47,4.09604917618935e-46,aslB
b3801,130.97118850203924,1.6448853861115762,0.22331341680860378,7.365815317408203,1.7606743191497146e-13,4.474877801903605e-13,aslA
b3802,1248.3609998952954,-1.9725800604745434,0.12562135053848142,-15.702586001654913,1.4520037179941646e-55,1.2483828841035767e-54,hemY
b3803,1050.3502542086355,-1.979130905108188,0.12901212694286282,-15.340657905630144,4.0902838889820588e-53,3.384479263026132e-52,hemX
b3804,408.9679930427331,-2.339381925640606,0.16188267808850829,-14.451094788298251,2.46732625770124e-47,1.7718059031649034e-46,hemD
b3805,1591.8693037879082,-1.7651320683530347,0.11840763950458652,-14.907248178734806,2.9568994253859446e-50,2.271600570776427e-49,hemC
b3806,4223.422946597231,-0.9771140355899457,0.10205440106900936,-9.574442898638143,1.0240790971647504e-21,3.535683282917044e-21,cyaA
b3807,138.46745711643774,-0.1304561971102216,0.19464580395374634,-0.6702235263248824,0.5027153085789502,0.540799801653113,cyaY
b3809,1108.7638196999403,-1.1492754631526843,0.1186727495998176,-9.684409159037893,3.5123346530200207e-22,1.2349278867886686e-21,dapF
b3810,414.1504018167719,-0.7391060316297843,0.13189951375726583,-5.603553876551495,2.1000080019333056e-08,4.09218026760089e-08,yigA
b3811,303.5544407843582,-1.135619687304994,0.1558616125113989,-7.28607685373421,3.191109850253142e-13,8.027008891893904e-13,xerC
b3812,194.6098927833474,-0.9236483777573342,0.1631131563768242,-5.66262340987088,1.4907608894521308e-08,2.9296113550751247e-08,yigB
b3813,2523.0964094182805,0.5542603483954104,0.10406893479263903,5.325896238870834,1.0045646768114564e-07,1.8769497908845633e-07,uvrD
b3816,838.5532840637306,2.408263629464906,0.15101170301770378,15.947529769812439,2.963906168578968e-57,2.6790790460132686e-56,corA
b3817,18.223640464987376,2.4114827242768366,0.5077856631355043,4.749016956064246,2.044078059657362e-06,3.5509201336273514e-06,yigF
b3818,1.1164863053115153,0.8247297478387418,1.776379411518649,0.4642756735925406,0.6424502504454117,0.6763554131754291,yigG
b3819,162.87520309008414,1.3520757720215941,0.1761749812735568,7.674618508527894,1.6591167391916593e-14,4.3654703442448796e-14,rarD
b3820,173.0770783790016,2.5674477389479446,0.216024103147649,11.88500589303748,1.4162508592113458e-32,6.997010417787144e-32,yigI
b3821,258.39148892153895,1.053696426124481,0.15342820785502617,6.867683855892493,6.52526277342152e-12,1.5393465556592458e-11,pldA
b3822,577.5098909146519,1.145189732256972,0.15012954496558734,7.6280104127370265,2.3840431114436963e-14,6.239332804146939e-14,recQ
b3823,516.2086453411813,-0.5111806200383601,0.12761111633971745,-4.005768734735699,6.181610827249213e-05,9.739245118665368e-05,rhtC
b3824,55.377821321715835,-0.33282259836784933,0.2684273863695913,-1.239898070272136,0.21501309774523214,0.2441918617839298,rhtB
b3825,606.1547180097233,-0.3201979522999002,0.127826945716595,-2.5049331383526194,0.012247454328597092,0.016069536201038567,pldB
b3826,250.58728725551362,-0.8361676173249498,0.16030891770399183,-5.215976935661943,1.8285092868291886e-07,3.365007475176458e-07,yigL
b3827,310.8961501553934,-0.4061292363436565,0.16200657231440485,-2.5068688914390753,0.012180588286577084,0.015986568168608325,bioP
b3828,677.1216935670316,-3.0527125504434727,0.272195356163276,-11.21515294556424,3.435919187807621e-29,1.520092086907452e-28,metR
b3829,1266.1273164927354,-1.9745234351943401,0.5785439155595544,-3.412918850394661,0.0006427107732147768,0.0009449608629563954,metE
b3830,630.1364304196676,-2.9993490034239008,0.16411181371679423,-18.276252851606657,1.279183630214971e-74,1.6180937759213514e-73,ysgA
b3831,1873.0810485540978,-2.285591380789188,0.15345114216033856,-14.894586958505732,3.57386353798547e-50,2.731275571911812e-49,udp
b3832,792.3667437032094,-0.10468144717098671,0.15947653688159807,-0.6564065737689457,0.511562561878729,0.5497798821753332,rmuC
b3833,1155.9215127566206,-0.8030826976801619,0.11345807493147055,-7.078233066841909,1.4600402765565e-12,3.570609609667618e-12,ubiE
b3834,249.94285489174118,-0.012693849273259672,0.1492963165657993,-0.08502453084745139,0.9322418885257544,0.9386387907800483,ubiJ
b3835,767.8840402510855,-1.4458391499395549,0.12313962477940851,-11.741461390105918,7.812468433488285e-32,3.766756412290847e-31,ubiB
b3836,674.7236892883384,-2.158049780708564,0.12270495123559805,-17.587308083151665,3.081734240842735e-69,3.532758887549406e-68,tatA
b3838,432.3961871512222,-1.2262643130347841,0.13488511788984056,-9.091175751770205,9.797375444684009e-20,3.136585215090837e-19,tatB
b3839,418.9780922083628,-0.22922426923333997,0.12819020424346192,-1.7881574538877536,0.07375060835229556,0.08877500081126745,tatC
b3842,212.10879063720083,1.4583374993508267,0.18405440056722722,7.923404682835379,2.3109392177696226e-15,6.237127183704402e-15,rfaH
b3843,2592.906739878402,-0.9577134420128818,0.09979180604738609,-9.597115033253452,8.221334034197474e-22,2.8473888606244907e-21,ubiD
b3844,1509.5712249880005,-0.7314873012503081,0.11321918564439318,-6.46080694793032,1.041461132252941e-10,2.3014617992858665e-10,fre
b3845,1303.0476267897366,-0.330738569266774,0.1651462754655401,-2.002700747167543,0.04520941855751157,0.055839467028666094,fadA
b3846,3351.2103946050324,2.216275888752079,0.2073767382226046,10.68719620024624,1.1685011506658305e-26,4.77156035735713e-26,fadB
b3847,1779.9966964286887,-1.2561549421707257,0.11245681334164169,-11.170109705621396,5.711030089589021e-29,2.506476017384932e-28,pepQ
b3848,338.3784894373662,-0.19697625860016998,0.16289240836611218,-1.2092414899867643,0.2265700821629194,0.25678720434633656,yigZ
b3849,635.0647677817683,0.03239135431376767,0.13337415129671587,0.24286080922612216,0.8081132264386827,0.8288244228292361,trkH
b3850,8.320631417844298,-0.05994219492751625,0.6052639203565751,-0.09903480599372734,0.9211106347474239,0.9280934929206084,hemG
b3851,0.0,,,,,,rrsA
b3852,0.0,,,,,,ileT
b3853,0.0,,,,,,alaT
b3854,8.723974915822145,3.378930857349677,0.8774082709670696,3.851036021834461,0.00011761919522225122,0.00018205333944034804,rrlA
b3855,0.0,,,,,,rrfA
b3856,1.986800729728473,-0.027990716938461904,1.3180610940692497,-0.021236281887394286,0.9830571720412504,0.9850711748976975,mobB
b3857,122.3650414909349,-0.4468544623695081,0.18632897679112373,-2.3982016649532483,0.01647579161120986,0.021331304315454647,mobA
b3858,249.96200146257084,-2.928286950486967,0.25299262757622315,-11.574594005134458,5.5433052652173365e-31,2.6014530679623366e-30,yihD
b3859,337.6338970980009,-0.582885213092638,0.18843307682884364,-3.093327471493132,0.001979255996354269,0.002799705943429143,srkA
b3860,560.7201395955618,-0.9090408555206226,0.17374971689191654,-5.231898340796171,1.6777801896157734e-07,3.0918869371688994e-07,dsbA
b3861,59.92961251914437,3.790822951661661,0.3821982742921815,9.918472182225676,3.4601184908125694e-23,1.2629719400130126e-22,yihF
b3862,39.91704637013108,1.5155833241552628,0.3734908508611196,4.057886078496803,4.951891158757664e-05,7.849558833579848e-05,yihG
b3863,2993.862280358109,-2.972449306906831,0.13773320595298838,-21.5812104738301,2.6971394300298196e-103,5.7634989179569255e-102,polA
b3864,26.057515497311524,1.0433875159924308,0.36754284575051877,2.83881873380461,0.004528087147015759,0.006188338907532869,spf
b3865,1096.9539788073387,-0.7986212782336346,0.11928959352482871,-6.694810960751669,2.1595061072887275e-11,4.9718336214879596e-11,yihA
b3866,719.8501895958747,-2.7060627665362915,0.1444897736642172,-18.72840338739105,2.9049812717637747e-78,3.959048779660723e-77,yihI
b3867,851.7177363315101,-2.1003959972493003,0.13065540682064006,-16.07584445496896,3.76823238591141e-58,3.47024246083306e-57,hemN
b3868,485.31726137774166,0.23396989214596936,0.13307830381323874,1.7581370173933177,0.07872419858266091,0.09432333210693342,glnG
b3869,253.1066384785039,0.23183741837098532,0.15290441914921513,1.516224447017072,0.12946260839131518,0.1514468249105951,glnL
b3870,986.6786560638211,-3.0651530385888957,0.17195599204479683,-17.82521796501504,4.503322461420981e-71,5.3722562263347316e-70,glnA
b3871,4343.855753323308,1.0306419643842748,0.11131758587874259,9.258572724591291,2.0718305639869477e-20,6.826495615771365e-20,bipA
b3872,117.12246436489464,-1.6100044170204293,0.21557363561503154,-7.468466226990546,8.11349333638021e-14,2.0861914524968273e-13,yihL
b3873,116.29587214013866,-1.900424937056185,0.21675639571029148,-8.767561071629101,1.825780043684751e-18,5.57356709590865e-18,yihM
b3874,71.34081136323302,2.462680428706992,0.27625243838854946,8.914601597989257,4.895732690773556e-19,1.5316997373692392e-18,yihN
b3875,6.033498631959657,4.811499080801829,1.5074620227917943,3.191787924375709,0.0014139510801166007,0.002025451563512293,ompL
b3876,101.99699295823143,4.007537670738045,0.3250452660267407,12.329167933208275,6.309486926758973e-35,3.3625134929289345e-34,yihO
b3877,18.792082961155973,2.1520761850172425,0.48241472611404046,4.461049940064439,8.15590796438672e-06,1.359935865879937e-05,yihP
b3878,30.566137055897457,2.2957621134830624,0.4103276855568952,5.594948121444115,2.206877489870213e-08,4.294727988686418e-08,yihQ
b3879,9.350738625139877,1.7639619851077486,0.6578408232609309,2.681441957894543,0.007330562990271724,0.00980717117730834,yihR
b3880,43.78411912526059,-0.6853130397436503,0.30518250590423146,-2.245584286403057,0.024730647911742,0.031345900405265845,yihS
b3881,17.87669661665788,-0.5762067636755316,0.425139372483601,-1.355336157903742,0.17531047990159876,0.20165057029705716,yihT
b3882,13.530186943918402,0.08173780898098174,0.4796204965413694,0.17042184304133776,0.8646783951449593,0.8796658875498292,yihU
b3883,118.61598380971687,0.8039279043429699,0.22612774616514666,3.5551935486759842,0.0003777009461471955,0.0005643718821927884,yihV
b3884,293.23903868752853,1.688060947832115,0.1767757703264462,9.54916471140149,1.3074616663246465e-21,4.5034790728960044e-21,csqR
b3885,504.45507021429785,-0.3520581825560592,0.13601726829143992,-2.588334459134374,0.009644128953315963,0.012767956587217102,yihX
b3886,293.8083049235297,-2.175620435691696,0.1584266690493466,-13.732665394953393,6.4708455987056315e-43,4.213707444600916e-42,yihY
b3887,170.66745321542183,-0.02364109466421082,0.18010432099474244,-0.1312633396780133,0.8955669915133112,0.9068980668602704,dtd
b3888,558.6442032840557,-0.16567551845058517,0.1433989106546094,-1.1553471201021268,0.2479483072149241,0.2794517919167332,fabY
b3889,2.771669699729968,3.6380519393637054,1.641115195609544,2.216816923697095,0.026635604556139964,0.033634518432624244,yiiE
b3890,66.02679896260366,1.4785403161887625,0.2728176364987816,5.4195188227699695,5.975965827651646e-08,1.1353561317791346e-07,yiiF
b3891,1030.7194780085854,-0.8112995180794644,0.14573947894166273,-5.5667793241130985,2.5949067594742726e-08,5.03649892204839e-08,fdhE
b3892,889.6773984698399,-1.9617639595811733,0.12437487217626254,-15.772992769801487,4.773330848157907e-56,4.144418618065307e-55,fdoI
b3893,2070.0756355594062,-1.8504540424741998,0.11896972369763008,-15.553991258963155,1.4949200579337893e-54,1.2655073259662576e-53,fdoH
b3894,12424.95868322836,-1.1780533477349673,0.11526105050377472,-10.220741027311622,1.6011217120196529e-24,6.144845489372722e-24,fdoG
b3895,386.4783344583347,-0.3642169691821164,0.13440868028336103,-2.7097726755018527,0.006732933660090791,0.009038845371064247,fdhD
b3896,36.16727061071253,1.662578512435825,0.339745674605707,4.893597289694228,9.900933407232887e-07,1.754585702843767e-06,yiiG
b3897,51.70622293971815,2.7347990231748174,0.34175303452167743,8.002266979143235,1.221491814659453e-15,3.3335443075827102e-15,frvR
b3898,71.85518901007894,0.7973756577245548,0.2547442267350541,3.130102958344421,0.0017474504526498382,0.0024861916265561048,frvX
b3899,48.117066407483115,2.743901432925711,0.3779303944985832,7.2603354291368,3.86131580554181e-13,9.65767737272446e-13,frvB
b3900,4.332335831301797,2.694356900092871,1.1114398881902097,2.424203889676995,0.015341989213911266,0.019969082353529684,frvA
b3901,4.741973736092384,1.3494799105564075,0.8533085219718778,1.5814677526458383,0.11377112659815287,0.13387342937318067,rhaM
b3902,12.255071768351252,0.6033637628251814,0.5213282959900506,1.1573585540361624,0.24712589980151922,0.2786496441921843,rhaD
b3903,30.321955724145088,-0.24457859972169527,0.3438718284359549,-0.7112493071448198,0.47692975881338096,0.5144437143583688,rhaA
b3904,49.28837458316993,0.22966376068530842,0.3074723923611221,0.7469410795606374,0.4550991276912142,0.49270692574931746,rhaB
b3905,61.75365300874029,0.10149514178035839,0.23943194998294046,0.42389974181636964,0.6716389324605821,0.7026032748791546,rhaS
b3906,55.60980630296246,-0.44680946305076324,0.27139937971844735,-1.6463171858177723,0.09969847303050787,0.11823078617464862,rhaR
b3907,134.49069920589588,0.7926089096254262,0.20403659301962263,3.884640974911786,0.00010248121509266851,0.00015935086854041922,rhaT
b3908,2685.969974078283,-3.9234027129138913,0.16282677819152838,-24.095561900137255,2.7823787443989684e-128,8.7485937377459e-127,sodA
b3909,89.34801492376006,1.210780071075186,0.2296196435276381,5.272981233112361,1.3422529363252625e-07,2.4857372426183447e-07,kdgT
b3910,253.93283076852632,-0.3263664186386615,0.16609540938471676,-1.9649334069355202,0.04942194557013319,0.060786645543371425,yiiM
b3911,1340.8607151000554,-0.29367491517394195,0.1206167133362641,-2.4347779594624965,0.014900930305055056,0.019412221131356128,cpxA
b3912,817.9299012421903,-1.1484166931880275,0.11823643898381196,-9.71288295772558,2.6571314838489933e-22,9.394933969400215e-22,cpxR
b3915,779.2257975497804,-0.06964226124619986,0.1454089791353974,-0.4789405830389095,0.6319808988435522,0.6668216483004115,fieF
b3916,2598.3352372470067,-1.2132054865564668,0.12861167419742386,-9.433089912927732,3.981826631407642e-21,1.34830775626588e-20,pfkA
b3917,245.85339080888866,0.5809865288460382,0.2765283514632279,2.1010016722400935,0.035640819455896554,0.044432423462151406,sbp
b3918,92.07828001829371,3.527691607750306,0.30090274177025006,11.72369379885486,9.637615804946284e-32,4.626475984010201e-31,cdh
b3919,3345.5228731304464,-3.4980289889275835,0.10888731463000195,-32.12522047048228,1.9599843552303216e-226,2.2704871399273355e-224,tpiA
b3920,38.82815010796074,-0.05858160374437655,0.3020773893450223,-0.19392912482260188,0.8462313782827768,0.8634933999074602,yiiQ
b3921,105.49195238293908,0.27817061502006957,0.20865499060000361,1.3331606122631832,0.1824791019669707,0.20924016849664107,yiiR
b3922,259.7920151857831,-2.63307488740439,0.2588163546864028,-10.173525898681245,2.603114489342875e-24,9.861368315049341e-24,yiiS
b3923,544.2470810173471,-1.4651777105485293,0.203830393270731,-7.18822000506301,6.564143230033057e-13,1.626187770223812e-12,uspD
b3924,478.22018165643334,-1.9408102899962618,0.13846928841846987,-14.016178693219778,1.241202680841095e-44,8.444782381858577e-44,fpr
b3925,338.24250642849984,-0.06239073944924878,0.1435488636448066,-0.4346306746365246,0.6638305259388511,0.6957576131387673,glpX
b3926,1181.4118026940077,-2.398724580315414,0.20974965370322468,-11.436131302077742,2.7591672086169032e-30,1.2638765923341944e-29,glpK
b3927,601.9091946790312,-2.8797751409139156,0.23644940800531541,-12.179244453211648,4.009791824751953e-34,2.074160236493314e-33,glpF
b3928,2339.161729075982,-1.0296084159609646,0.15393536451101145,-6.68857620360079,2.253522927687383e-11,5.177457164759843e-11,zapB
b3929,2188.30837821899,-1.800426877624758,0.12758863132748935,-14.111185760771233,3.240824686101364e-45,2.232568117092051e-44,rraA
b3930,144.30267088593385,0.21629718608144746,0.1991006512826378,1.086371062515501,0.2773148588148737,0.31030503520667874,menA
b3931,1568.0273295267507,-2.744151169227106,0.14672976979456528,-18.702075066764987,4.761518486949094e-78,6.4098484341131234e-77,hslU
b3932,524.5945804388758,-2.0799717568550844,0.14888053933196713,-13.97074302785307,2.3516038760741597e-44,1.5804214141188475e-43,hslV
b3933,759.6001190259327,0.28444175833843155,0.12144000178947377,2.3422410585231606,0.01916832994824263,0.02459311816734598,ftsN
b3934,601.5169155036398,-0.7801609633285866,0.1672840439296951,-4.6636902420679585,3.105887863386916e-06,5.334419966691067e-06,cytR
b3935,602.7152323494253,1.2813229205097312,0.1273914570441543,10.058154214105741,8.456898873568469e-24,3.146852818381099e-23,priA
b3936,2909.058815649629,-1.7464303432489343,0.16049129403621146,-10.881776196875135,1.407924095289978e-27,5.93647688454644e-27,rpmE
b3937,301.976819051644,0.9614095086891052,0.17909228136844324,5.368235310550404,7.951077276429541e-08,1.4989568381517278e-07,yiiX
b3938,1350.8719174379605,-2.332588948960442,0.1741173781437758,-13.396646410758198,6.325753331769792e-41,3.933046068707715e-40,metJ
b3939,521.9359363407442,-1.415362279407833,0.22031953105244897,-6.424134404456833,1.3262198761194338e-10,2.9073804256363287e-10,metB
b3940,1518.2706481002751,0.23080592112926393,0.14667386055831186,1.573599551076822,0.11558005711307497,0.13589300518476388,metL
b3941,818.8678633885421,-3.979239229543392,0.25613828066417776,-15.535511596412105,1.994739879278814e-54,1.6853829075979537e-53,metF
b3942,6620.081977630704,-3.3042089106979073,0.14132555274168188,-23.38012373981241,6.8087224833922765e-121,1.896961795689418e-119,katG
b3943,241.77541769298443,0.36236841290960753,0.15152706714643752,2.3914434545176704,0.01678226885825228,0.021689826046396517,yijE
b3944,32.119116770170486,3.4360373036334035,0.4929534470024967,6.97030789525243,3.1624808847233665e-12,7.598930597463024e-12,yijF
b3945,845.2645394975469,-3.350664184247263,0.1974493790063707,-16.969737768277074,1.3754488212321757e-64,1.445041935814806e-63,gldA
b3946,35.80482350183333,-1.8248690808546755,0.368360240921123,-4.954033791191473,7.269057450049035e-07,1.2965312356205775e-06,fsaB
b3947,63.19527822477853,-1.1321840688282536,0.30331913190696924,-3.7326497069611313,0.00018947601301595043,0.0002891069009692249,ptsA
b3949,31.916837330315033,0.9766018590304341,0.37130934637632046,2.6301569528515243,0.008534545569057764,0.011350172083079238,frwC
b3950,7.344877713424023,0.4737441996987296,0.639100980270392,0.7412665827836739,0.4585318192983292,0.4956918144772213,frwB
b3951,130.8982814926535,-0.5977050101564342,0.18316979453637575,-3.2631199465462943,0.0011019287117970792,0.0015919560844538047,pflD
b3952,36.87637440413413,0.36412510708023,0.32448455215687316,1.1221646906142775,0.26179242256471924,0.29435766133586055,pflC
b3953,17.74596208197089,0.1240748032101482,0.4337356187442583,0.28606090403496676,0.7748314748924771,0.798597085571689,frwD
b3954,78.81345415585034,-0.33052913048362775,0.2502292677086808,-1.3209051583383633,0.18653298958662712,0.21333287091720773,yijO
b3955,292.6308038133032,-0.043802384426206244,0.16572605669169369,-0.26430595948887775,0.7915441685088808,0.8135366401531855,eptC
b3956,3111.046071652923,-2.5941277392760687,0.12474170539371048,-20.795993858577354,4.7050568790975465e-96,8.96608674536251e-95,ppc
b3957,375.994876875299,-0.4448762414387944,0.13118172290069702,-3.3912974429796163,0.0006956256155358289,0.0010196949582380016,argE
b3958,81.83519745208983,0.8550581629240013,0.24346240303025166,3.512074769169822,0.0004446228924074159,0.0006601112891660859,argC
b3959,99.99715777898176,-0.2317537823651029,0.2040324826639196,-1.1358670900792085,0.2560121934753733,0.28807916044953813,argB
b3960,482.9315311118168,-0.5291563515607797,0.13446683305335014,-3.935218369803022,8.312108438448424e-05,0.00012998188755257537,argH
b3961,1854.962384448684,-0.5596049255841263,0.11504924408516767,-4.864046956882801,1.1500960980792861e-06,2.029147504507021e-06,oxyR
b3962,1439.684947486984,-1.5266492000085476,0.11975965848516489,-12.747608162206474,3.2145733098066644e-37,1.8003246450087708e-36,sthA
b3963,802.825239926795,-0.16716189057623917,0.1153484374898136,-1.4491907668103543,0.14728431532602532,0.17102230442235913,fabR
b3964,890.0104222521377,0.7532555805523227,0.11839464862458451,6.362243473865169,1.9882793342870097e-10,4.3221756195216876e-10,yijD
b3965,864.0758440021441,0.031868883636778096,0.1463210018022965,0.21780115803087616,0.8275840422463685,0.8466453250556251,trmA
b3966,556.6662603217507,-0.07724317420098221,0.14438908939736297,-0.5349654501138015,0.5926737484716766,0.6291173958939765,btuB
b3967,10.332134612883005,-2.020417852394622,0.6592332485971869,-3.0647996846244685,0.002178158307421556,0.0030692230695485564,murI
b3968,0.0,,,,,,rrsB
b3969,0.1938600070058517,-1.3967302712687888,4.426108047723433,-0.3155662392803981,0.7523317663170519,0.7773058243627571,gltT
b3970,0.0,,,,,,rrlB
b3971,0.0,,,,,,rrfB
b3972,136.66905684373816,-0.13877081918209877,0.1971749846774683,-0.7037952578472114,0.4815602873467346,0.5190569012978271,murB
b3973,424.6121627568828,0.842815703115196,0.15284195290039176,5.514295565592945,3.501796823530042e-08,6.737285671844076e-08,birA
b3974,133.1745598063178,-0.6146787876828708,0.2550882975495679,-2.409670665364131,0.015966926306552155,0.02070901873937613,coaA
b3976,4.803814157658505,2.4167598149857117,1.0196917043146594,2.3700887285437213,0.017783816877349968,0.022910261016708972,thrU
b3977,71.70523519316791,1.774699001523276,0.27490362881778063,6.455713259062258,1.0771038231033747e-10,2.376647132481732e-10,tyrU
b3978,9.49007380964209,0.8186044450097646,0.6308343566654756,1.2976535541545677,0.1944064105007397,0.22176134206381345,glyT
b3979,6.132632181128269,1.3046482431655337,0.8167976727210897,1.5972722336722784,0.1102050373326655,0.12985079612912032,thrT
b3980,176.1302146650546,0.5976056483102254,0.17414833172843092,3.4315898543440495,0.0006000543095363494,0.0008840157532058265,tufB
b3981,2100.107064368462,0.4666413993870358,0.11469786587529186,4.06844012158346,4.732891992954891e-05,7.515941757931975e-05,secE
b3982,2831.2276985056465,1.077407457561068,0.1198993065234364,8.98593568888132,2.5654199140930686e-19,8.101132325565055e-19,nusG
b3983,3200.9648969205177,-1.2822476983943905,0.11745532509948954,-10.916897103713888,9.570990018952706e-28,4.0550046259316476e-27,rplK
b3984,9285.569692171479,-0.6654471958032028,0.1243749683420291,-5.35033057434221,8.779371219180188e-08,1.6494576229974898e-07,rplA
b3985,6929.991995002737,-0.9071206761560955,0.11297733599730284,-8.029226996268983,9.808872262292922e-16,2.6952968600882298e-15,rplJ
b3986,5761.281363736448,-0.45817327061136753,0.11010302431434088,-4.161314127968878,3.164214809599574e-05,5.102151498848837e-05,rplL
b3987,13640.247876349318,-2.090718658198544,0.11170514284965347,-18.716404678095177,3.6389999161040555e-78,4.944098034163596e-77,rpoB
b3988,25253.000368903988,-2.900472945584817,0.12360523738941533,-23.465615267150426,9.158624263898989e-122,2.6010492909473126e-120,rpoC
b3989,22.96495145723844,1.4281570080017842,0.4315569401661143,3.3093130363100176,0.0009352520614232254,0.001360085753017852,yjaZ
b3990,1307.4645562882465,-3.665739265956267,0.14495120527573643,-25.289470749712212,4.170749308232184e-141,1.596490300420702e-139,thiH
b3991,789.9503711219828,-3.156594613134594,0.14886017473278165,-21.20509813186089,8.56917305376117e-100,1.7383179623344087e-98,thiG
b3992,617.3592872421199,-3.048894282217851,0.15983424963025444,-19.07535017851854,4.0470265140163566e-81,5.765375635825243e-80,thiF
b3993,412.9380831339034,-2.1043169823987182,0.15213320266022842,-13.832069170978158,1.6325595208144114e-43,1.0806807534774495e-42,thiE
b3994,1311.8252522126247,-0.5572960944311982,0.1356437280170335,-4.108528293775703,3.981884284388775e-05,6.376229399737864e-05,thiC
b3995,943.2296140441348,-1.1771217190297834,0.15658988832452697,-7.517226888815711,5.59502734697613e-14,1.446230791625891e-13,rsd
b3996,480.52372462370704,-0.7558039196246451,0.17635326769985918,-4.285738106712999,1.821334524185198e-05,2.979381113141301e-05,nudC
b3997,1181.6430934304117,-0.7800462594374078,0.10735146016327138,-7.266284578253817,3.6950972907236556e-13,9.25245635595309e-13,hemE
b3998,416.98993773909734,-1.0836216866527322,0.13158035063774115,-8.235436988886677,1.7890339180429187e-16,5.061264336262807e-16,nfi
b3999,322.8109163305191,-1.4808066807204354,0.14316840906403885,-10.343110539546993,4.496992985032324e-25,1.7533891160418327e-24,yjaG
b4000,1323.1360820209343,-1.6017070983547006,0.1330950329286182,-12.03431159759156,2.3458257066468037e-33,1.1842115551214714e-32,hupA
b4001,258.8558602574919,1.983291026932813,0.1615596135764955,12.27590845897735,1.2201450356048065e-34,6.440142022460861e-34,yjaH
b4002,16.706386850378934,0.6471615217562813,0.45877062609739205,1.410642889806323,0.15834993835359767,0.18305053272913258,zraP
b4003,272.2594925180582,1.8921907533565432,0.17144140514783304,11.036953131158233,2.5348332011016908e-28,1.0918136742905717e-27,zraS
b4004,517.287589761636,1.8093950327637915,0.13284094354650108,13.620763180821667,3.0140149943685376e-42,1.9340661815175367e-41,zraR
b4005,798.7148818212949,-1.6058783799111027,0.13994629081723978,-11.474962076760358,1.7625493346771272e-30,8.132853428981881e-30,purD
b4006,585.7721222457974,-1.1049283477789744,0.1415187739267961,-7.807645000871223,5.826642484897896e-15,1.5535360520000327e-14,purH
b4007,0.0,,,,,,rrsE
b4008,0.0,,,,,,gltV
b4009,0.0,,,,,,rrlE
b4010,0.0,,,,,,rrfE
b4011,0.1360822751023412,0.5268438808493364,4.426109897033248,0.11903090820281519,0.9052508686458667,0.9129242437065532,yjaA
b4012,2.7595122670640637,0.5057096082657366,1.160000966799345,0.4359561955030797,0.6628685117799796,0.694914786581441,yjaB
b4013,301.3506105253096,-2.803202405975051,0.2646911572400729,-10.590464884448586,3.299491242923964e-26,1.3325101331514944e-25,metA
b4014,20912.787837854794,-3.502020731635916,0.13557258706337655,-25.831333660386786,3.94416252949404e-147,1.6226358369002584e-145,aceB
b4015,47140.71146561537,-4.954475165707688,0.1923541163340346,-25.757052981928087,2.6872890206455595e-146,1.0953190989705327e-144,aceA
b4016,10294.790673506861,-5.115491280905454,0.14573893473882912,-35.10037513360895,6.652512838845135e-270,1.2732331094172297e-267,aceK
b4017,19.645748010075575,1.0986171382293939,0.4555468449211657,2.411644708942094,0.01588074843088276,0.020609391094559528,arpA
b4018,2437.525902154228,-1.943157055930729,0.1399488918532407,-13.884762002749168,7.836022291072813e-44,5.234320201108122e-43,iclR
b4019,1769.440439763045,-1.7458115462807,0.12019505437702811,-14.524820137810616,8.436344260667099e-48,6.118086892167475e-47,metH
b4020,493.89427402132713,-1.0933906540929779,0.14967829619952244,-7.30493786911817,2.773948908830184e-13,6.989652602558941e-13,yjbB
b4021,135.22816338633717,-0.5500635971283067,0.2135500736155754,-2.575806169556794,0.010000669043095713,0.013220103641954152,pepE
b4022,309.4680225777509,0.5932602093482273,0.152760693617411,3.8835920111363658,0.00010292455740324988,0.00015998372234784817,rluF
b4023,393.97120676412396,-1.9809353524342284,0.15589434824498702,-12.706909357106394,5.413188586365049e-37,3.0086939592397658e-36,yjbD
b4024,381.546499931239,0.909318337042723,0.1538807767534272,5.909239322984317,3.436910789753671e-09,6.988120691222013e-09,lysC
b4025,3365.027898373219,-3.525216170142479,0.1398502684881595,-25.20707473965946,3.3505376548957474e-140,1.2606039963120582e-138,pgi
b4026,65.44628278342945,-0.32001685452889794,0.23917559130013696,-1.3379996377946226,0.1808965548618634,0.2076418864411793,yjbE
b4027,19.424503882647333,5.028481900446199,0.9048832609159566,5.557050414830507,2.743715331685142e-08,5.308938413221097e-08,yjbF
b4028,20.715902676591224,5.734378670065576,1.0954008030369753,5.234959344713948,1.6502118275183735e-07,3.0445232459077453e-07,yjbG
b4029,167.10973108783247,1.3755604947455016,0.20458860313914864,6.7235440960019135,1.7735677629234234e-11,4.0982914920676694e-11,yjbH
b4030,162.40926937914375,2.424810507350973,0.20125416430103782,12.04849855292395,1.9751495445404166e-33,1.0005302986268024e-32,psiE
b4031,164.48588220652172,1.785314357999323,0.1924290386679591,9.277780372222955,1.730457646508089e-20,5.718824744691147e-20,xylE
b4032,192.85294174079343,-1.4577518507852973,0.24245054005775163,-6.0125741540442075,1.8260025851971065e-09,3.775511216551274e-09,malG
b4033,176.25822943342746,-1.6824721823119242,0.2959906694311034,-5.684206821605728,1.314211587735183e-08,2.5901639333115602e-08,malF
b4034,1011.4518245666374,-4.9223881527202105,0.4528357970726847,-10.870139208385325,1.5995660028500035e-27,6.725204913606223e-27,malE
b4035,72.57484930344027,-2.038425115529323,0.4441975587546278,-4.589005669559156,4.453623346608207e-06,7.554855480450608e-06,malK
b4036,481.8565129905231,-3.2883397935614145,0.4574640798450884,-7.188192337800487,6.565473198793127e-13,1.626187770223812e-12,lamB
b4037,134.07750914551252,-2.4509110563319143,0.29350211373577795,-8.350573783391285,6.793214059571144e-17,1.9506672074515444e-16,malM
b4038,13.25895160021252,2.395509829483235,0.6137212370534472,3.903253928419324,9.490803749551142e-05,0.00014778393387168066,yjbI
b4039,478.17695699182326,0.045587313671024025,0.17613468425223694,0.2588207647151419,0.795773535721052,0.8173110369211551,ubiC
b4040,795.4477792145499,0.1449764029814433,0.14524357044804645,0.9981605556391997,0.3182015099532327,0.3532718907475738,ubiA
b4041,2455.401049369123,-0.9391072950873594,0.10806529930809279,-8.690183630639622,3.618541249982988e-18,1.0902682123494259e-17,plsB
b4042,262.18262669169843,0.24641265676272678,0.17079921812742302,1.442703657922445,0.14910396837249845,0.17304394114836227,dgkA
b4043,3167.5030975892546,-0.21154067550543526,0.1050739562965396,-2.013255072536009,0.044087802178930026,0.05453062803923855,lexA
b4044,991.1692361948345,2.019264228191889,0.1438316625705213,14.039080075305638,8.98716458166784e-45,6.152643621850985e-44,dinF
b4045,4743.4320344926855,-5.083130535671484,0.20476419276356003,-24.824313602236806,4.8991838362655535e-136,1.7533501827025176e-134,yjbJ
b4046,733.9596505495647,-2.7396709350025694,0.17273310157208485,-15.860717546713257,1.1853184145430887e-56,1.0519700929069912e-55,zur
b4047,1.8364973741655166,1.8498338834102341,1.4856777733597515,1.2451110978304334,0.21309091529242408,0.24213376590533062,yjbL
b4048,9.569876146026004,1.6507067625362941,0.6365891958913928,2.5930486618216464,0.009512930952990344,0.012601842327735027,yjbM
b4049,493.4879912636323,0.9731108600734989,0.1659470187593002,5.863985188459209,4.518878068043198e-09,9.145793680701681e-09,dusA
b4050,530.4764475552118,4.376315546749893,0.2601337085814076,16.82333124228822,1.6463540734176067e-63,1.6814966661680522e-62,pspG
b4051,1578.0379093558738,-3.2211118548600988,0.151185546346751,-21.30568650704434,1.0054288836632353e-100,2.0585571841328196e-99,qorA
b4052,871.7755228354139,-0.6779437754426646,0.13366735923943565,-5.07187229028949,3.9392072216166343e-07,7.121310139448224e-07,dnaB
b4053,799.119556159007,0.47001560304359,0.11684039591188991,4.022714912726175,5.753111759111164e-05,9.08690274976941e-05,alr
b4054,464.338661009276,-1.0821138064813882,0.13895255422152014,-7.7876496228796706,6.826717639821814e-15,1.8168809583129158e-14,tyrB
b4055,551.3916623401523,-1.9532479823282425,0.18685171661349245,-10.453465548665982,1.4126688007523282e-25,5.5821975412134195e-25,aphA
b4056,1040.9003341824944,-3.941477444297469,0.1505735451029445,-26.176427217694517,4.931155474915819e-151,2.2378295258329315e-149,yjbQ
b4057,1189.9556609575577,-3.2018765519773633,0.1486842618980971,-21.534737510899543,7.361039871443417e-103,1.5503970102437284e-101,yjbR
b4058,4728.041107200954,-0.49865808706228126,0.10163706513368947,-4.906262163378741,9.282843011850988e-07,1.6477046346035504e-06,uvrA
b4059,1230.5966948811217,-0.03717280544423297,0.12933027760175608,-0.28742538973509657,0.7737866227957241,0.7977069586760602,ssb
b4060,383.8164992217378,1.88426249701625,0.18212984597896098,10.345709605628908,4.376618436997722e-25,1.7125221653034644e-24,yjcB
b4061,245.34858301004326,-1.2723357540869213,0.17274881970916842,-7.365235584410733,1.7683430059433035e-13,4.4917749060371734e-13,pdeC
b4062,556.954936734826,0.24026891235780054,0.5871784456232488,0.40919232330262384,0.682398527594044,0.7114917855208388,soxS
b4063,251.97744333584947,3.005039241488668,0.20174048662638078,14.895568518449839,3.5217622561090043e-50,2.6961386871985803e-49,soxR
b4064,587.0430965183403,2.3905964220695184,0.15132095732718245,15.798184628852365,3.2020547349191497e-56,2.7967152664908924e-55,ghxP
b4065,664.320274964035,-1.1084500564171293,0.13257922631104888,-8.360661675733082,6.236746368067294e-17,1.7932173424057626e-16,yjcE
b4066,13.499540896495683,1.3089957756116302,0.6998754256252065,1.8703268148646448,0.061438448048263,0.07468987801945697,yjcF
b4067,2285.554428442265,-4.4970210946160165,0.1711400673530978,-26.276845417722782,3.5279219091788687e-152,1.652118323851636e-150,actP
b4068,348.1417801176367,-4.428008649159951,0.2566392209556444,-17.253826724814033,1.0472745334768e-66,1.1612348857342251e-65,yjcH
b4069,4548.007577857357,-2.7416402380107496,0.23037731041906961,-11.900652165022448,1.1742587228871811e-32,5.81449594842449e-32,acs
b4070,300.7799226898235,-1.097371759195878,1.0501984939541709,-1.0449184278146237,0.29606067204916664,0.33027346131789953,nrfA
b4071,66.0186973292324,-0.571276960438601,1.1134251503299013,-0.5130807044095734,0.6078948683571382,0.6437222060399621,nrfB
b4072,54.15151387994527,-0.5312699654013262,0.9411607865241426,-0.5644837449755968,0.5724249596015644,0.6104202209704667,nrfC
b4073,89.09065198088706,0.08164995317745428,0.8247227035958092,0.09900291676397252,0.9211359542412854,0.9280934929206084,nrfD
b4074,55.50471236788587,0.8929608318336612,0.2778920526842657,3.213337060949425,0.0013120221809245396,0.0018855767680149601,nrfE
b4075,6.54500052449304,2.5218726709465975,0.8453015342703204,2.9834000870748723,0.002850650907694971,0.003967298544316555,nrfF
b4076,12.966800680728007,1.5356310460103233,0.6072453342010826,2.528847830557091,0.011443763064505137,0.01504642921444194,nrfG
b4077,809.8901345311205,1.1478327499286674,0.17793988566168695,6.450677124245295,1.1135150560297406e-10,2.453299938259719e-10,gltP
b4078,511.04659984686896,-0.5595919519624816,0.1264261925994079,-4.426234314716698,9.589236047223056e-06,1.591097515261059e-05,yjcO
b4079,517.3971254214624,-1.396867366957136,0.17744898305993434,-7.871937854303378,3.491896204158745e-15,9.38420457308107e-15,fdhF
b4080,37.367192166891236,2.9651322647893683,0.40478989635886164,7.325114315997318,2.3869515337919175e-13,6.035244486933958e-13,mdtP
b4081,32.88380995839482,3.4780310673241397,0.47559386989996977,7.313027537667094,2.61189460734316e-13,6.600206694330993e-13,mdtO
b4082,13.665601237677912,4.5045964590354135,0.9561272146703728,4.711294051585368,2.461487679057231e-06,4.2592251427711995e-06,mdtN
b4083,27.353413354563997,4.7888171365177845,0.7343151475218563,6.521473992030444,6.9619794813983e-11,1.5509429998540138e-10,yjcS
b4084,56.487420279160624,1.4320106580054648,0.27834284639714146,5.1447726303777985,2.6784501350515734e-07,4.886256732075021e-07,alsK
b4085,16.448807944921306,0.2585981116713786,0.449375021072622,0.5754616957883545,0.5649790890092914,0.6032107566866118,alsE
b4086,13.908632489363013,2.298154558796377,0.6708864307218689,3.425549323338645,0.0006135575202485552,0.0009027006029860093,alsC
b4087,37.455663162162175,2.883685325818952,0.4056670835848728,7.1085021252793705,1.1730909251321477e-12,2.873648443200731e-12,alsA
b4088,77.50432797411727,0.7944148667469704,0.2294656508237776,3.4620208466715394,0.00053613562589543,0.0007914383048932538,alsB
b4089,456.3806968704232,-0.5269188030786276,0.16815311219909954,-3.1335655712083175,0.0017269632821126444,0.0024586327192302267,alsR
b4090,36.768190552072326,0.9834680106832082,0.31717627328248493,3.1006985500687425,0.0019306472916518567,0.0027371044695173826,rpiB
b4092,107.85345928218403,-0.03242486783697605,0.22220512878131493,-0.14592312974417102,0.8839820721357866,0.8974375188057503,phnP
b4093,35.29442866698267,-0.6310351801120198,0.3177145172876617,-1.9861704321829106,0.04701440278991992,0.05795502690597241,phnO
b4094,13.108569886661618,0.781775581756898,0.5007420370596918,1.561234176278484,0.11846850798481261,0.1391775746328116,phnN
b4095,16.927795185479244,1.394605188659934,0.4752976917781089,2.9341720205765287,0.003344387997012025,0.004617941017204183,phnM
b4096,15.383732572669535,0.43588066843273965,0.5878478065841867,0.7414855742432993,0.4583990753418544,0.49567003921759845,phnL
b4097,10.544894592276114,1.855497046745611,0.6212194882151026,2.98686226357266,0.0028185667862921635,0.0039251284382341356,phnK
b4098,5.487449463190596,1.1302200180707607,0.7836279144536599,1.4422916759655537,0.14922010745382577,0.17308746060915442,phnJ
b4099,8.450912777580099,1.2350298974130482,0.6366209855043767,1.939976729536443,0.052382518012041565,0.06423059729498802,phnI
b4100,2.7430233184596733,2.597925503790137,1.3696208586084309,1.8968209249015782,0.057851576652549606,0.07055503774057671,phnH
b4101,0.5617319038960646,2.4028927939090132,2.743271284039048,0.875922409821285,0.3810722158576385,0.41749126286842325,phnG
b4102,4.562528559926565,2.7472497701267913,1.0977420974257257,2.502636800182178,0.01232719751110594,0.016169345483876146,phnF
b4104,6.86617629195203,2.990285455735945,0.9147808625134176,3.2688544090438763,0.0010798384897014435,0.0015620930107347205,
b4105,12.969416338101682,3.111376586821603,0.6872501509456814,4.527283962819411,5.974663081009993e-06,1.0038346138399233e-05,phnD
b4106,4.198436972311174,4.285237570087695,1.5663628314891782,2.7357885950432173,0.006223099126486425,0.008392794839091066,phnC
b4107,187.13943659495058,-3.8545518602811195,0.2246330129871309,-17.159329383619784,5.352814196898311e-66,5.832447548204546e-65,yjdN
b4108,122.09977145642206,-0.25298469288192477,0.1823810511721849,-1.3871215855811874,0.16540469097259913,0.191055221637728,yjdM
b4109,195.04423478166902,1.5329403059064288,0.20783506561145682,7.375753948913643,1.6341757989489367e-13,4.1605794487988547e-13,rdcA
b4110,58.812336589937736,2.5755874893742696,0.3153914554539911,8.166319806181283,3.1793972640481523e-16,8.903121346272244e-16,rdcB
b4111,4064.8091844279957,2.119833922774027,0.15382330571943117,13.780967148375659,3.317971134232368e-43,2.1734685912040005e-42,proP
b4112,215.5091188086161,-1.517193881893702,0.1702723337018531,-8.910395769581152,5.085071510468774e-19,1.5898071583155924e-18,basS
b4113,165.20725686408318,-1.3417794173379567,0.1725668184566844,-7.775419569867968,7.519774540847991e-15,1.9989159135756555e-14,basR
b4114,40.49007564620211,-0.47116170317436873,0.2887408225140427,-1.6317807058662586,0.10272569125790998,0.1215914205209249,eptA
b4115,79.77074829141984,0.9365844369542853,0.2236028686841426,4.188606534727815,2.8067254430229798e-05,4.5406855568493777e-05,adiC
b4116,10.426036840460766,0.5592928873316687,0.5456045731003738,1.0250883421916932,0.3053215056951608,0.3400815112136657,adiY
b4117,137.68972766139714,1.1574956049018583,0.1976646082293559,5.855856621326885,4.745575090614189e-09,9.591378121617842e-09,adiA
b4118,412.2235913604471,-0.5252864692748556,0.17650875079065734,-2.9759797569348563,0.002920541393968401,0.004061997856634724,melR
b4119,405.55844548087777,-0.42460468040266885,0.16704371018486744,-2.541877691370471,0.011025874891378283,0.014514324543016509,melA
b4120,204.28319861744376,-0.3015033440225115,0.15405631887967147,-1.9570981976922752,0.050335924298749626,0.06180717957129592,melB
b4121,64.76949906619969,0.7094659187252007,0.25302592545786495,2.80392579314306,0.005048452296901581,0.006861156841914406,yjdF
b4122,55.36709616107976,0.5788085267889892,0.25302326030369243,2.287570423739981,0.022162549924301896,0.02826993473392551,fumB
b4123,76.7410703912309,1.8840971586881274,0.27493813949531676,6.852803914897448,7.2416319600281214e-12,1.7037767978644463e-11,dcuB
b4124,119.1889662998641,-1.4350890722275955,0.206167592647894,-6.960788811646703,3.383727020324902e-12,8.11725686292655e-12,dcuR
b4125,532.8907697601043,-0.5965591370948199,0.13995344080925806,-4.262554272658917,2.0210339181245872e-05,3.295033817623864e-05,dcuS
b4126,12.7747432431731,-1.63487342316096,0.5613564366864655,-2.912362478305537,0.003587061116205779,0.0049437204237751525,yjdI
b4127,73.626369653866,-1.7860872891500232,0.2961221884610558,-6.031588846591678,1.623554220622656e-09,3.3616583627379735e-09,yjdJ
b4128,1.1640885448633818,0.039149218653619346,1.6987695306219133,0.023045632705271657,0.9816138729672487,0.9838488772317461,ghoS
b4129,4366.4804984357215,-3.2454163200915866,0.127029672202637,-25.54849007966042,5.706951145455236e-144,2.2632431479544098e-142,lysU
b4130,86.59724531277568,1.4080134837229723,0.24771066272194195,5.6841052712514175,1.3149926299508517e-08,2.5901639333115602e-08,dtpC
b4131,52.819188596963095,4.005589875448308,0.4346629593105696,9.215392730500158,3.1014087438812775e-20,1.0165600365275788e-19,cadA
b4132,65.9971673321141,4.349787020161468,0.4160429851625999,10.455138471957323,1.3879588529178586e-25,5.489483261944666e-25,cadB
b4133,50.037053194776114,-0.1970987079374362,0.2672026309201125,-0.737637602065244,0.46073469912217535,0.49770653878179527,cadC
b4134,2.528031762478572,-1.7419736423619139,1.15128704679812,-1.5130663088814997,0.13026281648426755,0.1523019702958156,pheU
b4135,839.7842281696127,-3.2134063726351223,0.13486831605489838,-23.826251165819404,1.7854690736852947e-125,5.274922726417897e-124,dicD
b4136,447.6820675742171,-2.0584095605827817,0.13829365238591398,-14.884338688508329,4.165851454792447e-50,3.1781764478329897e-49,dsbD
b4137,78.04797486051298,-2.0429142485703253,0.25511645484097006,-8.007771391476103,1.1680577418348582e-15,3.191676089110519e-15,cutA
b4138,6318.90094162502,-2.4186086180844355,0.1448368539484189,-16.698848063530715,1.3361960498150417e-62,1.3337721114026788e-61,dcuA
b4139,31678.928671628866,-3.6736973287420676,0.14098162721101307,-26.05798642998702,1.0922802443294606e-149,4.808217635538286e-148,aspA
b4140,788.9753737539216,-0.5178823657333107,0.18342861961644485,-2.8233454889221727,0.004752532742344681,0.006480994154833111,fxsA
b4141,157.17910665633434,0.9867386665222381,0.2140449236707162,4.609960608270362,4.027452753766891e-06,6.8477586025808624e-06,yjeH
b4142,478.29335377299657,-2.3882176248495086,0.14181920903944975,-16.839874097627916,1.2450110390173368e-63,1.2745438590126317e-62,groS
b4143,8523.036205489183,-2.4631289872193265,0.16455494621340447,-14.968428746134416,1.180780930943158e-50,9.16719163670508e-50,groL
b4144,839.0373744817199,-0.8917358373860194,0.14269383645858497,-6.249294710390901,4.123102797338867e-10,8.832067403350701e-10,yjeI
b4145,60.85957059036275,5.092833555452862,0.5296266634483222,9.61589343386559,6.851195605831971e-22,2.3822245700531075e-21,yjeJ
b4146,391.25417247971103,-0.9754270869037871,0.17765403878663277,-5.490598995474012,4.0057289296462917e-08,7.669951608657231e-08,epmB
b4147,924.6588555599291,-0.4104038171077547,0.1349600240590242,-3.040928748858746,0.0023584963546029653,0.0033074549069647195,efp
b4148,522.6092829730959,0.0056980587896288005,0.13915565825429332,0.04094737404939838,0.9673378500649505,0.9715311923308037,gdx
b4149,516.5784903181643,-3.9340493373752046,0.16526922109044623,-23.803883817073434,3.0443792267109716e-125,8.934238237321132e-124,blc
b4150,69.6608040152879,0.34677364305305053,0.2426984827380671,1.4288249318282997,0.15305455776722598,0.17730162191877075,ampC
b4151,411.0661064743678,-2.157558699808909,0.1748003887303304,-12.342985707757416,5.31477874334121e-35,2.8427285574955054e-34,frdD
b4152,237.7367948701624,-2.8771271725339824,0.1879021536831355,-15.311837124473625,6.373785789890935e-53,5.23459049386192e-52,frdC
b4153,564.8714657140786,-2.9525309562049906,0.1708828161455112,-17.278103338903502,6.87725967679258e-67,7.664227113225554e-66,frdB
b4154,2663.1315465270714,-2.895470366708411,0.13945334830242978,-20.76300355606422,9.353402471520595e-96,1.774727486191106e-94,frdA
b4155,314.26886161549635,1.665072293677208,0.14663275763980368,11.355390981375239,6.972726430304472e-30,3.148096589353875e-29,epmA
b4156,520.8760221121161,3.717736402677486,0.25214150607776825,14.744642643368765,3.3307818549258317e-49,2.5020651408504286e-48,yjeM
b4157,31.79050140621868,3.22304983880483,0.45545955873998617,7.076478639994495,1.4786353251738846e-12,3.614077013556602e-12,yjeN
b4158,101.41531499781594,4.816706652547158,0.38465368740862593,12.522190245976416,5.645544806959428e-36,3.0948553225697884e-35,yjeO
b4159,782.4597470352097,-0.7231688834666617,0.128410093704919,-5.631713696342855,1.784277108080094e-08,3.490839035452699e-08,mscM
b4160,883.1235079738898,-0.8801063130053011,0.11001566247554476,-7.999827417309229,1.2459371883225831e-15,3.396046751081121e-15,psd
b4161,1319.1957995452613,-0.1261315451907286,0.11951485185014767,-1.0553629380629381,0.2912593663917751,0.3251645272271351,rsgA
b4162,302.0230895161783,-1.4475213529181286,0.15497800540506687,-9.340172814424434,9.617700963660227e-21,3.212224555541147e-20,orn
b4163,167.81434168290608,-1.0750013259976572,0.28233261949666993,-3.807570403710779,0.0001403387924040318,0.00021570229195619692,glyV
b4164,0.0,,,,,,glyX
b4165,6.978330342204195,0.9987849068536485,0.6948260179394321,1.4374604304767304,0.15058720849070587,0.17458121985148464,glyY
b4166,328.5247142526075,-1.4888485324852911,0.14551702013926554,-10.23143912004523,1.4337275779008936e-24,5.507215355950902e-24,queG
b4167,1611.7842460486647,-1.0912293316386237,0.16342435702896016,-6.677274743355722,2.4342634665569605e-11,5.5810561353040304e-11,nnr
b4168,179.09171207321083,-1.4758170941811781,0.2003494865088477,-7.366213509691247,1.755425984741547e-13,4.466696638631382e-13,tsaE
b4169,1254.0398307773073,-0.3252712647244162,0.14268522634328937,-2.2796422100620237,0.022628917358469326,0.028806389303638512,amiB
b4170,1594.1435791424863,-0.6645867571183129,0.11222651793249962,-5.921833532410218,3.183718140496052e-09,6.495539506995806e-09,mutL
b4171,3317.307682095076,-1.5401908894567453,0.13435385931770916,-11.463689225440307,2.0077640979577696e-30,9.23529525518297e-30,miaA
b4172,1665.654411248277,-2.357379473633012,0.13237533835033602,-17.808298003319347,6.093472316559095e-71,7.230044511453676e-70,hfq
b4173,2731.4886398952185,-2.2856541358206814,0.1316250035731848,-17.364893248035777,1.5218265970194688e-67,1.722128709532057e-66,hflX
b4174,4426.558823228752,-1.3466738001069158,0.13375114111222824,-10.068503258427869,7.612774489737174e-24,2.8399519749002574e-23,hflK
b4175,2749.9181567287324,-1.328587380285751,0.13759439986717997,-9.655824521697381,4.644081607264187e-22,1.6199086557192513e-21,hflC
b4176,9.171767043177999,-1.1659941504421745,0.5850193873089353,-1.9930863416436482,0.046251993345487144,0.057063137529942375,yjeT
b4177,16650.805856056995,-2.148012648751288,0.16482095340814043,-13.032400337062962,8.004916252412488e-39,4.749008267266815e-38,purA
b4178,382.55594587567356,0.1473669247481348,0.16863079282317617,0.8739028162114001,0.3821711809097923,0.41859107697559234,nsrR
b4179,5428.665810349787,-0.453850884308538,0.11328665535789684,-4.00621664462355,6.169906222727541e-05,9.724284709075057e-05,rnr
b4180,759.2407449599983,0.3080466827935075,0.1260417599203744,2.4440049312871617,0.01452522799881666,0.018945201081715834,rlmB
b4181,6.385270971503601,5.906130435322318,2.0282253050747756,2.911969602462175,0.003591575852659251,0.00494839339699719,yjfI
b4182,68.11213498731901,4.710231609990623,0.4485387127564031,10.501282221650069,8.52146606761293e-26,3.397780220075373e-25,yjfJ
b4183,19.083609085132373,5.598759229998414,1.0805986229315852,5.181164505660195,2.2050490961221335e-07,4.0419568968931257e-07,yjfK
b4184,20.37351918961767,5.088074120139915,0.9043159237584878,5.626434287470057,1.8397282418776302e-08,3.594533386926466e-08,yjfL
b4185,53.97467638949258,5.283287953926715,0.5959723866164905,8.864987829254112,7.651242905554407e-19,2.3769069350917783e-18,yjfM
b4186,141.38794007924704,4.277219239240135,0.2929499153246488,14.600513656063344,2.787373320275898e-48,2.0552792890878565e-47,yjfC
b4187,6627.821964519141,-5.301181984820639,0.16498114424739918,-32.132047628856284,1.5736175383654426e-226,1.8721795686174805e-224,aidB
b4188,1874.903782798694,-2.2673098688458735,0.15892380129712147,-14.266647603066996,3.5315164199499275e-46,2.4754355542387867e-45,yjfN
b4189,3561.92187811119,-2.6906858202962285,0.1689459393002305,-15.92631247274114,4.1618824616570446e-57,3.7465453161992455e-56,bsmA
b4190,161.24785293581817,-0.7560132578308487,0.21217219789113426,-3.5632060437002204,0.000366352898174293,0.0005485324686269516,yjfP
b4191,252.01075834360685,1.117482826417344,0.16352927730958297,6.833533693797217,8.28480260826565e-12,1.9429782142560143e-11,ulaR
b4192,58.15134811709163,0.5689650879044255,0.2911912680386051,1.9539222166132881,0.05071041673804711,0.06224965267174662,ulaG
b4193,41.68001240542959,0.683751896371493,0.32032400885734563,2.1345633716640884,0.03279669205864239,0.04102615471501671,ulaA
b4194,5.854159446481205,-1.436618536172337,0.7412176834050425,-1.9381870782854609,0.052600402652092725,0.0644798029725737,ulaB
b4195,17.657887669431002,-0.6867784361110664,0.46657533065752943,-1.4719561686710094,0.14103271419141875,0.16428314577153355,ulaC
b4196,73.61714070544348,0.5021518379801863,0.22780988255765405,2.2042583593936134,0.027506179615727936,0.0346642435351945,ulaD
b4197,96.24182272854455,1.5176092610216054,0.2159374716703902,7.028003288554309,2.095099611400397e-12,5.084139189296884e-12,ulaE
b4198,99.14386707614783,1.5684116861033153,0.22494453746232532,6.972437311868485,3.1149647742820208e-12,7.497033863526219e-12,ulaF
b4199,43.904669043742196,-0.7760072348870277,0.3668313276681806,-2.1154333786588957,0.03439302745185007,0.04294981754412596,yjfY
b4200,3253.784636998754,-0.8251145415805218,0.14917577448090882,-5.531156412304185,3.181264923898759e-08,6.134002713535847e-08,rpsF
b4201,504.3126047599735,-0.9897520978084705,0.15172923541602215,-6.5231469406320866,6.884735399417259e-11,1.5352890186542437e-10,priB
b4202,296.426362965094,-1.090307898044897,0.16483547007527038,-6.6145223327662395,3.7275338421496385e-11,8.414668704175747e-11,rpsR
b4203,3560.2579474673526,-0.9350735917904156,0.13901748431835412,-6.72630206463145,1.7402910489153067e-11,4.023509032208603e-11,rplI
b4204,24.413338510905675,4.932171767819674,0.8059220290807073,6.119911839915412,9.36271431539851e-10,1.9616691297660274e-09,yjfZ
b4205,36.253589753381924,8.411864317268293,1.9581156837126101,4.295897523949811,1.7398794763046043e-05,2.8482519355495976e-05,ytfA
b4206,860.6872525780385,-1.0996539842272026,0.12992559595047282,-8.463720917981295,2.589791339039271e-17,7.515004267930699e-17,ytfB
b4207,498.7695490187016,0.0920948016047634,0.1573501965447969,0.5852855835394168,0.5583557068136112,0.5967180921081614,fklB
b4208,3313.604253071104,1.3093171186561117,0.1431294979449345,9.14777972015132,5.811565431684172e-20,1.8769267080171479e-19,cycA
b4209,567.1924706237616,0.25032367468463035,1.3514831181948515,0.18522145879186608,,,ytfE
b4210,195.59933494796778,0.9545753379285657,0.17178566481581847,5.556781114140241,2.7479500057327707e-08,5.314796100718654e-08,ytfF
b4211,120.92282430283085,-0.4655184316703298,0.18495621313558427,-2.516911563976908,0.01183885408433415,0.015556607665444457,qorB
b4212,271.98097233032024,0.9819511302773526,0.1521642853001043,6.45322999638654,1.0949099270808688e-10,2.4147262019088096e-10,ytfH
b4213,446.86380480933275,-0.42887244126797636,0.15261332423693083,-2.810190023789507,0.004951225739078225,0.006739423532288914,cpdB
b4214,1375.1382196208742,-2.1530696497346287,0.15903658526305883,-13.538203465405678,9.303650873536618e-42,5.884291831222442e-41,cysQ
b4215,23.984671978168368,1.5394787461897579,0.4036115655226032,3.8142582564412253,0.0001365925700189508,0.00021009101789777127,ytfI
b4216,552.3364190728884,-2.177329037977126,0.15172656431104367,-14.350348258816044,1.0600358889324569e-46,7.490012813933668e-46,ytfJ
b4217,9556.49730539608,-2.105213685193429,0.2131345452953445,-9.877393091186581,5.2172502197540175e-23,1.8917904009355177e-22,ytfK
b4218,483.780633300745,-0.5302902706888449,0.1441253235756782,-3.6793691596494273,0.00023381160911970043,0.0003547875571681907,paeA
b4219,579.2273907787742,-1.7888059239017498,0.15001825582366338,-11.923921619275282,8.882676874472043e-33,4.4282608835136955e-32,msrA
b4220,481.41196480042726,-0.003998194869740454,0.13076054318036162,-0.03057646268894458,0.975607313424446,0.978943103189973,tamA
b4221,1449.7413606527418,0.026789791346293897,0.1239476753401954,0.21613790878098177,0.8288802510734455,0.8473596993091749,tamB
b4222,386.38149725814833,0.6999390245143615,0.13621874766606687,5.138345760087484,2.7716755407997977e-07,5.054231868517278e-07,ytfP
b4224,57.07800948617651,1.236106579069737,0.3359759984136924,3.6791514420851574,0.00023401128279617646,0.0003549681829320361,chpS
b4225,203.2294306589315,0.9143100920368443,0.18135424357669602,5.041569880057292,4.6172818318812773e-07,8.323208281712278e-07,chpB
b4226,1173.8842842103386,-1.9785687295444823,0.14324247769547957,-13.812723441929975,2.1360080433625522e-43,1.4097012604020922e-42,ppa
b4227,1124.7859396774727,-2.0300867934188287,0.18366132420518694,-11.05342565836458,2.1100629510063994e-28,9.106369716009971e-28,ytfQ
b4230,222.69090783527054,-1.8657844391693266,0.180560972947514,-10.333265315931136,4.983467809869008e-25,1.9396308840887154e-24,ytfT
b4231,248.81878061696912,-1.8611239916361206,0.16943288134320736,-10.984432165006877,4.540850951781555e-28,1.940662707741981e-27,yjfF
b4232,1831.3497554556952,-0.8574466082811014,0.12533254910691988,-6.8413721287167215,7.843820230848042e-12,1.8434862069510456e-11,fbp
b4233,1485.6957958132082,0.3500949704919061,0.11136621058652153,3.1436372724553983,0.001668621324038678,0.002378649957389333,mpl
b4234,979.1739270859872,-1.161642568189622,0.1162926252239788,-9.988961603990848,1.7035691900705034e-23,6.275407175473102e-23,yjgA
b4235,1402.7853556464343,-2.1498436751533596,0.11838730388066206,-18.15941071958583,1.0817962504895643e-73,1.3452166934053847e-72,tldE
b4236,210.03434536847945,-0.8887184187240774,0.16650808766555558,-5.337388899145472,9.429464581907882e-08,1.7655679748855165e-07,cybC
b4237,90.77746883979454,-1.414391650979066,0.26078954453723135,-5.423498298173307,5.8443772008413225e-08,1.111315267304687e-07,nrdG
b4238,1269.3626109249603,-2.5663252582575566,0.15345681183313337,-16.723436565645194,8.846738968283071e-63,8.870921398264711e-62,nrdD
b4239,99.77218065585232,-1.2811323850061231,0.2103164827077143,-6.091450220697,1.118923800319059e-09,2.3365761712545057e-09,treC
b4240,222.68980966473896,0.6438777209333318,0.16725495250699168,3.849678059048303,0.0001182731781347902,0.0001829369396167767,treB
b4241,330.3773447637814,0.2726579042172651,0.16860030543098814,1.6171851143464866,0.10583832853119716,0.12497326239118292,treR
b4242,747.121890519531,3.556689709719899,0.16563794066426263,21.47267525457273,2.8040321224318517e-102,5.877785429973815e-101,mgtA
b4243,3232.1080413838954,-3.568711572319472,0.16002113898088033,-22.30150088324186,3.573135326278312e-110,8.278390371724805e-109,ridA
b4244,291.23100650611804,-2.845070040330722,0.2766279007381229,-10.284826775387646,8.249027080810936e-25,3.1964979938142377e-24,pyrI
b4245,361.57445799449175,-3.4567380468081863,0.23182234459828352,-14.911151264552352,2.7890188174830403e-50,2.146374271776284e-49,pyrB
b4246,28.748515189227074,0.33103207801363704,0.3795452638601032,0.8721807634929477,0.383109772021651,0.41941039951238684,pyrL
b4248,46.54776069013309,-0.7438003643712917,0.32678533894896256,-2.276113018911962,0.022839246069086223,0.029057329825467503,yjgH
b4249,73.1368233082762,2.0318110596075356,0.2802570866780839,7.249811534440758,4.173519509381392e-13,1.0420778718262555e-12,bdcA
b4251,63.92671215432685,-0.1883003220889693,0.25055658354928856,-0.7515281355675395,0.45233487468033107,0.48983471545948765,bdcR
b4252,189.6499380770025,-1.1449423734343143,0.16313354773394811,-7.018436056460823,2.243653935973623e-12,5.432653809766716e-12,tabA
b4253,62.11349672201029,1.314153571232289,0.28813925043384714,4.560828034547834,5.095229660626606e-06,8.603452614529466e-06,yjgL
b4254,26.244776640921646,1.9692261604728434,0.43383322477507125,4.539131740068605,5.648633828642579e-06,9.512351229412638e-06,argI
b4255,3953.114187591502,-1.292024618123271,0.14578943453758866,-8.862265103237988,7.840488553569593e-19,2.4339795918768226e-18,rraB
b4256,179.149298426375,1.6106712268219556,0.18039877147864847,8.928393545144461,4.322395699011886e-19,1.3552126685933277e-18,yjgM
b4257,15.245929813475465,3.889664664349885,0.7679931458307079,5.064712732745275,4.090166590120406e-07,7.388146626881423e-07,yjgN
b4258,4245.6955552573945,-1.1394774351312815,0.12096339160056718,-9.420018900378937,4.510068350134218e-21,1.5236623850568555e-20,valS
b4259,236.72670990161313,-1.5739483903920173,0.18046916053550024,-8.721425786664556,2.747202714234468e-18,8.340128515903536e-18,holC
b4260,3076.2952232726543,-0.4820015225621287,0.10532338811483301,-4.576395909677795,4.730549134806098e-06,8.00918357362171e-06,pepA
b4261,1304.6235202784114,0.5599770074515033,0.14296536158952108,3.91687189977735,8.970538454029945e-05,0.00013988065984640388,lptF
b4262,1599.5780790923984,0.38772550023302016,0.12293439954623184,3.153921942630944,0.0016109216709343048,0.002298631181670279,lptG
b4263,834.455439758743,-1.3772576725054524,0.1605940010517935,-8.576021915421798,9.821084264288187e-18,2.9093144637548184e-17,yjgR
b4264,64.54113687552689,0.7640574542918988,0.25568911116324083,2.988228363796446,0.002805998066505616,0.003910099236707098,idnR
b4265,78.1461018633696,1.1042579750021273,0.2465714883850821,4.478449565415919,7.518712892454027e-06,1.2560673302687904e-05,idnT
b4266,40.80308514152291,0.9997615452331969,0.34423146514437475,2.9043293436696294,0.0036804078451848615,0.005067611928215127,idnO
b4267,40.3568912227068,0.7041490810794566,0.30657456056843563,2.296828150952439,0.02162857498441258,0.027604809243660246,idnD
b4268,83.63816421070923,3.5940430185038283,0.3187726789699133,11.274626891230676,1.7511943713926136e-29,7.818212599259925e-29,idnK
b4269,713.3868293175778,-2.959362301867602,0.1876799369040428,-15.76813350795545,5.155083632395275e-56,4.4582864734389e-55,ahr
b4270,4.299643065257292,5.331676528779417,2.062921275969781,2.5845273839996588,0.009751256068258125,0.012898145797016907,leuX
b4271,339.53607953691085,0.9762360807566027,0.17527626158141035,5.569699353173228,2.5517927084641872e-08,4.955002868398479e-08,intB
b4272,3.438109486923063,5.0225740232129015,2.121725526798172,2.3672119507334712,0.01792266548033107,0.02307562838386001,insC6
b4273,12.99945625246322,5.031795025547667,1.1148735478355638,4.5133325078135424,6.381685121542324e-06,1.0714026660957021e-05,insD6
b4277,67.46742406226646,4.583858135383999,0.43743692781390753,10.478900714422638,1.0799166109624413e-25,4.290426824419374e-25,yjgZ
b4278,233.53974184774424,2.2371260916603717,0.17205850479569926,13.002124447824972,1.1899117418876987e-38,7.021436310709986e-38,insG
b4279,33.09440481758226,-0.576839298898231,0.3183312821124432,-1.8120723011270876,0.06997502561865465,0.0845539562924287,nanX
b4280,86.5963513770278,-1.4536920058335967,0.23037912872229174,-6.309998713407478,2.7903778775816815e-10,6.033027218622084e-10,nanY
b4281,33.302570538766,2.574222670008428,0.4121949980232,6.245157467591444,4.233733690182584e-10,9.055828816415808e-10,yjhD
b4282,44.39427143162945,6.835477198096879,1.0586662959228026,6.456687271921349,1.0701972783412178e-10,2.3625919855857773e-10,yjhE
b4284,4.49269606212052,2.2895871538694563,1.0069134725383584,2.273866837929546,0.02297399410715275,0.02921187812238198,insI3
b4286,16.76469615390882,2.77156742504411,0.6086840802895719,4.553375905158519,5.27918179387325e-06,8.90722815509009e-06,yjhV
b4287,71.98838344359665,-0.4677960050686057,0.3751591738743009,-1.2469267384231506,0.21242436154400068,0.24150104326360822,fecE
b4288,72.72272848350902,-0.5273097858499805,0.2681793798619648,-1.9662577567350379,0.04926884381576129,0.06064917518931241,fecD
b4289,101.01634762732805,-0.3975456742326436,0.3190183768663045,-1.246152896073597,0.21270826836046441,0.2417613729209306,fecC
b4290,272.6441551617733,-0.447167725276783,0.2883679460499928,-1.550684572963113,0.12097729332530643,0.1418598948369736,fecB
b4291,807.177989912088,-1.8755961122359242,0.5135617033651345,-3.6521339109711697,0.0002600701990919605,0.00039287200288359994,fecA
b4292,131.22886927467331,0.5218166721911615,0.19752789802119308,2.6417365719913395,0.008248218122649446,0.010979333588116983,fecR
b4293,107.37251485898567,-0.38617516072803015,0.21254802653772353,-1.8168842450272804,0.06923483956686638,0.08368252712063311,fecI
b4294,20.898401244040294,0.9879886810060803,0.423857905353627,2.3309431498789572,0.019756357584179225,0.02531804543975457,insA7
b4295,1481.6022939916793,0.4567928211616764,0.12459149174268344,3.6663243594922386,0.0002460617865325443,0.00037260542976135533,yjhU
b4296,113.66158435586067,5.1628069686910685,0.4007047733811525,12.884316114148653,5.516230735074306e-38,3.174176169385241e-37,yjhF
b4297,250.54161675065018,1.2024061549485194,0.17318593027829984,6.942862812333091,3.8423252137047755e-12,9.177382306418025e-12,yjhG
b4298,99.4902076958735,3.224271959411745,0.2831207320586241,11.388328703332522,4.7807139017245815e-30,2.171795933476946e-29,yjhH
b4299,37.59346769080202,1.9490257429355238,0.3405944284467907,5.722424033251647,1.0501480538531496e-08,2.0785754195420704e-08,yjhI
b4300,45.26302907921274,-0.5352350674302373,0.2891382082488251,-1.8511391858997326,0.06414953194310705,0.07783523693868721,sgcR
b4301,45.90542370391629,-1.1625523980051953,0.2844848337578694,-4.086518014505709,4.378955000733279e-05,6.981586350317963e-05,sgcE
b4302,40.0668230911809,-1.2853571674513344,0.3082893433823882,-4.169320785950863,3.05508735921731e-05,4.935227359733797e-05,sgcA
b4303,73.25451787476176,-0.5650435180663865,0.2523200914077504,-2.239391698512322,0.025130441042743,0.03182514426644266,sgcQ
b4304,126.2582372848028,-0.9735423543204262,0.2108065019177137,-4.618179920752346,3.871205348787031e-06,6.589731610734922e-06,sgcC
b4305,221.3403441943586,1.2377719303135728,0.19354644677266075,6.39521908540877,1.6031732271922492e-10,3.502316896327683e-10,sgcX
b4306,578.6925211942233,4.185066289747334,0.2133783730421222,19.613357389884943,1.1891678896807389e-85,1.8176100869356293e-84,yjhP
b4307,366.437458904184,4.345509653864997,0.23352943751291685,18.60797379612855,2.7689238737024025e-77,3.660301168780173e-76,yjhQ
b4308,99.48727577146273,5.814971827756821,0.5142213428892581,11.308305087229963,1.1937316895617877e-29,5.362047854541826e-29,yjhR
b4309,14.25513094246682,3.047639084832356,0.6412104445955188,4.752946728362844,2.004731822774794e-06,3.4866967537948015e-06,nanS
b4310,106.83192978302748,2.53090908972603,0.24478668621440897,10.339243236085165,4.682202882238243e-25,1.8239873528860834e-24,nanM
b4311,5.866934540404361,4.773878936243134,1.5101395943928546,3.1612169854816985,0.0015711141281065646,0.0022454689584172393,nanC
b4312,35.22944107331361,2.736874747749792,0.400499130228738,6.833659654108797,8.27752778417164e-12,1.9423068926398484e-11,fimB
b4313,17.233466600529624,1.6266822943088464,0.47890041779387793,3.3967026000987577,0.0006820304782217985,0.0010000993221626771,fimE
b4314,916.9698896377587,-1.4148520667628524,0.1445402543822197,-9.78863689433839,1.2598278421412568e-22,4.501430325572899e-22,fimA
b4315,127.72541284048724,-0.42978675487947493,0.19058538323676463,-2.2550877070438813,0.02412782409764245,0.03061708898178785,fimI
b4316,67.7835935298942,0.44883650129072805,0.27758281369628174,1.6169462918616573,0.10588987472856172,0.1250005976280849,fimC
b4317,440.67342366228354,3.47840725645358,0.19592142350543226,17.754093422851916,1.6023714456777734e-70,1.8809704276996156e-69,fimD
b4318,58.61571331349899,3.3650437302948504,0.35278898775490136,9.538403541758791,1.4504791303753352e-21,4.984394326239052e-21,fimF
b4319,37.914677839808874,2.722942758242642,0.4077742638257074,6.6775738436658525,2.429302150902327e-11,5.5725836728879856e-11,fimG
b4320,140.25489388945837,2.001216550297849,0.24705804353067676,8.100187800804637,5.487441110074667e-16,1.5197006743315438e-15,fimH
b4321,1651.6372014054366,4.770694013348062,0.15075224274934543,31.645923976602177,8.62850732365042e-220,8.833183543885849e-218,gntP
b4322,1326.5918350759584,2.754514457715401,0.17879489110209887,15.406002043662788,1.4915891877882944e-53,1.2459156745055165e-52,uxuA
b4323,1081.3953746146706,1.8682457927667888,0.15224718501223292,12.2711352109182,1.2942588358772477e-34,6.814984922884743e-34,uxuB
b4324,1325.6417290072177,0.4831205100542534,0.1330717632510837,3.6305261029921687,0.000282844096326836,0.0004265432381057664,uxuR
b4325,9.536171538298849,1.9570118570189952,0.6965529997398497,2.809566332712521,0.004960829514052428,0.006750408507220646,yjiC
b4326,80.19537346589613,-0.20963478935261243,0.21543624707862863,-0.973071115911619,0.3305179583813108,0.36611475913299707,iraD
b4327,185.03124195015633,1.161803707894041,0.1944640843518027,5.974387053355494,2.30956877616228e-09,4.748585592090779e-09,hypT
b4328,281.5241935947656,0.6788818603446439,0.16326280804128154,4.158215018407539,3.2074404919124975e-05,5.168064804318746e-05,iadA
b4329,11.03255606773395,0.3145039442494241,0.5836915906742373,0.538818700276515,0.5900119589553329,0.6267453289868183,yjiG
b4330,25.677928159271943,0.572387361565455,0.47784779932192206,1.19784450692812,0.2309775567814688,0.2612722894217471,yjiH
b4331,218.00890150849264,-0.7142022417971998,0.15962793524991994,-4.474168263086383,7.670931887781854e-06,1.2810107044770759e-05,kptA
b4332,130.07963732085122,2.7073433661530797,0.23802985407465313,11.373965575360046,5.636718088435506e-30,2.555389600957065e-29,yjiJ
b4333,31.029507472132043,1.948856017324174,0.37817453459950034,5.1533242961165495,2.5590884700256473e-07,4.670442555992081e-07,yjiK
b4334,109.23464610082094,-0.8810199167116647,0.24805197155608183,-3.5517553486265108,0.00038267048682910355,0.000571603489318532,yjiL
b4335,317.02084720024874,-1.125423249844701,0.16505352842485443,-6.818534935816799,9.197361173752748e-12,2.152407436834641e-11,yjiM
b4336,303.23002099606185,-1.5576404939076172,0.17439773727131364,-8.931540731428003,4.2011632005721825e-19,1.3181411553042584e-18,yjiN
b4337,257.78680950461967,0.7378231158437577,0.1795732426157865,4.108758660790006,3.977915034991076e-05,6.372191406124714e-05,mdtM
b4339,76.77213821241104,0.8306493701789956,0.2341470772561005,3.5475538704694802,0.0003888262265857376,0.0005800111994003446,
b4340,702.2079796667991,4.059421967616481,0.2020461492502997,20.091558204297026,8.747339812217067e-90,1.453048673712435e-88,yjiR
b4341,4.607388457509889,4.410184801749899,1.5406421588379209,2.8625627154565363,0.004202300858028451,0.005753819090837089,yjiS
b4342,105.77049357003297,2.9501514014502312,0.25864900456385137,11.406003307165028,3.902516926719317e-30,1.7765128760515444e-29,yjiT
b4345,25.219152231388488,-0.12257958455267787,0.35603069291738487,-0.34429499195206137,0.7306244501806254,0.7576463674193435,mcrC
b4346,80.09238763818739,-0.8133827135462277,0.2287295938782356,-3.5560886536581386,0.0003764171027593216,0.0005626445114928807,mcrB
b4347,66.35820446692072,2.8793827836542185,0.30572682950370744,9.418155378539655,4.590819740640765e-21,1.5497537191948348e-20,symE
b4348,88.2172350514553,-2.7966638672605417,0.2554877547072645,-10.94637146294911,6.9162992351512545e-28,2.9387595784880136e-27,hsdS
b4349,347.67544673761546,-0.07951744373288121,0.13989681237530835,-0.5684006832089619,0.5697629266245774,0.607876006544205,hsdM
b4350,2938.615647556897,-3.5587515164582295,0.1371954907338157,-25.939274661459955,2.402664838266398e-148,1.0169740978892965e-146,hsdR
b4351,474.7900121617347,0.8253142946076508,0.17646591071722495,4.676904968519176,2.9123713950641466e-06,5.0118291169164864e-06,mrr
b4352,185.58119528862417,-1.7729738679425149,0.17562067755104757,-10.095473338708453,5.7851298000014786e-24,2.1673311812431072e-23,yjiA
b4353,1.5398603211997977,-1.483473887534268,1.5537292975384602,-0.9547827217292636,0.33968758684105516,0.3752333142470075,yjiX
b4354,477.817836767604,-1.0044301747193907,0.1736710335033896,-5.783521606669007,7.315278698872512e-09,1.4637207651107636e-08,btsT
b4355,461.205659878239,2.766064177459852,0.15171725320899793,18.231704825617054,2.8916487261042226e-74,3.6472887370518017e-73,tsr
b4356,214.64663934329852,1.4104004326553812,0.17319354348238122,8.14349313661834,3.840342899358997e-16,1.071304780923847e-15,lgoT
b4357,210.3391655516374,-0.9689606503417573,0.1999271658029972,-4.846568231235493,1.2561539890024577e-06,2.2100678895239086e-06,lgoR
b4358,57.69500950639752,4.143458314761009,0.4267841059644622,9.708558160565682,2.77230867703441e-22,9.786449716363652e-22,lgoD
b4359,1051.756661757413,0.18052505027575133,0.14297281153581975,1.2626530060963612,0.20671390960042002,0.23513039536461214,opgB
b4360,150.34744086964403,0.050935212917851705,0.19104955392269987,0.2666073375835281,0.789771505499156,0.8119042893991791,yjjA
b4361,310.34757007607726,-0.788880007028295,0.14086589561782956,-5.600220007605911,2.140799279780409e-08,4.1679780758926846e-08,dnaC
b4362,323.62641589669346,-0.8116812855762741,0.14245358481468426,-5.6978649335654,1.2131710002289877e-08,2.3947886739946205e-08,dnaT
b4363,31.084563272015256,-0.5401172201975248,0.3626438167266415,-1.489387645080577,0.13638532007907148,0.1589537143203793,yjjB
b4364,77.80899007850354,0.9613640991881098,0.24467817388752716,3.929096265161871,8.52657032664772e-05,0.00013328821938175876,yjjP
b4365,29.53862372377873,7.145744242207711,1.4216759306538262,5.026282071837143,5.000801771426587e-07,8.996129708957842e-07,yjjQ
b4366,50.93362127030786,3.2062263479703224,0.38644090520191254,8.296808916476099,1.0694518785422946e-16,3.041167422056318e-16,bglJ
b4367,1045.7626976688102,-0.027125954814955146,0.20294174548907978,-0.1336637504008005,0.8936684708715288,0.9051837571966106,fhuF
b4368,27.847769900732988,4.7958895938645005,0.7143878925040149,6.713285099295755,1.9029079329919533e-11,4.3948587203728115e-11,leuV
b4369,0.0,,,,,,leuP
b4370,4.255249285546102,5.320771224887065,2.0664794413600363,2.5747999802917194,0.010029806991407162,0.013250663378203579,leuQ
b4371,543.6168747415944,0.7789401106636892,0.14261584292554746,5.461806309067181,4.713141579629425e-08,8.997072521044548e-08,rsmC
b4372,215.37431190891735,1.7944989027980647,0.19064608667196,9.412723513626663,4.834446137980483e-21,1.6282503366021487e-20,holD
b4373,132.90345518172566,1.5550666018004895,0.24726493348355907,6.289070511908587,3.1937239226526647e-10,6.881435490708287e-10,rimI
b4374,404.87389941300466,0.05542032714546612,0.13537035573687684,0.4093978097626349,0.6822477467280962,0.7114917855208388,yjjG
b4375,879.6354418375322,0.20554960326710625,0.12590267064203528,1.6326071736120835,0.1025516415288218,0.12141805433294071,prfC
b4376,6844.970467350434,-3.3376321218800373,0.16878455909574244,-19.774511008360527,4.935894681795979e-87,7.732316152763666e-86,osmY
b4377,672.4123269071239,-0.8130499624574479,0.12736146882210378,-6.383798569354609,1.7274829063092675e-10,3.766408991368695e-10,yjjU
b4378,490.0765298315364,-0.7135805815083088,0.12237682526979128,-5.831010732098606,5.5092640776667154e-09,1.1104295086945458e-08,yjjV
b4379,122.57541731687944,-1.3795046581936863,0.25966224311940284,-5.312688674415155,1.0801949231687462e-07,2.0122801742652647e-07,yjjW
b4380,388.95300990683944,-3.8055386581867507,0.2537878034270401,-14.994962747612028,7.920712210760756e-51,6.171146044560857e-50,yjjI
b4381,928.7467769972053,-1.920248909163791,0.16346715337794995,-11.747001580947657,7.316927932207185e-32,3.531701398857021e-31,deoC
b4382,1330.2472561034795,-3.118101973026975,0.1470634843172075,-21.202421440671213,9.070730789497253e-100,1.831621877769124e-98,deoA
b4383,5632.395712105591,-2.2478017476671464,0.141203501903495,-15.918881028909595,4.686839534295979e-57,4.210503597953245e-56,deoB
b4384,2988.4897022671325,-3.8884625418408936,0.1431155402205644,-27.17009303006604,1.4660169566953918e-162,8.168869168826728e-161,deoD
b4385,1118.1221380822133,2.883966881913835,0.129963493027234,22.190592255853698,4.2338106717774e-109,9.706893008939643e-108,hipH
b4386,243.00729749317827,-0.694062196587516,0.15152150053317567,-4.580618553441205,4.636027266545596e-06,7.85519323607918e-06,lplA
b4387,138.18287110576304,0.31293428486166647,0.18136913188742618,1.7253999156587536,0.08445542651005944,0.10064233554338974,ytjB
b4388,663.176215555384,1.2895497431793224,0.12665811445520309,10.181343285632245,2.402220977362492e-24,9.131758844861563e-24,serB
b4389,869.0276658398976,0.3542486131176217,0.11440739336875053,3.0963786752472404,0.0019590001053055306,0.0027737273925876314,radA
b4390,1121.987521604741,-2.6197386293775176,0.13216234717794886,-19.822125479129035,1.91832928883789e-87,3.0158876890944256e-86,nadR
b4391,2828.2199951415864,-1.8518870110720518,0.10698971217250614,-17.309019469892018,4.02206034525689e-67,4.493682649700719e-66,ettA
b4392,1230.0295836150053,-1.4963468365104224,0.1110533604208038,-13.474124788664291,2.2210336297588123e-41,1.3927336236749702e-40,slt
b4393,359.2642049133513,-2.5555019597728177,0.1730306843856739,-14.769068092435985,2.3189718487113682e-49,1.7449767654747765e-48,trpR
b4394,294.8720354931807,1.4715184458216202,0.15350014750546748,9.586430174402318,9.11854442180388e-22,3.1531683067384664e-21,yjjX
b4395,684.5234164781581,0.02859453862875265,0.1296680652620534,0.2205210555965677,0.8254653759643085,0.8448497058811638,ytjC
b4396,4248.451708077371,-1.496215988613405,0.13149408934523835,-11.378579798253007,5.346326968652305e-30,2.4262403418564377e-29,rob
b4397,190.13891028925877,1.4263841337698293,0.19281569036048427,7.397655922622742,1.3860943676238416e-13,3.543314405505314e-13,creA
b4398,154.64383365740443,1.732469178395365,0.18864240791087072,9.183879688462827,4.1583314111786155e-20,1.3499244005905802e-19,creB
b4399,322.0225606716111,1.8173391346528422,0.16123010441941113,11.271710957436094,1.8101769618920594e-29,8.073352569654352e-29,creC
b4400,168.80522038254296,2.001893715680788,0.20963261657876847,9.549533600028244,1.3028147634105797e-21,4.490987148420809e-21,creD
b4401,8100.62008216399,-0.7916562298253284,0.16372301849730111,-4.835338592528933,1.329191905519535e-06,2.3348374972454084e-06,arcA
b4402,40.882688728512655,-1.4231409341409844,0.32984502357001905,-4.314574519687674,1.5991058729484122e-05,2.6256113587164902e-05,yjjY
b4403,98.67053757922379,-0.10007629578867629,0.24482871166341502,-0.4087604558662177,0.6827154625220089,0.7116536741704673,yjtD
b4406,233.77264197071432,-0.04836357237371029,0.16760886006857617,-0.2885502135980319,0.7729255992524519,0.7971927103817463,yaeP
b4407,0.9796555319492505,-3.629830464352759,2.620967043742989,-1.3849202999397572,0.16607683904196002,0.19178128160092026,thiS
b4408,48168.26970616728,-0.6288917089996707,0.14850765174812805,-4.234742800096817,2.2881344147016996e-05,3.719485854326766e-05,csrB
b4409,71.62450967874219,-0.0700320211274188,0.29653844538647106,-0.23616506465510007,0.8133045871847568,0.8335661915686379,blr
b4410,5.088805484135833,0.24191289929789667,0.7757108900730405,0.31185961470144924,0.7551472156687182,0.7795867831551825,ecnA
b4411,470.7346163963362,-4.000000094219426,0.21479631362638463,-18.622293961604022,2.1193767417520128e-77,2.8185789780037344e-76,ecnB
b4412,0.0,,,,,,hokC
b4413,39.54103230933513,1.4815231058769227,0.32447055327228624,4.565970905327953,4.971877281201654e-06,8.404840165840891e-06,sokC
b4414,26.71494541984009,-0.9505400022246626,0.4132299851826174,-2.3002687034063936,0.021433001603584332,0.02736313023752269,tff
b4415,7.1176710669466345,3.4917364568482294,0.9911237995929328,3.5230073763563445,0.0004266794849730945,0.0006343272856641547,hokE
b4417,33.848502581250976,8.311367423807514,1.9601288490356803,4.240214834803558,2.2330596056254787e-05,3.6312997354870174e-05,rybB
b4418,16.126721604671488,3.2447309989326456,0.6451807049280669,5.029181706998522,4.925774343653482e-07,8.864782772184231e-07,sraB
b4419,0.6421768215036211,1.0599956494067346,2.3925571137345254,0.4430388070244204,0.6577376653956395,0.690522585993705,ldrA
b4420,2.8883559388279565,1.4594677282023456,1.1181204423994717,1.3052866872466324,0.19179524549715699,0.21912345462716976,rdlA
b4421,0.34249248734329624,-0.43494057407016956,3.2357718849678925,-0.1344163277055253,0.8930733711563598,0.9047891783268805,ldrB
b4422,0.34302129507444823,-0.4349405731908136,3.2343520220038227,-0.1344753354711677,0.8930267133681731,0.9047891783268805,rdlB
b4423,0.1360822751023412,0.5268438808493364,4.426109897033248,0.11903090820281519,0.9052508686458667,0.9129242437065532,ldrC
b4424,0.657993998462102,-0.3341733550268121,2.2840045511355753,-0.1463102842157936,0.8836764475942682,0.897334191997686,rdlC
b4425,0.0,,,,,,rttR
b4426,41.854290699285585,3.1481330877945135,0.3893166879503326,8.086303991664852,6.150256766693516e-16,1.6984586127343073e-15,mcaS
b4427,3.42614691781425,5.005835146450733,2.0997786086415555,2.383982352162946,0.017126423655549335,0.02208922265799243,micC
b4428,2.846380735936964,1.9532853536282901,1.1865952589136328,1.6461260391488397,0.0997378124432379,0.11824558318748539,hokB
b4429,181.66677070587593,0.5920813055015416,0.1846166946354629,3.2070843141821097,0.0013408769015431255,0.0019245321553938177,sokB
b4430,12.71961457570392,-2.839559067826637,0.632308161070327,-4.490783517675987,7.0961647499767525e-06,1.187730693132991e-05,rydB
b4431,3.8605180841427633,3.2086145411226736,1.2837227091626022,2.4994607622199942,0.012438247242137206,0.016305290160776646,rprA
b4432,1054.4679230888112,1.8273163768040044,0.21429314044832698,8.527180912002311,1.4995725438963468e-17,4.403681346385403e-17,ryeA
b4433,12.313288763264234,-1.4902964224396587,0.62837366873508,-2.371672297217091,0.017707788385701244,0.022818994283915945,sdsR
b4435,7.68223253496341,5.170606844122091,1.4882874723513537,3.474198997289831,0.0005123808816438408,0.0007571334813683073,isrC
b4436,71.47316649619123,0.38042191013666576,0.24425936682379332,1.5574506520812321,0.11936352819610405,0.14015424142951455,sibA
b4437,71.29402105730313,1.453209133319334,0.2533449058799131,5.736089811129508,9.688729846895986e-09,1.921555303896209e-08,sibB
b4438,7.260698752949043,2.710429425122372,0.8886589005519347,3.050022256502421,0.002288244083842433,0.0032120058855466802,cyaR
b4439,5.246630594521755,-0.2936684707954607,0.8047876372502019,-0.36490181658215703,0.7151846982417995,0.7428605572582354,micF
b4440,1680.8962923014212,4.424051975285329,0.17799239752660276,24.855286162568323,2.267036661922062e-136,8.179914250640095e-135,ryfA
b4441,19.923317337811053,0.5310286576073807,0.4144533593631825,1.281274830111931,0.20009715043861886,0.22783953860082778,glmY
b4442,139.49941012494807,3.982712257894822,0.27415452085995595,14.527253628362661,8.141985931530363e-48,5.914360077656214e-47,micA
b4443,1820.2117176679105,0.09890783701723425,0.1787860209102545,0.5532190744760922,0.580113407165433,0.6168258981502986,gcvB
b4444,2.1379516835293715,-2.0605373819131527,1.3414501473057356,-1.5360521492741888,0.12452559076503758,0.14586526092275023,omrA
b4445,17.212030243366474,0.4537154998492726,0.47208375665155355,0.9610911060940429,0.336506361196258,0.3721861814034994,omrB
b4446,255.0768734077341,1.281996823994487,0.1736234884138205,7.383775292769889,1.5386304285533808e-13,3.919589783849527e-13,sibC
b4447,114.84280147200673,3.2418078996333413,0.25777685091097524,12.5760241393938,2.8606886109273665e-36,1.580018979335291e-35,sibD
b4449,2.2323516060981565,-0.01535161593896202,1.2928647829793114,-0.011874107904451814,0.9905260552591737,0.9914269429856486,sraG
b4450,18.20793330631079,0.03413935431208502,0.44168436808097983,0.07729355344952077,0.9383900191688238,0.9446130492524953,arcZ
b4451,3.71798711429096,1.9122048374062937,1.0646300024062125,1.796121500506696,0.07247519569439892,0.0873592035724929,ryhB
b4452,33.71256139656273,-2.873984566799324,0.4327625724055236,-6.641019233304292,3.115213807791507e-11,7.094242722140826e-11,gadY
b4453,191.34816316066517,1.2820025977772938,0.17836322990706535,7.187594654151925,6.594268593687815e-13,1.6317015373475975e-12,ldrD
b4454,42.11249863940377,0.8195909347017422,0.3253171283305836,2.519359920910414,0.011756841015395994,0.015453453015757887,rdlD
b4455,0.0,,,,,,hokA
b4456,253.6184448509957,1.8285885538431574,0.2058228978009715,8.884281454492895,6.433522478485827e-19,2.0056916395392786e-18,glmZ
b4457,9197.765455447568,0.814882456221978,0.18277101907833612,4.458488333277375,8.253968863627217e-06,1.3747245909075675e-05,csrC
b4458,7.165434168632134,5.076452879762788,1.5107691348364947,3.3601777814399116,0.0007789233171377988,0.0011395215825990663,oxyS
b4459,4.417119212944267,1.1473807887976712,0.8817326138940362,1.301279742540588,0.1931627185883915,0.2205140786374739,ryjA
b4460,168.1775035856433,-0.6024755965246442,0.19276498155822527,-3.125441102707052,0.0017753861827001145,0.0025251211554914066,araH
b4461,273.1815338426669,-0.6148298627177544,0.14658626859053112,-4.194320986743979,2.736901928719261e-05,4.4326130574768895e-05,yfjD
b4462,10.111671302792207,3.605593899280327,0.8681047316105647,4.153408877971432,3.2755868458196254e-05,5.27015105822295e-05,ygaQ
b4463,65.92931362107872,2.5094042612915253,0.29234220331139465,8.583790615474628,9.179699198499507e-18,2.724816983937615e-17,ygcU
b4464,150.8331532452955,0.8367627517414361,0.20304073445398227,4.1211570377326545,3.769743447169087e-05,6.043121141456053e-05,ghxQ
b4465,64.89966509336692,4.069381848488173,0.3975777716008214,10.23543603079988,1.3757405477978518e-24,5.289091608214973e-24,yggP
b4466,404.14626102740357,1.0718018945224228,0.1397599820963987,7.668875442350537,1.735108268331871e-14,4.55996811772949e-14,yghJ
b4467,377.7443580245258,-1.5211097358752017,0.1633024962258435,-9.314675348082512,1.2232606244235317e-20,4.067064402350745e-20,glcF
b4468,269.44301449438257,-1.8845768705850345,0.15907229083976254,-11.84729823551366,2.2224097434476634e-32,1.0918580011893543e-31,glcE
b4469,1083.7835394284737,0.7654440818848514,0.13147581692859242,5.821938207089307,5.81690575603061e-09,1.1713640959765208e-08,ygiQ
b4470,781.1910219450638,4.357040578260467,0.18952431411953236,22.989348878542813,5.957609667442199e-117,1.542670456240033e-115,cyuA
b4471,112.78338785314484,0.6468708806066485,0.2627344948384919,2.4620706200161986,0.013813746453967104,0.018043950115834775,tdcG
b4472,1071.7592382320288,-0.02776239784142496,0.11521784081771007,-0.24095572043698305,0.8095894354410134,0.8301450488728955,yhdP
b4473,268.2774682658791,0.8307468130278571,0.16668244546000494,4.984009028276424,6.228017152344386e-07,1.113555300756295e-06,smf
b4474,26.244233758392046,0.822110788022273,0.37218669748564054,2.208866661748412,0.027183916664937878,0.0342777430991282,frlC
b4475,393.7693262679772,1.2450592351300929,0.15661632603913478,7.9497410430824536,1.8690178635758577e-15,5.0630256218221075e-15,rtcA
b4476,163.03767975437583,1.9570855028161045,0.1939741738880854,10.089412748035503,6.153655040846485e-24,2.3034344804256997e-23,gntU
b4477,48.191352803767536,-0.9552928278523074,0.2759483194930647,-3.4618541240158427,0.000536467843453723,0.000791663240658159,dgoA
b4478,81.35740313035262,-1.3701907373798776,0.24357922315172492,-5.625236502730732,1.8525398683566008e-08,3.617959405725713e-08,dgoD
b4479,193.87272823854687,-0.34163130486403664,0.20590633446110365,-1.6591587906129805,0.09708379911904512,0.11522320941548575,dgoR
b4480,217.3443319941758,0.39187102857858275,0.182930967565432,2.14217982769055,0.032179014120657094,0.0402992944976195,hdfR
b4481,221.82522776879242,0.2859903794580044,0.1663137197640702,1.719583807419529,0.08550812163772817,0.10178657421559746,wecF
b4482,28.802910684883454,2.7658717055652478,0.44556853244151695,6.2075113123664805,5.383023522131606e-10,1.1441849128161918e-09,yigE
b4483,271.7964879234851,0.9187861499132624,0.14745231619632973,6.231073024922289,4.6325108847241147e-10,9.889579492994932e-10,tatD
b4484,2197.789306908236,0.7836003312031391,0.43341139491190406,1.8079827628030294,0.07060918338337976,0.08529682361515854,cpxP
b4485,458.71457161410694,-1.6461585200071647,0.16529959994386165,-9.958635837994926,2.312134070403876e-23,8.481678481598218e-23,ytfR
b4486,494.7469498125374,2.951932851239303,0.15778857581996192,18.708153210074492,4.248436992430285e-78,5.736693141312305e-77,yjiV
b4487,397.4207773405974,1.1183775590969407,0.1606985473394877,6.95947522620901,3.415425689168369e-12,8.18437881530711e-12,yjdP
b4488,1041.1807656690185,2.1269278642698826,0.13314212630802685,15.97486778413914,1.9125950386069204e-57,1.7395130908982775e-56,ilvG
b4490,851.0279218225506,2.8011905044328715,0.15790910308612707,17.7392591667438,2.0866795910135906e-70,2.4429690318196344e-69,efeU
b4491,207.12921906732848,4.26750045572604,0.24630267126408606,17.32624511875643,2.9817151210888956e-67,3.3569079189343525e-66,ycgH
b4492,4895.5056832887585,3.9810369898098337,0.12873686858320743,30.923829619459333,5.713826516156324e-210,5.133115168187783e-208,ydbA
b4493,4014.2867937171286,-2.199431678780242,0.12659263880577087,-17.374088252910155,1.296505859652772e-67,1.4709326789153358e-66,gapC
b4494,10.209148650249778,1.7674079645900416,0.6223454489034077,2.8399146610684953,0.004512560410417449,0.00617095089364946,arpB
b4495,4.531209615205314,4.391623486825042,1.5609263983785902,2.81347249389006,0.0049009578878979896,0.00667306421977326,yedN
b4496,225.72825682890823,-1.0400802473251547,0.19214876519726787,-5.4128906124239995,6.201537810705554e-08,1.176688338048528e-07,yedS
b4497,21.7680140022034,3.3606694405500646,0.5638732128333829,5.959973561544407,2.522787458946411e-09,5.167664213253653e-09,yeeL
b4498,698.2512419861545,-2.178642706204689,0.12407585892370787,-17.55895727906505,5.079983262068407e-69,5.80833410899354e-68,gatR
b4499,177.49982309320163,4.4245845629705265,0.2735881549747716,16.17242736030926,7.8926383498720994e-59,7.392211492795102e-58,yehH
b4500,294.4897842697994,2.60234833027728,0.1656014450620897,15.714526701754137,1.2027603615767093e-55,1.0361156774287034e-54,yfaS
b4501,28.555293252527083,2.7442429083391375,0.47275463385798877,5.804793251721956,6.4445475106330905e-09,1.2947922474580951e-08,torI
b4502,65.29259177437851,3.850034153871191,0.3694048805363893,10.422261200991176,1.9623140550803416e-25,7.719487462434016e-25,yeiW
b4503,7.646616220023869,3.6170184797092366,1.0278912650456447,3.518872669424444,0.00043338465700240055,0.0006440780756666331,yafF
b4504,0.13128818873344597,0.526843880849337,4.426109897033248,0.11903090820281534,0.9052508686458666,0.9129242437065532,ykfH
b4505,79.23176233515302,-0.15792515566862844,0.22038007898193532,-0.7166035895720577,0.47361872897888113,0.5111227371819158,insX
b4506,3.86470743283173,0.34817235413357756,0.9614283356026574,0.36214072462856084,0.717246872211504,0.7446511159139246,ykgO
b4508,17.541410755846645,3.5973989897552174,0.6546855944858464,5.494849772248943,3.910431531271175e-08,7.500531416407717e-08,peaD
b4509,0.0,,,,,,ylcG
b4510,0.0,,,,,,rzoD
b4511,0.5093615181246576,-1.2996353084783745,2.570420628959544,-0.5056119196352862,0.6131291122372343,0.6484849476377476,ybdZ
b4512,936.4310501484233,-1.751099531741967,0.1439982953014686,-12.160557373793495,5.041353910719043e-34,2.5925280274515457e-33,ybdD
b4513,0.29915552642917276,1.4739476917237762,3.5105274838728646,0.4198650198567013,0.6745840629071174,0.7045122289245861,kdpF
b4514,0.9919559285299119,-0.5126487958892382,1.808463377953227,-0.283472036060493,0.7768150148866084,0.8002667202272058,ybfQ
b4515,0.0,,,,,,cydX
b4516,2.1648272929308985,4.3400044542541805,2.246924045916091,1.9315314472433456,0.05341736423912363,0.0654448197552525,insA4
b4517,33.90114613118033,5.853190070399042,0.8751257094359167,6.688399172013648,2.2562501506141913e-11,5.1810188643733284e-11,gnsA
b4518,2176.671779252492,-4.37345665827832,0.18032888426800844,-24.252668539657794,6.197125007159876e-130,2.0824232275967764e-128,ymdF
b4519,6.92480598554407,6.024557358071265,2.0246625420847257,2.9755859225152577,0.0029242941762613337,0.004065932711276814,icdC
b4520,12.081681692131951,2.2361365848688117,0.6039047596241628,3.7027967559991755,0.00021323570768417533,0.0003246847406522794,ymgF
b4521,5.647944932506033,2.675034544822723,0.9547350824531716,2.8018605307236415,0.005080883382801532,0.006900971506045153,ycgI
b4522,10.185513592269473,0.9647338070544944,0.5766410986662697,1.6730229761386344,0.09432277301274043,0.1120369257426021,ymiA
b4523,52.585019180296236,-0.7953471532304588,0.2787988475006806,-2.8527634183585246,0.004334087485378462,0.0059287299908750745,yciX
b4524,10.987654490711542,1.6351175457196423,0.657429221450792,2.4871385274164144,0.012877524467775738,0.01685102934219643,ymjB
b4525,2.9692098958496573,-5.225010725364342,2.1492310675799002,-2.4311070150534646,0.015052767836391307,0.019604226040175896,ymjC
b4526,0.13128818873344597,0.526843880849337,4.426109897033248,0.11903090820281534,0.9052508686458666,0.9129242437065532,ydaE
b4527,16.217332990560703,3.434562364539406,0.7216719577307511,4.759173926251972,1.9438688083455188e-06,3.3848538347851953e-06,ydaF
b4528,0.0,,,,,,rzoR
b4529,809.4224059586446,-2.693638066816926,0.14156044242721672,-19.028183443279787,9.964754497274001e-81,1.405924656955133e-79,ydbJ
b4532,17.940056769532422,0.08537103755418358,0.44556928918577904,0.1915999141462111,0.8480556097680841,0.8649538448098021,hicA
b4533,0.5238022891140446,-1.3352284139615809,2.7853852486350004,-0.4793693851203958,0.6316758690803774,0.6666595961860037,ynfO
b4535,29.9975068141879,-1.075377758424928,0.3633809021600132,-2.9593678479872074,0.003082708875235601,0.004271351737106426,yniD
b4536,122.23318752675836,0.6065828270160605,0.18506343447372905,3.2777022037930936,0.0010465574311181037,0.0015149443642821087,yobH
b4537,55.666399539320594,1.6781881040427473,0.292451964724379,5.73833759545556,9.561038544420692e-09,1.8984073826134365e-08,yecJ
b4538,20.52875222233131,0.8917323772504088,0.45478767450707575,1.9607663690906267,0.0499062828791103,0.06133094841815845,yoeF
b4539,206.1972872974643,1.9030201193265357,0.17979838112016874,10.584189398538838,3.528213008218937e-26,1.4222704818845935e-25,yoeB
b4541,4.381097239901661,5.373612915110765,2.0872377999118275,2.5745091983950115,0.01003824173257713,0.013257827814822841,yehK
b4542,128.0357956064748,0.37659975595945966,0.18567422655528215,2.0282823467011015,0.04253143963076829,0.052753845380287975,yohO
b4543,30.272486126911634,-0.11130490982634299,0.33918433371977147,-0.32815463086305535,0.7427947493939204,0.7688178901556637,ypaA
b4544,8.270106937225197,-0.30940118370163416,0.603887401399017,-0.5123491283057885,0.6084066876357257,0.6441092445821223,arnE
b4545,0.0,,,,,,ypdJ
b4546,51.06456564082966,0.3280539112136598,0.34274431134260425,0.9571388943804817,0.3384971543978431,0.3742940149860099,ypeB
b4547,245.44289540693376,-0.6498862803975602,0.19955725521026563,-3.256640705509808,0.001127390384109255,0.001628206191223406,ypfN
b4548,0.1360822751023412,0.5268438808493364,4.426109897033248,0.11903090820281519,0.9052508686458667,0.9129242437065532,ypjJ
b4550,12.527695277288862,-0.15226133988823323,0.5667071855361776,-0.26867727068640307,0.7881780441975278,0.8106448015321303,arfA
b4551,35.07184296744666,-0.856525123729003,0.3146196761001897,-2.7224143586501093,0.006480682834107961,0.008721481453911112,yheV
b4552,0.0,,,,,,yrhC
b4553,72.56949713737666,1.5579974496596682,0.266026309665714,5.856554006321526,4.725699603700133e-09,9.555594697054656e-09,ysaB
b4554,2042.0012315252177,-0.9359917358669814,0.17512670754941342,-5.344654444570562,9.05897065409159e-08,1.6998119701326162e-07,yibT
b4555,24.648635821629636,0.6037572231549578,0.38921957002367147,1.551199553296456,0.12085386918318143,0.1417529262308459,yicS
b4556,57.86094929280164,2.584628150281103,0.3089838850964693,8.364928641745003,6.015131924829565e-17,1.731760021785464e-16,glvG
b4557,5.660900795844204,0.3232444406535556,0.8175781792016692,0.3953682337378307,0.6925711491773754,0.7212439552114517,yidD
b4558,356.0097845669272,-2.094402228792114,0.15381672758848086,-13.61621887052134,3.2074938683025904e-42,2.0552238731103353e-41,lptM
b4559,3.9099264374168574,5.204116123312966,2.079687706517289,2.5023546117065543,0.012337028519248582,0.016177420179247025,ghoT
b4561,11.209855425299965,-0.7804404216945701,0.5841843457728285,-1.3359488787090155,0.18156598311262317,0.20835595872308843,insM
b4565,6.951965642314945,-1.6024590134226528,0.7110025358311275,-2.2538021071183043,0.024208620203174186,0.030710762574747197,sgcB
b4566,59.581461130866444,1.5183607836056594,0.2843389040166696,5.339968474791069,9.296274557704585e-08,1.742111562495342e-07,topAI
b4567,10.673026201467593,1.2209148261123786,0.6143544557428815,1.9873133737364046,0.046887680545257986,0.057815005535077214,yjjZ
b4568,887.7213863379961,-3.6147236460741397,0.174956105976216,-20.660745881973018,7.814786366605093e-95,1.439359396895214e-93,ytjA
b4569,9.113712154614488,0.8272861489615684,0.6226766082915411,1.3285967995994281,0.1839810284954836,0.21090741860341633,yhcE
b4570,44.0842740604439,3.3043367802980095,0.3951113847131142,8.363051301843024,6.111662235520785e-17,1.7584011216184636e-16,lomR
b4571,382.2689966068635,-2.1498855661401755,0.15803026684578766,-13.604264607349684,3.777488644202322e-42,2.413425981390221e-41,wbbL
b4572,75.84902448734572,2.215305928266623,0.2597665585232467,8.528064354628517,1.488167510956673e-17,4.37310639735065e-17,ylbE
b4573,67.38375646967711,1.632899952001861,0.2588187037061494,6.309049263517596,2.807547505927916e-10,6.067169426163321e-10,insZ
b4575,609.8492704470241,0.35804848882808715,0.13597793664877347,2.6331366518151733,0.008460030159116939,0.011257875683323084,yjgX
b4576,28.410932026308274,3.039708714772747,0.46400592135506796,6.551012767026074,5.714817235418321e-11,1.278933679222748e-10,insB7
b4577,0.26737046383578716,1.3477247736063036,3.613684600373589,0.37295030492339404,0.7091854306929826,0.7370033011797724,sgrS
b4578,16.48874440994485,3.086895329005553,0.629142434676962,4.906512673224058,9.271000111602896e-07,1.6462663368808368e-06,yncK
b4579,9.641274938716682,3.544530046823534,0.8715097111310445,4.067114802683548,4.759879704085269e-05,7.556073010235612e-05,yaiX
b4580,301.9486141580565,3.2517370035384214,0.1764810204765942,18.425420448935377,8.214993314111796e-76,1.0604809550944317e-74,yaiT
b4581,469.4620669047608,0.21858572778340848,0.1268495388252422,1.7231889828511653,0.08485435539418176,0.10106300661395783,ybeM
b4582,86.71273367326985,0.21920489529526538,0.21404853509571822,1.0240896775922401,0.3057929195193191,0.3404401698846845,yoeA
b4585,57.24288799711879,2.4568572174386727,0.3271396168759864,7.510118281913956,5.907396333309477e-14,1.5260773861049482e-13,chiX
b4586,2.822822088058238,1.9454071513445186,1.1970135919856253,1.6252172609982196,0.10411627378076682,0.12310497909829049,ykfM
b4587,96.11261301794644,0.5160706211635895,0.21466385822827455,2.4040871408115545,0.016212908055678217,0.021009485210802332,insN
b4588,0.5176464447220177,-1.3298847672691558,2.561695080867843,-0.5191424917046028,0.6036613787335326,0.639700864031057,ylcH
b4589,2.087162746309868,-1.4292649310731553,1.243561069993542,-1.1493323211545836,0.2504189754373124,0.28192949613172613,ylcI
b4590,2.1204335132197083,4.317006450007236,2.1799858849104847,1.980291010088124,0.04767083838030568,0.05873132677025066,
b4592,0.9665765189829951,-3.6149097588392345,2.479564160426746,-1.4578811133554572,0.14487331532054562,0.16835594879647356,appX
b4593,1.001763791796474,3.231165434315651,2.4614011156373308,1.3127342040222505,0.18927252777635306,0.21629742141004835,ymgI
b4594,2.9378340706196355,2.786952299926234,1.430326021680197,1.9484734652680196,0.051358336823044526,0.06300986585703512,ymgJ
b4595,112.95573267542623,-0.1621571096282905,0.20148630673741075,-0.8048046155296475,0.42093243780012046,0.4581959918882617,yciY
b4596,30.718385528903895,-0.31806124211036557,0.33256519647347366,-0.9563876361179455,0.33887642887483815,0.37458766860123016,yciZ
b4597,16.80466267967096,2.4927890024733146,0.5529819176742142,4.507903283633092,6.5471406273959325e-06,1.0987614579411701e-05,rydC
b4598,63.80363623808341,-0.24372858286469365,0.24093336783032432,-1.0116016102690177,0.3117285756701642,0.3466976225619158,yncL
b4599,185.94053533465376,3.1546026253232244,0.26076415437036393,12.097531706151358,1.0883454763922708e-33,5.545019429489324e-33,mgtS
b4600,384.19163019274544,6.242078215501989,0.31299212180035757,19.94324387335061,1.715697430970603e-88,2.7563868945739397e-87,
b4601,108.52252292247353,-6.565259147815556,0.5431576951822616,-12.087206360231209,1.2341211522683855e-33,6.280463944838651e-33,ydgU
b4602,119.8694366876215,0.469438872348678,0.215780976081984,2.175534103480554,0.02959011536647084,0.03717342689589173,cydH
b4603,0.9555964700964026,3.1780817815007363,2.5129623928238174,1.2646754247402499,0.20598770300066072,0.23436491822406524,rseX
b4606,212.94342066360937,-0.40021348721067374,0.22916138204084063,-1.746426398926799,0.08073688604974817,0.09655405818276493,ypfM
b4608,8.025591657509707,6.227360425992899,2.0241369795825426,3.0765508899882987,0.002094105531706566,0.002954568125183431,ohsC
b4609,0.0,,,,,,ryfD
b4611,15.908805239021847,1.17556645185501,0.486703437224055,2.415365008638382,0.015719448092054757,0.020430177295903466,sibE
b4613,2907.1827322235736,3.53907536228164,0.18553032280206652,19.07545520770376,4.038904400695381e-81,5.765375635825243e-80,dinQ
b4614,10.93198076114121,6.676927895109459,1.9950237882933912,3.3467911181255245,0.0008175278764680244,0.001194410126854379,sokA
b4615,2.4956179699422707,1.8029052267643069,1.2867227875140423,1.401160564077312,0.16116606409358025,0.18620814019421006,yibV
b4616,4.174827537967787,0.32174113958420014,0.929351742080936,0.3461995335197641,0.7291927652686889,0.7563399040322263,istR
b4618,13851.12804800299,4.809159299560403,0.13652132299172376,35.226433455028456,7.876990866633244e-272,1.5761142634054335e-269,tisB
b4620,18.73156863924709,1.0460316953479705,0.4384093578020857,2.385970273518176,0.01703412789219984,0.021989510551748886,yjbT
b4621,0.35693325833268325,-0.4349405509245787,3.1981888046670015,-0.13599589564252293,0.8918245256232753,0.9039400326487815,yjbS
b4622,0.29915552642917276,1.4739476917237762,3.5105274838728646,0.4198650198567013,0.6745840629071174,0.7045122289245861,ytcA
b4623,66.83107941300123,3.3949188263801777,0.33436610944276957,10.153298227616144,3.2035008168806553e-24,1.2083813706862592e-23,insO
b4624,369.82007218361633,1.0451207071194948,0.1668706075697311,6.263060477458648,3.7749412755153324e-10,8.105995851130973e-10,ryjB
b4625,25.847525075555566,3.6294986363626087,0.5470807299095086,6.634301736350604,3.260422632894695e-11,7.405769055728816e-11,symR
b4626,1.8846284214485352,1.140622683907223,1.3310156016921728,0.8569566596042182,0.39146883748495354,0.4274983434901427,ykfN
b4627,0.0,,,,,,ykfL
b4628,0.0,,,,,,ykfK
b4629,61.88248196361377,5.980873140174769,0.6880033395472224,8.693087368021795,3.527209238642478e-18,1.0649365616258016e-17,
b4630,2.229524812097559,4.394712498552817,2.177322143993414,2.0184025182844554,0.0435493573367071,0.05387978386626887,ykgP
b4631,13.46178849364783,6.982545049642329,1.9815608911128995,3.5237600221917673,0.00042546940391238763,0.0006327419986561927,ykgQ
b4632,28.004846218180464,6.1672720305454405,1.0643266229164228,5.794529515428397,6.8512974442790015e-09,1.3727542717212638e-08,ylbI
b4633,0.0,,,,,,xisD
b4634,1.9338860660462058,1.3223315294971758,1.3962961709688697,0.947027970849214,0.34362452612875793,0.37901156703051675,aaaD
b4635,31.453380209444376,5.744593184263708,0.8795500230401847,6.531286491707875,6.520712958965312e-11,1.455587142259904e-10,
b4636,0.6708232027739155,2.671944412387563,2.8153067790631643,0.9490775329559973,0.34258118020497574,0.3780502269396599,ybfI
b4637,11.183689971118225,-1.2981246604326622,0.582402251570571,-2.2289142202524013,0.02581961277339503,0.03265094381743319,uof
b4638,24.201743403876993,0.6792853376052014,0.41573835740600146,1.6339251009784153,0.10227457844076816,0.12115519222181417,ttcC
b4639,27.79042957643215,4.288613405550226,0.6246461779987769,6.865668208024518,6.618073143337062e-12,1.5604048193342127e-11,yeeH
b4640,206.36468286026528,3.792566279852514,0.22634683962414195,16.755552170068835,5.157978998037604e-63,5.219637597554375e-62,yoeG
b4641,162.1737099513313,3.258838345747201,0.2526821425198211,12.896987152511457,4.68040841505398e-38,2.7002828103627286e-37,yoeH
b4642,57.97472750058671,2.3947589581096804,0.32178625236610153,7.442079767239788,9.911234167358314e-14,2.5410164708626264e-13,yoeD
b4643,6.0558128620930916,4.812275504893854,1.5242622390615157,3.157117838106886,0.0015933694204962121,0.0022750607165177832,pawZ
b4644,2.444278462818575,3.436066107690829,1.7100246420156044,2.009366428568387,0.044498287791565734,0.05500743129976758,ypjI
b4645,75.06884658093007,3.6844073942531437,0.3591637929286845,10.258292920368838,1.0860971664068637e-24,4.186514646692657e-24,psaA
b4646,10.426776816637409,2.3272107413886656,0.6582494175609003,3.5354543115465127,0.0004070746323019084,0.0006062051865334915,yrdE
b4647,0.1360822751023412,0.5268438808493364,4.426109897033248,0.11903090820281519,0.9052508686458667,0.9129242437065532,mokA
b4648,21.522272238734136,2.404046574833184,0.502103874625353,4.787946670650518,1.684964068783295e-06,2.941003898011128e-06,ysaC
b4649,4.437689065942581,4.359418076747805,1.5557595941002151,2.80211550247203,0.005076869363769719,0.00689764782077602,ysaD
b4650,0.40824682530702366,1.9487326060429941,3.585082826159789,0.5435669691710878,0.5867394948529048,0.6235700763743329,yibS
b4651,2.525747627489852,1.2087547250638815,1.2053947146868993,1.0027874772769805,0.31596341218758195,0.3511413634056389,yibW
b4652,2.1412214253728625,2.20266179698203,1.5610827061882242,1.4109834080222325,0.15824950640163604,0.18298248678224371,yibU
b4653,6.2156300918189915,5.868587575218635,2.0303233845530313,2.890469380330062,0.003846670023859203,0.005283320263659349,yicT
b4654,1.0742759417120438,3.3498363792898167,2.567832632823921,1.3045384408897023,0.1920500617075529,0.21935764702559624,yjdQ
b4655,9.718601999946811,6.504401223781202,2.001497208829183,3.2497678213531396,0.001154992643611364,0.0016664298974687723,ythA
b4656,393.41415940492624,0.09313168446980334,0.21342373955697652,0.43636984649938865,0.6625684128564652,0.6948032737179028,yjhY
b4657,7.185517420893596,3.54106410664974,1.0187366315539144,3.4759367602678943,0.0005090723132704992,0.0007527498565726361,yjhZ
b4658,429.79059768139246,-3.628185582451693,0.1683158537993553,-21.555816047944912,4.669650028415401e-103,9.882595877444518e-102,yghX
b4659,147.67899784089312,-0.02998237077160483,0.18767425297918663,-0.15975750693372906,0.8730720986144134,0.8876005348823959,
b4660,17.05342509071908,-1.1960084430455762,0.4964766263121027,-2.4089924472974547,0.015996629017928456,0.02074143179290753,yhiL
b4661,325.46768908906574,2.530672322845369,0.18461426228802916,13.70789174943102,9.106560091830933e-43,5.912548307409995e-42,yfcU
b4662,0.0,,,,,,sgrT
b4663,6.725448982214779,1.088877264454229,0.797294366715421,1.3657154871669666,0.17202828141565418,0.19813409073566451,azuC
b4664,0.2721645502046824,1.3644895067891167,4.054896860790958,0.33650412171592353,0.7364907439410341,0.7633699681724587,ibsD
b4665,7.960054239954637,2.567937731759427,0.799817500553407,3.2106545930573263,0.0013243301303629863,0.0019026440058282851,ibsC
b4666,6.855268568185409,0.9589695032863342,0.6992463052368854,1.3714330645786705,0.17023999607871898,0.19622845319154777,ibsE
b4667,21.964174682643222,1.2614394421930457,0.4637532631262356,2.7200659111042773,0.0065268905111241305,0.008775617602311674,ibsA
b4668,11.959084922807625,2.771686005026274,0.684072546056779,4.0517427881051375,5.083753544001411e-05,8.049886007443962e-05,ibsB
b4669,0.0,,,,,,ilvX
b4670,45.50634587351512,3.886952105545756,0.4464714266122308,8.705936984678866,3.149618096514432e-18,9.535501279818795e-18,yjeV
b4671,5.069338236189185,2.9838099849219124,1.0920692226651625,2.7322535266033894,0.00629027165600671,0.008478192232009045,ykgR
b4672,25.86372597249377,2.279085774430874,0.4572378234395972,4.984464664988393,6.213359880827097e-07,1.1113860298821974e-06,ymiB
b4673,0.0,,,,,,ymjD
b4674,1.0509516578765594,3.283744728429954,2.452724322306321,1.3388152506850899,0.18063082472536673,0.20739094690690255,ynbG
b4675,6.362265958327705,3.9707703220697788,1.1834685823280278,3.3551970718637807,0.000793084639690763,0.0011590831951921443,yoaJ
b4676,0.0,,,,,,yoaK
b4677,8.747516145634796,1.6375829031532005,0.6877748336352265,2.3809869496064193,0.01726632363723514,0.022263139030787662,yobI
b4678,1.1384593266620233,-0.004014125729210211,1.7325547914486403,-0.0023168824149300826,0.9981513969457981,0.9982935724416829,yoeI
b4679,117.95709474245781,-2.573724386620739,0.24943501129128837,-10.318216249182287,5.829609706506743e-25,2.2649551569322756e-24,yohP
b4680,73.49272516316675,0.9216903634531609,0.3017456696960589,3.054527226129068,0.002254155533547436,0.003167534273361664,ypdK
b4682,0.6708232027739155,2.671944412387563,2.8153067790631643,0.9490775329559973,0.34258118020497574,0.3780502269396599,yqcG
b4683,0.0,,,,,,yqeL
b4684,0.0,,,,,,yqfG
b4685,0.35693325833268325,-0.4349405509245787,3.1981888046670015,-0.13599589564252293,0.8918245256232753,0.9039400326487815,yrbN
b4686,282.36455392645047,0.12076023390104748,0.15282839862913924,0.7901688101443115,0.4294291885008684,0.46652203548391474,yshB
b4687,795.8155499046028,4.5020975389786555,0.24592519144244865,18.306776595647115,7.306926661470783e-75,9.350317198777438e-74,shoB
b4688,12.299997654149086,-1.968503460280287,0.5742098652573795,-3.4281951240909807,0.0006076085734067037,0.0008948454132272699,ykgS
b4689,0.0,,,,,,rzoQ
b4690,110.27432389649584,1.4969937036373366,0.20958442216399678,7.1426763887344675,9.153094484772535e-13,2.2534631947409785e-12,eyeA
b4691,88.0326643600162,-2.1227020100962903,0.24161288725496752,-8.785549621184986,1.5560184152324184e-18,4.766592250419697e-18,sroH
b4692,2.4047632215083365,1.1374309570829921,1.1915293285529303,0.9545975326216782,0.33978126541849996,0.3752426318043745,oweE
b4693,28.798007533724046,0.8847498779490333,0.374762752231162,2.3608266101197266,0.018234253846195772,0.023442519109507533,aaaE
b4694,32.58068316868018,0.9788436806419646,0.34941611688335034,2.8013695801236995,0.0050886204969448,0.006909348373704815,
b4695,0.0,,,,,,
b4696,912.9914336543065,1.8776679329091839,0.15489648445466397,12.122082302382731,8.068278680320033e-34,4.13464059962384e-33,yneO
b4697,0.1360822751023412,0.5268438808493364,4.426109897033248,0.11903090820281519,0.9052508686458667,0.9129242437065532,yrdF
b4698,2.5323470309157377,4.555784082256617,2.1776783641674426,2.0920371700521336,0.036435190793083085,0.04539703081549723,mgrR
b4699,10.010773872464176,2.2507607551891824,0.6613930508277401,3.403060785674014,0.0006663545390579948,0.0009780902570634524,fnrS
b4700,2.6257795613610644,1.2631557400405575,1.1431031074435527,1.1050234504790137,0.2691494279535124,0.30178191081287864,
b4701,7.2282999760081585,3.5149422255611187,1.010557150185721,3.4782221123418307,0.0005047514909784465,0.0007466115804056189,sokX
b4702,31.539692971429943,0.4974582329935948,0.35195373112150347,1.4134194043303363,0.1575324434749037,0.1822012128682412,mgtL
b4703,111.20691006488131,2.456496553945537,0.24577637969823643,9.994843918531215,1.605399432643966e-23,5.918733921690736e-23,pmrR
b4704,567.2171684290366,-8.787892510319947,0.5208600110618997,-16.871889420736473,7.244168299727657e-64,7.468109802201674e-63,arrS
b4705,1000.3960046797988,0.8488477748961801,0.21016740292843927,4.038912614746482,5.3699564664772645e-05,8.493908862893611e-05,mntS
b4706,0.0,,,,,,iroK
b4707,0.0,,,,,,esrE
b4708,5.895535109851548,0.6358524331532868,0.7604833898507866,0.8361161356568834,0.4030895717681585,0.43953438070929746,insI2
b4712,27.54090602648498,-1.2494340157788477,0.377744438608463,-3.30761723556148,0.0009409331870539785,0.0013676976050701476,agrA
b4713,4.728398487128323,2.3592727408613468,0.9983443810694259,2.363185275139321,0.01811860889398587,0.023321086652434445,agrB
b4714,6.745048922055756,4.985525030970784,1.5056095176966557,3.3113001560974777,0.0009286354264294379,0.0013509098305163204,ralA
