gene_id,ceftazidime_2,ceftazidime_3,ceftazidime_4,control_2,control_3,control_4,kanamycin_2,kanamycin_3,kanamycin_4
b0001,61,45,57,36,40,24,27,22,20
b0002,740,1207,669,1831,2936,2561,5126,6907,5751
b0003,476,709,732,1356,1550,1425,1531,1857,1649
b0004,753,1079,850,1643,1875,1723,1845,2429,2016
b0005,93,91,133,104,60,116,298,322,327
b0006,227,317,280,195,165,169,161,234,261
b0007,186,227,264,187,193,196,166,216,207
b0008,14325,17647,17183,10501,10198,11164,2162,2680,2154
b0009,596,725,799,661,578,609,748,869,834
b0010,122,149,207,130,170,105,421,423,536
b0011,14,13,26,20,21,15,37,39,44
b0013,3,5,4,1,1,0,3,9,8
b0014,13127,17046,39155,22675,30288,27300,18732,18665,28927
b0015,1303,1535,3198,2279,3198,2324,2501,2681,3849
b0016,2,3,1,1,1,4,3,5,13
b0018,0,5,1,3,6,0,0,0,0
b0019,3344,4609,4550,5745,7344,6671,3215,3426,4325
b0020,760,967,902,748,959,683,382,448,527
b0021,3,1,3,4,2,2,10,10,4
b0022,3,8,2,4,1,1,12,16,16
b0023,4156,4759,3673,1223,1474,946,1490,1539,1642
b0024,18,22,38,51,80,41,42,47,59
b0025,1331,1548,1583,1020,1093,899,1265,1419,1526
b0026,3916,4814,3782,5158,5745,4987,6310,7223,7972
b0027,500,640,534,787,699,694,850,908,1212
b0028,400,514,399,481,490,404,456,519,611
b0029,676,877,612,749,897,715,813,952,1013
b0030,223,212,152,237,199,312,184,261,245
b0031,327,425,376,497,512,482,156,212,183
b0032,2482,1925,803,143,173,103,410,413,785
b0033,11440,9172,2467,1815,2020,1666,685,789,1340
b0034,169,126,155,34,58,61,101,119,118
b0035,14,10,9,17,18,10,152,167,149
b0036,11,8,9,4,6,2,145,146,204
b0037,42,44,43,24,45,34,95,126,122
b0038,84,119,141,46,49,33,207,259,252
b0039,249,300,482,132,166,143,594,690,699
b0040,4,7,10,9,7,4,84,132,107
b0041,4,3,6,2,7,4,40,61,64
b0042,3,1,4,7,6,11,33,67,62
b0043,9,9,17,8,11,7,58,66,56
b0044,0,0,0,1,0,0,2,3,0
b0045,4,4,11,6,7,9,23,46,56
b0046,40,49,32,43,43,31,60,78,92
b0047,179,254,158,323,469,340,308,354,387
b0048,627,793,670,574,577,488,427,503,534
b0049,514,655,588,544,726,495,175,200,201
b0050,178,248,229,194,262,184,75,84,88
b0051,1022,1298,1136,878,1068,763,343,334,380
b0052,587,732,499,557,741,486,321,516,527
b0053,3123,4159,2493,3465,4759,3493,3143,3578,3588
b0054,5068,6663,6009,4724,6211,4572,1220,1405,1583
b0055,635,686,853,429,507,360,460,534,540
b0058,123,218,258,261,454,341,261,261,349
b0059,669,985,1350,826,1248,889,847,899,941
b0060,1685,2269,1795,793,954,765,703,788,896
b0061,24,24,9,28,39,32,24,29,35
b0062,53,72,40,172,201,272,155,135,117
b0063,27,38,45,90,114,124,142,166,178
b0064,288,429,235,687,691,843,1569,1759,1767
b0065,303,365,567,369,630,449,4019,4743,4933
b0066,63,99,55,98,122,80,174,158,184
b0067,141,158,102,123,143,109,282,361,343
b0068,315,437,427,197,228,165,426,458,592
b0069,286,320,414,318,279,318,385,454,446
b0070,201,215,307,124,162,107,562,652,745
b0071,66,79,34,102,168,121,50,58,62
b0072,83,149,78,178,237,180,127,177,131
b0073,72,85,64,116,127,145,188,190,203
b0074,52,68,86,160,119,173,156,248,217
b0075,0,1,0,0,2,0,22,23,23
b0076,28,41,66,27,45,22,70,112,105
b0077,97,147,191,121,127,99,310,370,385
b0078,34,32,24,28,46,43,92,109,84
b0080,1690,1969,2276,2458,2431,2268,1042,1388,1229
b0081,1139,1378,1838,949,951,752,706,912,1062
b0082,1497,1713,2435,1354,1457,1169,859,1150,1032
b0083,175,211,228,208,269,203,90,107,107
b0084,935,1269,1262,1003,1125,879,727,870,867
b0085,1328,1989,1653,1578,1946,1692,234,324,326
b0086,1224,1946,1701,1454,1702,1473,254,334,332
b0087,980,1560,1823,1319,1608,1341,273,329,322
b0088,1646,2357,3054,1679,1996,1625,363,403,426
b0089,912,1392,1882,1068,1290,1020,442,493,493
b0090,1207,1539,1976,1255,1611,1261,651,809,846
b0091,1824,2517,2784,2174,2597,2050,870,1101,1196
b0092,1197,1660,1916,1404,1629,1454,805,917,978
b0093,884,1307,1804,1131,1259,1154,869,903,1265
b0094,1612,2102,2739,2009,2344,1933,1263,1698,1700
b0095,4935,7128,6980,6400,7208,6556,2716,3109,3355
b0096,20217,26443,30609,23516,26737,25764,23552,27529,30873
b0097,1096,1461,1603,998,1019,986,206,266,257
b0098,5783,7279,9190,5370,6449,5557,1229,1481,1448
b0099,152,178,231,122,130,116,63,89,93
b0101,112,129,101,92,119,80,40,54,40
b0102,262,397,361,249,303,233,337,370,397
b0103,300,348,423,227,256,207,119,136,150
b0104,1054,1336,1116,321,275,295,1738,1907,2066
b0106,43,62,43,21,36,32,115,137,165
b0107,90,123,235,108,82,102,227,276,274
b0108,6,10,2,3,4,1,10,22,28
b0109,866,1004,1288,770,734,622,223,283,300
b0110,301,345,424,313,336,291,109,120,125
b0111,485,715,713,600,623,553,286,328,324
b0112,337,461,422,544,650,554,957,1042,1043
b0113,2916,3099,5566,631,682,516,831,988,1345
b0114,29228,29799,37508,12458,13220,13099,2988,3399,4175
b0115,17003,17713,18007,13549,13231,14107,2111,2360,2873
b0116,17682,18810,13018,7878,8475,8111,7617,8315,8653
b0117,30,41,60,31,45,49,72,78,73
b0118,55455,55885,19089,15650,17082,17248,15298,17467,17867
b0119,877,1089,1343,1292,1413,1347,540,579,492
b0120,1409,1518,868,389,423,462,72,87,126
b0121,1708,1859,1187,473,514,539,381,470,448
b0122,245,334,343,228,184,168,85,153,161
b0123,719,916,551,437,573,392,882,1042,1000
b0124,701,874,524,792,1582,934,1185,1396,1501
b0125,932,1132,1048,750,711,643,481,580,644
b0126,609,713,735,488,445,401,361,487,516
b0127,577,673,731,433,468,367,234,298,248
b0128,320,450,339,399,489,379,450,522,506
b0129,260,257,246,383,273,265,165,174,133
b0130,160,211,199,114,160,118,547,645,601
b0131,1333,1707,1616,1139,1058,967,858,1047,1185
b0132,96,107,129,110,88,80,183,298,247
b0133,1213,1458,1402,1294,1224,1254,639,679,668
b0134,1001,1180,1426,1021,966,949,622,860,789
b0135,5,4,14,1,5,6,234,275,379
b0136,0,1,2,2,4,4,8,15,10
b0137,1,0,1,2,1,1,24,39,43
b0138,1,1,2,1,0,2,22,33,24
b0139,7,5,7,2,3,4,103,158,150
b0140,1,0,3,0,0,0,11,13,21
b0141,2,0,2,0,1,0,10,3,18
b0142,49,29,41,14,20,4,11,9,20
b0143,1267,1429,1291,575,661,423,2374,2853,3365
b0144,64,82,74,94,97,61,280,320,281
b0145,3570,5249,4664,3518,3940,3828,2501,2874,2730
b0146,1259,1636,1933,2104,2294,2052,343,429,459
b0147,40,48,58,40,35,41,58,78,76
b0148,821,1029,1041,1069,1024,898,2384,2489,2955
b0149,1193,1471,1219,1609,1852,1567,5208,5834,7079
b0150,731,862,621,1211,1106,1037,949,1054,1286
b0151,196,275,147,320,268,211,241,243,307
b0152,115,156,76,165,146,85,147,152,181
b0153,258,341,186,380,320,228,541,559,644
b0154,1731,2305,2486,1999,2162,2002,1538,1738,1720
b0155,425,708,658,864,1101,756,832,1091,1018
b0156,1286,1502,2259,985,1568,1637,4284,4641,5062
b0157,140,195,187,105,81,58,263,293,404
b0158,172,236,272,188,145,138,67,91,72
b0159,1367,1799,1522,1117,1161,1172,1106,1213,1389
b0160,311,364,430,225,282,192,385,419,489
b0161,1167,1509,1517,590,1001,694,9620,9632,12460
b0162,96,124,126,145,143,118,819,919,957
b0163,1931,2554,2939,1659,1711,1797,1080,1258,1043
b0164,43,37,60,31,31,22,103,109,125
b0166,1829,2071,2077,2005,2462,2375,886,1165,1166
b0167,1325,1419,1769,739,762,740,537,684,707
b0168,2050,2489,2498,1532,1500,1486,443,546,635
b0169,11260,15934,13079,7570,8057,7444,42960,45348,69548
b0170,5558,7334,5323,3784,4224,3988,3291,3478,3912
b0171,1424,1716,1651,1112,1145,992,502,581,619
b0172,4547,5610,6118,3377,3688,3235,1908,2099,2734
b0173,967,1181,1279,1294,1154,1085,432,549,552
b0174,2835,3391,3725,1693,1492,1104,1373,1699,1897
b0175,1124,1392,1291,868,944,694,1531,1923,2028
b0176,2357,2818,2769,1707,2078,1596,3298,3795,4226
b0177,7511,9784,7236,6317,7600,6608,7760,9227,9887
b0178,3315,4187,4055,3271,3424,3301,1647,1896,1964
b0179,2807,3512,3166,3076,3611,2947,1586,1751,1938
b0180,934,1193,1267,1058,1183,937,546,709,691
b0181,1443,2097,1909,1685,1728,1483,1441,1613,1899
b0182,587,785,805,655,741,556,774,966,859
b0183,182,185,206,186,181,164,282,368,325
b0184,1533,2090,1720,1542,1976,1457,1981,2414,2502
b0185,1240,1682,1452,1143,1271,1070,1268,1563,1536
b0186,499,673,264,918,1357,1141,433,481,542
b0187,129,193,153,193,239,207,272,377,342
b0188,327,401,348,363,492,376,1243,1597,1637
b0189,159,203,228,198,225,226,294,303,358
b0190,221,301,303,178,145,160,219,282,303
b0191,86,88,78,55,78,70,80,83,82
b0192,436,603,529,617,739,559,969,1103,1436
b0193,56,79,105,56,53,50,171,198,217
b0194,4154,5136,4243,3509,3814,3557,1319,1561,1494
b0195,138,168,172,98,94,60,96,148,137
b0196,253,306,322,145,142,113,104,131,148
b0197,832,1124,695,1319,938,1173,429,513,537
b0198,116,116,165,436,317,444,247,313,373
b0199,139,196,201,1124,795,1308,259,316,386
b0200,13,10,12,16,11,9,14,15,14
b0201,1,0,0,0,0,0,7,6,6
b0202,0,0,0,0,0,0,0,0,0
b0203,0,0,0,0,0,0,0,0,0
b0204,0,0,0,1,0,0,4,2,9
b0205,0,0,0,0,0,0,0,0,0
b0206,0,0,0,0,0,0,0,0,0
b0207,28,29,15,68,74,112,49,52,57
b0208,238,273,388,227,340,307,427,446,419
b0209,599,882,1136,1301,1518,1309,1246,1501,1478
b0210,95,141,211,124,155,106,329,466,353
b0211,7074,8461,10425,3107,3533,2427,1616,1956,2597
b0212,144,181,235,184,232,195,44,52,73
b0213,274,317,410,231,238,264,257,359,342
b0214,488,555,667,345,363,280,127,130,129
b0215,483,748,696,462,565,522,457,510,513
b0216,5,6,5,8,5,6,11,9,19
b0217,12,24,18,5,10,3,88,86,118
b0218,0,1,2,0,0,0,2,6,6
b0219,387,553,667,607,649,596,318,423,356
b0220,1489,2204,1216,1307,1703,1559,1062,1205,1323
b0221,2073,2501,1141,1937,2974,2121,14453,17444,15299
b0222,1135,1362,1444,1174,1058,1044,728,766,890
b0223,410,439,544,338,325,351,277,366,354
b0224,1501,1926,2105,1398,1375,1017,1859,2218,1972
b0225,108,137,108,98,118,70,332,355,236
b0226,231,296,290,337,426,418,886,998,928
b0227,26,49,29,44,61,51,64,126,109
b0228,85,96,98,166,127,162,143,149,188
b0229,20,30,27,43,35,50,270,302,333
b0230,27,16,36,26,29,18,105,173,178
b0231,1136,1419,1192,381,446,362,855,1047,1000
b0232,64,88,59,41,63,51,110,108,103
b0233,26,33,23,11,24,21,47,71,76
b0234,34,24,15,6,8,5,100,123,124
b0235,1,0,2,1,0,0,16,22,24
b0236,2,12,4,2,4,0,249,277,225
b0237,3505,4298,5356,3936,3670,3936,913,989,976
b0238,1090,1212,1088,274,208,151,554,668,751
b0239,1168,1335,1676,1428,1292,1436,500,612,542
b0240,2978,3642,2770,1294,1474,1082,2636,3026,2898
b0241,3,4,5,3,4,3,46,52,57
b0242,398,521,643,608,684,583,2227,2676,2876
b0243,480,587,578,908,1055,938,1286,1506,1751
b0244,18,11,29,4,5,1,235,293,315
b0245,0,1,5,0,0,0,30,38,32
b0246,1,0,0,0,0,0,11,11,16
b0247,3,0,0,0,2,1,20,18,25
b0248,1,2,1,0,1,3,20,25,29
b0249,4,4,1,1,2,0,19,23,24
b0250,172,172,211,278,330,292,171,175,197
b0251,2,4,2,4,0,0,12,9,6
b0252,4,6,9,3,5,4,19,31,35
b0253,88,116,157,148,167,138,326,407,439
b0254,41,36,58,18,29,29,55,65,74
b0256,0,0,0,0,0,0,0,0,0
b0258,124,164,167,112,174,151,577,689,630
b0259,1,0,3,1,1,4,0,1,1
b0260,61,64,119,291,214,247,222,302,333
b0261,353,455,614,1071,801,791,375,426,485
b0262,32,36,52,21,23,29,593,680,697
b0263,2,4,10,4,2,7,173,240,223
b0264,0,0,0,0,0,0,0,0,0
b0265,0,0,1,1,0,1,4,3,4
b0266,34,63,50,48,58,47,48,42,59
b0267,8,8,19,18,33,27,81,99,105
b0268,84,103,73,197,186,221,182,272,212
b0269,208,329,202,458,519,436,762,881,999
b0270,35,44,14,63,110,72,96,121,116
b0271,105,113,65,218,289,234,93,113,111
b0272,97,76,68,85,54,65,2015,2389,2826
b0273,48,68,49,122,109,99,495,640,570
b0274,0,1,0,1,0,1,1,0,0
b0275,0,0,0,0,0,0,3,2,3
b0276,138,190,275,105,173,130,322,381,324
b0277,14,32,30,25,18,13,694,792,839
b0278,4,9,4,4,2,3,18,20,23
b0279,11,10,9,7,4,3,0,5,8
b0280,233,316,350,168,126,131,26,49,35
b0281,118,152,217,96,126,89,405,497,494
b0283,66,123,38,146,213,160,69,74,84
b0284,161,317,117,355,609,434,163,192,202
b0285,39,75,46,71,127,69,56,68,67
b0286,64,101,57,63,123,67,54,102,87
b0287,47,58,37,97,88,111,282,360,340
b0288,9,13,17,10,10,10,27,46,48
b0289,49,93,59,52,55,68,118,133,132
b0290,52,88,104,75,65,62,141,197,160
b0291,37,38,33,34,51,38,140,215,183
b0292,7,6,3,0,1,3,58,51,63
b0293,32,31,27,11,15,23,81,117,72
b0294,3,0,0,0,0,0,52,61,53
b0295,15,17,38,6,10,5,35,42,64
b0296,3,5,14,3,5,2,9,10,10
b0297,2,2,5,1,0,0,45,63,64
b0298,0,0,0,0,0,0,0,0,0
b0299,0,1,2,1,2,0,5,2,0
b0300,25,47,48,28,44,26,37,45,62
b0301,4,8,4,1,4,1,52,81,52
b0303,0,0,1,1,1,0,0,4,0
b0304,73,83,50,63,112,83,38,64,88
b0305,10,22,5,4,6,5,264,378,392
b0306,23,34,38,40,32,24,157,201,196
b0307,57,80,83,100,84,84,275,414,373
b0308,39,22,37,37,48,20,100,119,96
b0310,9,7,5,1,5,3,33,48,43
b0311,740,938,433,265,461,221,1059,1310,1212
b0312,1053,1405,994,459,744,465,4026,4429,4632
b0313,490,587,424,221,337,202,2516,2898,2837
b0314,1067,1155,907,545,983,581,3617,4448,4420
b0315,32,34,51,17,20,18,2751,3578,3618
b0316,97,86,123,88,85,54,153,187,206
b0317,2,3,2,1,0,0,24,26,23
b0318,34,42,59,17,18,16,26,42,54
b0319,4,9,6,3,2,3,12,25,36
b0320,24,14,27,18,19,15,141,178,176
b0321,11,20,20,20,21,15,155,206,188
b0323,8,5,7,4,11,15,60,78,78
b0324,184,232,225,221,248,224,193,211,250
b0325,318,372,224,528,968,648,95,130,125
b0326,3,4,4,2,2,1,41,50,76
b0327,9,10,21,3,1,1,243,295,308
b0328,43,47,55,73,68,88,298,392,301
b0329,3968,5237,4139,1927,3968,2587,348,393,297
b0330,98,142,55,77,148,63,68,100,74
b0331,3298,3793,1342,119,6107,101,97,120,118
b0333,3361,4116,493,52,8574,65,57,60,65
b0334,8124,9376,535,88,21235,82,67,69,84
b0335,9224,11364,597,167,32955,182,174,172,202
b0336,188,233,165,57,82,55,174,171,235
b0337,509,521,475,464,437,441,195,244,281
b0338,28,55,55,42,57,29,229,293,313
b0339,10,5,8,137,219,99,36,52,39
b0340,8,12,4,74,115,81,14,14,25
b0341,26,22,30,152,193,120,134,162,193
b0342,4,8,9,7,9,3,30,47,43
b0343,11,11,13,14,12,10,118,132,123
b0344,58,92,89,67,56,86,177,221,226
b0345,456,487,400,239,260,211,1063,1259,1148
b0346,333,405,122,358,414,252,2941,3410,2978
b0347,21,33,8,16,31,17,164,186,199
b0348,6,4,6,9,9,26,36,41,45
b0349,14,16,6,15,38,18,24,48,36
b0350,8,19,10,21,28,14,25,33,32
b0351,14,22,16,31,27,24,47,37,42
b0352,22,31,14,49,68,51,50,77,64
b0353,52,72,59,97,105,92,115,124,156
b0354,354,423,438,220,272,228,240,247,225
b0355,79,128,171,66,84,71,650,771,883
b0356,285,339,393,355,467,455,3056,3373,4434
b0357,45,36,75,44,52,53,433,535,683
b0358,13,33,33,23,43,18,165,173,219
b0360,0,0,0,0,0,0,0,0,1
b0361,2,0,0,1,0,0,13,10,8
b0363,4,12,6,3,7,7,77,109,116
b0364,0,0,0,0,0,1,9,11,11
b0365,2,4,3,13,4,7,50,66,66
b0366,4,5,7,13,6,7,43,63,49
b0367,10,5,4,9,10,9,44,51,62
b0368,18,22,29,34,34,30,94,123,99
b0369,1913,2106,2130,1001,1176,1047,946,1114,1187
b0372,14,13,29,1,2,3,18,18,13
b0373,5,4,5,3,3,0,23,17,15
b0375,2,0,0,1,2,1,48,56,49
b0376,336,467,504,345,337,237,371,482,503
b0377,325,385,492,253,320,212,298,390,317
b0378,385,452,491,317,344,303,568,710,789
b0379,1222,1386,1600,1467,482,1134,233,375,356
b0380,455,469,507,544,440,410,340,423,379
b0381,928,1286,1350,750,754,608,475,587,591
b0382,545,674,1056,556,498,439,236,296,310
b0383,503,619,889,249,231,203,824,1032,1065
b0384,335,573,337,629,833,783,65,97,77
b0385,27,39,27,26,51,29,190,212,235
b0386,645,811,644,617,650,556,422,570,562
b0387,772,983,1296,686,710,744,303,387,353
b0388,488,674,1243,748,808,816,338,457,458
b0389,319,497,412,456,540,548,56,44,63
b0390,248,394,411,448,564,342,271,363,327
b0391,1019,1261,1375,888,959,1114,897,1184,952
b0392,32,52,82,44,46,33,448,552,581
b0393,709,804,678,286,269,201,279,320,321
b0394,142,179,134,258,309,253,364,440,369
b0396,167,171,217,167,255,147,339,399,429
b0397,455,587,314,392,463,368,224,222,299
b0398,155,219,184,72,74,77,105,115,123
b0399,122,156,183,136,149,134,393,369,669
b0400,90,141,148,142,178,137,293,329,464
b0401,797,1198,926,2330,3300,2320,1321,1537,1540
b0402,363,504,579,490,638,464,1314,1541,1554
b0403,186,209,214,279,281,265,359,445,418
b0404,207,265,226,199,264,177,160,158,187
b0405,407,439,451,230,220,162,522,640,722
b0406,1928,2310,1892,774,834,629,710,840,897
b0407,734,956,726,498,569,471,246,265,331
b0408,1730,2071,1646,1898,2009,1399,1932,2256,2429
b0409,1158,1439,1241,1739,2111,1739,1538,1676,1759
b0410,250,357,433,230,211,267,216,201,255
b0411,462,602,700,737,690,713,939,1016,1016
b0412,426,525,727,422,253,371,104,118,143
b0413,638,855,1067,958,942,941,452,498,499
b0414,1283,1849,2475,2007,1872,1964,1101,1310,1318
b0415,1370,1902,1911,914,870,888,468,568,508
b0416,1178,1463,1643,742,698,742,561,561,638
b0417,381,520,528,386,355,355,189,215,230
b0418,957,1340,2108,1146,1205,1154,970,1103,1071
b0419,1759,2465,2530,3739,4077,3923,545,666,583
b0420,1270,1438,1198,1209,1100,927,609,793,801
b0421,1217,1533,1581,1109,831,846,516,716,775
b0422,558,566,595,422,355,290,218,247,280
b0423,676,973,861,584,491,416,790,910,938
b0424,242,305,264,343,394,329,206,234,287
b0425,297,384,415,608,696,717,242,332,328
b0426,1018,1530,1167,1336,1982,1628,651,824,776
b0427,279,350,232,167,177,157,497,602,692
b0428,9433,11639,8028,5454,5629,5511,974,1267,1143
b0429,989,1269,640,581,675,626,131,129,161
b0430,2256,2516,1306,1208,1260,1167,335,378,357
b0431,15036,16538,11153,5571,5190,4238,2191,2768,2530
b0432,13838,13985,11414,2926,2373,1637,1647,2169,2128
b0433,656,607,547,316,321,209,298,405,328
b0434,865,964,864,418,261,227,248,355,399
b0435,4478,6456,5119,6354,9483,7121,1200,1570,1097
b0436,9042,11125,10151,4477,4384,3477,2430,2895,3310
b0437,3419,4597,5210,4620,5795,5109,1572,1797,1960
b0438,6724,8747,8654,9604,13460,10269,3697,4012,5301
b0439,2997,3941,5789,4607,6131,4804,3473,3850,4939
b0440,6150,7422,4343,5085,4939,5729,1805,1825,1530
b0441,1941,2150,2428,2854,2891,2320,2596,3170,3479
b0442,187,153,146,134,119,74,82,121,125
b0443,310,468,226,138,193,143,249,271,256
b0444,360,420,408,306,297,254,200,198,222
b0445,62,77,109,351,290,347,276,329,284
b0446,349,450,589,433,447,475,283,318,359
b0447,330,417,403,330,447,439,606,674,601
b0448,508,537,490,476,596,406,1081,1225,1300
b0449,500,585,342,384,542,329,986,1069,1125
b0450,3,5,3,8,9,5,38,44,41
b0451,88,97,106,150,134,115,426,512,508
b0452,654,864,765,445,506,399,469,631,671
b0453,1314,1693,858,1675,2340,1971,443,562,727
b0454,245,368,524,624,605,624,475,543,571
b0455,0,4,1,0,2,0,6,3,6
b0456,23,32,32,33,55,51,68,56,58
b0457,302,455,491,575,614,561,517,702,625
b0458,702,894,750,421,547,282,1106,1450,1424
b0459,378,532,440,94,101,83,955,1265,1096
b0460,559,934,657,159,266,175,379,490,404
b0461,1065,1809,1624,263,520,460,839,1049,864
b0462,3066,4304,3243,3113,4024,3073,2515,2814,3017
b0463,1263,1544,1653,638,735,539,1261,1491,1469
b0464,101,124,133,111,97,93,108,137,130
b0465,1183,1757,1595,1343,1510,1040,2445,2991,2983
b0466,88,66,90,79,73,70,130,132,142
b0467,145,167,229,178,171,162,317,326,392
b0468,146,181,209,241,228,188,87,104,99
b0469,465,571,481,252,227,173,682,976,963
b0470,2420,2922,2933,1854,1928,1339,1443,1771,1903
b0471,614,750,596,450,527,428,178,227,211
b0472,938,1129,950,634,715,654,351,436,519
b0473,2277,2914,5123,3650,4811,4102,1025,1223,1218
b0474,3224,3523,3504,1167,1224,873,913,1121,1238
b0475,244,297,232,412,497,500,920,999,1133
b0476,72,70,101,128,93,129,228,324,325
b0477,818,1109,805,573,504,354,639,745,747
b0478,1812,1999,1631,1553,2012,1622,1635,1783,2088
b0479,250,332,422,285,237,204,364,492,495
b0480,711,877,1031,1200,1253,1156,702,797,776
b0481,119,154,190,112,116,95,108,170,150
b0482,179,259,285,255,250,275,145,174,189
b0483,127,184,431,427,316,436,299,405,384
b0484,3619,4274,3423,4306,5489,4294,4406,5425,5986
b0485,159,242,129,1487,2006,1681,29,41,28
b0486,435,830,381,6457,9040,7129,174,218,221
b0487,481,683,674,1522,1947,1572,927,1099,1046
b0488,646,786,1024,706,892,734,546,650,609
b0489,1006,1562,1399,1361,1702,1691,1006,1207,1051
b0490,87,152,164,116,152,139,63,74,57
b0491,89,119,153,105,147,122,188,198,212
b0492,841,1043,1478,1304,1430,1326,981,1243,1321
b0493,270,304,378,270,309,278,335,416,481
b0494,128,161,222,193,177,169,198,226,211
b0495,394,582,863,280,381,305,1090,1209,1258
b0496,414,590,688,416,649,405,1130,1209,1385
b0497,56,73,80,88,144,108,687,661,857
b0498,5,8,2,3,0,1,7,11,8
b0499,2,2,0,0,0,0,5,12,7
b0501,3,2,2,0,2,0,13,20,15
b0502,41,63,49,32,60,44,36,39,48
b0503,262,274,335,166,167,117,213,260,249
b0504,8,11,20,7,9,7,30,46,46
b0505,22,14,17,25,18,15,90,93,107
b0506,964,1341,1973,2543,3250,3002,1507,1708,1757
b0507,32,48,45,91,89,51,62,56,82
b0508,4,4,1,4,22,7,14,19,22
b0509,11,11,13,10,16,8,39,71,58
b0511,10,5,4,2,4,0,51,107,73
b0512,96,36,18,14,19,23,140,147,165
b0513,29,39,26,43,40,32,48,59,82
b0514,48,39,37,30,57,37,248,293,281
b0515,44,36,51,29,29,32,97,133,117
b0516,35,29,53,18,21,28,76,109,107
b0517,33,10,17,11,8,11,29,46,52
b0518,6,7,5,11,10,8,139,181,173
b0520,6,5,9,12,20,12,52,90,82
b0521,22,31,9,29,24,32,96,114,110
b0522,345,448,391,269,291,262,525,631,611
b0523,247,284,224,73,83,58,189,227,261
b0524,233,264,210,112,129,110,151,223,207
b0525,1590,2356,1902,1156,1254,1112,248,324,340
b0526,995,1109,1079,583,503,418,594,693,757
b0527,28,29,45,22,21,14,321,403,437
b0528,73,85,99,46,71,45,51,63,62
b0529,1975,2495,2651,1148,1178,1088,541,703,666
b0530,5,6,6,5,15,14,34,32,37
b0531,0,0,0,0,0,0,7,24,16
b0532,16,5,30,6,11,9,781,906,955
b0533,0,0,3,0,1,0,75,111,94
b0534,6,1,7,3,5,1,22,31,28
b0535,1,3,4,3,1,3,15,26,21
b0536,16,26,19,6,5,1,48,48,73
b0537,285,299,463,182,178,162,156,206,246
b0539,5,4,6,2,2,1,5,16,14
b0540,0,0,0,0,0,0,0,0,0
b0541,0,0,0,0,0,0,0,0,0
b0542,1,3,5,6,1,3,19,17,18
b0543,35,45,69,26,28,36,54,87,86
b0544,9,3,4,3,4,2,16,37,23
b0545,60,75,110,114,139,106,32,29,32
b0546,98,144,190,98,145,140,157,179,204
b0547,0,2,0,0,1,0,10,30,17
b0548,0,0,0,0,0,0,1,0,0
b0549,0,0,0,0,1,0,12,17,18
b0550,0,1,0,0,0,0,24,27,36
b0551,3,6,17,3,0,9,48,74,72
b0552,0,0,0,0,0,0,0,0,0
b0553,161,222,75,871,1139,1214,142,132,152
b0554,0,1,2,3,0,0,9,19,9
b0555,4,5,6,7,1,2,10,16,11
b0556,0,0,0,0,0,0,5,3,4
b0557,14,20,16,5,16,2,210,283,317
b0558,0,4,2,0,0,0,7,5,13
b0559,6,3,6,3,8,3,50,53,54
b0560,0,0,0,0,0,0,0,0,2
b0561,1,1,1,1,2,1,5,8,4
b0562,18,18,24,13,4,8,52,82,92
b0563,2,3,7,6,6,5,10,12,16
b0564,28,61,83,43,35,38,14,19,17
b0565,174,145,74,118,156,127,259,341,355
b0566,6,22,27,9,13,22,36,35,33
b0567,36,52,49,77,73,62,97,85,78
b0568,285,379,369,403,462,445,656,844,823
b0569,206,258,282,167,217,163,1199,1339,1235
b0570,126,164,185,121,123,69,132,173,203
b0571,206,239,267,155,163,109,287,362,361
b0572,1,7,6,5,6,1,70,87,105
b0573,1,0,0,2,1,3,16,15,15
b0574,3,8,5,9,3,6,152,202,216
b0575,22,65,67,66,65,62,584,636,668
b0576,193,225,251,158,148,149,1957,2345,2355
b0577,387,433,449,267,279,255,1085,1296,1380
b0578,716,738,713,453,444,433,472,594,553
b0579,73,124,151,113,114,128,83,109,115
b0580,100,113,91,75,126,108,62,83,84
b0581,613,1111,771,1670,2154,1854,181,284,236
b0582,0,0,0,0,0,0,0,0,0
b0583,43,50,23,3,22,8,64,72,93
b0584,429,463,254,202,161,110,453,478,620
b0585,33,33,25,66,34,34,90,102,127
b0586,482,671,198,650,413,314,833,857,1013
b0587,2,2,2,1,0,0,28,34,35
b0588,60,107,55,44,38,37,90,73,114
b0589,69,105,54,58,35,42,216,187,246
b0590,76,108,97,110,88,92,431,527,716
b0591,187,202,124,157,101,96,651,778,1040
b0592,110,117,114,128,83,91,200,194,244
b0593,286,429,131,94,67,64,305,302,461
b0594,525,655,136,176,129,88,105,139,155
b0595,558,596,113,238,108,143,66,81,77
b0596,487,527,112,188,122,90,91,128,155
b0597,281,285,91,115,73,76,72,44,60
b0598,5407,7152,2424,8430,10578,7938,6167,8046,6142
b0599,173,207,339,518,375,598,581,643,688
b0600,150,303,333,1189,599,1251,270,297,326
b0601,18,29,23,15,17,8,44,62,44
b0602,3,16,13,5,6,10,24,28,37
b0603,9,8,1,2,4,4,8,18,13
b0604,135,175,167,141,165,132,31,35,43
b0605,5961,8330,6962,24788,26915,28044,2074,2251,2618
b0606,922,1285,1388,4470,4815,4676,1189,1482,1451
b0607,3516,5129,6028,2183,2584,3285,1931,2617,2294
b0608,402,589,438,341,543,353,361,391,367
b0610,630,899,829,467,434,378,288,310,315
b0611,439,635,755,616,704,703,125,141,115
b0612,15,14,24,14,27,16,98,83,113
b0613,3,1,2,1,3,0,5,10,3
b0614,6,0,1,1,0,7,16,17,15
b0615,10,8,4,4,8,5,45,52,62
b0616,9,3,0,0,0,0,10,16,10
b0617,0,0,0,0,0,0,0,4,3
b0618,3,2,2,0,0,0,4,11,9
b0619,102,125,170,97,101,83,426,507,506
b0620,24,31,25,26,21,12,146,126,142
b0621,247,266,691,628,252,429,236,291,306
b0622,67,111,171,526,623,468,35,58,59
b0623,14064,17091,13602,15076,21957,17490,11066,11132,9251
b0624,52,78,111,129,156,144,89,99,75
b0627,1074,1389,1196,761,1022,848,492,546,604
b0628,5748,6370,6732,1605,1430,1326,977,1137,1137
b0629,12,15,13,1,6,5,37,49,50
b0630,195,283,303,190,183,142,230,273,272
b0631,664,1051,2211,1525,2289,2024,463,472,619
b0632,1772,2316,1919,618,722,495,205,313,350
b0633,684,865,892,696,697,621,423,522,566
b0634,278,320,256,286,310,261,283,312,355
b0635,542,657,689,313,371,292,1197,1413,1410
b0636,274,336,274,164,139,104,567,570,690
b0637,566,713,594,314,271,240,572,627,654
b0638,60,60,67,34,54,42,78,80,107
b0639,136,147,155,121,153,114,96,136,128
b0640,355,428,326,376,405,305,290,338,320
b0641,510,657,477,745,845,662,665,725,928
b0642,4030,5187,4633,5198,5750,4909,3173,3433,3938
b0643,2518,3251,2257,3769,4431,4025,760,1019,654
b0644,26,24,27,19,40,36,61,75,76
b0645,1,0,0,0,1,0,25,38,41
b0646,2,4,2,1,1,0,60,77,100
b0647,2,0,1,0,1,0,23,35,28
b0648,2,2,4,2,6,0,61,49,43
b0649,44,42,76,29,35,32,266,320,318
b0650,57,61,53,27,24,28,150,193,183
b0651,914,908,882,1043,792,926,145,230,180
b0652,773,743,278,259,324,265,284,320,309
b0653,434,419,167,146,232,171,217,288,234
b0654,507,611,327,196,314,204,308,378,398
b0655,5180,5683,3435,2411,2849,2412,1583,1798,1592
b0656,0,0,0,6,4,3,0,1,0
b0657,627,807,726,1033,1327,813,1076,1231,1220
b0658,1778,2457,2345,3251,3870,3347,1245,1473,1687
b0659,440,660,722,902,1161,959,171,210,200
b0660,1308,1948,2456,2227,2784,2450,603,687,707
b0661,1799,2462,2275,1314,1188,1059,2420,2746,2784
b0662,906,1121,1072,1292,1591,1475,750,932,960
b0664,0,0,1,0,0,0,1,3,12
b0665,2,1,1,0,2,0,1,0,5
b0666,0,0,0,0,0,0,0,0,0
b0668,0,0,0,0,0,0,0,0,0
b0670,0,0,0,0,0,0,0,0,0
b0672,0,0,0,0,0,0,0,0,0
b0673,28,6,17,4,0,3,1,7,6
b0674,1862,1133,943,619,597,557,1090,1303,1355
b0675,645,705,866,656,562,446,575,680,702
b0676,859,947,1213,963,1043,873,256,291,229
b0677,245,346,396,458,568,572,225,258,265
b0678,377,478,365,534,635,701,201,241,209
b0679,1166,1577,1365,2131,2138,2109,1442,1677,1650
b0680,1824,2000,2109,1402,1317,1253,932,1021,1127
b0681,22,25,30,13,24,22,290,367,335
b0682,40,44,92,23,38,39,38,32,41
b0683,2041,2225,2292,1128,1150,1076,1404,1479,1796
b0684,1595,1828,2026,798,676,618,391,448,510
b0685,192,277,208,67,69,31,316,423,398
b0686,323,452,385,272,307,270,290,287,319
b0687,839,948,957,740,723,585,170,255,239
b0688,2804,3493,2754,2818,2664,2422,1497,1866,1832
b0689,12,17,24,4,7,7,22,16,21
b0691,2,7,7,0,0,2,118,125,103
b0692,35,63,62,65,81,69,218,242,308
b0693,18,19,37,12,20,16,92,125,132
b0694,53,56,41,136,179,156,173,211,216
b0695,346,486,377,700,961,745,1753,1928,2229
b0696,36,46,41,38,58,43,96,100,103
b0697,51,37,50,103,113,89,267,334,295
b0698,9,6,10,29,60,28,94,101,123
b0699,632,1192,1927,2339,3977,4120,1115,975,968
b0700,24,28,70,37,31,29,46,46,39
b0702,0,5,14,1,3,1,6,8,9
b0703,4,6,19,3,1,1,17,18,22
b0704,11,10,26,5,7,6,3,7,8
b0705,0,0,0,0,0,0,0,0,0
b0706,0,0,1,0,1,0,2,2,1
b0707,203,322,137,304,422,229,9,8,16
b0708,562,855,626,663,1086,589,320,383,387
b0709,46,54,58,38,63,31,147,183,195
b0710,402,452,528,883,1106,1021,436,577,549
b0711,292,473,468,1105,1281,1111,372,461,378
b0712,508,751,692,1518,1742,1523,602,724,711
b0713,294,381,435,708,812,635,461,542,524
b0714,100,142,122,168,218,131,294,446,415
b0715,91,118,118,56,57,81,167,177,228
b0716,7,4,11,2,1,1,68,83,88
b0717,6,8,6,5,1,9,6,15,16
b0718,12,12,17,2,4,8,181,240,237
b0719,2,5,3,3,1,4,37,42,46
b0720,16121,15775,5189,3996,4587,4142,7525,9367,7434
b0721,2957,2894,1099,227,326,170,1717,2219,2018
b0722,375,378,163,43,76,44,228,288,327
b0723,10678,11431,3566,3174,5065,3306,3345,4233,3452
b0724,6790,7591,2103,2166,3229,2403,1321,1535,1417
b0726,31770,36320,9656,11452,14351,11829,1187,1364,1195
b0727,31861,36041,8033,11396,13351,12042,1495,1549,1423
b0728,33472,38212,7346,9754,12443,10933,979,1039,762
b0729,23551,26372,5407,7010,9214,7968,980,926,748
b0730,133,128,340,217,203,214,357,345,465
b0731,14,11,12,13,11,10,144,185,231
b0732,155,182,303,157,187,162,506,560,632
b0733,9332,12629,23737,28228,26901,27084,2836,3314,3320
b0734,3979,5535,10702,12587,11603,12432,1642,1906,1997
b0735,264,390,600,657,668,647,125,159,168
b0736,588,710,828,196,153,148,195,237,227
b0737,607,684,724,271,298,199,753,809,1005
b0738,286,322,279,149,176,132,313,406,433
b0739,1194,1591,1535,1020,1228,933,3158,3724,4022
b0740,2695,3407,2842,2738,3162,2394,4871,5748,6445
b0741,3234,4367,2217,3736,4039,3706,1329,1636,1765
b0742,1714,2191,1386,1972,2235,1980,1277,1569,1680
b0743,255,322,370,154,167,120,130,133,229
b0744,26,31,29,10,30,15,167,122,253
b0745,8,3,7,10,6,10,67,62,116
b0746,32,46,27,12,21,12,104,67,154
b0747,5,3,5,1,1,0,8,5,15
b0748,119,158,169,31,23,29,22,10,41
b0749,6,2,3,2,1,0,4,1,2
b0750,265,422,545,185,185,176,475,484,501
b0751,357,533,373,356,470,328,524,523,588
b0752,156,268,217,221,348,244,139,152,163
b0753,1897,3229,1504,2800,4517,3649,136,187,117
b0754,2485,2770,2604,5720,5783,5570,1807,2369,2278
b0755,3853,5005,3565,5935,7755,6737,760,909,802
b0756,1089,1224,1208,1394,1590,1304,736,891,887
b0757,720,856,1004,868,745,895,149,170,180
b0758,631,794,730,739,681,728,234,275,254
b0759,818,929,1136,995,807,1050,546,686,612
b0760,199,201,240,187,204,242,978,1135,1191
b0761,263,319,358,324,278,302,227,228,255
b0762,177,197,174,132,143,168,85,91,70
b0763,278,341,335,160,108,139,430,494,531
b0764,154,175,188,159,143,137,239,285,326
b0765,272,278,272,262,214,212,609,727,771
b0766,163,218,214,75,90,62,120,171,190
b0767,762,1070,665,1619,2004,1921,421,525,564
b0768,7,9,6,5,6,8,69,103,114
b0769,3,0,2,1,4,1,66,103,105
b0770,6,5,16,4,6,5,192,233,281
b0771,21,31,49,35,22,24,752,873,908
b0772,451,583,570,448,502,373,621,896,840
b0773,516,754,325,615,861,744,109,112,144
b0774,240,225,237,87,66,62,174,163,212
b0775,79,100,112,54,34,47,55,86,76
b0776,64,46,62,34,36,33,107,108,145
b0777,20,27,11,13,11,19,43,57,64
b0778,18,31,13,20,8,15,20,22,26
b0779,4009,5739,5351,3225,3788,3190,3684,4382,4502
b0780,390,457,435,280,262,213,502,562,580
b0781,1754,2165,3147,973,564,608,883,1101,1148
b0782,524,660,390,333,247,308,170,231,186
b0783,235,275,197,227,164,183,99,139,121
b0784,7,11,11,18,13,18,9,11,18
b0785,247,318,159,217,188,162,122,138,126
b0786,971,1442,1206,1885,2603,2412,740,855,709
b0787,15,31,16,11,20,19,161,146,182
b0788,58,64,35,102,150,98,57,63,86
b0789,120,182,73,249,426,360,76,84,103
b0790,138,190,95,229,365,278,54,56,70
b0791,980,1102,1905,2299,2222,1959,2779,3213,3126
b0792,50,142,71,117,154,133,86,119,99
b0793,81,104,82,133,156,138,224,310,284
b0794,250,403,221,410,418,384,968,1072,1239
b0795,178,249,145,157,190,195,433,522,631
b0796,53,119,64,57,57,44,362,519,587
b0797,1642,2069,1912,256,241,184,1316,1521,1537
b0798,155,143,165,147,133,133,43,85,51
b0799,3060,3831,3804,2107,2129,2009,2061,2331,2483
b0800,1351,1568,1833,1058,961,1019,688,854,838
b0801,780,1005,672,700,844,850,651,810,727
b0802,268,444,411,146,293,233,908,895,1380
b0803,95,179,102,203,292,203,32,45,52
b0804,28,38,20,22,20,17,20,13,25
b0805,144,129,54,42,42,38,111,124,218
b0806,86,131,109,466,575,539,11,18,12
b0807,199,272,254,154,208,160,1204,1341,1473
b0808,247,344,180,419,631,496,214,242,279
b0809,650,955,369,742,880,610,376,399,314
b0810,496,596,281,468,545,386,264,360,283
b0811,4105,4810,1971,2381,2868,2453,576,738,629
b0812,14408,24041,9636,38114,59123,53657,556,815,572
b0813,125,166,144,107,102,65,223,262,247
b0814,9043,12030,8722,12112,16060,13760,5487,5953,7256
b0815,265,278,232,84,110,78,1298,1582,1325
b0817,389,467,480,251,232,250,565,666,621
b0818,366,400,494,191,229,128,1190,1466,1369
b0819,1624,2107,2415,1282,1196,1293,2376,2331,2996
b0820,840,1065,926,888,984,639,2959,3374,3728
b0821,201,369,297,143,191,128,422,557,481
b0822,162,235,204,78,84,47,155,184,239
b0823,73,94,185,111,122,122,122,124,147
b0824,5,12,21,11,5,4,7,11,15
b0825,83,110,237,133,123,129,59,95,83
b0826,348,467,468,525,389,405,306,406,448
b0827,932,1001,1112,1182,972,1010,636,754,827
b0828,261,337,439,1385,1101,1262,347,449,450
b0829,303,386,385,1568,1451,1400,417,457,459
b0830,298,396,383,1162,1238,1020,252,287,288
b0831,86,121,128,241,343,236,144,168,149
b0832,56,59,57,109,164,85,60,75,70
b0833,10,10,16,21,36,18,87,104,104
b0834,9,5,23,8,8,10,284,344,348
b0835,418,569,482,318,221,198,397,492,484
b0836,4972,8157,12436,8908,11683,12440,514,584,467
b0837,585,951,1014,489,648,488,92,124,127
b0838,985,1150,929,614,565,608,440,499,592
b0839,739,1036,823,1217,1715,1342,616,737,707
b0840,320,361,366,219,269,250,475,567,585
b0841,131,154,197,58,63,47,662,725,833
b0842,226,291,253,228,410,242,1569,1930,2036
b0843,541,585,851,142,293,179,229,275,285
b0844,2699,3347,4306,877,1870,1072,331,402,402
b0845,3469,4618,5717,1599,3662,1837,1382,1765,1955
b0846,1522,1769,2112,872,1493,922,530,647,510
b0847,1012,1177,1648,653,745,581,2879,3312,3406
b0848,50,56,106,48,45,47,225,283,305
b0849,48,79,49,66,96,107,69,62,89
b0850,77,82,64,75,112,105,151,193,211
b0851,266,265,319,298,381,391,189,220,215
b0852,382,474,452,284,347,292,352,393,452
b0853,546,648,596,265,218,225,144,186,158
b0854,173,293,115,218,291,241,113,172,128
b0855,93,145,46,143,178,154,95,97,125
b0856,22,38,13,53,71,54,61,70,68
b0857,97,133,85,111,165,103,173,194,210
b0858,62,58,57,34,41,29,117,134,167
b0859,258,292,243,114,112,86,873,999,1055
b0860,47,79,53,62,106,55,24,25,35
b0861,723,1115,444,1566,1960,1495,188,222,272
b0862,470,752,239,1175,1595,1319,61,98,81
b0863,1229,1764,509,2468,3009,2739,94,119,115
b0864,581,774,288,1037,1182,874,82,117,97
b0865,375,472,263,675,985,845,176,239,224
b0866,324,458,349,645,809,708,432,486,429
b0867,577,853,645,1252,1459,1280,968,1144,1155
b0868,314,422,378,261,241,215,746,928,869
b0869,449,524,281,565,693,520,370,435,430
b0870,807,1076,621,967,1300,1012,630,834,834
b0871,1242,2116,1222,2862,4392,3748,186,260,216
b0872,268,88,15027,119,55,1460,111,96,83
b0873,521,168,27627,357,18,6606,197,244,294
b0874,92,63,129,38,31,27,290,343,342
b0875,317,330,664,136,147,98,337,432,412
b0876,510,672,1235,739,656,724,471,525,586
b0877,186,220,379,149,171,154,2328,2786,2857
b0878,283,357,648,371,438,386,452,581,556
b0879,316,434,774,692,1014,743,1165,1544,1530
b0880,8978,12734,8980,15805,18409,19281,3750,4209,3351
b0881,200,236,428,261,247,214,107,122,117
b0882,16603,24571,32254,16920,20033,18278,9119,10812,10234
b0883,10,26,14,14,14,9,20,39,36
b0884,2584,2979,2847,1030,1393,1156,789,867,961
b0885,262,361,336,231,236,244,150,258,263
b0886,862,1118,1073,1487,1327,1255,227,271,244
b0887,839,1127,1161,986,1015,906,499,634,652
b0888,861,925,733,470,490,373,672,821,985
b0889,1231,1597,1770,1208,1370,1227,933,1058,1090
b0890,7856,10860,9335,5922,7254,5702,3955,4885,4944
b0891,1398,2063,1793,979,909,1034,344,391,402
b0892,1190,1793,1736,857,895,722,449,584,596
b0893,6378,8466,12083,11268,11074,11344,2839,3369,3273
b0894,1088,1401,3872,1842,1225,1974,340,406,437
b0895,152,213,754,264,173,276,81,84,126
b0896,278,379,1259,498,358,463,297,354,327
b0897,5692,8763,6545,10471,12007,13528,71,69,70
b0898,1269,1528,1717,335,365,244,945,1166,1129
b0899,145,209,197,115,96,83,246,284,266
b0900,19,15,34,18,13,12,149,175,148
b0901,5,2,8,5,6,4,83,94,89
b0902,2389,2976,4113,1670,2050,1998,797,809,782
b0903,25483,33345,43869,37030,39226,42596,1624,1895,1811
b0904,2755,3084,4177,2141,2118,1767,170,231,215
b0905,1031,1462,1186,694,526,471,535,656,584
b0906,113,183,122,243,335,252,56,66,94
b0907,1431,1873,1906,1820,2110,1657,934,1305,1220
b0908,271,335,351,342,389,267,213,268,230
b0909,20,20,26,16,13,16,83,82,116
b0910,2521,2932,2779,947,1181,814,2032,2281,2807
b0911,38403,48304,35973,25385,28792,23323,41811,43216,57884
b0912,1833,2667,2182,1941,2383,2302,1079,1223,1331
b0913,181,240,222,358,351,294,1070,1329,1195
b0914,1444,1855,1733,1479,1477,1115,3331,3745,3951
b0915,367,519,386,447,450,309,1228,1461,1476
b0916,131,190,160,87,105,93,631,770,736
b0917,23,29,20,16,32,33,16,23,12
b0918,1145,1358,1547,1204,1228,1300,776,956,989
b0919,1031,1270,2082,2765,2143,2811,663,793,820
b0920,109,157,188,85,103,82,307,380,392
b0921,510,611,592,317,324,276,565,646,742
b0922,493,677,547,473,504,441,591,709,744
b0923,261,290,241,305,308,288,321,454,425
b0924,3346,5098,2691,4789,5682,5002,3256,3442,3671
b0925,1375,2465,1447,2029,2816,2107,1207,1486,1515
b0926,2874,3678,3875,1748,2042,1542,938,1148,1165
b0927,2479,3006,3083,1748,2016,1470,1701,1998,1892
b0928,2303,2882,2338,2029,1909,1886,681,811,840
b0929,8452,7211,6178,4287,2647,2651,1868,2083,1831
b0930,4710,5924,6615,5167,5226,4484,2382,2812,2987
b0931,2984,3638,3969,1160,1212,853,1473,1784,1833
b0932,2894,3052,2627,3096,3560,3288,1153,1544,1319
b0933,33,45,33,43,48,24,68,78,102
b0934,3,6,3,6,11,2,20,43,35
b0935,16,19,23,21,27,13,55,80,69
b0936,4,6,7,13,10,6,25,27,35
b0937,2,1,0,1,3,1,32,20,34
b0938,16,17,18,11,26,7,43,40,44
b0939,7,3,1,1,7,2,31,18,14
b0940,20,26,49,13,12,11,129,153,155
b0941,39,41,57,18,26,24,167,215,237
b0942,6,7,16,3,13,1,57,84,85
b0943,6,3,11,5,7,6,58,62,44
b0944,26,23,52,23,43,32,159,192,163
b0945,512,634,434,89,76,51,396,529,539
b0946,403,450,797,201,199,141,1496,1840,1708
b0947,376,498,492,459,409,435,156,167,182
b0948,1194,1411,1129,597,732,556,3631,4285,4515
b0949,1081,1403,916,1077,1303,920,1910,2130,2206
b0950,279,339,297,378,492,356,988,1045,1083
b0951,392,559,346,596,807,644,697,806,854
b0952,181,226,127,257,311,238,184,224,222
b0953,22673,35780,28819,82725,124272,109793,4396,4792,2786
b0954,1795,2450,2113,1719,1790,1542,1105,1219,1376
b0955,2152,2579,2184,2086,2332,1917,820,960,1107
b0956,304,364,590,267,268,308,718,836,728
b0957,39739,50751,24029,66123,77651,71855,14637,16890,17843
b0958,1668,2685,1885,540,575,490,2779,3609,3353
b0959,167,235,291,194,237,179,713,898,813
b0960,529,631,570,318,418,277,383,475,497
b0961,176,263,264,93,98,78,108,130,116
b0962,970,1309,1260,1676,1916,1921,1442,1645,1615
b0963,601,746,804,1043,875,937,430,481,497
b0964,43,61,58,96,124,113,88,109,103
b0965,1259,1756,1685,1270,1904,1359,288,390,354
b0966,1307,1813,3360,2439,3172,2937,2619,3092,3666
b0967,531,617,556,405,344,295,769,842,888
b0968,118,173,148,240,347,238,100,120,113
b0969,329,396,447,146,204,145,339,398,353
b0970,6460,8310,8206,2500,4083,2969,1443,1766,1666
b0971,18,23,25,16,24,6,46,38,53
b0972,70,129,87,367,669,605,26,54,34
b0973,79,127,93,383,591,589,45,50,41
b0974,45,47,56,165,244,224,18,38,19
b0975,41,47,75,172,288,239,49,72,70
b0976,6,20,19,62,76,62,28,23,28
b0977,47,85,90,134,238,162,59,75,64
b0978,89,139,133,616,1158,866,188,220,198
b0979,77,158,89,746,1493,1098,179,168,207
b0980,141,227,161,693,1236,943,221,246,218
b0981,160,210,212,263,376,285,719,747,901
b0982,0,1,7,5,6,6,19,18,33
b0983,12,11,13,19,19,15,82,107,88
b0984,20,7,18,7,15,10,167,219,194
b0985,5,1,7,0,0,0,136,178,159
b0986,2,0,1,1,1,1,53,67,88
b0987,6,14,10,4,4,10,278,339,299
b0988,5,4,5,9,3,7,35,33,42
b0989,8,16,10,1,4,3,45,35,47
b0990,1091,1160,1108,250,513,262,1470,1703,1911
b0991,15,22,21,4,7,3,55,62,78
b0992,23,29,303,35,9,90,137,139,175
b0993,88,139,140,74,87,76,910,1028,1081
b0994,49,75,79,102,97,104,250,370,296
b0995,80,104,100,127,114,107,510,596,625
b0996,3,3,3,3,10,3,53,57,63
b0997,35,41,45,56,60,68,305,350,335
b0998,26,29,66,34,42,34,224,266,333
b0999,327,716,565,2341,3536,2747,201,287,268
b1000,928,1997,1745,6696,9953,7869,387,479,500
b1001,6,5,8,8,8,2,9,12,21
b1002,3987,4715,4725,7199,6985,7433,1041,1300,956
b1003,642,1092,857,1298,1741,1619,91,120,94
b1004,2071,3327,2226,4587,5616,5422,239,297,288
b1006,31,83,73,84,101,79,158,163,192
b1007,6,11,5,11,11,5,15,11,18
b1008,5,1,1,5,2,1,12,9,23
b1009,1,7,7,3,6,3,31,30,47
b1010,0,0,3,2,1,2,5,10,16
b1011,2,0,0,1,4,0,20,26,20
b1012,1,6,0,1,2,2,32,47,37
b1013,147,166,158,115,135,116,589,716,639
b1014,20324,15291,1799,2876,2362,2948,4715,6228,5032
b1015,2689,2410,620,614,726,557,2637,3604,2933
b1018,127,172,83,97,122,105,811,1002,1002
b1019,133,168,87,135,90,80,655,805,826
b1020,2898,4700,858,588,1139,519,3022,3991,3145
b1021,15,17,13,3,3,6,46,47,58
b1022,10,9,6,9,6,2,52,89,72
b1023,15,14,14,6,12,8,84,141,121
b1024,37,59,58,33,51,25,310,426,432
b1025,15,27,23,17,24,18,422,663,560
b1026,4,3,1,3,1,1,10,7,8
b1027,0,1,0,0,0,0,1,0,0
b1028,1,1,1,0,0,0,15,26,13
b1029,4,5,8,3,5,6,249,341,347
b1032,4,1,5,2,0,2,11,5,12
b1033,348,361,313,321,373,373,331,431,406
b1034,591,752,648,528,522,487,259,269,274
b1035,447,574,455,375,349,254,383,389,412
b1036,212,269,332,201,228,209,931,1036,1055
b1037,62,110,138,84,149,85,273,411,353
b1038,5,7,11,8,9,8,17,40,46
b1039,12,14,16,17,25,7,41,51,45
b1040,88,194,216,144,228,123,156,190,178
b1041,2,0,2,4,4,1,18,32,20
b1042,10,38,18,34,37,24,56,80,62
b1043,0,2,2,1,1,0,13,8,14
b1044,4,9,8,10,6,5,45,65,42
b1045,278,404,391,517,624,477,178,220,190
b1046,528,671,567,644,761,587,236,332,307
b1047,189,192,213,41,54,33,205,273,241
b1048,3072,3897,4071,2846,3136,2620,975,1131,1078
b1049,3026,3791,3192,4290,5347,4039,2200,2595,2654
b1050,53,62,39,62,89,90,35,39,49
b1051,1683,2508,886,2045,2977,3004,223,273,192
b1053,269,306,439,201,241,208,490,664,592
b1054,606,750,947,1043,956,1269,986,1121,1310
b1055,810,982,728,205,239,170,226,258,304
b1056,94,148,144,117,148,132,44,71,71
b1057,14,16,27,5,8,8,47,85,69
b1058,0,2,3,0,1,1,1,4,7
b1059,328,375,367,246,264,254,408,510,489
b1060,4894,5790,11099,2029,3069,2688,8676,10018,9501
b1061,295,304,269,77,87,62,877,1007,947
b1062,864,1050,941,178,185,150,380,515,550
b1063,1276,1688,1728,878,698,962,832,991,1045
b1064,1836,2699,2220,2823,2632,3206,138,156,163
b1065,435,481,911,672,842,750,392,502,482
b1066,270,334,361,416,448,451,271,378,335
b1067,244,324,279,358,358,392,310,333,295
b1068,363,464,419,526,536,573,423,530,489
b1069,305,408,446,246,222,166,655,712,717
b1070,52,50,76,39,47,39,44,51,51
b1071,50,64,80,71,47,52,28,25,43
b1072,30,59,55,29,40,24,87,124,100
b1073,0,0,0,2,0,0,13,17,11
b1074,0,2,0,2,1,0,8,4,10
b1075,3,8,7,10,6,3,32,34,37
b1076,17,12,10,15,16,17,23,29,33
b1077,15,16,9,19,22,17,39,56,41
b1078,21,32,14,25,29,29,60,53,63
b1079,2,11,10,10,8,9,37,40,52
b1080,12,18,11,7,15,5,43,50,78
b1081,7,13,9,7,18,11,34,48,48
b1082,32,32,43,36,53,42,116,146,138
b1083,64,104,163,81,116,111,184,237,221
b1084,6967,7601,5858,4057,5367,3828,1425,1838,1734
b1085,6,6,1,0,1,1,4,7,7
b1086,728,821,675,278,248,154,768,971,999
b1087,507,644,712,508,549,497,303,454,363
b1088,3901,5379,5092,1880,1950,1680,1821,2062,2563
b1089,1862,2412,2242,1390,1353,1215,582,739,723
b1090,1785,2213,2157,1207,1345,1058,2647,2964,3260
b1091,1223,1618,1365,1243,1360,1084,2102,2491,2643
b1092,1761,2393,1830,1705,2090,1799,1937,2256,2274
b1093,8793,12690,12160,9470,10262,9296,2279,2543,2621
b1094,15531,19393,19071,10644,13453,11232,5372,5957,5376
b1095,7349,9404,9549,4548,4869,4040,15030,15220,20305
b1096,186,229,238,249,235,191,475,626,573
b1097,203,228,278,242,270,181,824,923,903
b1098,194,248,252,289,275,248,460,490,542
b1099,289,355,327,358,405,333,592,687,712
b1100,694,974,682,1201,1385,1319,284,328,317
b1101,1321,1803,1299,2797,3160,2565,1189,1489,1281
b1102,119,132,113,79,49,45,205,243,278
b1103,369,495,368,556,605,533,246,273,323
b1104,182,252,188,259,301,267,165,193,203
b1105,543,671,519,735,961,772,496,574,655
b1106,173,211,166,203,269,181,176,209,210
b1107,482,663,555,655,740,640,470,542,492
b1108,991,1309,1243,1020,1052,1100,450,496,542
b1109,3525,3928,8429,1340,1409,1391,1261,1410,1730
b1110,1941,2297,2912,2141,1011,1868,1943,2214,3019
b1111,708,865,916,613,627,788,774,915,889
b1112,2272,4131,2682,232,533,528,3325,3251,3892
b1113,741,1072,984,246,410,254,130,190,191
b1114,1729,2115,2338,2255,2815,2397,775,981,987
b1115,5,15,9,6,4,3,37,42,53
b1116,593,630,578,393,453,301,590,661,739
b1117,408,414,439,278,337,278,277,329,318
b1118,786,983,806,803,880,680,491,608,575
b1119,1018,1323,1101,1034,1070,966,548,663,667
b1120,653,858,645,511,571,521,437,478,432
b1121,6,1,6,1,1,1,24,35,57
b1122,0,4,2,4,1,2,6,13,9
b1123,1190,1918,1278,2036,1687,2117,440,464,440
b1124,101,134,129,131,113,116,77,70,87
b1125,79,131,118,86,83,84,107,114,109
b1126,509,690,717,333,311,224,1103,1270,1411
b1127,814,1102,937,1725,1869,1962,539,637,634
b1128,3017,3949,4395,3549,3644,3703,2256,2636,2489
b1129,462,553,594,516,605,548,898,1159,1165
b1130,420,433,456,399,537,445,311,388,386
b1131,1786,2332,1444,989,1088,1084,248,325,289
b1132,725,785,654,417,431,350,259,316,335
b1133,2589,3058,2638,1202,1242,910,777,937,1001
b1134,216,243,203,149,176,119,65,83,66
b1135,316,386,267,169,205,157,88,143,103
b1136,34015,38000,15421,13270,15164,15118,4865,5440,4739
b1137,36,22,9,25,39,18,7,13,14
b1138,33,49,32,35,40,36,7,6,7
b1139,66,64,54,51,67,64,22,31,29
b1140,34,37,41,20,42,32,69,91,86
b1141,1,2,0,2,2,7,8,7,8
b1143,67,120,134,85,72,105,26,61,65
b1144,7,3,12,31,59,41,38,59,47
b1145,180,228,285,296,363,330,1066,1231,1110
b1146,0,1,1,1,1,0,2,5,2
b1147,1,0,2,9,18,7,19,9,13
b1148,3,1,2,0,5,3,11,7,4
b1150,0,0,0,0,0,0,1,0,1
b1151,0,0,1,1,9,6,10,13,11
b1152,2,0,5,3,13,8,46,41,62
b1153,1,1,0,0,2,3,10,19,15
b1154,1,2,2,0,2,1,16,16,17
b1155,0,5,0,0,1,0,24,25,34
b1156,0,1,0,2,1,1,13,17,17
b1157,0,0,1,0,1,1,9,14,17
b1158,0,1,2,0,1,0,14,17,14
b1159,32,48,33,19,22,14,71,90,125
b1160,2,3,0,0,0,1,13,6,17
b1161,13,7,4,1,2,0,15,20,21
b1162,1114,1179,1304,614,608,571,1000,1288,1252
b1163,1232,1264,786,185,252,190,137,241,238
b1164,12,15,13,1,2,2,47,83,48
b1165,4,10,8,2,2,0,28,30,31
b1166,29,78,30,46,110,132,41,78,56
b1167,12,20,7,5,30,12,150,134,157
b1168,27,37,31,40,67,41,199,269,256
b1171,22,36,51,30,36,17,318,349,443
b1172,10,13,20,2,4,3,141,219,236
b1174,298,308,240,294,344,221,143,189,204
b1175,1411,1677,1699,1569,1712,1546,879,1018,1073
b1176,769,910,1024,977,1094,891,1182,1434,1712
b1177,87,114,80,56,63,57,129,142,132
b1178,167,253,329,198,165,244,54,44,42
b1179,220,286,340,154,193,156,225,262,229
b1180,470,538,586,343,405,324,570,745,726
b1181,145,181,152,149,225,192,322,375,402
b1182,56,62,53,55,56,68,48,62,65
b1183,66,48,49,18,19,21,406,569,490
b1184,79,93,82,20,37,32,735,990,884
b1185,436,545,548,300,272,241,826,995,1189
b1186,438,578,606,469,563,458,941,1114,1263
b1187,2910,3360,3981,2185,1927,1683,981,1082,1182
b1188,5095,9320,3635,8812,11291,10386,212,209,202
b1189,2987,3910,1597,4720,6619,4552,4469,5419,4387
b1190,2502,3764,867,5133,6250,4465,2260,2879,2495
b1191,772,912,1033,495,600,440,443,565,586
b1192,168,208,277,218,225,206,260,327,346
b1193,242,303,272,144,218,168,597,597,762
b1194,6,7,5,7,6,5,40,40,56
b1195,185,302,287,364,710,495,114,125,89
b1196,13,24,34,18,27,15,48,55,77
b1197,296,363,223,394,567,397,107,128,142
b1198,623,923,804,860,881,992,273,320,256
b1199,305,418,363,494,517,523,165,188,169
b1200,777,1060,812,1102,1006,1220,278,319,302
b1201,132,132,214,101,122,88,2043,2519,2548
b1202,141,173,237,106,125,91,726,868,846
b1203,2641,3062,2493,1439,1459,1393,750,845,810
b1204,439,534,523,198,200,173,227,303,326
b1205,7503,11136,8085,19847,23231,25326,10826,16513,11179
b1206,242,301,379,156,181,137,1143,1236,1508
b1207,4801,5785,4235,2074,2046,1810,1575,2099,2178
b1208,2232,2603,2428,1925,2301,1646,983,1232,1302
b1209,308,380,379,377,376,341,164,245,226
b1210,1771,2102,1935,1277,1368,1070,1904,2420,2334
b1211,775,950,844,524,611,465,391,436,438
b1212,210,273,252,146,200,111,354,389,400
b1213,30,36,28,11,14,9,36,52,52
b1214,664,752,893,474,536,449,429,447,464
b1215,1405,1680,1779,1131,1255,1025,1660,1844,1934
b1216,287,342,460,52,75,44,489,612,705
b1217,87,108,108,194,214,197,136,147,180
b1218,303,362,897,622,667,588,981,1227,1170
b1219,702,843,692,915,739,884,374,521,435
b1220,110,137,215,207,219,151,371,437,405
b1221,282,354,1420,1482,261,1487,365,466,492
b1222,321,382,842,1224,325,925,1271,1549,1659
b1223,31,45,1488,5236,107,3296,149,182,181
b1224,205,337,25156,37780,2180,14111,539,668,571
b1225,94,125,21599,8344,496,3778,286,327,329
b1226,29,30,6130,1503,110,773,88,122,132
b1227,31,53,8716,1629,179,826,88,97,85
b1229,0,0,0,0,0,0,0,0,0
b1230,136,135,129,19,23,14,558,637,1009
b1231,236,266,233,19,44,24,945,1085,1476
b1232,616,562,622,261,304,187,287,306,366
b1233,329,446,543,198,219,145,138,150,145
b1234,929,1152,1099,822,980,592,489,619,583
b1235,1004,1379,1203,1434,1691,1287,366,471,489
b1236,1169,1655,1610,1016,1406,1043,831,968,942
b1237,4474,5613,11244,10843,13264,12552,16173,18562,16815
b1238,58,59,109,30,53,27,83,110,135
b1241,9768,14289,11486,21449,27355,27334,1796,2240,1905
b1242,212,250,301,112,144,115,397,449,445
b1243,112232,124565,69240,28271,36458,29917,11854,14297,14681
b1244,5400,5972,3834,1995,3039,1977,898,1157,1041
b1245,5625,7172,4168,2508,3667,2470,993,1310,1061
b1246,9104,12970,7277,4018,5879,4388,1102,1295,1107
b1247,11822,16782,9200,4465,6396,5130,984,1251,1097
b1248,148,170,199,169,231,178,273,415,390
b1249,566,637,852,724,836,652,1597,1849,1897
b1250,308,431,423,369,609,482,187,250,303
b1251,556,694,550,428,433,391,115,158,121
b1252,212,262,253,438,263,301,913,1078,1247
b1253,93,119,110,38,44,29,140,146,157
b1254,533,780,804,470,638,528,343,408,445
b1255,772,918,964,573,551,534,363,422,433
b1256,857,880,379,386,741,388,61,80,83
b1257,36,70,25,45,161,99,78,77,91
b1258,28,57,12,34,80,50,4,11,15
b1259,139,250,80,260,510,339,15,45,17
b1260,440,716,380,393,580,427,171,224,199
b1261,544,801,481,434,688,512,448,639,521
b1262,342,480,394,351,500,412,413,599,545
b1263,20,89,42,133,271,238,73,94,107
b1264,33,48,52,100,163,180,56,84,61
b1265,8,16,25,13,8,9,7,7,11
b1266,401,437,496,235,274,229,271,318,356
b1267,396,543,650,364,399,378,177,234,248
b1268,91,93,124,42,53,26,144,183,166
b1269,1140,1356,1177,507,475,415,920,1071,1056
b1270,212,311,238,216,215,213,183,228,213
b1271,246,280,274,256,263,245,255,300,294
b1272,1400,1736,1812,1257,1412,1234,723,816,752
b1273,1442,1778,1650,1258,1355,1353,420,481,500
b1274,3774,4882,4996,4379,5163,4054,5960,7618,7071
b1275,3108,4062,4933,3776,3893,4001,2380,2544,2609
b1276,6043,7733,3015,10651,16373,14819,1122,1462,1232
b1277,1294,1597,1895,998,1090,1039,723,869,853
b1278,493,587,730,688,791,687,370,439,458
b1279,643,851,1069,776,850,695,437,549,486
b1280,824,1023,1531,965,956,828,1013,1089,1146
b1281,556,713,503,170,173,103,1046,1090,1306
b1282,62,65,49,15,19,16,82,98,112
b1283,5937,7603,6838,3510,4325,4036,1087,1435,1377
b1284,135,117,139,137,120,112,349,497,482
b1285,210,294,219,474,762,612,305,414,425
b1286,1686,1814,1827,1483,1158,1173,1160,1364,1435
b1287,42,51,71,670,276,441,84,112,113
b1288,6078,8362,5654,6858,6538,6559,1659,1843,1732
b1289,186,201,271,141,170,128,94,123,106
b1290,185,315,192,283,309,290,101,166,137
b1291,333,607,285,543,678,613,162,190,142
b1292,170,218,121,250,348,258,124,142,167
b1293,165,262,130,310,408,301,108,201,145
b1294,555,811,588,794,1002,852,499,723,635
b1295,336,473,315,107,119,110,166,228,232
b1296,1658,2771,526,242,671,251,2611,3577,3110
b1297,2718,3972,1159,311,1251,405,11053,14413,13568
b1298,1008,1332,412,104,301,102,2653,3368,3303
b1299,894,1392,507,139,346,122,2056,2617,2445
b1300,4448,7348,904,277,1719,554,5088,6359,5672
b1301,2771,4458,511,200,1229,382,1290,1543,1277
b1302,3101,5351,579,285,1513,474,686,853,656
b1303,118,130,146,148,136,140,824,973,1029
b1304,2879,3820,3061,284,529,354,16752,18634,16149
b1305,33,59,42,9,11,18,643,765,660
b1306,227,284,239,47,55,47,2065,2551,2132
b1307,96,139,100,21,34,26,1067,1115,915
b1308,2832,2869,3447,1780,1252,1471,2678,3013,2567
b1309,11,30,23,6,4,4,527,697,492
b1310,7,13,12,2,4,1,253,349,231
b1311,8,10,5,15,3,4,139,216,100
b1312,2,5,7,10,18,20,91,144,99
b1313,20,24,9,18,40,24,140,256,148
b1314,17,14,13,25,26,17,97,116,97
b1315,23,18,35,32,40,27,133,159,140
b1316,44,66,65,44,51,45,245,306,285
b1317,5,3,2,4,4,3,18,28,25
b1319,9,3,4,0,0,0,121,171,138
b1320,99,132,125,29,42,23,320,403,459
b1321,556,766,1617,696,928,723,447,580,618
b1322,247,293,533,352,504,364,282,328,306
b1323,1228,1674,2302,1774,1839,1817,1519,1836,1813
b1324,5780,6525,3859,3531,4310,4124,1257,1468,1366
b1325,897,1157,1637,983,1057,930,1306,1621,1526
b1326,547,580,704,630,592,580,395,433,432
b1327,39,69,42,61,90,74,42,40,41
b1328,121,146,137,66,103,87,182,188,202
b1329,572,752,804,357,375,274,1153,1435,1250
b1330,150,172,314,103,96,95,357,461,537
b1331,3,0,1,0,0,0,10,29,15
b1332,3105,3773,2780,1037,1582,1194,4144,4519,3538
b1333,5787,8301,9072,9404,8432,10556,2342,2578,2138
b1334,5642,7324,7734,4349,5601,5024,4809,5368,5222
b1335,230,316,317,156,92,116,130,165,155
b1336,39,45,38,30,40,23,55,55,68
b1337,19,33,15,30,37,23,66,86,72
b1338,12,29,27,33,36,39,65,86,84
b1339,206,232,260,122,169,87,203,216,261
b1340,222,241,246,172,147,179,742,941,946
b1341,252,391,183,566,745,542,98,111,117
b1342,192,220,173,432,538,444,772,894,835
b1343,770,1031,721,664,699,519,383,476,473
b1344,674,909,832,477,496,483,641,804,725
b1345,25,21,26,23,55,40,65,84,74
b1346,0,1,0,0,0,0,0,4,1
b1347,0,0,0,0,0,1,4,3,1
b1348,0,0,0,0,0,0,2,1,1
b1349,17,18,18,26,25,28,88,105,103
b1350,16,21,11,28,52,26,103,143,119
b1351,0,0,0,1,6,0,15,23,17
b1352,1,0,0,0,0,0,2,11,3
b1353,5,4,5,2,2,3,109,165,149
b1355,10,14,19,1,8,5,39,58,49
b1356,841,1188,885,593,635,618,337,401,401
b1357,4,5,17,6,7,8,23,20,29
b1358,8,18,7,10,13,13,14,30,25
b1359,16,26,18,26,26,15,38,50,50
b1360,8,15,13,7,19,4,68,69,78
b1361,14,8,21,10,25,12,22,41,31
b1362,0,1,0,0,0,0,0,0,0
b1363,236,246,198,113,162,113,212,287,274
b1365,4,5,5,0,1,2,48,62,48
b1366,5,7,8,0,5,2,127,152,132
b1368,8,20,20,5,6,6,99,122,113
b1370,31,45,51,35,28,30,41,28,51
b1372,49,48,79,51,57,46,169,247,226
b1373,0,0,0,0,0,0,0,0,0
b1374,0,0,0,0,0,0,0,0,2
b1375,0,0,0,0,0,0,0,0,0
b1376,1547,2154,1745,982,1025,1213,307,495,396
b1377,7,9,11,5,7,2,109,129,143
b1378,3767,5342,3449,5339,7308,6325,592,747,754
b1379,1104,1277,1448,795,555,805,404,524,628
b1380,209,314,316,263,479,400,231,264,306
b1381,489,630,629,657,798,643,311,408,461
b1382,0,0,0,0,0,0,0,1,0
b1383,74,61,67,38,44,32,10,18,7
b1384,320,371,187,164,194,146,245,320,319
b1385,348,477,257,312,398,367,1666,1927,1964
b1386,63,69,70,35,36,29,76,96,133
b1387,85,110,29,30,45,37,93,115,128
b1388,35,59,11,15,63,25,43,81,41
b1389,18,20,0,2,6,2,2,14,10
b1390,48,86,12,29,44,26,21,47,25
b1391,33,47,11,23,33,19,15,19,25
b1392,91,139,23,69,105,76,50,54,55
b1393,58,74,7,35,55,44,30,50,30
b1394,42,76,6,34,49,30,11,18,24
b1395,90,170,35,103,151,104,58,60,69
b1396,13,24,5,24,24,23,13,9,11
b1397,808,1190,349,469,550,421,975,1177,1023
b1398,1078,1406,358,567,641,525,665,827,675
b1399,414,545,196,510,632,521,411,499,469
b1400,302,373,152,233,372,282,121,149,145
b1402,3,1,2,0,4,0,18,10,13
b1403,0,0,0,0,0,0,1,0,1
b1404,0,0,0,0,0,0,0,0,0
b1406,416,485,552,1029,790,873,218,311,232
b1407,32,29,33,15,23,23,453,647,563
b1408,2,1,3,0,0,0,45,85,68
b1409,1,0,2,0,2,1,178,202,175
b1410,60,49,101,37,59,33,790,981,859
b1411,60,71,98,80,89,62,367,385,350
b1412,163,202,150,115,157,112,133,146,165
b1413,2455,3121,2963,3207,3729,3418,1754,2057,2098
b1414,952,1241,1323,1160,675,1047,352,458,431
b1415,9505,13652,2055,6505,8652,7163,3947,4886,3348
b1418,290,335,302,137,215,154,712,871,849
b1419,357,463,482,247,191,183,454,535,546
b1420,1,5,3,2,4,0,10,10,7
b1421,147,158,220,68,92,54,553,662,663
b1422,1493,1654,684,336,478,264,2171,2618,2249
b1423,2103,2780,1071,2543,2868,2332,490,551,601
b1424,1506,2008,1424,835,939,773,503,627,575
b1426,2050,2403,2761,2225,1967,2729,1223,1537,775
b1427,390,463,549,412,318,275,168,215,161
b1428,192,265,102,389,566,463,64,106,87
b1429,140,235,354,240,207,230,439,534,574
b1430,320,368,382,178,196,175,161,171,231
b1431,390,524,617,816,1072,1062,439,472,370
b1432,531,696,893,536,477,424,696,720,755
b1433,45,57,63,77,69,75,108,184,188
b1434,28,57,44,37,31,31,85,134,97
b1435,557,722,526,365,385,254,669,825,808
b1436,35,47,56,24,29,23,70,72,88
b1438,93,79,147,48,60,48,74,99,89
b1439,281,349,381,138,187,119,1061,1206,1346
b1440,2271,3349,1418,3414,4480,2992,307,406,385
b1441,949,1457,451,1155,1606,1210,127,165,174
b1442,529,805,258,521,777,540,96,134,126
b1443,909,1426,534,867,1130,911,57,40,39
b1444,6416,9498,4150,6629,7651,7963,124,134,111
b1445,101,162,131,42,57,42,148,191,182
b1446,494,621,531,448,472,554,751,942,856
b1447,51,75,79,95,112,99,152,185,175
b1448,158,180,223,260,302,256,196,228,226
b1449,359,452,252,724,970,830,241,297,278
b1450,97,181,137,66,83,40,110,143,178
b1451,308,299,168,102,206,96,288,374,402
b1452,565,644,358,308,287,243,982,1058,1222
b1453,65,72,59,38,44,35,627,676,726
b1454,56,126,55,155,172,137,23,23,31
b1455,2,0,0,0,1,0,2,0,7
b1456,7,9,13,10,3,5,44,37,49
b1457,12,12,6,2,7,4,1,5,1
b1459,17,34,40,4,12,6,42,64,74
b1460,0,0,1,0,0,0,1,1,1
b1461,129,153,142,109,111,75,48,45,61
b1462,64,93,79,144,118,122,13,22,22
b1463,91,140,85,97,100,90,168,211,204
b1464,775,989,933,913,758,895,385,426,420
b1465,78,208,729,311,189,235,51,65,87
b1466,103,220,638,325,173,252,15,27,24
b1467,210,663,1255,831,531,746,46,70,51
b1468,473,1209,1238,1439,1047,1340,225,282,238
b1469,164,289,228,102,141,117,72,108,102
b1471,2,0,0,0,2,1,5,10,1
b1472,0,0,1,0,0,0,1,1,0
b1473,31,48,49,43,28,19,83,111,107
b1474,131,146,2319,462,62,260,279,269,318
b1475,34,31,1256,119,20,72,130,110,103
b1476,51,57,1398,132,66,110,119,107,139
b1477,424,561,815,681,679,571,2012,1947,1992
b1478,2789,4679,2128,5555,9289,7627,467,614,557
b1479,3797,4022,2122,1883,2193,1766,973,1179,1037
b1480,4264,6299,4295,10926,15473,14970,441,484,337
b1481,95,126,63,24,46,23,4,14,11
b1482,4653,6798,5235,8717,10409,10002,1060,1274,1474
b1483,182,295,65,180,173,155,90,109,119
b1484,149,277,39,171,210,151,97,100,111
b1485,82,191,34,63,137,89,86,96,111
b1486,94,154,25,68,77,59,78,91,80
b1487,196,327,61,121,207,130,62,102,76
b1488,62,97,22,17,34,19,15,24,30
b1489,127,228,319,627,804,550,117,157,149
b1490,181,268,583,648,666,543,81,86,126
b1491,445,496,580,406,449,376,303,339,388
b1492,4620,15939,15450,62735,76950,69564,68,75,117
b1493,97,294,292,1894,2685,2137,3,4,7
b1494,20,38,56,18,23,25,189,240,287
b1495,8,14,13,10,12,9,95,117,121
b1496,2,0,1,1,1,0,57,70,123
b1497,3,11,9,3,4,1,20,33,24
b1498,110,140,84,42,47,45,65,69,86
b1499,7,12,13,1,2,1,18,19,18
b1500,0,1,0,0,0,0,3,2,2
b1501,86,84,135,41,49,41,695,898,710
b1502,2,3,5,1,1,3,149,212,143
b1503,2,0,3,1,0,2,79,111,83
b1504,3,0,2,0,0,0,88,122,107
b1505,6,1,6,0,3,0,619,737,750
b1506,1,3,3,1,2,0,24,22,37
b1507,72,118,97,164,188,130,608,710,650
b1508,8,10,13,18,10,22,95,86,76
b1511,677,1007,1561,2294,2129,2400,720,898,780
b1512,273,413,577,1632,1432,1353,548,679,598
b1513,235,371,253,2645,2372,2454,234,273,246
b1514,118,234,233,1147,1077,1125,98,105,116
b1515,121,173,199,536,570,570,60,64,71
b1516,432,784,899,1523,1566,1653,29,31,37
b1517,463,772,1128,1248,1425,1385,23,26,41
b1518,135,254,486,388,376,475,15,15,11
b1519,513,727,839,937,1172,979,80,93,104
b1520,56,61,49,16,21,12,58,93,90
b1521,197,252,319,271,185,190,769,961,856
b1522,250,331,562,230,236,246,681,793,844
b1523,23,33,16,9,13,11,68,69,96
b1524,233,281,221,130,99,84,330,375,401
b1525,214,334,201,178,217,138,380,427,417
b1526,132,141,133,98,124,100,594,699,682
b1527,9,5,5,0,2,0,11,19,12
b1528,78,72,113,97,133,116,325,444,375
b1529,339,383,343,402,489,377,414,519,511
b1530,145,163,152,19,21,19,1052,1106,1340
b1531,203,198,184,51,62,34,1807,1919,2261
b1532,55,66,58,8,22,19,746,718,1045
b1533,203,301,200,222,313,186,284,395,332
b1534,150,181,170,124,185,110,174,263,270
b1535,1658,2362,2287,137,172,107,332,373,345
b1536,170,343,141,408,621,519,31,62,75
b1537,71,89,67,72,131,77,308,346,441
b1538,1010,1105,739,1179,1358,1292,292,373,383
b1539,997,1187,1253,1091,1155,1185,887,996,1005
b1540,704,874,763,471,473,359,754,1024,999
b1541,49,65,79,44,52,76,66,80,80
b1542,25,23,38,20,29,19,423,481,470
b1544,0,0,0,0,0,0,0,0,0
b1545,1,0,1,0,0,0,0,0,0
b1546,0,0,0,0,0,0,0,0,0
b1547,1,11,11,2,3,5,30,33,35
b1548,1,0,0,0,0,0,1,0,0
b1549,2,3,1,1,1,0,0,1,2
b1550,179,207,194,40,69,46,33,24,26
b1551,307,372,477,23,47,23,19,17,25
b1552,7102,8570,9723,761,1321,798,319,397,409
b1553,0,0,0,0,0,0,3,1,3
b1554,5,4,10,4,1,1,56,106,67
b1555,2,8,9,2,2,0,6,12,10
b1556,1,9,4,2,4,2,21,35,30
b1557,3857,5065,5051,1130,2107,958,1033,1162,1476
b1558,248,321,287,22,39,22,148,210,255
b1559,27,8,27,11,16,5,58,78,73
b1560,14,28,41,3,6,1,583,674,748
b1561,25,27,27,28,33,25,229,299,268
b1562,138,210,199,318,388,361,6669,5658,8028
b1563,139,230,232,287,388,403,3212,3249,3599
b1564,133,166,158,157,171,180,1123,1126,1110
b1565,14,13,17,8,3,7,11,9,6
b1566,28,39,16,3,9,5,18,32,37
b1567,0,4,3,1,1,2,74,96,95
b1568,0,1,0,0,0,1,7,11,4
b1569,0,0,0,0,1,0,3,8,6
b1570,481,677,751,429,457,473,80,103,111
b1571,1,3,0,1,5,2,20,32,29
b1572,0,0,0,0,0,0,0,4,0
b1573,4,11,10,10,16,5,237,225,310
b1574,7,6,2,8,11,7,216,253,279
b1575,0,0,0,0,0,0,8,8,7
b1576,0,0,0,0,0,0,6,9,10
b1577,2,2,0,6,17,3,53,96,80
b1578,0,0,0,0,0,0,0,0,0
b1579,14,12,23,5,6,7,58,60,45
b1580,16,5,18,13,7,9,51,75,83
b1581,9,10,6,11,12,10,81,120,158
b1582,46,57,78,34,33,21,87,101,92
b1583,254,321,420,182,141,171,70,108,85
b1584,217,234,351,92,110,89,124,164,158
b1585,157,195,225,166,151,111,187,196,227
b1586,258,348,354,337,475,392,110,101,144
b1587,313,402,284,167,246,262,108,128,108
b1588,355,506,354,179,296,225,134,188,203
b1589,47,71,48,37,52,42,27,55,54
b1590,117,145,117,116,131,106,226,246,257
b1591,294,350,328,167,213,129,109,179,178
b1592,70,93,98,35,53,40,284,344,398
b1593,429,552,754,688,528,601,454,482,493
b1594,330,358,595,657,536,555,925,1243,1140
b1595,34,37,60,65,64,48,248,313,298
b1596,175,191,257,241,233,263,376,401,423
b1597,42,65,49,34452,29864,35867,43,54,23
b1598,627,830,792,3670,3852,3785,966,1071,1138
b1599,105,69,58,6,9,13,600,781,740
b1600,195,204,184,23,40,23,708,887,827
b1601,270,298,462,89,124,122,521,681,654
b1602,737,1010,686,1434,1636,1703,1486,1616,1660
b1603,1018,1316,1105,1434,1437,1447,1693,1998,2032
b1604,1505,1741,1567,1044,1055,977,558,629,719
b1605,50,93,86,77,71,66,249,336,348
b1606,79,128,109,126,140,118,121,109,129
b1607,211,224,178,103,122,94,344,437,436
b1608,98,133,177,92,122,89,222,293,326
b1609,129,212,258,206,204,199,217,273,268
b1610,101,186,147,231,257,280,96,116,122
b1611,7517,6522,2023,3663,3355,3311,2323,2694,2445
b1612,7540,6902,2514,3276,3556,2877,3801,4140,3432
b1613,1600,2118,2304,1508,1403,1541,262,287,285
b1614,2486,3578,2086,4602,6784,5100,740,913,995
b1615,14,9,19,19,13,17,320,303,326
b1616,13,27,26,41,42,53,99,118,134
b1617,99,147,128,328,298,337,312,356,349
b1618,1053,1319,1321,1549,1527,1566,602,767,741
b1619,428,782,421,1044,1237,1356,334,398,373
b1620,311,359,576,684,618,643,1772,2337,1665
b1621,112,109,150,104,95,87,1098,1400,1191
b1622,386,483,531,388,401,441,438,490,500
b1623,1426,1630,1503,1047,1131,883,609,750,709
b1624,1257,1629,1533,1190,1146,1022,777,875,990
b1625,18,39,51,42,62,40,151,163,165
b1626,157,204,244,129,145,109,377,404,452
b1627,228,266,292,88,61,39,541,708,753
b1628,151,150,180,76,95,54,584,636,701
b1629,341,338,297,171,166,130,536,601,555
b1630,135,116,93,120,79,90,186,214,254
b1631,115,116,110,93,91,59,121,140,138
b1632,82,101,94,93,68,91,88,114,132
b1633,104,149,136,81,79,66,40,75,66
b1634,581,670,471,615,579,560,1561,1943,1941
b1635,1503,2046,1430,1473,1646,1689,573,704,626
b1636,366,461,403,287,235,207,233,229,272
b1637,2610,3054,2894,2273,2175,1945,1653,1848,2011
b1638,772,856,845,488,424,463,290,366,365
b1639,253,328,349,249,188,252,112,131,125
b1640,390,425,457,340,294,309,399,433,420
b1641,3129,4209,4678,3881,4641,4662,2484,2775,2857
b1642,1457,1806,2141,1262,1255,1377,601,632,560
b1643,39,45,57,25,22,10,102,116,128
b1644,77,74,113,54,47,37,352,458,431
b1645,104,100,127,75,110,78,511,700,659
b1646,816,1302,591,1401,1664,1746,338,405,343
b1647,654,767,720,915,835,777,283,317,282
b1648,36,74,47,102,137,91,42,51,53
b1649,47,46,40,35,33,26,972,1184,1470
b1650,547,424,441,238,303,209,2238,2596,2801
b1651,283,278,229,222,273,218,480,541,573
b1652,301,409,386,130,127,98,613,710,690
b1653,963,1486,934,1109,1108,1103,1486,1624,1735
b1654,1842,2163,3287,1116,987,1334,872,1041,1025
b1655,210,178,168,75,72,42,200,282,260
b1656,10275,12148,5887,6724,10916,11795,2628,2946,2683
b1657,349,443,402,206,256,234,1737,2101,2005
b1658,954,1266,1155,642,629,499,1405,1722,1804
b1659,209,251,243,178,247,222,701,757,852
b1660,370,393,140,64,63,37,155,206,211
b1661,1875,2929,3367,5394,7523,6402,2866,3464,3674
b1662,854,1052,1157,445,558,432,374,414,440
b1663,758,893,1010,544,715,473,2932,3072,3120
b1664,1251,1745,1282,1794,2245,1837,789,911,912
b1665,0,0,0,0,0,0,0,1,1
b1666,1,0,1,0,0,0,7,4,4
b1667,1122,1318,1187,1086,1183,1330,757,935,844
b1668,530,836,388,1329,1950,1432,268,349,318
b1669,53,51,96,40,36,34,136,150,147
b1670,18,28,27,22,23,36,62,82,68
b1671,15,23,50,15,21,9,74,108,77
b1672,30,33,48,35,33,42,59,89,107
b1673,34,42,55,28,24,28,135,214,175
b1674,21,20,33,4,6,4,73,86,85
b1675,31,40,50,42,91,67,109,109,88
b1676,4583,6949,4760,6176,7613,7287,807,878,817
b1677,87157,111087,77493,49164,92997,71772,72360,63398,63578
b1678,917,1588,1149,2011,2948,2813,270,308,292
b1679,103,186,89,303,365,296,24,35,25
b1680,552,1053,474,1950,2198,2037,119,183,165
b1681,567,1144,428,2432,2885,2868,93,131,141
b1682,293,586,237,1244,1658,1624,44,68,53
b1683,638,1221,552,3508,4749,5059,143,147,116
b1684,185,373,193,1111,1521,1950,40,66,42
b1685,312,535,994,306,354,398,25,26,52
b1686,128,190,130,324,377,364,127,146,118
b1687,1129,1597,1404,1839,2566,1997,763,934,931
b1688,439,601,602,792,1027,824,1156,1315,1445
b1689,9,12,4,6,5,10,19,23,38
b1690,4,0,1,3,3,0,24,41,38
b1691,0,5,2,0,0,0,55,82,58
b1692,4,9,7,3,11,3,24,38,31
b1693,139,148,182,169,127,123,136,210,142
b1694,9,5,1,1,9,7,73,100,107
b1695,7,19,11,9,7,6,130,168,173
b1696,36,56,65,33,24,19,80,98,116
b1697,6,8,5,11,4,5,29,55,42
b1698,15,19,15,35,38,32,96,86,104
b1699,12,33,36,22,30,23,51,59,88
b1700,2,2,4,1,1,2,4,2,2
b1701,12,15,20,13,25,21,57,74,85
b1702,9522,11414,10242,9437,9950,9334,3643,4272,4554
b1703,445,559,476,466,477,477,109,117,122
b1704,350,452,460,207,281,221,386,457,477
b1705,10,12,8,4,6,5,45,66,73
b1706,2331,2638,3018,2407,2059,1588,707,869,871
b1707,270,388,383,72,135,85,278,335,375
b1708,239,271,228,270,302,282,395,465,345
b1709,134,216,128,156,168,116,175,255,230
b1710,322,443,320,298,382,281,230,277,259
b1711,156,253,203,147,166,129,568,621,654
b1712,2108,2919,2869,2781,4018,3872,4145,4185,4439
b1713,2741,3885,2556,3870,4626,4378,3449,3951,3818
b1714,688,886,647,602,708,538,947,1214,1108
b1715,18,22,18,9,20,14,18,13,27
b1716,8816,12511,11296,7935,10443,9407,17312,16328,25523
b1717,2311,3313,3081,2385,3089,2823,3777,3590,5233
b1718,15424,19569,20501,12446,14674,12993,38426,36451,55523
b1719,22043,27932,30740,14202,15415,14627,4186,4846,5041
b1722,82,79,66,10,16,14,152,179,198
b1723,1579,2195,1458,1965,2515,2505,603,762,612
b1724,255,400,293,536,683,619,50,57,47
b1725,1384,2009,1698,3305,3446,3615,1107,1640,1022
b1726,489,704,801,781,1110,916,488,577,520
b1727,295,366,464,211,220,187,196,192,197
b1728,94,139,152,45,51,58,601,650,756
b1729,210,307,1131,1823,1860,1668,1114,1200,1332
b1730,7,4,9,5,3,6,31,31,41
b1731,57,57,70,19,29,21,76,83,81
b1732,1505,2371,944,3176,3801,3744,71,92,117
b1733,174,199,359,119,159,116,542,609,618
b1734,38,45,52,18,37,29,231,318,290
b1735,111,191,203,96,85,91,87,121,135
b1736,36,37,45,24,19,25,44,73,60
b1737,77,117,184,96,157,111,317,352,348
b1738,241,244,392,139,133,129,110,133,113
b1739,1247,1592,1080,2223,3048,2423,645,620,700
b1740,615,762,1030,651,749,547,307,380,382
b1741,990,1172,1079,496,527,392,1142,1428,1483
b1742,46,65,95,16,23,16,106,109,101
b1743,788,1162,773,532,841,634,132,165,151
b1744,3189,4778,488,2797,4947,3088,93,111,110
b1745,5913,8830,758,6430,10620,6694,331,428,375
b1746,6004,9288,875,7029,12740,7542,513,679,543
b1747,2437,3815,471,2298,4846,2433,419,415,344
b1748,2961,4803,1037,1898,4376,2098,1349,1858,1324
b1749,686,732,598,271,239,197,705,855,832
b1750,8,9,3,8,2,6,14,16,12
b1751,4,7,2,34,23,20,22,25,23
b1752,21,26,23,47,70,58,23,56,45
b1753,36,61,50,41,52,31,100,85,101
b1754,62,82,92,123,147,132,186,246,246
b1755,43,81,63,90,141,108,133,171,159
b1756,27,30,23,35,41,28,66,84,88
b1757,175,215,208,257,189,169,76,120,104
b1758,225,252,365,205,209,169,291,386,356
b1759,29,40,38,24,20,25,107,137,164
b1760,48,63,64,68,63,63,141,153,150
b1761,929,1087,892,631,822,524,1326,1720,1483
b1762,67,71,82,36,43,21,343,389,466
b1763,2260,2810,2385,1621,1416,1280,1639,1874,1862
b1764,3450,4321,3773,2965,2617,2548,1377,1768,1493
b1765,968,1413,1103,859,1120,911,669,808,577
b1766,1150,1338,1319,1391,1429,1210,738,908,945
b1767,285,385,349,197,160,152,114,156,183
b1768,227,269,289,174,155,127,121,148,153
b1769,13,21,30,23,15,14,431,478,568
b1770,76,89,142,171,129,171,156,209,187
b1771,36,39,43,13,22,16,307,350,335
b1772,7,13,5,9,7,8,83,98,116
b1773,5,18,1,6,8,11,91,100,110
b1774,9,9,6,7,5,7,40,77,52
b1775,14,21,6,13,18,9,144,166,198
b1776,22,35,21,18,32,24,159,198,155
b1777,1346,1455,607,338,483,363,427,464,371
b1778,2016,2262,936,826,1103,789,654,823,612
b1779,23490,29840,25108,18959,20050,19936,3992,3968,2868
b1780,535,589,360,291,350,311,59,82,76
b1781,710,922,1329,982,840,964,547,588,659
b1782,1586,1755,1867,702,497,475,1375,1726,1795
b1783,9354,18114,10702,18863,22017,21193,567,733,664
b1784,2803,5694,4739,4557,5218,5023,91,101,143
b1785,30,37,33,7,36,9,37,42,52
b1786,182,252,349,108,70,63,427,468,484
b1787,266,282,313,184,186,158,224,230,256
b1788,20,17,24,12,15,17,77,85,95
b1789,79,93,117,48,37,33,210,268,251
b1790,99,113,140,122,142,119,432,541,491
b1791,44,49,42,38,60,40,100,124,157
b1792,378,529,436,399,441,447,81,121,89
b1793,113,134,212,146,162,172,281,295,281
b1794,768,979,773,599,612,459,262,389,381
b1795,623,849,630,658,1218,824,160,153,146
b1796,0,1,10,1,1,2,32,37,37
b1797,0,0,5,0,2,0,28,37,28
b1798,55,49,52,44,44,20,309,328,354
b1799,171,304,271,668,692,491,287,324,254
b1800,247,261,254,356,289,399,122,187,136
b1801,9,14,9,6,14,6,70,93,129
b1802,20,40,14,18,12,30,25,33,43
b1803,22,35,31,55,59,58,54,73,76
b1804,851,1077,1245,410,403,288,837,981,1042
b1805,2015,2711,1081,1075,1785,950,5795,6761,5858
b1806,867,1255,1599,1348,2227,1576,3304,3503,3677
b1807,550,596,594,318,267,228,328,399,380
b1808,1240,1487,1436,815,834,630,1180,1408,1349
b1809,798,905,722,286,333,257,254,320,294
b1810,350,521,367,378,528,458,261,307,306
b1811,335,374,434,217,288,177,126,136,172
b1812,169,178,144,94,104,79,306,404,353
b1813,108,118,107,102,136,118,160,165,210
b1814,9590,12233,11186,5995,7138,5136,2789,3292,3678
b1815,291,421,282,212,309,223,214,259,245
b1816,3131,3569,3680,2435,2643,2033,1214,1696,1564
b1817,1557,2123,2701,3109,2459,2748,2886,3574,2598
b1818,1018,1500,1704,2194,1847,2290,1614,1896,1471
b1819,1585,2349,2510,3346,2901,3465,2532,2834,2003
b1820,33,57,39,63,57,57,30,23,45
b1821,31,36,33,23,27,17,222,270,284
b1822,382,524,438,175,223,202,719,1067,1012
b1823,3226,4200,3484,3864,5238,3345,545,683,568
b1824,1596,2648,1457,1421,2375,1638,51,57,57
b1825,363,440,566,123,206,120,685,692,683
b1826,14,12,24,21,18,20,75,56,54
b1827,607,772,1019,1244,1396,1258,840,945,883
b1828,128,147,132,66,87,46,151,168,184
b1829,3021,4236,4305,2223,3743,2934,6680,6475,8221
b1830,2947,3598,2953,2583,3109,2289,3038,3608,3719
b1831,2444,2995,2602,1561,1725,1409,2502,2793,3241
b1832,488,599,613,396,565,379,415,493,488
b1833,352,467,558,406,584,399,477,606,562
b1834,629,847,606,864,1180,729,751,954,989
b1835,37,42,57,24,29,20,42,40,47
b1836,607,1013,722,1840,2668,2139,39,61,61
b1837,173,173,182,339,400,338,180,176,198
b1838,150,254,235,116,198,148,116,115,138
b1839,303,268,243,115,145,114,543,633,570
b1840,418,434,414,276,394,233,2244,2738,2538
b1841,372,536,395,334,417,314,764,970,942
b1842,59,69,60,36,32,18,10,12,14
b1843,270,391,261,102,122,109,259,339,322
b1844,261,357,333,236,222,196,260,337,331
b1845,481,755,559,729,844,779,420,641,530
b1846,1432,2089,1974,225,323,211,2637,3010,2761
b1847,2058,2777,1579,1197,1761,1370,3198,4035,3853
b1848,2084,2730,2084,632,804,779,2766,3574,2940
b1849,457,574,396,244,314,271,136,182,210
b1850,726,854,780,700,764,776,2683,2827,3894
b1851,284,332,359,266,255,259,428,449,581
b1852,1100,1587,1971,1109,1167,1142,350,374,366
b1853,354,401,791,782,649,680,249,285,194
b1854,2688,3410,3109,3791,3655,3565,1022,1184,1055
b1855,666,859,751,541,523,457,887,1014,1071
b1856,2002,2638,2987,1511,1734,1322,2065,2467,2461
b1857,2771,3593,4958,2171,2436,1662,436,552,711
b1858,1455,2192,3728,1018,1196,1035,521,607,619
b1859,938,1071,2115,643,674,572,908,929,1187
b1860,1165,1486,1364,559,515,499,2212,2586,2681
b1861,821,1010,958,493,436,339,1008,1093,1222
b1862,5,8,14,5,12,10,92,127,101
b1863,231,344,356,335,312,273,518,573,566
b1864,717,1170,1170,1112,1062,1066,516,561,557
b1865,436,548,640,611,552,553,278,347,338
b1866,3066,3899,3992,3669,3399,3231,2645,2862,2958
b1867,153,145,185,121,124,96,176,177,204
b1868,67,76,75,32,43,47,41,54,61
b1869,324,439,390,390,379,375,356,452,369
b1870,127,193,171,104,155,126,75,140,137
b1871,345,488,412,387,408,302,389,498,489
b1872,69,95,74,65,69,68,1813,2244,1734
b1873,14,9,10,7,15,11,684,963,738
b1874,1161,1512,2224,1301,2190,1491,2470,2586,2780
b1875,196,242,214,184,237,149,146,152,165
b1876,1447,1850,1621,1002,1078,840,1040,1232,1353
b1877,11,8,9,2,1,3,34,53,39
b1878,12,7,8,6,2,5,38,55,43
b1879,51,69,81,82,99,74,338,402,390
b1880,3,9,10,7,8,8,91,102,104
b1881,16,19,25,25,34,25,99,116,97
b1882,8,6,6,4,13,7,10,24,14
b1883,5,4,8,2,11,8,45,85,67
b1884,6,16,23,14,10,9,69,84,110
b1885,6,19,20,12,10,16,106,130,117
b1886,7,15,20,8,15,3,130,159,108
b1887,21,21,34,23,24,18,42,68,59
b1888,22,17,17,27,18,17,135,200,194
b1889,2,6,2,4,11,0,85,120,130
b1890,11,7,4,10,8,5,117,157,150
b1891,58,76,46,53,41,44,111,183,148
b1892,56,67,41,33,32,25,72,106,85
b1893,0,0,0,0,0,0,0,0,0
b1894,0,0,0,0,0,0,0,0,0
b1895,166,209,268,265,249,270,27,61,35
b1896,887,1511,705,1911,3304,2454,175,260,188
b1897,709,1172,659,1435,2445,1685,92,120,130
b1900,24,44,40,154,178,169,149,177,170
b1901,119,156,100,369,485,480,89,116,106
b1902,498,585,805,389,304,386,326,380,375
b1904,6,6,10,2,3,4,64,92,99
b1905,782,997,976,137,168,126,267,346,296
b1906,29,46,39,80,83,81,50,41,58
b1907,78,119,113,87,128,85,849,1059,1095
b1908,1493,1994,2778,1531,1411,1485,1356,1595,1745
b1909,3,4,5,2,0,0,2,4,3
b1910,0,0,0,0,0,0,0,0,0
b1911,37,40,37,46,47,37,10,20,18
b1912,875,1026,1136,1364,1356,1363,266,341,327
b1913,914,1156,1046,1117,1242,1055,371,477,425
b1914,670,777,1004,309,323,212,501,604,590
b1915,147,150,148,42,27,24,142,135,130
b1916,68,85,157,78,136,113,507,658,629
b1917,289,345,277,329,437,352,233,280,305
b1918,201,239,176,263,323,242,154,194,174
b1919,496,593,560,697,724,706,375,445,462
b1920,807,897,817,1210,997,1113,544,615,581
b1921,18,7,10,6,3,13,18,18,18
b1922,2,10,4,0,0,4,32,47,60
b1923,269,384,521,365,511,402,1542,1718,1748
b1924,28,27,30,5,19,2,67,111,106
b1925,3,9,3,1,3,2,8,10,19
b1926,3,0,6,1,3,1,10,10,4
b1927,1510,2245,1080,2355,2984,2615,445,554,527
b1928,762,963,908,575,590,594,679,748,959
b1929,173,207,211,376,347,320,222,303,292
b1930,9,15,6,12,26,15,19,30,13
b1931,32,64,39,68,93,51,40,45,40
b1932,27,31,24,15,20,11,13,24,25
b1936,6,2,2,0,3,1,15,19,11
b1937,5,6,2,3,2,3,18,18,20
b1938,3,11,6,5,8,5,41,90,56
b1939,19,26,47,13,23,13,73,84,94
b1940,8,17,8,4,4,5,50,63,53
b1941,8,13,18,10,11,12,73,106,87
b1942,1,0,1,0,3,1,1,1,5
b1943,3,5,3,5,7,7,19,17,14
b1944,2,3,1,2,2,2,8,9,8
b1945,10,6,7,8,14,11,24,41,37
b1946,0,3,0,3,1,2,10,20,14
b1947,0,1,2,0,0,1,8,4,9
b1948,4,4,3,0,2,4,15,19,21
b1949,0,0,0,0,0,0,5,3,3
b1950,3,4,6,2,2,3,23,18,27
b1951,35,49,82,7,3,5,263,442,422
b1952,100,117,96,79,96,90,81,104,81
b1953,953,1731,1208,2383,4263,3411,413,597,485
b1954,9,18,22,10,13,13,28,36,30
b1955,1246,2122,1469,2229,3508,2751,414,539,537
b1956,513,662,569,651,822,647,509,605,618
b1957,83,97,93,160,234,136,68,89,79
b1958,351,487,495,422,570,371,330,387,390
b1959,344,336,298,102,90,62,133,171,178
b1960,101,124,125,58,84,36,210,254,238
b1961,849,969,972,560,558,438,508,594,608
b1962,309,393,379,215,240,171,555,727,709
b1963,36,44,46,32,51,37,158,205,193
b1967,1198,1799,1562,4545,7269,7072,347,431,450
b1968,52,72,105,39,50,39,271,359,307
b1969,66,99,156,43,59,37,291,329,320
b1970,8,13,14,7,21,14,16,18,17
b1971,330,441,635,349,508,384,598,615,616
b1972,42,79,98,53,93,63,255,304,313
b1973,123,177,310,80,122,70,34,22,36
b1974,24,54,20,38,55,37,40,35,38
b1975,95,97,85,91,84,115,35,55,60
b1976,2192,2612,2683,2899,1918,2243,585,704,572
b1977,50,47,54,41,41,45,20,20,19
b1978,452,494,573,358,408,327,771,1031,963
b1981,275,337,374,211,239,196,375,552,558
b1982,1044,1302,1141,656,752,768,128,122,137
b1983,259,289,277,200,136,113,85,90,100
b1984,4,2,11,4,1,2,2,15,9
b1985,77,107,141,133,176,146,653,853,721
b1986,30,28,34,9,8,8,75,118,122
b1987,25,28,48,65,46,47,103,122,110
b1988,37,81,81,46,60,32,124,135,167
b1989,4,4,10,0,1,2,18,19,17
b1990,683,1023,987,1342,1947,1630,640,705,720
b1991,134,168,120,182,181,128,1447,1630,1596
b1992,43,48,72,47,82,49,648,774,643
b1993,103,119,137,97,81,63,651,690,723
b1994,0,0,0,0,0,0,1,3,3
b1996,4,10,8,6,18,6,12,8,9
b1997,0,0,0,0,0,0,0,0,0
b1999,34,59,81,58,66,59,212,261,283
b2000,326,349,137,655,694,752,513,520,683
b2001,22,26,39,35,43,24,87,117,128
b2002,8,5,3,7,3,5,26,36,50
b2003,1,2,0,0,1,0,2,3,6
b2004,2,2,1,0,1,3,7,10,17
b2005,0,0,1,1,1,0,4,7,9
b2006,25,21,39,15,26,27,29,60,77
b2007,1489,2213,2721,1181,1380,1416,636,801,666
b2008,794,1094,1071,510,712,501,564,787,597
b2009,1645,2394,2027,1563,2011,1751,652,912,604
b2010,139,167,193,63,93,73,214,287,267
b2011,655,857,909,1022,1106,994,389,422,429
b2012,10,18,58,459,550,464,37,47,49
b2013,24,31,298,1018,673,807,86,85,118
b2014,401,627,337,193,185,128,1181,1187,1374
b2015,368,559,642,596,766,750,2059,2097,1781
b2016,1384,1850,1833,2305,2587,2511,4687,5035,4547
b2017,38,48,60,93,143,125,661,687,540
b2018,0,1,0,0,0,0,0,2,2
b2019,163,197,238,388,481,450,567,632,527
b2020,204,257,216,574,532,610,541,690,479
b2021,173,243,173,436,414,490,186,268,202
b2022,146,253,183,428,424,390,264,283,234
b2023,55,113,80,211,218,223,105,121,144
b2024,107,126,93,253,261,249,105,122,114
b2025,103,162,125,234,269,258,53,86,44
b2026,130,207,160,308,355,318,125,133,97
b2027,5399,6475,7309,1997,2277,1608,3596,3980,4164
b2028,83,172,193,119,125,84,160,162,164
b2029,2540,4188,4409,3224,3161,3408,2101,2482,2623
b2030,0,0,0,0,0,0,0,0,0
b2032,480,941,679,658,688,736,129,143,150
b2033,192,345,270,303,287,301,69,103,114
b2034,448,780,567,534,692,684,156,163,212
b2035,420,723,473,532,638,648,83,93,112
b2036,631,1088,639,818,921,895,142,166,183
b2037,424,746,441,567,621,585,293,366,455
b2038,160,240,100,185,254,203,117,113,130
b2039,402,590,312,420,473,406,234,245,229
b2040,418,592,416,377,475,371,408,491,554
b2041,858,1015,1003,636,661,530,585,719,742
b2042,3697,4295,4165,1829,1631,1419,884,1040,1193
b2043,45,44,33,20,12,24,53,65,70
b2044,38,53,86,50,38,36,194,243,264
b2045,17,15,16,26,27,20,56,80,98
b2046,12,11,12,10,15,13,87,142,110
b2047,11,5,11,12,27,15,95,129,143
b2048,12,17,7,18,26,27,93,134,118
b2049,29,16,21,20,17,13,78,155,159
b2050,9,8,14,5,7,5,108,162,136
b2051,2,3,1,0,5,4,33,45,45
b2052,4,10,11,8,12,4,119,149,129
b2053,9,17,6,4,7,5,142,188,192
b2054,2,4,1,0,0,1,25,47,45
b2055,1,7,6,3,4,1,59,87,80
b2056,7,8,4,5,5,4,38,35,41
b2057,6,10,13,8,12,11,88,108,134
b2058,1,1,0,4,2,2,4,31,16
b2059,5,9,2,5,9,2,60,74,55
b2060,10,26,13,5,4,6,151,166,211
b2061,0,2,1,0,1,0,2,8,17
b2062,5,6,10,6,1,3,79,101,124
b2063,281,442,469,577,616,517,520,637,627
b2064,928,1082,1096,970,1027,951,1655,2076,1844
b2065,830,981,1215,958,898,862,2738,3198,3361
b2066,470,514,584,140,155,80,105,134,160
b2067,719,940,731,795,1089,882,494,660,696
b2068,314,459,441,529,517,454,165,252,262
b2069,154,187,178,163,121,97,762,894,769
b2070,140,131,191,141,140,154,393,470,485
b2071,16,14,29,3,7,3,42,50,65
b2072,12,11,12,3,6,6,151,172,179
b2073,22,24,53,15,21,18,167,240,168
b2074,158,251,252,141,179,168,652,893,748
b2075,143,219,199,310,396,272,737,1073,943
b2076,135,264,164,341,432,379,503,593,548
b2077,68,95,74,115,161,96,153,222,200
b2078,66,87,80,129,146,120,124,150,130
b2079,184,283,259,360,415,369,187,244,244
b2080,1368,1869,1202,2984,4170,4187,124,141,116
b2081,494,759,660,559,653,486,1383,1604,1520
b2082,25,22,17,20,17,24,130,172,165
b2083,6,8,16,6,9,4,48,38,54
b2085,7,6,11,6,6,9,35,46,41
b2086,570,801,518,517,570,509,212,274,292
b2088,0,0,0,0,0,0,0,0,2
b2089,3,17,11,2,5,4,26,49,54
b2091,6728,10743,15805,13000,12469,12353,663,756,757
b2092,32799,44370,48045,36739,34766,35781,4031,4050,2818
b2093,2833,4398,4561,3186,3269,3554,337,337,214
b2094,6641,9296,10768,9580,8547,8955,452,522,508
b2095,39678,49899,60129,68115,62029,66685,9074,10405,7770
b2096,39412,48991,65692,76620,73379,77905,14253,17001,12955
b2097,5363,7727,3196,8498,11450,10311,232,299,220
b2098,34,38,55,45,51,40,51,80,69
b2099,40,60,46,49,66,61,72,81,110
b2100,36,62,38,59,83,61,91,116,129
b2101,294,306,417,150,129,157,720,828,859
b2102,128,133,272,68,62,59,271,347,312
b2103,87,156,147,191,163,224,586,717,819
b2104,105,179,185,157,177,169,629,685,744
b2105,39,37,25,15,27,21,235,308,332
b2106,50,40,36,13,17,14,317,361,414
b2107,192,256,329,80,109,95,424,427,505
b2108,0,2,2,1,0,1,65,91,79
b2109,5,3,7,3,4,4,127,122,165
b2110,2,7,1,0,2,1,2,4,4
b2111,37,25,29,9,20,13,2,3,6
b2112,70,89,41,62,68,59,18,26,38
b2113,3567,4408,4458,3294,3283,3408,961,1092,1054
b2114,2541,3159,3271,1607,1560,1306,739,913,990
b2118,45,45,66,47,51,42,172,215,232
b2119,2,8,8,1,1,2,108,114,140
b2120,21,35,52,20,30,22,145,176,191
b2121,5,16,19,7,14,9,20,26,27
b2122,33,43,71,44,59,56,187,213,252
b2123,9,19,15,6,16,13,23,21,19
b2124,625,798,888,520,642,615,414,407,464
b2125,140,183,183,168,143,116,83,138,124
b2126,286,401,382,289,263,256,177,197,200
b2127,353,527,335,607,689,512,88,122,154
b2128,60,108,66,185,273,172,104,109,115
b2129,48,77,31,135,177,133,62,77,82
b2130,100,163,61,186,308,181,138,204,210
b2131,307,459,220,466,610,406,218,278,309
b2132,580,708,630,462,540,446,1248,1452,1777
b2133,4469,5384,4542,3777,3494,3573,637,727,669
b2134,388,455,494,415,488,383,224,233,234
b2135,503,1016,1420,3821,5145,4264,147,175,147
b2136,389,494,478,419,472,314,430,455,547
b2137,146,186,161,396,581,536,166,201,179
b2139,12,17,12,14,5,14,249,241,291
b2140,51,87,79,55,49,30,488,521,604
b2141,31,42,45,41,51,46,42,59,80
b2142,93,179,183,183,255,235,135,138,157
b2143,300,468,696,660,523,681,558,705,640
b2144,40,70,48,41,43,24,88,78,94
b2145,18,20,14,17,20,6,19,48,31
b2146,51,67,93,310,493,497,330,489,333
b2147,58,74,56,328,553,539,248,309,312
b2148,211,311,50,299,372,359,652,747,631
b2149,352,420,105,295,390,306,745,939,664
b2150,6267,6818,1163,3626,3330,4204,5430,6403,5243
b2151,721,757,625,325,245,199,627,782,612
b2152,424,430,368,170,206,115,363,441,453
b2153,2450,2707,2079,1027,1089,955,487,610,575
b2154,2837,3377,2778,1450,1625,1587,660,810,757
b2155,218,215,141,109,132,121,837,908,1262
b2156,717,964,746,1006,1422,931,626,795,815
b2157,1503,1963,1411,1203,1981,1227,758,858,809
b2158,184,238,240,158,235,178,592,653,800
b2159,424,506,351,434,473,528,127,187,138
b2160,238,322,251,293,284,325,127,176,205
b2161,20,21,15,23,31,19,139,163,161
b2162,2,10,6,6,8,6,88,129,130
b2163,14,11,14,5,13,6,65,65,79
b2164,95,100,152,98,114,70,484,505,596
b2165,15,20,12,17,15,14,131,170,128
b2166,19,19,7,11,9,2,57,77,63
b2167,801,1154,2196,1896,1879,1756,2866,3251,2852
b2168,454,553,866,802,690,738,801,904,870
b2169,660,929,1311,1118,936,1058,1559,1868,1522
b2170,129,179,170,125,86,74,148,180,183
b2171,439,527,521,168,118,107,200,265,297
b2172,1842,2167,1844,420,377,394,1296,1595,1185
b2173,102,110,108,78,82,52,133,153,146
b2174,30,35,32,18,18,20,70,100,99
b2175,1502,1672,1876,387,338,208,398,487,590
b2176,276,341,411,185,225,168,193,296,268
b2177,435,665,632,637,714,663,391,468,536
b2178,146,192,152,142,180,140,92,105,122
b2179,109,143,140,112,148,123,63,108,80
b2180,238,345,220,277,258,253,174,161,167
b2181,1325,1604,1028,528,786,552,5004,5746,5805
b2182,526,567,595,455,583,408,741,967,847
b2183,655,903,1009,471,461,393,625,850,801
b2184,378,503,490,484,489,489,184,233,221
b2185,2884,3521,3390,1343,2354,1296,3738,4254,4154
b2186,777,786,720,347,349,346,906,1039,1025
b2187,158,238,211,181,148,218,79,101,104
b2188,1098,1615,1692,1252,1290,1054,683,886,924
b2189,2,4,3,3,4,2,9,13,12
b2190,232,301,422,257,327,263,1197,1331,1239
b2192,0,0,0,0,0,0,0,0,0
b2193,550,665,518,232,355,258,964,1036,1205
b2194,161,236,306,286,295,340,280,263,318
b2195,39,51,79,83,80,111,60,73,82
b2196,94,151,262,217,245,252,235,243,250
b2197,37,48,121,82,84,82,51,42,43
b2198,0,0,2,2,0,0,0,1,1
b2199,93,117,300,138,105,114,128,120,126
b2200,68,64,171,64,41,57,71,82,88
b2201,104,137,321,143,112,120,135,150,200
b2202,79,93,356,111,98,158,46,46,72
b2203,5,13,123,26,19,59,34,26,29
b2204,18,14,258,75,24,166,55,43,61
b2205,30,31,339,92,44,192,65,67,75
b2206,140,170,1439,932,155,1582,232,262,249
b2207,1,3,7,4,0,10,6,4,10
b2208,40,49,244,233,25,244,62,89,100
b2209,1900,2217,1980,1013,1006,1110,829,1022,1120
b2210,620,574,464,70,82,59,2084,2407,2765
b2211,392,423,489,234,226,156,883,945,992
b2212,50,80,84,129,126,102,93,74,91
b2213,302,417,377,649,784,603,584,648,744
b2214,173,150,185,150,154,130,464,566,592
b2215,103069,122622,66805,156387,159620,173642,3688,3618,3611
b2216,2479,2953,3368,2086,2093,1975,974,1216,1234
b2217,2523,3263,3303,2022,2206,2040,1021,1328,1374
b2218,1196,1582,1666,1456,1350,1341,3033,3662,3631
b2219,158,177,199,307,249,323,114,154,105
b2220,113,112,93,192,170,178,42,38,57
b2221,3,1,0,3,0,1,10,19,14
b2222,1,2,2,0,1,4,7,10,10
b2223,5,7,6,6,10,7,50,51,68
b2224,29,31,43,22,49,17,80,72,88
b2225,15,19,21,12,34,22,78,91,97
b2226,24,34,17,36,34,24,201,240,264
b2229,2,1,1,2,1,2,14,27,21
b2230,61,60,98,39,43,57,185,247,228
b2231,10752,12761,13146,6317,6185,5315,3788,4468,4829
b2232,730,943,845,673,589,505,798,909,984
b2233,249,332,383,291,371,274,939,1064,1042
b2234,1445,1932,1285,498,611,453,195,248,330
b2235,767,936,576,495,536,486,108,118,118
b2236,30,38,20,29,25,22,36,19,24
b2237,600,724,581,543,551,519,734,798,834
b2238,6,12,8,0,3,2,16,12,17
b2239,233,286,244,307,291,287,477,544,604
b2240,62,67,42,226,63,118,163,222,350
b2241,19,24,26,724,186,463,99,93,192
b2242,31,22,15,238,52,71,51,64,89
b2243,21,24,19,83,23,55,50,45,54
b2244,18,22,14,13,18,15,23,12,18
b2245,14,20,26,33,25,20,43,49,43
b2246,10,21,21,24,30,21,39,68,53
b2247,114,167,150,164,157,176,36,55,57
b2248,12,16,15,38,31,31,28,23,32
b2249,779,948,982,1011,1032,999,460,574,639
b2250,38,46,53,36,53,28,147,190,206
b2251,49,35,48,20,29,21,22,22,28
b2252,2,5,7,11,9,6,62,94,85
b2253,43,50,88,79,92,69,154,206,198
b2254,13,19,17,19,39,11,27,50,43
b2255,171,237,343,148,222,143,377,463,480
b2256,43,66,75,49,58,41,304,341,353
b2257,45,72,50,56,81,53,215,207,212
b2258,8,10,23,17,14,10,24,19,36
b2259,226,241,223,419,357,366,197,234,175
b2260,256,374,373,422,447,422,258,324,334
b2261,557,831,730,934,864,856,433,470,573
b2262,538,855,674,846,895,925,281,308,305
b2263,24,28,26,30,36,29,16,29,33
b2264,567,615,458,698,572,555,465,544,580
b2265,618,904,483,687,816,569,353,443,463
b2266,3863,6107,3349,6886,7922,7883,241,260,266
b2267,123,197,184,137,181,156,88,108,113
b2268,310,362,319,178,163,125,119,120,139
b2269,3,12,5,7,5,5,8,11,6
b2270,6,17,21,1,12,6,112,129,137
b2271,1,3,6,0,3,0,26,37,33
b2272,10,14,36,38,19,19,14,18,18
b2273,7,9,23,6,4,4,16,10,21
b2274,3,4,7,1,0,0,4,11,10
b2275,14,11,39,12,14,6,167,195,219
b2276,3546,6319,5925,5990,6022,5956,512,547,648
b2277,2443,3997,3331,3296,3360,3219,215,286,302
b2278,4560,7237,5851,6211,6221,6207,280,368,374
b2279,62,122,66,101,131,118,11,9,13
b2280,907,1467,963,1188,1359,1406,86,84,70
b2281,714,1242,874,1145,1228,1212,52,54,42
b2282,1721,2912,2127,2994,3027,3013,110,152,129
b2283,5877,9497,6613,8794,9021,9174,433,482,437
b2284,2908,4081,2547,3571,3821,3753,259,293,266
b2285,918,1334,839,1264,1199,1187,100,95,66
b2286,4527,5528,3693,4511,4383,4063,533,676,530
b2287,2983,3850,3089,2411,2449,2140,606,820,612
b2288,2837,3431,3162,2262,1935,1783,453,629,584
b2289,770,764,773,484,455,430,1002,963,1091
b2290,498,578,635,806,776,833,599,678,736
b2291,304,438,346,306,304,357,129,137,151
b2292,2314,3392,4991,1929,1321,1752,989,1040,1153
b2293,568,722,831,806,858,828,741,834,828
b2294,395,529,540,402,417,398,311,466,389
b2295,1051,1454,1748,1357,1856,1510,1716,2027,1775
b2296,3150,3911,5897,3457,2842,2898,589,710,846
b2297,2981,3715,5342,3423,3245,3523,992,1146,1159
b2298,21,21,40,29,37,31,242,347,341
b2299,704,871,782,458,566,531,855,969,1079
b2300,665,824,919,455,527,490,304,363,408
b2301,327,458,377,446,488,346,171,184,219
b2302,141,212,166,282,285,230,43,55,64
b2303,293,383,363,280,274,246,116,140,153
b2304,1090,1270,1349,1986,1739,1906,1889,2200,2213
b2305,33,34,59,22,28,29,258,303,318
b2306,164,191,47,82,116,59,254,270,260
b2307,87,126,20,44,86,41,56,91,66
b2308,218,306,58,110,196,127,212,308,252
b2309,1329,1794,431,688,989,712,915,1069,972
b2310,1584,2089,447,689,904,601,1302,1628,1436
b2311,147,189,154,95,98,91,302,355,372
b2312,1247,1554,999,728,803,610,416,541,573
b2313,1074,1364,1094,415,499,377,434,492,527
b2314,832,1051,1138,978,1061,1013,1373,1686,1785
b2315,399,517,396,374,363,248,597,660,727
b2316,3201,3927,3673,1990,2000,1595,2901,3252,3791
b2317,374,624,512,404,351,387,369,330,425
b2318,314,418,466,462,359,430,404,477,516
b2319,415,523,460,483,481,463,815,913,1063
b2320,965,1242,1361,1016,1103,1003,810,1006,1004
b2321,721,888,757,223,230,224,798,834,1009
b2322,49,65,56,47,50,40,854,1042,1013
b2323,3905,4975,6767,6388,5239,5442,2678,3310,3286
b2324,484,619,568,495,505,396,933,1217,1247
b2325,182,237,144,156,142,175,304,318,336
b2326,227,298,238,196,177,220,176,193,242
b2327,247,233,165,228,255,187,145,200,175
b2328,287,311,166,241,230,186,196,241,263
b2329,971,1033,825,776,790,693,747,897,909
b2330,982,1113,1054,401,377,327,446,453,541
b2331,782,1053,1218,772,849,795,699,781,796
b2332,202,277,471,198,224,185,859,979,849
b2333,4,5,8,5,3,5,20,47,20
b2334,0,3,3,3,4,3,17,13,37
b2335,2,5,2,6,1,4,17,22,19
b2336,5,6,4,3,4,1,48,58,59
b2339,1,1,2,0,1,0,88,108,98
b2340,918,1167,1719,1248,1748,1453,3813,4304,4688
b2341,1889,2640,2280,1902,2183,1709,1632,2139,1703
b2342,1119,1439,1201,788,1121,750,1783,2285,1888
b2343,5390,6829,10549,3938,4579,5278,697,732,742
b2344,2770,3833,1165,1528,2281,1624,1023,1200,1092
b2345,6,5,8,6,11,4,8,22,22
b2346,1762,2240,2190,1247,1471,1166,1066,1316,1347
b2347,85,136,104,351,275,297,76,90,91
b2348,0,2,4,0,0,0,10,12,4
b2349,36,42,51,14,16,15,183,193,245
b2350,97,133,144,41,40,29,49,55,60
b2351,217,261,277,89,118,70,28,47,43
b2352,168,201,145,76,91,67,6,14,16
b2353,12,27,15,23,59,23,51,74,76
b2354,5,6,9,3,4,1,34,52,56
b2355,1,0,1,1,0,1,12,9,18
b2356,0,0,0,0,0,0,1,3,3
b2357,0,0,1,0,0,0,13,19,19
b2358,0,1,4,0,0,1,38,50,53
b2359,7,4,10,6,7,8,4,7,6
b2360,3,11,5,4,14,8,84,68,98
b2361,1,1,0,0,0,0,7,9,15
b2362,0,0,0,0,0,0,1,0,2
b2363,1,0,0,0,1,0,0,0,1
b2364,23,30,38,67,54,65,95,120,124
b2365,15,36,32,52,35,80,55,88,66
b2366,69,106,156,133,84,151,151,188,207
b2367,3,3,4,3,3,2,117,136,162
b2368,3,9,7,0,8,3,25,31,29
b2369,644,733,663,353,553,410,141,170,165
b2370,829,1039,729,393,640,359,117,210,207
b2371,4,13,15,8,31,11,96,115,129
b2372,2,0,7,1,3,1,91,146,132
b2373,7,4,6,4,10,6,102,174,155
b2374,4,7,7,4,5,5,64,93,87
b2375,5,5,3,3,3,0,126,167,168
b2376,1,3,0,0,0,0,11,9,13
b2377,151,273,245,328,458,417,372,397,372
b2378,1408,1711,2094,2239,3520,2555,837,1006,1027
b2379,1255,1306,728,282,352,278,853,1170,1155
b2380,342,390,439,712,815,638,166,236,236
b2381,147,196,268,336,364,312,78,117,111
b2382,147,184,242,218,212,215,163,199,227
b2383,48,75,70,72,73,61,320,379,436
b2384,3,6,16,16,16,14,65,71,64
b2385,15,14,14,21,20,19,55,61,77
b2386,8,10,21,17,15,14,71,81,105
b2387,7,4,4,4,3,4,11,30,17
b2388,813,962,1212,1241,1197,1138,624,689,698
b2389,114,143,132,199,264,214,126,159,161
b2390,2551,2808,4434,3377,1884,3232,1361,1574,1761
b2392,453,540,528,608,1033,647,3002,3374,3017
b2393,637,797,863,400,458,366,222,275,258
b2394,0,0,0,0,0,0,0,0,0
b2395,314,401,441,184,210,171,782,946,1033
b2396,12,8,6,0,1,0,30,22,26
b2397,2,0,0,0,0,1,0,3,6
b2398,321,347,500,257,256,285,194,206,195
b2399,183,232,345,105,102,85,166,221,206
b2400,3465,4091,3295,2311,2284,1943,1525,1720,1821
b2401,0,0,1,0,0,3,3,2,6
b2402,41,42,49,7,7,6,26,13,52
b2403,0,0,0,0,0,0,0,0,0
b2404,0,0,0,0,0,0,0,0,0
b2405,120,120,143,92,124,121,567,640,641
b2406,103,170,199,116,123,104,206,244,236
b2407,10,4,2,9,8,10,43,68,64
b2408,18,22,25,12,29,12,204,277,242
b2409,39,58,54,46,63,38,481,531,528
b2410,568,731,875,1223,1202,1340,250,339,306
b2411,419,606,452,795,1085,789,1227,1393,1394
b2412,1525,1887,2143,2079,2150,1882,3192,3957,4103
b2413,461,664,735,315,259,210,325,369,463
b2414,1062,1259,3143,13538,6629,10321,615,701,714
b2415,2614,3376,2337,2818,3324,3011,561,587,562
b2416,7531,10192,7390,10377,12185,11361,2171,2533,2501
b2417,8036,10583,8146,8050,10132,9718,2407,2722,2971
b2418,168,164,184,137,179,189,214,253,242
b2419,34,49,69,28,27,23,48,79,67
b2420,72,81,95,20,30,20,290,310,349
b2421,233,248,375,1020,1263,922,314,431,361
b2422,62,74,742,4343,3745,3398,297,331,315
b2423,28,20,430,2094,1668,1708,192,207,215
b2424,8,14,308,1480,993,1251,97,151,123
b2425,53,60,579,3518,2067,3696,158,183,151
b2426,3296,3329,4456,6543,4781,6002,6188,7581,6671
b2427,35,44,62,97,66,56,298,378,341
b2428,46,53,61,96,95,89,434,578,554
b2429,40,43,50,95,100,94,298,350,349
b2430,49,79,52,111,107,136,91,142,115
b2431,1958,2375,2863,2437,2119,2142,1810,2126,1966
b2432,269,316,364,171,205,174,749,844,920
b2433,14,17,33,41,62,34,131,194,175
b2434,78,64,73,118,123,117,241,271,263
b2435,829,1052,1216,456,493,462,904,1053,1322
b2436,405,478,508,271,319,239,654,747,819
b2437,97,151,103,202,212,253,107,138,155
b2438,96,153,65,176,187,198,103,101,104
b2439,82,127,36,163,164,163,80,105,88
b2440,127,163,124,306,313,363,155,187,203
b2441,136,181,72,259,345,310,154,171,176
b2442,188,231,329,404,505,310,473,635,646
b2443,41,64,71,43,62,66,66,79,74
b2444,6,4,5,1,1,8,16,9,12
b2445,6,1,4,0,2,1,5,7,7
b2446,0,1,4,5,6,5,7,11,24
b2447,8,11,16,13,31,15,60,42,60
b2448,1,6,7,2,5,4,9,9,6
b2449,40,59,35,108,147,173,62,70,54
b2450,144,197,159,176,184,162,129,172,156
b2451,92,116,45,50,66,45,82,127,136
b2452,79,99,49,45,60,37,72,96,53
b2453,92,101,41,42,37,46,88,102,104
b2454,82,71,22,27,13,12,34,57,32
b2455,188,216,63,47,41,50,68,97,59
b2456,29,26,15,4,5,9,5,10,5
b2457,197,243,78,53,54,67,15,20,15
b2458,81,101,21,42,43,43,48,70,77
b2459,87,89,31,41,41,30,50,49,46
b2460,60,50,9,17,26,32,38,31,29
b2461,30,29,7,10,16,7,10,14,13
b2462,34,26,15,7,6,12,12,19,8
b2463,6289,7480,3711,3832,4378,3904,2403,2934,2415
b2464,1244,2162,896,3649,5896,5131,147,161,103
b2465,2974,5319,2209,11371,16118,14375,475,526,444
b2466,1205,1539,1788,1598,1041,1293,3078,3478,3761
b2467,472,544,569,344,339,316,82,119,115
b2468,108,142,164,131,110,128,361,391,420
b2469,373,418,493,324,413,282,919,1025,1006
b2470,193,235,261,167,275,158,724,831,825
b2471,79,85,97,52,67,51,80,96,92
b2472,254,291,252,242,254,205,687,866,840
b2473,329,508,456,616,790,685,260,267,293
b2474,384,560,452,605,745,508,556,708,790
b2475,568,783,671,1148,1382,1135,563,638,702
b2476,918,969,1042,597,741,597,271,274,292
b2477,2451,3031,3162,2120,2368,1950,6258,6792,8253
b2478,3218,3861,4965,2882,2740,2698,2047,2166,2398
b2479,445,634,648,546,527,510,350,339,294
b2480,574,776,661,477,360,316,109,158,175
b2481,1,0,6,1,1,1,16,10,25
b2482,21,25,31,27,28,11,179,195,203
b2483,2,0,3,2,2,3,13,36,20
b2484,11,10,7,9,11,2,48,59,62
b2485,1,2,3,1,5,2,14,19,22
b2486,26,43,45,60,53,47,138,185,184
b2487,21,47,34,67,60,50,82,132,126
b2488,6,9,7,9,12,8,6,9,21
b2489,14,19,21,17,15,16,24,20,21
b2490,3,7,5,6,12,6,8,4,11
b2491,32,34,35,30,34,28,99,92,108
b2492,20,24,46,27,37,20,104,137,127
b2493,477,498,697,505,562,425,2051,2294,2529
b2494,776,848,969,659,803,691,1157,1378,1402
b2495,473,640,480,301,387,297,323,382,347
b2496,751,803,637,417,354,324,446,556,557
b2497,595,568,235,36,34,40,350,394,453
b2498,3415,3446,1693,484,419,424,625,688,850
b2499,1441,1701,1234,329,416,246,316,473,476
b2500,300,360,346,175,201,150,207,297,292
b2501,1817,2267,2567,2177,2349,2364,332,403,373
b2502,1048,1341,1100,1376,1538,1314,366,436,449
b2503,46,64,93,27,23,32,264,318,367
b2504,145,201,142,257,292,342,72,77,84
b2505,6,6,10,4,2,3,72,86,82
b2506,22,35,45,9,33,14,86,115,107
b2507,4265,5286,4185,3279,4099,3330,1893,2177,2137
b2508,2519,3096,2632,1182,1595,1127,4616,5220,5418
b2509,1563,1989,1932,2082,2181,1594,970,1292,1354
b2510,76,144,116,154,212,128,366,509,501
b2511,959,1460,1168,1424,2005,1463,4198,4510,4431
b2512,2207,2926,2187,2899,4130,3161,5788,6395,6595
b2513,936,1100,1011,978,1231,998,1213,1346,1420
b2514,2920,3548,3410,3000,3630,2894,1531,1703,1784
b2515,2355,3006,3006,3628,4161,3688,905,1070,1158
b2516,2238,2636,3369,2722,2982,2633,1912,2249,2206
b2517,1382,1910,1780,882,764,567,1553,1960,1726
b2518,1444,1734,786,447,417,301,713,912,936
b2519,266,319,445,226,216,210,648,727,714
b2520,4460,6053,8627,6046,6611,5926,3596,3952,4136
b2521,3115,3771,3518,4946,3800,4817,827,1037,886
b2522,1459,1790,419,325,388,261,350,459,382
b2523,5120,6126,1527,1448,1425,1278,1836,2005,1848
b2524,337,495,164,158,177,197,357,512,455
b2525,240,456,102,144,194,141,175,217,164
b2526,1681,2405,1003,1082,1469,1084,3411,4103,3999
b2527,279,335,156,127,206,140,788,957,896
b2528,1694,2303,865,714,877,646,2233,2629,2779
b2529,1305,1942,564,432,705,592,1153,1194,1246
b2530,4800,6797,2948,1789,2827,2312,6455,7599,7470
b2531,1107,1769,1602,684,1143,956,2294,2643,2653
b2532,2505,3291,5616,3107,3211,3119,1869,2106,2324
b2533,1179,1361,1251,198,123,136,806,995,1191
b2534,11,14,18,0,4,5,131,162,218
b2535,1905,3262,2124,7722,7399,7943,373,513,397
b2536,352,445,398,287,268,210,1222,1542,1437
b2537,322,346,120,167,252,145,405,629,512
b2538,147,227,279,165,218,140,550,631,717
b2539,11,31,15,11,26,10,67,57,79
b2540,2,7,4,6,6,1,40,39,46
b2541,41,50,39,36,47,38,217,260,239
b2542,44,66,38,59,66,45,182,224,245
b2543,90,129,92,160,225,164,113,140,111
b2544,42,47,52,60,89,71,169,206,222
b2545,51,80,56,94,98,70,226,296,317
b2546,9,11,14,17,25,24,131,147,151
b2547,11,22,5,29,39,45,277,304,359
b2548,12,5,12,17,24,21,71,79,103
b2549,29,49,70,85,120,97,389,424,474
b2550,203,188,316,123,120,125,467,623,619
b2551,14515,17163,11358,6359,4928,4687,1320,1592,1562
b2552,322,350,4129,514,242,3864,2042,2201,2504
b2553,682,842,817,594,605,498,383,462,438
b2554,172,192,147,164,223,186,431,497,520
b2555,131,159,172,95,117,75,385,497,530
b2556,222,338,378,196,224,212,580,733,802
b2557,2337,2891,2307,4318,5255,4301,1158,1417,1374
b2558,123,135,106,74,85,52,342,450,477
b2559,230,233,278,127,176,109,783,788,955
b2560,289,392,489,372,502,325,621,696,717
b2561,119,136,163,40,53,45,362,420,499
b2562,59,75,78,11,5,12,112,154,166
b2563,72,68,67,38,38,51,82,63,72
b2564,522,554,551,487,479,410,599,674,641
b2565,133,197,183,100,113,94,205,196,263
b2566,860,1042,1048,556,681,453,922,1074,1276
b2567,713,837,967,377,550,337,318,431,403
b2568,1242,1658,1269,1783,1892,1568,2566,2920,2884
b2569,2726,3246,2919,2198,2313,1764,5282,6320,6107
b2570,429,523,549,337,374,277,2299,2720,2594
b2571,1476,1914,2443,1114,1355,1007,4418,5566,5530
b2572,4062,5390,8305,4088,5383,4396,18058,20194,23771
b2573,2825,3438,5386,2326,3281,2749,8898,10443,11839
b2574,198,232,372,66,70,66,484,561,691
b2575,285,354,290,140,131,106,609,706,704
b2576,1347,1523,1434,732,651,545,699,869,914
b2577,184,192,377,152,140,122,493,613,569
b2578,33,42,54,44,98,68,210,226,240
b2579,21866,24945,38663,19428,25287,26716,1726,2235,1761
b2580,259,313,264,274,289,295,321,382,434
b2581,1789,2359,2097,1104,917,855,3109,3516,3703
b2582,390,503,352,182,268,271,864,922,1167
b2583,82,108,84,49,38,50,134,197,215
b2584,4694,5455,6384,10260,7307,9011,1055,1324,1087
b2585,1770,2395,2731,2188,1886,1834,806,954,1122
b2586,42,53,88,38,50,49,55,71,61
b2587,6090,7255,6343,3511,5713,3527,5338,6479,5477
b2588,0,0,0,0,0,0,0,0,0
b2589,1,0,0,0,0,0,0,0,0
b2590,0,2,4,0,0,0,3,1,0
b2591,0,0,1,0,0,0,0,1,2
b2592,2932,4152,7788,8079,11760,9636,4827,5374,6008
b2593,314,351,363,353,445,286,356,436,442
b2594,684,890,946,472,604,438,527,735,761
b2595,2500,3155,3357,1821,1947,1580,872,1106,1278
b2597,32944,44649,39938,25902,24478,31852,17191,25132,14360
b2598,6,5,12,14,7,4,6,3,4
b2599,323,556,367,831,1027,1051,444,559,440
b2600,254,354,505,303,415,304,1627,1737,1785
b2601,282,434,652,318,414,314,1786,2012,2002
b2602,30,41,25,45,85,54,17,18,22
b2603,143,200,273,86,87,48,252,338,319
b2604,161,192,207,88,129,74,145,170,199
b2605,207,215,186,72,64,60,73,91,81
b2606,3567,5322,4586,4610,5559,5487,4779,4478,7855
b2607,8559,11588,10051,9951,10529,9686,4542,4414,7948
b2608,5058,7293,6276,5632,6008,5463,2640,2714,3662
b2609,2174,3162,2858,2588,2758,2419,875,834,1188
b2610,6333,8217,8856,6789,7482,7096,4923,5333,5962
b2611,241,429,410,237,216,181,105,169,168
b2614,1670,2044,2856,1724,1871,1637,1495,1703,2200
b2615,591,822,647,500,442,446,195,252,245
b2616,3657,5386,3526,269,365,300,4560,5567,5030
b2617,1475,2036,2080,949,937,961,3236,3517,4003
b2618,77,75,64,44,66,47,72,87,132
b2619,402,468,435,271,258,267,321,306,378
b2620,1447,1723,1865,1169,1294,1386,380,493,538
b2621,734174,960539,1025691,784500,1103266,858749,1213954,1264818,986735
b2622,351,478,527,504,523,557,209,277,289
b2623,44,40,80,12,11,9,32,30,33
b2624,2,4,1,2,2,5,3,2,2
b2625,3,9,3,3,2,3,5,8,5
b2626,4,1,5,0,4,2,29,48,54
b2627,320,407,367,397,494,443,310,342,375
b2628,380,549,648,355,384,310,363,458,444
b2629,13,9,8,2,5,5,21,24,32
b2630,722,935,917,514,826,570,791,918,917
b2631,120,155,158,72,130,128,167,244,212
b2632,20,18,13,20,37,36,106,115,142
b2633,9,9,2,4,8,7,9,21,17
b2634,2,2,3,1,2,5,34,16,22
b2635,0,0,0,0,0,0,0,0,0
b2636,1,0,0,1,0,0,0,1,6
b2637,10,13,11,11,19,10,15,19,31
b2638,6,6,5,5,2,1,6,25,21
b2641,93,80,103,62,67,35,448,510,595
b2642,196,261,307,197,236,158,7,8,13
b2643,0,0,0,0,0,1,5,2,6
b2644,0,0,0,0,0,0,5,3,3
b2645,0,0,1,0,0,0,8,3,2
b2646,3,3,2,1,0,2,4,5,4
b2647,51,84,96,50,115,81,657,843,814
b2648,1,0,2,0,0,0,26,16,32
b2650,3,0,1,2,1,1,35,58,55
b2652,0,0,1,0,1,0,0,1,4
b2659,495,510,296,1471,457,1921,277,337,215
b2660,513,568,268,1918,834,2392,165,193,133
b2661,1252,1452,683,4931,2356,6210,184,238,157
b2662,2011,2018,1730,7661,3105,9519,250,276,164
b2663,415,368,254,1181,438,1423,33,58,56
b2664,207,224,257,536,295,768,279,384,346
b2665,3112,4814,3225,7576,12276,10613,484,527,502
b2666,94,113,74,59,140,93,124,112,93
b2667,403,368,157,6,16,11,688,784,816
b2668,1915,1774,765,38,57,37,1419,1506,1635
b2669,26,30,7,0,10,1,193,248,257
b2670,1145,1382,2115,1355,1298,1776,943,745,859
b2671,410,447,538,102,129,79,346,386,442
b2672,807,1208,771,1673,2256,1971,178,176,160
b2673,7,6,11,26,18,19,20,37,25
b2674,2,2,7,25,21,7,18,14,26
b2675,32,61,50,272,162,157,53,74,92
b2676,21,10,11,59,55,24,24,27,25
b2677,28,40,36,31,69,25,1254,1919,1773
b2678,34,60,20,50,59,25,2081,2972,2742
b2679,64,60,42,41,54,47,333,486,395
b2681,103,154,111,55,59,38,174,197,187
b2682,344,442,565,305,420,347,389,520,473
b2683,46,32,50,33,40,37,31,23,33
b2684,764,975,1066,288,311,268,883,905,1199
b2685,477,531,773,137,187,104,2468,2305,3062
b2686,391,336,420,198,228,193,2478,2455,3193
b2687,1865,2700,1656,2312,3458,2799,325,385,394
b2688,1412,1797,1507,2043,2625,2207,893,1157,1125
b2689,200,258,228,182,222,158,235,246,251
b2690,420,510,668,355,315,306,439,558,584
b2691,2,5,1,0,1,0,2,6,4
b2692,5,12,7,0,3,5,0,0,1
b2693,26,30,26,10,6,0,7,8,3
b2694,1,4,1,0,3,2,0,0,2
b2695,16,50,56,13,13,6,50,42,43
b2696,4700,6269,5829,6098,10068,7650,1269,1387,1281
b2697,4729,5599,5644,6391,7460,6296,7954,9639,9143
b2698,151,259,244,58,59,62,462,646,530
b2699,19356,27381,19301,4953,4985,5109,21625,27050,27981
b2700,225,289,253,115,97,87,74,118,115
b2701,378,519,396,234,272,187,160,184,218
b2702,13,9,26,25,20,25,143,193,125
b2703,21,31,19,35,32,40,83,129,107
b2704,6,1,2,19,11,10,20,20,16
b2705,50,52,50,82,77,93,77,87,91
b2706,11,17,19,18,12,24,17,16,12
b2707,124,112,145,175,124,172,70,77,63
b2708,125,143,175,269,208,275,184,160,185
b2709,65,86,89,244,133,169,7228,7253,7600
b2710,72,94,85,49,57,50,190,223,298
b2711,27,55,48,21,41,17,201,220,246
b2712,169,235,139,204,205,239,478,559,615
b2713,22,39,39,18,16,7,96,106,143
b2714,171,188,185,138,118,109,227,278,308
b2715,79,107,125,96,94,79,678,723,780
b2716,103,151,143,149,151,137,456,548,572
b2717,282,358,501,284,239,255,204,234,221
b2718,10,12,15,19,18,22,29,25,36
b2719,10,10,14,36,22,19,42,43,44
b2720,6,3,5,3,12,4,12,16,22
b2721,20,14,9,17,33,22,76,98,102
b2722,6,2,1,8,5,9,41,44,40
b2723,5,15,14,20,13,12,145,138,172
b2724,2,2,4,3,3,6,19,24,30
b2725,2,1,0,1,1,0,5,17,15
b2726,3,5,10,4,5,7,5,15,13
b2727,361,375,572,558,284,423,76,80,82
b2728,14,5,14,20,10,9,3,1,3
b2729,342,313,529,542,296,398,122,145,155
b2730,196,213,515,406,377,393,214,182,230
b2731,269,383,368,436,534,406,123,118,132
b2732,26,63,440,104,44,410,392,450,531
b2733,850,1024,878,874,759,718,508,611,647
b2734,24,11,10,4,6,3,34,40,40
b2735,256,309,366,364,359,384,434,400,401
b2736,20,17,19,26,36,28,143,94,113
b2737,31,30,20,39,68,63,206,213,241
b2738,11,15,21,26,38,36,69,70,77
b2739,24,40,30,25,36,25,60,39,49
b2740,31,36,52,39,53,35,146,204,215
b2741,10362,15490,13147,12400,16796,14951,13634,15828,17540
b2742,4522,5268,5009,3983,5392,3942,2973,3786,3604
b2743,415,471,465,426,479,455,366,437,444
b2744,309,385,244,279,365,328,342,421,445
b2745,533,595,428,420,534,409,476,556,519
b2746,104,130,98,78,106,87,93,145,106
b2747,211,252,227,100,152,94,268,351,348
b2748,363,432,446,202,242,211,132,158,166
b2749,148,215,184,135,195,171,20,30,41
b2750,5,7,42,235,149,146,34,51,52
b2751,80,90,252,1797,1224,1502,328,384,380
b2752,17,17,131,1073,458,829,106,97,98
b2753,167,169,272,100,89,79,903,1124,1213
b2754,22,27,22,21,12,8,42,26,42
b2755,23,31,32,19,32,28,164,209,215
b2756,5,11,17,6,6,7,68,72,94
b2757,8,17,20,5,9,4,41,47,46
b2758,8,20,19,7,15,13,92,146,122
b2759,1,0,6,4,4,2,13,17,20
b2760,6,8,5,3,6,2,73,87,69
b2761,67,65,172,152,130,150,189,284,282
b2762,35,49,739,1493,1343,1314,42,51,63
b2763,49,59,1382,4905,3285,3831,158,173,202
b2764,80,111,1367,5569,2638,4424,59,80,90
b2765,250,321,268,33,47,26,149,138,149
b2766,207,199,277,241,138,156,415,489,507
b2767,3,1,0,4,1,1,7,2,3
b2768,58,55,70,43,34,36,68,62,85
b2769,19,17,19,39,27,15,105,156,128
b2770,16,12,10,15,12,18,67,67,89
b2771,3,11,4,18,9,11,50,83,78
b2774,3,4,0,2,0,4,1,8,8
b2775,5,6,4,4,3,2,21,33,33
b2776,20,34,25,29,24,27,67,68,84
b2777,348,473,513,502,698,551,196,233,195
b2778,2,2,2,2,3,0,20,14,17
b2779,9531,14387,12642,19265,24048,22267,1749,2011,1825
b2780,3387,4913,4732,5345,6789,5927,1872,2383,2471
b2781,425,591,622,512,700,509,1390,1476,1418
b2782,32,49,49,55,43,39,246,250,242
b2783,17,21,21,26,42,30,171,142,121
b2784,1167,1414,1966,1554,1484,1424,810,1079,1180
b2785,687,888,1215,861,843,744,278,349,293
b2786,392,488,545,304,364,245,408,492,586
b2787,89,108,55,89,127,134,155,172,215
b2788,40,50,53,43,37,38,96,112,145
b2789,61,77,46,41,69,34,106,122,96
b2790,422,655,714,583,551,646,157,267,239
b2791,190,221,207,106,132,84,143,172,182
b2792,31,33,40,14,23,15,22,34,26
b2793,186,238,265,150,151,114,199,271,225
b2794,609,713,777,424,507,427,317,339,398
b2795,3164,4222,3400,5724,4785,5493,406,458,391
b2796,894,1298,1441,1307,1188,1057,961,1291,1059
b2797,358,526,519,776,752,705,477,666,466
b2798,181,205,180,217,164,145,309,354,371
b2799,283,339,249,438,374,457,585,675,674
b2800,36,36,51,40,49,40,58,69,54
b2801,69,66,81,44,49,42,145,175,127
b2802,260,274,400,271,198,191,468,527,453
b2803,84,82,113,63,68,55,101,138,139
b2804,46,50,64,76,48,58,55,77,75
b2805,550,699,769,705,582,535,177,228,183
b2806,224,272,249,267,334,275,1464,1686,1804
b2807,36,39,44,55,71,50,292,312,294
b2808,111,134,114,134,173,176,632,781,799
b2809,339,386,283,686,786,720,21,49,33
b2810,764,1019,1111,954,1005,895,4896,5735,5963
b2811,359,367,395,409,471,399,1391,1683,1726
b2812,236,284,304,191,212,181,550,629,668
b2813,493,608,604,414,436,307,1672,2114,2177
b2814,11,15,19,38,22,22,10,8,15
b2815,0,0,0,0,0,0,0,0,0
b2816,1,1,3,0,0,0,15,18,27
b2817,357,445,572,261,345,265,1563,1836,1934
b2818,96,112,136,128,123,90,417,594,696
b2819,811,1269,872,934,1036,985,789,883,825
b2820,1495,2024,1527,1683,1816,1547,1274,1285,1418
b2821,922,1216,1126,869,1112,786,1327,1537,1563
b2822,987,1277,1076,1241,1231,1114,1289,1408,1621
b2823,40,59,59,52,82,42,39,51,60
b2824,32,47,48,55,41,43,46,50,53
b2825,86,91,75,108,77,71,65,65,72
b2826,56,74,55,91,40,46,50,58,55
b2827,634,722,663,421,427,395,169,234,224
b2828,348,461,421,280,294,209,163,188,146
b2829,3360,3844,5161,2311,2198,2178,1063,1237,1351
b2830,2159,2741,3064,2065,2199,2119,624,849,760
b2831,203,261,277,200,263,193,427,481,469
b2832,186,248,240,168,154,85,334,439,443
b2833,544,624,765,607,674,723,114,126,101
b2834,918,1213,1282,1099,1151,1232,696,920,985
b2835,295,412,409,380,451,311,629,786,804
b2836,597,796,694,602,707,502,308,369,383
b2837,594,739,1029,825,774,857,721,835,836
b2838,308,295,62,99,80,104,438,592,635
b2839,83,79,104,66,82,72,158,230,200
b2840,148,176,193,153,162,157,297,365,385
b2841,130,147,195,119,157,137,737,804,829
b2842,46,47,55,29,55,53,140,138,156
b2843,22,47,40,14,11,14,130,134,149
b2844,757,744,751,542,560,387,1333,1615,1479
b2845,204,256,289,135,147,136,114,125,132
b2846,3,4,4,4,7,4,12,10,12
b2847,35,38,74,38,23,30,0,6,5
b2848,4,1,4,3,4,4,0,3,1
b2849,0,0,0,0,0,0,2,3,1
b2850,0,0,0,0,0,0,0,3,3
b2851,1,0,0,0,1,0,4,3,6
b2852,1,1,3,0,2,4,2,2,4
b2853,0,1,0,0,4,1,1,1,2
b2854,1,1,2,0,0,0,0,1,1
b2856,0,0,0,1,0,4,9,16,9
b2858,5,1,4,0,0,0,3,6,14
b2859,1,0,1,1,1,1,6,4,10
b2860,0,0,0,0,0,0,0,0,0
b2861,0,0,0,0,0,0,0,0,0
b2863,35,45,63,18,33,13,485,585,623
b2864,0,2,0,0,1,0,10,8,20
b2865,372,428,590,287,296,299,606,560,727
b2866,725,762,232,143,153,141,388,510,535
b2867,95,139,43,23,49,25,18,29,26
b2868,128,136,59,28,36,29,18,30,29
b2869,3012,3153,3249,3571,2616,2854,580,687,628
b2870,1773,1821,192,36,31,29,43,58,84
b2871,1042,1125,160,28,23,21,33,63,67
b2872,2825,3154,647,39,38,40,74,82,94
b2873,226,188,64,10,12,14,32,33,51
b2874,439,509,234,109,115,100,223,258,270
b2875,708,805,503,412,290,350,597,753,724
b2876,430,488,437,328,176,216,291,317,343
b2877,321,381,406,493,404,305,110,137,125
b2878,2146,2050,542,194,133,136,156,200,240
b2879,446,442,222,33,37,34,48,52,69
b2880,299,370,192,11,22,18,22,18,21
b2881,1810,2389,1841,137,129,98,487,565,603
b2882,104,148,94,14,11,20,40,44,73
b2883,112,185,95,36,63,34,89,85,115
b2886,14,20,11,27,8,12,94,113,125
b2887,137,97,46,20,25,25,381,467,493
b2888,90,98,21,2,6,2,33,36,26
b2889,353,401,383,287,381,325,167,158,148
b2890,2351,2868,2769,2369,2539,2289,965,1057,1035
b2891,1925,2553,2785,1553,1473,1283,728,832,845
b2892,815,1004,927,987,1147,884,2522,2907,3160
b2893,452,553,509,417,513,411,391,429,480
b2894,565,635,785,599,646,521,1048,1206,1141
b2895,752,892,1008,679,737,732,589,708,609
b2896,572,567,740,533,458,469,405,475,445
b2897,598,646,795,766,753,667,254,345,259
b2898,1684,2149,1900,3246,2782,2978,855,998,883
b2899,5194,7256,12035,7159,7265,6868,1931,2367,2293
b2900,164,226,216,149,165,167,121,131,129
b2901,1116,1383,1743,1255,1205,1362,639,793,737
b2902,159,160,171,236,204,216,81,97,113
b2903,5689,7162,6265,11144,13123,12187,501,595,433
b2904,1541,1988,1916,2015,2370,2323,194,231,171
b2905,3986,5028,6399,3664,4980,3709,582,687,634
b2906,1015,1341,1505,948,1017,964,361,396,325
b2907,1427,1807,2169,1898,1919,1800,461,537,551
b2908,2834,3538,3660,3638,3758,3808,621,718,666
b2909,1143,1496,1712,1366,1465,1407,318,409,388
b2910,1141,1415,1753,1205,1542,1436,429,465,515
b2911,2807,3565,2930,3679,5946,3960,25721,24076,22462
b2912,381,513,650,424,488,509,1161,1575,1637
b2913,529,560,579,578,626,572,446,576,647
b2914,1375,1655,1405,1508,1429,1479,763,707,828
b2915,11,2,28,14,11,14,39,47,69
b2916,449,638,695,631,636,661,358,473,407
b2917,11,39,44,25,33,31,261,259,312
b2918,12,16,16,18,22,7,91,103,101
b2919,9,10,10,12,12,15,19,42,43
b2920,27,35,34,25,34,24,98,162,161
b2921,28,27,27,28,22,23,105,163,134
b2922,1721,1988,2284,1250,1266,1282,795,917,935
b2923,35,41,31,15,24,32,232,275,301
b2924,590,859,691,931,1515,1128,722,769,920
b2925,11210,15181,12118,11677,13020,12744,638,713,627
b2926,5874,7944,10186,6448,7314,7199,1523,1848,1707
b2927,1212,1532,2012,1095,1220,1146,956,1163,1175
b2928,189,268,342,151,182,136,172,221,218
b2929,195,288,337,163,184,204,134,143,175
b2930,9,12,4,4,12,10,80,108,103
b2933,8,16,12,7,8,4,84,121,110
b2934,4,3,0,1,4,1,3,11,6
b2935,4817,5502,4747,3484,3048,3271,1265,1539,1388
b2936,1950,2390,2714,3273,2728,2741,1299,1589,1510
b2937,1746,2791,1565,2075,2511,2172,620,676,726
b2938,2439,3869,2353,2651,3617,3075,3030,3556,3824
b2939,176,218,175,44,39,28,75,124,126
b2940,8,5,10,2,0,2,4,12,19
b2942,1459,2346,3103,6538,4005,6582,839,999,1136
b2943,90,97,114,62,113,63,778,883,999
b2944,30,31,31,11,12,9,103,104,129
b2945,21,22,19,12,10,12,182,190,240
b2946,285,331,389,256,323,245,186,235,287
b2947,958,1053,1199,931,811,786,704,882,892
b2948,916,1186,1207,686,633,547,287,407,388
b2949,374,437,446,275,268,184,225,298,235
b2950,28,26,31,27,38,28,105,142,136
b2951,373,484,494,182,259,183,191,206,221
b2952,377,455,388,266,253,227,266,323,317
b2953,34,35,32,14,31,18,8,14,14
b2954,228,269,222,114,145,86,197,207,193
b2955,434,545,329,283,332,225,322,377,381
b2956,20,29,22,11,9,6,82,107,127
b2957,866,767,1437,477,316,759,1109,1412,1358
b2958,221,307,361,232,301,201,1199,1589,1495
b2959,560,775,628,598,651,574,301,419,363
b2960,262,472,398,346,454,329,752,896,917
b2961,507,584,587,381,379,285,375,520,610
b2962,85,116,74,98,144,120,40,48,38
b2963,208,255,180,85,145,109,178,211,255
b2964,244,300,347,542,478,495,271,311,308
b2965,599,807,631,264,319,245,590,743,724
b2966,572,658,710,473,477,497,143,212,210
b2967,7,4,4,0,6,3,13,9,11
b2968,12,18,15,21,16,11,70,70,58
b2969,2,8,9,6,2,1,95,101,110
b2970,2,3,0,0,2,0,93,86,102
b2971,1,2,1,0,3,0,16,35,24
b2972,40,43,31,12,11,11,96,88,106
b2975,100,271,102,67,56,50,312,425,435
b2976,2940,6785,1407,1682,2319,2153,546,646,626
b2977,349,755,152,190,225,220,57,76,58
b2979,1279,2284,949,1180,1213,1048,242,284,313
b2980,793,879,614,448,509,388,3994,4756,4329
b2981,16,20,25,13,21,11,69,91,110
b2982,0,1,0,0,0,0,10,6,7
b2983,3,7,10,5,4,10,59,76,96
b2984,4,1,2,2,2,0,39,41,74
b2985,3,3,5,4,1,1,36,54,62
b2986,5,3,2,0,0,0,40,47,55
b2987,10,13,29,11,19,14,147,165,184
b2988,1139,1344,1612,1454,1313,1316,474,564,576
b2989,1108,1489,1373,1505,1652,1641,350,448,371
b2990,27,30,100,28,49,24,93,97,75
b2991,23,14,33,14,14,9,29,38,34
b2992,87,77,251,50,64,54,201,244,298
b2993,150,125,445,98,110,85,280,265,305
b2994,595,559,1247,297,318,361,606,682,720
b2995,218,198,319,120,132,106,134,144,105
b2996,381,352,433,222,235,227,135,199,182
b2997,986,947,1030,664,679,651,520,615,461
b2998,4,4,4,2,6,4,10,10,18
b3001,824,1013,1304,2185,1844,2021,636,798,664
b3002,609,725,616,173,190,191,513,608,689
b3003,401,637,318,641,725,784,134,137,146
b3005,452,628,758,630,537,509,483,537,620
b3006,756,837,1286,971,797,737,561,623,746
b3008,321,447,683,738,449,603,84,114,104
b3009,1598,2091,2900,1994,2323,2010,495,654,573
b3010,24,33,46,32,68,53,397,455,476
b3011,172,205,272,418,482,528,197,226,219
b3012,792,1345,959,1576,2123,2074,48,58,38
b3013,31,24,30,27,32,13,29,42,54
b3014,9,11,12,10,11,6,29,29,38
b3017,807,972,1101,1044,1038,982,1622,1937,1844
b3018,251,372,281,296,298,206,477,557,546
b3019,1822,2080,1944,1465,1533,1406,5266,6128,6332
b3020,200,219,204,300,295,241,5687,6883,6833
b3021,171,219,195,165,207,221,2990,3440,3622
b3022,99,89,99,102,163,142,1257,1363,1347
b3023,152,175,76,156,254,179,48,48,54
b3024,4868,6188,4472,6229,8943,8456,232,278,228
b3025,77,98,98,87,71,69,164,192,182
b3026,93,91,155,119,139,113,251,345,362
b3027,6,3,6,4,4,4,45,58,76
b3028,105,104,94,193,175,179,100,102,115
b3029,1276,1523,1835,1823,2049,1885,580,723,623
b3030,1296,1645,1668,1115,1111,990,1710,2059,2001
b3031,361,359,498,538,491,577,397,446,479
b3032,1620,1946,2468,3067,2492,2763,1606,1980,1863
b3033,82,142,121,72,80,73,79,85,118
b3034,289,302,461,187,232,183,213,259,254
b3035,5011,5888,6314,3330,3662,3327,637,781,802
b3037,4026,4530,5008,3507,3853,3601,884,1085,1061
b3038,3220,3890,3988,2700,2984,2517,517,548,569
b3039,78,109,153,123,150,112,162,271,238
b3040,659,859,991,1202,1268,1214,611,753,805
b3041,1835,2048,2243,3079,2279,2706,1070,1401,1240
b3042,557,724,953,422,438,487,93,116,122
b3043,8,8,3,0,1,1,14,16,18
b3044,0,0,0,0,0,0,0,0,0
b3045,0,0,0,0,0,0,0,0,0
b3046,9,7,19,6,10,5,74,117,145
b3047,1,1,1,0,0,0,4,7,10
b3048,11,9,1,6,1,5,19,40,37
b3049,803,1058,811,1347,2339,2088,279,421,167
b3050,477,606,542,59,76,96,145,218,167
b3051,1105,1271,1406,104,92,72,165,227,209
b3052,652,911,609,779,894,814,622,708,717
b3053,688,970,718,1565,1692,1462,641,754,761
b3054,311,384,369,546,638,585,411,505,463
b3055,821,1044,1046,363,268,290,952,1293,1320
b3056,1094,1377,1509,1978,2039,1774,1622,1986,2120
b3057,171,212,226,145,215,153,811,944,964
b3058,68,58,63,32,42,40,179,209,237
b3059,302,356,484,272,268,203,224,305,290
b3060,54,60,77,39,41,33,103,100,99
b3061,3,8,4,0,2,4,74,83,103
b3062,6,3,6,1,7,3,23,39,42
b3063,10,8,13,9,21,16,66,83,100
b3064,770,875,827,606,509,426,1020,1213,1346
b3065,6661,7080,6867,2128,2322,1692,2213,2273,2746
b3066,1790,2279,2476,1133,1405,1061,2064,2585,2906
b3067,4259,5928,7393,5528,6592,5483,10095,11457,14639
b3068,358,432,411,594,779,731,741,754,787
b3069,2,4,0,2,0,0,6,11,11
b3070,75,77,44,78,80,64,230,291,343
b3071,64,65,44,108,143,142,421,482,526
b3072,219,254,173,100,180,121,2218,2470,2556
b3073,784,1250,555,2538,3184,2441,241,328,294
b3074,41,27,117,108,129,88,63,74,91
b3075,706,908,1040,519,403,440,238,300,265
b3076,123,113,137,243,207,172,182,273,259
b3077,26,19,19,16,20,20,13,14,16
b3078,17,20,30,31,33,19,76,95,101
b3079,0,2,2,0,4,1,28,39,21
b3080,34,24,48,22,41,22,215,244,337
b3081,1473,1811,1173,1775,1968,1298,1678,2018,1717
b3082,37,27,40,39,31,30,375,400,390
b3083,13,8,16,4,8,5,96,120,92
b3084,643,801,616,176,159,125,513,529,539
b3085,78,80,91,102,89,117,28,39,35
b3086,3,7,7,5,6,4,43,36,50
b3087,1419,1760,2082,2995,2457,2673,584,693,587
b3088,300,368,376,79,244,101,613,722,1075
b3089,780,889,557,826,935,669,1156,1478,1409
b3090,46,44,74,29,35,27,68,81,89
b3091,289,261,292,304,252,318,463,525,524
b3092,334,331,422,401,308,409,661,771,788
b3093,244,334,345,336,449,358,1874,2188,2246
b3094,1441,1954,2548,1738,1839,1970,2330,2649,2648
b3095,1070,1425,1823,571,777,637,780,832,826
b3096,285,354,398,104,181,120,165,183,221
b3097,2005,2858,1720,2034,2959,2626,158,221,171
b3098,650,1131,586,813,1401,1113,155,177,141
b3099,1463,2214,1251,1805,2811,2405,299,363,288
b3100,1375,2147,1349,1992,2885,2484,302,377,331
b3101,52,82,89,67,69,61,84,81,108
b3102,358,663,371,844,1243,1064,111,119,124
b3103,229,293,211,432,678,579,213,274,239
b3104,8,3,10,5,3,4,36,47,37
b3105,350,415,423,266,253,174,654,783,831
b3106,31,38,23,57,63,44,45,41,44
b3107,343,369,341,328,270,266,106,120,102
b3110,62,38,69,38,24,41,891,1415,1279
b3113,140,133,813,22,14,11,41,34,58
b3114,681,797,5014,283,96,133,306,335,437
b3115,230,257,1447,318,123,198,55,66,97
b3116,494,498,3030,1228,486,570,131,126,208
b3117,294,325,1283,1268,525,595,91,78,109
b3118,186,249,718,1755,658,600,57,44,50
b3119,0,0,0,1,0,1,0,0,4
b3120,1,0,2,5,0,1,2,3,2
b3121,1,3,2,0,2,0,1,9,6
b3123,192134,236410,164663,135243,189008,148730,850642,1013122,768495
b3124,101,112,73,132,161,137,157,188,159
b3125,110,143,68,111,118,130,94,100,128
b3126,26,37,28,28,48,27,22,28,31
b3127,53,46,41,24,30,20,22,52,48
b3128,151,173,185,247,284,224,240,324,270
b3129,78,96,170,166,199,237,313,354,357
b3130,110,134,254,275,282,274,1522,1551,1421
b3131,416,504,764,623,670,553,695,816,894
b3132,16,15,24,55,47,50,95,109,96
b3133,19,25,8,40,47,54,11,13,9
b3134,1,9,6,20,12,27,13,20,16
b3135,35,34,23,72,89,112,49,79,72
b3136,2,1,5,6,1,4,25,29,36
b3137,3,0,4,4,7,4,15,19,25
b3138,1,1,0,0,0,0,4,4,7
b3139,2,3,5,1,1,0,34,42,53
b3140,2,4,12,2,9,4,28,38,40
b3141,5,1,2,2,3,0,16,24,33
b3142,4,11,9,4,4,2,43,57,60
b3143,0,3,0,0,0,0,5,6,4
b3144,36,22,51,20,22,22,112,145,174
b3145,45,61,66,56,42,46,126,125,131
b3146,233,302,317,148,175,153,202,274,256
b3147,1067,1306,1444,1188,1373,1140,828,1061,1098
b3148,44,53,42,59,69,62,16,26,9
b3149,417,517,409,405,423,341,398,388,430
b3150,574,664,490,509,508,386,699,709,782
b3151,165,221,273,158,199,141,1246,1380,1500
b3152,173,217,231,297,365,346,265,333,284
b3153,180,234,158,454,460,485,38,48,45
b3154,169,226,315,146,142,125,275,385,325
b3155,59,66,83,40,43,47,182,224,263
b3156,1095,1419,2400,1702,1263,1581,947,1154,1230
b3157,1288,1662,2759,1875,1432,2026,734,872,759
b3158,92,88,79,91,63,66,34,53,48
b3159,59,64,61,72,45,64,59,101,62
b3160,342,331,235,259,367,248,104,119,111
b3161,501,1600,2417,4578,6809,10167,637,750,787
b3162,8076,11736,13726,6431,7890,5798,10117,10876,12981
b3163,11492,15495,19535,9591,10532,8750,3059,3743,3391
b3164,14690,17586,15790,10365,11367,9980,8993,10882,12050
b3165,6432,7792,6633,3482,3678,3078,2836,3156,3778
b3166,973,1370,1218,802,1063,833,1757,1902,2148
b3167,521,862,669,613,789,736,911,1019,1002
b3168,8781,12319,8264,8610,10227,8859,14887,16709,17945
b3169,4213,5295,4164,2963,3468,2775,4766,5659,6302
b3170,986,1264,1180,702,820,606,590,729,874
b3171,49,52,56,31,49,42,71,59,126
b3172,318,504,386,520,683,566,451,575,590
b3173,16,28,37,22,31,33,149,185,194
b3174,0,2,1,1,4,2,5,12,13
b3175,2959,3550,3777,1011,1006,1020,2119,1976,3531
b3176,2051,2363,1940,1598,1654,1564,2227,2569,2643
b3177,177,216,166,140,180,174,278,331,323
b3178,8098,10720,13929,12361,16707,12093,29340,31645,38619
b3179,2510,3562,6160,3535,4709,3406,3833,4214,5100
b3180,1213,1178,1135,535,588,496,198,183,203
b3181,446,744,859,428,490,410,385,460,538
b3182,322,356,334,301,290,218,215,279,259
b3183,1056,1561,1298,1994,2465,1780,6581,6924,7267
b3184,644,896,861,749,958,583,3252,3568,4179
b3185,2169,2722,2723,1115,1151,731,2120,2203,2496
b3186,3270,4120,3903,1192,1216,922,1491,1638,1640
b3187,1996,2607,2805,1902,1876,1713,1455,1574,1758
b3188,118,134,128,37,49,45,75,105,84
b3189,1167,1490,1253,962,1004,887,1419,1657,1757
b3190,255,276,256,120,123,88,102,121,144
b3191,251,326,232,269,341,293,240,272,315
b3192,928,1269,1059,1027,1116,1120,886,988,958
b3193,266,336,289,297,442,311,533,579,593
b3194,400,458,577,448,610,405,1462,1621,1614
b3195,645,893,912,629,700,593,1871,2226,2327
b3196,336,385,437,304,367,312,650,772,813
b3197,610,824,1028,564,590,573,907,1020,1100
b3198,481,590,677,494,704,531,648,714,793
b3199,364,456,506,429,513,458,134,151,177
b3200,412,535,435,528,656,516,447,528,567
b3201,530,702,538,736,926,728,571,743,707
b3202,1857,2466,2395,3001,3570,2949,1051,1381,1332
b3203,678,1087,878,497,477,375,82,112,89
b3204,921,1231,1128,1273,1337,1373,263,352,307
b3205,791,1239,904,1178,1233,1231,205,259,250
b3206,39,55,41,62,66,57,7,10,8
b3207,2733,3487,4495,5414,7585,5890,3753,4515,4760
b3208,155,146,259,156,132,119,104,96,84
b3209,363,513,593,631,544,697,192,232,199
b3210,1410,1756,2344,2614,2111,2237,893,978,1048
b3211,51,69,72,90,66,72,73,115,113
b3212,905,992,723,981,985,1033,850,1199,1008
b3213,415,432,276,533,560,520,246,312,299
b3214,6,6,11,4,9,4,48,53,47
b3215,1,0,0,0,1,0,6,5,13
b3216,38,33,46,19,19,13,123,154,132
b3218,0,0,0,0,0,0,10,9,9
b3219,25,27,46,17,20,14,192,210,142
b3220,41,59,98,13,35,23,231,302,272
b3221,86,134,59,141,185,129,46,39,49
b3222,107,157,105,234,290,211,121,129,116
b3223,91,112,106,239,224,186,104,136,127
b3224,207,286,202,472,469,469,337,332,348
b3225,169,185,203,292,267,255,526,532,477
b3226,629,801,857,890,820,938,219,322,279
b3227,11,13,22,13,15,12,140,215,177
b3228,1177,1235,1740,799,830,666,887,917,1149
b3229,2776,3212,4603,2119,1955,1958,1615,1885,2084
b3230,6106,7238,7224,4999,4053,4509,8062,8401,9913
b3231,8206,9111,9233,5429,4505,4838,2656,2886,3590
b3232,592,669,594,343,378,244,299,361,404
b3233,2182,2632,3454,2921,3133,2894,1068,1286,1177
b3234,528,729,756,659,682,670,571,637,626
b3235,444,581,591,303,379,274,415,452,508
b3236,24320,24042,10506,11284,13376,12285,3856,4515,4066
b3237,393,491,689,863,641,993,382,430,417
b3238,338,339,288,44,130,67,1148,1284,1348
b3239,67,106,51,125,291,174,15,23,14
b3240,68,72,111,56,82,54,447,530,457
b3241,41,37,57,22,38,14,102,123,107
b3242,3,8,10,2,11,1,18,14,21
b3243,392,584,915,353,357,364,616,779,897
b3244,1488,2089,2623,2148,2627,2182,850,1092,1105
b3247,529,624,501,635,839,644,744,942,924
b3248,159,201,148,172,218,155,128,196,196
b3249,121,139,71,95,118,82,144,186,164
b3250,1154,1258,908,612,669,441,1772,2069,2128
b3251,3791,4684,4307,1842,1951,1479,4589,5233,5605
b3252,568,768,949,458,459,344,3402,4236,4431
b3253,432,582,438,784,858,773,151,175,170
b3255,1431,1670,1720,1185,1226,1045,174,232,244
b3256,2820,3163,2708,2445,2496,1944,1079,1091,1260
b3257,19,9,40,8,16,9,21,29,27
b3258,134,180,156,168,152,103,217,277,306
b3259,283,412,379,354,334,311,209,288,307
b3260,3938,4919,5059,1353,1159,857,2162,2499,2918
b3261,746,908,1012,298,321,218,244,280,277
b3262,33,27,36,8,1,14,25,44,60
b3263,93,107,107,9,6,10,6,10,13
b3264,1,3,4,1,0,0,10,17,21
b3265,2,3,2,1,0,0,42,41,75
b3266,102,129,157,112,130,118,463,585,577
b3267,258,356,365,304,827,512,22,11,11
b3268,75,131,44,119,112,82,52,43,55
b3269,9,18,11,11,12,3,41,67,75
b3270,14,12,11,20,26,12,55,55,55
b3271,19,28,17,18,15,15,50,51,35
b3272,0,0,0,0,0,0,0,0,0
b3273,0,0,0,0,0,0,0,0,0
b3274,0,0,0,0,0,0,0,0,0
b3275,1,0,0,0,0,0,0,0,0
b3276,0,0,0,0,0,0,0,0,0
b3277,0,0,0,0,0,0,0,0,0
b3278,0,1,0,0,0,0,0,1,0
b3279,297,357,361,294,343,319,209,242,251
b3280,120,141,81,152,227,134,82,108,126
b3281,284,405,294,599,619,520,271,304,296
b3282,224,265,225,439,505,455,213,265,251
b3283,391,560,519,716,845,841,278,354,357
b3284,1206,1658,1968,2034,2039,2154,747,892,782
b3287,1841,2677,2708,2744,3357,3116,1028,1133,1028
b3288,2604,3294,2952,3505,4104,3331,1326,1447,1416
b3289,1375,1826,1509,1549,1910,1408,262,299,345
b3290,608,783,642,786,1065,818,210,246,263
b3291,280,397,349,291,460,381,168,182,199
b3292,133,181,330,231,256,237,161,190,189
b3293,141,189,343,267,287,241,134,161,170
b3294,4670,6305,5086,4471,4998,4949,6704,6566,7103
b3295,13565,19961,16580,15590,16386,15990,23826,24019,28910
b3296,8125,11948,10161,9202,9211,9248,8077,8346,9087
b3297,3488,4521,4098,3478,3542,3329,2093,2158,2841
b3298,5519,7223,7292,4837,5286,5051,2468,2571,3126
b3299,1301,1949,1918,1468,1761,1644,1300,1262,1396
b3300,20620,29290,26939,24606,24594,24941,29298,28991,41483
b3301,6691,9344,7857,7664,7449,7912,13811,13694,18384
b3302,25,28,26,44,52,22,72,71,76
b3303,6794,9626,7675,6392,6363,6758,9483,9381,11525
b3304,2410,3249,2574,2466,2325,2422,2020,2248,2514
b3305,8244,10716,8345,7213,6750,6970,8134,8390,10883
b3306,5711,7557,5854,4487,4327,4111,3105,3299,3983
b3307,4989,6900,5259,4446,4397,4272,3660,3905,4542
b3308,12924,17449,14406,10022,9725,9860,8090,8795,10264
b3309,3725,4709,3843,2702,3064,2767,1712,1841,2160
b3310,14808,18927,16479,9415,9661,9089,6763,6996,8343
b3311,963,1754,1453,1137,1455,1538,2420,2372,2887
b3312,49,69,41,69,69,79,104,112,139
b3313,2788,4106,3710,3212,3074,3383,5134,5608,5933
b3314,7799,11501,10394,8987,8203,8997,13603,14860,16685
b3315,2002,3109,2620,2011,2031,2087,2692,3016,3601
b3316,869,1240,1022,865,769,862,1085,1124,1238
b3317,9572,12815,10975,7709,7184,7472,11245,12458,13120
b3318,1232,1800,1459,1086,1014,928,1705,1814,2097
b3319,5316,7326,6394,4258,3827,3645,4669,5244,5646
b3320,10515,13823,12086,6978,6282,6271,10395,11653,12984
b3321,8703,11198,10416,5336,4619,4416,5926,6508,7387
b3322,10,12,17,19,24,18,31,31,33
b3323,15,12,7,0,6,3,125,185,190
b3324,3,6,4,1,0,5,26,34,38
b3325,34,26,32,18,24,14,211,319,272
b3326,7,9,11,3,4,3,50,59,68
b3327,6,8,3,8,9,5,28,27,24
b3328,1,1,2,0,3,0,9,7,7
b3329,1,1,6,2,1,2,16,10,19
b3330,0,0,1,1,0,0,1,3,4
b3331,1,3,1,1,0,0,11,17,17
b3332,3,3,6,1,4,2,16,25,41
b3333,9,13,9,6,9,7,29,30,28
b3334,3,2,1,3,2,4,9,10,14
b3335,25,21,21,19,14,29,94,101,114
b3336,1590,2554,1610,2575,4410,3827,436,430,486
b3337,40,57,40,135,121,104,34,55,64
b3338,245,276,339,274,352,323,600,753,704
b3339,107,171,115,237,260,312,50,49,45
b3340,39875,54905,34070,40140,42426,42682,16515,18338,19441
b3341,6389,8730,6310,4010,4436,4069,4160,4215,6496
b3342,8185,11550,8878,5312,5490,4791,2836,3336,4143
b3343,55,45,81,31,86,53,108,106,114
b3344,48,62,51,29,28,41,57,59,75
b3345,116,137,134,85,107,73,118,151,161
b3346,576,659,896,378,444,362,309,368,327
b3347,3444,3880,4315,1888,1960,1700,1298,1356,1584
b3348,226,260,186,127,150,117,315,331,319
b3349,6537,7882,7064,3631,3828,3286,1663,1894,1904
b3350,200,276,312,226,329,150,804,945,797
b3351,163,217,201,118,168,123,317,361,366
b3352,579,722,675,486,585,386,856,1074,1102
b3353,192,231,157,175,185,128,215,243,261
b3354,12,15,5,10,21,16,3,7,9
b3355,347,460,482,306,355,324,264,302,300
b3356,1053,1117,1369,1041,753,756,407,503,429
b3357,8173,10253,12034,7627,7361,7711,3215,3781,3761
b3358,717,886,982,975,986,710,454,616,636
b3359,90,100,114,93,113,90,347,342,423
b3360,117,134,120,93,116,113,100,119,100
b3361,555,723,416,839,1047,866,121,116,130
b3362,9,5,5,11,6,7,4,6,9
b3363,852,1144,1047,338,390,378,228,319,292
b3364,64,141,113,17,26,20,483,587,663
b3365,59,85,795,3659,148,1590,172,168,152
b3366,5,2,163,247,4,110,14,30,22
b3367,6,13,65,65,6,30,27,53,67
b3368,384,485,537,437,376,358,499,537,616
b3369,3,3,9,5,4,4,35,21,15
b3370,5,8,4,9,4,10,23,47,48
b3371,30,29,34,39,40,41,59,59,77
b3374,46,25,57,46,54,29,110,134,152
b3375,157,193,296,192,149,143,240,290,310
b3376,29,34,45,56,57,59,190,230,201
b3377,18,21,15,22,17,31,92,126,132
b3378,2,4,2,6,2,2,5,6,1
b3379,7,8,16,11,8,7,22,30,31
b3380,15,16,17,13,7,8,37,55,37
b3381,10,21,16,21,18,6,35,39,37
b3382,16,21,27,43,41,54,35,30,25
b3383,106,124,239,233,231,225,166,208,135
b3384,993,1449,1043,1133,1283,1189,472,533,466
b3385,289,445,283,399,395,330,193,205,197
b3386,344,503,327,348,393,346,141,156,161
b3387,273,325,272,241,286,181,212,245,278
b3388,2068,2889,2488,2989,3649,2890,1993,2469,2588
b3389,1979,2629,2918,2409,2536,2147,1741,2145,2296
b3390,1652,2057,2827,1529,1643,1342,681,864,975
b3391,31,45,57,30,35,28,120,146,171
b3392,2,3,0,2,3,1,0,11,3
b3393,3,9,2,1,8,8,32,26,34
b3394,4,13,13,7,11,11,38,35,42
b3395,38,66,70,97,58,71,157,136,174
b3396,834,866,799,415,419,299,1369,1618,1678
b3397,904,1106,767,374,400,265,1433,1925,1926
b3398,950,1155,1262,942,1022,819,3579,4606,4800
b3399,376,475,449,250,286,247,217,294,269
b3400,165,213,325,173,237,180,79,119,101
b3401,640,824,903,716,858,731,603,567,689
b3402,199,269,274,238,297,249,472,526,534
b3403,13084,13428,8862,8241,7595,8455,2867,3513,3120
b3404,477,578,608,557,689,570,471,616,632
b3405,853,1078,1365,860,934,994,763,893,886
b3406,145,213,208,128,131,142,194,248,238
b3407,510,643,537,509,554,479,440,601,609
b3408,216,232,508,707,495,718,99,133,158
b3409,1615,2422,5063,5500,3903,4598,721,868,914
b3410,61,77,181,155,136,127,46,44,53
b3411,41,39,47,45,38,42,65,55,79
b3412,245,315,285,257,262,211,641,622,741
b3413,230,284,363,308,362,265,170,207,231
b3414,807,1028,1526,1025,1159,1192,935,1172,1244
b3415,75,119,171,124,127,119,361,430,469
b3416,443,700,529,805,963,855,668,878,908
b3417,296,484,334,540,638,674,162,189,205
b3418,4030,5021,5184,7663,6890,6781,1965,2568,2012
b3421,68,106,71,157,223,151,246,258,287
b3422,44,57,59,66,62,84,204,220,254
b3423,201,255,242,131,137,118,529,674,759
b3424,237,305,242,125,151,121,599,783,926
b3425,131,141,106,41,62,62,270,279,378
b3426,367,573,391,2567,2660,2718,1173,1092,3862
b3427,35,47,37,27,39,32,35,28,38
b3428,3166,4966,3677,5521,6567,5804,535,610,630
b3429,1946,3052,2248,3610,3993,3470,440,540,524
b3430,1328,2039,1473,2622,2804,2823,349,435,342
b3431,1427,2240,1751,2884,3291,3053,629,769,759
b3432,2074,3140,2632,3464,4079,3631,441,567,522
b3433,2782,3760,3602,3460,3648,3336,671,856,745
b3434,182,202,280,110,119,75,346,391,468
b3437,20,31,30,28,20,34,55,51,49
b3438,929,1147,1202,995,946,904,351,388,435
b3439,388,502,532,536,661,620,186,235,209
b3440,510,686,838,588,823,761,217,259,279
b3441,89,100,109,114,121,114,66,69,62
b3442,3,1,0,0,2,0,0,8,7
b3443,0,0,0,1,0,0,1,1,1
b3444,0,0,0,0,0,0,0,0,0
b3445,0,0,0,0,0,0,0,0,0
b3446,13,24,17,17,29,24,63,96,80
b3447,570,893,320,835,1115,820,136,203,225
b3448,681,1124,1166,1585,2297,2306,322,367,332
b3449,432,663,134,592,746,615,266,305,321
b3450,422,701,79,560,956,655,121,114,125
b3451,56,93,13,93,173,100,16,39,26
b3452,41,71,11,49,103,54,30,25,46
b3453,393,533,155,260,460,287,189,233,219
b3454,19,11,10,14,20,14,72,101,102
b3455,15,8,8,10,17,7,67,69,43
b3456,22,26,29,34,28,23,196,231,219
b3457,14,9,8,23,16,14,167,180,203
b3458,15,29,14,28,26,18,109,186,163
b3459,292,365,391,187,218,140,399,528,520
b3460,82,75,59,46,74,49,952,1342,1308
b3461,6237,8752,10925,4721,5925,5114,14530,15439,20469
b3462,393,636,518,803,973,912,1468,1744,1876
b3463,344,426,386,393,445,387,944,1099,1217
b3464,1193,1107,1362,827,902,771,1774,2041,2226
b3465,165,200,200,208,183,207,187,219,197
b3466,27,33,39,30,35,42,23,36,27
b3467,75,94,98,78,87,85,108,142,169
b3468,371,457,448,542,541,590,531,638,683
b3469,974,1051,700,4979,4846,5422,9059,10463,11664
b3470,228,242,247,108,83,71,293,330,390
b3471,125,172,166,101,86,77,455,508,469
b3472,4611,5600,5102,2878,3491,3303,2678,3070,2789
b3473,104,135,208,112,127,103,1437,1705,1710
b3474,127,168,125,228,385,248,107,134,120
b3475,125,160,152,142,155,112,195,199,257
b3476,105,95,300,251,27,132,81,108,128
b3477,18,28,58,120,39,93,38,52,74
b3478,10,15,53,79,22,41,41,30,48
b3479,18,13,38,61,32,57,29,29,44
b3480,21,23,59,47,26,40,50,63,79
b3481,30,58,55,23,26,31,36,56,49
b3482,13,6,10,2,10,9,11,19,10
b3483,3,2,1,0,5,1,3,3,3
b3484,0,1,2,3,0,2,1,3,4
b3485,123,151,121,328,376,322,427,501,518
b3486,381,485,573,801,999,859,3247,3830,4041
b3487,619,751,1307,591,714,599,4676,5869,5541
b3488,23,41,26,27,34,34,23,35,37
b3491,39,106,90,3160,6038,4009,78,87,98
b3492,203,275,265,205,184,168,777,1019,925
b3493,2073,2550,2268,1090,1102,874,1283,1408,1749
b3494,869,1453,1181,3603,5405,4593,343,437,355
b3495,2859,4015,5389,3237,2905,3608,1021,1349,1226
b3496,941,1103,1235,1468,1718,1417,1186,1534,1340
b3497,101,161,148,216,311,218,217,253,285
b3498,1333,1712,1541,2243,2990,2642,685,825,936
b3499,725,930,1124,963,1037,909,305,379,372
b3500,1592,1995,1822,1999,2311,2075,468,593,572
b3501,489,680,905,237,280,230,534,657,666
b3502,836,1319,2095,530,738,592,1476,1581,1630
b3503,362,449,899,169,220,210,99,100,105
b3504,2,3,4,1,5,0,3,14,15
b3505,0,0,0,1,1,0,3,1,0
b3506,2468,4670,3709,10672,16460,14630,91,121,161
b3507,26,50,63,163,313,193,9,16,14
b3508,82,259,208,1297,1721,905,50,57,67
b3509,941,2758,2243,9242,12707,9503,9,12,28
b3510,2614,7046,7327,30975,39757,31689,22,34,58
b3511,347,1231,1042,6952,10116,7766,70,107,93
b3512,912,2273,1711,3912,6024,4379,4,6,18
b3513,213,514,305,1354,2094,1445,56,62,63
b3514,558,1415,640,6043,10362,7181,661,726,805
b3515,73,170,174,327,660,401,73,101,103
b3516,842,1525,1468,1356,2078,1448,31,28,50
b3517,2,15,14,193,285,189,2,3,1
b3518,38,34,44,23,42,38,153,151,184
b3519,376,623,428,634,1099,773,256,291,312
b3520,25,33,39,39,67,38,61,108,108
b3521,16,33,29,47,63,51,275,315,347
b3522,221,364,206,849,1314,1046,203,239,267
b3523,35,38,46,76,95,93,191,281,254
b3524,252,416,257,890,1323,952,312,318,327
b3525,9,5,5,3,3,7,105,119,86
b3526,117,127,195,155,133,145,599,722,852
b3527,767,927,1110,339,383,288,1233,1437,1447
b3528,2340,2729,1693,1066,1380,913,1647,1991,1742
b3529,548,653,627,522,580,468,434,512,469
b3530,337,490,392,612,718,603,1021,1076,1253
b3531,28,42,32,42,56,52,134,187,191
b3532,71,84,64,56,70,74,625,676,718
b3533,28,71,60,43,61,26,1189,1296,1516
b3534,26,46,60,22,23,20,256,299,327
b3535,64,75,101,67,59,41,88,61,87
b3536,879,989,1401,941,1033,911,426,552,686
b3537,0,0,0,1,0,0,1,0,0
b3538,259,351,389,401,478,362,96,138,135
b3539,101,110,155,55,43,47,239,300,305
b3540,1822,2704,332,1337,2260,1518,121,158,146
b3541,1574,2039,275,1323,2327,1360,105,151,130
b3542,1089,1354,243,1021,1757,947,142,165,163
b3543,1200,1283,358,1199,2132,1140,182,216,208
b3544,18067,20583,10435,20440,28216,19174,1630,2046,1782
b3545,1,3,1,0,2,1,6,8,19
b3546,1070,1175,1426,662,609,414,496,673,582
b3547,50,63,60,134,165,152,113,109,111
b3548,238,356,305,268,463,302,134,158,130
b3549,149,174,193,152,199,192,147,184,191
b3550,45,41,43,49,68,53,93,115,145
b3551,445,601,578,599,745,542,847,1026,1105
b3552,188,221,223,43,51,36,703,843,957
b3553,844,1000,892,745,636,655,428,530,504
b3554,2302,2847,2559,1782,2166,1761,998,990,1191
b3555,2959,4627,2621,4381,6775,5881,106,100,103
b3556,30668,28869,18629,27136,42557,23985,5624,6664,7607
b3557,11,12,26,9,8,5,297,448,398
b3558,3,4,7,5,6,0,171,250,238
b3559,3508,4462,4292,5462,5693,5384,1354,1503,1581
b3560,1382,1637,1966,1473,1327,1264,517,514,621
b3561,38,51,47,27,44,31,161,223,225
b3562,0,1,2,0,3,7,44,54,57
b3563,0,2,1,2,0,1,28,21,25
b3564,126,166,125,181,222,184,253,350,316
b3565,157,174,139,233,327,284,264,310,310
b3566,226,247,96,152,154,206,55,84,59
b3567,47,68,15,40,64,54,77,106,130
b3568,66,89,48,76,103,76,157,175,166
b3569,107,129,156,61,85,70,128,170,187
b3570,850,1077,1302,1043,1206,999,1622,1978,2464
b3571,74,99,70,101,73,80,130,161,181
b3572,494,630,481,497,549,437,690,875,891
b3573,112,120,178,161,72,127,176,169,234
b3574,248,288,227,161,176,157,316,398,378
b3575,21,27,27,27,27,14,63,87,81
b3576,5,0,4,1,8,0,4,6,5
b3577,2,0,0,0,0,0,6,8,16
b3578,4,3,0,2,1,5,33,50,48
b3579,5,4,2,4,9,6,14,26,17
b3580,11,16,11,17,14,16,77,88,97
b3581,11,6,4,11,22,14,16,20,12
b3582,15,20,5,11,17,25,17,18,22
b3583,12,22,16,30,27,22,59,63,70
b3584,22,21,12,31,24,14,118,125,125
b3585,247,321,305,181,230,182,97,139,100
b3586,4,14,10,14,12,12,89,103,139
b3587,3,3,8,15,16,8,5,7,6
b3588,4419,6672,7084,14283,13862,12457,154,222,147
b3589,1,2,4,0,6,2,44,60,43
b3590,1062,1357,1944,1330,1197,1169,494,604,648
b3591,901,1194,1711,1119,885,1153,368,509,487
b3592,329,475,361,289,322,247,132,212,214
b3593,3,5,6,4,6,5,9,10,9
b3594,19,29,22,15,30,14,20,36,24
b3595,3,8,2,4,2,6,14,26,26
b3596,1,0,1,2,0,0,3,6,6
b3597,27,66,73,179,162,148,90,130,120
b3598,17,20,25,49,58,59,37,34,32
b3599,988,1277,748,2372,2161,2157,770,969,818
b3600,581,803,541,963,1102,1073,579,659,702
b3601,85,123,134,117,128,121,336,379,415
b3602,531,666,739,418,481,460,328,409,406
b3603,298,399,190,199,350,233,291,348,341
b3604,96,127,58,132,220,140,27,36,37
b3605,462,743,307,650,847,724,181,198,169
b3606,148,170,96,32,19,32,75,124,105
b3607,668,984,1058,1101,1221,1137,1293,1458,1617
b3608,1362,1779,1373,2163,2317,1949,626,843,757
b3609,1131,1381,1238,1212,1320,1052,578,630,627
b3610,393,425,342,367,419,348,77,79,62
b3611,845,1083,832,653,668,484,218,239,295
b3612,1296,1705,1889,1633,1562,1442,999,1059,1323
b3613,370,375,407,208,205,153,441,530,552
b3614,187,225,164,112,108,98,112,180,178
b3615,39,68,50,15,30,12,263,290,291
b3616,4167,4560,2710,3670,3162,3946,1253,1400,1295
b3617,3754,4078,3053,3316,2718,3120,2373,2695,2545
b3618,432,465,453,224,280,214,139,140,177
b3619,1378,1572,2034,1066,1055,1071,331,384,399
b3620,647,718,824,558,569,477,174,189,201
b3621,209,238,240,217,192,149,70,110,68
b3622,123,178,107,84,124,77,9,11,10
b3623,122,277,325,271,270,315,45,66,67
b3624,56,145,215,184,171,180,25,42,30
b3625,68,164,248,188,211,209,26,41,46
b3626,89,185,295,207,228,282,42,29,44
b3627,131,252,326,245,290,311,55,78,66
b3628,131,224,298,358,361,311,137,167,199
b3629,101,173,171,252,283,257,39,28,37
b3630,96,151,193,183,245,178,50,69,66
b3631,273,439,493,585,507,506,256,335,365
b3632,625,906,1294,775,839,754,278,341,405
b3633,710,709,763,461,401,311,559,634,680
b3634,241,229,229,152,161,112,184,237,219
b3635,138,141,205,105,139,93,238,281,271
b3636,33,58,41,21,30,25,31,24,34
b3637,5174,5937,6125,2224,2112,1694,1215,1476,1620
b3638,652,735,641,594,523,542,228,300,284
b3639,571,598,620,421,300,371,476,586,642
b3640,258,343,250,197,159,125,132,157,164
b3641,367,356,351,163,189,133,200,234,242
b3642,43,65,58,35,22,16,84,100,96
b3643,722,824,779,190,158,107,606,766,777
b3644,1911,2274,2493,1061,1191,804,518,584,732
b3645,803,1072,872,284,291,289,305,477,378
b3646,175,214,152,52,59,39,158,201,211
b3647,167,234,178,489,431,321,174,192,200
b3648,2096,2828,3643,1260,1400,1145,1960,2098,1899
b3649,698,831,945,522,603,423,948,1109,987
b3650,1339,1696,1779,1183,1230,992,842,1077,1126
b3651,181,196,135,120,119,110,152,187,204
b3652,253,439,356,318,375,313,778,947,1009
b3653,462,584,833,748,766,620,3042,3451,3996
b3654,407,557,291,165,182,117,293,423,451
b3655,230,306,341,482,566,553,964,1091,1148
b3656,69,89,142,109,105,98,143,221,191
b3657,19,22,21,13,14,10,54,68,81
b3658,5,7,2,3,1,1,19,25,20
b3659,5,1,3,1,2,1,66,102,95
b3660,182,216,249,191,258,248,110,141,148
b3661,71,98,121,125,77,106,70,90,110
b3662,137,147,173,46,84,72,387,430,475
b3663,100,143,134,110,108,116,166,199,227
b3664,56,49,41,16,27,15,150,164,177
b3665,224,204,123,101,125,109,405,519,536
b3666,26,44,26,56,64,54,186,200,208
b3667,20,27,33,33,57,46,527,548,548
b3668,61,88,72,79,93,61,1151,1378,1275
b3669,141,177,161,150,143,106,822,1054,1082
b3670,35,69,19,74,118,60,41,71,25
b3671,311,437,292,981,1100,958,837,1153,899
b3672,21,30,25,67,101,103,50,69,48
b3673,1977,2349,1898,792,859,556,7504,8350,8537
b3674,164,175,267,330,167,246,144,162,162
b3675,6,8,17,13,11,11,5,15,16
b3676,68,75,96,101,125,119,65,84,79
b3677,84,95,96,55,49,52,284,327,319
b3678,25,31,39,27,30,20,85,111,105
b3679,13,13,17,9,11,13,121,167,207
b3680,16,38,44,43,41,39,52,85,88
b3683,6,6,5,4,7,8,37,68,55
b3684,16,12,23,15,15,5,69,105,115
b3685,356,381,557,508,347,438,1519,1824,1897
b3686,45,57,200,49,135,41,9624,12613,17768
b3687,105,163,429,485,694,546,1552,1603,3175
b3688,849,1113,1070,1157,1025,968,1201,1450,1676
b3689,281,284,328,262,281,246,192,219,222
b3690,11,19,23,12,8,14,166,201,247
b3691,18,23,24,27,22,39,125,145,166
b3693,39,64,112,139,113,113,94,143,182
b3696,34,44,50,9,16,11,171,196,254
b3697,535,606,801,592,615,661,215,223,219
b3698,47,85,74,70,116,95,54,71,62
b3699,7584,9766,10790,8592,9783,9529,2368,2544,2795
b3700,241,308,279,160,157,133,412,376,480
b3701,1002,1173,1331,819,761,646,1129,1296,1454
b3702,2543,3169,4029,1195,1322,964,1852,2110,2322
b3703,1166,1399,1190,488,530,449,553,549,694
b3704,154,223,140,48,62,47,243,335,311
b3705,2218,2792,2341,1868,1778,1365,3454,4003,3979
b3706,519,669,641,470,485,411,562,652,720
b3707,7559,3315,2934,489,453,434,90,104,137
b3708,192835,105382,66912,22096,20163,25586,3074,3036,2364
b3709,17910,14468,12017,2474,2571,2992,200,274,279
b3710,218,204,140,48,42,41,61,94,73
b3711,76,98,139,59,36,45,64,88,65
b3712,464,624,857,270,296,256,488,587,696
b3713,750,866,1278,565,703,636,402,409,481
b3714,719,871,838,238,352,229,1254,1616,1648
b3715,126,154,219,38,65,35,118,161,162
b3716,11,16,35,2,4,2,49,38,35
b3717,29,40,73,27,28,30,165,172,187
b3718,14,10,23,7,17,10,50,63,73
b3719,7,12,10,11,7,12,59,93,108
b3720,6,5,11,1,0,3,127,149,152
b3721,15,5,5,3,3,1,17,30,42
b3722,6,8,21,4,6,12,95,87,81
b3723,5,6,16,3,1,1,30,44,36
b3724,160,185,195,236,237,201,127,151,226
b3725,104,151,137,180,213,211,132,147,284
b3726,66,104,94,172,229,150,348,355,681
b3727,59,100,78,94,109,91,423,488,958
b3728,148,267,213,189,187,193,591,691,1495
b3729,3762,4459,2138,3641,3768,3454,1639,1933,2206
b3730,2574,2984,2157,2192,2257,1966,1192,1309,1518
b3731,4210,5982,2964,3032,3249,3378,1175,1169,1415
b3732,10389,15268,7848,9239,9041,9935,2228,2396,2428
b3733,4518,6311,3465,3593,3742,3937,732,775,740
b3734,12097,16953,9453,7540,7920,7639,2579,3003,2951
b3735,2624,3500,1986,1239,1256,1200,423,550,417
b3736,4246,5356,3238,1880,2068,1843,962,1105,882
b3737,2128,2747,1738,887,1013,831,768,875,738
b3738,3621,4389,3240,1244,1489,1003,617,769,791
b3739,1538,1850,1487,313,395,280,630,828,731
b3740,235,282,267,111,157,81,235,236,251
b3741,1997,2292,2412,1065,913,695,3703,4441,4487
b3742,1688,1826,1608,725,492,362,741,812,929
b3743,117,125,72,28,42,41,135,156,113
b3744,11977,5619,3155,1788,1624,1464,17311,20071,18570
b3745,259,334,597,378,352,377,322,390,397
b3746,352,503,647,523,510,550,179,220,257
b3747,302,398,358,261,409,266,365,446,440
b3748,1758,1786,2291,1806,1821,1384,3065,4191,2985
b3749,1118,1239,1442,1545,1424,1163,1678,1974,1664
b3750,1023,1176,904,1418,1349,1167,653,805,635
b3751,7728,9032,4883,4995,4912,5056,743,976,728
b3752,782,893,677,815,731,597,329,471,463
b3753,194,253,213,170,164,127,85,116,108
b3754,472,581,592,206,259,214,211,232,266
b3755,348,444,418,172,160,203,69,72,93
b3756,0,0,0,0,0,0,0,0,0
b3757,0,0,0,0,0,0,0,0,0
b3758,1,1,0,0,2,2,20,8,8
b3759,0,0,0,0,0,0,0,0,0
b3760,0,0,0,0,0,0,0,0,0
b3761,0,0,0,0,0,0,0,0,1
b3764,524,726,803,295,399,300,249,244,296
b3765,145,139,203,164,150,186,87,101,102
b3766,3,7,2,11,8,15,11,20,23
b3769,0,0,1,0,0,0,8,8,5
b3770,272,326,297,299,323,284,409,519,467
b3771,269,369,259,388,411,395,520,609,660
b3772,242,318,169,313,406,364,524,655,645
b3773,268,293,415,286,265,253,896,864,1177
b3774,164,254,261,296,301,350,262,266,270
b3775,267,304,311,113,105,102,392,407,464
b3777,42,48,76,66,47,46,108,100,99
b3778,525,677,712,397,445,262,705,823,857
b3779,1824,2091,2135,1474,1674,1265,1498,1831,1876
b3780,3489,4200,4061,2768,3061,2490,1388,1647,1731
b3781,4170,5467,5794,4324,5547,4764,1181,1454,1379
b3783,7076,9231,10954,3539,3736,2743,5391,6864,6593
b3784,638,704,785,423,438,342,623,784,843
b3785,506,683,684,383,532,366,369,411,481
b3786,406,487,384,271,285,216,318,432,420
b3787,481,633,423,350,401,265,407,523,539
b3788,273,432,335,233,311,233,304,312,326
b3789,220,357,304,239,261,220,204,270,311
b3790,97,160,115,91,98,77,102,114,118
b3791,334,447,454,310,351,320,290,352,412
b3792,137,225,187,166,208,165,315,419,397
b3793,62,84,55,74,143,93,93,123,146
b3794,72,101,88,148,167,139,160,164,198
b3795,218,231,151,149,203,172,459,650,647
b3796,1,4,3,13,10,3,1,2,2
b3797,0,0,0,1,0,0,0,0,0
b3798,0,0,0,0,0,0,0,0,0
b3799,0,0,3,0,0,0,0,1,1
b3800,75,86,127,105,123,86,600,695,696
b3801,48,46,60,41,69,55,204,210,285
b3802,1482,1675,1303,1611,2017,1550,492,604,693
b3803,1401,1657,1331,1304,1636,1408,466,519,503
b3804,479,623,649,573,652,547,164,165,141
b3805,1817,2083,2339,2242,2104,2019,767,905,866
b3806,6540,7884,9589,4562,5238,4719,2893,3423,3695
b3807,148,160,144,142,139,96,129,178,159
b3809,1192,1392,1789,1365,1419,1184,685,915,825
b3810,426,526,632,438,494,413,312,360,421
b3811,420,529,571,393,364,325,170,245,257
b3812,302,326,334,228,249,186,142,159,171
b3813,2586,3235,3266,1856,1867,1582,3012,3757,3797
b3816,664,870,926,213,294,187,1387,1678,1914
b3817,7,15,8,3,7,5,31,39,38
b3818,1,3,1,0,0,2,1,3,1
b3819,57,74,94,83,85,70,238,299,286
b3820,81,67,60,44,39,46,340,307,387
b3821,558,629,636,153,163,121,353,418,457
b3822,526,678,563,365,309,259,826,913,1057
b3823,432,580,899,495,609,474,430,533,535
b3824,55,60,77,52,51,56,62,56,52
b3825,852,1002,1555,631,576,536,561,641,692
b3826,376,509,508,294,321,222,190,218,224
b3827,318,452,592,321,272,320,280,333,325
b3828,110,195,364,1234,591,1252,141,169,204
b3829,215,533,1089,2655,668,1811,522,567,720
b3830,812,1058,455,872,1198,850,166,161,162
b3831,1571,2204,2155,2581,2478,2945,618,871,757
b3832,1153,1344,1454,861,690,579,785,995,902
b3833,1916,2357,2100,1314,1324,1172,849,1094,1019
b3834,367,416,401,215,222,213,245,325,306
b3835,1366,1890,1477,947,1128,849,417,515,519
b3836,1289,1547,1679,981,988,888,256,297,315
b3838,597,804,855,538,580,457,255,339,318
b3839,570,728,750,407,404,361,400,475,480
b3842,156,171,221,78,107,108,304,366,427
b3843,3012,3318,3108,2944,3136,2794,1860,2100,2226
b3844,1738,1917,2038,1697,1808,1395,1178,1356,1454
b3845,1269,1867,323,1015,1638,1136,1255,1463,1322
b3846,2032,2621,712,784,1524,811,5957,7195,6150
b3847,2628,2979,2440,2192,2160,2137,1101,1244,1344
b3848,313,364,301,260,396,286,327,392,389
b3849,457,596,505,498,660,478,652,783,825
b3850,0,4,3,9,6,7,6,11,12
b3851,0,0,0,0,0,0,0,0,0
b3852,0,0,0,0,0,0,0,0,0
b3853,0,0,0,0,0,0,0,0,0
b3854,0,0,0,0,3,1,17,18,21
b3855,0,0,0,0,0,0,0,0,0
b3856,0,5,0,1,0,4,1,3,3
b3857,67,108,109,126,129,111,111,133,119
b3858,342,366,341,325,446,376,68,93,41
b3859,1433,1931,1683,288,475,296,308,306,331
b3860,1288,1599,1303,498,820,590,427,482,455
b3861,29,43,41,5,10,6,114,147,132
b3862,48,66,74,29,17,8,51,83,76
b3863,2995,3756,4075,4659,4282,4755,717,875,780
b3864,11,12,26,15,14,15,38,37,48
b3865,1991,2280,2399,1221,1179,1200,837,960,1015
b3866,668,973,703,1043,1162,1031,213,253,203
b3867,1071,1377,1240,1211,1319,1059,338,428,364
b3868,224,234,198,356,441,362,511,628,712
b3869,154,154,90,203,196,203,264,339,361
b3870,1035,1019,554,1860,1381,1319,226,270,242
b3871,6058,7113,6322,2450,2832,2147,6092,6723,7679
b3872,105,106,180,172,141,143,58,82,63
b3873,133,138,199,160,176,140,64,51,56
b3874,27,12,13,18,24,15,127,154,143
b3875,3,0,0,0,0,1,12,13,16
b3876,5,11,6,7,13,11,194,205,278
b3877,5,5,6,6,8,4,31,42,35
b3878,3,8,4,5,13,9,41,70,70
b3879,2,3,0,6,3,2,19,14,17
b3880,25,14,11,42,41,56,27,45,47
b3881,3,12,7,21,22,13,12,19,20
b3882,1,8,2,9,12,13,13,20,16
b3883,33,38,76,92,70,62,141,222,169
b3884,84,130,150,124,106,128,502,556,504
b3885,348,427,355,541,472,451,454,539,565
b3886,216,340,281,373,480,397,105,136,134
b3887,88,112,137,122,178,147,176,198,221
b3888,309,398,408,434,557,538,530,650,673
b3889,4,3,2,0,1,0,6,8,4
b3890,17,28,28,39,34,18,95,123,125
b3891,2064,2593,1860,1241,1043,1106,778,995,852
b3892,2377,3136,1702,1182,1251,1229,378,462,436
b3893,5692,7442,4201,2724,2873,2788,1002,1063,1078
b3894,27157,31876,23238,13999,16367,14334,8160,9820,8693
b3895,362,505,556,348,429,353,345,402,442
b3896,12,13,15,10,18,17,57,69,67
b3897,13,18,18,18,9,8,93,105,118
b3898,29,38,36,36,63,38,104,109,106
b3899,5,6,19,6,7,19,89,98,106
b3900,0,2,2,0,1,2,4,14,9
b3901,5,5,5,1,4,2,7,9,8
b3902,2,5,6,11,5,9,14,19,19
b3903,13,11,12,30,26,29,24,44,30
b3904,9,5,5,55,29,33,58,69,59
b3905,19,42,26,48,61,46,65,79,81
b3906,45,36,63,70,48,48,44,63,59
b3907,32,38,59,98,71,85,163,225,213
b3908,3545,3723,2216,5340,3987,3718,323,419,429
b3909,61,76,72,47,40,52,125,144,170
b3910,211,264,266,261,236,234,210,317,268
b3911,1129,1521,1218,1149,1498,1193,1223,1446,1571
b3912,985,1149,871,912,1051,958,535,617,633
b3915,644,762,1023,732,748,593,901,830,918
b3916,2054,2755,2984,2771,3536,3110,1756,1833,1884
b3917,63,73,99,224,93,186,307,336,392
b3918,20,32,40,15,9,14,161,215,222
b3919,4439,5471,4664,5179,5660,5094,527,661,731
b3920,48,63,47,32,38,33,31,56,48
b3921,64,79,109,68,101,79,119,130,158
b3922,89,115,120,240,528,398,89,81,81
b3923,170,317,256,485,805,778,336,343,330
b3924,979,1110,819,642,662,658,204,255,235
b3925,394,450,460,325,311,261,325,393,449
b3926,651,784,542,2061,1308,1735,316,454,570
b3927,173,197,250,1145,656,920,121,165,226
b3928,2258,2897,2975,2614,2571,2909,1709,2017,1645
b3929,2233,2661,3654,2686,2972,3123,1017,1192,1219
b3930,131,168,183,137,122,88,176,186,180
b3931,1030,1371,1916,2007,2862,2231,443,516,467
b3932,356,410,759,657,868,682,208,221,277
b3933,742,906,868,618,629,531,804,1013,1128
b3934,748,797,1008,789,700,491,428,560,574
b3935,545,727,664,317,332,264,849,1022,1139
b3936,5103,6329,5689,3943,3775,3862,1628,1647,1360
b3937,130,176,419,165,156,206,421,456,523
b3938,799,1081,1803,1944,1613,2227,475,528,567
b3939,173,260,246,682,479,781,245,370,395
b3940,554,756,766,1309,1076,1217,1697,1834,2234
b3941,69,154,224,1404,855,1665,85,126,135
b3942,3852,5560,3876,9678,9866,11429,1314,1420,1532
b3943,184,210,228,186,207,157,292,325,337
b3944,2,16,33,3,3,8,55,60,93
b3945,1158,1512,3741,1384,1044,1518,167,185,176
b3946,28,43,41,33,58,54,11,26,19
b3947,12,31,12,75,55,92,38,61,40
b3949,12,6,5,15,26,15,59,41,46
b3950,2,3,2,6,6,4,9,11,10
b3951,60,81,49,146,134,128,108,121,137
b3952,13,20,23,30,21,32,35,54,58
b3953,6,11,9,16,13,15,13,27,26
b3954,97,105,130,87,83,59,55,85,109
b3955,288,357,360,235,313,226,296,309,410
b3956,2176,2893,3618,4473,4558,4756,865,1166,1083
b3957,339,399,372,382,387,354,333,393,392
b3958,29,44,52,55,39,56,98,132,142
b3959,28,57,46,103,93,84,89,124,111
b3960,125,205,206,445,554,481,423,456,508
b3961,2378,2851,3812,2028,1922,1774,1605,1725,1930
b3962,6760,6700,4324,1798,2142,1623,735,972,905
b3963,976,1119,1126,765,795,646,762,937,963
b3964,820,924,935,574,569,571,1136,1365,1428
b3965,792,1038,960,671,905,651,914,946,1212
b3966,815,920,1062,565,482,434,537,711,659
b3967,4,10,12,16,8,18,7,2,5
b3968,0,0,0,0,0,0,0,0,0
b3969,0,0,0,1,0,0,0,0,0
b3970,0,0,0,0,0,0,0,0,0
b3971,0,0,0,0,0,0,0,0,0
b3972,233,295,350,138,141,94,147,158,150
b3973,420,508,567,300,286,205,577,645,692
b3974,515,604,652,199,120,99,97,137,138
b3976,4,2,5,0,3,1,7,6,16
b3977,75,80,73,23,43,19,114,134,143
b3978,9,15,15,4,9,5,12,8,23
b3979,5,3,3,5,0,4,7,9,15
b3980,166,163,147,104,143,117,228,245,271
b3981,1624,2034,2206,1462,1787,1341,2550,2853,3157
b3982,1590,1965,2013,1482,1804,1446,4029,4263,5209
b3983,6164,7413,5992,4007,3877,3846,2008,2105,2428
b3984,14157,18335,14117,9990,9614,9826,7634,7879,9700
b3985,11649,14949,14725,8246,7937,7235,5016,5435,6494
b3986,7481,9543,9778,5689,5957,5618,5155,5456,6428
b3987,11372,16622,10694,17890,20492,18855,5727,6175,6241
b3988,16995,28053,13485,37338,38909,38904,6801,6998,7019
b3989,16,20,31,13,6,13,27,41,51
b3990,353,941,416,2048,1983,2219,193,228,251
b3991,190,565,215,1139,1222,1306,161,207,192
b3992,145,456,161,887,993,969,158,135,172
b3993,114,289,150,512,613,608,158,190,200
b3994,510,1036,782,1153,1484,1408,1033,1314,1397
b3995,1007,1187,1004,1194,1270,940,638,785,598
b3996,425,439,413,403,681,490,380,438,436
b3997,1319,1546,1581,1306,1375,1193,896,1027,1135
b3998,379,461,463,487,553,433,280,329,330
b3999,498,646,637,420,450,365,166,223,211
b4000,2467,2797,1880,1834,1625,1682,706,826,765
b4001,90,80,141,100,91,80,417,509,528
b4002,19,9,5,14,13,7,21,19,32
b4003,83,94,140,102,87,109,433,537,538
b4004,132,140,194,206,201,188,799,971,1066
b4005,993,1080,831,929,1274,930,407,505,476
b4006,1191,1373,1240,624,795,659,347,442,526
b4007,0,0,0,0,0,0,0,0,0
b4008,0,0,0,0,0,0,0,0,0
b4009,0,0,0,0,0,0,0,0,0
b4010,0,0,0,0,0,0,0,0,0
b4011,0,0,0,0,0,0,0,1,0
b4012,0,0,1,3,3,0,6,1,4
b4013,48,96,139,548,290,509,77,107,81
b4014,15880,20359,15622,29765,37548,32422,3723,4446,3688
b4015,30406,41707,18368,74590,76884,84146,3681,3846,2662
b4016,7012,9452,4269,15708,18152,17899,640,765,612
b4017,12,29,15,8,18,7,20,37,39
b4018,2466,2933,3388,3380,3294,3325,1123,1312,1078
b4019,1125,1412,1381,2588,2328,2144,823,985,1052
b4020,309,375,418,500,702,548,311,416,383
b4021,280,359,296,153,113,147,126,122,135
b4022,192,228,243,215,216,208,350,436,530
b4023,825,983,1720,510,550,565,147,218,197
b4024,135,153,209,231,261,198,441,672,652
b4025,3056,4010,3773,4605,5841,5583,562,703,622
b4026,99,108,119,67,60,61,58,65,82
b4027,4,7,2,1,2,0,46,44,41
b4028,3,2,5,0,2,0,27,69,50
b4029,59,99,69,67,110,66,242,273,336
b4030,35,100,57,48,41,43,276,316,372
b4031,22,41,32,65,80,48,249,318,333
b4032,166,345,221,277,167,279,113,125,122
b4033,135,322,128,245,133,305,77,99,120
b4034,2105,3500,3442,1987,871,2115,71,78,77
b4035,44,92,27,99,34,160,28,32,40
b4036,639,1223,381,887,388,945,92,94,129
b4037,142,211,106,191,137,250,48,36,61
b4038,8,5,2,2,4,5,15,29,36
b4039,339,365,372,325,495,403,543,634,519
b4040,464,486,484,601,816,554,920,1020,983
b4041,2919,3585,4054,2940,2829,2591,1768,2082,2057
b4042,254,294,309,196,214,211,247,404,357
b4043,8336,9537,10901,2801,3113,2891,2875,3649,3826
b4044,1038,1288,1179,337,413,273,1663,2071,1845
b4045,3847,6030,2843,5796,9356,8723,308,374,266
b4046,817,1016,1315,1124,938,1219,188,245,240
b4047,1,0,0,0,0,2,3,3,4
b4048,10,6,5,3,4,5,10,19,23
b4049,729,900,772,333,328,208,642,810,854
b4050,145,191,178,22,73,33,1072,1253,1226
b4051,829,1258,998,2061,2719,2599,306,408,361
b4052,1260,1647,1735,1047,934,802,662,804,898
b4053,670,744,670,606,590,540,955,1103,1205
b4054,397,529,889,552,538,541,286,397,367
b4055,498,666,866,951,777,553,234,259,303
b4056,400,632,892,1515,1825,1721,129,174,144
b4057,508,851,1176,1713,2044,1809,256,317,243
b4058,11568,14157,14836,4809,5391,4199,4032,4783,4960
b4059,1359,1404,1575,1167,1118,949,1266,1338,1667
b4060,56,81,142,109,183,134,688,675,747
b4061,183,272,145,269,380,257,140,172,195
b4062,594,828,648,152,673,508,540,893,701
b4063,46,66,57,37,61,47,510,540,514
b4064,346,356,421,141,206,143,972,1204,1301
b4065,466,557,551,711,845,794,462,493,519
b4066,7,18,2,2,18,1,19,30,19
b4067,4097,6261,581,3040,4851,3522,210,250,219
b4068,915,1459,111,422,813,507,37,40,31
b4069,16227,21306,1737,5231,9063,6360,1447,1662,987
b4070,67,63,427,472,27,525,188,222,266
b4071,12,20,137,75,4,117,63,54,68
b4072,12,11,139,84,7,70,30,62,67
b4073,17,16,333,95,13,109,94,109,119
b4074,25,30,130,38,25,37,69,95,90
b4075,3,0,10,2,1,2,12,13,14
b4076,4,7,21,11,1,5,22,26,19
b4077,643,602,382,366,607,347,1127,1425,1375
b4078,418,563,746,507,547,522,440,495,514
b4079,1025,1248,1040,636,612,686,293,280,430
b4080,8,12,10,10,6,6,64,74,96
b4081,14,7,9,6,3,5,60,85,67
b4082,0,1,2,2,1,0,25,47,20
b4083,2,3,6,0,4,1,38,85,66
b4084,39,28,27,31,25,23,97,98,92
b4085,19,20,4,16,14,9,18,27,18
b4086,10,5,7,7,0,5,17,44,21
b4087,24,26,14,7,5,11,68,91,72
b4088,114,138,98,57,48,42,100,114,132
b4089,487,613,572,568,423,403,392,473,447
b4090,24,16,14,25,20,19,47,68,57
b4092,90,99,81,76,129,80,117,125,132
b4093,27,62,38,29,42,40,31,29,37
b4094,4,3,7,8,8,9,13,21,25
b4095,14,5,6,6,8,10,31,24,30
b4096,6,3,8,10,15,9,31,6,23
b4097,6,3,2,4,6,2,13,25,21
b4098,0,2,2,2,4,3,5,12,10
b4099,0,3,0,5,3,5,10,16,16
b4100,2,0,0,0,1,1,7,7,2
b4101,2,1,0,0,0,0,1,1,2
b4102,3,0,1,0,0,3,7,9,12
b4104,0,1,0,1,2,1,13,10,20
b4105,2,2,1,0,4,3,23,28,31
b4106,3,3,3,0,1,0,5,11,13
b4107,96,152,117,265,350,294,26,30,29
b4108,212,278,288,111,122,111,118,133,140
b4109,104,134,181,74,119,69,281,409,332
b4110,11,29,34,17,18,9,108,135,110
b4111,1979,2491,1657,1141,1722,1111,6987,8493,7690
b4112,175,233,259,270,333,230,111,146,136
b4113,114,141,135,217,208,189,94,110,125
b4114,19,17,18,38,43,41,30,45,45
b4115,18,17,15,47,51,44,108,137,123
b4116,2,3,5,7,9,6,11,18,15
b4117,64,74,84,78,77,66,202,258,206
b4118,180,204,194,456,406,396,363,482,337
b4119,362,443,303,389,358,449,337,414,470
b4120,181,218,176,195,200,189,189,221,233
b4121,38,32,47,48,38,41,82,111,89
b4122,46,58,51,39,39,37,69,77,87
b4123,56,45,61,19,35,31,105,174,149
b4124,174,235,212,141,149,159,74,68,83
b4125,478,651,650,479,620,564,420,539,535
b4126,25,20,9,10,28,13,6,9,7
b4127,131,217,113,78,129,91,28,58,31
b4128,2,1,1,0,2,1,2,2,0
b4129,3286,4133,5294,6518,6809,7078,853,1097,976
b4130,20,33,40,42,54,28,122,140,183
b4131,13,25,19,5,4,7,100,143,106
b4132,4,5,7,8,4,4,125,160,158
b4133,44,56,170,46,45,47,53,49,61
b4134,1,2,0,4,3,3,2,1,1
b4135,786,1211,898,1309,1510,1128,160,201,215
b4136,525,761,909,589,658,622,185,213,210
b4137,133,177,221,109,106,110,23,47,38
b4138,5755,7886,17697,9286,8205,9911,2034,2573,2390
b4139,34692,40787,56299,54328,48207,49268,4961,6166,4982
b4140,548,672,1673,783,959,680,614,637,1048
b4141,77,111,121,100,115,61,190,253,298
b4142,777,925,1604,691,760,635,143,181,218
b4143,5332,6293,10104,9489,15138,12849,2882,2980,3298
b4144,932,1066,1020,965,882,966,614,774,673
b4145,16,19,29,1,4,4,107,148,164
b4146,664,866,796,552,444,351,282,294,350
b4147,1656,1819,1886,975,981,785,909,883,981
b4148,577,717,689,449,540,371,525,624,696
b4149,424,583,332,774,916,823,74,78,70
b4150,100,109,176,51,64,45,68,94,115
b4151,428,549,967,461,677,604,152,172,206
b4152,365,425,901,314,399,371,59,77,64
b4153,881,997,2132,753,905,928,119,146,192
b4154,3940,4524,9709,3862,3848,4391,608,792,826
b4155,174,242,297,131,141,119,491,607,581
b4156,62,93,117,44,109,41,994,1211,1199
b4157,2,5,4,4,7,5,53,81,69
b4158,13,17,26,5,6,7,211,240,235
b4159,686,987,792,774,998,764,604,757,714
b4160,1156,1452,1274,980,1074,916,630,752,806
b4161,1279,1340,1697,1292,1184,1090,1289,1482,1667
b4162,574,704,781,410,430,311,161,198,212
b4163,162,242,360,229,201,161,124,71,184
b4164,0,0,0,0,0,0,0,0,0
b4165,6,11,21,4,3,5,8,9,16
b4166,662,781,828,435,463,361,189,205,211
b4167,548,817,776,1441,2295,1961,1051,1236,1335
b4168,110,167,136,177,257,248,98,107,128
b4169,559,821,820,1058,1501,1077,1186,1248,1474
b4170,1122,1437,1574,1617,1952,1516,1265,1458,1615
b4171,3108,4490,6042,3691,5030,4110,1732,1907,2337
b4172,2568,3061,3628,2188,2751,2300,556,596,763
b4173,2819,3647,4095,3537,4798,3480,907,1116,1257
b4174,3564,4731,3533,4786,6828,4950,2520,2979,3298
b4175,1929,2721,1881,2941,4196,3111,1609,1795,2106
b4176,10,14,10,9,13,11,5,7,8
b4177,10864,17637,27165,25138,19113,25530,6262,7196,8110
b4178,304,389,425,247,377,319,387,532,499
b4179,4593,5880,5810,5243,5771,5248,4538,6164,5423
b4180,736,893,897,584,631,545,870,1114,964
b4181,1,1,1,0,0,0,12,20,13
b4182,4,8,5,5,4,4,130,169,163
b4183,5,5,3,0,1,1,39,54,38
b4184,0,0,0,2,0,1,49,49,39
b4185,0,1,1,4,2,1,125,127,114
b4186,12,12,6,7,16,13,276,340,329
b4187,814,2161,792,8762,14365,10573,324,409,422
b4188,1318,1871,2220,2727,3051,2302,628,962,679
b4189,2331,3144,3239,6044,5821,4195,944,1402,1013
b4190,94,132,138,159,151,210,120,137,165
b4191,135,138,152,154,137,121,378,429,400
b4192,31,19,34,35,31,54,65,83,97
b4193,17,20,18,21,24,37,58,63,58
b4194,1,1,5,7,7,8,4,3,4
b4195,12,20,5,10,21,25,17,14,16
b4196,40,64,47,55,53,50,80,107,118
b4197,32,33,27,46,42,41,148,172,181
b4198,27,63,29,42,38,49,147,175,200
b4199,15,48,24,27,78,41,27,49,39
b4200,5348,7165,5259,4055,3120,3547,2461,2696,3090
b4201,865,1100,652,625,521,584,345,393,450
b4202,386,456,321,330,336,374,215,214,233
b4203,6010,7246,5251,4061,3691,4292,2612,2787,3179
b4204,2,4,5,1,0,3,37,49,83
b4205,2,2,3,0,0,0,69,94,93
b4206,895,1143,1164,1062,962,1007,578,649,695
b4207,1208,1364,1029,483,450,324,493,625,700
b4208,2528,3354,1562,1447,2104,1423,4811,6120,5665
b4209,108,48,5827,105,26,1131,720,592,839
b4210,175,200,159,100,138,108,280,317,307
b4211,95,149,180,119,131,114,98,134,126
b4212,92,126,146,160,177,138,385,459,422
b4213,397,453,460,474,428,424,390,524,423
b4214,899,1437,1023,1546,2387,1907,547,630,591
b4215,8,14,13,9,13,10,30,44,53
b4216,662,816,607,797,924,638,198,271,235
b4217,6157,8222,6061,9366,18644,12532,4132,4761,3661
b4218,613,701,835,533,524,427,445,492,446
b4219,404,650,629,673,842,810,279,333,299
b4220,270,378,405,379,453,417,503,577,608
b4221,741,1024,748,1130,1494,1116,1484,1748,1918
b4222,271,322,354,233,276,254,494,570,617
b4224,5,14,11,29,41,19,103,110,64
b4225,38,65,51,113,123,128,296,345,286
b4226,4287,4871,4573,1749,1799,1327,437,568,677
b4227,867,1217,612,1325,1629,1712,519,588,432
b4230,118,221,88,250,350,307,92,125,121
b4231,201,297,205,292,394,328,101,141,137
b4232,4805,5625,4977,2022,2053,2029,1264,1495,1840
b4233,1736,1960,2135,1205,1171,1012,1744,1981,2122
b4234,1032,1382,1281,1085,1302,1125,601,740,790
b4235,1470,1860,1950,1878,2089,1961,562,626,619
b4236,259,299,377,218,272,219,149,162,208
b4237,41,84,157,96,140,108,43,47,86
b4238,631,989,1554,1524,2165,1943,383,470,434
b4239,48,68,65,120,139,109,50,79,77
b4240,94,97,158,135,187,131,268,354,335
b4241,352,399,629,302,222,248,376,443,450
b4242,94,111,147,99,126,80,1461,1493,1884
b4243,7402,7210,4322,5242,4563,5537,575,617,561
b4244,3176,2255,536,431,280,589,74,79,97
b4245,4529,3316,864,573,431,691,62,76,74
b4246,24,34,43,21,31,15,23,38,54
b4248,65,82,60,29,70,53,33,42,48
b4249,39,45,43,16,36,23,112,161,142
b4251,71,82,52,59,76,43,64,73,73
b4252,140,177,183,210,252,216,116,151,149
b4253,35,45,33,28,42,23,102,121,86
b4254,7,8,12,11,14,3,49,53,44
b4255,5700,7067,7464,4237,5037,5227,2510,2949,2557
b4256,58,80,131,64,85,80,281,322,345
b4257,4,3,5,0,2,3,23,30,49
b4258,3096,3973,2785,4578,5896,4711,2578,3140,3639
b4259,159,213,157,267,375,281,117,168,134
b4260,1659,2189,1642,2878,3482,2948,2600,3212,3218
b4261,899,1013,1355,774,1134,839,1693,1839,1913
b4262,744,965,1020,1096,1449,1065,1850,2207,2321
b4263,793,1032,566,865,1320,956,522,561,538
b4264,65,55,118,31,47,46,76,101,110
b4265,50,44,118,41,39,48,104,152,119
b4266,15,32,13,34,15,21,59,74,57
b4267,9,16,11,23,25,31,59,58,57
b4268,11,8,9,10,8,15,164,192,185
b4269,476,637,296,810,1399,1083,158,206,209
b4270,5,3,3,0,0,0,10,9,11
b4271,269,369,326,169,256,172,496,482,600
b4272,0,0,2,0,0,0,4,6,15
b4273,1,2,1,2,0,0,26,21,42
b4277,4,8,18,6,4,4,136,146,173
b4278,96,119,122,63,79,70,397,449,509
b4279,20,45,31,37,36,30,23,38,33
b4280,106,120,130,89,126,114,46,59,58
b4281,0,19,13,12,9,4,47,81,75
b4282,3,1,2,1,1,0,101,78,129
b4284,5,5,1,0,3,1,9,10,7
b4286,5,7,5,1,3,7,26,49,28
b4287,97,110,100,121,39,55,47,90,78
b4288,42,89,61,101,60,61,58,71,81
b4289,129,142,97,155,57,83,91,104,111
b4290,382,307,309,414,177,219,222,234,360
b4291,1781,1577,1604,1837,576,845,340,390,490
b4292,81,60,69,110,98,72,169,186,187
b4293,62,78,67,115,101,99,88,100,141
b4294,8,4,2,9,12,15,36,31,29
b4295,674,925,1054,1024,1101,1104,1865,2130,2004
b4296,17,13,17,4,6,6,236,275,264
b4297,73,125,135,105,145,143,341,443,447
b4298,27,34,22,9,23,18,174,235,225
b4299,14,16,19,12,13,15,61,67,82
b4300,40,57,47,48,40,50,35,53,42
b4301,47,51,43,49,64,52,28,30,42
b4302,25,32,10,47,50,50,22,36,24
b4303,35,24,28,72,77,77,61,90,56
b4304,29,48,48,154,128,149,92,116,90
b4305,48,79,68,119,102,119,314,444,333
b4306,113,146,151,55,49,52,1147,1615,1079
b4307,51,84,107,29,30,30,699,1034,720
b4308,13,11,11,1,3,5,192,242,255
b4309,3,2,7,2,4,2,29,27,33
b4310,31,27,27,19,37,26,189,229,222
b4311,4,12,7,1,0,0,11,15,14
b4312,15,21,9,7,11,6,52,80,86
b4313,13,7,13,8,9,5,24,40,28
b4314,468,586,323,1008,1233,1210,465,607,697
b4315,30,29,20,118,143,120,101,126,158
b4316,13,9,7,32,73,45,78,95,103
b4317,18,26,11,44,86,59,880,1013,938
b4318,9,12,4,10,12,5,114,132,129
b4319,5,3,2,6,14,6,86,69,73
b4320,37,37,57,33,76,38,229,284,277
b4321,50,53,51,103,97,102,3548,3857,3730
b4322,187,190,191,322,236,322,2644,2760,2654
b4323,192,191,246,418,364,417,1913,2101,1911
b4324,547,636,905,873,960,1022,1624,1783,2020
b4325,6,4,2,5,1,4,15,26,12
b4326,18,25,18,71,81,71,78,96,87
b4327,126,189,136,87,134,78,245,315,344
b4328,307,346,188,185,230,150,331,418,476
b4329,13,18,4,4,15,7,8,18,18
b4330,31,27,11,10,35,10,22,52,36
b4331,306,420,504,247,223,230,170,202,208
b4332,37,37,31,21,42,27,233,258,303
b4333,10,23,23,15,9,9,56,59,57
b4334,23,38,24,117,111,137,55,118,101
b4335,120,114,115,311,427,389,199,263,239
b4336,112,206,185,364,508,312,158,189,194
b4337,92,116,271,178,200,126,369,395,361
b4339,69,87,78,56,44,43,101,129,115
b4340,248,239,258,50,104,54,1309,1660,1701
b4341,0,0,0,1,0,0,9,12,10
b4342,57,60,88,22,24,17,182,260,218
b4345,36,41,27,23,22,23,23,34,28
b4346,116,115,120,84,92,88,68,58,77
b4347,27,27,48,13,11,17,116,146,149
b4348,200,239,120,147,144,110,23,31,24
b4349,478,568,450,316,354,260,338,415,438
b4350,3567,3756,4145,4938,4373,4672,480,603,530
b4351,154,195,218,273,257,350,616,719,800
b4352,228,296,317,273,262,211,82,108,106
b4353,1,0,1,1,3,2,0,0,3
b4354,98,118,102,515,516,611,348,425,338
b4355,95,109,100,88,120,99,810,1009,1011
b4356,144,109,211,107,122,77,313,385,401
b4357,62,58,92,270,212,236,150,203,145
b4358,2,5,3,2,7,7,125,127,129
b4359,690,818,748,899,773,871,1065,1355,1527
b4360,258,362,348,123,163,100,148,201,191
b4361,394,553,574,338,342,337,232,275,293
b4362,363,536,532,335,373,359,248,293,283
b4363,21,28,56,28,40,28,25,43,21
b4364,86,102,136,44,47,46,83,133,150
b4365,3,1,5,0,0,1,51,84,73
b4366,7,16,37,9,11,6,68,129,132
b4367,526,563,545,1209,705,807,1042,1190,1417
b4368,22,6,28,3,0,2,56,54,79
b4369,0,0,0,0,0,0,0,0,0
b4370,0,0,1,0,0,0,8,13,9
b4371,731,903,732,396,336,305,726,800,885
b4372,131,166,174,72,106,73,373,354,444
b4373,78,99,87,66,79,32,224,225,245
b4374,335,419,331,321,383,327,395,504,558
b4375,1254,1470,1090,749,796,582,947,1167,1203
b4376,4545,6992,2548,8037,13505,10862,1207,1518,1620
b4377,166,299,288,667,828,728,496,620,599
b4378,102,198,162,531,551,496,382,451,472
b4379,171,228,544,177,103,173,70,79,90
b4380,611,728,1063,731,430,697,43,69,72
b4381,836,1331,2050,1119,1352,1330,363,572,434
b4382,1199,1859,2795,1787,2259,2132,265,377,326
b4383,4119,5846,6347,6729,8770,8576,2109,2426,2328
b4384,2739,3996,3098,4058,5457,4995,389,488,451
b4385,115,173,209,205,258,229,1988,2328,2618
b4386,246,291,264,269,257,251,194,217,241
b4387,85,124,118,118,110,92,149,188,203
b4388,274,417,336,354,350,295,1016,1104,1179
b4389,426,517,372,657,734,591,1001,1236,1190
b4390,584,913,488,1489,1958,1571,304,402,401
b4391,3118,4018,2799,3665,3999,3802,1232,1485,1603
b4392,1319,1654,1387,1481,1759,1476,650,804,811
b4393,215,370,376,462,581,548,90,129,151
b4394,183,188,207,145,146,115,450,497,577
b4395,438,596,742,625,581,549,650,885,907
b4396,4182,5421,5470,5421,5055,5696,2336,2799,2666
b4397,99,167,156,93,108,68,264,390,324
b4398,39,49,54,67,57,61,244,297,294
b4399,69,116,88,137,122,110,490,678,599
b4400,52,78,88,67,71,38,291,341,315
b4401,7222,9385,7514,7019,11770,8031,6372,6944,7481
b4402,23,56,57,34,68,53,24,25,29
b4403,126,172,189,76,119,72,95,143,97
b4406,125,123,207,168,241,208,231,285,293
b4407,0,0,0,0,2,3,0,0,0
b4408,39988,49622,71442,47015,60311,45020,42814,49764,39324
b4409,54,38,57,35,80,75,80,81,83
b4410,4,5,3,4,4,4,8,4,7
b4411,364,568,290,582,1032,701,56,63,76
b4412,0,0,0,0,0,0,0,0,0
b4413,20,29,34,13,21,20,64,62,78
b4414,6,15,12,25,43,24,27,12,24
b4415,1,1,3,0,1,2,13,15,18
b4417,3,5,10,0,0,0,71,72,95
b4418,2,3,5,4,2,2,22,47,35
b4419,0,0,0,0,0,1,1,2,0
b4420,0,0,3,0,2,2,4,4,7
b4421,0,0,0,0,1,0,1,0,0
b4422,0,2,0,0,0,1,0,1,0
b4423,0,0,0,0,0,0,0,1,0
b4424,0,2,1,0,2,0,1,1,0
b4425,0,0,0,0,0,0,0,0,0
b4426,7,8,13,8,7,7,74,95,96
b4427,0,0,0,0,0,0,7,11,6
b4428,4,5,4,2,0,1,4,5,7
b4429,98,112,134,104,155,118,226,291,250
b4430,18,16,46,17,14,26,2,5,4
b4431,2,3,1,0,2,0,6,6,13
b4432,458,533,549,355,409,433,2246,1898,1509
b4433,8,14,10,7,22,18,12,3,7
b4435,0,1,0,0,1,0,19,15,18
b4436,69,74,89,66,52,43,88,104,91
b4437,52,98,86,42,32,25,109,123,135
b4438,1,7,2,2,1,2,5,17,24
b4439,2,16,15,2,6,7,2,8,7
b4440,276,317,355,106,169,115,3809,3812,3552
b4441,13,11,14,10,15,17,28,25,29
b4442,7,5,9,11,15,17,262,317,345
b4443,622,983,2088,1251,1671,1626,2380,2007,2134
b4444,2,3,3,1,4,4,0,1,2
b4445,4,10,5,8,20,10,27,18,24
b4446,71,94,155,116,140,129,404,469,389
b4447,17,27,37,24,19,14,214,259,257
b4449,2,2,2,1,4,1,2,0,6
b4450,19,26,23,20,16,11,13,22,31
b4451,0,0,0,0,1,3,4,7,10
b4452,6,9,10,42,71,42,14,4,10
b4453,90,87,88,93,100,96,255,313,391
b4454,26,11,18,19,30,30,47,56,88
b4455,0,0,0,0,0,0,0,0,0
b4456,78,96,115,79,113,97,490,388,497
b4457,2330,4022,2329,4407,7107,5818,13719,14984,12096
b4458,1,4,1,1,0,0,11,12,27
b4459,5,3,5,3,1,3,8,5,8
b4460,72,91,70,154,166,202,142,163,163
b4461,284,396,391,278,315,265,224,243,292
b4462,3,6,3,0,2,2,13,27,27
b4463,7,18,12,12,19,20,117,127,150
b4464,126,148,76,99,80,100,199,207,274
b4465,10,7,14,9,8,2,128,136,167
b4466,115,141,198,205,259,213,530,674,729
b4467,651,1451,428,401,595,462,201,249,236
b4468,522,1016,348,331,423,348,111,139,155
b4469,1622,2054,1925,791,701,591,1382,1640,1781
b4470,68,44,83,68,57,63,1361,2166,1737
b4471,233,309,2672,105,66,57,127,143,218
b4472,679,909,852,872,1064,875,1062,1354,1320
b4473,163,203,247,135,203,164,340,434,436
b4474,17,26,21,17,16,16,37,48,32
b4475,76,108,130,186,259,165,568,687,693
b4476,41,38,36,53,72,49,244,325,348
b4477,18,23,54,64,56,45,36,38,41
b4478,46,47,99,89,113,102,48,67,44
b4479,72,109,200,152,176,229,177,217,206
b4480,161,133,184,161,146,177,282,300,278
b4481,145,189,171,173,199,148,256,327,272
b4482,12,2,19,5,4,10,48,59,70
b4483,252,284,332,173,172,143,374,432,442
b4484,6022,9578,12268,730,2237,1279,2945,2881,3945
b4485,310,419,193,515,660,625,237,302,239
b4486,106,147,217,87,101,105,900,1137,1040
b4487,311,309,450,232,187,227,536,668,713
b4488,154,206,229,348,341,316,1640,2314,2017
b4490,126,151,108,227,169,157,1556,1775,1896
b4491,35,35,22,15,19,19,403,494,487
b4492,445,516,809,437,593,485,9840,10566,11894
b4493,7489,10085,7664,5388,6975,4835,1448,1823,1779
b4494,5,4,4,5,3,4,14,16,26
b4495,0,0,0,1,0,0,6,16,9
b4496,136,246,291,250,350,196,145,187,189
b4497,5,0,2,5,3,2,47,49,42
b4498,778,1046,1482,982,1036,946,246,328,316
b4499,54,35,42,13,15,13,325,414,459
b4500,81,77,108,76,74,66,488,645,651
b4501,6,6,12,3,5,11,60,65,47
b4502,51,90,67,9,8,5,123,149,158
b4503,1,0,3,3,0,0,8,24,19
b4504,0,0,0,0,0,0,0,0,1
b4505,40,48,57,62,85,70,79,91,93
b4506,2,1,5,3,4,2,1,4,11
b4508,3,4,3,2,4,1,30,37,48
b4509,0,0,0,0,0,0,0,0,0
b4510,0,0,0,0,0,0,0,0,0
b4511,0,0,0,1,1,0,0,1,0
b4512,622,938,411,1204,1354,1187,421,617,471
b4513,0,0,0,0,0,0,1,1,0
b4514,0,0,1,0,1,2,0,1,2
b4515,0,0,0,0,0,0,0,0,0
b4516,0,0,2,0,0,0,6,1,8
b4517,6,2,12,1,2,0,66,83,86
b4518,779,1880,858,2727,4488,3588,221,256,224
b4519,3,1,0,0,0,0,12,23,14
b4520,2,1,3,3,4,4,16,26,29
b4521,1,1,1,0,3,1,12,12,10
b4522,17,13,17,4,9,5,16,17,14
b4523,128,171,169,50,74,50,43,37,55
b4524,9,13,9,4,7,3,18,31,9
b4525,7,7,1,4,3,8,0,0,0
b4526,0,1,0,0,0,0,0,0,1
b4527,2,12,3,1,0,6,23,28,55
b4528,0,0,0,0,0,0,0,0,0
b4529,633,670,661,1155,1351,1134,228,297,235
b4532,16,29,21,17,15,13,23,27,14
b4533,2,0,0,2,0,0,0,1,0
b4535,66,64,51,41,36,29,12,31,26
b4536,345,384,368,85,86,80,154,181,183
b4537,73,83,80,17,29,23,76,99,126
b4538,20,29,51,13,19,6,18,38,40
b4539,28,40,45,79,73,73,367,390,379
b4541,2,3,3,0,0,0,4,11,17
b4542,263,234,139,89,108,92,158,163,186
b4543,40,50,29,26,33,23,28,29,46
b4544,7,2,6,8,11,5,8,9,9
b4545,0,0,0,0,0,0,0,0,0
b4546,8,16,10,22,38,56,67,56,75
b4547,97,169,126,239,355,192,211,239,219
b4548,0,0,0,0,0,0,0,1,0
b4550,16,16,34,9,19,7,7,12,24
b4551,31,54,66,33,42,42,23,34,31
b4552,0,0,0,0,0,0,0,0,0
b4553,42,56,61,41,36,19,109,128,145
b4554,1508,2153,2813,1812,2757,2392,1607,1804,1474
b4555,16,22,23,22,18,11,30,29,46
b4556,24,15,35,15,16,12,93,117,141
b4557,9,9,7,5,4,4,6,14,2
b4558,326,403,353,547,484,462,136,175,164
b4559,0,3,0,0,0,0,6,9,13
b4561,6,6,11,13,6,17,8,7,14
b4565,2,7,4,7,10,10,4,6,2
b4566,56,65,91,32,26,22,85,131,95
b4567,6,4,4,6,10,1,14,22,17
b4568,817,1451,797,1132,1786,1357,136,178,157
b4569,11,5,5,9,4,4,11,19,11
b4570,5,9,16,6,8,7,88,100,92
b4571,290,704,667,539,534,539,161,177,153
b4572,23,16,16,25,28,17,124,157,159
b4573,57,91,79,31,25,29,95,126,139
b4575,487,576,652,410,557,424,725,840,839
b4576,5,8,14,7,6,3,57,64,56
b4577,0,2,0,0,0,0,0,1,1
b4578,3,6,11,6,2,1,35,26,42
b4579,1,0,0,1,3,0,16,27,20
b4580,36,76,84,51,55,43,551,664,709
b4581,116,179,215,377,401,348,487,649,645
b4582,55,78,69,60,81,67,101,113,113
b4585,15,12,35,19,19,8,111,96,132
b4586,0,1,1,0,1,2,3,7,6
b4587,50,87,74,77,78,51,122,133,142
b4588,0,0,0,0,1,1,0,0,1
b4589,1,2,7,4,3,1,1,2,1
b4590,0,0,0,0,0,0,4,5,6
b4592,0,2,0,1,2,2,0,0,0
b4593,0,0,1,0,0,0,2,4,1
b4594,0,0,1,0,2,0,1,11,7
b4595,208,227,282,85,125,100,115,125,134
b4596,37,34,29,31,29,28,34,33,28
b4597,3,16,14,2,3,8,29,36,35
b4598,180,237,144,67,65,48,58,69,79
b4599,35,44,51,33,44,21,439,357,359
b4600,13,13,30,11,9,6,779,951,935
b4601,0,0,0,188,187,181,0,4,4
b4602,43,91,85,81,103,78,110,194,192
b4603,0,0,0,0,0,0,1,1,5
b4606,546,479,476,146,229,250,209,240,191
b4608,0,0,0,0,0,0,22,22,11
b4609,0,0,0,0,0,0,0,0,0
b4611,6,11,11,7,7,11,29,25,22
b4613,1217,1612,1514,320,516,365,6711,5827,6015
b4614,0,0,1,0,0,0,27,20,29
b4615,1,2,0,0,3,0,3,5,6
b4616,5,3,2,2,7,1,2,6,9
b4618,1474,1954,1970,678,970,829,26977,31907,35288
b4620,6,9,8,12,13,7,20,36,34
b4621,0,1,1,1,0,0,1,0,0
b4622,1,0,1,0,0,0,1,1,0
b4623,13,21,22,12,8,10,134,142,151
b4624,106,207,252,192,195,235,524,646,576
b4625,3,9,5,4,3,3,55,50,62
b4626,0,4,2,0,1,2,3,3,3
b4627,0,0,0,0,0,0,0,0,0
b4628,0,0,0,0,0,0,0,0,0
b4629,6,4,6,4,1,0,143,122,160
b4630,0,0,0,0,0,0,3,7,6
b4631,0,2,3,0,0,0,26,34,35
b4632,4,2,5,0,2,0,57,76,61
b4633,0,0,0,0,0,0,0,0,0
b4634,0,2,2,0,3,0,2,4,4
b4635,5,0,1,0,3,0,65,75,77
b4636,0,0,1,0,0,0,0,3,2
b4637,34,29,31,16,14,11,12,5,5
b4638,52,56,86,14,24,11,22,33,52
b4639,7,12,36,3,1,3,50,56,81
b4640,19,37,93,20,27,25,417,467,464
b4641,29,49,85,25,37,18,356,307,359
b4642,47,48,49,22,13,13,89,145,110
b4643,0,2,2,0,1,0,18,11,11
b4644,3,0,0,0,0,1,4,2,10
b4645,23,35,23,8,9,11,158,194,133
b4646,4,13,17,2,4,3,18,25,18
b4647,0,0,0,0,0,0,0,1,0
b4648,4,4,3,7,9,2,27,44,59
b4649,4,0,0,0,1,0,9,7,14
b4650,0,0,1,0,0,0,0,3,0
b4651,2,0,1,0,3,1,6,3,3
b4652,3,0,2,1,1,0,5,7,0
b4653,0,1,0,0,0,0,12,12,20
b4654,0,0,2,0,0,0,0,5,3
b4655,3,0,0,0,0,0,26,20,21
b4656,238,376,377,291,320,370,424,622,375
b4657,2,2,6,1,2,0,8,16,24
b4658,207,303,198,639,822,610,67,83,76
b4659,202,211,251,118,157,114,131,182,205
b4660,9,9,48,10,29,23,7,15,15
b4661,111,110,214,62,109,79,574,713,662
b4662,0,0,0,0,0,0,0,0,0
b4663,13,25,7,0,4,7,9,15,8
b4664,0,0,1,0,0,0,0,2,0
b4665,3,2,6,1,4,1,19,14,14
b4666,3,6,2,2,4,6,8,11,13
b4667,11,27,32,13,17,4,37,44,27
b4668,7,13,19,4,3,1,15,24,36
b4669,0,0,0,0,0,0,0,0,0
b4670,14,15,32,5,6,4,73,111,119
b4671,1,0,0,0,3,0,13,10,8
b4672,7,12,17,13,6,4,35,50,68
b4673,0,0,0,0,0,0,0,0,0
b4674,0,1,0,0,0,0,4,1,2
b4675,8,4,5,1,1,0,9,12,22
b4676,0,0,0,0,0,0,0,0,0
b4677,3,5,3,6,2,3,12,11,24
b4678,1,3,0,2,1,0,1,3,0
b4679,52,81,98,162,230,137,32,34,54
b4680,135,170,123,32,58,42,136,86,109
b4682,0,1,0,0,0,0,0,3,2
b4683,0,0,0,0,0,0,0,0,0
b4684,1,0,0,0,0,0,0,0,0
b4685,4,1,6,1,0,0,1,0,0
b4686,242,260,369,258,251,194,316,341,375
b4687,109,158,154,35,79,61,1997,1652,1613
b4688,9,11,15,16,18,17,2,5,11
b4689,0,0,0,0,0,0,0,0,0
b4690,60,83,48,42,61,47,167,193,213
b4691,47,56,68,106,136,129,31,36,49
b4692,1,0,0,2,2,0,2,4,6
b4693,1,5,1,13,26,14,35,57,40
b4694,13,34,30,14,23,20,41,44,68
b4695,0,0,0,0,0,0,0,0,0
b4696,255,240,281,280,363,367,1587,1777,1653
b4697,0,0,1,0,0,0,0,1,0
b4698,2,0,1,0,0,0,9,3,5
b4699,1,2,0,3,3,3,17,24,17
b4700,1,2,0,0,2,2,4,4,5
b4701,0,0,0,3,0,0,17,14,15
b4702,26,29,54,19,19,29,45,44,39
b4703,21,32,12,39,28,22,178,258,228
b4704,32,120,79,720,1299,934,3,3,3
b4705,331,392,299,465,691,691,1557,1692,1212
b4706,0,0,0,0,0,0,0,0,0
b4707,0,0,0,0,0,0,0,0,0
b4708,4,4,2,3,4,5,3,11,12
b4712,42,30,40,29,31,40,11,24,23
b4713,0,1,1,2,1,1,8,5,15
b4714,0,0,0,0,0,1,9,17,21
